ISO-10303-21;
HEADER;
FILE_DESCRIPTION(('KiCad electronic assembly'),'2;1');
FILE_NAME('max9814-reference.step','2026-10-08T18:21:07',('Pcbnew'),(
    'Kicad'),'Open CASCADE STEP processor 7.9','KiCad to STEP converter'
  ,'Unknown');
FILE_SCHEMA(('AUTOMOTIVE_DESIGN { 1 0 10303 214 1 1 1 1 }'));
ENDSEC;
DATA;
#1 = APPLICATION_PROTOCOL_DEFINITION('international standard',
  'automotive_design',2000,#2);
#2 = APPLICATION_CONTEXT(
  'core data for automotive mechanical design processes');
#3 = SHAPE_DEFINITION_REPRESENTATION(#4,#10);
#4 = PRODUCT_DEFINITION_SHAPE('','',#5);
#5 = PRODUCT_DEFINITION('design','',#6,#9);
#6 = PRODUCT_DEFINITION_FORMATION('','',#7);
#7 = PRODUCT('max9814-reference 1','max9814-reference 1','',(#8));
#8 = PRODUCT_CONTEXT('',#2,'mechanical');
#9 = PRODUCT_DEFINITION_CONTEXT('part definition',#2,'design');
#10 = SHAPE_REPRESENTATION('',(#11,#15,#19,#23,#27,#31,#35,#39,#43,#47,
    #51,#55,#59,#63,#67),#71);
#11 = AXIS2_PLACEMENT_3D('',#12,#13,#14);
#12 = CARTESIAN_POINT('',(0.,0.,0.));
#13 = DIRECTION('',(0.,0.,1.));
#14 = DIRECTION('',(1.,0.,-0.));
#15 = AXIS2_PLACEMENT_3D('',#16,#17,#18);
#16 = CARTESIAN_POINT('',(24.003,-2.158999,1.595));
#17 = DIRECTION('',(0.,0.,1.));
#18 = DIRECTION('',(1.,0.,0.));
#19 = AXIS2_PLACEMENT_3D('',#20,#21,#22);
#20 = CARTESIAN_POINT('',(7.239,-6.984999,1.595));
#21 = DIRECTION('',(0.,0.,1.));
#22 = DIRECTION('',(1.,0.,0.));
#23 = AXIS2_PLACEMENT_3D('',#24,#25,#26);
#24 = CARTESIAN_POINT('',(17.907,-3.556,-8.5E-02));
#25 = DIRECTION('',(-1.224646799147E-16,-1.359631073447E-32,-1.));
#26 = DIRECTION('',(1.110223024625E-16,-1.,0.));
#27 = AXIS2_PLACEMENT_3D('',#28,#29,#30);
#28 = CARTESIAN_POINT('',(8.382,-3.809999,-8.5E-02));
#29 = DIRECTION('',(0.,-1.224646799147E-16,-1.));
#30 = DIRECTION('',(1.,0.,0.));
#31 = AXIS2_PLACEMENT_3D('',#32,#33,#34);
#32 = CARTESIAN_POINT('',(20.193,-7.619999,-8.5E-02));
#33 = DIRECTION('',(-1.224646799147E-16,-1.359631073447E-32,-1.));
#34 = DIRECTION('',(1.110223024625E-16,-1.,0.));
#35 = AXIS2_PLACEMENT_3D('',#36,#37,#38);
#36 = CARTESIAN_POINT('',(8.382,-8.000999,-8.5E-02));
#37 = DIRECTION('',(0.,-1.224646799147E-16,-1.));
#38 = DIRECTION('',(1.,0.,0.));
#39 = AXIS2_PLACEMENT_3D('',#40,#41,#42);
#40 = CARTESIAN_POINT('',(20.193,-3.556,-8.5E-02));
#41 = DIRECTION('',(-1.224646799147E-16,-1.359631073447E-32,-1.));
#42 = DIRECTION('',(1.110223024625E-16,-1.,0.));
#43 = AXIS2_PLACEMENT_3D('',#44,#45,#46);
#44 = CARTESIAN_POINT('',(9.144,-12.065,-8.5E-02));
#45 = DIRECTION('',(0.,-1.224646799147E-16,-1.));
#46 = DIRECTION('',(1.,0.,0.));
#47 = AXIS2_PLACEMENT_3D('',#48,#49,#50);
#48 = CARTESIAN_POINT('',(8.382,-5.841999,-8.5E-02));
#49 = DIRECTION('',(1.499759782662E-32,1.224646799147E-16,-1.));
#50 = DIRECTION('',(-1.,1.224646799147E-16,0.));
#51 = AXIS2_PLACEMENT_3D('',#52,#53,#54);
#52 = CARTESIAN_POINT('',(13.589,-7.746999,-8.5E-02));
#53 = DIRECTION('',(0.,-1.224646799147E-16,-1.));
#54 = DIRECTION('',(1.,0.,0.));
#55 = AXIS2_PLACEMENT_3D('',#56,#57,#58);
#56 = CARTESIAN_POINT('',(17.907,-8.127999,-8.5E-02));
#57 = DIRECTION('',(1.224646799147E-16,-1.359631073447E-32,-1.));
#58 = DIRECTION('',(1.110223024625E-16,1.,0.));
#59 = AXIS2_PLACEMENT_3D('',#60,#61,#62);
#60 = CARTESIAN_POINT('',(14.478,-3.556,-8.5E-02));
#61 = DIRECTION('',(-1.224646799147E-16,-1.359631073447E-32,-1.));
#62 = DIRECTION('',(1.110223024625E-16,-1.,0.));
#63 = AXIS2_PLACEMENT_3D('',#64,#65,#66);
#64 = CARTESIAN_POINT('',(12.319,-3.556,-8.5E-02));
#65 = DIRECTION('',(1.224646799147E-16,-1.359631073447E-32,-1.));
#66 = DIRECTION('',(1.110223024625E-16,1.,0.));
#67 = AXIS2_PLACEMENT_3D('',#68,#69,#70);
#68 = CARTESIAN_POINT('',(0.,0.,0.));
#69 = DIRECTION('',(0.,0.,1.));
#70 = DIRECTION('',(1.,0.,-0.));
#71 = ( GEOMETRIC_REPRESENTATION_CONTEXT(3) 
GLOBAL_UNCERTAINTY_ASSIGNED_CONTEXT((#75)) GLOBAL_UNIT_ASSIGNED_CONTEXT(
(#72,#73,#74)) REPRESENTATION_CONTEXT('Context #1',
  '3D Context with UNIT and UNCERTAINTY') );
#72 = ( LENGTH_UNIT() NAMED_UNIT(*) SI_UNIT(.MILLI.,.METRE.) );
#73 = ( NAMED_UNIT(*) PLANE_ANGLE_UNIT() SI_UNIT($,.RADIAN.) );
#74 = ( NAMED_UNIT(*) SI_UNIT($,.STERADIAN.) SOLID_ANGLE_UNIT() );
#75 = UNCERTAINTY_MEASURE_WITH_UNIT(LENGTH_MEASURE(1.E-07),#72,
  'distance_accuracy_value','confusion accuracy');
#76 = PRODUCT_RELATED_PRODUCT_CATEGORY('part',$,(#7));
#77 = SHAPE_DEFINITION_REPRESENTATION(#78,#84);
#78 = PRODUCT_DEFINITION_SHAPE('','',#79);
#79 = PRODUCT_DEFINITION('design','',#80,#83);
#80 = PRODUCT_DEFINITION_FORMATION('','',#81);
#81 = PRODUCT('header_down_reference','header_down_reference','',(#82));
#82 = PRODUCT_CONTEXT('',#2,'mechanical');
#83 = PRODUCT_DEFINITION_CONTEXT('part definition',#2,'design');
#84 = SHAPE_REPRESENTATION('',(#11,#85,#235,#385,#535,#685,#835),#985);
#85 = MANIFOLD_SOLID_BREP('',#86);
#86 = CLOSED_SHELL('',(#87,#127,#167,#189,#211,#223));
#87 = ADVANCED_FACE('',(#88),#122,.F.);
#88 = FACE_BOUND('',#89,.F.);
#89 = EDGE_LOOP('',(#90,#100,#108,#116));
#90 = ORIENTED_EDGE('',*,*,#91,.F.);
#91 = EDGE_CURVE('',#92,#94,#96,.T.);
#92 = VERTEX_POINT('',#93);
#93 = CARTESIAN_POINT('',(-1.27,-11.43,-4.14));
#94 = VERTEX_POINT('',#95);
#95 = CARTESIAN_POINT('',(-1.27,-11.43,-1.6));
#96 = LINE('',#97,#98);
#97 = CARTESIAN_POINT('',(-1.27,-11.43,-4.14));
#98 = VECTOR('',#99,1.);
#99 = DIRECTION('',(0.,0.,1.));
#100 = ORIENTED_EDGE('',*,*,#101,.T.);
#101 = EDGE_CURVE('',#92,#102,#104,.T.);
#102 = VERTEX_POINT('',#103);
#103 = CARTESIAN_POINT('',(-1.27,1.27,-4.14));
#104 = LINE('',#105,#106);
#105 = CARTESIAN_POINT('',(-1.27,-11.43,-4.14));
#106 = VECTOR('',#107,1.);
#107 = DIRECTION('',(-0.,1.,0.));
#108 = ORIENTED_EDGE('',*,*,#109,.T.);
#109 = EDGE_CURVE('',#102,#110,#112,.T.);
#110 = VERTEX_POINT('',#111);
#111 = CARTESIAN_POINT('',(-1.27,1.27,-1.6));
#112 = LINE('',#113,#114);
#113 = CARTESIAN_POINT('',(-1.27,1.27,-4.14));
#114 = VECTOR('',#115,1.);
#115 = DIRECTION('',(0.,0.,1.));
#116 = ORIENTED_EDGE('',*,*,#117,.F.);
#117 = EDGE_CURVE('',#94,#110,#118,.T.);
#118 = LINE('',#119,#120);
#119 = CARTESIAN_POINT('',(-1.27,-11.43,-1.6));
#120 = VECTOR('',#121,1.);
#121 = DIRECTION('',(-0.,1.,0.));
#122 = PLANE('',#123);
#123 = AXIS2_PLACEMENT_3D('',#124,#125,#126);
#124 = CARTESIAN_POINT('',(-1.27,-11.43,-4.14));
#125 = DIRECTION('',(1.,0.,-0.));
#126 = DIRECTION('',(0.,0.,1.));
#127 = ADVANCED_FACE('',(#128),#162,.T.);
#128 = FACE_BOUND('',#129,.T.);
#129 = EDGE_LOOP('',(#130,#140,#148,#156));
#130 = ORIENTED_EDGE('',*,*,#131,.F.);
#131 = EDGE_CURVE('',#132,#134,#136,.T.);
#132 = VERTEX_POINT('',#133);
#133 = CARTESIAN_POINT('',(1.27,-11.43,-4.14));
#134 = VERTEX_POINT('',#135);
#135 = CARTESIAN_POINT('',(1.27,-11.43,-1.6));
#136 = LINE('',#137,#138);
#137 = CARTESIAN_POINT('',(1.27,-11.43,-4.14));
#138 = VECTOR('',#139,1.);
#139 = DIRECTION('',(0.,0.,1.));
#140 = ORIENTED_EDGE('',*,*,#141,.T.);
#141 = EDGE_CURVE('',#132,#142,#144,.T.);
#142 = VERTEX_POINT('',#143);
#143 = CARTESIAN_POINT('',(1.27,1.27,-4.14));
#144 = LINE('',#145,#146);
#145 = CARTESIAN_POINT('',(1.27,-11.43,-4.14));
#146 = VECTOR('',#147,1.);
#147 = DIRECTION('',(-0.,1.,0.));
#148 = ORIENTED_EDGE('',*,*,#149,.T.);
#149 = EDGE_CURVE('',#142,#150,#152,.T.);
#150 = VERTEX_POINT('',#151);
#151 = CARTESIAN_POINT('',(1.27,1.27,-1.6));
#152 = LINE('',#153,#154);
#153 = CARTESIAN_POINT('',(1.27,1.27,-4.14));
#154 = VECTOR('',#155,1.);
#155 = DIRECTION('',(0.,0.,1.));
#156 = ORIENTED_EDGE('',*,*,#157,.F.);
#157 = EDGE_CURVE('',#134,#150,#158,.T.);
#158 = LINE('',#159,#160);
#159 = CARTESIAN_POINT('',(1.27,-11.43,-1.6));
#160 = VECTOR('',#161,1.);
#161 = DIRECTION('',(-0.,1.,0.));
#162 = PLANE('',#163);
#163 = AXIS2_PLACEMENT_3D('',#164,#165,#166);
#164 = CARTESIAN_POINT('',(1.27,-11.43,-4.14));
#165 = DIRECTION('',(1.,0.,-0.));
#166 = DIRECTION('',(0.,0.,1.));
#167 = ADVANCED_FACE('',(#168),#184,.F.);
#168 = FACE_BOUND('',#169,.F.);
#169 = EDGE_LOOP('',(#170,#176,#177,#183));
#170 = ORIENTED_EDGE('',*,*,#171,.F.);
#171 = EDGE_CURVE('',#92,#132,#172,.T.);
#172 = LINE('',#173,#174);
#173 = CARTESIAN_POINT('',(-1.27,-11.43,-4.14));
#174 = VECTOR('',#175,1.);
#175 = DIRECTION('',(1.,0.,-0.));
#176 = ORIENTED_EDGE('',*,*,#91,.T.);
#177 = ORIENTED_EDGE('',*,*,#178,.T.);
#178 = EDGE_CURVE('',#94,#134,#179,.T.);
#179 = LINE('',#180,#181);
#180 = CARTESIAN_POINT('',(-1.27,-11.43,-1.6));
#181 = VECTOR('',#182,1.);
#182 = DIRECTION('',(1.,0.,-0.));
#183 = ORIENTED_EDGE('',*,*,#131,.F.);
#184 = PLANE('',#185);
#185 = AXIS2_PLACEMENT_3D('',#186,#187,#188);
#186 = CARTESIAN_POINT('',(-1.27,-11.43,-4.14));
#187 = DIRECTION('',(-0.,1.,0.));
#188 = DIRECTION('',(0.,0.,1.));
#189 = ADVANCED_FACE('',(#190),#206,.T.);
#190 = FACE_BOUND('',#191,.T.);
#191 = EDGE_LOOP('',(#192,#198,#199,#205));
#192 = ORIENTED_EDGE('',*,*,#193,.F.);
#193 = EDGE_CURVE('',#102,#142,#194,.T.);
#194 = LINE('',#195,#196);
#195 = CARTESIAN_POINT('',(-1.27,1.27,-4.14));
#196 = VECTOR('',#197,1.);
#197 = DIRECTION('',(1.,0.,-0.));
#198 = ORIENTED_EDGE('',*,*,#109,.T.);
#199 = ORIENTED_EDGE('',*,*,#200,.T.);
#200 = EDGE_CURVE('',#110,#150,#201,.T.);
#201 = LINE('',#202,#203);
#202 = CARTESIAN_POINT('',(-1.27,1.27,-1.6));
#203 = VECTOR('',#204,1.);
#204 = DIRECTION('',(1.,0.,-0.));
#205 = ORIENTED_EDGE('',*,*,#149,.F.);
#206 = PLANE('',#207);
#207 = AXIS2_PLACEMENT_3D('',#208,#209,#210);
#208 = CARTESIAN_POINT('',(-1.27,1.27,-4.14));
#209 = DIRECTION('',(-0.,1.,0.));
#210 = DIRECTION('',(0.,0.,1.));
#211 = ADVANCED_FACE('',(#212),#218,.F.);
#212 = FACE_BOUND('',#213,.F.);
#213 = EDGE_LOOP('',(#214,#215,#216,#217));
#214 = ORIENTED_EDGE('',*,*,#101,.F.);
#215 = ORIENTED_EDGE('',*,*,#171,.T.);
#216 = ORIENTED_EDGE('',*,*,#141,.T.);
#217 = ORIENTED_EDGE('',*,*,#193,.F.);
#218 = PLANE('',#219);
#219 = AXIS2_PLACEMENT_3D('',#220,#221,#222);
#220 = CARTESIAN_POINT('',(-1.27,-11.43,-4.14));
#221 = DIRECTION('',(0.,0.,1.));
#222 = DIRECTION('',(1.,0.,-0.));
#223 = ADVANCED_FACE('',(#224),#230,.T.);
#224 = FACE_BOUND('',#225,.T.);
#225 = EDGE_LOOP('',(#226,#227,#228,#229));
#226 = ORIENTED_EDGE('',*,*,#117,.F.);
#227 = ORIENTED_EDGE('',*,*,#178,.T.);
#228 = ORIENTED_EDGE('',*,*,#157,.T.);
#229 = ORIENTED_EDGE('',*,*,#200,.F.);
#230 = PLANE('',#231);
#231 = AXIS2_PLACEMENT_3D('',#232,#233,#234);
#232 = CARTESIAN_POINT('',(-1.27,-11.43,-1.6));
#233 = DIRECTION('',(0.,0.,1.));
#234 = DIRECTION('',(1.,0.,-0.));
#235 = MANIFOLD_SOLID_BREP('',#236);
#236 = CLOSED_SHELL('',(#237,#277,#317,#339,#361,#373));
#237 = ADVANCED_FACE('',(#238),#272,.F.);
#238 = FACE_BOUND('',#239,.F.);
#239 = EDGE_LOOP('',(#240,#250,#258,#266));
#240 = ORIENTED_EDGE('',*,*,#241,.F.);
#241 = EDGE_CURVE('',#242,#244,#246,.T.);
#242 = VERTEX_POINT('',#243);
#243 = CARTESIAN_POINT('',(-0.32,-0.32,-7.6));
#244 = VERTEX_POINT('',#245);
#245 = CARTESIAN_POINT('',(-0.32,-0.32,1.2));
#246 = LINE('',#247,#248);
#247 = CARTESIAN_POINT('',(-0.32,-0.32,-7.6));
#248 = VECTOR('',#249,1.);
#249 = DIRECTION('',(0.,0.,1.));
#250 = ORIENTED_EDGE('',*,*,#251,.T.);
#251 = EDGE_CURVE('',#242,#252,#254,.T.);
#252 = VERTEX_POINT('',#253);
#253 = CARTESIAN_POINT('',(-0.32,0.32,-7.6));
#254 = LINE('',#255,#256);
#255 = CARTESIAN_POINT('',(-0.32,-0.32,-7.6));
#256 = VECTOR('',#257,1.);
#257 = DIRECTION('',(-0.,1.,0.));
#258 = ORIENTED_EDGE('',*,*,#259,.T.);
#259 = EDGE_CURVE('',#252,#260,#262,.T.);
#260 = VERTEX_POINT('',#261);
#261 = CARTESIAN_POINT('',(-0.32,0.32,1.2));
#262 = LINE('',#263,#264);
#263 = CARTESIAN_POINT('',(-0.32,0.32,-7.6));
#264 = VECTOR('',#265,1.);
#265 = DIRECTION('',(0.,0.,1.));
#266 = ORIENTED_EDGE('',*,*,#267,.F.);
#267 = EDGE_CURVE('',#244,#260,#268,.T.);
#268 = LINE('',#269,#270);
#269 = CARTESIAN_POINT('',(-0.32,-0.32,1.2));
#270 = VECTOR('',#271,1.);
#271 = DIRECTION('',(-0.,1.,0.));
#272 = PLANE('',#273);
#273 = AXIS2_PLACEMENT_3D('',#274,#275,#276);
#274 = CARTESIAN_POINT('',(-0.32,-0.32,-7.6));
#275 = DIRECTION('',(1.,0.,-0.));
#276 = DIRECTION('',(0.,0.,1.));
#277 = ADVANCED_FACE('',(#278),#312,.T.);
#278 = FACE_BOUND('',#279,.T.);
#279 = EDGE_LOOP('',(#280,#290,#298,#306));
#280 = ORIENTED_EDGE('',*,*,#281,.F.);
#281 = EDGE_CURVE('',#282,#284,#286,.T.);
#282 = VERTEX_POINT('',#283);
#283 = CARTESIAN_POINT('',(0.32,-0.32,-7.6));
#284 = VERTEX_POINT('',#285);
#285 = CARTESIAN_POINT('',(0.32,-0.32,1.2));
#286 = LINE('',#287,#288);
#287 = CARTESIAN_POINT('',(0.32,-0.32,-7.6));
#288 = VECTOR('',#289,1.);
#289 = DIRECTION('',(0.,0.,1.));
#290 = ORIENTED_EDGE('',*,*,#291,.T.);
#291 = EDGE_CURVE('',#282,#292,#294,.T.);
#292 = VERTEX_POINT('',#293);
#293 = CARTESIAN_POINT('',(0.32,0.32,-7.6));
#294 = LINE('',#295,#296);
#295 = CARTESIAN_POINT('',(0.32,-0.32,-7.6));
#296 = VECTOR('',#297,1.);
#297 = DIRECTION('',(-0.,1.,0.));
#298 = ORIENTED_EDGE('',*,*,#299,.T.);
#299 = EDGE_CURVE('',#292,#300,#302,.T.);
#300 = VERTEX_POINT('',#301);
#301 = CARTESIAN_POINT('',(0.32,0.32,1.2));
#302 = LINE('',#303,#304);
#303 = CARTESIAN_POINT('',(0.32,0.32,-7.6));
#304 = VECTOR('',#305,1.);
#305 = DIRECTION('',(0.,0.,1.));
#306 = ORIENTED_EDGE('',*,*,#307,.F.);
#307 = EDGE_CURVE('',#284,#300,#308,.T.);
#308 = LINE('',#309,#310);
#309 = CARTESIAN_POINT('',(0.32,-0.32,1.2));
#310 = VECTOR('',#311,1.);
#311 = DIRECTION('',(-0.,1.,0.));
#312 = PLANE('',#313);
#313 = AXIS2_PLACEMENT_3D('',#314,#315,#316);
#314 = CARTESIAN_POINT('',(0.32,-0.32,-7.6));
#315 = DIRECTION('',(1.,0.,-0.));
#316 = DIRECTION('',(0.,0.,1.));
#317 = ADVANCED_FACE('',(#318),#334,.F.);
#318 = FACE_BOUND('',#319,.F.);
#319 = EDGE_LOOP('',(#320,#326,#327,#333));
#320 = ORIENTED_EDGE('',*,*,#321,.F.);
#321 = EDGE_CURVE('',#242,#282,#322,.T.);
#322 = LINE('',#323,#324);
#323 = CARTESIAN_POINT('',(-0.32,-0.32,-7.6));
#324 = VECTOR('',#325,1.);
#325 = DIRECTION('',(1.,0.,-0.));
#326 = ORIENTED_EDGE('',*,*,#241,.T.);
#327 = ORIENTED_EDGE('',*,*,#328,.T.);
#328 = EDGE_CURVE('',#244,#284,#329,.T.);
#329 = LINE('',#330,#331);
#330 = CARTESIAN_POINT('',(-0.32,-0.32,1.2));
#331 = VECTOR('',#332,1.);
#332 = DIRECTION('',(1.,0.,-0.));
#333 = ORIENTED_EDGE('',*,*,#281,.F.);
#334 = PLANE('',#335);
#335 = AXIS2_PLACEMENT_3D('',#336,#337,#338);
#336 = CARTESIAN_POINT('',(-0.32,-0.32,-7.6));
#337 = DIRECTION('',(-0.,1.,0.));
#338 = DIRECTION('',(0.,0.,1.));
#339 = ADVANCED_FACE('',(#340),#356,.T.);
#340 = FACE_BOUND('',#341,.T.);
#341 = EDGE_LOOP('',(#342,#348,#349,#355));
#342 = ORIENTED_EDGE('',*,*,#343,.F.);
#343 = EDGE_CURVE('',#252,#292,#344,.T.);
#344 = LINE('',#345,#346);
#345 = CARTESIAN_POINT('',(-0.32,0.32,-7.6));
#346 = VECTOR('',#347,1.);
#347 = DIRECTION('',(1.,0.,-0.));
#348 = ORIENTED_EDGE('',*,*,#259,.T.);
#349 = ORIENTED_EDGE('',*,*,#350,.T.);
#350 = EDGE_CURVE('',#260,#300,#351,.T.);
#351 = LINE('',#352,#353);
#352 = CARTESIAN_POINT('',(-0.32,0.32,1.2));
#353 = VECTOR('',#354,1.);
#354 = DIRECTION('',(1.,0.,-0.));
#355 = ORIENTED_EDGE('',*,*,#299,.F.);
#356 = PLANE('',#357);
#357 = AXIS2_PLACEMENT_3D('',#358,#359,#360);
#358 = CARTESIAN_POINT('',(-0.32,0.32,-7.6));
#359 = DIRECTION('',(-0.,1.,0.));
#360 = DIRECTION('',(0.,0.,1.));
#361 = ADVANCED_FACE('',(#362),#368,.F.);
#362 = FACE_BOUND('',#363,.F.);
#363 = EDGE_LOOP('',(#364,#365,#366,#367));
#364 = ORIENTED_EDGE('',*,*,#251,.F.);
#365 = ORIENTED_EDGE('',*,*,#321,.T.);
#366 = ORIENTED_EDGE('',*,*,#291,.T.);
#367 = ORIENTED_EDGE('',*,*,#343,.F.);
#368 = PLANE('',#369);
#369 = AXIS2_PLACEMENT_3D('',#370,#371,#372);
#370 = CARTESIAN_POINT('',(-0.32,-0.32,-7.6));
#371 = DIRECTION('',(0.,0.,1.));
#372 = DIRECTION('',(1.,0.,-0.));
#373 = ADVANCED_FACE('',(#374),#380,.T.);
#374 = FACE_BOUND('',#375,.T.);
#375 = EDGE_LOOP('',(#376,#377,#378,#379));
#376 = ORIENTED_EDGE('',*,*,#267,.F.);
#377 = ORIENTED_EDGE('',*,*,#328,.T.);
#378 = ORIENTED_EDGE('',*,*,#307,.T.);
#379 = ORIENTED_EDGE('',*,*,#350,.F.);
#380 = PLANE('',#381);
#381 = AXIS2_PLACEMENT_3D('',#382,#383,#384);
#382 = CARTESIAN_POINT('',(-0.32,-0.32,1.2));
#383 = DIRECTION('',(0.,0.,1.));
#384 = DIRECTION('',(1.,0.,-0.));
#385 = MANIFOLD_SOLID_BREP('',#386);
#386 = CLOSED_SHELL('',(#387,#427,#467,#489,#511,#523));
#387 = ADVANCED_FACE('',(#388),#422,.F.);
#388 = FACE_BOUND('',#389,.F.);
#389 = EDGE_LOOP('',(#390,#400,#408,#416));
#390 = ORIENTED_EDGE('',*,*,#391,.F.);
#391 = EDGE_CURVE('',#392,#394,#396,.T.);
#392 = VERTEX_POINT('',#393);
#393 = CARTESIAN_POINT('',(-0.32,-2.86,-7.6));
#394 = VERTEX_POINT('',#395);
#395 = CARTESIAN_POINT('',(-0.32,-2.86,1.2));
#396 = LINE('',#397,#398);
#397 = CARTESIAN_POINT('',(-0.32,-2.86,-7.6));
#398 = VECTOR('',#399,1.);
#399 = DIRECTION('',(0.,0.,1.));
#400 = ORIENTED_EDGE('',*,*,#401,.T.);
#401 = EDGE_CURVE('',#392,#402,#404,.T.);
#402 = VERTEX_POINT('',#403);
#403 = CARTESIAN_POINT('',(-0.32,-2.22,-7.6));
#404 = LINE('',#405,#406);
#405 = CARTESIAN_POINT('',(-0.32,-2.86,-7.6));
#406 = VECTOR('',#407,1.);
#407 = DIRECTION('',(-0.,1.,0.));
#408 = ORIENTED_EDGE('',*,*,#409,.T.);
#409 = EDGE_CURVE('',#402,#410,#412,.T.);
#410 = VERTEX_POINT('',#411);
#411 = CARTESIAN_POINT('',(-0.32,-2.22,1.2));
#412 = LINE('',#413,#414);
#413 = CARTESIAN_POINT('',(-0.32,-2.22,-7.6));
#414 = VECTOR('',#415,1.);
#415 = DIRECTION('',(0.,0.,1.));
#416 = ORIENTED_EDGE('',*,*,#417,.F.);
#417 = EDGE_CURVE('',#394,#410,#418,.T.);
#418 = LINE('',#419,#420);
#419 = CARTESIAN_POINT('',(-0.32,-2.86,1.2));
#420 = VECTOR('',#421,1.);
#421 = DIRECTION('',(-0.,1.,0.));
#422 = PLANE('',#423);
#423 = AXIS2_PLACEMENT_3D('',#424,#425,#426);
#424 = CARTESIAN_POINT('',(-0.32,-2.86,-7.6));
#425 = DIRECTION('',(1.,0.,-0.));
#426 = DIRECTION('',(0.,0.,1.));
#427 = ADVANCED_FACE('',(#428),#462,.T.);
#428 = FACE_BOUND('',#429,.T.);
#429 = EDGE_LOOP('',(#430,#440,#448,#456));
#430 = ORIENTED_EDGE('',*,*,#431,.F.);
#431 = EDGE_CURVE('',#432,#434,#436,.T.);
#432 = VERTEX_POINT('',#433);
#433 = CARTESIAN_POINT('',(0.32,-2.86,-7.6));
#434 = VERTEX_POINT('',#435);
#435 = CARTESIAN_POINT('',(0.32,-2.86,1.2));
#436 = LINE('',#437,#438);
#437 = CARTESIAN_POINT('',(0.32,-2.86,-7.6));
#438 = VECTOR('',#439,1.);
#439 = DIRECTION('',(0.,0.,1.));
#440 = ORIENTED_EDGE('',*,*,#441,.T.);
#441 = EDGE_CURVE('',#432,#442,#444,.T.);
#442 = VERTEX_POINT('',#443);
#443 = CARTESIAN_POINT('',(0.32,-2.22,-7.6));
#444 = LINE('',#445,#446);
#445 = CARTESIAN_POINT('',(0.32,-2.86,-7.6));
#446 = VECTOR('',#447,1.);
#447 = DIRECTION('',(-0.,1.,0.));
#448 = ORIENTED_EDGE('',*,*,#449,.T.);
#449 = EDGE_CURVE('',#442,#450,#452,.T.);
#450 = VERTEX_POINT('',#451);
#451 = CARTESIAN_POINT('',(0.32,-2.22,1.2));
#452 = LINE('',#453,#454);
#453 = CARTESIAN_POINT('',(0.32,-2.22,-7.6));
#454 = VECTOR('',#455,1.);
#455 = DIRECTION('',(0.,0.,1.));
#456 = ORIENTED_EDGE('',*,*,#457,.F.);
#457 = EDGE_CURVE('',#434,#450,#458,.T.);
#458 = LINE('',#459,#460);
#459 = CARTESIAN_POINT('',(0.32,-2.86,1.2));
#460 = VECTOR('',#461,1.);
#461 = DIRECTION('',(-0.,1.,0.));
#462 = PLANE('',#463);
#463 = AXIS2_PLACEMENT_3D('',#464,#465,#466);
#464 = CARTESIAN_POINT('',(0.32,-2.86,-7.6));
#465 = DIRECTION('',(1.,0.,-0.));
#466 = DIRECTION('',(0.,0.,1.));
#467 = ADVANCED_FACE('',(#468),#484,.F.);
#468 = FACE_BOUND('',#469,.F.);
#469 = EDGE_LOOP('',(#470,#476,#477,#483));
#470 = ORIENTED_EDGE('',*,*,#471,.F.);
#471 = EDGE_CURVE('',#392,#432,#472,.T.);
#472 = LINE('',#473,#474);
#473 = CARTESIAN_POINT('',(-0.32,-2.86,-7.6));
#474 = VECTOR('',#475,1.);
#475 = DIRECTION('',(1.,0.,-0.));
#476 = ORIENTED_EDGE('',*,*,#391,.T.);
#477 = ORIENTED_EDGE('',*,*,#478,.T.);
#478 = EDGE_CURVE('',#394,#434,#479,.T.);
#479 = LINE('',#480,#481);
#480 = CARTESIAN_POINT('',(-0.32,-2.86,1.2));
#481 = VECTOR('',#482,1.);
#482 = DIRECTION('',(1.,0.,-0.));
#483 = ORIENTED_EDGE('',*,*,#431,.F.);
#484 = PLANE('',#485);
#485 = AXIS2_PLACEMENT_3D('',#486,#487,#488);
#486 = CARTESIAN_POINT('',(-0.32,-2.86,-7.6));
#487 = DIRECTION('',(-0.,1.,0.));
#488 = DIRECTION('',(0.,0.,1.));
#489 = ADVANCED_FACE('',(#490),#506,.T.);
#490 = FACE_BOUND('',#491,.T.);
#491 = EDGE_LOOP('',(#492,#498,#499,#505));
#492 = ORIENTED_EDGE('',*,*,#493,.F.);
#493 = EDGE_CURVE('',#402,#442,#494,.T.);
#494 = LINE('',#495,#496);
#495 = CARTESIAN_POINT('',(-0.32,-2.22,-7.6));
#496 = VECTOR('',#497,1.);
#497 = DIRECTION('',(1.,0.,-0.));
#498 = ORIENTED_EDGE('',*,*,#409,.T.);
#499 = ORIENTED_EDGE('',*,*,#500,.T.);
#500 = EDGE_CURVE('',#410,#450,#501,.T.);
#501 = LINE('',#502,#503);
#502 = CARTESIAN_POINT('',(-0.32,-2.22,1.2));
#503 = VECTOR('',#504,1.);
#504 = DIRECTION('',(1.,0.,-0.));
#505 = ORIENTED_EDGE('',*,*,#449,.F.);
#506 = PLANE('',#507);
#507 = AXIS2_PLACEMENT_3D('',#508,#509,#510);
#508 = CARTESIAN_POINT('',(-0.32,-2.22,-7.6));
#509 = DIRECTION('',(-0.,1.,0.));
#510 = DIRECTION('',(0.,0.,1.));
#511 = ADVANCED_FACE('',(#512),#518,.F.);
#512 = FACE_BOUND('',#513,.F.);
#513 = EDGE_LOOP('',(#514,#515,#516,#517));
#514 = ORIENTED_EDGE('',*,*,#401,.F.);
#515 = ORIENTED_EDGE('',*,*,#471,.T.);
#516 = ORIENTED_EDGE('',*,*,#441,.T.);
#517 = ORIENTED_EDGE('',*,*,#493,.F.);
#518 = PLANE('',#519);
#519 = AXIS2_PLACEMENT_3D('',#520,#521,#522);
#520 = CARTESIAN_POINT('',(-0.32,-2.86,-7.6));
#521 = DIRECTION('',(0.,0.,1.));
#522 = DIRECTION('',(1.,0.,-0.));
#523 = ADVANCED_FACE('',(#524),#530,.T.);
#524 = FACE_BOUND('',#525,.T.);
#525 = EDGE_LOOP('',(#526,#527,#528,#529));
#526 = ORIENTED_EDGE('',*,*,#417,.F.);
#527 = ORIENTED_EDGE('',*,*,#478,.T.);
#528 = ORIENTED_EDGE('',*,*,#457,.T.);
#529 = ORIENTED_EDGE('',*,*,#500,.F.);
#530 = PLANE('',#531);
#531 = AXIS2_PLACEMENT_3D('',#532,#533,#534);
#532 = CARTESIAN_POINT('',(-0.32,-2.86,1.2));
#533 = DIRECTION('',(0.,0.,1.));
#534 = DIRECTION('',(1.,0.,-0.));
#535 = MANIFOLD_SOLID_BREP('',#536);
#536 = CLOSED_SHELL('',(#537,#577,#617,#639,#661,#673));
#537 = ADVANCED_FACE('',(#538),#572,.F.);
#538 = FACE_BOUND('',#539,.F.);
#539 = EDGE_LOOP('',(#540,#550,#558,#566));
#540 = ORIENTED_EDGE('',*,*,#541,.F.);
#541 = EDGE_CURVE('',#542,#544,#546,.T.);
#542 = VERTEX_POINT('',#543);
#543 = CARTESIAN_POINT('',(-0.32,-5.4,-7.6));
#544 = VERTEX_POINT('',#545);
#545 = CARTESIAN_POINT('',(-0.32,-5.4,1.2));
#546 = LINE('',#547,#548);
#547 = CARTESIAN_POINT('',(-0.32,-5.4,-7.6));
#548 = VECTOR('',#549,1.);
#549 = DIRECTION('',(0.,0.,1.));
#550 = ORIENTED_EDGE('',*,*,#551,.T.);
#551 = EDGE_CURVE('',#542,#552,#554,.T.);
#552 = VERTEX_POINT('',#553);
#553 = CARTESIAN_POINT('',(-0.32,-4.76,-7.6));
#554 = LINE('',#555,#556);
#555 = CARTESIAN_POINT('',(-0.32,-5.4,-7.6));
#556 = VECTOR('',#557,1.);
#557 = DIRECTION('',(-0.,1.,0.));
#558 = ORIENTED_EDGE('',*,*,#559,.T.);
#559 = EDGE_CURVE('',#552,#560,#562,.T.);
#560 = VERTEX_POINT('',#561);
#561 = CARTESIAN_POINT('',(-0.32,-4.76,1.2));
#562 = LINE('',#563,#564);
#563 = CARTESIAN_POINT('',(-0.32,-4.76,-7.6));
#564 = VECTOR('',#565,1.);
#565 = DIRECTION('',(0.,0.,1.));
#566 = ORIENTED_EDGE('',*,*,#567,.F.);
#567 = EDGE_CURVE('',#544,#560,#568,.T.);
#568 = LINE('',#569,#570);
#569 = CARTESIAN_POINT('',(-0.32,-5.4,1.2));
#570 = VECTOR('',#571,1.);
#571 = DIRECTION('',(-0.,1.,0.));
#572 = PLANE('',#573);
#573 = AXIS2_PLACEMENT_3D('',#574,#575,#576);
#574 = CARTESIAN_POINT('',(-0.32,-5.4,-7.6));
#575 = DIRECTION('',(1.,0.,-0.));
#576 = DIRECTION('',(0.,0.,1.));
#577 = ADVANCED_FACE('',(#578),#612,.T.);
#578 = FACE_BOUND('',#579,.T.);
#579 = EDGE_LOOP('',(#580,#590,#598,#606));
#580 = ORIENTED_EDGE('',*,*,#581,.F.);
#581 = EDGE_CURVE('',#582,#584,#586,.T.);
#582 = VERTEX_POINT('',#583);
#583 = CARTESIAN_POINT('',(0.32,-5.4,-7.6));
#584 = VERTEX_POINT('',#585);
#585 = CARTESIAN_POINT('',(0.32,-5.4,1.2));
#586 = LINE('',#587,#588);
#587 = CARTESIAN_POINT('',(0.32,-5.4,-7.6));
#588 = VECTOR('',#589,1.);
#589 = DIRECTION('',(0.,0.,1.));
#590 = ORIENTED_EDGE('',*,*,#591,.T.);
#591 = EDGE_CURVE('',#582,#592,#594,.T.);
#592 = VERTEX_POINT('',#593);
#593 = CARTESIAN_POINT('',(0.32,-4.76,-7.6));
#594 = LINE('',#595,#596);
#595 = CARTESIAN_POINT('',(0.32,-5.4,-7.6));
#596 = VECTOR('',#597,1.);
#597 = DIRECTION('',(-0.,1.,0.));
#598 = ORIENTED_EDGE('',*,*,#599,.T.);
#599 = EDGE_CURVE('',#592,#600,#602,.T.);
#600 = VERTEX_POINT('',#601);
#601 = CARTESIAN_POINT('',(0.32,-4.76,1.2));
#602 = LINE('',#603,#604);
#603 = CARTESIAN_POINT('',(0.32,-4.76,-7.6));
#604 = VECTOR('',#605,1.);
#605 = DIRECTION('',(0.,0.,1.));
#606 = ORIENTED_EDGE('',*,*,#607,.F.);
#607 = EDGE_CURVE('',#584,#600,#608,.T.);
#608 = LINE('',#609,#610);
#609 = CARTESIAN_POINT('',(0.32,-5.4,1.2));
#610 = VECTOR('',#611,1.);
#611 = DIRECTION('',(-0.,1.,0.));
#612 = PLANE('',#613);
#613 = AXIS2_PLACEMENT_3D('',#614,#615,#616);
#614 = CARTESIAN_POINT('',(0.32,-5.4,-7.6));
#615 = DIRECTION('',(1.,0.,-0.));
#616 = DIRECTION('',(0.,0.,1.));
#617 = ADVANCED_FACE('',(#618),#634,.F.);
#618 = FACE_BOUND('',#619,.F.);
#619 = EDGE_LOOP('',(#620,#626,#627,#633));
#620 = ORIENTED_EDGE('',*,*,#621,.F.);
#621 = EDGE_CURVE('',#542,#582,#622,.T.);
#622 = LINE('',#623,#624);
#623 = CARTESIAN_POINT('',(-0.32,-5.4,-7.6));
#624 = VECTOR('',#625,1.);
#625 = DIRECTION('',(1.,0.,-0.));
#626 = ORIENTED_EDGE('',*,*,#541,.T.);
#627 = ORIENTED_EDGE('',*,*,#628,.T.);
#628 = EDGE_CURVE('',#544,#584,#629,.T.);
#629 = LINE('',#630,#631);
#630 = CARTESIAN_POINT('',(-0.32,-5.4,1.2));
#631 = VECTOR('',#632,1.);
#632 = DIRECTION('',(1.,0.,-0.));
#633 = ORIENTED_EDGE('',*,*,#581,.F.);
#634 = PLANE('',#635);
#635 = AXIS2_PLACEMENT_3D('',#636,#637,#638);
#636 = CARTESIAN_POINT('',(-0.32,-5.4,-7.6));
#637 = DIRECTION('',(-0.,1.,0.));
#638 = DIRECTION('',(0.,0.,1.));
#639 = ADVANCED_FACE('',(#640),#656,.T.);
#640 = FACE_BOUND('',#641,.T.);
#641 = EDGE_LOOP('',(#642,#648,#649,#655));
#642 = ORIENTED_EDGE('',*,*,#643,.F.);
#643 = EDGE_CURVE('',#552,#592,#644,.T.);
#644 = LINE('',#645,#646);
#645 = CARTESIAN_POINT('',(-0.32,-4.76,-7.6));
#646 = VECTOR('',#647,1.);
#647 = DIRECTION('',(1.,0.,-0.));
#648 = ORIENTED_EDGE('',*,*,#559,.T.);
#649 = ORIENTED_EDGE('',*,*,#650,.T.);
#650 = EDGE_CURVE('',#560,#600,#651,.T.);
#651 = LINE('',#652,#653);
#652 = CARTESIAN_POINT('',(-0.32,-4.76,1.2));
#653 = VECTOR('',#654,1.);
#654 = DIRECTION('',(1.,0.,-0.));
#655 = ORIENTED_EDGE('',*,*,#599,.F.);
#656 = PLANE('',#657);
#657 = AXIS2_PLACEMENT_3D('',#658,#659,#660);
#658 = CARTESIAN_POINT('',(-0.32,-4.76,-7.6));
#659 = DIRECTION('',(-0.,1.,0.));
#660 = DIRECTION('',(0.,0.,1.));
#661 = ADVANCED_FACE('',(#662),#668,.F.);
#662 = FACE_BOUND('',#663,.F.);
#663 = EDGE_LOOP('',(#664,#665,#666,#667));
#664 = ORIENTED_EDGE('',*,*,#551,.F.);
#665 = ORIENTED_EDGE('',*,*,#621,.T.);
#666 = ORIENTED_EDGE('',*,*,#591,.T.);
#667 = ORIENTED_EDGE('',*,*,#643,.F.);
#668 = PLANE('',#669);
#669 = AXIS2_PLACEMENT_3D('',#670,#671,#672);
#670 = CARTESIAN_POINT('',(-0.32,-5.4,-7.6));
#671 = DIRECTION('',(0.,0.,1.));
#672 = DIRECTION('',(1.,0.,-0.));
#673 = ADVANCED_FACE('',(#674),#680,.T.);
#674 = FACE_BOUND('',#675,.T.);
#675 = EDGE_LOOP('',(#676,#677,#678,#679));
#676 = ORIENTED_EDGE('',*,*,#567,.F.);
#677 = ORIENTED_EDGE('',*,*,#628,.T.);
#678 = ORIENTED_EDGE('',*,*,#607,.T.);
#679 = ORIENTED_EDGE('',*,*,#650,.F.);
#680 = PLANE('',#681);
#681 = AXIS2_PLACEMENT_3D('',#682,#683,#684);
#682 = CARTESIAN_POINT('',(-0.32,-5.4,1.2));
#683 = DIRECTION('',(0.,0.,1.));
#684 = DIRECTION('',(1.,0.,-0.));
#685 = MANIFOLD_SOLID_BREP('',#686);
#686 = CLOSED_SHELL('',(#687,#727,#767,#789,#811,#823));
#687 = ADVANCED_FACE('',(#688),#722,.F.);
#688 = FACE_BOUND('',#689,.F.);
#689 = EDGE_LOOP('',(#690,#700,#708,#716));
#690 = ORIENTED_EDGE('',*,*,#691,.F.);
#691 = EDGE_CURVE('',#692,#694,#696,.T.);
#692 = VERTEX_POINT('',#693);
#693 = CARTESIAN_POINT('',(-0.32,-7.94,-7.6));
#694 = VERTEX_POINT('',#695);
#695 = CARTESIAN_POINT('',(-0.32,-7.94,1.2));
#696 = LINE('',#697,#698);
#697 = CARTESIAN_POINT('',(-0.32,-7.94,-7.6));
#698 = VECTOR('',#699,1.);
#699 = DIRECTION('',(0.,0.,1.));
#700 = ORIENTED_EDGE('',*,*,#701,.T.);
#701 = EDGE_CURVE('',#692,#702,#704,.T.);
#702 = VERTEX_POINT('',#703);
#703 = CARTESIAN_POINT('',(-0.32,-7.3,-7.6));
#704 = LINE('',#705,#706);
#705 = CARTESIAN_POINT('',(-0.32,-7.94,-7.6));
#706 = VECTOR('',#707,1.);
#707 = DIRECTION('',(-0.,1.,0.));
#708 = ORIENTED_EDGE('',*,*,#709,.T.);
#709 = EDGE_CURVE('',#702,#710,#712,.T.);
#710 = VERTEX_POINT('',#711);
#711 = CARTESIAN_POINT('',(-0.32,-7.3,1.2));
#712 = LINE('',#713,#714);
#713 = CARTESIAN_POINT('',(-0.32,-7.3,-7.6));
#714 = VECTOR('',#715,1.);
#715 = DIRECTION('',(0.,0.,1.));
#716 = ORIENTED_EDGE('',*,*,#717,.F.);
#717 = EDGE_CURVE('',#694,#710,#718,.T.);
#718 = LINE('',#719,#720);
#719 = CARTESIAN_POINT('',(-0.32,-7.94,1.2));
#720 = VECTOR('',#721,1.);
#721 = DIRECTION('',(-0.,1.,0.));
#722 = PLANE('',#723);
#723 = AXIS2_PLACEMENT_3D('',#724,#725,#726);
#724 = CARTESIAN_POINT('',(-0.32,-7.94,-7.6));
#725 = DIRECTION('',(1.,0.,-0.));
#726 = DIRECTION('',(0.,0.,1.));
#727 = ADVANCED_FACE('',(#728),#762,.T.);
#728 = FACE_BOUND('',#729,.T.);
#729 = EDGE_LOOP('',(#730,#740,#748,#756));
#730 = ORIENTED_EDGE('',*,*,#731,.F.);
#731 = EDGE_CURVE('',#732,#734,#736,.T.);
#732 = VERTEX_POINT('',#733);
#733 = CARTESIAN_POINT('',(0.32,-7.94,-7.6));
#734 = VERTEX_POINT('',#735);
#735 = CARTESIAN_POINT('',(0.32,-7.94,1.2));
#736 = LINE('',#737,#738);
#737 = CARTESIAN_POINT('',(0.32,-7.94,-7.6));
#738 = VECTOR('',#739,1.);
#739 = DIRECTION('',(0.,0.,1.));
#740 = ORIENTED_EDGE('',*,*,#741,.T.);
#741 = EDGE_CURVE('',#732,#742,#744,.T.);
#742 = VERTEX_POINT('',#743);
#743 = CARTESIAN_POINT('',(0.32,-7.3,-7.6));
#744 = LINE('',#745,#746);
#745 = CARTESIAN_POINT('',(0.32,-7.94,-7.6));
#746 = VECTOR('',#747,1.);
#747 = DIRECTION('',(-0.,1.,0.));
#748 = ORIENTED_EDGE('',*,*,#749,.T.);
#749 = EDGE_CURVE('',#742,#750,#752,.T.);
#750 = VERTEX_POINT('',#751);
#751 = CARTESIAN_POINT('',(0.32,-7.3,1.2));
#752 = LINE('',#753,#754);
#753 = CARTESIAN_POINT('',(0.32,-7.3,-7.6));
#754 = VECTOR('',#755,1.);
#755 = DIRECTION('',(0.,0.,1.));
#756 = ORIENTED_EDGE('',*,*,#757,.F.);
#757 = EDGE_CURVE('',#734,#750,#758,.T.);
#758 = LINE('',#759,#760);
#759 = CARTESIAN_POINT('',(0.32,-7.94,1.2));
#760 = VECTOR('',#761,1.);
#761 = DIRECTION('',(-0.,1.,0.));
#762 = PLANE('',#763);
#763 = AXIS2_PLACEMENT_3D('',#764,#765,#766);
#764 = CARTESIAN_POINT('',(0.32,-7.94,-7.6));
#765 = DIRECTION('',(1.,0.,-0.));
#766 = DIRECTION('',(0.,0.,1.));
#767 = ADVANCED_FACE('',(#768),#784,.F.);
#768 = FACE_BOUND('',#769,.F.);
#769 = EDGE_LOOP('',(#770,#776,#777,#783));
#770 = ORIENTED_EDGE('',*,*,#771,.F.);
#771 = EDGE_CURVE('',#692,#732,#772,.T.);
#772 = LINE('',#773,#774);
#773 = CARTESIAN_POINT('',(-0.32,-7.94,-7.6));
#774 = VECTOR('',#775,1.);
#775 = DIRECTION('',(1.,0.,-0.));
#776 = ORIENTED_EDGE('',*,*,#691,.T.);
#777 = ORIENTED_EDGE('',*,*,#778,.T.);
#778 = EDGE_CURVE('',#694,#734,#779,.T.);
#779 = LINE('',#780,#781);
#780 = CARTESIAN_POINT('',(-0.32,-7.94,1.2));
#781 = VECTOR('',#782,1.);
#782 = DIRECTION('',(1.,0.,-0.));
#783 = ORIENTED_EDGE('',*,*,#731,.F.);
#784 = PLANE('',#785);
#785 = AXIS2_PLACEMENT_3D('',#786,#787,#788);
#786 = CARTESIAN_POINT('',(-0.32,-7.94,-7.6));
#787 = DIRECTION('',(-0.,1.,0.));
#788 = DIRECTION('',(0.,0.,1.));
#789 = ADVANCED_FACE('',(#790),#806,.T.);
#790 = FACE_BOUND('',#791,.T.);
#791 = EDGE_LOOP('',(#792,#798,#799,#805));
#792 = ORIENTED_EDGE('',*,*,#793,.F.);
#793 = EDGE_CURVE('',#702,#742,#794,.T.);
#794 = LINE('',#795,#796);
#795 = CARTESIAN_POINT('',(-0.32,-7.3,-7.6));
#796 = VECTOR('',#797,1.);
#797 = DIRECTION('',(1.,0.,-0.));
#798 = ORIENTED_EDGE('',*,*,#709,.T.);
#799 = ORIENTED_EDGE('',*,*,#800,.T.);
#800 = EDGE_CURVE('',#710,#750,#801,.T.);
#801 = LINE('',#802,#803);
#802 = CARTESIAN_POINT('',(-0.32,-7.3,1.2));
#803 = VECTOR('',#804,1.);
#804 = DIRECTION('',(1.,0.,-0.));
#805 = ORIENTED_EDGE('',*,*,#749,.F.);
#806 = PLANE('',#807);
#807 = AXIS2_PLACEMENT_3D('',#808,#809,#810);
#808 = CARTESIAN_POINT('',(-0.32,-7.3,-7.6));
#809 = DIRECTION('',(-0.,1.,0.));
#810 = DIRECTION('',(0.,0.,1.));
#811 = ADVANCED_FACE('',(#812),#818,.F.);
#812 = FACE_BOUND('',#813,.F.);
#813 = EDGE_LOOP('',(#814,#815,#816,#817));
#814 = ORIENTED_EDGE('',*,*,#701,.F.);
#815 = ORIENTED_EDGE('',*,*,#771,.T.);
#816 = ORIENTED_EDGE('',*,*,#741,.T.);
#817 = ORIENTED_EDGE('',*,*,#793,.F.);
#818 = PLANE('',#819);
#819 = AXIS2_PLACEMENT_3D('',#820,#821,#822);
#820 = CARTESIAN_POINT('',(-0.32,-7.94,-7.6));
#821 = DIRECTION('',(0.,0.,1.));
#822 = DIRECTION('',(1.,0.,-0.));
#823 = ADVANCED_FACE('',(#824),#830,.T.);
#824 = FACE_BOUND('',#825,.T.);
#825 = EDGE_LOOP('',(#826,#827,#828,#829));
#826 = ORIENTED_EDGE('',*,*,#717,.F.);
#827 = ORIENTED_EDGE('',*,*,#778,.T.);
#828 = ORIENTED_EDGE('',*,*,#757,.T.);
#829 = ORIENTED_EDGE('',*,*,#800,.F.);
#830 = PLANE('',#831);
#831 = AXIS2_PLACEMENT_3D('',#832,#833,#834);
#832 = CARTESIAN_POINT('',(-0.32,-7.94,1.2));
#833 = DIRECTION('',(0.,0.,1.));
#834 = DIRECTION('',(1.,0.,-0.));
#835 = MANIFOLD_SOLID_BREP('',#836);
#836 = CLOSED_SHELL('',(#837,#877,#917,#939,#961,#973));
#837 = ADVANCED_FACE('',(#838),#872,.F.);
#838 = FACE_BOUND('',#839,.F.);
#839 = EDGE_LOOP('',(#840,#850,#858,#866));
#840 = ORIENTED_EDGE('',*,*,#841,.F.);
#841 = EDGE_CURVE('',#842,#844,#846,.T.);
#842 = VERTEX_POINT('',#843);
#843 = CARTESIAN_POINT('',(-0.32,-10.48,-7.6));
#844 = VERTEX_POINT('',#845);
#845 = CARTESIAN_POINT('',(-0.32,-10.48,1.2));
#846 = LINE('',#847,#848);
#847 = CARTESIAN_POINT('',(-0.32,-10.48,-7.6));
#848 = VECTOR('',#849,1.);
#849 = DIRECTION('',(0.,0.,1.));
#850 = ORIENTED_EDGE('',*,*,#851,.T.);
#851 = EDGE_CURVE('',#842,#852,#854,.T.);
#852 = VERTEX_POINT('',#853);
#853 = CARTESIAN_POINT('',(-0.32,-9.84,-7.6));
#854 = LINE('',#855,#856);
#855 = CARTESIAN_POINT('',(-0.32,-10.48,-7.6));
#856 = VECTOR('',#857,1.);
#857 = DIRECTION('',(-0.,1.,0.));
#858 = ORIENTED_EDGE('',*,*,#859,.T.);
#859 = EDGE_CURVE('',#852,#860,#862,.T.);
#860 = VERTEX_POINT('',#861);
#861 = CARTESIAN_POINT('',(-0.32,-9.84,1.2));
#862 = LINE('',#863,#864);
#863 = CARTESIAN_POINT('',(-0.32,-9.84,-7.6));
#864 = VECTOR('',#865,1.);
#865 = DIRECTION('',(0.,0.,1.));
#866 = ORIENTED_EDGE('',*,*,#867,.F.);
#867 = EDGE_CURVE('',#844,#860,#868,.T.);
#868 = LINE('',#869,#870);
#869 = CARTESIAN_POINT('',(-0.32,-10.48,1.2));
#870 = VECTOR('',#871,1.);
#871 = DIRECTION('',(-0.,1.,0.));
#872 = PLANE('',#873);
#873 = AXIS2_PLACEMENT_3D('',#874,#875,#876);
#874 = CARTESIAN_POINT('',(-0.32,-10.48,-7.6));
#875 = DIRECTION('',(1.,0.,-0.));
#876 = DIRECTION('',(0.,0.,1.));
#877 = ADVANCED_FACE('',(#878),#912,.T.);
#878 = FACE_BOUND('',#879,.T.);
#879 = EDGE_LOOP('',(#880,#890,#898,#906));
#880 = ORIENTED_EDGE('',*,*,#881,.F.);
#881 = EDGE_CURVE('',#882,#884,#886,.T.);
#882 = VERTEX_POINT('',#883);
#883 = CARTESIAN_POINT('',(0.32,-10.48,-7.6));
#884 = VERTEX_POINT('',#885);
#885 = CARTESIAN_POINT('',(0.32,-10.48,1.2));
#886 = LINE('',#887,#888);
#887 = CARTESIAN_POINT('',(0.32,-10.48,-7.6));
#888 = VECTOR('',#889,1.);
#889 = DIRECTION('',(0.,0.,1.));
#890 = ORIENTED_EDGE('',*,*,#891,.T.);
#891 = EDGE_CURVE('',#882,#892,#894,.T.);
#892 = VERTEX_POINT('',#893);
#893 = CARTESIAN_POINT('',(0.32,-9.84,-7.6));
#894 = LINE('',#895,#896);
#895 = CARTESIAN_POINT('',(0.32,-10.48,-7.6));
#896 = VECTOR('',#897,1.);
#897 = DIRECTION('',(-0.,1.,0.));
#898 = ORIENTED_EDGE('',*,*,#899,.T.);
#899 = EDGE_CURVE('',#892,#900,#902,.T.);
#900 = VERTEX_POINT('',#901);
#901 = CARTESIAN_POINT('',(0.32,-9.84,1.2));
#902 = LINE('',#903,#904);
#903 = CARTESIAN_POINT('',(0.32,-9.84,-7.6));
#904 = VECTOR('',#905,1.);
#905 = DIRECTION('',(0.,0.,1.));
#906 = ORIENTED_EDGE('',*,*,#907,.F.);
#907 = EDGE_CURVE('',#884,#900,#908,.T.);
#908 = LINE('',#909,#910);
#909 = CARTESIAN_POINT('',(0.32,-10.48,1.2));
#910 = VECTOR('',#911,1.);
#911 = DIRECTION('',(-0.,1.,0.));
#912 = PLANE('',#913);
#913 = AXIS2_PLACEMENT_3D('',#914,#915,#916);
#914 = CARTESIAN_POINT('',(0.32,-10.48,-7.6));
#915 = DIRECTION('',(1.,0.,-0.));
#916 = DIRECTION('',(0.,0.,1.));
#917 = ADVANCED_FACE('',(#918),#934,.F.);
#918 = FACE_BOUND('',#919,.F.);
#919 = EDGE_LOOP('',(#920,#926,#927,#933));
#920 = ORIENTED_EDGE('',*,*,#921,.F.);
#921 = EDGE_CURVE('',#842,#882,#922,.T.);
#922 = LINE('',#923,#924);
#923 = CARTESIAN_POINT('',(-0.32,-10.48,-7.6));
#924 = VECTOR('',#925,1.);
#925 = DIRECTION('',(1.,0.,-0.));
#926 = ORIENTED_EDGE('',*,*,#841,.T.);
#927 = ORIENTED_EDGE('',*,*,#928,.T.);
#928 = EDGE_CURVE('',#844,#884,#929,.T.);
#929 = LINE('',#930,#931);
#930 = CARTESIAN_POINT('',(-0.32,-10.48,1.2));
#931 = VECTOR('',#932,1.);
#932 = DIRECTION('',(1.,0.,-0.));
#933 = ORIENTED_EDGE('',*,*,#881,.F.);
#934 = PLANE('',#935);
#935 = AXIS2_PLACEMENT_3D('',#936,#937,#938);
#936 = CARTESIAN_POINT('',(-0.32,-10.48,-7.6));
#937 = DIRECTION('',(-0.,1.,0.));
#938 = DIRECTION('',(0.,0.,1.));
#939 = ADVANCED_FACE('',(#940),#956,.T.);
#940 = FACE_BOUND('',#941,.T.);
#941 = EDGE_LOOP('',(#942,#948,#949,#955));
#942 = ORIENTED_EDGE('',*,*,#943,.F.);
#943 = EDGE_CURVE('',#852,#892,#944,.T.);
#944 = LINE('',#945,#946);
#945 = CARTESIAN_POINT('',(-0.32,-9.84,-7.6));
#946 = VECTOR('',#947,1.);
#947 = DIRECTION('',(1.,0.,-0.));
#948 = ORIENTED_EDGE('',*,*,#859,.T.);
#949 = ORIENTED_EDGE('',*,*,#950,.T.);
#950 = EDGE_CURVE('',#860,#900,#951,.T.);
#951 = LINE('',#952,#953);
#952 = CARTESIAN_POINT('',(-0.32,-9.84,1.2));
#953 = VECTOR('',#954,1.);
#954 = DIRECTION('',(1.,0.,-0.));
#955 = ORIENTED_EDGE('',*,*,#899,.F.);
#956 = PLANE('',#957);
#957 = AXIS2_PLACEMENT_3D('',#958,#959,#960);
#958 = CARTESIAN_POINT('',(-0.32,-9.84,-7.6));
#959 = DIRECTION('',(-0.,1.,0.));
#960 = DIRECTION('',(0.,0.,1.));
#961 = ADVANCED_FACE('',(#962),#968,.F.);
#962 = FACE_BOUND('',#963,.F.);
#963 = EDGE_LOOP('',(#964,#965,#966,#967));
#964 = ORIENTED_EDGE('',*,*,#851,.F.);
#965 = ORIENTED_EDGE('',*,*,#921,.T.);
#966 = ORIENTED_EDGE('',*,*,#891,.T.);
#967 = ORIENTED_EDGE('',*,*,#943,.F.);
#968 = PLANE('',#969);
#969 = AXIS2_PLACEMENT_3D('',#970,#971,#972);
#970 = CARTESIAN_POINT('',(-0.32,-10.48,-7.6));
#971 = DIRECTION('',(0.,0.,1.));
#972 = DIRECTION('',(1.,0.,-0.));
#973 = ADVANCED_FACE('',(#974),#980,.T.);
#974 = FACE_BOUND('',#975,.T.);
#975 = EDGE_LOOP('',(#976,#977,#978,#979));
#976 = ORIENTED_EDGE('',*,*,#867,.F.);
#977 = ORIENTED_EDGE('',*,*,#928,.T.);
#978 = ORIENTED_EDGE('',*,*,#907,.T.);
#979 = ORIENTED_EDGE('',*,*,#950,.F.);
#980 = PLANE('',#981);
#981 = AXIS2_PLACEMENT_3D('',#982,#983,#984);
#982 = CARTESIAN_POINT('',(-0.32,-10.48,1.2));
#983 = DIRECTION('',(0.,0.,1.));
#984 = DIRECTION('',(1.,0.,-0.));
#985 = ( GEOMETRIC_REPRESENTATION_CONTEXT(3) 
GLOBAL_UNCERTAINTY_ASSIGNED_CONTEXT((#989)) GLOBAL_UNIT_ASSIGNED_CONTEXT
((#986,#987,#988)) REPRESENTATION_CONTEXT('Context #1',
  '3D Context with UNIT and UNCERTAINTY') );
#986 = ( LENGTH_UNIT() NAMED_UNIT(*) SI_UNIT(.MILLI.,.METRE.) );
#987 = ( NAMED_UNIT(*) PLANE_ANGLE_UNIT() SI_UNIT($,.RADIAN.) );
#988 = ( NAMED_UNIT(*) SI_UNIT($,.STERADIAN.) SOLID_ANGLE_UNIT() );
#989 = UNCERTAINTY_MEASURE_WITH_UNIT(LENGTH_MEASURE(1.E-07),#986,
  'distance_accuracy_value','confusion accuracy');
#990 = CONTEXT_DEPENDENT_SHAPE_REPRESENTATION(#991,#993);
#991 = ( REPRESENTATION_RELATIONSHIP('','',#84,#10) 
REPRESENTATION_RELATIONSHIP_WITH_TRANSFORMATION(#992) 
SHAPE_REPRESENTATION_RELATIONSHIP() );
#992 = ITEM_DEFINED_TRANSFORMATION('','',#11,#15);
#993 = PRODUCT_DEFINITION_SHAPE('Placement','Placement of an item',#994
  );
#994 = NEXT_ASSEMBLY_USAGE_OCCURRENCE('1','J2_3D','',#5,#79,$);
#995 = PRODUCT_RELATED_PRODUCT_CATEGORY('part',$,(#81));
#996 = SHAPE_DEFINITION_REPRESENTATION(#997,#1003);
#997 = PRODUCT_DEFINITION_SHAPE('','',#998);
#998 = PRODUCT_DEFINITION('design','',#999,#1002);
#999 = PRODUCT_DEFINITION_FORMATION('','',#1000);
#1000 = PRODUCT('electret_reference','electret_reference','',(#1001));
#1001 = PRODUCT_CONTEXT('',#2,'mechanical');
#1002 = PRODUCT_DEFINITION_CONTEXT('part definition',#2,'design');
#1003 = SHAPE_REPRESENTATION('',(#11,#1004,#1102),#1155);
#1004 = MANIFOLD_SOLID_BREP('',#1005);
#1005 = CLOSED_SHELL('',(#1006,#1039,#1059,#1068,#1093));
#1006 = ADVANCED_FACE('',(#1007),#1034,.T.);
#1007 = FACE_BOUND('',#1008,.T.);
#1008 = EDGE_LOOP('',(#1009,#1018,#1026,#1033));
#1009 = ORIENTED_EDGE('',*,*,#1010,.F.);
#1010 = EDGE_CURVE('',#1011,#1011,#1013,.T.);
#1011 = VERTEX_POINT('',#1012);
#1012 = CARTESIAN_POINT('',(4.801,-1.175905856541E-15,6.5));
#1013 = CIRCLE('',#1014,4.801);
#1014 = AXIS2_PLACEMENT_3D('',#1015,#1016,#1017);
#1015 = CARTESIAN_POINT('',(0.,0.,6.5));
#1016 = DIRECTION('',(0.,0.,1.));
#1017 = DIRECTION('',(1.,0.,-0.));
#1018 = ORIENTED_EDGE('',*,*,#1019,.F.);
#1019 = EDGE_CURVE('',#1020,#1011,#1022,.T.);
#1020 = VERTEX_POINT('',#1021);
#1021 = CARTESIAN_POINT('',(4.801,-1.175905856541E-15,0.));
#1022 = LINE('',#1023,#1024);
#1023 = CARTESIAN_POINT('',(4.801,-1.175905856541E-15,0.));
#1024 = VECTOR('',#1025,1.);
#1025 = DIRECTION('',(0.,0.,1.));
#1026 = ORIENTED_EDGE('',*,*,#1027,.T.);
#1027 = EDGE_CURVE('',#1020,#1020,#1028,.T.);
#1028 = CIRCLE('',#1029,4.801);
#1029 = AXIS2_PLACEMENT_3D('',#1030,#1031,#1032);
#1030 = CARTESIAN_POINT('',(0.,0.,0.));
#1031 = DIRECTION('',(0.,0.,1.));
#1032 = DIRECTION('',(1.,0.,-0.));
#1033 = ORIENTED_EDGE('',*,*,#1019,.T.);
#1034 = CYLINDRICAL_SURFACE('',#1035,4.801);
#1035 = AXIS2_PLACEMENT_3D('',#1036,#1037,#1038);
#1036 = CARTESIAN_POINT('',(0.,0.,0.));
#1037 = DIRECTION('',(0.,0.,1.));
#1038 = DIRECTION('',(1.,0.,-0.));
#1039 = ADVANCED_FACE('',(#1040,#1043),#1054,.T.);
#1040 = FACE_BOUND('',#1041,.T.);
#1041 = EDGE_LOOP('',(#1042));
#1042 = ORIENTED_EDGE('',*,*,#1010,.T.);
#1043 = FACE_BOUND('',#1044,.T.);
#1044 = EDGE_LOOP('',(#1045));
#1045 = ORIENTED_EDGE('',*,*,#1046,.F.);
#1046 = EDGE_CURVE('',#1047,#1047,#1049,.T.);
#1047 = VERTEX_POINT('',#1048);
#1048 = CARTESIAN_POINT('',(4.35,-1.065442715258E-15,6.5));
#1049 = CIRCLE('',#1050,4.35);
#1050 = AXIS2_PLACEMENT_3D('',#1051,#1052,#1053);
#1051 = CARTESIAN_POINT('',(0.,0.,6.5));
#1052 = DIRECTION('',(0.,0.,1.));
#1053 = DIRECTION('',(1.,0.,-0.));
#1054 = PLANE('',#1055);
#1055 = AXIS2_PLACEMENT_3D('',#1056,#1057,#1058);
#1056 = CARTESIAN_POINT('',(0.,0.,6.5));
#1057 = DIRECTION('',(0.,0.,1.));
#1058 = DIRECTION('',(1.,0.,-0.));
#1059 = ADVANCED_FACE('',(#1060),#1063,.F.);
#1060 = FACE_BOUND('',#1061,.T.);
#1061 = EDGE_LOOP('',(#1062));
#1062 = ORIENTED_EDGE('',*,*,#1027,.F.);
#1063 = PLANE('',#1064);
#1064 = AXIS2_PLACEMENT_3D('',#1065,#1066,#1067);
#1065 = CARTESIAN_POINT('',(0.,0.,0.));
#1066 = DIRECTION('',(0.,0.,1.));
#1067 = DIRECTION('',(1.,0.,-0.));
#1068 = ADVANCED_FACE('',(#1069),#1088,.F.);
#1069 = FACE_BOUND('',#1070,.F.);
#1070 = EDGE_LOOP('',(#1071,#1072,#1080,#1087));
#1071 = ORIENTED_EDGE('',*,*,#1046,.F.);
#1072 = ORIENTED_EDGE('',*,*,#1073,.F.);
#1073 = EDGE_CURVE('',#1074,#1047,#1076,.T.);
#1074 = VERTEX_POINT('',#1075);
#1075 = CARTESIAN_POINT('',(4.35,-1.065442715258E-15,6.3));
#1076 = LINE('',#1077,#1078);
#1077 = CARTESIAN_POINT('',(4.35,-1.065442715258E-15,6.3));
#1078 = VECTOR('',#1079,1.);
#1079 = DIRECTION('',(0.,0.,1.));
#1080 = ORIENTED_EDGE('',*,*,#1081,.T.);
#1081 = EDGE_CURVE('',#1074,#1074,#1082,.T.);
#1082 = CIRCLE('',#1083,4.35);
#1083 = AXIS2_PLACEMENT_3D('',#1084,#1085,#1086);
#1084 = CARTESIAN_POINT('',(0.,0.,6.3));
#1085 = DIRECTION('',(0.,0.,1.));
#1086 = DIRECTION('',(1.,0.,-0.));
#1087 = ORIENTED_EDGE('',*,*,#1073,.T.);
#1088 = CYLINDRICAL_SURFACE('',#1089,4.35);
#1089 = AXIS2_PLACEMENT_3D('',#1090,#1091,#1092);
#1090 = CARTESIAN_POINT('',(0.,0.,6.3));
#1091 = DIRECTION('',(0.,0.,1.));
#1092 = DIRECTION('',(1.,0.,-0.));
#1093 = ADVANCED_FACE('',(#1094),#1097,.T.);
#1094 = FACE_BOUND('',#1095,.F.);
#1095 = EDGE_LOOP('',(#1096));
#1096 = ORIENTED_EDGE('',*,*,#1081,.F.);
#1097 = PLANE('',#1098);
#1098 = AXIS2_PLACEMENT_3D('',#1099,#1100,#1101);
#1099 = CARTESIAN_POINT('',(0.,0.,6.3));
#1100 = DIRECTION('',(0.,0.,1.));
#1101 = DIRECTION('',(1.,0.,-0.));
#1102 = MANIFOLD_SOLID_BREP('',#1103);
#1103 = CLOSED_SHELL('',(#1104,#1137,#1146));
#1104 = ADVANCED_FACE('',(#1105),#1132,.T.);
#1105 = FACE_BOUND('',#1106,.T.);
#1106 = EDGE_LOOP('',(#1107,#1116,#1124,#1131));
#1107 = ORIENTED_EDGE('',*,*,#1108,.F.);
#1108 = EDGE_CURVE('',#1109,#1109,#1111,.T.);
#1109 = VERTEX_POINT('',#1110);
#1110 = CARTESIAN_POINT('',(4.3,-1.053196247267E-15,6.5));
#1111 = CIRCLE('',#1112,4.3);
#1112 = AXIS2_PLACEMENT_3D('',#1113,#1114,#1115);
#1113 = CARTESIAN_POINT('',(0.,0.,6.5));
#1114 = DIRECTION('',(0.,0.,1.));
#1115 = DIRECTION('',(1.,0.,-0.));
#1116 = ORIENTED_EDGE('',*,*,#1117,.F.);
#1117 = EDGE_CURVE('',#1118,#1109,#1120,.T.);
#1118 = VERTEX_POINT('',#1119);
#1119 = CARTESIAN_POINT('',(4.3,-1.053196247267E-15,6.3));
#1120 = LINE('',#1121,#1122);
#1121 = CARTESIAN_POINT('',(4.3,-1.053196247267E-15,6.3));
#1122 = VECTOR('',#1123,1.);
#1123 = DIRECTION('',(0.,0.,1.));
#1124 = ORIENTED_EDGE('',*,*,#1125,.T.);
#1125 = EDGE_CURVE('',#1118,#1118,#1126,.T.);
#1126 = CIRCLE('',#1127,4.3);
#1127 = AXIS2_PLACEMENT_3D('',#1128,#1129,#1130);
#1128 = CARTESIAN_POINT('',(0.,0.,6.3));
#1129 = DIRECTION('',(0.,0.,1.));
#1130 = DIRECTION('',(1.,0.,-0.));
#1131 = ORIENTED_EDGE('',*,*,#1117,.T.);
#1132 = CYLINDRICAL_SURFACE('',#1133,4.3);
#1133 = AXIS2_PLACEMENT_3D('',#1134,#1135,#1136);
#1134 = CARTESIAN_POINT('',(0.,0.,6.3));
#1135 = DIRECTION('',(0.,0.,1.));
#1136 = DIRECTION('',(1.,0.,-0.));
#1137 = ADVANCED_FACE('',(#1138),#1141,.T.);
#1138 = FACE_BOUND('',#1139,.T.);
#1139 = EDGE_LOOP('',(#1140));
#1140 = ORIENTED_EDGE('',*,*,#1108,.T.);
#1141 = PLANE('',#1142);
#1142 = AXIS2_PLACEMENT_3D('',#1143,#1144,#1145);
#1143 = CARTESIAN_POINT('',(0.,0.,6.5));
#1144 = DIRECTION('',(0.,0.,1.));
#1145 = DIRECTION('',(1.,0.,-0.));
#1146 = ADVANCED_FACE('',(#1147),#1150,.F.);
#1147 = FACE_BOUND('',#1148,.T.);
#1148 = EDGE_LOOP('',(#1149));
#1149 = ORIENTED_EDGE('',*,*,#1125,.F.);
#1150 = PLANE('',#1151);
#1151 = AXIS2_PLACEMENT_3D('',#1152,#1153,#1154);
#1152 = CARTESIAN_POINT('',(0.,0.,6.3));
#1153 = DIRECTION('',(0.,0.,1.));
#1154 = DIRECTION('',(1.,0.,-0.));
#1155 = ( GEOMETRIC_REPRESENTATION_CONTEXT(3) 
GLOBAL_UNCERTAINTY_ASSIGNED_CONTEXT((#1159)) 
GLOBAL_UNIT_ASSIGNED_CONTEXT((#1156,#1157,#1158)) REPRESENTATION_CONTEXT
('Context #1','3D Context with UNIT and UNCERTAINTY') );
#1156 = ( LENGTH_UNIT() NAMED_UNIT(*) SI_UNIT(.MILLI.,.METRE.) );
#1157 = ( NAMED_UNIT(*) PLANE_ANGLE_UNIT() SI_UNIT($,.RADIAN.) );
#1158 = ( NAMED_UNIT(*) SI_UNIT($,.STERADIAN.) SOLID_ANGLE_UNIT() );
#1159 = UNCERTAINTY_MEASURE_WITH_UNIT(LENGTH_MEASURE(1.E-07),#1156,
  'distance_accuracy_value','confusion accuracy');
#1160 = CONTEXT_DEPENDENT_SHAPE_REPRESENTATION(#1161,#1163);
#1161 = ( REPRESENTATION_RELATIONSHIP('','',#1003,#10) 
REPRESENTATION_RELATIONSHIP_WITH_TRANSFORMATION(#1162) 
SHAPE_REPRESENTATION_RELATIONSHIP() );
#1162 = ITEM_DEFINED_TRANSFORMATION('','',#11,#19);
#1163 = PRODUCT_DEFINITION_SHAPE('Placement','Placement of an item',
  #1164);
#1164 = NEXT_ASSEMBLY_USAGE_OCCURRENCE('2','Q1_3D','',#5,#998,$);
#1165 = PRODUCT_RELATED_PRODUCT_CATEGORY('part',$,(#1000));
#1166 = SHAPE_DEFINITION_REPRESENTATION(#1167,#1173);
#1167 = PRODUCT_DEFINITION_SHAPE('','',#1168);
#1168 = PRODUCT_DEFINITION('design','',#1169,#1172);
#1169 = PRODUCT_DEFINITION_FORMATION('','',#1170);
#1170 = PRODUCT('C_0805_2012Metric','C_0805_2012Metric','',(#1171));
#1171 = PRODUCT_CONTEXT('',#2,'mechanical');
#1172 = PRODUCT_DEFINITION_CONTEXT('part definition',#2,'design');
#1173 = ADVANCED_BREP_SHAPE_REPRESENTATION('',(#11,#1174),#2028);
#1174 = MANIFOLD_SOLID_BREP('',#1175);
#1175 = CLOSED_SHELL('',(#1176,#1252,#1283,#1308,#1333,#1357,#1381,#1406
    ,#1431,#1448,#1534,#1566,#1590,#1615,#1639,#1664,#1688,#1713,#1730,
    #1816,#1847,#1872,#1897,#1921,#1945,#1970,#1995,#2012));
#1176 = ADVANCED_FACE('',(#1177),#1247,.F.);
#1177 = FACE_BOUND('',#1178,.F.);
#1178 = EDGE_LOOP('',(#1179,#1189,#1198,#1206,#1215,#1223,#1232,#1240));
#1179 = ORIENTED_EDGE('',*,*,#1180,.F.);
#1180 = EDGE_CURVE('',#1181,#1183,#1185,.T.);
#1181 = VERTEX_POINT('',#1182);
#1182 = CARTESIAN_POINT('',(-1.,-0.625,4.E-02));
#1183 = VERTEX_POINT('',#1184);
#1184 = CARTESIAN_POINT('',(-1.,-0.625,1.21));
#1185 = LINE('',#1186,#1187);
#1186 = CARTESIAN_POINT('',(-1.,-0.625,0.));
#1187 = VECTOR('',#1188,1.);
#1188 = DIRECTION('',(0.,0.,1.));
#1189 = ORIENTED_EDGE('',*,*,#1190,.T.);
#1190 = EDGE_CURVE('',#1181,#1191,#1193,.T.);
#1191 = VERTEX_POINT('',#1192);
#1192 = CARTESIAN_POINT('',(-1.,-0.585,0.));
#1193 = CIRCLE('',#1194,4.E-02);
#1194 = AXIS2_PLACEMENT_3D('',#1195,#1196,#1197);
#1195 = CARTESIAN_POINT('',(-1.,-0.585,4.E-02));
#1196 = DIRECTION('',(1.,0.,-0.));
#1197 = DIRECTION('',(0.,0.,1.));
#1198 = ORIENTED_EDGE('',*,*,#1199,.T.);
#1199 = EDGE_CURVE('',#1191,#1200,#1202,.T.);
#1200 = VERTEX_POINT('',#1201);
#1201 = CARTESIAN_POINT('',(-1.,0.585,0.));
#1202 = LINE('',#1203,#1204);
#1203 = CARTESIAN_POINT('',(-1.,-0.625,0.));
#1204 = VECTOR('',#1205,1.);
#1205 = DIRECTION('',(0.,1.,0.));
#1206 = ORIENTED_EDGE('',*,*,#1207,.F.);
#1207 = EDGE_CURVE('',#1208,#1200,#1210,.T.);
#1208 = VERTEX_POINT('',#1209);
#1209 = CARTESIAN_POINT('',(-1.,0.625,4.E-02));
#1210 = CIRCLE('',#1211,4.E-02);
#1211 = AXIS2_PLACEMENT_3D('',#1212,#1213,#1214);
#1212 = CARTESIAN_POINT('',(-1.,0.585,4.E-02));
#1213 = DIRECTION('',(-1.,0.,0.));
#1214 = DIRECTION('',(0.,0.,1.));
#1215 = ORIENTED_EDGE('',*,*,#1216,.T.);
#1216 = EDGE_CURVE('',#1208,#1217,#1219,.T.);
#1217 = VERTEX_POINT('',#1218);
#1218 = CARTESIAN_POINT('',(-1.,0.625,1.21));
#1219 = LINE('',#1220,#1221);
#1220 = CARTESIAN_POINT('',(-1.,0.625,0.));
#1221 = VECTOR('',#1222,1.);
#1222 = DIRECTION('',(0.,0.,1.));
#1223 = ORIENTED_EDGE('',*,*,#1224,.T.);
#1224 = EDGE_CURVE('',#1217,#1225,#1227,.T.);
#1225 = VERTEX_POINT('',#1226);
#1226 = CARTESIAN_POINT('',(-1.,0.585,1.25));
#1227 = CIRCLE('',#1228,4.E-02);
#1228 = AXIS2_PLACEMENT_3D('',#1229,#1230,#1231);
#1229 = CARTESIAN_POINT('',(-1.,0.585,1.21));
#1230 = DIRECTION('',(1.,0.,-0.));
#1231 = DIRECTION('',(0.,0.,1.));
#1232 = ORIENTED_EDGE('',*,*,#1233,.F.);
#1233 = EDGE_CURVE('',#1234,#1225,#1236,.T.);
#1234 = VERTEX_POINT('',#1235);
#1235 = CARTESIAN_POINT('',(-1.,-0.585,1.25));
#1236 = LINE('',#1237,#1238);
#1237 = CARTESIAN_POINT('',(-1.,-0.625,1.25));
#1238 = VECTOR('',#1239,1.);
#1239 = DIRECTION('',(0.,1.,0.));
#1240 = ORIENTED_EDGE('',*,*,#1241,.F.);
#1241 = EDGE_CURVE('',#1183,#1234,#1242,.T.);
#1242 = CIRCLE('',#1243,4.E-02);
#1243 = AXIS2_PLACEMENT_3D('',#1244,#1245,#1246);
#1244 = CARTESIAN_POINT('',(-1.,-0.585,1.21));
#1245 = DIRECTION('',(-1.,0.,0.));
#1246 = DIRECTION('',(0.,0.,1.));
#1247 = PLANE('',#1248);
#1248 = AXIS2_PLACEMENT_3D('',#1249,#1250,#1251);
#1249 = CARTESIAN_POINT('',(-1.,-0.625,0.));
#1250 = DIRECTION('',(1.,0.,0.));
#1251 = DIRECTION('',(0.,0.,1.));
#1252 = ADVANCED_FACE('',(#1253),#1278,.F.);
#1253 = FACE_BOUND('',#1254,.F.);
#1254 = EDGE_LOOP('',(#1255,#1265,#1271,#1272));
#1255 = ORIENTED_EDGE('',*,*,#1256,.F.);
#1256 = EDGE_CURVE('',#1257,#1259,#1261,.T.);
#1257 = VERTEX_POINT('',#1258);
#1258 = CARTESIAN_POINT('',(-0.6,-0.625,4.E-02));
#1259 = VERTEX_POINT('',#1260);
#1260 = CARTESIAN_POINT('',(-0.6,-0.625,1.21));
#1261 = LINE('',#1262,#1263);
#1262 = CARTESIAN_POINT('',(-0.6,-0.625,0.));
#1263 = VECTOR('',#1264,1.);
#1264 = DIRECTION('',(0.,0.,1.));
#1265 = ORIENTED_EDGE('',*,*,#1266,.F.);
#1266 = EDGE_CURVE('',#1181,#1257,#1267,.T.);
#1267 = LINE('',#1268,#1269);
#1268 = CARTESIAN_POINT('',(-1.,-0.625,4.E-02));
#1269 = VECTOR('',#1270,1.);
#1270 = DIRECTION('',(1.,0.,0.));
#1271 = ORIENTED_EDGE('',*,*,#1180,.T.);
#1272 = ORIENTED_EDGE('',*,*,#1273,.T.);
#1273 = EDGE_CURVE('',#1183,#1259,#1274,.T.);
#1274 = LINE('',#1275,#1276);
#1275 = CARTESIAN_POINT('',(-1.,-0.625,1.21));
#1276 = VECTOR('',#1277,1.);
#1277 = DIRECTION('',(1.,0.,0.));
#1278 = PLANE('',#1279);
#1279 = AXIS2_PLACEMENT_3D('',#1280,#1281,#1282);
#1280 = CARTESIAN_POINT('',(-1.,-0.625,0.));
#1281 = DIRECTION('',(0.,1.,0.));
#1282 = DIRECTION('',(0.,-0.,1.));
#1283 = ADVANCED_FACE('',(#1284),#1303,.T.);
#1284 = FACE_BOUND('',#1285,.T.);
#1285 = EDGE_LOOP('',(#1286,#1287,#1295,#1302));
#1286 = ORIENTED_EDGE('',*,*,#1190,.T.);
#1287 = ORIENTED_EDGE('',*,*,#1288,.T.);
#1288 = EDGE_CURVE('',#1191,#1289,#1291,.T.);
#1289 = VERTEX_POINT('',#1290);
#1290 = CARTESIAN_POINT('',(-0.6,-0.585,0.));
#1291 = LINE('',#1292,#1293);
#1292 = CARTESIAN_POINT('',(-1.,-0.585,0.));
#1293 = VECTOR('',#1294,1.);
#1294 = DIRECTION('',(1.,0.,0.));
#1295 = ORIENTED_EDGE('',*,*,#1296,.F.);
#1296 = EDGE_CURVE('',#1257,#1289,#1297,.T.);
#1297 = CIRCLE('',#1298,4.E-02);
#1298 = AXIS2_PLACEMENT_3D('',#1299,#1300,#1301);
#1299 = CARTESIAN_POINT('',(-0.6,-0.585,4.E-02));
#1300 = DIRECTION('',(1.,0.,-0.));
#1301 = DIRECTION('',(0.,0.,1.));
#1302 = ORIENTED_EDGE('',*,*,#1266,.F.);
#1303 = CYLINDRICAL_SURFACE('',#1304,4.E-02);
#1304 = AXIS2_PLACEMENT_3D('',#1305,#1306,#1307);
#1305 = CARTESIAN_POINT('',(-1.,-0.585,4.E-02));
#1306 = DIRECTION('',(1.,0.,0.));
#1307 = DIRECTION('',(0.,-1.,0.));
#1308 = ADVANCED_FACE('',(#1309),#1328,.T.);
#1309 = FACE_BOUND('',#1310,.T.);
#1310 = EDGE_LOOP('',(#1311,#1312,#1321,#1327));
#1311 = ORIENTED_EDGE('',*,*,#1273,.T.);
#1312 = ORIENTED_EDGE('',*,*,#1313,.T.);
#1313 = EDGE_CURVE('',#1259,#1314,#1316,.T.);
#1314 = VERTEX_POINT('',#1315);
#1315 = CARTESIAN_POINT('',(-0.6,-0.585,1.25));
#1316 = CIRCLE('',#1317,4.E-02);
#1317 = AXIS2_PLACEMENT_3D('',#1318,#1319,#1320);
#1318 = CARTESIAN_POINT('',(-0.6,-0.585,1.21));
#1319 = DIRECTION('',(-1.,0.,0.));
#1320 = DIRECTION('',(0.,0.,1.));
#1321 = ORIENTED_EDGE('',*,*,#1322,.F.);
#1322 = EDGE_CURVE('',#1234,#1314,#1323,.T.);
#1323 = LINE('',#1324,#1325);
#1324 = CARTESIAN_POINT('',(-1.,-0.585,1.25));
#1325 = VECTOR('',#1326,1.);
#1326 = DIRECTION('',(1.,0.,0.));
#1327 = ORIENTED_EDGE('',*,*,#1241,.F.);
#1328 = CYLINDRICAL_SURFACE('',#1329,4.E-02);
#1329 = AXIS2_PLACEMENT_3D('',#1330,#1331,#1332);
#1330 = CARTESIAN_POINT('',(-1.,-0.585,1.21));
#1331 = DIRECTION('',(1.,0.,0.));
#1332 = DIRECTION('',(0.,-1.,0.));
#1333 = ADVANCED_FACE('',(#1334),#1352,.F.);
#1334 = FACE_BOUND('',#1335,.F.);
#1335 = EDGE_LOOP('',(#1336,#1337,#1338,#1346));
#1336 = ORIENTED_EDGE('',*,*,#1199,.F.);
#1337 = ORIENTED_EDGE('',*,*,#1288,.T.);
#1338 = ORIENTED_EDGE('',*,*,#1339,.T.);
#1339 = EDGE_CURVE('',#1289,#1340,#1342,.T.);
#1340 = VERTEX_POINT('',#1341);
#1341 = CARTESIAN_POINT('',(-0.6,0.585,0.));
#1342 = LINE('',#1343,#1344);
#1343 = CARTESIAN_POINT('',(-0.6,-0.625,0.));
#1344 = VECTOR('',#1345,1.);
#1345 = DIRECTION('',(0.,1.,0.));
#1346 = ORIENTED_EDGE('',*,*,#1347,.F.);
#1347 = EDGE_CURVE('',#1200,#1340,#1348,.T.);
#1348 = LINE('',#1349,#1350);
#1349 = CARTESIAN_POINT('',(-1.,0.585,0.));
#1350 = VECTOR('',#1351,1.);
#1351 = DIRECTION('',(1.,0.,0.));
#1352 = PLANE('',#1353);
#1353 = AXIS2_PLACEMENT_3D('',#1354,#1355,#1356);
#1354 = CARTESIAN_POINT('',(-1.,-0.625,0.));
#1355 = DIRECTION('',(0.,0.,1.));
#1356 = DIRECTION('',(1.,0.,-0.));
#1357 = ADVANCED_FACE('',(#1358),#1376,.T.);
#1358 = FACE_BOUND('',#1359,.T.);
#1359 = EDGE_LOOP('',(#1360,#1361,#1362,#1370));
#1360 = ORIENTED_EDGE('',*,*,#1233,.F.);
#1361 = ORIENTED_EDGE('',*,*,#1322,.T.);
#1362 = ORIENTED_EDGE('',*,*,#1363,.T.);
#1363 = EDGE_CURVE('',#1314,#1364,#1366,.T.);
#1364 = VERTEX_POINT('',#1365);
#1365 = CARTESIAN_POINT('',(-0.6,0.585,1.25));
#1366 = LINE('',#1367,#1368);
#1367 = CARTESIAN_POINT('',(-0.6,-0.625,1.25));
#1368 = VECTOR('',#1369,1.);
#1369 = DIRECTION('',(0.,1.,0.));
#1370 = ORIENTED_EDGE('',*,*,#1371,.F.);
#1371 = EDGE_CURVE('',#1225,#1364,#1372,.T.);
#1372 = LINE('',#1373,#1374);
#1373 = CARTESIAN_POINT('',(-1.,0.585,1.25));
#1374 = VECTOR('',#1375,1.);
#1375 = DIRECTION('',(1.,0.,0.));
#1376 = PLANE('',#1377);
#1377 = AXIS2_PLACEMENT_3D('',#1378,#1379,#1380);
#1378 = CARTESIAN_POINT('',(-1.,-0.625,1.25));
#1379 = DIRECTION('',(0.,0.,1.));
#1380 = DIRECTION('',(1.,0.,-0.));
#1381 = ADVANCED_FACE('',(#1382),#1401,.T.);
#1382 = FACE_BOUND('',#1383,.T.);
#1383 = EDGE_LOOP('',(#1384,#1392,#1399,#1400));
#1384 = ORIENTED_EDGE('',*,*,#1385,.T.);
#1385 = EDGE_CURVE('',#1208,#1386,#1388,.T.);
#1386 = VERTEX_POINT('',#1387);
#1387 = CARTESIAN_POINT('',(-0.6,0.625,4.E-02));
#1388 = LINE('',#1389,#1390);
#1389 = CARTESIAN_POINT('',(-1.,0.625,4.E-02));
#1390 = VECTOR('',#1391,1.);
#1391 = DIRECTION('',(1.,0.,0.));
#1392 = ORIENTED_EDGE('',*,*,#1393,.T.);
#1393 = EDGE_CURVE('',#1386,#1340,#1394,.T.);
#1394 = CIRCLE('',#1395,4.E-02);
#1395 = AXIS2_PLACEMENT_3D('',#1396,#1397,#1398);
#1396 = CARTESIAN_POINT('',(-0.6,0.585,4.E-02));
#1397 = DIRECTION('',(-1.,0.,0.));
#1398 = DIRECTION('',(0.,0.,1.));
#1399 = ORIENTED_EDGE('',*,*,#1347,.F.);
#1400 = ORIENTED_EDGE('',*,*,#1207,.F.);
#1401 = CYLINDRICAL_SURFACE('',#1402,4.E-02);
#1402 = AXIS2_PLACEMENT_3D('',#1403,#1404,#1405);
#1403 = CARTESIAN_POINT('',(-1.,0.585,4.E-02));
#1404 = DIRECTION('',(1.,0.,0.));
#1405 = DIRECTION('',(-0.,1.,0.));
#1406 = ADVANCED_FACE('',(#1407),#1426,.T.);
#1407 = FACE_BOUND('',#1408,.T.);
#1408 = EDGE_LOOP('',(#1409,#1410,#1411,#1420));
#1409 = ORIENTED_EDGE('',*,*,#1224,.T.);
#1410 = ORIENTED_EDGE('',*,*,#1371,.T.);
#1411 = ORIENTED_EDGE('',*,*,#1412,.F.);
#1412 = EDGE_CURVE('',#1413,#1364,#1415,.T.);
#1413 = VERTEX_POINT('',#1414);
#1414 = CARTESIAN_POINT('',(-0.6,0.625,1.21));
#1415 = CIRCLE('',#1416,4.E-02);
#1416 = AXIS2_PLACEMENT_3D('',#1417,#1418,#1419);
#1417 = CARTESIAN_POINT('',(-0.6,0.585,1.21));
#1418 = DIRECTION('',(1.,0.,-0.));
#1419 = DIRECTION('',(0.,0.,1.));
#1420 = ORIENTED_EDGE('',*,*,#1421,.F.);
#1421 = EDGE_CURVE('',#1217,#1413,#1422,.T.);
#1422 = LINE('',#1423,#1424);
#1423 = CARTESIAN_POINT('',(-1.,0.625,1.21));
#1424 = VECTOR('',#1425,1.);
#1425 = DIRECTION('',(1.,0.,0.));
#1426 = CYLINDRICAL_SURFACE('',#1427,4.E-02);
#1427 = AXIS2_PLACEMENT_3D('',#1428,#1429,#1430);
#1428 = CARTESIAN_POINT('',(-1.,0.585,1.21));
#1429 = DIRECTION('',(1.,0.,0.));
#1430 = DIRECTION('',(-0.,1.,0.));
#1431 = ADVANCED_FACE('',(#1432),#1443,.T.);
#1432 = FACE_BOUND('',#1433,.T.);
#1433 = EDGE_LOOP('',(#1434,#1440,#1441,#1442));
#1434 = ORIENTED_EDGE('',*,*,#1435,.F.);
#1435 = EDGE_CURVE('',#1386,#1413,#1436,.T.);
#1436 = LINE('',#1437,#1438);
#1437 = CARTESIAN_POINT('',(-0.6,0.625,0.));
#1438 = VECTOR('',#1439,1.);
#1439 = DIRECTION('',(0.,0.,1.));
#1440 = ORIENTED_EDGE('',*,*,#1385,.F.);
#1441 = ORIENTED_EDGE('',*,*,#1216,.T.);
#1442 = ORIENTED_EDGE('',*,*,#1421,.T.);
#1443 = PLANE('',#1444);
#1444 = AXIS2_PLACEMENT_3D('',#1445,#1446,#1447);
#1445 = CARTESIAN_POINT('',(-1.,0.625,0.));
#1446 = DIRECTION('',(0.,1.,0.));
#1447 = DIRECTION('',(0.,-0.,1.));
#1448 = ADVANCED_FACE('',(#1449,#1459),#1529,.T.);
#1449 = FACE_BOUND('',#1450,.T.);
#1450 = EDGE_LOOP('',(#1451,#1452,#1453,#1454,#1455,#1456,#1457,#1458));
#1451 = ORIENTED_EDGE('',*,*,#1256,.F.);
#1452 = ORIENTED_EDGE('',*,*,#1296,.T.);
#1453 = ORIENTED_EDGE('',*,*,#1339,.T.);
#1454 = ORIENTED_EDGE('',*,*,#1393,.F.);
#1455 = ORIENTED_EDGE('',*,*,#1435,.T.);
#1456 = ORIENTED_EDGE('',*,*,#1412,.T.);
#1457 = ORIENTED_EDGE('',*,*,#1363,.F.);
#1458 = ORIENTED_EDGE('',*,*,#1313,.F.);
#1459 = FACE_BOUND('',#1460,.T.);
#1460 = EDGE_LOOP('',(#1461,#1472,#1480,#1489,#1497,#1506,#1514,#1523));
#1461 = ORIENTED_EDGE('',*,*,#1462,.F.);
#1462 = EDGE_CURVE('',#1463,#1465,#1467,.T.);
#1463 = VERTEX_POINT('',#1464);
#1464 = CARTESIAN_POINT('',(-0.6,-0.585,8.E-02));
#1465 = VERTEX_POINT('',#1466);
#1466 = CARTESIAN_POINT('',(-0.6,-0.545,4.E-02));
#1467 = CIRCLE('',#1468,4.E-02);
#1468 = AXIS2_PLACEMENT_3D('',#1469,#1470,#1471);
#1469 = CARTESIAN_POINT('',(-0.6,-0.545,8.E-02));
#1470 = DIRECTION('',(1.,0.,-0.));
#1471 = DIRECTION('',(0.,0.,1.));
#1472 = ORIENTED_EDGE('',*,*,#1473,.T.);
#1473 = EDGE_CURVE('',#1463,#1474,#1476,.T.);
#1474 = VERTEX_POINT('',#1475);
#1475 = CARTESIAN_POINT('',(-0.6,-0.585,1.17));
#1476 = LINE('',#1477,#1478);
#1477 = CARTESIAN_POINT('',(-0.6,-0.585,4.E-02));
#1478 = VECTOR('',#1479,1.);
#1479 = DIRECTION('',(0.,0.,1.));
#1480 = ORIENTED_EDGE('',*,*,#1481,.T.);
#1481 = EDGE_CURVE('',#1474,#1482,#1484,.T.);
#1482 = VERTEX_POINT('',#1483);
#1483 = CARTESIAN_POINT('',(-0.6,-0.545,1.21));
#1484 = CIRCLE('',#1485,4.E-02);
#1485 = AXIS2_PLACEMENT_3D('',#1486,#1487,#1488);
#1486 = CARTESIAN_POINT('',(-0.6,-0.545,1.17));
#1487 = DIRECTION('',(-1.,0.,0.));
#1488 = DIRECTION('',(0.,0.,1.));
#1489 = ORIENTED_EDGE('',*,*,#1490,.T.);
#1490 = EDGE_CURVE('',#1482,#1491,#1493,.T.);
#1491 = VERTEX_POINT('',#1492);
#1492 = CARTESIAN_POINT('',(-0.6,0.545,1.21));
#1493 = LINE('',#1494,#1495);
#1494 = CARTESIAN_POINT('',(-0.6,-0.585,1.21));
#1495 = VECTOR('',#1496,1.);
#1496 = DIRECTION('',(0.,1.,0.));
#1497 = ORIENTED_EDGE('',*,*,#1498,.F.);
#1498 = EDGE_CURVE('',#1499,#1491,#1501,.T.);
#1499 = VERTEX_POINT('',#1500);
#1500 = CARTESIAN_POINT('',(-0.6,0.585,1.17));
#1501 = CIRCLE('',#1502,4.E-02);
#1502 = AXIS2_PLACEMENT_3D('',#1503,#1504,#1505);
#1503 = CARTESIAN_POINT('',(-0.6,0.545,1.17));
#1504 = DIRECTION('',(1.,0.,-0.));
#1505 = DIRECTION('',(0.,0.,1.));
#1506 = ORIENTED_EDGE('',*,*,#1507,.F.);
#1507 = EDGE_CURVE('',#1508,#1499,#1510,.T.);
#1508 = VERTEX_POINT('',#1509);
#1509 = CARTESIAN_POINT('',(-0.6,0.585,8.E-02));
#1510 = LINE('',#1511,#1512);
#1511 = CARTESIAN_POINT('',(-0.6,0.585,4.E-02));
#1512 = VECTOR('',#1513,1.);
#1513 = DIRECTION('',(0.,0.,1.));
#1514 = ORIENTED_EDGE('',*,*,#1515,.T.);
#1515 = EDGE_CURVE('',#1508,#1516,#1518,.T.);
#1516 = VERTEX_POINT('',#1517);
#1517 = CARTESIAN_POINT('',(-0.6,0.545,4.E-02));
#1518 = CIRCLE('',#1519,4.E-02);
#1519 = AXIS2_PLACEMENT_3D('',#1520,#1521,#1522);
#1520 = CARTESIAN_POINT('',(-0.6,0.545,8.E-02));
#1521 = DIRECTION('',(-1.,0.,0.));
#1522 = DIRECTION('',(0.,0.,1.));
#1523 = ORIENTED_EDGE('',*,*,#1524,.F.);
#1524 = EDGE_CURVE('',#1465,#1516,#1525,.T.);
#1525 = LINE('',#1526,#1527);
#1526 = CARTESIAN_POINT('',(-0.6,-0.585,4.E-02));
#1527 = VECTOR('',#1528,1.);
#1528 = DIRECTION('',(0.,1.,0.));
#1529 = PLANE('',#1530);
#1530 = AXIS2_PLACEMENT_3D('',#1531,#1532,#1533);
#1531 = CARTESIAN_POINT('',(-0.6,-0.625,0.));
#1532 = DIRECTION('',(1.,0.,0.));
#1533 = DIRECTION('',(0.,0.,1.));
#1534 = ADVANCED_FACE('',(#1535),#1561,.T.);
#1535 = FACE_BOUND('',#1536,.T.);
#1536 = EDGE_LOOP('',(#1537,#1538,#1546,#1555));
#1537 = ORIENTED_EDGE('',*,*,#1462,.T.);
#1538 = ORIENTED_EDGE('',*,*,#1539,.T.);
#1539 = EDGE_CURVE('',#1465,#1540,#1542,.T.);
#1540 = VERTEX_POINT('',#1541);
#1541 = CARTESIAN_POINT('',(0.6,-0.545,4.E-02));
#1542 = LINE('',#1543,#1544);
#1543 = CARTESIAN_POINT('',(-0.6,-0.545,4.E-02));
#1544 = VECTOR('',#1545,1.);
#1545 = DIRECTION('',(1.,0.,0.));
#1546 = ORIENTED_EDGE('',*,*,#1547,.F.);
#1547 = EDGE_CURVE('',#1548,#1540,#1550,.T.);
#1548 = VERTEX_POINT('',#1549);
#1549 = CARTESIAN_POINT('',(0.6,-0.585,8.E-02));
#1550 = CIRCLE('',#1551,4.E-02);
#1551 = AXIS2_PLACEMENT_3D('',#1552,#1553,#1554);
#1552 = CARTESIAN_POINT('',(0.6,-0.545,8.E-02));
#1553 = DIRECTION('',(1.,0.,-0.));
#1554 = DIRECTION('',(0.,0.,1.));
#1555 = ORIENTED_EDGE('',*,*,#1556,.F.);
#1556 = EDGE_CURVE('',#1463,#1548,#1557,.T.);
#1557 = LINE('',#1558,#1559);
#1558 = CARTESIAN_POINT('',(-0.6,-0.585,8.E-02));
#1559 = VECTOR('',#1560,1.);
#1560 = DIRECTION('',(1.,0.,0.));
#1561 = CYLINDRICAL_SURFACE('',#1562,4.E-02);
#1562 = AXIS2_PLACEMENT_3D('',#1563,#1564,#1565);
#1563 = CARTESIAN_POINT('',(-0.6,-0.545,8.E-02));
#1564 = DIRECTION('',(1.,0.,0.));
#1565 = DIRECTION('',(0.,-1.,0.));
#1566 = ADVANCED_FACE('',(#1567),#1585,.F.);
#1567 = FACE_BOUND('',#1568,.F.);
#1568 = EDGE_LOOP('',(#1569,#1570,#1571,#1579));
#1569 = ORIENTED_EDGE('',*,*,#1524,.F.);
#1570 = ORIENTED_EDGE('',*,*,#1539,.T.);
#1571 = ORIENTED_EDGE('',*,*,#1572,.T.);
#1572 = EDGE_CURVE('',#1540,#1573,#1575,.T.);
#1573 = VERTEX_POINT('',#1574);
#1574 = CARTESIAN_POINT('',(0.6,0.545,4.E-02));
#1575 = LINE('',#1576,#1577);
#1576 = CARTESIAN_POINT('',(0.6,-0.585,4.E-02));
#1577 = VECTOR('',#1578,1.);
#1578 = DIRECTION('',(0.,1.,0.));
#1579 = ORIENTED_EDGE('',*,*,#1580,.F.);
#1580 = EDGE_CURVE('',#1516,#1573,#1581,.T.);
#1581 = LINE('',#1582,#1583);
#1582 = CARTESIAN_POINT('',(-0.6,0.545,4.E-02));
#1583 = VECTOR('',#1584,1.);
#1584 = DIRECTION('',(1.,0.,0.));
#1585 = PLANE('',#1586);
#1586 = AXIS2_PLACEMENT_3D('',#1587,#1588,#1589);
#1587 = CARTESIAN_POINT('',(-0.6,-0.585,4.E-02));
#1588 = DIRECTION('',(0.,0.,1.));
#1589 = DIRECTION('',(1.,0.,-0.));
#1590 = ADVANCED_FACE('',(#1591),#1610,.T.);
#1591 = FACE_BOUND('',#1592,.T.);
#1592 = EDGE_LOOP('',(#1593,#1601,#1608,#1609));
#1593 = ORIENTED_EDGE('',*,*,#1594,.T.);
#1594 = EDGE_CURVE('',#1508,#1595,#1597,.T.);
#1595 = VERTEX_POINT('',#1596);
#1596 = CARTESIAN_POINT('',(0.6,0.585,8.E-02));
#1597 = LINE('',#1598,#1599);
#1598 = CARTESIAN_POINT('',(-0.6,0.585,8.E-02));
#1599 = VECTOR('',#1600,1.);
#1600 = DIRECTION('',(1.,0.,0.));
#1601 = ORIENTED_EDGE('',*,*,#1602,.T.);
#1602 = EDGE_CURVE('',#1595,#1573,#1603,.T.);
#1603 = CIRCLE('',#1604,4.E-02);
#1604 = AXIS2_PLACEMENT_3D('',#1605,#1606,#1607);
#1605 = CARTESIAN_POINT('',(0.6,0.545,8.E-02));
#1606 = DIRECTION('',(-1.,0.,0.));
#1607 = DIRECTION('',(0.,0.,1.));
#1608 = ORIENTED_EDGE('',*,*,#1580,.F.);
#1609 = ORIENTED_EDGE('',*,*,#1515,.F.);
#1610 = CYLINDRICAL_SURFACE('',#1611,4.E-02);
#1611 = AXIS2_PLACEMENT_3D('',#1612,#1613,#1614);
#1612 = CARTESIAN_POINT('',(-0.6,0.545,8.E-02));
#1613 = DIRECTION('',(1.,0.,0.));
#1614 = DIRECTION('',(-0.,1.,0.));
#1615 = ADVANCED_FACE('',(#1616),#1634,.T.);
#1616 = FACE_BOUND('',#1617,.T.);
#1617 = EDGE_LOOP('',(#1618,#1626,#1627,#1628));
#1618 = ORIENTED_EDGE('',*,*,#1619,.F.);
#1619 = EDGE_CURVE('',#1595,#1620,#1622,.T.);
#1620 = VERTEX_POINT('',#1621);
#1621 = CARTESIAN_POINT('',(0.6,0.585,1.17));
#1622 = LINE('',#1623,#1624);
#1623 = CARTESIAN_POINT('',(0.6,0.585,4.E-02));
#1624 = VECTOR('',#1625,1.);
#1625 = DIRECTION('',(0.,0.,1.));
#1626 = ORIENTED_EDGE('',*,*,#1594,.F.);
#1627 = ORIENTED_EDGE('',*,*,#1507,.T.);
#1628 = ORIENTED_EDGE('',*,*,#1629,.T.);
#1629 = EDGE_CURVE('',#1499,#1620,#1630,.T.);
#1630 = LINE('',#1631,#1632);
#1631 = CARTESIAN_POINT('',(-0.6,0.585,1.17));
#1632 = VECTOR('',#1633,1.);
#1633 = DIRECTION('',(1.,0.,0.));
#1634 = PLANE('',#1635);
#1635 = AXIS2_PLACEMENT_3D('',#1636,#1637,#1638);
#1636 = CARTESIAN_POINT('',(-0.6,0.585,4.E-02));
#1637 = DIRECTION('',(0.,1.,0.));
#1638 = DIRECTION('',(0.,-0.,1.));
#1639 = ADVANCED_FACE('',(#1640),#1659,.T.);
#1640 = FACE_BOUND('',#1641,.T.);
#1641 = EDGE_LOOP('',(#1642,#1643,#1651,#1658));
#1642 = ORIENTED_EDGE('',*,*,#1498,.T.);
#1643 = ORIENTED_EDGE('',*,*,#1644,.T.);
#1644 = EDGE_CURVE('',#1491,#1645,#1647,.T.);
#1645 = VERTEX_POINT('',#1646);
#1646 = CARTESIAN_POINT('',(0.6,0.545,1.21));
#1647 = LINE('',#1648,#1649);
#1648 = CARTESIAN_POINT('',(-0.6,0.545,1.21));
#1649 = VECTOR('',#1650,1.);
#1650 = DIRECTION('',(1.,0.,0.));
#1651 = ORIENTED_EDGE('',*,*,#1652,.F.);
#1652 = EDGE_CURVE('',#1620,#1645,#1653,.T.);
#1653 = CIRCLE('',#1654,4.E-02);
#1654 = AXIS2_PLACEMENT_3D('',#1655,#1656,#1657);
#1655 = CARTESIAN_POINT('',(0.6,0.545,1.17));
#1656 = DIRECTION('',(1.,0.,-0.));
#1657 = DIRECTION('',(0.,0.,1.));
#1658 = ORIENTED_EDGE('',*,*,#1629,.F.);
#1659 = CYLINDRICAL_SURFACE('',#1660,4.E-02);
#1660 = AXIS2_PLACEMENT_3D('',#1661,#1662,#1663);
#1661 = CARTESIAN_POINT('',(-0.6,0.545,1.17));
#1662 = DIRECTION('',(1.,0.,0.));
#1663 = DIRECTION('',(-0.,1.,0.));
#1664 = ADVANCED_FACE('',(#1665),#1683,.T.);
#1665 = FACE_BOUND('',#1666,.T.);
#1666 = EDGE_LOOP('',(#1667,#1668,#1676,#1682));
#1667 = ORIENTED_EDGE('',*,*,#1490,.F.);
#1668 = ORIENTED_EDGE('',*,*,#1669,.T.);
#1669 = EDGE_CURVE('',#1482,#1670,#1672,.T.);
#1670 = VERTEX_POINT('',#1671);
#1671 = CARTESIAN_POINT('',(0.6,-0.545,1.21));
#1672 = LINE('',#1673,#1674);
#1673 = CARTESIAN_POINT('',(-0.6,-0.545,1.21));
#1674 = VECTOR('',#1675,1.);
#1675 = DIRECTION('',(1.,0.,0.));
#1676 = ORIENTED_EDGE('',*,*,#1677,.T.);
#1677 = EDGE_CURVE('',#1670,#1645,#1678,.T.);
#1678 = LINE('',#1679,#1680);
#1679 = CARTESIAN_POINT('',(0.6,-0.585,1.21));
#1680 = VECTOR('',#1681,1.);
#1681 = DIRECTION('',(0.,1.,0.));
#1682 = ORIENTED_EDGE('',*,*,#1644,.F.);
#1683 = PLANE('',#1684);
#1684 = AXIS2_PLACEMENT_3D('',#1685,#1686,#1687);
#1685 = CARTESIAN_POINT('',(-0.6,-0.585,1.21));
#1686 = DIRECTION('',(0.,0.,1.));
#1687 = DIRECTION('',(1.,0.,-0.));
#1688 = ADVANCED_FACE('',(#1689),#1708,.T.);
#1689 = FACE_BOUND('',#1690,.T.);
#1690 = EDGE_LOOP('',(#1691,#1699,#1706,#1707));
#1691 = ORIENTED_EDGE('',*,*,#1692,.T.);
#1692 = EDGE_CURVE('',#1474,#1693,#1695,.T.);
#1693 = VERTEX_POINT('',#1694);
#1694 = CARTESIAN_POINT('',(0.6,-0.585,1.17));
#1695 = LINE('',#1696,#1697);
#1696 = CARTESIAN_POINT('',(-0.6,-0.585,1.17));
#1697 = VECTOR('',#1698,1.);
#1698 = DIRECTION('',(1.,0.,0.));
#1699 = ORIENTED_EDGE('',*,*,#1700,.T.);
#1700 = EDGE_CURVE('',#1693,#1670,#1701,.T.);
#1701 = CIRCLE('',#1702,4.E-02);
#1702 = AXIS2_PLACEMENT_3D('',#1703,#1704,#1705);
#1703 = CARTESIAN_POINT('',(0.6,-0.545,1.17));
#1704 = DIRECTION('',(-1.,0.,0.));
#1705 = DIRECTION('',(0.,0.,1.));
#1706 = ORIENTED_EDGE('',*,*,#1669,.F.);
#1707 = ORIENTED_EDGE('',*,*,#1481,.F.);
#1708 = CYLINDRICAL_SURFACE('',#1709,4.E-02);
#1709 = AXIS2_PLACEMENT_3D('',#1710,#1711,#1712);
#1710 = CARTESIAN_POINT('',(-0.6,-0.545,1.17));
#1711 = DIRECTION('',(1.,0.,0.));
#1712 = DIRECTION('',(0.,-1.,0.));
#1713 = ADVANCED_FACE('',(#1714),#1725,.F.);
#1714 = FACE_BOUND('',#1715,.F.);
#1715 = EDGE_LOOP('',(#1716,#1722,#1723,#1724));
#1716 = ORIENTED_EDGE('',*,*,#1717,.F.);
#1717 = EDGE_CURVE('',#1548,#1693,#1718,.T.);
#1718 = LINE('',#1719,#1720);
#1719 = CARTESIAN_POINT('',(0.6,-0.585,4.E-02));
#1720 = VECTOR('',#1721,1.);
#1721 = DIRECTION('',(0.,0.,1.));
#1722 = ORIENTED_EDGE('',*,*,#1556,.F.);
#1723 = ORIENTED_EDGE('',*,*,#1473,.T.);
#1724 = ORIENTED_EDGE('',*,*,#1692,.T.);
#1725 = PLANE('',#1726);
#1726 = AXIS2_PLACEMENT_3D('',#1727,#1728,#1729);
#1727 = CARTESIAN_POINT('',(-0.6,-0.585,4.E-02));
#1728 = DIRECTION('',(0.,1.,0.));
#1729 = DIRECTION('',(0.,-0.,1.));
#1730 = ADVANCED_FACE('',(#1731,#1801),#1811,.F.);
#1731 = FACE_BOUND('',#1732,.F.);
#1732 = EDGE_LOOP('',(#1733,#1743,#1752,#1760,#1769,#1777,#1786,#1794));
#1733 = ORIENTED_EDGE('',*,*,#1734,.F.);
#1734 = EDGE_CURVE('',#1735,#1737,#1739,.T.);
#1735 = VERTEX_POINT('',#1736);
#1736 = CARTESIAN_POINT('',(0.6,-0.625,4.E-02));
#1737 = VERTEX_POINT('',#1738);
#1738 = CARTESIAN_POINT('',(0.6,-0.625,1.21));
#1739 = LINE('',#1740,#1741);
#1740 = CARTESIAN_POINT('',(0.6,-0.625,0.));
#1741 = VECTOR('',#1742,1.);
#1742 = DIRECTION('',(0.,0.,1.));
#1743 = ORIENTED_EDGE('',*,*,#1744,.T.);
#1744 = EDGE_CURVE('',#1735,#1745,#1747,.T.);
#1745 = VERTEX_POINT('',#1746);
#1746 = CARTESIAN_POINT('',(0.6,-0.585,0.));
#1747 = CIRCLE('',#1748,4.E-02);
#1748 = AXIS2_PLACEMENT_3D('',#1749,#1750,#1751);
#1749 = CARTESIAN_POINT('',(0.6,-0.585,4.E-02));
#1750 = DIRECTION('',(1.,0.,-0.));
#1751 = DIRECTION('',(0.,0.,1.));
#1752 = ORIENTED_EDGE('',*,*,#1753,.T.);
#1753 = EDGE_CURVE('',#1745,#1754,#1756,.T.);
#1754 = VERTEX_POINT('',#1755);
#1755 = CARTESIAN_POINT('',(0.6,0.585,0.));
#1756 = LINE('',#1757,#1758);
#1757 = CARTESIAN_POINT('',(0.6,-0.625,0.));
#1758 = VECTOR('',#1759,1.);
#1759 = DIRECTION('',(0.,1.,0.));
#1760 = ORIENTED_EDGE('',*,*,#1761,.F.);
#1761 = EDGE_CURVE('',#1762,#1754,#1764,.T.);
#1762 = VERTEX_POINT('',#1763);
#1763 = CARTESIAN_POINT('',(0.6,0.625,4.E-02));
#1764 = CIRCLE('',#1765,4.E-02);
#1765 = AXIS2_PLACEMENT_3D('',#1766,#1767,#1768);
#1766 = CARTESIAN_POINT('',(0.6,0.585,4.E-02));
#1767 = DIRECTION('',(-1.,0.,0.));
#1768 = DIRECTION('',(0.,0.,1.));
#1769 = ORIENTED_EDGE('',*,*,#1770,.T.);
#1770 = EDGE_CURVE('',#1762,#1771,#1773,.T.);
#1771 = VERTEX_POINT('',#1772);
#1772 = CARTESIAN_POINT('',(0.6,0.625,1.21));
#1773 = LINE('',#1774,#1775);
#1774 = CARTESIAN_POINT('',(0.6,0.625,0.));
#1775 = VECTOR('',#1776,1.);
#1776 = DIRECTION('',(0.,0.,1.));
#1777 = ORIENTED_EDGE('',*,*,#1778,.T.);
#1778 = EDGE_CURVE('',#1771,#1779,#1781,.T.);
#1779 = VERTEX_POINT('',#1780);
#1780 = CARTESIAN_POINT('',(0.6,0.585,1.25));
#1781 = CIRCLE('',#1782,4.E-02);
#1782 = AXIS2_PLACEMENT_3D('',#1783,#1784,#1785);
#1783 = CARTESIAN_POINT('',(0.6,0.585,1.21));
#1784 = DIRECTION('',(1.,0.,-0.));
#1785 = DIRECTION('',(0.,0.,1.));
#1786 = ORIENTED_EDGE('',*,*,#1787,.F.);
#1787 = EDGE_CURVE('',#1788,#1779,#1790,.T.);
#1788 = VERTEX_POINT('',#1789);
#1789 = CARTESIAN_POINT('',(0.6,-0.585,1.25));
#1790 = LINE('',#1791,#1792);
#1791 = CARTESIAN_POINT('',(0.6,-0.625,1.25));
#1792 = VECTOR('',#1793,1.);
#1793 = DIRECTION('',(0.,1.,0.));
#1794 = ORIENTED_EDGE('',*,*,#1795,.F.);
#1795 = EDGE_CURVE('',#1737,#1788,#1796,.T.);
#1796 = CIRCLE('',#1797,4.E-02);
#1797 = AXIS2_PLACEMENT_3D('',#1798,#1799,#1800);
#1798 = CARTESIAN_POINT('',(0.6,-0.585,1.21));
#1799 = DIRECTION('',(-1.,0.,0.));
#1800 = DIRECTION('',(0.,0.,1.));
#1801 = FACE_BOUND('',#1802,.F.);
#1802 = EDGE_LOOP('',(#1803,#1804,#1805,#1806,#1807,#1808,#1809,#1810));
#1803 = ORIENTED_EDGE('',*,*,#1547,.F.);
#1804 = ORIENTED_EDGE('',*,*,#1717,.T.);
#1805 = ORIENTED_EDGE('',*,*,#1700,.T.);
#1806 = ORIENTED_EDGE('',*,*,#1677,.T.);
#1807 = ORIENTED_EDGE('',*,*,#1652,.F.);
#1808 = ORIENTED_EDGE('',*,*,#1619,.F.);
#1809 = ORIENTED_EDGE('',*,*,#1602,.T.);
#1810 = ORIENTED_EDGE('',*,*,#1572,.F.);
#1811 = PLANE('',#1812);
#1812 = AXIS2_PLACEMENT_3D('',#1813,#1814,#1815);
#1813 = CARTESIAN_POINT('',(0.6,-0.625,0.));
#1814 = DIRECTION('',(1.,0.,0.));
#1815 = DIRECTION('',(0.,0.,1.));
#1816 = ADVANCED_FACE('',(#1817),#1842,.F.);
#1817 = FACE_BOUND('',#1818,.F.);
#1818 = EDGE_LOOP('',(#1819,#1829,#1835,#1836));
#1819 = ORIENTED_EDGE('',*,*,#1820,.F.);
#1820 = EDGE_CURVE('',#1821,#1823,#1825,.T.);
#1821 = VERTEX_POINT('',#1822);
#1822 = CARTESIAN_POINT('',(1.,-0.625,4.E-02));
#1823 = VERTEX_POINT('',#1824);
#1824 = CARTESIAN_POINT('',(1.,-0.625,1.21));
#1825 = LINE('',#1826,#1827);
#1826 = CARTESIAN_POINT('',(1.,-0.625,0.));
#1827 = VECTOR('',#1828,1.);
#1828 = DIRECTION('',(0.,0.,1.));
#1829 = ORIENTED_EDGE('',*,*,#1830,.F.);
#1830 = EDGE_CURVE('',#1735,#1821,#1831,.T.);
#1831 = LINE('',#1832,#1833);
#1832 = CARTESIAN_POINT('',(0.6,-0.625,4.E-02));
#1833 = VECTOR('',#1834,1.);
#1834 = DIRECTION('',(1.,0.,0.));
#1835 = ORIENTED_EDGE('',*,*,#1734,.T.);
#1836 = ORIENTED_EDGE('',*,*,#1837,.T.);
#1837 = EDGE_CURVE('',#1737,#1823,#1838,.T.);
#1838 = LINE('',#1839,#1840);
#1839 = CARTESIAN_POINT('',(0.6,-0.625,1.21));
#1840 = VECTOR('',#1841,1.);
#1841 = DIRECTION('',(1.,0.,0.));
#1842 = PLANE('',#1843);
#1843 = AXIS2_PLACEMENT_3D('',#1844,#1845,#1846);
#1844 = CARTESIAN_POINT('',(0.6,-0.625,0.));
#1845 = DIRECTION('',(0.,1.,0.));
#1846 = DIRECTION('',(0.,-0.,1.));
#1847 = ADVANCED_FACE('',(#1848),#1867,.T.);
#1848 = FACE_BOUND('',#1849,.T.);
#1849 = EDGE_LOOP('',(#1850,#1851,#1859,#1866));
#1850 = ORIENTED_EDGE('',*,*,#1744,.T.);
#1851 = ORIENTED_EDGE('',*,*,#1852,.T.);
#1852 = EDGE_CURVE('',#1745,#1853,#1855,.T.);
#1853 = VERTEX_POINT('',#1854);
#1854 = CARTESIAN_POINT('',(1.,-0.585,0.));
#1855 = LINE('',#1856,#1857);
#1856 = CARTESIAN_POINT('',(0.6,-0.585,0.));
#1857 = VECTOR('',#1858,1.);
#1858 = DIRECTION('',(1.,0.,0.));
#1859 = ORIENTED_EDGE('',*,*,#1860,.F.);
#1860 = EDGE_CURVE('',#1821,#1853,#1861,.T.);
#1861 = CIRCLE('',#1862,4.E-02);
#1862 = AXIS2_PLACEMENT_3D('',#1863,#1864,#1865);
#1863 = CARTESIAN_POINT('',(1.,-0.585,4.E-02));
#1864 = DIRECTION('',(1.,0.,-0.));
#1865 = DIRECTION('',(0.,0.,1.));
#1866 = ORIENTED_EDGE('',*,*,#1830,.F.);
#1867 = CYLINDRICAL_SURFACE('',#1868,4.E-02);
#1868 = AXIS2_PLACEMENT_3D('',#1869,#1870,#1871);
#1869 = CARTESIAN_POINT('',(0.6,-0.585,4.E-02));
#1870 = DIRECTION('',(1.,0.,0.));
#1871 = DIRECTION('',(0.,-1.,0.));
#1872 = ADVANCED_FACE('',(#1873),#1892,.T.);
#1873 = FACE_BOUND('',#1874,.T.);
#1874 = EDGE_LOOP('',(#1875,#1876,#1885,#1891));
#1875 = ORIENTED_EDGE('',*,*,#1837,.T.);
#1876 = ORIENTED_EDGE('',*,*,#1877,.T.);
#1877 = EDGE_CURVE('',#1823,#1878,#1880,.T.);
#1878 = VERTEX_POINT('',#1879);
#1879 = CARTESIAN_POINT('',(1.,-0.585,1.25));
#1880 = CIRCLE('',#1881,4.E-02);
#1881 = AXIS2_PLACEMENT_3D('',#1882,#1883,#1884);
#1882 = CARTESIAN_POINT('',(1.,-0.585,1.21));
#1883 = DIRECTION('',(-1.,0.,0.));
#1884 = DIRECTION('',(0.,0.,1.));
#1885 = ORIENTED_EDGE('',*,*,#1886,.F.);
#1886 = EDGE_CURVE('',#1788,#1878,#1887,.T.);
#1887 = LINE('',#1888,#1889);
#1888 = CARTESIAN_POINT('',(0.6,-0.585,1.25));
#1889 = VECTOR('',#1890,1.);
#1890 = DIRECTION('',(1.,0.,0.));
#1891 = ORIENTED_EDGE('',*,*,#1795,.F.);
#1892 = CYLINDRICAL_SURFACE('',#1893,4.E-02);
#1893 = AXIS2_PLACEMENT_3D('',#1894,#1895,#1896);
#1894 = CARTESIAN_POINT('',(0.6,-0.585,1.21));
#1895 = DIRECTION('',(1.,0.,0.));
#1896 = DIRECTION('',(0.,-1.,0.));
#1897 = ADVANCED_FACE('',(#1898),#1916,.F.);
#1898 = FACE_BOUND('',#1899,.F.);
#1899 = EDGE_LOOP('',(#1900,#1901,#1902,#1910));
#1900 = ORIENTED_EDGE('',*,*,#1753,.F.);
#1901 = ORIENTED_EDGE('',*,*,#1852,.T.);
#1902 = ORIENTED_EDGE('',*,*,#1903,.T.);
#1903 = EDGE_CURVE('',#1853,#1904,#1906,.T.);
#1904 = VERTEX_POINT('',#1905);
#1905 = CARTESIAN_POINT('',(1.,0.585,0.));
#1906 = LINE('',#1907,#1908);
#1907 = CARTESIAN_POINT('',(1.,-0.625,0.));
#1908 = VECTOR('',#1909,1.);
#1909 = DIRECTION('',(0.,1.,0.));
#1910 = ORIENTED_EDGE('',*,*,#1911,.F.);
#1911 = EDGE_CURVE('',#1754,#1904,#1912,.T.);
#1912 = LINE('',#1913,#1914);
#1913 = CARTESIAN_POINT('',(0.6,0.585,0.));
#1914 = VECTOR('',#1915,1.);
#1915 = DIRECTION('',(1.,0.,0.));
#1916 = PLANE('',#1917);
#1917 = AXIS2_PLACEMENT_3D('',#1918,#1919,#1920);
#1918 = CARTESIAN_POINT('',(0.6,-0.625,0.));
#1919 = DIRECTION('',(0.,0.,1.));
#1920 = DIRECTION('',(1.,0.,-0.));
#1921 = ADVANCED_FACE('',(#1922),#1940,.T.);
#1922 = FACE_BOUND('',#1923,.T.);
#1923 = EDGE_LOOP('',(#1924,#1925,#1926,#1934));
#1924 = ORIENTED_EDGE('',*,*,#1787,.F.);
#1925 = ORIENTED_EDGE('',*,*,#1886,.T.);
#1926 = ORIENTED_EDGE('',*,*,#1927,.T.);
#1927 = EDGE_CURVE('',#1878,#1928,#1930,.T.);
#1928 = VERTEX_POINT('',#1929);
#1929 = CARTESIAN_POINT('',(1.,0.585,1.25));
#1930 = LINE('',#1931,#1932);
#1931 = CARTESIAN_POINT('',(1.,-0.625,1.25));
#1932 = VECTOR('',#1933,1.);
#1933 = DIRECTION('',(0.,1.,0.));
#1934 = ORIENTED_EDGE('',*,*,#1935,.F.);
#1935 = EDGE_CURVE('',#1779,#1928,#1936,.T.);
#1936 = LINE('',#1937,#1938);
#1937 = CARTESIAN_POINT('',(0.6,0.585,1.25));
#1938 = VECTOR('',#1939,1.);
#1939 = DIRECTION('',(1.,0.,0.));
#1940 = PLANE('',#1941);
#1941 = AXIS2_PLACEMENT_3D('',#1942,#1943,#1944);
#1942 = CARTESIAN_POINT('',(0.6,-0.625,1.25));
#1943 = DIRECTION('',(0.,0.,1.));
#1944 = DIRECTION('',(1.,0.,-0.));
#1945 = ADVANCED_FACE('',(#1946),#1965,.T.);
#1946 = FACE_BOUND('',#1947,.T.);
#1947 = EDGE_LOOP('',(#1948,#1956,#1963,#1964));
#1948 = ORIENTED_EDGE('',*,*,#1949,.T.);
#1949 = EDGE_CURVE('',#1762,#1950,#1952,.T.);
#1950 = VERTEX_POINT('',#1951);
#1951 = CARTESIAN_POINT('',(1.,0.625,4.E-02));
#1952 = LINE('',#1953,#1954);
#1953 = CARTESIAN_POINT('',(0.6,0.625,4.E-02));
#1954 = VECTOR('',#1955,1.);
#1955 = DIRECTION('',(1.,0.,0.));
#1956 = ORIENTED_EDGE('',*,*,#1957,.T.);
#1957 = EDGE_CURVE('',#1950,#1904,#1958,.T.);
#1958 = CIRCLE('',#1959,4.E-02);
#1959 = AXIS2_PLACEMENT_3D('',#1960,#1961,#1962);
#1960 = CARTESIAN_POINT('',(1.,0.585,4.E-02));
#1961 = DIRECTION('',(-1.,0.,0.));
#1962 = DIRECTION('',(0.,0.,1.));
#1963 = ORIENTED_EDGE('',*,*,#1911,.F.);
#1964 = ORIENTED_EDGE('',*,*,#1761,.F.);
#1965 = CYLINDRICAL_SURFACE('',#1966,4.E-02);
#1966 = AXIS2_PLACEMENT_3D('',#1967,#1968,#1969);
#1967 = CARTESIAN_POINT('',(0.6,0.585,4.E-02));
#1968 = DIRECTION('',(1.,0.,0.));
#1969 = DIRECTION('',(-0.,1.,0.));
#1970 = ADVANCED_FACE('',(#1971),#1990,.T.);
#1971 = FACE_BOUND('',#1972,.T.);
#1972 = EDGE_LOOP('',(#1973,#1974,#1975,#1984));
#1973 = ORIENTED_EDGE('',*,*,#1778,.T.);
#1974 = ORIENTED_EDGE('',*,*,#1935,.T.);
#1975 = ORIENTED_EDGE('',*,*,#1976,.F.);
#1976 = EDGE_CURVE('',#1977,#1928,#1979,.T.);
#1977 = VERTEX_POINT('',#1978);
#1978 = CARTESIAN_POINT('',(1.,0.625,1.21));
#1979 = CIRCLE('',#1980,4.E-02);
#1980 = AXIS2_PLACEMENT_3D('',#1981,#1982,#1983);
#1981 = CARTESIAN_POINT('',(1.,0.585,1.21));
#1982 = DIRECTION('',(1.,0.,-0.));
#1983 = DIRECTION('',(0.,0.,1.));
#1984 = ORIENTED_EDGE('',*,*,#1985,.F.);
#1985 = EDGE_CURVE('',#1771,#1977,#1986,.T.);
#1986 = LINE('',#1987,#1988);
#1987 = CARTESIAN_POINT('',(0.6,0.625,1.21));
#1988 = VECTOR('',#1989,1.);
#1989 = DIRECTION('',(1.,0.,0.));
#1990 = CYLINDRICAL_SURFACE('',#1991,4.E-02);
#1991 = AXIS2_PLACEMENT_3D('',#1992,#1993,#1994);
#1992 = CARTESIAN_POINT('',(0.6,0.585,1.21));
#1993 = DIRECTION('',(1.,0.,0.));
#1994 = DIRECTION('',(-0.,1.,0.));
#1995 = ADVANCED_FACE('',(#1996),#2007,.T.);
#1996 = FACE_BOUND('',#1997,.T.);
#1997 = EDGE_LOOP('',(#1998,#2004,#2005,#2006));
#1998 = ORIENTED_EDGE('',*,*,#1999,.F.);
#1999 = EDGE_CURVE('',#1950,#1977,#2000,.T.);
#2000 = LINE('',#2001,#2002);
#2001 = CARTESIAN_POINT('',(1.,0.625,0.));
#2002 = VECTOR('',#2003,1.);
#2003 = DIRECTION('',(0.,0.,1.));
#2004 = ORIENTED_EDGE('',*,*,#1949,.F.);
#2005 = ORIENTED_EDGE('',*,*,#1770,.T.);
#2006 = ORIENTED_EDGE('',*,*,#1985,.T.);
#2007 = PLANE('',#2008);
#2008 = AXIS2_PLACEMENT_3D('',#2009,#2010,#2011);
#2009 = CARTESIAN_POINT('',(0.6,0.625,0.));
#2010 = DIRECTION('',(0.,1.,0.));
#2011 = DIRECTION('',(0.,-0.,1.));
#2012 = ADVANCED_FACE('',(#2013),#2023,.T.);
#2013 = FACE_BOUND('',#2014,.T.);
#2014 = EDGE_LOOP('',(#2015,#2016,#2017,#2018,#2019,#2020,#2021,#2022));
#2015 = ORIENTED_EDGE('',*,*,#1820,.F.);
#2016 = ORIENTED_EDGE('',*,*,#1860,.T.);
#2017 = ORIENTED_EDGE('',*,*,#1903,.T.);
#2018 = ORIENTED_EDGE('',*,*,#1957,.F.);
#2019 = ORIENTED_EDGE('',*,*,#1999,.T.);
#2020 = ORIENTED_EDGE('',*,*,#1976,.T.);
#2021 = ORIENTED_EDGE('',*,*,#1927,.F.);
#2022 = ORIENTED_EDGE('',*,*,#1877,.F.);
#2023 = PLANE('',#2024);
#2024 = AXIS2_PLACEMENT_3D('',#2025,#2026,#2027);
#2025 = CARTESIAN_POINT('',(1.,-0.625,0.));
#2026 = DIRECTION('',(1.,0.,0.));
#2027 = DIRECTION('',(0.,0.,1.));
#2028 = ( GEOMETRIC_REPRESENTATION_CONTEXT(3) 
GLOBAL_UNCERTAINTY_ASSIGNED_CONTEXT((#2032)) 
GLOBAL_UNIT_ASSIGNED_CONTEXT((#2029,#2030,#2031)) REPRESENTATION_CONTEXT
('Context #1','3D Context with UNIT and UNCERTAINTY') );
#2029 = ( LENGTH_UNIT() NAMED_UNIT(*) SI_UNIT(.MILLI.,.METRE.) );
#2030 = ( NAMED_UNIT(*) PLANE_ANGLE_UNIT() SI_UNIT($,.RADIAN.) );
#2031 = ( NAMED_UNIT(*) SI_UNIT($,.STERADIAN.) SOLID_ANGLE_UNIT() );
#2032 = UNCERTAINTY_MEASURE_WITH_UNIT(LENGTH_MEASURE(1.E-07),#2029,
  'distance_accuracy_value','confusion accuracy');
#2033 = CONTEXT_DEPENDENT_SHAPE_REPRESENTATION(#2034,#2036);
#2034 = ( REPRESENTATION_RELATIONSHIP('','',#1173,#10) 
REPRESENTATION_RELATIONSHIP_WITH_TRANSFORMATION(#2035) 
SHAPE_REPRESENTATION_RELATIONSHIP() );
#2035 = ITEM_DEFINED_TRANSFORMATION('','',#11,#23);
#2036 = PRODUCT_DEFINITION_SHAPE('Placement','Placement of an item',
  #2037);
#2037 = NEXT_ASSEMBLY_USAGE_OCCURRENCE('3','C1_3D','',#5,#1168,$);
#2038 = PRODUCT_RELATED_PRODUCT_CATEGORY('part',$,(#1170));
#2039 = SHAPE_DEFINITION_REPRESENTATION(#2040,#2046);
#2040 = PRODUCT_DEFINITION_SHAPE('','',#2041);
#2041 = PRODUCT_DEFINITION('design','',#2042,#2045);
#2042 = PRODUCT_DEFINITION_FORMATION('','',#2043);
#2043 = PRODUCT('R_0805_2012Metric','R_0805_2012Metric','',(#2044));
#2044 = PRODUCT_CONTEXT('',#2,'mechanical');
#2045 = PRODUCT_DEFINITION_CONTEXT('part definition',#2,'design');
#2046 = ADVANCED_BREP_SHAPE_REPRESENTATION('',(#11,#2047),#2837);
#2047 = MANIFOLD_SOLID_BREP('',#2048);
#2048 = CLOSED_SHELL('',(#2049,#2089,#2172,#2197,#2222,#2289,#2306,#2323
    ,#2372,#2389,#2406,#2455,#2472,#2541,#2572,#2596,#2665,#2689,#2706,
    #2723,#2740,#2757,#2774,#2791,#2808,#2825));
#2049 = ADVANCED_FACE('',(#2050),#2084,.F.);
#2050 = FACE_BOUND('',#2051,.F.);
#2051 = EDGE_LOOP('',(#2052,#2062,#2070,#2078));
#2052 = ORIENTED_EDGE('',*,*,#2053,.F.);
#2053 = EDGE_CURVE('',#2054,#2056,#2058,.T.);
#2054 = VERTEX_POINT('',#2055);
#2055 = CARTESIAN_POINT('',(-1.,-0.6,4.5E-02));
#2056 = VERTEX_POINT('',#2057);
#2057 = CARTESIAN_POINT('',(-1.,-0.6,0.405));
#2058 = LINE('',#2059,#2060);
#2059 = CARTESIAN_POINT('',(-1.,-0.6,0.));
#2060 = VECTOR('',#2061,1.);
#2061 = DIRECTION('',(0.,0.,1.));
#2062 = ORIENTED_EDGE('',*,*,#2063,.T.);
#2063 = EDGE_CURVE('',#2054,#2064,#2066,.T.);
#2064 = VERTEX_POINT('',#2065);
#2065 = CARTESIAN_POINT('',(-1.,0.6,4.5E-02));
#2066 = LINE('',#2067,#2068);
#2067 = CARTESIAN_POINT('',(-1.,-0.6,4.5E-02));
#2068 = VECTOR('',#2069,1.);
#2069 = DIRECTION('',(0.,1.,0.));
#2070 = ORIENTED_EDGE('',*,*,#2071,.T.);
#2071 = EDGE_CURVE('',#2064,#2072,#2074,.T.);
#2072 = VERTEX_POINT('',#2073);
#2073 = CARTESIAN_POINT('',(-1.,0.6,0.405));
#2074 = LINE('',#2075,#2076);
#2075 = CARTESIAN_POINT('',(-1.,0.6,0.));
#2076 = VECTOR('',#2077,1.);
#2077 = DIRECTION('',(0.,0.,1.));
#2078 = ORIENTED_EDGE('',*,*,#2079,.F.);
#2079 = EDGE_CURVE('',#2056,#2072,#2080,.T.);
#2080 = LINE('',#2081,#2082);
#2081 = CARTESIAN_POINT('',(-1.,-0.6,0.405));
#2082 = VECTOR('',#2083,1.);
#2083 = DIRECTION('',(0.,1.,0.));
#2084 = PLANE('',#2085);
#2085 = AXIS2_PLACEMENT_3D('',#2086,#2087,#2088);
#2086 = CARTESIAN_POINT('',(-1.,-0.6,0.));
#2087 = DIRECTION('',(1.,0.,0.));
#2088 = DIRECTION('',(0.,0.,1.));
#2089 = ADVANCED_FACE('',(#2090),#2167,.F.);
#2090 = FACE_BOUND('',#2091,.F.);
#2091 = EDGE_LOOP('',(#2092,#2102,#2109,#2110,#2119,#2127,#2136,#2144,
    #2152,#2160));
#2092 = ORIENTED_EDGE('',*,*,#2093,.F.);
#2093 = EDGE_CURVE('',#2094,#2096,#2098,.T.);
#2094 = VERTEX_POINT('',#2095);
#2095 = CARTESIAN_POINT('',(-0.955,-0.6,-2.775557561563E-17));
#2096 = VERTEX_POINT('',#2097);
#2097 = CARTESIAN_POINT('',(-0.745,-0.6,-2.775557561563E-17));
#2098 = LINE('',#2099,#2100);
#2099 = CARTESIAN_POINT('',(-1.,-0.6,0.));
#2100 = VECTOR('',#2101,1.);
#2101 = DIRECTION('',(1.,0.,0.));
#2102 = ORIENTED_EDGE('',*,*,#2103,.F.);
#2103 = EDGE_CURVE('',#2054,#2094,#2104,.T.);
#2104 = CIRCLE('',#2105,4.5E-02);
#2105 = AXIS2_PLACEMENT_3D('',#2106,#2107,#2108);
#2106 = CARTESIAN_POINT('',(-0.955,-0.6,4.5E-02));
#2107 = DIRECTION('',(0.,-1.,0.));
#2108 = DIRECTION('',(0.,0.,1.));
#2109 = ORIENTED_EDGE('',*,*,#2053,.T.);
#2110 = ORIENTED_EDGE('',*,*,#2111,.T.);
#2111 = EDGE_CURVE('',#2056,#2112,#2114,.T.);
#2112 = VERTEX_POINT('',#2113);
#2113 = CARTESIAN_POINT('',(-0.955,-0.6,0.45));
#2114 = CIRCLE('',#2115,4.5E-02);
#2115 = AXIS2_PLACEMENT_3D('',#2116,#2117,#2118);
#2116 = CARTESIAN_POINT('',(-0.955,-0.6,0.405));
#2117 = DIRECTION('',(0.,1.,0.));
#2118 = DIRECTION('',(0.,-0.,1.));
#2119 = ORIENTED_EDGE('',*,*,#2120,.T.);
#2120 = EDGE_CURVE('',#2112,#2121,#2123,.T.);
#2121 = VERTEX_POINT('',#2122);
#2122 = CARTESIAN_POINT('',(-0.745,-0.6,0.45));
#2123 = LINE('',#2124,#2125);
#2124 = CARTESIAN_POINT('',(-1.,-0.6,0.45));
#2125 = VECTOR('',#2126,1.);
#2126 = DIRECTION('',(1.,0.,0.));
#2127 = ORIENTED_EDGE('',*,*,#2128,.F.);
#2128 = EDGE_CURVE('',#2129,#2121,#2131,.T.);
#2129 = VERTEX_POINT('',#2130);
#2130 = CARTESIAN_POINT('',(-0.7,-0.6,0.405));
#2131 = CIRCLE('',#2132,4.5E-02);
#2132 = AXIS2_PLACEMENT_3D('',#2133,#2134,#2135);
#2133 = CARTESIAN_POINT('',(-0.745,-0.6,0.405));
#2134 = DIRECTION('',(0.,-1.,0.));
#2135 = DIRECTION('',(0.,0.,1.));
#2136 = ORIENTED_EDGE('',*,*,#2137,.F.);
#2137 = EDGE_CURVE('',#2138,#2129,#2140,.T.);
#2138 = VERTEX_POINT('',#2139);
#2139 = CARTESIAN_POINT('',(-0.955,-0.6,0.405));
#2140 = LINE('',#2141,#2142);
#2141 = CARTESIAN_POINT('',(-0.955,-0.6,0.405));
#2142 = VECTOR('',#2143,1.);
#2143 = DIRECTION('',(1.,0.,0.));
#2144 = ORIENTED_EDGE('',*,*,#2145,.F.);
#2145 = EDGE_CURVE('',#2146,#2138,#2148,.T.);
#2146 = VERTEX_POINT('',#2147);
#2147 = CARTESIAN_POINT('',(-0.955,-0.6,4.5E-02));
#2148 = LINE('',#2149,#2150);
#2149 = CARTESIAN_POINT('',(-0.955,-0.6,4.5E-02));
#2150 = VECTOR('',#2151,1.);
#2151 = DIRECTION('',(0.,0.,1.));
#2152 = ORIENTED_EDGE('',*,*,#2153,.T.);
#2153 = EDGE_CURVE('',#2146,#2154,#2156,.T.);
#2154 = VERTEX_POINT('',#2155);
#2155 = CARTESIAN_POINT('',(-0.7,-0.6,4.5E-02));
#2156 = LINE('',#2157,#2158);
#2157 = CARTESIAN_POINT('',(-0.955,-0.6,4.5E-02));
#2158 = VECTOR('',#2159,1.);
#2159 = DIRECTION('',(1.,0.,0.));
#2160 = ORIENTED_EDGE('',*,*,#2161,.T.);
#2161 = EDGE_CURVE('',#2154,#2096,#2162,.T.);
#2162 = CIRCLE('',#2163,4.5E-02);
#2163 = AXIS2_PLACEMENT_3D('',#2164,#2165,#2166);
#2164 = CARTESIAN_POINT('',(-0.745,-0.6,4.5E-02));
#2165 = DIRECTION('',(0.,1.,0.));
#2166 = DIRECTION('',(0.,-0.,1.));
#2167 = PLANE('',#2168);
#2168 = AXIS2_PLACEMENT_3D('',#2169,#2170,#2171);
#2169 = CARTESIAN_POINT('',(-1.,-0.6,0.));
#2170 = DIRECTION('',(0.,1.,0.));
#2171 = DIRECTION('',(0.,-0.,1.));
#2172 = ADVANCED_FACE('',(#2173),#2192,.T.);
#2173 = FACE_BOUND('',#2174,.T.);
#2174 = EDGE_LOOP('',(#2175,#2176,#2185,#2191));
#2175 = ORIENTED_EDGE('',*,*,#2063,.T.);
#2176 = ORIENTED_EDGE('',*,*,#2177,.T.);
#2177 = EDGE_CURVE('',#2064,#2178,#2180,.T.);
#2178 = VERTEX_POINT('',#2179);
#2179 = CARTESIAN_POINT('',(-0.955,0.6,-2.775557561563E-17));
#2180 = CIRCLE('',#2181,4.5E-02);
#2181 = AXIS2_PLACEMENT_3D('',#2182,#2183,#2184);
#2182 = CARTESIAN_POINT('',(-0.955,0.6,4.5E-02));
#2183 = DIRECTION('',(0.,-1.,0.));
#2184 = DIRECTION('',(0.,0.,1.));
#2185 = ORIENTED_EDGE('',*,*,#2186,.F.);
#2186 = EDGE_CURVE('',#2094,#2178,#2187,.T.);
#2187 = LINE('',#2188,#2189);
#2188 = CARTESIAN_POINT('',(-0.955,-0.6,-2.775557561563E-17));
#2189 = VECTOR('',#2190,1.);
#2190 = DIRECTION('',(0.,1.,0.));
#2191 = ORIENTED_EDGE('',*,*,#2103,.F.);
#2192 = CYLINDRICAL_SURFACE('',#2193,4.5E-02);
#2193 = AXIS2_PLACEMENT_3D('',#2194,#2195,#2196);
#2194 = CARTESIAN_POINT('',(-0.955,-0.6,4.5E-02));
#2195 = DIRECTION('',(0.,1.,0.));
#2196 = DIRECTION('',(-1.,0.,0.));
#2197 = ADVANCED_FACE('',(#2198),#2217,.T.);
#2198 = FACE_BOUND('',#2199,.T.);
#2199 = EDGE_LOOP('',(#2200,#2201,#2209,#2216));
#2200 = ORIENTED_EDGE('',*,*,#2111,.T.);
#2201 = ORIENTED_EDGE('',*,*,#2202,.T.);
#2202 = EDGE_CURVE('',#2112,#2203,#2205,.T.);
#2203 = VERTEX_POINT('',#2204);
#2204 = CARTESIAN_POINT('',(-0.955,0.6,0.45));
#2205 = LINE('',#2206,#2207);
#2206 = CARTESIAN_POINT('',(-0.955,-0.6,0.45));
#2207 = VECTOR('',#2208,1.);
#2208 = DIRECTION('',(0.,1.,0.));
#2209 = ORIENTED_EDGE('',*,*,#2210,.F.);
#2210 = EDGE_CURVE('',#2072,#2203,#2211,.T.);
#2211 = CIRCLE('',#2212,4.5E-02);
#2212 = AXIS2_PLACEMENT_3D('',#2213,#2214,#2215);
#2213 = CARTESIAN_POINT('',(-0.955,0.6,0.405));
#2214 = DIRECTION('',(0.,1.,0.));
#2215 = DIRECTION('',(0.,-0.,1.));
#2216 = ORIENTED_EDGE('',*,*,#2079,.F.);
#2217 = CYLINDRICAL_SURFACE('',#2218,4.5E-02);
#2218 = AXIS2_PLACEMENT_3D('',#2219,#2220,#2221);
#2219 = CARTESIAN_POINT('',(-0.955,-0.6,0.405));
#2220 = DIRECTION('',(0.,1.,0.));
#2221 = DIRECTION('',(-1.,0.,0.));
#2222 = ADVANCED_FACE('',(#2223),#2284,.T.);
#2223 = FACE_BOUND('',#2224,.T.);
#2224 = EDGE_LOOP('',(#2225,#2233,#2234,#2235,#2236,#2244,#2253,#2261,
    #2269,#2277));
#2225 = ORIENTED_EDGE('',*,*,#2226,.F.);
#2226 = EDGE_CURVE('',#2178,#2227,#2229,.T.);
#2227 = VERTEX_POINT('',#2228);
#2228 = CARTESIAN_POINT('',(-0.745,0.6,-2.775557561563E-17));
#2229 = LINE('',#2230,#2231);
#2230 = CARTESIAN_POINT('',(-1.,0.6,0.));
#2231 = VECTOR('',#2232,1.);
#2232 = DIRECTION('',(1.,0.,0.));
#2233 = ORIENTED_EDGE('',*,*,#2177,.F.);
#2234 = ORIENTED_EDGE('',*,*,#2071,.T.);
#2235 = ORIENTED_EDGE('',*,*,#2210,.T.);
#2236 = ORIENTED_EDGE('',*,*,#2237,.T.);
#2237 = EDGE_CURVE('',#2203,#2238,#2240,.T.);
#2238 = VERTEX_POINT('',#2239);
#2239 = CARTESIAN_POINT('',(-0.745,0.6,0.45));
#2240 = LINE('',#2241,#2242);
#2241 = CARTESIAN_POINT('',(-1.,0.6,0.45));
#2242 = VECTOR('',#2243,1.);
#2243 = DIRECTION('',(1.,0.,0.));
#2244 = ORIENTED_EDGE('',*,*,#2245,.F.);
#2245 = EDGE_CURVE('',#2246,#2238,#2248,.T.);
#2246 = VERTEX_POINT('',#2247);
#2247 = CARTESIAN_POINT('',(-0.7,0.6,0.405));
#2248 = CIRCLE('',#2249,4.5E-02);
#2249 = AXIS2_PLACEMENT_3D('',#2250,#2251,#2252);
#2250 = CARTESIAN_POINT('',(-0.745,0.6,0.405));
#2251 = DIRECTION('',(0.,-1.,0.));
#2252 = DIRECTION('',(0.,0.,1.));
#2253 = ORIENTED_EDGE('',*,*,#2254,.F.);
#2254 = EDGE_CURVE('',#2255,#2246,#2257,.T.);
#2255 = VERTEX_POINT('',#2256);
#2256 = CARTESIAN_POINT('',(-0.955,0.6,0.405));
#2257 = LINE('',#2258,#2259);
#2258 = CARTESIAN_POINT('',(-0.955,0.6,0.405));
#2259 = VECTOR('',#2260,1.);
#2260 = DIRECTION('',(1.,0.,0.));
#2261 = ORIENTED_EDGE('',*,*,#2262,.F.);
#2262 = EDGE_CURVE('',#2263,#2255,#2265,.T.);
#2263 = VERTEX_POINT('',#2264);
#2264 = CARTESIAN_POINT('',(-0.955,0.6,4.5E-02));
#2265 = LINE('',#2266,#2267);
#2266 = CARTESIAN_POINT('',(-0.955,0.6,4.5E-02));
#2267 = VECTOR('',#2268,1.);
#2268 = DIRECTION('',(0.,0.,1.));
#2269 = ORIENTED_EDGE('',*,*,#2270,.T.);
#2270 = EDGE_CURVE('',#2263,#2271,#2273,.T.);
#2271 = VERTEX_POINT('',#2272);
#2272 = CARTESIAN_POINT('',(-0.7,0.6,4.5E-02));
#2273 = LINE('',#2274,#2275);
#2274 = CARTESIAN_POINT('',(-0.955,0.6,4.5E-02));
#2275 = VECTOR('',#2276,1.);
#2276 = DIRECTION('',(1.,0.,0.));
#2277 = ORIENTED_EDGE('',*,*,#2278,.T.);
#2278 = EDGE_CURVE('',#2271,#2227,#2279,.T.);
#2279 = CIRCLE('',#2280,4.5E-02);
#2280 = AXIS2_PLACEMENT_3D('',#2281,#2282,#2283);
#2281 = CARTESIAN_POINT('',(-0.745,0.6,4.5E-02));
#2282 = DIRECTION('',(0.,1.,0.));
#2283 = DIRECTION('',(0.,-0.,1.));
#2284 = PLANE('',#2285);
#2285 = AXIS2_PLACEMENT_3D('',#2286,#2287,#2288);
#2286 = CARTESIAN_POINT('',(-1.,0.6,0.));
#2287 = DIRECTION('',(0.,1.,0.));
#2288 = DIRECTION('',(0.,-0.,1.));
#2289 = ADVANCED_FACE('',(#2290),#2301,.F.);
#2290 = FACE_BOUND('',#2291,.F.);
#2291 = EDGE_LOOP('',(#2292,#2293,#2294,#2295));
#2292 = ORIENTED_EDGE('',*,*,#2226,.F.);
#2293 = ORIENTED_EDGE('',*,*,#2186,.F.);
#2294 = ORIENTED_EDGE('',*,*,#2093,.T.);
#2295 = ORIENTED_EDGE('',*,*,#2296,.T.);
#2296 = EDGE_CURVE('',#2096,#2227,#2297,.T.);
#2297 = LINE('',#2298,#2299);
#2298 = CARTESIAN_POINT('',(-0.745,-0.6,-2.775557561563E-17));
#2299 = VECTOR('',#2300,1.);
#2300 = DIRECTION('',(0.,1.,0.));
#2301 = PLANE('',#2302);
#2302 = AXIS2_PLACEMENT_3D('',#2303,#2304,#2305);
#2303 = CARTESIAN_POINT('',(-1.,-0.6,0.));
#2304 = DIRECTION('',(0.,0.,1.));
#2305 = DIRECTION('',(1.,0.,-0.));
#2306 = ADVANCED_FACE('',(#2307),#2318,.T.);
#2307 = FACE_BOUND('',#2308,.T.);
#2308 = EDGE_LOOP('',(#2309,#2310,#2311,#2312));
#2309 = ORIENTED_EDGE('',*,*,#2161,.T.);
#2310 = ORIENTED_EDGE('',*,*,#2296,.T.);
#2311 = ORIENTED_EDGE('',*,*,#2278,.F.);
#2312 = ORIENTED_EDGE('',*,*,#2313,.F.);
#2313 = EDGE_CURVE('',#2154,#2271,#2314,.T.);
#2314 = LINE('',#2315,#2316);
#2315 = CARTESIAN_POINT('',(-0.7,-0.6,4.5E-02));
#2316 = VECTOR('',#2317,1.);
#2317 = DIRECTION('',(0.,1.,0.));
#2318 = CYLINDRICAL_SURFACE('',#2319,4.5E-02);
#2319 = AXIS2_PLACEMENT_3D('',#2320,#2321,#2322);
#2320 = CARTESIAN_POINT('',(-0.745,-0.6,4.5E-02));
#2321 = DIRECTION('',(0.,1.,0.));
#2322 = DIRECTION('',(1.,0.,0.));
#2323 = ADVANCED_FACE('',(#2324),#2367,.F.);
#2324 = FACE_BOUND('',#2325,.F.);
#2325 = EDGE_LOOP('',(#2326,#2327,#2328,#2329,#2337,#2345,#2353,#2361));
#2326 = ORIENTED_EDGE('',*,*,#2153,.F.);
#2327 = ORIENTED_EDGE('',*,*,#2145,.T.);
#2328 = ORIENTED_EDGE('',*,*,#2137,.T.);
#2329 = ORIENTED_EDGE('',*,*,#2330,.T.);
#2330 = EDGE_CURVE('',#2129,#2331,#2333,.T.);
#2331 = VERTEX_POINT('',#2332);
#2332 = CARTESIAN_POINT('',(0.7,-0.6,0.405));
#2333 = LINE('',#2334,#2335);
#2334 = CARTESIAN_POINT('',(-0.7,-0.6,0.405));
#2335 = VECTOR('',#2336,1.);
#2336 = DIRECTION('',(1.,0.,0.));
#2337 = ORIENTED_EDGE('',*,*,#2338,.T.);
#2338 = EDGE_CURVE('',#2331,#2339,#2341,.T.);
#2339 = VERTEX_POINT('',#2340);
#2340 = CARTESIAN_POINT('',(0.955,-0.6,0.405));
#2341 = LINE('',#2342,#2343);
#2342 = CARTESIAN_POINT('',(-0.955,-0.6,0.405));
#2343 = VECTOR('',#2344,1.);
#2344 = DIRECTION('',(1.,0.,0.));
#2345 = ORIENTED_EDGE('',*,*,#2346,.F.);
#2346 = EDGE_CURVE('',#2347,#2339,#2349,.T.);
#2347 = VERTEX_POINT('',#2348);
#2348 = CARTESIAN_POINT('',(0.955,-0.6,4.5E-02));
#2349 = LINE('',#2350,#2351);
#2350 = CARTESIAN_POINT('',(0.955,-0.6,4.5E-02));
#2351 = VECTOR('',#2352,1.);
#2352 = DIRECTION('',(0.,0.,1.));
#2353 = ORIENTED_EDGE('',*,*,#2354,.F.);
#2354 = EDGE_CURVE('',#2355,#2347,#2357,.T.);
#2355 = VERTEX_POINT('',#2356);
#2356 = CARTESIAN_POINT('',(0.7,-0.6,4.5E-02));
#2357 = LINE('',#2358,#2359);
#2358 = CARTESIAN_POINT('',(-0.955,-0.6,4.5E-02));
#2359 = VECTOR('',#2360,1.);
#2360 = DIRECTION('',(1.,0.,0.));
#2361 = ORIENTED_EDGE('',*,*,#2362,.F.);
#2362 = EDGE_CURVE('',#2154,#2355,#2363,.T.);
#2363 = LINE('',#2364,#2365);
#2364 = CARTESIAN_POINT('',(-0.955,-0.6,4.5E-02));
#2365 = VECTOR('',#2366,1.);
#2366 = DIRECTION('',(1.,0.,0.));
#2367 = PLANE('',#2368);
#2368 = AXIS2_PLACEMENT_3D('',#2369,#2370,#2371);
#2369 = CARTESIAN_POINT('',(-0.955,-0.6,4.5E-02));
#2370 = DIRECTION('',(0.,1.,0.));
#2371 = DIRECTION('',(0.,-0.,1.));
#2372 = ADVANCED_FACE('',(#2373),#2384,.T.);
#2373 = FACE_BOUND('',#2374,.T.);
#2374 = EDGE_LOOP('',(#2375,#2376,#2377,#2378));
#2375 = ORIENTED_EDGE('',*,*,#2237,.F.);
#2376 = ORIENTED_EDGE('',*,*,#2202,.F.);
#2377 = ORIENTED_EDGE('',*,*,#2120,.T.);
#2378 = ORIENTED_EDGE('',*,*,#2379,.T.);
#2379 = EDGE_CURVE('',#2121,#2238,#2380,.T.);
#2380 = LINE('',#2381,#2382);
#2381 = CARTESIAN_POINT('',(-0.745,-0.6,0.45));
#2382 = VECTOR('',#2383,1.);
#2383 = DIRECTION('',(0.,1.,0.));
#2384 = PLANE('',#2385);
#2385 = AXIS2_PLACEMENT_3D('',#2386,#2387,#2388);
#2386 = CARTESIAN_POINT('',(-1.,-0.6,0.45));
#2387 = DIRECTION('',(0.,0.,1.));
#2388 = DIRECTION('',(1.,0.,-0.));
#2389 = ADVANCED_FACE('',(#2390),#2401,.T.);
#2390 = FACE_BOUND('',#2391,.T.);
#2391 = EDGE_LOOP('',(#2392,#2398,#2399,#2400));
#2392 = ORIENTED_EDGE('',*,*,#2393,.T.);
#2393 = EDGE_CURVE('',#2129,#2246,#2394,.T.);
#2394 = LINE('',#2395,#2396);
#2395 = CARTESIAN_POINT('',(-0.7,-0.6,0.405));
#2396 = VECTOR('',#2397,1.);
#2397 = DIRECTION('',(0.,1.,0.));
#2398 = ORIENTED_EDGE('',*,*,#2245,.T.);
#2399 = ORIENTED_EDGE('',*,*,#2379,.F.);
#2400 = ORIENTED_EDGE('',*,*,#2128,.F.);
#2401 = CYLINDRICAL_SURFACE('',#2402,4.5E-02);
#2402 = AXIS2_PLACEMENT_3D('',#2403,#2404,#2405);
#2403 = CARTESIAN_POINT('',(-0.745,-0.6,0.405));
#2404 = DIRECTION('',(0.,1.,0.));
#2405 = DIRECTION('',(1.,0.,0.));
#2406 = ADVANCED_FACE('',(#2407),#2450,.T.);
#2407 = FACE_BOUND('',#2408,.T.);
#2408 = EDGE_LOOP('',(#2409,#2410,#2411,#2412,#2420,#2428,#2436,#2444));
#2409 = ORIENTED_EDGE('',*,*,#2270,.F.);
#2410 = ORIENTED_EDGE('',*,*,#2262,.T.);
#2411 = ORIENTED_EDGE('',*,*,#2254,.T.);
#2412 = ORIENTED_EDGE('',*,*,#2413,.T.);
#2413 = EDGE_CURVE('',#2246,#2414,#2416,.T.);
#2414 = VERTEX_POINT('',#2415);
#2415 = CARTESIAN_POINT('',(0.7,0.6,0.405));
#2416 = LINE('',#2417,#2418);
#2417 = CARTESIAN_POINT('',(-0.7,0.6,0.405));
#2418 = VECTOR('',#2419,1.);
#2419 = DIRECTION('',(1.,0.,0.));
#2420 = ORIENTED_EDGE('',*,*,#2421,.T.);
#2421 = EDGE_CURVE('',#2414,#2422,#2424,.T.);
#2422 = VERTEX_POINT('',#2423);
#2423 = CARTESIAN_POINT('',(0.955,0.6,0.405));
#2424 = LINE('',#2425,#2426);
#2425 = CARTESIAN_POINT('',(-0.955,0.6,0.405));
#2426 = VECTOR('',#2427,1.);
#2427 = DIRECTION('',(1.,0.,0.));
#2428 = ORIENTED_EDGE('',*,*,#2429,.F.);
#2429 = EDGE_CURVE('',#2430,#2422,#2432,.T.);
#2430 = VERTEX_POINT('',#2431);
#2431 = CARTESIAN_POINT('',(0.955,0.6,4.5E-02));
#2432 = LINE('',#2433,#2434);
#2433 = CARTESIAN_POINT('',(0.955,0.6,4.5E-02));
#2434 = VECTOR('',#2435,1.);
#2435 = DIRECTION('',(0.,0.,1.));
#2436 = ORIENTED_EDGE('',*,*,#2437,.F.);
#2437 = EDGE_CURVE('',#2438,#2430,#2440,.T.);
#2438 = VERTEX_POINT('',#2439);
#2439 = CARTESIAN_POINT('',(0.7,0.6,4.5E-02));
#2440 = LINE('',#2441,#2442);
#2441 = CARTESIAN_POINT('',(-0.955,0.6,4.5E-02));
#2442 = VECTOR('',#2443,1.);
#2443 = DIRECTION('',(1.,0.,0.));
#2444 = ORIENTED_EDGE('',*,*,#2445,.F.);
#2445 = EDGE_CURVE('',#2271,#2438,#2446,.T.);
#2446 = LINE('',#2447,#2448);
#2447 = CARTESIAN_POINT('',(-0.955,0.6,4.5E-02));
#2448 = VECTOR('',#2449,1.);
#2449 = DIRECTION('',(1.,0.,0.));
#2450 = PLANE('',#2451);
#2451 = AXIS2_PLACEMENT_3D('',#2452,#2453,#2454);
#2452 = CARTESIAN_POINT('',(-0.955,0.6,4.5E-02));
#2453 = DIRECTION('',(0.,1.,0.));
#2454 = DIRECTION('',(0.,-0.,1.));
#2455 = ADVANCED_FACE('',(#2456),#2467,.F.);
#2456 = FACE_BOUND('',#2457,.F.);
#2457 = EDGE_LOOP('',(#2458,#2459,#2460,#2466));
#2458 = ORIENTED_EDGE('',*,*,#2313,.F.);
#2459 = ORIENTED_EDGE('',*,*,#2362,.T.);
#2460 = ORIENTED_EDGE('',*,*,#2461,.T.);
#2461 = EDGE_CURVE('',#2355,#2438,#2462,.T.);
#2462 = LINE('',#2463,#2464);
#2463 = CARTESIAN_POINT('',(0.7,-0.6,4.5E-02));
#2464 = VECTOR('',#2465,1.);
#2465 = DIRECTION('',(0.,1.,0.));
#2466 = ORIENTED_EDGE('',*,*,#2445,.F.);
#2467 = PLANE('',#2468);
#2468 = AXIS2_PLACEMENT_3D('',#2469,#2470,#2471);
#2469 = CARTESIAN_POINT('',(-0.955,-0.6,4.5E-02));
#2470 = DIRECTION('',(0.,0.,1.));
#2471 = DIRECTION('',(1.,0.,-0.));
#2472 = ADVANCED_FACE('',(#2473),#2536,.F.);
#2473 = FACE_BOUND('',#2474,.F.);
#2474 = EDGE_LOOP('',(#2475,#2485,#2492,#2493,#2494,#2495,#2504,#2512,
    #2521,#2529));
#2475 = ORIENTED_EDGE('',*,*,#2476,.F.);
#2476 = EDGE_CURVE('',#2477,#2479,#2481,.T.);
#2477 = VERTEX_POINT('',#2478);
#2478 = CARTESIAN_POINT('',(0.745,-0.6,-2.775557561563E-17));
#2479 = VERTEX_POINT('',#2480);
#2480 = CARTESIAN_POINT('',(0.955,-0.6,-2.775557561563E-17));
#2481 = LINE('',#2482,#2483);
#2482 = CARTESIAN_POINT('',(0.7,-0.6,0.));
#2483 = VECTOR('',#2484,1.);
#2484 = DIRECTION('',(1.,0.,0.));
#2485 = ORIENTED_EDGE('',*,*,#2486,.F.);
#2486 = EDGE_CURVE('',#2355,#2477,#2487,.T.);
#2487 = CIRCLE('',#2488,4.5E-02);
#2488 = AXIS2_PLACEMENT_3D('',#2489,#2490,#2491);
#2489 = CARTESIAN_POINT('',(0.745,-0.6,4.5E-02));
#2490 = DIRECTION('',(0.,-1.,0.));
#2491 = DIRECTION('',(0.,0.,1.));
#2492 = ORIENTED_EDGE('',*,*,#2354,.T.);
#2493 = ORIENTED_EDGE('',*,*,#2346,.T.);
#2494 = ORIENTED_EDGE('',*,*,#2338,.F.);
#2495 = ORIENTED_EDGE('',*,*,#2496,.T.);
#2496 = EDGE_CURVE('',#2331,#2497,#2499,.T.);
#2497 = VERTEX_POINT('',#2498);
#2498 = CARTESIAN_POINT('',(0.745,-0.6,0.45));
#2499 = CIRCLE('',#2500,4.5E-02);
#2500 = AXIS2_PLACEMENT_3D('',#2501,#2502,#2503);
#2501 = CARTESIAN_POINT('',(0.745,-0.6,0.405));
#2502 = DIRECTION('',(0.,1.,0.));
#2503 = DIRECTION('',(0.,-0.,1.));
#2504 = ORIENTED_EDGE('',*,*,#2505,.T.);
#2505 = EDGE_CURVE('',#2497,#2506,#2508,.T.);
#2506 = VERTEX_POINT('',#2507);
#2507 = CARTESIAN_POINT('',(0.955,-0.6,0.45));
#2508 = LINE('',#2509,#2510);
#2509 = CARTESIAN_POINT('',(0.7,-0.6,0.45));
#2510 = VECTOR('',#2511,1.);
#2511 = DIRECTION('',(1.,0.,0.));
#2512 = ORIENTED_EDGE('',*,*,#2513,.F.);
#2513 = EDGE_CURVE('',#2514,#2506,#2516,.T.);
#2514 = VERTEX_POINT('',#2515);
#2515 = CARTESIAN_POINT('',(1.,-0.6,0.405));
#2516 = CIRCLE('',#2517,4.5E-02);
#2517 = AXIS2_PLACEMENT_3D('',#2518,#2519,#2520);
#2518 = CARTESIAN_POINT('',(0.955,-0.6,0.405));
#2519 = DIRECTION('',(0.,-1.,0.));
#2520 = DIRECTION('',(0.,0.,1.));
#2521 = ORIENTED_EDGE('',*,*,#2522,.F.);
#2522 = EDGE_CURVE('',#2523,#2514,#2525,.T.);
#2523 = VERTEX_POINT('',#2524);
#2524 = CARTESIAN_POINT('',(1.,-0.6,4.5E-02));
#2525 = LINE('',#2526,#2527);
#2526 = CARTESIAN_POINT('',(1.,-0.6,0.));
#2527 = VECTOR('',#2528,1.);
#2528 = DIRECTION('',(0.,0.,1.));
#2529 = ORIENTED_EDGE('',*,*,#2530,.T.);
#2530 = EDGE_CURVE('',#2523,#2479,#2531,.T.);
#2531 = CIRCLE('',#2532,4.5E-02);
#2532 = AXIS2_PLACEMENT_3D('',#2533,#2534,#2535);
#2533 = CARTESIAN_POINT('',(0.955,-0.6,4.5E-02));
#2534 = DIRECTION('',(0.,1.,0.));
#2535 = DIRECTION('',(0.,-0.,1.));
#2536 = PLANE('',#2537);
#2537 = AXIS2_PLACEMENT_3D('',#2538,#2539,#2540);
#2538 = CARTESIAN_POINT('',(0.7,-0.6,0.));
#2539 = DIRECTION('',(0.,1.,0.));
#2540 = DIRECTION('',(0.,-0.,1.));
#2541 = ADVANCED_FACE('',(#2542),#2567,.F.);
#2542 = FACE_BOUND('',#2543,.F.);
#2543 = EDGE_LOOP('',(#2544,#2545,#2553,#2561));
#2544 = ORIENTED_EDGE('',*,*,#2330,.F.);
#2545 = ORIENTED_EDGE('',*,*,#2546,.T.);
#2546 = EDGE_CURVE('',#2129,#2547,#2549,.T.);
#2547 = VERTEX_POINT('',#2548);
#2548 = CARTESIAN_POINT('',(-0.7,-0.6,0.45));
#2549 = LINE('',#2550,#2551);
#2550 = CARTESIAN_POINT('',(-0.7,-0.6,0.405));
#2551 = VECTOR('',#2552,1.);
#2552 = DIRECTION('',(0.,0.,1.));
#2553 = ORIENTED_EDGE('',*,*,#2554,.T.);
#2554 = EDGE_CURVE('',#2547,#2555,#2557,.T.);
#2555 = VERTEX_POINT('',#2556);
#2556 = CARTESIAN_POINT('',(0.7,-0.6,0.45));
#2557 = LINE('',#2558,#2559);
#2558 = CARTESIAN_POINT('',(-0.7,-0.6,0.45));
#2559 = VECTOR('',#2560,1.);
#2560 = DIRECTION('',(1.,0.,0.));
#2561 = ORIENTED_EDGE('',*,*,#2562,.F.);
#2562 = EDGE_CURVE('',#2331,#2555,#2563,.T.);
#2563 = LINE('',#2564,#2565);
#2564 = CARTESIAN_POINT('',(0.7,-0.6,0.405));
#2565 = VECTOR('',#2566,1.);
#2566 = DIRECTION('',(0.,0.,1.));
#2567 = PLANE('',#2568);
#2568 = AXIS2_PLACEMENT_3D('',#2569,#2570,#2571);
#2569 = CARTESIAN_POINT('',(-0.7,-0.6,0.405));
#2570 = DIRECTION('',(0.,1.,0.));
#2571 = DIRECTION('',(0.,-0.,1.));
#2572 = ADVANCED_FACE('',(#2573),#2591,.F.);
#2573 = FACE_BOUND('',#2574,.F.);
#2574 = EDGE_LOOP('',(#2575,#2576,#2577,#2585));
#2575 = ORIENTED_EDGE('',*,*,#2546,.F.);
#2576 = ORIENTED_EDGE('',*,*,#2393,.T.);
#2577 = ORIENTED_EDGE('',*,*,#2578,.T.);
#2578 = EDGE_CURVE('',#2246,#2579,#2581,.T.);
#2579 = VERTEX_POINT('',#2580);
#2580 = CARTESIAN_POINT('',(-0.7,0.6,0.45));
#2581 = LINE('',#2582,#2583);
#2582 = CARTESIAN_POINT('',(-0.7,0.6,0.405));
#2583 = VECTOR('',#2584,1.);
#2584 = DIRECTION('',(0.,0.,1.));
#2585 = ORIENTED_EDGE('',*,*,#2586,.F.);
#2586 = EDGE_CURVE('',#2547,#2579,#2587,.T.);
#2587 = LINE('',#2588,#2589);
#2588 = CARTESIAN_POINT('',(-0.7,-0.6,0.45));
#2589 = VECTOR('',#2590,1.);
#2590 = DIRECTION('',(0.,1.,0.));
#2591 = PLANE('',#2592);
#2592 = AXIS2_PLACEMENT_3D('',#2593,#2594,#2595);
#2593 = CARTESIAN_POINT('',(-0.7,-0.6,0.405));
#2594 = DIRECTION('',(1.,0.,0.));
#2595 = DIRECTION('',(0.,0.,1.));
#2596 = ADVANCED_FACE('',(#2597),#2660,.T.);
#2597 = FACE_BOUND('',#2598,.T.);
#2598 = EDGE_LOOP('',(#2599,#2609,#2616,#2617,#2618,#2619,#2628,#2636,
    #2645,#2653));
#2599 = ORIENTED_EDGE('',*,*,#2600,.F.);
#2600 = EDGE_CURVE('',#2601,#2603,#2605,.T.);
#2601 = VERTEX_POINT('',#2602);
#2602 = CARTESIAN_POINT('',(0.745,0.6,-2.775557561563E-17));
#2603 = VERTEX_POINT('',#2604);
#2604 = CARTESIAN_POINT('',(0.955,0.6,-2.775557561563E-17));
#2605 = LINE('',#2606,#2607);
#2606 = CARTESIAN_POINT('',(0.7,0.6,0.));
#2607 = VECTOR('',#2608,1.);
#2608 = DIRECTION('',(1.,0.,0.));
#2609 = ORIENTED_EDGE('',*,*,#2610,.F.);
#2610 = EDGE_CURVE('',#2438,#2601,#2611,.T.);
#2611 = CIRCLE('',#2612,4.5E-02);
#2612 = AXIS2_PLACEMENT_3D('',#2613,#2614,#2615);
#2613 = CARTESIAN_POINT('',(0.745,0.6,4.5E-02));
#2614 = DIRECTION('',(0.,-1.,0.));
#2615 = DIRECTION('',(0.,0.,1.));
#2616 = ORIENTED_EDGE('',*,*,#2437,.T.);
#2617 = ORIENTED_EDGE('',*,*,#2429,.T.);
#2618 = ORIENTED_EDGE('',*,*,#2421,.F.);
#2619 = ORIENTED_EDGE('',*,*,#2620,.T.);
#2620 = EDGE_CURVE('',#2414,#2621,#2623,.T.);
#2621 = VERTEX_POINT('',#2622);
#2622 = CARTESIAN_POINT('',(0.745,0.6,0.45));
#2623 = CIRCLE('',#2624,4.5E-02);
#2624 = AXIS2_PLACEMENT_3D('',#2625,#2626,#2627);
#2625 = CARTESIAN_POINT('',(0.745,0.6,0.405));
#2626 = DIRECTION('',(0.,1.,0.));
#2627 = DIRECTION('',(0.,-0.,1.));
#2628 = ORIENTED_EDGE('',*,*,#2629,.T.);
#2629 = EDGE_CURVE('',#2621,#2630,#2632,.T.);
#2630 = VERTEX_POINT('',#2631);
#2631 = CARTESIAN_POINT('',(0.955,0.6,0.45));
#2632 = LINE('',#2633,#2634);
#2633 = CARTESIAN_POINT('',(0.7,0.6,0.45));
#2634 = VECTOR('',#2635,1.);
#2635 = DIRECTION('',(1.,0.,0.));
#2636 = ORIENTED_EDGE('',*,*,#2637,.F.);
#2637 = EDGE_CURVE('',#2638,#2630,#2640,.T.);
#2638 = VERTEX_POINT('',#2639);
#2639 = CARTESIAN_POINT('',(1.,0.6,0.405));
#2640 = CIRCLE('',#2641,4.5E-02);
#2641 = AXIS2_PLACEMENT_3D('',#2642,#2643,#2644);
#2642 = CARTESIAN_POINT('',(0.955,0.6,0.405));
#2643 = DIRECTION('',(0.,-1.,0.));
#2644 = DIRECTION('',(0.,0.,1.));
#2645 = ORIENTED_EDGE('',*,*,#2646,.F.);
#2646 = EDGE_CURVE('',#2647,#2638,#2649,.T.);
#2647 = VERTEX_POINT('',#2648);
#2648 = CARTESIAN_POINT('',(1.,0.6,4.5E-02));
#2649 = LINE('',#2650,#2651);
#2650 = CARTESIAN_POINT('',(1.,0.6,0.));
#2651 = VECTOR('',#2652,1.);
#2652 = DIRECTION('',(0.,0.,1.));
#2653 = ORIENTED_EDGE('',*,*,#2654,.T.);
#2654 = EDGE_CURVE('',#2647,#2603,#2655,.T.);
#2655 = CIRCLE('',#2656,4.5E-02);
#2656 = AXIS2_PLACEMENT_3D('',#2657,#2658,#2659);
#2657 = CARTESIAN_POINT('',(0.955,0.6,4.5E-02));
#2658 = DIRECTION('',(0.,1.,0.));
#2659 = DIRECTION('',(0.,-0.,1.));
#2660 = PLANE('',#2661);
#2661 = AXIS2_PLACEMENT_3D('',#2662,#2663,#2664);
#2662 = CARTESIAN_POINT('',(0.7,0.6,0.));
#2663 = DIRECTION('',(0.,1.,0.));
#2664 = DIRECTION('',(0.,-0.,1.));
#2665 = ADVANCED_FACE('',(#2666),#2684,.T.);
#2666 = FACE_BOUND('',#2667,.T.);
#2667 = EDGE_LOOP('',(#2668,#2669,#2670,#2678));
#2668 = ORIENTED_EDGE('',*,*,#2413,.F.);
#2669 = ORIENTED_EDGE('',*,*,#2578,.T.);
#2670 = ORIENTED_EDGE('',*,*,#2671,.T.);
#2671 = EDGE_CURVE('',#2579,#2672,#2674,.T.);
#2672 = VERTEX_POINT('',#2673);
#2673 = CARTESIAN_POINT('',(0.7,0.6,0.45));
#2674 = LINE('',#2675,#2676);
#2675 = CARTESIAN_POINT('',(-0.7,0.6,0.45));
#2676 = VECTOR('',#2677,1.);
#2677 = DIRECTION('',(1.,0.,0.));
#2678 = ORIENTED_EDGE('',*,*,#2679,.F.);
#2679 = EDGE_CURVE('',#2414,#2672,#2680,.T.);
#2680 = LINE('',#2681,#2682);
#2681 = CARTESIAN_POINT('',(0.7,0.6,0.405));
#2682 = VECTOR('',#2683,1.);
#2683 = DIRECTION('',(0.,0.,1.));
#2684 = PLANE('',#2685);
#2685 = AXIS2_PLACEMENT_3D('',#2686,#2687,#2688);
#2686 = CARTESIAN_POINT('',(-0.7,0.6,0.405));
#2687 = DIRECTION('',(0.,1.,0.));
#2688 = DIRECTION('',(0.,-0.,1.));
#2689 = ADVANCED_FACE('',(#2690),#2701,.T.);
#2690 = FACE_BOUND('',#2691,.T.);
#2691 = EDGE_LOOP('',(#2692,#2693,#2694,#2700));
#2692 = ORIENTED_EDGE('',*,*,#2461,.T.);
#2693 = ORIENTED_EDGE('',*,*,#2610,.T.);
#2694 = ORIENTED_EDGE('',*,*,#2695,.F.);
#2695 = EDGE_CURVE('',#2477,#2601,#2696,.T.);
#2696 = LINE('',#2697,#2698);
#2697 = CARTESIAN_POINT('',(0.745,-0.6,-2.775557561563E-17));
#2698 = VECTOR('',#2699,1.);
#2699 = DIRECTION('',(0.,1.,0.));
#2700 = ORIENTED_EDGE('',*,*,#2486,.F.);
#2701 = CYLINDRICAL_SURFACE('',#2702,4.5E-02);
#2702 = AXIS2_PLACEMENT_3D('',#2703,#2704,#2705);
#2703 = CARTESIAN_POINT('',(0.745,-0.6,4.5E-02));
#2704 = DIRECTION('',(0.,1.,0.));
#2705 = DIRECTION('',(-1.,0.,0.));
#2706 = ADVANCED_FACE('',(#2707),#2718,.F.);
#2707 = FACE_BOUND('',#2708,.F.);
#2708 = EDGE_LOOP('',(#2709,#2710,#2711,#2712));
#2709 = ORIENTED_EDGE('',*,*,#2600,.F.);
#2710 = ORIENTED_EDGE('',*,*,#2695,.F.);
#2711 = ORIENTED_EDGE('',*,*,#2476,.T.);
#2712 = ORIENTED_EDGE('',*,*,#2713,.T.);
#2713 = EDGE_CURVE('',#2479,#2603,#2714,.T.);
#2714 = LINE('',#2715,#2716);
#2715 = CARTESIAN_POINT('',(0.955,-0.6,-2.775557561563E-17));
#2716 = VECTOR('',#2717,1.);
#2717 = DIRECTION('',(0.,1.,0.));
#2718 = PLANE('',#2719);
#2719 = AXIS2_PLACEMENT_3D('',#2720,#2721,#2722);
#2720 = CARTESIAN_POINT('',(0.7,-0.6,0.));
#2721 = DIRECTION('',(0.,0.,1.));
#2722 = DIRECTION('',(1.,0.,-0.));
#2723 = ADVANCED_FACE('',(#2724),#2735,.T.);
#2724 = FACE_BOUND('',#2725,.T.);
#2725 = EDGE_LOOP('',(#2726,#2727,#2728,#2729));
#2726 = ORIENTED_EDGE('',*,*,#2530,.T.);
#2727 = ORIENTED_EDGE('',*,*,#2713,.T.);
#2728 = ORIENTED_EDGE('',*,*,#2654,.F.);
#2729 = ORIENTED_EDGE('',*,*,#2730,.F.);
#2730 = EDGE_CURVE('',#2523,#2647,#2731,.T.);
#2731 = LINE('',#2732,#2733);
#2732 = CARTESIAN_POINT('',(1.,-0.6,4.5E-02));
#2733 = VECTOR('',#2734,1.);
#2734 = DIRECTION('',(0.,1.,0.));
#2735 = CYLINDRICAL_SURFACE('',#2736,4.5E-02);
#2736 = AXIS2_PLACEMENT_3D('',#2737,#2738,#2739);
#2737 = CARTESIAN_POINT('',(0.955,-0.6,4.5E-02));
#2738 = DIRECTION('',(0.,1.,0.));
#2739 = DIRECTION('',(1.,0.,0.));
#2740 = ADVANCED_FACE('',(#2741),#2752,.T.);
#2741 = FACE_BOUND('',#2742,.T.);
#2742 = EDGE_LOOP('',(#2743,#2744,#2745,#2746));
#2743 = ORIENTED_EDGE('',*,*,#2522,.F.);
#2744 = ORIENTED_EDGE('',*,*,#2730,.T.);
#2745 = ORIENTED_EDGE('',*,*,#2646,.T.);
#2746 = ORIENTED_EDGE('',*,*,#2747,.F.);
#2747 = EDGE_CURVE('',#2514,#2638,#2748,.T.);
#2748 = LINE('',#2749,#2750);
#2749 = CARTESIAN_POINT('',(1.,-0.6,0.405));
#2750 = VECTOR('',#2751,1.);
#2751 = DIRECTION('',(0.,1.,0.));
#2752 = PLANE('',#2753);
#2753 = AXIS2_PLACEMENT_3D('',#2754,#2755,#2756);
#2754 = CARTESIAN_POINT('',(1.,-0.6,0.));
#2755 = DIRECTION('',(1.,0.,0.));
#2756 = DIRECTION('',(0.,0.,1.));
#2757 = ADVANCED_FACE('',(#2758),#2769,.T.);
#2758 = FACE_BOUND('',#2759,.T.);
#2759 = EDGE_LOOP('',(#2760,#2761,#2762,#2768));
#2760 = ORIENTED_EDGE('',*,*,#2747,.T.);
#2761 = ORIENTED_EDGE('',*,*,#2637,.T.);
#2762 = ORIENTED_EDGE('',*,*,#2763,.F.);
#2763 = EDGE_CURVE('',#2506,#2630,#2764,.T.);
#2764 = LINE('',#2765,#2766);
#2765 = CARTESIAN_POINT('',(0.955,-0.6,0.45));
#2766 = VECTOR('',#2767,1.);
#2767 = DIRECTION('',(0.,1.,0.));
#2768 = ORIENTED_EDGE('',*,*,#2513,.F.);
#2769 = CYLINDRICAL_SURFACE('',#2770,4.5E-02);
#2770 = AXIS2_PLACEMENT_3D('',#2771,#2772,#2773);
#2771 = CARTESIAN_POINT('',(0.955,-0.6,0.405));
#2772 = DIRECTION('',(0.,1.,0.));
#2773 = DIRECTION('',(1.,0.,0.));
#2774 = ADVANCED_FACE('',(#2775),#2786,.T.);
#2775 = FACE_BOUND('',#2776,.T.);
#2776 = EDGE_LOOP('',(#2777,#2778,#2784,#2785));
#2777 = ORIENTED_EDGE('',*,*,#2629,.F.);
#2778 = ORIENTED_EDGE('',*,*,#2779,.F.);
#2779 = EDGE_CURVE('',#2497,#2621,#2780,.T.);
#2780 = LINE('',#2781,#2782);
#2781 = CARTESIAN_POINT('',(0.745,-0.6,0.45));
#2782 = VECTOR('',#2783,1.);
#2783 = DIRECTION('',(0.,1.,0.));
#2784 = ORIENTED_EDGE('',*,*,#2505,.T.);
#2785 = ORIENTED_EDGE('',*,*,#2763,.T.);
#2786 = PLANE('',#2787);
#2787 = AXIS2_PLACEMENT_3D('',#2788,#2789,#2790);
#2788 = CARTESIAN_POINT('',(0.7,-0.6,0.45));
#2789 = DIRECTION('',(0.,0.,1.));
#2790 = DIRECTION('',(1.,0.,-0.));
#2791 = ADVANCED_FACE('',(#2792),#2803,.T.);
#2792 = FACE_BOUND('',#2793,.T.);
#2793 = EDGE_LOOP('',(#2794,#2795,#2796,#2797));
#2794 = ORIENTED_EDGE('',*,*,#2496,.T.);
#2795 = ORIENTED_EDGE('',*,*,#2779,.T.);
#2796 = ORIENTED_EDGE('',*,*,#2620,.F.);
#2797 = ORIENTED_EDGE('',*,*,#2798,.F.);
#2798 = EDGE_CURVE('',#2331,#2414,#2799,.T.);
#2799 = LINE('',#2800,#2801);
#2800 = CARTESIAN_POINT('',(0.7,-0.6,0.405));
#2801 = VECTOR('',#2802,1.);
#2802 = DIRECTION('',(0.,1.,0.));
#2803 = CYLINDRICAL_SURFACE('',#2804,4.5E-02);
#2804 = AXIS2_PLACEMENT_3D('',#2805,#2806,#2807);
#2805 = CARTESIAN_POINT('',(0.745,-0.6,0.405));
#2806 = DIRECTION('',(0.,1.,0.));
#2807 = DIRECTION('',(-1.,0.,0.));
#2808 = ADVANCED_FACE('',(#2809),#2820,.T.);
#2809 = FACE_BOUND('',#2810,.T.);
#2810 = EDGE_LOOP('',(#2811,#2812,#2813,#2814));
#2811 = ORIENTED_EDGE('',*,*,#2562,.F.);
#2812 = ORIENTED_EDGE('',*,*,#2798,.T.);
#2813 = ORIENTED_EDGE('',*,*,#2679,.T.);
#2814 = ORIENTED_EDGE('',*,*,#2815,.F.);
#2815 = EDGE_CURVE('',#2555,#2672,#2816,.T.);
#2816 = LINE('',#2817,#2818);
#2817 = CARTESIAN_POINT('',(0.7,-0.6,0.45));
#2818 = VECTOR('',#2819,1.);
#2819 = DIRECTION('',(0.,1.,0.));
#2820 = PLANE('',#2821);
#2821 = AXIS2_PLACEMENT_3D('',#2822,#2823,#2824);
#2822 = CARTESIAN_POINT('',(0.7,-0.6,0.405));
#2823 = DIRECTION('',(1.,0.,0.));
#2824 = DIRECTION('',(0.,0.,1.));
#2825 = ADVANCED_FACE('',(#2826),#2832,.T.);
#2826 = FACE_BOUND('',#2827,.T.);
#2827 = EDGE_LOOP('',(#2828,#2829,#2830,#2831));
#2828 = ORIENTED_EDGE('',*,*,#2586,.F.);
#2829 = ORIENTED_EDGE('',*,*,#2554,.T.);
#2830 = ORIENTED_EDGE('',*,*,#2815,.T.);
#2831 = ORIENTED_EDGE('',*,*,#2671,.F.);
#2832 = PLANE('',#2833);
#2833 = AXIS2_PLACEMENT_3D('',#2834,#2835,#2836);
#2834 = CARTESIAN_POINT('',(-0.7,-0.6,0.45));
#2835 = DIRECTION('',(0.,0.,1.));
#2836 = DIRECTION('',(1.,0.,-0.));
#2837 = ( GEOMETRIC_REPRESENTATION_CONTEXT(3) 
GLOBAL_UNCERTAINTY_ASSIGNED_CONTEXT((#2841)) 
GLOBAL_UNIT_ASSIGNED_CONTEXT((#2838,#2839,#2840)) REPRESENTATION_CONTEXT
('Context #1','3D Context with UNIT and UNCERTAINTY') );
#2838 = ( LENGTH_UNIT() NAMED_UNIT(*) SI_UNIT(.MILLI.,.METRE.) );
#2839 = ( NAMED_UNIT(*) PLANE_ANGLE_UNIT() SI_UNIT($,.RADIAN.) );
#2840 = ( NAMED_UNIT(*) SI_UNIT($,.STERADIAN.) SOLID_ANGLE_UNIT() );
#2841 = UNCERTAINTY_MEASURE_WITH_UNIT(LENGTH_MEASURE(1.E-07),#2838,
  'distance_accuracy_value','confusion accuracy');
#2842 = CONTEXT_DEPENDENT_SHAPE_REPRESENTATION(#2843,#2845);
#2843 = ( REPRESENTATION_RELATIONSHIP('','',#2046,#10) 
REPRESENTATION_RELATIONSHIP_WITH_TRANSFORMATION(#2844) 
SHAPE_REPRESENTATION_RELATIONSHIP() );
#2844 = ITEM_DEFINED_TRANSFORMATION('','',#11,#27);
#2845 = PRODUCT_DEFINITION_SHAPE('Placement','Placement of an item',
  #2846);
#2846 = NEXT_ASSEMBLY_USAGE_OCCURRENCE('4','R1_3D','',#5,#2041,$);
#2847 = PRODUCT_RELATED_PRODUCT_CATEGORY('part',$,(#2043));
#2848 = SHAPE_DEFINITION_REPRESENTATION(#2849,#2855);
#2849 = PRODUCT_DEFINITION_SHAPE('','',#2850);
#2850 = PRODUCT_DEFINITION('design','',#2851,#2854);
#2851 = PRODUCT_DEFINITION_FORMATION('','',#2852);
#2852 = PRODUCT('L_0805_2012Metric','L_0805_2012Metric','',(#2853));
#2853 = PRODUCT_CONTEXT('',#2,'mechanical');
#2854 = PRODUCT_DEFINITION_CONTEXT('part definition',#2,'design');
#2855 = ADVANCED_BREP_SHAPE_REPRESENTATION('',(#11,#2856),#3710);
#2856 = MANIFOLD_SOLID_BREP('',#2857);
#2857 = CLOSED_SHELL('',(#2858,#2934,#2965,#2990,#3015,#3039,#3063,#3088
    ,#3113,#3130,#3216,#3248,#3272,#3297,#3321,#3346,#3370,#3395,#3412,
    #3498,#3529,#3554,#3579,#3603,#3627,#3652,#3677,#3694));
#2858 = ADVANCED_FACE('',(#2859),#2929,.F.);
#2859 = FACE_BOUND('',#2860,.F.);
#2860 = EDGE_LOOP('',(#2861,#2871,#2880,#2888,#2897,#2905,#2914,#2922));
#2861 = ORIENTED_EDGE('',*,*,#2862,.F.);
#2862 = EDGE_CURVE('',#2863,#2865,#2867,.T.);
#2863 = VERTEX_POINT('',#2864);
#2864 = CARTESIAN_POINT('',(-1.,-0.625,4.E-02));
#2865 = VERTEX_POINT('',#2866);
#2866 = CARTESIAN_POINT('',(-1.,-0.625,1.21));
#2867 = LINE('',#2868,#2869);
#2868 = CARTESIAN_POINT('',(-1.,-0.625,0.));
#2869 = VECTOR('',#2870,1.);
#2870 = DIRECTION('',(0.,0.,1.));
#2871 = ORIENTED_EDGE('',*,*,#2872,.T.);
#2872 = EDGE_CURVE('',#2863,#2873,#2875,.T.);
#2873 = VERTEX_POINT('',#2874);
#2874 = CARTESIAN_POINT('',(-1.,-0.585,0.));
#2875 = CIRCLE('',#2876,4.E-02);
#2876 = AXIS2_PLACEMENT_3D('',#2877,#2878,#2879);
#2877 = CARTESIAN_POINT('',(-1.,-0.585,4.E-02));
#2878 = DIRECTION('',(1.,0.,-0.));
#2879 = DIRECTION('',(0.,0.,1.));
#2880 = ORIENTED_EDGE('',*,*,#2881,.T.);
#2881 = EDGE_CURVE('',#2873,#2882,#2884,.T.);
#2882 = VERTEX_POINT('',#2883);
#2883 = CARTESIAN_POINT('',(-1.,0.585,0.));
#2884 = LINE('',#2885,#2886);
#2885 = CARTESIAN_POINT('',(-1.,-0.625,0.));
#2886 = VECTOR('',#2887,1.);
#2887 = DIRECTION('',(0.,1.,0.));
#2888 = ORIENTED_EDGE('',*,*,#2889,.F.);
#2889 = EDGE_CURVE('',#2890,#2882,#2892,.T.);
#2890 = VERTEX_POINT('',#2891);
#2891 = CARTESIAN_POINT('',(-1.,0.625,4.E-02));
#2892 = CIRCLE('',#2893,4.E-02);
#2893 = AXIS2_PLACEMENT_3D('',#2894,#2895,#2896);
#2894 = CARTESIAN_POINT('',(-1.,0.585,4.E-02));
#2895 = DIRECTION('',(-1.,0.,0.));
#2896 = DIRECTION('',(0.,0.,1.));
#2897 = ORIENTED_EDGE('',*,*,#2898,.T.);
#2898 = EDGE_CURVE('',#2890,#2899,#2901,.T.);
#2899 = VERTEX_POINT('',#2900);
#2900 = CARTESIAN_POINT('',(-1.,0.625,1.21));
#2901 = LINE('',#2902,#2903);
#2902 = CARTESIAN_POINT('',(-1.,0.625,0.));
#2903 = VECTOR('',#2904,1.);
#2904 = DIRECTION('',(0.,0.,1.));
#2905 = ORIENTED_EDGE('',*,*,#2906,.T.);
#2906 = EDGE_CURVE('',#2899,#2907,#2909,.T.);
#2907 = VERTEX_POINT('',#2908);
#2908 = CARTESIAN_POINT('',(-1.,0.585,1.25));
#2909 = CIRCLE('',#2910,4.E-02);
#2910 = AXIS2_PLACEMENT_3D('',#2911,#2912,#2913);
#2911 = CARTESIAN_POINT('',(-1.,0.585,1.21));
#2912 = DIRECTION('',(1.,0.,-0.));
#2913 = DIRECTION('',(0.,0.,1.));
#2914 = ORIENTED_EDGE('',*,*,#2915,.F.);
#2915 = EDGE_CURVE('',#2916,#2907,#2918,.T.);
#2916 = VERTEX_POINT('',#2917);
#2917 = CARTESIAN_POINT('',(-1.,-0.585,1.25));
#2918 = LINE('',#2919,#2920);
#2919 = CARTESIAN_POINT('',(-1.,-0.625,1.25));
#2920 = VECTOR('',#2921,1.);
#2921 = DIRECTION('',(0.,1.,0.));
#2922 = ORIENTED_EDGE('',*,*,#2923,.F.);
#2923 = EDGE_CURVE('',#2865,#2916,#2924,.T.);
#2924 = CIRCLE('',#2925,4.E-02);
#2925 = AXIS2_PLACEMENT_3D('',#2926,#2927,#2928);
#2926 = CARTESIAN_POINT('',(-1.,-0.585,1.21));
#2927 = DIRECTION('',(-1.,0.,0.));
#2928 = DIRECTION('',(0.,0.,1.));
#2929 = PLANE('',#2930);
#2930 = AXIS2_PLACEMENT_3D('',#2931,#2932,#2933);
#2931 = CARTESIAN_POINT('',(-1.,-0.625,0.));
#2932 = DIRECTION('',(1.,0.,0.));
#2933 = DIRECTION('',(0.,0.,1.));
#2934 = ADVANCED_FACE('',(#2935),#2960,.F.);
#2935 = FACE_BOUND('',#2936,.F.);
#2936 = EDGE_LOOP('',(#2937,#2947,#2953,#2954));
#2937 = ORIENTED_EDGE('',*,*,#2938,.F.);
#2938 = EDGE_CURVE('',#2939,#2941,#2943,.T.);
#2939 = VERTEX_POINT('',#2940);
#2940 = CARTESIAN_POINT('',(-0.6,-0.625,4.E-02));
#2941 = VERTEX_POINT('',#2942);
#2942 = CARTESIAN_POINT('',(-0.6,-0.625,1.21));
#2943 = LINE('',#2944,#2945);
#2944 = CARTESIAN_POINT('',(-0.6,-0.625,0.));
#2945 = VECTOR('',#2946,1.);
#2946 = DIRECTION('',(0.,0.,1.));
#2947 = ORIENTED_EDGE('',*,*,#2948,.F.);
#2948 = EDGE_CURVE('',#2863,#2939,#2949,.T.);
#2949 = LINE('',#2950,#2951);
#2950 = CARTESIAN_POINT('',(-1.,-0.625,4.E-02));
#2951 = VECTOR('',#2952,1.);
#2952 = DIRECTION('',(1.,0.,0.));
#2953 = ORIENTED_EDGE('',*,*,#2862,.T.);
#2954 = ORIENTED_EDGE('',*,*,#2955,.T.);
#2955 = EDGE_CURVE('',#2865,#2941,#2956,.T.);
#2956 = LINE('',#2957,#2958);
#2957 = CARTESIAN_POINT('',(-1.,-0.625,1.21));
#2958 = VECTOR('',#2959,1.);
#2959 = DIRECTION('',(1.,0.,0.));
#2960 = PLANE('',#2961);
#2961 = AXIS2_PLACEMENT_3D('',#2962,#2963,#2964);
#2962 = CARTESIAN_POINT('',(-1.,-0.625,0.));
#2963 = DIRECTION('',(0.,1.,0.));
#2964 = DIRECTION('',(0.,-0.,1.));
#2965 = ADVANCED_FACE('',(#2966),#2985,.T.);
#2966 = FACE_BOUND('',#2967,.T.);
#2967 = EDGE_LOOP('',(#2968,#2969,#2977,#2984));
#2968 = ORIENTED_EDGE('',*,*,#2872,.T.);
#2969 = ORIENTED_EDGE('',*,*,#2970,.T.);
#2970 = EDGE_CURVE('',#2873,#2971,#2973,.T.);
#2971 = VERTEX_POINT('',#2972);
#2972 = CARTESIAN_POINT('',(-0.6,-0.585,0.));
#2973 = LINE('',#2974,#2975);
#2974 = CARTESIAN_POINT('',(-1.,-0.585,0.));
#2975 = VECTOR('',#2976,1.);
#2976 = DIRECTION('',(1.,0.,0.));
#2977 = ORIENTED_EDGE('',*,*,#2978,.F.);
#2978 = EDGE_CURVE('',#2939,#2971,#2979,.T.);
#2979 = CIRCLE('',#2980,4.E-02);
#2980 = AXIS2_PLACEMENT_3D('',#2981,#2982,#2983);
#2981 = CARTESIAN_POINT('',(-0.6,-0.585,4.E-02));
#2982 = DIRECTION('',(1.,0.,-0.));
#2983 = DIRECTION('',(0.,0.,1.));
#2984 = ORIENTED_EDGE('',*,*,#2948,.F.);
#2985 = CYLINDRICAL_SURFACE('',#2986,4.E-02);
#2986 = AXIS2_PLACEMENT_3D('',#2987,#2988,#2989);
#2987 = CARTESIAN_POINT('',(-1.,-0.585,4.E-02));
#2988 = DIRECTION('',(1.,0.,0.));
#2989 = DIRECTION('',(0.,-1.,0.));
#2990 = ADVANCED_FACE('',(#2991),#3010,.T.);
#2991 = FACE_BOUND('',#2992,.T.);
#2992 = EDGE_LOOP('',(#2993,#2994,#3003,#3009));
#2993 = ORIENTED_EDGE('',*,*,#2955,.T.);
#2994 = ORIENTED_EDGE('',*,*,#2995,.T.);
#2995 = EDGE_CURVE('',#2941,#2996,#2998,.T.);
#2996 = VERTEX_POINT('',#2997);
#2997 = CARTESIAN_POINT('',(-0.6,-0.585,1.25));
#2998 = CIRCLE('',#2999,4.E-02);
#2999 = AXIS2_PLACEMENT_3D('',#3000,#3001,#3002);
#3000 = CARTESIAN_POINT('',(-0.6,-0.585,1.21));
#3001 = DIRECTION('',(-1.,0.,0.));
#3002 = DIRECTION('',(0.,0.,1.));
#3003 = ORIENTED_EDGE('',*,*,#3004,.F.);
#3004 = EDGE_CURVE('',#2916,#2996,#3005,.T.);
#3005 = LINE('',#3006,#3007);
#3006 = CARTESIAN_POINT('',(-1.,-0.585,1.25));
#3007 = VECTOR('',#3008,1.);
#3008 = DIRECTION('',(1.,0.,0.));
#3009 = ORIENTED_EDGE('',*,*,#2923,.F.);
#3010 = CYLINDRICAL_SURFACE('',#3011,4.E-02);
#3011 = AXIS2_PLACEMENT_3D('',#3012,#3013,#3014);
#3012 = CARTESIAN_POINT('',(-1.,-0.585,1.21));
#3013 = DIRECTION('',(1.,0.,0.));
#3014 = DIRECTION('',(0.,-1.,0.));
#3015 = ADVANCED_FACE('',(#3016),#3034,.F.);
#3016 = FACE_BOUND('',#3017,.F.);
#3017 = EDGE_LOOP('',(#3018,#3019,#3020,#3028));
#3018 = ORIENTED_EDGE('',*,*,#2881,.F.);
#3019 = ORIENTED_EDGE('',*,*,#2970,.T.);
#3020 = ORIENTED_EDGE('',*,*,#3021,.T.);
#3021 = EDGE_CURVE('',#2971,#3022,#3024,.T.);
#3022 = VERTEX_POINT('',#3023);
#3023 = CARTESIAN_POINT('',(-0.6,0.585,0.));
#3024 = LINE('',#3025,#3026);
#3025 = CARTESIAN_POINT('',(-0.6,-0.625,0.));
#3026 = VECTOR('',#3027,1.);
#3027 = DIRECTION('',(0.,1.,0.));
#3028 = ORIENTED_EDGE('',*,*,#3029,.F.);
#3029 = EDGE_CURVE('',#2882,#3022,#3030,.T.);
#3030 = LINE('',#3031,#3032);
#3031 = CARTESIAN_POINT('',(-1.,0.585,0.));
#3032 = VECTOR('',#3033,1.);
#3033 = DIRECTION('',(1.,0.,0.));
#3034 = PLANE('',#3035);
#3035 = AXIS2_PLACEMENT_3D('',#3036,#3037,#3038);
#3036 = CARTESIAN_POINT('',(-1.,-0.625,0.));
#3037 = DIRECTION('',(0.,0.,1.));
#3038 = DIRECTION('',(1.,0.,-0.));
#3039 = ADVANCED_FACE('',(#3040),#3058,.T.);
#3040 = FACE_BOUND('',#3041,.T.);
#3041 = EDGE_LOOP('',(#3042,#3043,#3044,#3052));
#3042 = ORIENTED_EDGE('',*,*,#2915,.F.);
#3043 = ORIENTED_EDGE('',*,*,#3004,.T.);
#3044 = ORIENTED_EDGE('',*,*,#3045,.T.);
#3045 = EDGE_CURVE('',#2996,#3046,#3048,.T.);
#3046 = VERTEX_POINT('',#3047);
#3047 = CARTESIAN_POINT('',(-0.6,0.585,1.25));
#3048 = LINE('',#3049,#3050);
#3049 = CARTESIAN_POINT('',(-0.6,-0.625,1.25));
#3050 = VECTOR('',#3051,1.);
#3051 = DIRECTION('',(0.,1.,0.));
#3052 = ORIENTED_EDGE('',*,*,#3053,.F.);
#3053 = EDGE_CURVE('',#2907,#3046,#3054,.T.);
#3054 = LINE('',#3055,#3056);
#3055 = CARTESIAN_POINT('',(-1.,0.585,1.25));
#3056 = VECTOR('',#3057,1.);
#3057 = DIRECTION('',(1.,0.,0.));
#3058 = PLANE('',#3059);
#3059 = AXIS2_PLACEMENT_3D('',#3060,#3061,#3062);
#3060 = CARTESIAN_POINT('',(-1.,-0.625,1.25));
#3061 = DIRECTION('',(0.,0.,1.));
#3062 = DIRECTION('',(1.,0.,-0.));
#3063 = ADVANCED_FACE('',(#3064),#3083,.T.);
#3064 = FACE_BOUND('',#3065,.T.);
#3065 = EDGE_LOOP('',(#3066,#3074,#3081,#3082));
#3066 = ORIENTED_EDGE('',*,*,#3067,.T.);
#3067 = EDGE_CURVE('',#2890,#3068,#3070,.T.);
#3068 = VERTEX_POINT('',#3069);
#3069 = CARTESIAN_POINT('',(-0.6,0.625,4.E-02));
#3070 = LINE('',#3071,#3072);
#3071 = CARTESIAN_POINT('',(-1.,0.625,4.E-02));
#3072 = VECTOR('',#3073,1.);
#3073 = DIRECTION('',(1.,0.,0.));
#3074 = ORIENTED_EDGE('',*,*,#3075,.T.);
#3075 = EDGE_CURVE('',#3068,#3022,#3076,.T.);
#3076 = CIRCLE('',#3077,4.E-02);
#3077 = AXIS2_PLACEMENT_3D('',#3078,#3079,#3080);
#3078 = CARTESIAN_POINT('',(-0.6,0.585,4.E-02));
#3079 = DIRECTION('',(-1.,0.,0.));
#3080 = DIRECTION('',(0.,0.,1.));
#3081 = ORIENTED_EDGE('',*,*,#3029,.F.);
#3082 = ORIENTED_EDGE('',*,*,#2889,.F.);
#3083 = CYLINDRICAL_SURFACE('',#3084,4.E-02);
#3084 = AXIS2_PLACEMENT_3D('',#3085,#3086,#3087);
#3085 = CARTESIAN_POINT('',(-1.,0.585,4.E-02));
#3086 = DIRECTION('',(1.,0.,0.));
#3087 = DIRECTION('',(-0.,1.,0.));
#3088 = ADVANCED_FACE('',(#3089),#3108,.T.);
#3089 = FACE_BOUND('',#3090,.T.);
#3090 = EDGE_LOOP('',(#3091,#3092,#3093,#3102));
#3091 = ORIENTED_EDGE('',*,*,#2906,.T.);
#3092 = ORIENTED_EDGE('',*,*,#3053,.T.);
#3093 = ORIENTED_EDGE('',*,*,#3094,.F.);
#3094 = EDGE_CURVE('',#3095,#3046,#3097,.T.);
#3095 = VERTEX_POINT('',#3096);
#3096 = CARTESIAN_POINT('',(-0.6,0.625,1.21));
#3097 = CIRCLE('',#3098,4.E-02);
#3098 = AXIS2_PLACEMENT_3D('',#3099,#3100,#3101);
#3099 = CARTESIAN_POINT('',(-0.6,0.585,1.21));
#3100 = DIRECTION('',(1.,0.,-0.));
#3101 = DIRECTION('',(0.,0.,1.));
#3102 = ORIENTED_EDGE('',*,*,#3103,.F.);
#3103 = EDGE_CURVE('',#2899,#3095,#3104,.T.);
#3104 = LINE('',#3105,#3106);
#3105 = CARTESIAN_POINT('',(-1.,0.625,1.21));
#3106 = VECTOR('',#3107,1.);
#3107 = DIRECTION('',(1.,0.,0.));
#3108 = CYLINDRICAL_SURFACE('',#3109,4.E-02);
#3109 = AXIS2_PLACEMENT_3D('',#3110,#3111,#3112);
#3110 = CARTESIAN_POINT('',(-1.,0.585,1.21));
#3111 = DIRECTION('',(1.,0.,0.));
#3112 = DIRECTION('',(-0.,1.,0.));
#3113 = ADVANCED_FACE('',(#3114),#3125,.T.);
#3114 = FACE_BOUND('',#3115,.T.);
#3115 = EDGE_LOOP('',(#3116,#3122,#3123,#3124));
#3116 = ORIENTED_EDGE('',*,*,#3117,.F.);
#3117 = EDGE_CURVE('',#3068,#3095,#3118,.T.);
#3118 = LINE('',#3119,#3120);
#3119 = CARTESIAN_POINT('',(-0.6,0.625,0.));
#3120 = VECTOR('',#3121,1.);
#3121 = DIRECTION('',(0.,0.,1.));
#3122 = ORIENTED_EDGE('',*,*,#3067,.F.);
#3123 = ORIENTED_EDGE('',*,*,#2898,.T.);
#3124 = ORIENTED_EDGE('',*,*,#3103,.T.);
#3125 = PLANE('',#3126);
#3126 = AXIS2_PLACEMENT_3D('',#3127,#3128,#3129);
#3127 = CARTESIAN_POINT('',(-1.,0.625,0.));
#3128 = DIRECTION('',(0.,1.,0.));
#3129 = DIRECTION('',(0.,-0.,1.));
#3130 = ADVANCED_FACE('',(#3131,#3141),#3211,.T.);
#3131 = FACE_BOUND('',#3132,.T.);
#3132 = EDGE_LOOP('',(#3133,#3134,#3135,#3136,#3137,#3138,#3139,#3140));
#3133 = ORIENTED_EDGE('',*,*,#2938,.F.);
#3134 = ORIENTED_EDGE('',*,*,#2978,.T.);
#3135 = ORIENTED_EDGE('',*,*,#3021,.T.);
#3136 = ORIENTED_EDGE('',*,*,#3075,.F.);
#3137 = ORIENTED_EDGE('',*,*,#3117,.T.);
#3138 = ORIENTED_EDGE('',*,*,#3094,.T.);
#3139 = ORIENTED_EDGE('',*,*,#3045,.F.);
#3140 = ORIENTED_EDGE('',*,*,#2995,.F.);
#3141 = FACE_BOUND('',#3142,.T.);
#3142 = EDGE_LOOP('',(#3143,#3154,#3162,#3171,#3179,#3188,#3196,#3205));
#3143 = ORIENTED_EDGE('',*,*,#3144,.F.);
#3144 = EDGE_CURVE('',#3145,#3147,#3149,.T.);
#3145 = VERTEX_POINT('',#3146);
#3146 = CARTESIAN_POINT('',(-0.6,-0.585,8.E-02));
#3147 = VERTEX_POINT('',#3148);
#3148 = CARTESIAN_POINT('',(-0.6,-0.545,4.E-02));
#3149 = CIRCLE('',#3150,4.E-02);
#3150 = AXIS2_PLACEMENT_3D('',#3151,#3152,#3153);
#3151 = CARTESIAN_POINT('',(-0.6,-0.545,8.E-02));
#3152 = DIRECTION('',(1.,0.,-0.));
#3153 = DIRECTION('',(0.,0.,1.));
#3154 = ORIENTED_EDGE('',*,*,#3155,.T.);
#3155 = EDGE_CURVE('',#3145,#3156,#3158,.T.);
#3156 = VERTEX_POINT('',#3157);
#3157 = CARTESIAN_POINT('',(-0.6,-0.585,1.17));
#3158 = LINE('',#3159,#3160);
#3159 = CARTESIAN_POINT('',(-0.6,-0.585,4.E-02));
#3160 = VECTOR('',#3161,1.);
#3161 = DIRECTION('',(0.,0.,1.));
#3162 = ORIENTED_EDGE('',*,*,#3163,.T.);
#3163 = EDGE_CURVE('',#3156,#3164,#3166,.T.);
#3164 = VERTEX_POINT('',#3165);
#3165 = CARTESIAN_POINT('',(-0.6,-0.545,1.21));
#3166 = CIRCLE('',#3167,4.E-02);
#3167 = AXIS2_PLACEMENT_3D('',#3168,#3169,#3170);
#3168 = CARTESIAN_POINT('',(-0.6,-0.545,1.17));
#3169 = DIRECTION('',(-1.,0.,0.));
#3170 = DIRECTION('',(0.,0.,1.));
#3171 = ORIENTED_EDGE('',*,*,#3172,.T.);
#3172 = EDGE_CURVE('',#3164,#3173,#3175,.T.);
#3173 = VERTEX_POINT('',#3174);
#3174 = CARTESIAN_POINT('',(-0.6,0.545,1.21));
#3175 = LINE('',#3176,#3177);
#3176 = CARTESIAN_POINT('',(-0.6,-0.585,1.21));
#3177 = VECTOR('',#3178,1.);
#3178 = DIRECTION('',(0.,1.,0.));
#3179 = ORIENTED_EDGE('',*,*,#3180,.F.);
#3180 = EDGE_CURVE('',#3181,#3173,#3183,.T.);
#3181 = VERTEX_POINT('',#3182);
#3182 = CARTESIAN_POINT('',(-0.6,0.585,1.17));
#3183 = CIRCLE('',#3184,4.E-02);
#3184 = AXIS2_PLACEMENT_3D('',#3185,#3186,#3187);
#3185 = CARTESIAN_POINT('',(-0.6,0.545,1.17));
#3186 = DIRECTION('',(1.,0.,-0.));
#3187 = DIRECTION('',(0.,0.,1.));
#3188 = ORIENTED_EDGE('',*,*,#3189,.F.);
#3189 = EDGE_CURVE('',#3190,#3181,#3192,.T.);
#3190 = VERTEX_POINT('',#3191);
#3191 = CARTESIAN_POINT('',(-0.6,0.585,8.E-02));
#3192 = LINE('',#3193,#3194);
#3193 = CARTESIAN_POINT('',(-0.6,0.585,4.E-02));
#3194 = VECTOR('',#3195,1.);
#3195 = DIRECTION('',(0.,0.,1.));
#3196 = ORIENTED_EDGE('',*,*,#3197,.T.);
#3197 = EDGE_CURVE('',#3190,#3198,#3200,.T.);
#3198 = VERTEX_POINT('',#3199);
#3199 = CARTESIAN_POINT('',(-0.6,0.545,4.E-02));
#3200 = CIRCLE('',#3201,4.E-02);
#3201 = AXIS2_PLACEMENT_3D('',#3202,#3203,#3204);
#3202 = CARTESIAN_POINT('',(-0.6,0.545,8.E-02));
#3203 = DIRECTION('',(-1.,0.,0.));
#3204 = DIRECTION('',(0.,0.,1.));
#3205 = ORIENTED_EDGE('',*,*,#3206,.F.);
#3206 = EDGE_CURVE('',#3147,#3198,#3207,.T.);
#3207 = LINE('',#3208,#3209);
#3208 = CARTESIAN_POINT('',(-0.6,-0.585,4.E-02));
#3209 = VECTOR('',#3210,1.);
#3210 = DIRECTION('',(0.,1.,0.));
#3211 = PLANE('',#3212);
#3212 = AXIS2_PLACEMENT_3D('',#3213,#3214,#3215);
#3213 = CARTESIAN_POINT('',(-0.6,-0.625,0.));
#3214 = DIRECTION('',(1.,0.,0.));
#3215 = DIRECTION('',(0.,0.,1.));
#3216 = ADVANCED_FACE('',(#3217),#3243,.T.);
#3217 = FACE_BOUND('',#3218,.T.);
#3218 = EDGE_LOOP('',(#3219,#3220,#3228,#3237));
#3219 = ORIENTED_EDGE('',*,*,#3144,.T.);
#3220 = ORIENTED_EDGE('',*,*,#3221,.T.);
#3221 = EDGE_CURVE('',#3147,#3222,#3224,.T.);
#3222 = VERTEX_POINT('',#3223);
#3223 = CARTESIAN_POINT('',(0.6,-0.545,4.E-02));
#3224 = LINE('',#3225,#3226);
#3225 = CARTESIAN_POINT('',(-0.6,-0.545,4.E-02));
#3226 = VECTOR('',#3227,1.);
#3227 = DIRECTION('',(1.,0.,0.));
#3228 = ORIENTED_EDGE('',*,*,#3229,.F.);
#3229 = EDGE_CURVE('',#3230,#3222,#3232,.T.);
#3230 = VERTEX_POINT('',#3231);
#3231 = CARTESIAN_POINT('',(0.6,-0.585,8.E-02));
#3232 = CIRCLE('',#3233,4.E-02);
#3233 = AXIS2_PLACEMENT_3D('',#3234,#3235,#3236);
#3234 = CARTESIAN_POINT('',(0.6,-0.545,8.E-02));
#3235 = DIRECTION('',(1.,0.,-0.));
#3236 = DIRECTION('',(0.,0.,1.));
#3237 = ORIENTED_EDGE('',*,*,#3238,.F.);
#3238 = EDGE_CURVE('',#3145,#3230,#3239,.T.);
#3239 = LINE('',#3240,#3241);
#3240 = CARTESIAN_POINT('',(-0.6,-0.585,8.E-02));
#3241 = VECTOR('',#3242,1.);
#3242 = DIRECTION('',(1.,0.,0.));
#3243 = CYLINDRICAL_SURFACE('',#3244,4.E-02);
#3244 = AXIS2_PLACEMENT_3D('',#3245,#3246,#3247);
#3245 = CARTESIAN_POINT('',(-0.6,-0.545,8.E-02));
#3246 = DIRECTION('',(1.,0.,0.));
#3247 = DIRECTION('',(0.,-1.,0.));
#3248 = ADVANCED_FACE('',(#3249),#3267,.F.);
#3249 = FACE_BOUND('',#3250,.F.);
#3250 = EDGE_LOOP('',(#3251,#3252,#3253,#3261));
#3251 = ORIENTED_EDGE('',*,*,#3206,.F.);
#3252 = ORIENTED_EDGE('',*,*,#3221,.T.);
#3253 = ORIENTED_EDGE('',*,*,#3254,.T.);
#3254 = EDGE_CURVE('',#3222,#3255,#3257,.T.);
#3255 = VERTEX_POINT('',#3256);
#3256 = CARTESIAN_POINT('',(0.6,0.545,4.E-02));
#3257 = LINE('',#3258,#3259);
#3258 = CARTESIAN_POINT('',(0.6,-0.585,4.E-02));
#3259 = VECTOR('',#3260,1.);
#3260 = DIRECTION('',(0.,1.,0.));
#3261 = ORIENTED_EDGE('',*,*,#3262,.F.);
#3262 = EDGE_CURVE('',#3198,#3255,#3263,.T.);
#3263 = LINE('',#3264,#3265);
#3264 = CARTESIAN_POINT('',(-0.6,0.545,4.E-02));
#3265 = VECTOR('',#3266,1.);
#3266 = DIRECTION('',(1.,0.,0.));
#3267 = PLANE('',#3268);
#3268 = AXIS2_PLACEMENT_3D('',#3269,#3270,#3271);
#3269 = CARTESIAN_POINT('',(-0.6,-0.585,4.E-02));
#3270 = DIRECTION('',(0.,0.,1.));
#3271 = DIRECTION('',(1.,0.,-0.));
#3272 = ADVANCED_FACE('',(#3273),#3292,.T.);
#3273 = FACE_BOUND('',#3274,.T.);
#3274 = EDGE_LOOP('',(#3275,#3283,#3290,#3291));
#3275 = ORIENTED_EDGE('',*,*,#3276,.T.);
#3276 = EDGE_CURVE('',#3190,#3277,#3279,.T.);
#3277 = VERTEX_POINT('',#3278);
#3278 = CARTESIAN_POINT('',(0.6,0.585,8.E-02));
#3279 = LINE('',#3280,#3281);
#3280 = CARTESIAN_POINT('',(-0.6,0.585,8.E-02));
#3281 = VECTOR('',#3282,1.);
#3282 = DIRECTION('',(1.,0.,0.));
#3283 = ORIENTED_EDGE('',*,*,#3284,.T.);
#3284 = EDGE_CURVE('',#3277,#3255,#3285,.T.);
#3285 = CIRCLE('',#3286,4.E-02);
#3286 = AXIS2_PLACEMENT_3D('',#3287,#3288,#3289);
#3287 = CARTESIAN_POINT('',(0.6,0.545,8.E-02));
#3288 = DIRECTION('',(-1.,0.,0.));
#3289 = DIRECTION('',(0.,0.,1.));
#3290 = ORIENTED_EDGE('',*,*,#3262,.F.);
#3291 = ORIENTED_EDGE('',*,*,#3197,.F.);
#3292 = CYLINDRICAL_SURFACE('',#3293,4.E-02);
#3293 = AXIS2_PLACEMENT_3D('',#3294,#3295,#3296);
#3294 = CARTESIAN_POINT('',(-0.6,0.545,8.E-02));
#3295 = DIRECTION('',(1.,0.,0.));
#3296 = DIRECTION('',(-0.,1.,0.));
#3297 = ADVANCED_FACE('',(#3298),#3316,.T.);
#3298 = FACE_BOUND('',#3299,.T.);
#3299 = EDGE_LOOP('',(#3300,#3308,#3309,#3310));
#3300 = ORIENTED_EDGE('',*,*,#3301,.F.);
#3301 = EDGE_CURVE('',#3277,#3302,#3304,.T.);
#3302 = VERTEX_POINT('',#3303);
#3303 = CARTESIAN_POINT('',(0.6,0.585,1.17));
#3304 = LINE('',#3305,#3306);
#3305 = CARTESIAN_POINT('',(0.6,0.585,4.E-02));
#3306 = VECTOR('',#3307,1.);
#3307 = DIRECTION('',(0.,0.,1.));
#3308 = ORIENTED_EDGE('',*,*,#3276,.F.);
#3309 = ORIENTED_EDGE('',*,*,#3189,.T.);
#3310 = ORIENTED_EDGE('',*,*,#3311,.T.);
#3311 = EDGE_CURVE('',#3181,#3302,#3312,.T.);
#3312 = LINE('',#3313,#3314);
#3313 = CARTESIAN_POINT('',(-0.6,0.585,1.17));
#3314 = VECTOR('',#3315,1.);
#3315 = DIRECTION('',(1.,0.,0.));
#3316 = PLANE('',#3317);
#3317 = AXIS2_PLACEMENT_3D('',#3318,#3319,#3320);
#3318 = CARTESIAN_POINT('',(-0.6,0.585,4.E-02));
#3319 = DIRECTION('',(0.,1.,0.));
#3320 = DIRECTION('',(0.,-0.,1.));
#3321 = ADVANCED_FACE('',(#3322),#3341,.T.);
#3322 = FACE_BOUND('',#3323,.T.);
#3323 = EDGE_LOOP('',(#3324,#3325,#3333,#3340));
#3324 = ORIENTED_EDGE('',*,*,#3180,.T.);
#3325 = ORIENTED_EDGE('',*,*,#3326,.T.);
#3326 = EDGE_CURVE('',#3173,#3327,#3329,.T.);
#3327 = VERTEX_POINT('',#3328);
#3328 = CARTESIAN_POINT('',(0.6,0.545,1.21));
#3329 = LINE('',#3330,#3331);
#3330 = CARTESIAN_POINT('',(-0.6,0.545,1.21));
#3331 = VECTOR('',#3332,1.);
#3332 = DIRECTION('',(1.,0.,0.));
#3333 = ORIENTED_EDGE('',*,*,#3334,.F.);
#3334 = EDGE_CURVE('',#3302,#3327,#3335,.T.);
#3335 = CIRCLE('',#3336,4.E-02);
#3336 = AXIS2_PLACEMENT_3D('',#3337,#3338,#3339);
#3337 = CARTESIAN_POINT('',(0.6,0.545,1.17));
#3338 = DIRECTION('',(1.,0.,-0.));
#3339 = DIRECTION('',(0.,0.,1.));
#3340 = ORIENTED_EDGE('',*,*,#3311,.F.);
#3341 = CYLINDRICAL_SURFACE('',#3342,4.E-02);
#3342 = AXIS2_PLACEMENT_3D('',#3343,#3344,#3345);
#3343 = CARTESIAN_POINT('',(-0.6,0.545,1.17));
#3344 = DIRECTION('',(1.,0.,0.));
#3345 = DIRECTION('',(-0.,1.,0.));
#3346 = ADVANCED_FACE('',(#3347),#3365,.T.);
#3347 = FACE_BOUND('',#3348,.T.);
#3348 = EDGE_LOOP('',(#3349,#3350,#3358,#3364));
#3349 = ORIENTED_EDGE('',*,*,#3172,.F.);
#3350 = ORIENTED_EDGE('',*,*,#3351,.T.);
#3351 = EDGE_CURVE('',#3164,#3352,#3354,.T.);
#3352 = VERTEX_POINT('',#3353);
#3353 = CARTESIAN_POINT('',(0.6,-0.545,1.21));
#3354 = LINE('',#3355,#3356);
#3355 = CARTESIAN_POINT('',(-0.6,-0.545,1.21));
#3356 = VECTOR('',#3357,1.);
#3357 = DIRECTION('',(1.,0.,0.));
#3358 = ORIENTED_EDGE('',*,*,#3359,.T.);
#3359 = EDGE_CURVE('',#3352,#3327,#3360,.T.);
#3360 = LINE('',#3361,#3362);
#3361 = CARTESIAN_POINT('',(0.6,-0.585,1.21));
#3362 = VECTOR('',#3363,1.);
#3363 = DIRECTION('',(0.,1.,0.));
#3364 = ORIENTED_EDGE('',*,*,#3326,.F.);
#3365 = PLANE('',#3366);
#3366 = AXIS2_PLACEMENT_3D('',#3367,#3368,#3369);
#3367 = CARTESIAN_POINT('',(-0.6,-0.585,1.21));
#3368 = DIRECTION('',(0.,0.,1.));
#3369 = DIRECTION('',(1.,0.,-0.));
#3370 = ADVANCED_FACE('',(#3371),#3390,.T.);
#3371 = FACE_BOUND('',#3372,.T.);
#3372 = EDGE_LOOP('',(#3373,#3381,#3388,#3389));
#3373 = ORIENTED_EDGE('',*,*,#3374,.T.);
#3374 = EDGE_CURVE('',#3156,#3375,#3377,.T.);
#3375 = VERTEX_POINT('',#3376);
#3376 = CARTESIAN_POINT('',(0.6,-0.585,1.17));
#3377 = LINE('',#3378,#3379);
#3378 = CARTESIAN_POINT('',(-0.6,-0.585,1.17));
#3379 = VECTOR('',#3380,1.);
#3380 = DIRECTION('',(1.,0.,0.));
#3381 = ORIENTED_EDGE('',*,*,#3382,.T.);
#3382 = EDGE_CURVE('',#3375,#3352,#3383,.T.);
#3383 = CIRCLE('',#3384,4.E-02);
#3384 = AXIS2_PLACEMENT_3D('',#3385,#3386,#3387);
#3385 = CARTESIAN_POINT('',(0.6,-0.545,1.17));
#3386 = DIRECTION('',(-1.,0.,0.));
#3387 = DIRECTION('',(0.,0.,1.));
#3388 = ORIENTED_EDGE('',*,*,#3351,.F.);
#3389 = ORIENTED_EDGE('',*,*,#3163,.F.);
#3390 = CYLINDRICAL_SURFACE('',#3391,4.E-02);
#3391 = AXIS2_PLACEMENT_3D('',#3392,#3393,#3394);
#3392 = CARTESIAN_POINT('',(-0.6,-0.545,1.17));
#3393 = DIRECTION('',(1.,0.,0.));
#3394 = DIRECTION('',(0.,-1.,0.));
#3395 = ADVANCED_FACE('',(#3396),#3407,.F.);
#3396 = FACE_BOUND('',#3397,.F.);
#3397 = EDGE_LOOP('',(#3398,#3404,#3405,#3406));
#3398 = ORIENTED_EDGE('',*,*,#3399,.F.);
#3399 = EDGE_CURVE('',#3230,#3375,#3400,.T.);
#3400 = LINE('',#3401,#3402);
#3401 = CARTESIAN_POINT('',(0.6,-0.585,4.E-02));
#3402 = VECTOR('',#3403,1.);
#3403 = DIRECTION('',(0.,0.,1.));
#3404 = ORIENTED_EDGE('',*,*,#3238,.F.);
#3405 = ORIENTED_EDGE('',*,*,#3155,.T.);
#3406 = ORIENTED_EDGE('',*,*,#3374,.T.);
#3407 = PLANE('',#3408);
#3408 = AXIS2_PLACEMENT_3D('',#3409,#3410,#3411);
#3409 = CARTESIAN_POINT('',(-0.6,-0.585,4.E-02));
#3410 = DIRECTION('',(0.,1.,0.));
#3411 = DIRECTION('',(0.,-0.,1.));
#3412 = ADVANCED_FACE('',(#3413,#3483),#3493,.F.);
#3413 = FACE_BOUND('',#3414,.F.);
#3414 = EDGE_LOOP('',(#3415,#3425,#3434,#3442,#3451,#3459,#3468,#3476));
#3415 = ORIENTED_EDGE('',*,*,#3416,.F.);
#3416 = EDGE_CURVE('',#3417,#3419,#3421,.T.);
#3417 = VERTEX_POINT('',#3418);
#3418 = CARTESIAN_POINT('',(0.6,-0.625,4.E-02));
#3419 = VERTEX_POINT('',#3420);
#3420 = CARTESIAN_POINT('',(0.6,-0.625,1.21));
#3421 = LINE('',#3422,#3423);
#3422 = CARTESIAN_POINT('',(0.6,-0.625,0.));
#3423 = VECTOR('',#3424,1.);
#3424 = DIRECTION('',(0.,0.,1.));
#3425 = ORIENTED_EDGE('',*,*,#3426,.T.);
#3426 = EDGE_CURVE('',#3417,#3427,#3429,.T.);
#3427 = VERTEX_POINT('',#3428);
#3428 = CARTESIAN_POINT('',(0.6,-0.585,0.));
#3429 = CIRCLE('',#3430,4.E-02);
#3430 = AXIS2_PLACEMENT_3D('',#3431,#3432,#3433);
#3431 = CARTESIAN_POINT('',(0.6,-0.585,4.E-02));
#3432 = DIRECTION('',(1.,0.,-0.));
#3433 = DIRECTION('',(0.,0.,1.));
#3434 = ORIENTED_EDGE('',*,*,#3435,.T.);
#3435 = EDGE_CURVE('',#3427,#3436,#3438,.T.);
#3436 = VERTEX_POINT('',#3437);
#3437 = CARTESIAN_POINT('',(0.6,0.585,0.));
#3438 = LINE('',#3439,#3440);
#3439 = CARTESIAN_POINT('',(0.6,-0.625,0.));
#3440 = VECTOR('',#3441,1.);
#3441 = DIRECTION('',(0.,1.,0.));
#3442 = ORIENTED_EDGE('',*,*,#3443,.F.);
#3443 = EDGE_CURVE('',#3444,#3436,#3446,.T.);
#3444 = VERTEX_POINT('',#3445);
#3445 = CARTESIAN_POINT('',(0.6,0.625,4.E-02));
#3446 = CIRCLE('',#3447,4.E-02);
#3447 = AXIS2_PLACEMENT_3D('',#3448,#3449,#3450);
#3448 = CARTESIAN_POINT('',(0.6,0.585,4.E-02));
#3449 = DIRECTION('',(-1.,0.,0.));
#3450 = DIRECTION('',(0.,0.,1.));
#3451 = ORIENTED_EDGE('',*,*,#3452,.T.);
#3452 = EDGE_CURVE('',#3444,#3453,#3455,.T.);
#3453 = VERTEX_POINT('',#3454);
#3454 = CARTESIAN_POINT('',(0.6,0.625,1.21));
#3455 = LINE('',#3456,#3457);
#3456 = CARTESIAN_POINT('',(0.6,0.625,0.));
#3457 = VECTOR('',#3458,1.);
#3458 = DIRECTION('',(0.,0.,1.));
#3459 = ORIENTED_EDGE('',*,*,#3460,.T.);
#3460 = EDGE_CURVE('',#3453,#3461,#3463,.T.);
#3461 = VERTEX_POINT('',#3462);
#3462 = CARTESIAN_POINT('',(0.6,0.585,1.25));
#3463 = CIRCLE('',#3464,4.E-02);
#3464 = AXIS2_PLACEMENT_3D('',#3465,#3466,#3467);
#3465 = CARTESIAN_POINT('',(0.6,0.585,1.21));
#3466 = DIRECTION('',(1.,0.,-0.));
#3467 = DIRECTION('',(0.,0.,1.));
#3468 = ORIENTED_EDGE('',*,*,#3469,.F.);
#3469 = EDGE_CURVE('',#3470,#3461,#3472,.T.);
#3470 = VERTEX_POINT('',#3471);
#3471 = CARTESIAN_POINT('',(0.6,-0.585,1.25));
#3472 = LINE('',#3473,#3474);
#3473 = CARTESIAN_POINT('',(0.6,-0.625,1.25));
#3474 = VECTOR('',#3475,1.);
#3475 = DIRECTION('',(0.,1.,0.));
#3476 = ORIENTED_EDGE('',*,*,#3477,.F.);
#3477 = EDGE_CURVE('',#3419,#3470,#3478,.T.);
#3478 = CIRCLE('',#3479,4.E-02);
#3479 = AXIS2_PLACEMENT_3D('',#3480,#3481,#3482);
#3480 = CARTESIAN_POINT('',(0.6,-0.585,1.21));
#3481 = DIRECTION('',(-1.,0.,0.));
#3482 = DIRECTION('',(0.,0.,1.));
#3483 = FACE_BOUND('',#3484,.F.);
#3484 = EDGE_LOOP('',(#3485,#3486,#3487,#3488,#3489,#3490,#3491,#3492));
#3485 = ORIENTED_EDGE('',*,*,#3229,.F.);
#3486 = ORIENTED_EDGE('',*,*,#3399,.T.);
#3487 = ORIENTED_EDGE('',*,*,#3382,.T.);
#3488 = ORIENTED_EDGE('',*,*,#3359,.T.);
#3489 = ORIENTED_EDGE('',*,*,#3334,.F.);
#3490 = ORIENTED_EDGE('',*,*,#3301,.F.);
#3491 = ORIENTED_EDGE('',*,*,#3284,.T.);
#3492 = ORIENTED_EDGE('',*,*,#3254,.F.);
#3493 = PLANE('',#3494);
#3494 = AXIS2_PLACEMENT_3D('',#3495,#3496,#3497);
#3495 = CARTESIAN_POINT('',(0.6,-0.625,0.));
#3496 = DIRECTION('',(1.,0.,0.));
#3497 = DIRECTION('',(0.,0.,1.));
#3498 = ADVANCED_FACE('',(#3499),#3524,.F.);
#3499 = FACE_BOUND('',#3500,.F.);
#3500 = EDGE_LOOP('',(#3501,#3511,#3517,#3518));
#3501 = ORIENTED_EDGE('',*,*,#3502,.F.);
#3502 = EDGE_CURVE('',#3503,#3505,#3507,.T.);
#3503 = VERTEX_POINT('',#3504);
#3504 = CARTESIAN_POINT('',(1.,-0.625,4.E-02));
#3505 = VERTEX_POINT('',#3506);
#3506 = CARTESIAN_POINT('',(1.,-0.625,1.21));
#3507 = LINE('',#3508,#3509);
#3508 = CARTESIAN_POINT('',(1.,-0.625,0.));
#3509 = VECTOR('',#3510,1.);
#3510 = DIRECTION('',(0.,0.,1.));
#3511 = ORIENTED_EDGE('',*,*,#3512,.F.);
#3512 = EDGE_CURVE('',#3417,#3503,#3513,.T.);
#3513 = LINE('',#3514,#3515);
#3514 = CARTESIAN_POINT('',(0.6,-0.625,4.E-02));
#3515 = VECTOR('',#3516,1.);
#3516 = DIRECTION('',(1.,0.,0.));
#3517 = ORIENTED_EDGE('',*,*,#3416,.T.);
#3518 = ORIENTED_EDGE('',*,*,#3519,.T.);
#3519 = EDGE_CURVE('',#3419,#3505,#3520,.T.);
#3520 = LINE('',#3521,#3522);
#3521 = CARTESIAN_POINT('',(0.6,-0.625,1.21));
#3522 = VECTOR('',#3523,1.);
#3523 = DIRECTION('',(1.,0.,0.));
#3524 = PLANE('',#3525);
#3525 = AXIS2_PLACEMENT_3D('',#3526,#3527,#3528);
#3526 = CARTESIAN_POINT('',(0.6,-0.625,0.));
#3527 = DIRECTION('',(0.,1.,0.));
#3528 = DIRECTION('',(0.,-0.,1.));
#3529 = ADVANCED_FACE('',(#3530),#3549,.T.);
#3530 = FACE_BOUND('',#3531,.T.);
#3531 = EDGE_LOOP('',(#3532,#3533,#3541,#3548));
#3532 = ORIENTED_EDGE('',*,*,#3426,.T.);
#3533 = ORIENTED_EDGE('',*,*,#3534,.T.);
#3534 = EDGE_CURVE('',#3427,#3535,#3537,.T.);
#3535 = VERTEX_POINT('',#3536);
#3536 = CARTESIAN_POINT('',(1.,-0.585,0.));
#3537 = LINE('',#3538,#3539);
#3538 = CARTESIAN_POINT('',(0.6,-0.585,0.));
#3539 = VECTOR('',#3540,1.);
#3540 = DIRECTION('',(1.,0.,0.));
#3541 = ORIENTED_EDGE('',*,*,#3542,.F.);
#3542 = EDGE_CURVE('',#3503,#3535,#3543,.T.);
#3543 = CIRCLE('',#3544,4.E-02);
#3544 = AXIS2_PLACEMENT_3D('',#3545,#3546,#3547);
#3545 = CARTESIAN_POINT('',(1.,-0.585,4.E-02));
#3546 = DIRECTION('',(1.,0.,-0.));
#3547 = DIRECTION('',(0.,0.,1.));
#3548 = ORIENTED_EDGE('',*,*,#3512,.F.);
#3549 = CYLINDRICAL_SURFACE('',#3550,4.E-02);
#3550 = AXIS2_PLACEMENT_3D('',#3551,#3552,#3553);
#3551 = CARTESIAN_POINT('',(0.6,-0.585,4.E-02));
#3552 = DIRECTION('',(1.,0.,0.));
#3553 = DIRECTION('',(0.,-1.,0.));
#3554 = ADVANCED_FACE('',(#3555),#3574,.T.);
#3555 = FACE_BOUND('',#3556,.T.);
#3556 = EDGE_LOOP('',(#3557,#3558,#3567,#3573));
#3557 = ORIENTED_EDGE('',*,*,#3519,.T.);
#3558 = ORIENTED_EDGE('',*,*,#3559,.T.);
#3559 = EDGE_CURVE('',#3505,#3560,#3562,.T.);
#3560 = VERTEX_POINT('',#3561);
#3561 = CARTESIAN_POINT('',(1.,-0.585,1.25));
#3562 = CIRCLE('',#3563,4.E-02);
#3563 = AXIS2_PLACEMENT_3D('',#3564,#3565,#3566);
#3564 = CARTESIAN_POINT('',(1.,-0.585,1.21));
#3565 = DIRECTION('',(-1.,0.,0.));
#3566 = DIRECTION('',(0.,0.,1.));
#3567 = ORIENTED_EDGE('',*,*,#3568,.F.);
#3568 = EDGE_CURVE('',#3470,#3560,#3569,.T.);
#3569 = LINE('',#3570,#3571);
#3570 = CARTESIAN_POINT('',(0.6,-0.585,1.25));
#3571 = VECTOR('',#3572,1.);
#3572 = DIRECTION('',(1.,0.,0.));
#3573 = ORIENTED_EDGE('',*,*,#3477,.F.);
#3574 = CYLINDRICAL_SURFACE('',#3575,4.E-02);
#3575 = AXIS2_PLACEMENT_3D('',#3576,#3577,#3578);
#3576 = CARTESIAN_POINT('',(0.6,-0.585,1.21));
#3577 = DIRECTION('',(1.,0.,0.));
#3578 = DIRECTION('',(0.,-1.,0.));
#3579 = ADVANCED_FACE('',(#3580),#3598,.F.);
#3580 = FACE_BOUND('',#3581,.F.);
#3581 = EDGE_LOOP('',(#3582,#3583,#3584,#3592));
#3582 = ORIENTED_EDGE('',*,*,#3435,.F.);
#3583 = ORIENTED_EDGE('',*,*,#3534,.T.);
#3584 = ORIENTED_EDGE('',*,*,#3585,.T.);
#3585 = EDGE_CURVE('',#3535,#3586,#3588,.T.);
#3586 = VERTEX_POINT('',#3587);
#3587 = CARTESIAN_POINT('',(1.,0.585,0.));
#3588 = LINE('',#3589,#3590);
#3589 = CARTESIAN_POINT('',(1.,-0.625,0.));
#3590 = VECTOR('',#3591,1.);
#3591 = DIRECTION('',(0.,1.,0.));
#3592 = ORIENTED_EDGE('',*,*,#3593,.F.);
#3593 = EDGE_CURVE('',#3436,#3586,#3594,.T.);
#3594 = LINE('',#3595,#3596);
#3595 = CARTESIAN_POINT('',(0.6,0.585,0.));
#3596 = VECTOR('',#3597,1.);
#3597 = DIRECTION('',(1.,0.,0.));
#3598 = PLANE('',#3599);
#3599 = AXIS2_PLACEMENT_3D('',#3600,#3601,#3602);
#3600 = CARTESIAN_POINT('',(0.6,-0.625,0.));
#3601 = DIRECTION('',(0.,0.,1.));
#3602 = DIRECTION('',(1.,0.,-0.));
#3603 = ADVANCED_FACE('',(#3604),#3622,.T.);
#3604 = FACE_BOUND('',#3605,.T.);
#3605 = EDGE_LOOP('',(#3606,#3607,#3608,#3616));
#3606 = ORIENTED_EDGE('',*,*,#3469,.F.);
#3607 = ORIENTED_EDGE('',*,*,#3568,.T.);
#3608 = ORIENTED_EDGE('',*,*,#3609,.T.);
#3609 = EDGE_CURVE('',#3560,#3610,#3612,.T.);
#3610 = VERTEX_POINT('',#3611);
#3611 = CARTESIAN_POINT('',(1.,0.585,1.25));
#3612 = LINE('',#3613,#3614);
#3613 = CARTESIAN_POINT('',(1.,-0.625,1.25));
#3614 = VECTOR('',#3615,1.);
#3615 = DIRECTION('',(0.,1.,0.));
#3616 = ORIENTED_EDGE('',*,*,#3617,.F.);
#3617 = EDGE_CURVE('',#3461,#3610,#3618,.T.);
#3618 = LINE('',#3619,#3620);
#3619 = CARTESIAN_POINT('',(0.6,0.585,1.25));
#3620 = VECTOR('',#3621,1.);
#3621 = DIRECTION('',(1.,0.,0.));
#3622 = PLANE('',#3623);
#3623 = AXIS2_PLACEMENT_3D('',#3624,#3625,#3626);
#3624 = CARTESIAN_POINT('',(0.6,-0.625,1.25));
#3625 = DIRECTION('',(0.,0.,1.));
#3626 = DIRECTION('',(1.,0.,-0.));
#3627 = ADVANCED_FACE('',(#3628),#3647,.T.);
#3628 = FACE_BOUND('',#3629,.T.);
#3629 = EDGE_LOOP('',(#3630,#3638,#3645,#3646));
#3630 = ORIENTED_EDGE('',*,*,#3631,.T.);
#3631 = EDGE_CURVE('',#3444,#3632,#3634,.T.);
#3632 = VERTEX_POINT('',#3633);
#3633 = CARTESIAN_POINT('',(1.,0.625,4.E-02));
#3634 = LINE('',#3635,#3636);
#3635 = CARTESIAN_POINT('',(0.6,0.625,4.E-02));
#3636 = VECTOR('',#3637,1.);
#3637 = DIRECTION('',(1.,0.,0.));
#3638 = ORIENTED_EDGE('',*,*,#3639,.T.);
#3639 = EDGE_CURVE('',#3632,#3586,#3640,.T.);
#3640 = CIRCLE('',#3641,4.E-02);
#3641 = AXIS2_PLACEMENT_3D('',#3642,#3643,#3644);
#3642 = CARTESIAN_POINT('',(1.,0.585,4.E-02));
#3643 = DIRECTION('',(-1.,0.,0.));
#3644 = DIRECTION('',(0.,0.,1.));
#3645 = ORIENTED_EDGE('',*,*,#3593,.F.);
#3646 = ORIENTED_EDGE('',*,*,#3443,.F.);
#3647 = CYLINDRICAL_SURFACE('',#3648,4.E-02);
#3648 = AXIS2_PLACEMENT_3D('',#3649,#3650,#3651);
#3649 = CARTESIAN_POINT('',(0.6,0.585,4.E-02));
#3650 = DIRECTION('',(1.,0.,0.));
#3651 = DIRECTION('',(-0.,1.,0.));
#3652 = ADVANCED_FACE('',(#3653),#3672,.T.);
#3653 = FACE_BOUND('',#3654,.T.);
#3654 = EDGE_LOOP('',(#3655,#3656,#3657,#3666));
#3655 = ORIENTED_EDGE('',*,*,#3460,.T.);
#3656 = ORIENTED_EDGE('',*,*,#3617,.T.);
#3657 = ORIENTED_EDGE('',*,*,#3658,.F.);
#3658 = EDGE_CURVE('',#3659,#3610,#3661,.T.);
#3659 = VERTEX_POINT('',#3660);
#3660 = CARTESIAN_POINT('',(1.,0.625,1.21));
#3661 = CIRCLE('',#3662,4.E-02);
#3662 = AXIS2_PLACEMENT_3D('',#3663,#3664,#3665);
#3663 = CARTESIAN_POINT('',(1.,0.585,1.21));
#3664 = DIRECTION('',(1.,0.,-0.));
#3665 = DIRECTION('',(0.,0.,1.));
#3666 = ORIENTED_EDGE('',*,*,#3667,.F.);
#3667 = EDGE_CURVE('',#3453,#3659,#3668,.T.);
#3668 = LINE('',#3669,#3670);
#3669 = CARTESIAN_POINT('',(0.6,0.625,1.21));
#3670 = VECTOR('',#3671,1.);
#3671 = DIRECTION('',(1.,0.,0.));
#3672 = CYLINDRICAL_SURFACE('',#3673,4.E-02);
#3673 = AXIS2_PLACEMENT_3D('',#3674,#3675,#3676);
#3674 = CARTESIAN_POINT('',(0.6,0.585,1.21));
#3675 = DIRECTION('',(1.,0.,0.));
#3676 = DIRECTION('',(-0.,1.,0.));
#3677 = ADVANCED_FACE('',(#3678),#3689,.T.);
#3678 = FACE_BOUND('',#3679,.T.);
#3679 = EDGE_LOOP('',(#3680,#3686,#3687,#3688));
#3680 = ORIENTED_EDGE('',*,*,#3681,.F.);
#3681 = EDGE_CURVE('',#3632,#3659,#3682,.T.);
#3682 = LINE('',#3683,#3684);
#3683 = CARTESIAN_POINT('',(1.,0.625,0.));
#3684 = VECTOR('',#3685,1.);
#3685 = DIRECTION('',(0.,0.,1.));
#3686 = ORIENTED_EDGE('',*,*,#3631,.F.);
#3687 = ORIENTED_EDGE('',*,*,#3452,.T.);
#3688 = ORIENTED_EDGE('',*,*,#3667,.T.);
#3689 = PLANE('',#3690);
#3690 = AXIS2_PLACEMENT_3D('',#3691,#3692,#3693);
#3691 = CARTESIAN_POINT('',(0.6,0.625,0.));
#3692 = DIRECTION('',(0.,1.,0.));
#3693 = DIRECTION('',(0.,-0.,1.));
#3694 = ADVANCED_FACE('',(#3695),#3705,.T.);
#3695 = FACE_BOUND('',#3696,.T.);
#3696 = EDGE_LOOP('',(#3697,#3698,#3699,#3700,#3701,#3702,#3703,#3704));
#3697 = ORIENTED_EDGE('',*,*,#3502,.F.);
#3698 = ORIENTED_EDGE('',*,*,#3542,.T.);
#3699 = ORIENTED_EDGE('',*,*,#3585,.T.);
#3700 = ORIENTED_EDGE('',*,*,#3639,.F.);
#3701 = ORIENTED_EDGE('',*,*,#3681,.T.);
#3702 = ORIENTED_EDGE('',*,*,#3658,.T.);
#3703 = ORIENTED_EDGE('',*,*,#3609,.F.);
#3704 = ORIENTED_EDGE('',*,*,#3559,.F.);
#3705 = PLANE('',#3706);
#3706 = AXIS2_PLACEMENT_3D('',#3707,#3708,#3709);
#3707 = CARTESIAN_POINT('',(1.,-0.625,0.));
#3708 = DIRECTION('',(1.,0.,0.));
#3709 = DIRECTION('',(0.,0.,1.));
#3710 = ( GEOMETRIC_REPRESENTATION_CONTEXT(3) 
GLOBAL_UNCERTAINTY_ASSIGNED_CONTEXT((#3714)) 
GLOBAL_UNIT_ASSIGNED_CONTEXT((#3711,#3712,#3713)) REPRESENTATION_CONTEXT
('Context #1','3D Context with UNIT and UNCERTAINTY') );
#3711 = ( LENGTH_UNIT() NAMED_UNIT(*) SI_UNIT(.MILLI.,.METRE.) );
#3712 = ( NAMED_UNIT(*) PLANE_ANGLE_UNIT() SI_UNIT($,.RADIAN.) );
#3713 = ( NAMED_UNIT(*) SI_UNIT($,.STERADIAN.) SOLID_ANGLE_UNIT() );
#3714 = UNCERTAINTY_MEASURE_WITH_UNIT(LENGTH_MEASURE(1.E-07),#3711,
  'distance_accuracy_value','confusion accuracy');
#3715 = CONTEXT_DEPENDENT_SHAPE_REPRESENTATION(#3716,#3718);
#3716 = ( REPRESENTATION_RELATIONSHIP('','',#2855,#10) 
REPRESENTATION_RELATIONSHIP_WITH_TRANSFORMATION(#3717) 
SHAPE_REPRESENTATION_RELATIONSHIP() );
#3717 = ITEM_DEFINED_TRANSFORMATION('','',#11,#31);
#3718 = PRODUCT_DEFINITION_SHAPE('Placement','Placement of an item',
  #3719);
#3719 = NEXT_ASSEMBLY_USAGE_OCCURRENCE('5','FB1_3D','',#5,#2850,$);
#3720 = PRODUCT_RELATED_PRODUCT_CATEGORY('part',$,(#2852));
#3721 = CONTEXT_DEPENDENT_SHAPE_REPRESENTATION(#3722,#3724);
#3722 = ( REPRESENTATION_RELATIONSHIP('','',#1173,#10) 
REPRESENTATION_RELATIONSHIP_WITH_TRANSFORMATION(#3723) 
SHAPE_REPRESENTATION_RELATIONSHIP() );
#3723 = ITEM_DEFINED_TRANSFORMATION('','',#11,#35);
#3724 = PRODUCT_DEFINITION_SHAPE('Placement','Placement of an item',
  #3725);
#3725 = NEXT_ASSEMBLY_USAGE_OCCURRENCE('6','C8_3D','',#5,#1168,$);
#3726 = CONTEXT_DEPENDENT_SHAPE_REPRESENTATION(#3727,#3729);
#3727 = ( REPRESENTATION_RELATIONSHIP('','',#2855,#10) 
REPRESENTATION_RELATIONSHIP_WITH_TRANSFORMATION(#3728) 
SHAPE_REPRESENTATION_RELATIONSHIP() );
#3728 = ITEM_DEFINED_TRANSFORMATION('','',#11,#39);
#3729 = PRODUCT_DEFINITION_SHAPE('Placement','Placement of an item',
  #3730);
#3730 = NEXT_ASSEMBLY_USAGE_OCCURRENCE('7','FB2_3D','',#5,#2850,$);
#3731 = CONTEXT_DEPENDENT_SHAPE_REPRESENTATION(#3732,#3734);
#3732 = ( REPRESENTATION_RELATIONSHIP('','',#1173,#10) 
REPRESENTATION_RELATIONSHIP_WITH_TRANSFORMATION(#3733) 
SHAPE_REPRESENTATION_RELATIONSHIP() );
#3733 = ITEM_DEFINED_TRANSFORMATION('','',#11,#43);
#3734 = PRODUCT_DEFINITION_SHAPE('Placement','Placement of an item',
  #3735);
#3735 = NEXT_ASSEMBLY_USAGE_OCCURRENCE('8','C9_3D','',#5,#1168,$);
#3736 = CONTEXT_DEPENDENT_SHAPE_REPRESENTATION(#3737,#3739);
#3737 = ( REPRESENTATION_RELATIONSHIP('','',#2046,#10) 
REPRESENTATION_RELATIONSHIP_WITH_TRANSFORMATION(#3738) 
SHAPE_REPRESENTATION_RELATIONSHIP() );
#3738 = ITEM_DEFINED_TRANSFORMATION('','',#11,#47);
#3739 = PRODUCT_DEFINITION_SHAPE('Placement','Placement of an item',
  #3740);
#3740 = NEXT_ASSEMBLY_USAGE_OCCURRENCE('9','R3_3D','',#5,#2041,$);
#3741 = SHAPE_DEFINITION_REPRESENTATION(#3742,#3748);
#3742 = PRODUCT_DEFINITION_SHAPE('','',#3743);
#3743 = PRODUCT_DEFINITION('design','',#3744,#3747);
#3744 = PRODUCT_DEFINITION_FORMATION('','',#3745);
#3745 = PRODUCT('TDFN-14-1EP_3x3mm_P0.4mm_EP1.78x2.35mm',
  'TDFN-14-1EP_3x3mm_P0.4mm_EP1.78x2.35mm','',(#3746));
#3746 = PRODUCT_CONTEXT('',#2,'mechanical');
#3747 = PRODUCT_DEFINITION_CONTEXT('part definition',#2,'design');
#3748 = ADVANCED_BREP_SHAPE_REPRESENTATION('',(#11,#3749),#3899);
#3749 = MANIFOLD_SOLID_BREP('',#3750);
#3750 = CLOSED_SHELL('',(#3751,#3791,#3831,#3853,#3875,#3887));
#3751 = ADVANCED_FACE('',(#3752),#3786,.F.);
#3752 = FACE_BOUND('',#3753,.F.);
#3753 = EDGE_LOOP('',(#3754,#3764,#3772,#3780));
#3754 = ORIENTED_EDGE('',*,*,#3755,.F.);
#3755 = EDGE_CURVE('',#3756,#3758,#3760,.T.);
#3756 = VERTEX_POINT('',#3757);
#3757 = CARTESIAN_POINT('',(-1.5,-1.5,0.));
#3758 = VERTEX_POINT('',#3759);
#3759 = CARTESIAN_POINT('',(-1.5,-1.5,0.8));
#3760 = LINE('',#3761,#3762);
#3761 = CARTESIAN_POINT('',(-1.5,-1.5,0.));
#3762 = VECTOR('',#3763,1.);
#3763 = DIRECTION('',(0.,0.,1.));
#3764 = ORIENTED_EDGE('',*,*,#3765,.T.);
#3765 = EDGE_CURVE('',#3756,#3766,#3768,.T.);
#3766 = VERTEX_POINT('',#3767);
#3767 = CARTESIAN_POINT('',(-1.5,1.5,0.));
#3768 = LINE('',#3769,#3770);
#3769 = CARTESIAN_POINT('',(-1.5,-1.5,0.));
#3770 = VECTOR('',#3771,1.);
#3771 = DIRECTION('',(-0.,1.,0.));
#3772 = ORIENTED_EDGE('',*,*,#3773,.T.);
#3773 = EDGE_CURVE('',#3766,#3774,#3776,.T.);
#3774 = VERTEX_POINT('',#3775);
#3775 = CARTESIAN_POINT('',(-1.5,1.5,0.8));
#3776 = LINE('',#3777,#3778);
#3777 = CARTESIAN_POINT('',(-1.5,1.5,0.));
#3778 = VECTOR('',#3779,1.);
#3779 = DIRECTION('',(0.,0.,1.));
#3780 = ORIENTED_EDGE('',*,*,#3781,.F.);
#3781 = EDGE_CURVE('',#3758,#3774,#3782,.T.);
#3782 = LINE('',#3783,#3784);
#3783 = CARTESIAN_POINT('',(-1.5,-1.5,0.8));
#3784 = VECTOR('',#3785,1.);
#3785 = DIRECTION('',(-0.,1.,0.));
#3786 = PLANE('',#3787);
#3787 = AXIS2_PLACEMENT_3D('',#3788,#3789,#3790);
#3788 = CARTESIAN_POINT('',(-1.5,-1.5,0.));
#3789 = DIRECTION('',(1.,0.,-0.));
#3790 = DIRECTION('',(0.,0.,1.));
#3791 = ADVANCED_FACE('',(#3792),#3826,.T.);
#3792 = FACE_BOUND('',#3793,.T.);
#3793 = EDGE_LOOP('',(#3794,#3804,#3812,#3820));
#3794 = ORIENTED_EDGE('',*,*,#3795,.F.);
#3795 = EDGE_CURVE('',#3796,#3798,#3800,.T.);
#3796 = VERTEX_POINT('',#3797);
#3797 = CARTESIAN_POINT('',(1.5,-1.5,0.));
#3798 = VERTEX_POINT('',#3799);
#3799 = CARTESIAN_POINT('',(1.5,-1.5,0.8));
#3800 = LINE('',#3801,#3802);
#3801 = CARTESIAN_POINT('',(1.5,-1.5,0.));
#3802 = VECTOR('',#3803,1.);
#3803 = DIRECTION('',(0.,0.,1.));
#3804 = ORIENTED_EDGE('',*,*,#3805,.T.);
#3805 = EDGE_CURVE('',#3796,#3806,#3808,.T.);
#3806 = VERTEX_POINT('',#3807);
#3807 = CARTESIAN_POINT('',(1.5,1.5,0.));
#3808 = LINE('',#3809,#3810);
#3809 = CARTESIAN_POINT('',(1.5,-1.5,0.));
#3810 = VECTOR('',#3811,1.);
#3811 = DIRECTION('',(-0.,1.,0.));
#3812 = ORIENTED_EDGE('',*,*,#3813,.T.);
#3813 = EDGE_CURVE('',#3806,#3814,#3816,.T.);
#3814 = VERTEX_POINT('',#3815);
#3815 = CARTESIAN_POINT('',(1.5,1.5,0.8));
#3816 = LINE('',#3817,#3818);
#3817 = CARTESIAN_POINT('',(1.5,1.5,0.));
#3818 = VECTOR('',#3819,1.);
#3819 = DIRECTION('',(0.,0.,1.));
#3820 = ORIENTED_EDGE('',*,*,#3821,.F.);
#3821 = EDGE_CURVE('',#3798,#3814,#3822,.T.);
#3822 = LINE('',#3823,#3824);
#3823 = CARTESIAN_POINT('',(1.5,-1.5,0.8));
#3824 = VECTOR('',#3825,1.);
#3825 = DIRECTION('',(-0.,1.,0.));
#3826 = PLANE('',#3827);
#3827 = AXIS2_PLACEMENT_3D('',#3828,#3829,#3830);
#3828 = CARTESIAN_POINT('',(1.5,-1.5,0.));
#3829 = DIRECTION('',(1.,0.,-0.));
#3830 = DIRECTION('',(0.,0.,1.));
#3831 = ADVANCED_FACE('',(#3832),#3848,.F.);
#3832 = FACE_BOUND('',#3833,.F.);
#3833 = EDGE_LOOP('',(#3834,#3840,#3841,#3847));
#3834 = ORIENTED_EDGE('',*,*,#3835,.F.);
#3835 = EDGE_CURVE('',#3756,#3796,#3836,.T.);
#3836 = LINE('',#3837,#3838);
#3837 = CARTESIAN_POINT('',(-1.5,-1.5,0.));
#3838 = VECTOR('',#3839,1.);
#3839 = DIRECTION('',(1.,0.,-0.));
#3840 = ORIENTED_EDGE('',*,*,#3755,.T.);
#3841 = ORIENTED_EDGE('',*,*,#3842,.T.);
#3842 = EDGE_CURVE('',#3758,#3798,#3843,.T.);
#3843 = LINE('',#3844,#3845);
#3844 = CARTESIAN_POINT('',(-1.5,-1.5,0.8));
#3845 = VECTOR('',#3846,1.);
#3846 = DIRECTION('',(1.,0.,-0.));
#3847 = ORIENTED_EDGE('',*,*,#3795,.F.);
#3848 = PLANE('',#3849);
#3849 = AXIS2_PLACEMENT_3D('',#3850,#3851,#3852);
#3850 = CARTESIAN_POINT('',(-1.5,-1.5,0.));
#3851 = DIRECTION('',(-0.,1.,0.));
#3852 = DIRECTION('',(0.,0.,1.));
#3853 = ADVANCED_FACE('',(#3854),#3870,.T.);
#3854 = FACE_BOUND('',#3855,.T.);
#3855 = EDGE_LOOP('',(#3856,#3862,#3863,#3869));
#3856 = ORIENTED_EDGE('',*,*,#3857,.F.);
#3857 = EDGE_CURVE('',#3766,#3806,#3858,.T.);
#3858 = LINE('',#3859,#3860);
#3859 = CARTESIAN_POINT('',(-1.5,1.5,0.));
#3860 = VECTOR('',#3861,1.);
#3861 = DIRECTION('',(1.,0.,-0.));
#3862 = ORIENTED_EDGE('',*,*,#3773,.T.);
#3863 = ORIENTED_EDGE('',*,*,#3864,.T.);
#3864 = EDGE_CURVE('',#3774,#3814,#3865,.T.);
#3865 = LINE('',#3866,#3867);
#3866 = CARTESIAN_POINT('',(-1.5,1.5,0.8));
#3867 = VECTOR('',#3868,1.);
#3868 = DIRECTION('',(1.,0.,-0.));
#3869 = ORIENTED_EDGE('',*,*,#3813,.F.);
#3870 = PLANE('',#3871);
#3871 = AXIS2_PLACEMENT_3D('',#3872,#3873,#3874);
#3872 = CARTESIAN_POINT('',(-1.5,1.5,0.));
#3873 = DIRECTION('',(-0.,1.,0.));
#3874 = DIRECTION('',(0.,0.,1.));
#3875 = ADVANCED_FACE('',(#3876),#3882,.F.);
#3876 = FACE_BOUND('',#3877,.F.);
#3877 = EDGE_LOOP('',(#3878,#3879,#3880,#3881));
#3878 = ORIENTED_EDGE('',*,*,#3765,.F.);
#3879 = ORIENTED_EDGE('',*,*,#3835,.T.);
#3880 = ORIENTED_EDGE('',*,*,#3805,.T.);
#3881 = ORIENTED_EDGE('',*,*,#3857,.F.);
#3882 = PLANE('',#3883);
#3883 = AXIS2_PLACEMENT_3D('',#3884,#3885,#3886);
#3884 = CARTESIAN_POINT('',(-1.5,-1.5,0.));
#3885 = DIRECTION('',(0.,0.,1.));
#3886 = DIRECTION('',(1.,0.,-0.));
#3887 = ADVANCED_FACE('',(#3888),#3894,.T.);
#3888 = FACE_BOUND('',#3889,.T.);
#3889 = EDGE_LOOP('',(#3890,#3891,#3892,#3893));
#3890 = ORIENTED_EDGE('',*,*,#3781,.F.);
#3891 = ORIENTED_EDGE('',*,*,#3842,.T.);
#3892 = ORIENTED_EDGE('',*,*,#3821,.T.);
#3893 = ORIENTED_EDGE('',*,*,#3864,.F.);
#3894 = PLANE('',#3895);
#3895 = AXIS2_PLACEMENT_3D('',#3896,#3897,#3898);
#3896 = CARTESIAN_POINT('',(-1.5,-1.5,0.8));
#3897 = DIRECTION('',(0.,0.,1.));
#3898 = DIRECTION('',(1.,0.,-0.));
#3899 = ( GEOMETRIC_REPRESENTATION_CONTEXT(3) 
GLOBAL_UNCERTAINTY_ASSIGNED_CONTEXT((#3903)) 
GLOBAL_UNIT_ASSIGNED_CONTEXT((#3900,#3901,#3902)) REPRESENTATION_CONTEXT
('Context #1','3D Context with UNIT and UNCERTAINTY') );
#3900 = ( LENGTH_UNIT() NAMED_UNIT(*) SI_UNIT(.MILLI.,.METRE.) );
#3901 = ( NAMED_UNIT(*) PLANE_ANGLE_UNIT() SI_UNIT($,.RADIAN.) );
#3902 = ( NAMED_UNIT(*) SI_UNIT($,.STERADIAN.) SOLID_ANGLE_UNIT() );
#3903 = UNCERTAINTY_MEASURE_WITH_UNIT(LENGTH_MEASURE(1.E-07),#3900,
  'distance_accuracy_value','confusion accuracy');
#3904 = CONTEXT_DEPENDENT_SHAPE_REPRESENTATION(#3905,#3907);
#3905 = ( REPRESENTATION_RELATIONSHIP('','',#3748,#10) 
REPRESENTATION_RELATIONSHIP_WITH_TRANSFORMATION(#3906) 
SHAPE_REPRESENTATION_RELATIONSHIP() );
#3906 = ITEM_DEFINED_TRANSFORMATION('','',#11,#51);
#3907 = PRODUCT_DEFINITION_SHAPE('Placement','Placement of an item',
  #3908);
#3908 = NEXT_ASSEMBLY_USAGE_OCCURRENCE('10','U$1_3D','',#5,#3743,$);
#3909 = PRODUCT_RELATED_PRODUCT_CATEGORY('part',$,(#3745));
#3910 = CONTEXT_DEPENDENT_SHAPE_REPRESENTATION(#3911,#3913);
#3911 = ( REPRESENTATION_RELATIONSHIP('','',#1173,#10) 
REPRESENTATION_RELATIONSHIP_WITH_TRANSFORMATION(#3912) 
SHAPE_REPRESENTATION_RELATIONSHIP() );
#3912 = ITEM_DEFINED_TRANSFORMATION('','',#11,#55);
#3913 = PRODUCT_DEFINITION_SHAPE('Placement','Placement of an item',
  #3914);
#3914 = NEXT_ASSEMBLY_USAGE_OCCURRENCE('11','C5_3D','',#5,#1168,$);
#3915 = CONTEXT_DEPENDENT_SHAPE_REPRESENTATION(#3916,#3918);
#3916 = ( REPRESENTATION_RELATIONSHIP('','',#1173,#10) 
REPRESENTATION_RELATIONSHIP_WITH_TRANSFORMATION(#3917) 
SHAPE_REPRESENTATION_RELATIONSHIP() );
#3917 = ITEM_DEFINED_TRANSFORMATION('','',#11,#59);
#3918 = PRODUCT_DEFINITION_SHAPE('Placement','Placement of an item',
  #3919);
#3919 = NEXT_ASSEMBLY_USAGE_OCCURRENCE('12','C2_3D','',#5,#1168,$);
#3920 = CONTEXT_DEPENDENT_SHAPE_REPRESENTATION(#3921,#3923);
#3921 = ( REPRESENTATION_RELATIONSHIP('','',#2046,#10) 
REPRESENTATION_RELATIONSHIP_WITH_TRANSFORMATION(#3922) 
SHAPE_REPRESENTATION_RELATIONSHIP() );
#3922 = ITEM_DEFINED_TRANSFORMATION('','',#11,#63);
#3923 = PRODUCT_DEFINITION_SHAPE('Placement','Placement of an item',
  #3924);
#3924 = NEXT_ASSEMBLY_USAGE_OCCURRENCE('13','R2_3D','',#5,#2041,$);
#3925 = SHAPE_DEFINITION_REPRESENTATION(#3926,#3932);
#3926 = PRODUCT_DEFINITION_SHAPE('','',#3927);
#3927 = PRODUCT_DEFINITION('design','',#3928,#3931);
#3928 = PRODUCT_DEFINITION_FORMATION('','',#3929);
#3929 = PRODUCT('max9814-reference_PCB','max9814-reference_PCB','',(
    #3930));
#3930 = PRODUCT_CONTEXT('',#2,'mechanical');
#3931 = PRODUCT_DEFINITION_CONTEXT('part definition',#2,'design');
#3932 = ADVANCED_BREP_SHAPE_REPRESENTATION('',(#11,#3933),#4574);
#3933 = MANIFOLD_SOLID_BREP('',#3934);
#3934 = CLOSED_SHELL('',(#3935,#3977,#4008,#4039,#4190,#4341,#4358,#4375
    ,#4392,#4409,#4421,#4438,#4455,#4472,#4489,#4506,#4523,#4540,#4557)
  );
#3935 = ADVANCED_FACE('',(#3936),#3972,.T.);
#3936 = FACE_BOUND('',#3937,.T.);
#3937 = EDGE_LOOP('',(#3938,#3948,#3957,#3965));
#3938 = ORIENTED_EDGE('',*,*,#3939,.T.);
#3939 = EDGE_CURVE('',#3940,#3942,#3944,.T.);
#3940 = VERTEX_POINT('',#3941);
#3941 = CARTESIAN_POINT('',(23.495,1.000000000514E-06,0.));
#3942 = VERTEX_POINT('',#3943);
#3943 = CARTESIAN_POINT('',(23.495,1.000000000514E-06,1.51));
#3944 = LINE('',#3945,#3946);
#3945 = CARTESIAN_POINT('',(23.495,1.000000000514E-06,0.));
#3946 = VECTOR('',#3947,1.);
#3947 = DIRECTION('',(0.,0.,1.));
#3948 = ORIENTED_EDGE('',*,*,#3949,.T.);
#3949 = EDGE_CURVE('',#3942,#3950,#3952,.T.);
#3950 = VERTEX_POINT('',#3951);
#3951 = CARTESIAN_POINT('',(25.4,-1.904999,1.51));
#3952 = CIRCLE('',#3953,1.905001427691);
#3953 = AXIS2_PLACEMENT_3D('',#3954,#3955,#3956);
#3954 = CARTESIAN_POINT('',(23.49499857231,-1.90500042769,1.51));
#3955 = DIRECTION('',(0.,0.,-1.));
#3956 = DIRECTION('',(7.494430666339E-07,1.,0.));
#3957 = ORIENTED_EDGE('',*,*,#3958,.F.);
#3958 = EDGE_CURVE('',#3959,#3950,#3961,.T.);
#3959 = VERTEX_POINT('',#3960);
#3960 = CARTESIAN_POINT('',(25.4,-1.904999,0.));
#3961 = LINE('',#3962,#3963);
#3962 = CARTESIAN_POINT('',(25.4,-1.904999,0.));
#3963 = VECTOR('',#3964,1.);
#3964 = DIRECTION('',(0.,0.,1.));
#3965 = ORIENTED_EDGE('',*,*,#3966,.F.);
#3966 = EDGE_CURVE('',#3940,#3959,#3967,.T.);
#3967 = CIRCLE('',#3968,1.905001427691);
#3968 = AXIS2_PLACEMENT_3D('',#3969,#3970,#3971);
#3969 = CARTESIAN_POINT('',(23.49499857231,-1.90500042769,0.));
#3970 = DIRECTION('',(0.,0.,-1.));
#3971 = DIRECTION('',(7.494430666339E-07,1.,0.));
#3972 = CYLINDRICAL_SURFACE('',#3973,1.905001427691);
#3973 = AXIS2_PLACEMENT_3D('',#3974,#3975,#3976);
#3974 = CARTESIAN_POINT('',(23.49499857231,-1.90500042769,0.));
#3975 = DIRECTION('',(0.,0.,-1.));
#3976 = DIRECTION('',(7.494430666339E-07,1.,0.));
#3977 = ADVANCED_FACE('',(#3978),#4003,.T.);
#3978 = FACE_BOUND('',#3979,.T.);
#3979 = EDGE_LOOP('',(#3980,#3990,#3996,#3997));
#3980 = ORIENTED_EDGE('',*,*,#3981,.T.);
#3981 = EDGE_CURVE('',#3982,#3984,#3986,.T.);
#3982 = VERTEX_POINT('',#3983);
#3983 = CARTESIAN_POINT('',(1.905,9.999999999589E-07,0.));
#3984 = VERTEX_POINT('',#3985);
#3985 = CARTESIAN_POINT('',(1.905,9.999999999589E-07,1.51));
#3986 = LINE('',#3987,#3988);
#3987 = CARTESIAN_POINT('',(1.905,9.999999999589E-07,0.));
#3988 = VECTOR('',#3989,1.);
#3989 = DIRECTION('',(0.,0.,1.));
#3990 = ORIENTED_EDGE('',*,*,#3991,.T.);
#3991 = EDGE_CURVE('',#3984,#3942,#3992,.T.);
#3992 = LINE('',#3993,#3994);
#3993 = CARTESIAN_POINT('',(1.905,1.E-06,1.51));
#3994 = VECTOR('',#3995,1.);
#3995 = DIRECTION('',(1.,0.,0.));
#3996 = ORIENTED_EDGE('',*,*,#3939,.F.);
#3997 = ORIENTED_EDGE('',*,*,#3998,.F.);
#3998 = EDGE_CURVE('',#3982,#3940,#3999,.T.);
#3999 = LINE('',#4000,#4001);
#4000 = CARTESIAN_POINT('',(1.905,1.E-06,0.));
#4001 = VECTOR('',#4002,1.);
#4002 = DIRECTION('',(1.,0.,0.));
#4003 = PLANE('',#4004);
#4004 = AXIS2_PLACEMENT_3D('',#4005,#4006,#4007);
#4005 = CARTESIAN_POINT('',(1.905,1.E-06,0.));
#4006 = DIRECTION('',(0.,1.,0.));
#4007 = DIRECTION('',(1.,0.,0.));
#4008 = ADVANCED_FACE('',(#4009),#4034,.T.);
#4009 = FACE_BOUND('',#4010,.T.);
#4010 = EDGE_LOOP('',(#4011,#4012,#4020,#4028));
#4011 = ORIENTED_EDGE('',*,*,#3958,.T.);
#4012 = ORIENTED_EDGE('',*,*,#4013,.T.);
#4013 = EDGE_CURVE('',#3950,#4014,#4016,.T.);
#4014 = VERTEX_POINT('',#4015);
#4015 = CARTESIAN_POINT('',(25.4,-12.191999,1.51));
#4016 = LINE('',#4017,#4018);
#4017 = CARTESIAN_POINT('',(25.4,-1.904999,1.51));
#4018 = VECTOR('',#4019,1.);
#4019 = DIRECTION('',(0.,-1.,0.));
#4020 = ORIENTED_EDGE('',*,*,#4021,.F.);
#4021 = EDGE_CURVE('',#4022,#4014,#4024,.T.);
#4022 = VERTEX_POINT('',#4023);
#4023 = CARTESIAN_POINT('',(25.4,-12.191999,0.));
#4024 = LINE('',#4025,#4026);
#4025 = CARTESIAN_POINT('',(25.4,-12.191999,0.));
#4026 = VECTOR('',#4027,1.);
#4027 = DIRECTION('',(0.,0.,1.));
#4028 = ORIENTED_EDGE('',*,*,#4029,.F.);
#4029 = EDGE_CURVE('',#3959,#4022,#4030,.T.);
#4030 = LINE('',#4031,#4032);
#4031 = CARTESIAN_POINT('',(25.4,-1.904999,0.));
#4032 = VECTOR('',#4033,1.);
#4033 = DIRECTION('',(0.,-1.,0.));
#4034 = PLANE('',#4035);
#4035 = AXIS2_PLACEMENT_3D('',#4036,#4037,#4038);
#4036 = CARTESIAN_POINT('',(25.4,-1.904999,0.));
#4037 = DIRECTION('',(1.,0.,-0.));
#4038 = DIRECTION('',(0.,-1.,0.));
#4039 = ADVANCED_FACE('',(#4040,#4086,#4097,#4108,#4119,#4130,#4141,
    #4152,#4163,#4174),#4185,.F.);
#4040 = FACE_BOUND('',#4041,.F.);
#4041 = EDGE_LOOP('',(#4042,#4043,#4044,#4053,#4061,#4070,#4078,#4085));
#4042 = ORIENTED_EDGE('',*,*,#3966,.F.);
#4043 = ORIENTED_EDGE('',*,*,#3998,.F.);
#4044 = ORIENTED_EDGE('',*,*,#4045,.F.);
#4045 = EDGE_CURVE('',#4046,#3982,#4048,.T.);
#4046 = VERTEX_POINT('',#4047);
#4047 = CARTESIAN_POINT('',(0.,-1.904999,0.));
#4048 = CIRCLE('',#4049,1.904999720582);
#4049 = AXIS2_PLACEMENT_3D('',#4050,#4051,#4052);
#4050 = CARTESIAN_POINT('',(1.904999720582,-1.904998720582,0.));
#4051 = DIRECTION('',(0.,0.,-1.));
#4052 = DIRECTION('',(-1.,-1.466762586076E-07,-0.));
#4053 = ORIENTED_EDGE('',*,*,#4054,.F.);
#4054 = EDGE_CURVE('',#4055,#4046,#4057,.T.);
#4055 = VERTEX_POINT('',#4056);
#4056 = CARTESIAN_POINT('',(1.110223024625E-16,-12.191999,0.));
#4057 = LINE('',#4058,#4059);
#4058 = CARTESIAN_POINT('',(0.,-12.191999,0.));
#4059 = VECTOR('',#4060,1.);
#4060 = DIRECTION('',(0.,1.,0.));
#4061 = ORIENTED_EDGE('',*,*,#4062,.F.);
#4062 = EDGE_CURVE('',#4063,#4055,#4065,.T.);
#4063 = VERTEX_POINT('',#4064);
#4064 = CARTESIAN_POINT('',(1.905,-14.096999,0.));
#4065 = CIRCLE('',#4066,1.904998013479);
#4066 = AXIS2_PLACEMENT_3D('',#4067,#4068,#4069);
#4067 = CARTESIAN_POINT('',(1.904998013478,-12.19200098652,0.));
#4068 = DIRECTION('',(0.,0.,-1.));
#4069 = DIRECTION('',(1.042794916426E-06,-0.999999999999,0.));
#4070 = ORIENTED_EDGE('',*,*,#4071,.F.);
#4071 = EDGE_CURVE('',#4072,#4063,#4074,.T.);
#4072 = VERTEX_POINT('',#4073);
#4073 = CARTESIAN_POINT('',(23.495,-14.096999,0.));
#4074 = LINE('',#4075,#4076);
#4075 = CARTESIAN_POINT('',(23.495,-14.096999,0.));
#4076 = VECTOR('',#4077,1.);
#4077 = DIRECTION('',(-1.,0.,0.));
#4078 = ORIENTED_EDGE('',*,*,#4079,.F.);
#4079 = EDGE_CURVE('',#4022,#4072,#4080,.T.);
#4080 = CIRCLE('',#4081,1.904999720582);
#4081 = AXIS2_PLACEMENT_3D('',#4082,#4083,#4084);
#4082 = CARTESIAN_POINT('',(23.495000279418,-12.19199927941,0.));
#4083 = DIRECTION('',(0.,0.,-1.));
#4084 = DIRECTION('',(1.,1.466762600063E-07,0.));
#4085 = ORIENTED_EDGE('',*,*,#4029,.F.);
#4086 = FACE_BOUND('',#4087,.F.);
#4087 = EDGE_LOOP('',(#4088));
#4088 = ORIENTED_EDGE('',*,*,#4089,.T.);
#4089 = EDGE_CURVE('',#4090,#4090,#4092,.T.);
#4090 = VERTEX_POINT('',#4091);
#4091 = CARTESIAN_POINT('',(2.032,-13.165,0.));
#4092 = CIRCLE('',#4093,1.1);
#4093 = AXIS2_PLACEMENT_3D('',#4094,#4095,#4096);
#4094 = CARTESIAN_POINT('',(2.032,-12.065,0.));
#4095 = DIRECTION('',(-0.,0.,-1.));
#4096 = DIRECTION('',(-0.,-1.,0.));
#4097 = FACE_BOUND('',#4098,.F.);
#4098 = EDGE_LOOP('',(#4099));
#4099 = ORIENTED_EDGE('',*,*,#4100,.T.);
#4100 = EDGE_CURVE('',#4101,#4101,#4103,.T.);
#4101 = VERTEX_POINT('',#4102);
#4102 = CARTESIAN_POINT('',(9.239,-8.585,0.));
#4103 = CIRCLE('',#4104,0.3);
#4104 = AXIS2_PLACEMENT_3D('',#4105,#4106,#4107);
#4105 = CARTESIAN_POINT('',(9.239,-8.285,0.));
#4106 = DIRECTION('',(-0.,0.,-1.));
#4107 = DIRECTION('',(-0.,-1.,0.));
#4108 = FACE_BOUND('',#4109,.F.);
#4109 = EDGE_LOOP('',(#4110));
#4110 = ORIENTED_EDGE('',*,*,#4111,.T.);
#4111 = EDGE_CURVE('',#4112,#4112,#4114,.T.);
#4112 = VERTEX_POINT('',#4113);
#4113 = CARTESIAN_POINT('',(24.003,-12.818999,0.));
#4114 = CIRCLE('',#4115,0.5);
#4115 = AXIS2_PLACEMENT_3D('',#4116,#4117,#4118);
#4116 = CARTESIAN_POINT('',(24.003,-12.318999,0.));
#4117 = DIRECTION('',(-0.,0.,-1.));
#4118 = DIRECTION('',(-0.,-1.,0.));
#4119 = FACE_BOUND('',#4120,.F.);
#4120 = EDGE_LOOP('',(#4121));
#4121 = ORIENTED_EDGE('',*,*,#4122,.T.);
#4122 = EDGE_CURVE('',#4123,#4123,#4125,.T.);
#4123 = VERTEX_POINT('',#4124);
#4124 = CARTESIAN_POINT('',(24.003,-10.279,0.));
#4125 = CIRCLE('',#4126,0.5);
#4126 = AXIS2_PLACEMENT_3D('',#4127,#4128,#4129);
#4127 = CARTESIAN_POINT('',(24.003,-9.779,0.));
#4128 = DIRECTION('',(-0.,0.,-1.));
#4129 = DIRECTION('',(-0.,-1.,0.));
#4130 = FACE_BOUND('',#4131,.F.);
#4131 = EDGE_LOOP('',(#4132));
#4132 = ORIENTED_EDGE('',*,*,#4133,.T.);
#4133 = EDGE_CURVE('',#4134,#4134,#4136,.T.);
#4134 = VERTEX_POINT('',#4135);
#4135 = CARTESIAN_POINT('',(24.003,-7.739,0.));
#4136 = CIRCLE('',#4137,0.5);
#4137 = AXIS2_PLACEMENT_3D('',#4138,#4139,#4140);
#4138 = CARTESIAN_POINT('',(24.003,-7.239,0.));
#4139 = DIRECTION('',(-0.,0.,-1.));
#4140 = DIRECTION('',(-0.,-1.,0.));
#4141 = FACE_BOUND('',#4142,.F.);
#4142 = EDGE_LOOP('',(#4143));
#4143 = ORIENTED_EDGE('',*,*,#4144,.T.);
#4144 = EDGE_CURVE('',#4145,#4145,#4147,.T.);
#4145 = VERTEX_POINT('',#4146);
#4146 = CARTESIAN_POINT('',(9.239,-5.984999,0.));
#4147 = CIRCLE('',#4148,0.3);
#4148 = AXIS2_PLACEMENT_3D('',#4149,#4150,#4151);
#4149 = CARTESIAN_POINT('',(9.239,-5.684999,0.));
#4150 = DIRECTION('',(-0.,0.,-1.));
#4151 = DIRECTION('',(-0.,-1.,0.));
#4152 = FACE_BOUND('',#4153,.F.);
#4153 = EDGE_LOOP('',(#4154));
#4154 = ORIENTED_EDGE('',*,*,#4155,.T.);
#4155 = EDGE_CURVE('',#4156,#4156,#4158,.T.);
#4156 = VERTEX_POINT('',#4157);
#4157 = CARTESIAN_POINT('',(2.032,-3.132,0.));
#4158 = CIRCLE('',#4159,1.1);
#4159 = AXIS2_PLACEMENT_3D('',#4160,#4161,#4162);
#4160 = CARTESIAN_POINT('',(2.032,-2.032,0.));
#4161 = DIRECTION('',(-0.,0.,-1.));
#4162 = DIRECTION('',(-0.,-1.,0.));
#4163 = FACE_BOUND('',#4164,.F.);
#4164 = EDGE_LOOP('',(#4165));
#4165 = ORIENTED_EDGE('',*,*,#4166,.T.);
#4166 = EDGE_CURVE('',#4167,#4167,#4169,.T.);
#4167 = VERTEX_POINT('',#4168);
#4168 = CARTESIAN_POINT('',(24.003,-5.199,0.));
#4169 = CIRCLE('',#4170,0.5);
#4170 = AXIS2_PLACEMENT_3D('',#4171,#4172,#4173);
#4171 = CARTESIAN_POINT('',(24.003,-4.699,0.));
#4172 = DIRECTION('',(-0.,0.,-1.));
#4173 = DIRECTION('',(-0.,-1.,0.));
#4174 = FACE_BOUND('',#4175,.F.);
#4175 = EDGE_LOOP('',(#4176));
#4176 = ORIENTED_EDGE('',*,*,#4177,.T.);
#4177 = EDGE_CURVE('',#4178,#4178,#4180,.T.);
#4178 = VERTEX_POINT('',#4179);
#4179 = CARTESIAN_POINT('',(24.003,-2.658999,0.));
#4180 = CIRCLE('',#4181,0.5);
#4181 = AXIS2_PLACEMENT_3D('',#4182,#4183,#4184);
#4182 = CARTESIAN_POINT('',(24.003,-2.158999,0.));
#4183 = DIRECTION('',(-0.,0.,-1.));
#4184 = DIRECTION('',(-0.,-1.,0.));
#4185 = PLANE('',#4186);
#4186 = AXIS2_PLACEMENT_3D('',#4187,#4188,#4189);
#4187 = CARTESIAN_POINT('',(0.,0.,0.));
#4188 = DIRECTION('',(0.,0.,1.));
#4189 = DIRECTION('',(1.,0.,-0.));
#4190 = ADVANCED_FACE('',(#4191,#4237,#4248,#4259,#4270,#4281,#4292,
    #4303,#4314,#4325),#4336,.T.);
#4191 = FACE_BOUND('',#4192,.T.);
#4192 = EDGE_LOOP('',(#4193,#4194,#4195,#4204,#4212,#4221,#4229,#4236));
#4193 = ORIENTED_EDGE('',*,*,#3949,.F.);
#4194 = ORIENTED_EDGE('',*,*,#3991,.F.);
#4195 = ORIENTED_EDGE('',*,*,#4196,.F.);
#4196 = EDGE_CURVE('',#4197,#3984,#4199,.T.);
#4197 = VERTEX_POINT('',#4198);
#4198 = CARTESIAN_POINT('',(0.,-1.904999,1.51));
#4199 = CIRCLE('',#4200,1.904999720582);
#4200 = AXIS2_PLACEMENT_3D('',#4201,#4202,#4203);
#4201 = CARTESIAN_POINT('',(1.904999720582,-1.904998720582,1.51));
#4202 = DIRECTION('',(0.,0.,-1.));
#4203 = DIRECTION('',(-1.,-1.466762586076E-07,-0.));
#4204 = ORIENTED_EDGE('',*,*,#4205,.F.);
#4205 = EDGE_CURVE('',#4206,#4197,#4208,.T.);
#4206 = VERTEX_POINT('',#4207);
#4207 = CARTESIAN_POINT('',(1.110223024625E-16,-12.191999,1.51));
#4208 = LINE('',#4209,#4210);
#4209 = CARTESIAN_POINT('',(0.,-12.191999,1.51));
#4210 = VECTOR('',#4211,1.);
#4211 = DIRECTION('',(0.,1.,0.));
#4212 = ORIENTED_EDGE('',*,*,#4213,.F.);
#4213 = EDGE_CURVE('',#4214,#4206,#4216,.T.);
#4214 = VERTEX_POINT('',#4215);
#4215 = CARTESIAN_POINT('',(1.905,-14.096999,1.51));
#4216 = CIRCLE('',#4217,1.904998013479);
#4217 = AXIS2_PLACEMENT_3D('',#4218,#4219,#4220);
#4218 = CARTESIAN_POINT('',(1.904998013478,-12.19200098652,1.51));
#4219 = DIRECTION('',(0.,0.,-1.));
#4220 = DIRECTION('',(1.042794916426E-06,-0.999999999999,0.));
#4221 = ORIENTED_EDGE('',*,*,#4222,.F.);
#4222 = EDGE_CURVE('',#4223,#4214,#4225,.T.);
#4223 = VERTEX_POINT('',#4224);
#4224 = CARTESIAN_POINT('',(23.495,-14.096999,1.51));
#4225 = LINE('',#4226,#4227);
#4226 = CARTESIAN_POINT('',(23.495,-14.096999,1.51));
#4227 = VECTOR('',#4228,1.);
#4228 = DIRECTION('',(-1.,0.,0.));
#4229 = ORIENTED_EDGE('',*,*,#4230,.F.);
#4230 = EDGE_CURVE('',#4014,#4223,#4231,.T.);
#4231 = CIRCLE('',#4232,1.904999720582);
#4232 = AXIS2_PLACEMENT_3D('',#4233,#4234,#4235);
#4233 = CARTESIAN_POINT('',(23.495000279418,-12.19199927941,1.51));
#4234 = DIRECTION('',(0.,0.,-1.));
#4235 = DIRECTION('',(1.,1.466762600063E-07,0.));
#4236 = ORIENTED_EDGE('',*,*,#4013,.F.);
#4237 = FACE_BOUND('',#4238,.T.);
#4238 = EDGE_LOOP('',(#4239));
#4239 = ORIENTED_EDGE('',*,*,#4240,.T.);
#4240 = EDGE_CURVE('',#4241,#4241,#4243,.T.);
#4241 = VERTEX_POINT('',#4242);
#4242 = CARTESIAN_POINT('',(2.032,-13.165,1.51));
#4243 = CIRCLE('',#4244,1.1);
#4244 = AXIS2_PLACEMENT_3D('',#4245,#4246,#4247);
#4245 = CARTESIAN_POINT('',(2.032,-12.065,1.51));
#4246 = DIRECTION('',(-0.,0.,-1.));
#4247 = DIRECTION('',(-0.,-1.,0.));
#4248 = FACE_BOUND('',#4249,.T.);
#4249 = EDGE_LOOP('',(#4250));
#4250 = ORIENTED_EDGE('',*,*,#4251,.T.);
#4251 = EDGE_CURVE('',#4252,#4252,#4254,.T.);
#4252 = VERTEX_POINT('',#4253);
#4253 = CARTESIAN_POINT('',(9.239,-8.585,1.51));
#4254 = CIRCLE('',#4255,0.3);
#4255 = AXIS2_PLACEMENT_3D('',#4256,#4257,#4258);
#4256 = CARTESIAN_POINT('',(9.239,-8.285,1.51));
#4257 = DIRECTION('',(-0.,0.,-1.));
#4258 = DIRECTION('',(-0.,-1.,0.));
#4259 = FACE_BOUND('',#4260,.T.);
#4260 = EDGE_LOOP('',(#4261));
#4261 = ORIENTED_EDGE('',*,*,#4262,.T.);
#4262 = EDGE_CURVE('',#4263,#4263,#4265,.T.);
#4263 = VERTEX_POINT('',#4264);
#4264 = CARTESIAN_POINT('',(24.003,-12.818999,1.51));
#4265 = CIRCLE('',#4266,0.5);
#4266 = AXIS2_PLACEMENT_3D('',#4267,#4268,#4269);
#4267 = CARTESIAN_POINT('',(24.003,-12.318999,1.51));
#4268 = DIRECTION('',(-0.,0.,-1.));
#4269 = DIRECTION('',(-0.,-1.,0.));
#4270 = FACE_BOUND('',#4271,.T.);
#4271 = EDGE_LOOP('',(#4272));
#4272 = ORIENTED_EDGE('',*,*,#4273,.T.);
#4273 = EDGE_CURVE('',#4274,#4274,#4276,.T.);
#4274 = VERTEX_POINT('',#4275);
#4275 = CARTESIAN_POINT('',(24.003,-10.279,1.51));
#4276 = CIRCLE('',#4277,0.5);
#4277 = AXIS2_PLACEMENT_3D('',#4278,#4279,#4280);
#4278 = CARTESIAN_POINT('',(24.003,-9.779,1.51));
#4279 = DIRECTION('',(-0.,0.,-1.));
#4280 = DIRECTION('',(-0.,-1.,0.));
#4281 = FACE_BOUND('',#4282,.T.);
#4282 = EDGE_LOOP('',(#4283));
#4283 = ORIENTED_EDGE('',*,*,#4284,.T.);
#4284 = EDGE_CURVE('',#4285,#4285,#4287,.T.);
#4285 = VERTEX_POINT('',#4286);
#4286 = CARTESIAN_POINT('',(24.003,-7.739,1.51));
#4287 = CIRCLE('',#4288,0.5);
#4288 = AXIS2_PLACEMENT_3D('',#4289,#4290,#4291);
#4289 = CARTESIAN_POINT('',(24.003,-7.239,1.51));
#4290 = DIRECTION('',(-0.,0.,-1.));
#4291 = DIRECTION('',(-0.,-1.,0.));
#4292 = FACE_BOUND('',#4293,.T.);
#4293 = EDGE_LOOP('',(#4294));
#4294 = ORIENTED_EDGE('',*,*,#4295,.T.);
#4295 = EDGE_CURVE('',#4296,#4296,#4298,.T.);
#4296 = VERTEX_POINT('',#4297);
#4297 = CARTESIAN_POINT('',(9.239,-5.984999,1.51));
#4298 = CIRCLE('',#4299,0.3);
#4299 = AXIS2_PLACEMENT_3D('',#4300,#4301,#4302);
#4300 = CARTESIAN_POINT('',(9.239,-5.684999,1.51));
#4301 = DIRECTION('',(-0.,0.,-1.));
#4302 = DIRECTION('',(-0.,-1.,0.));
#4303 = FACE_BOUND('',#4304,.T.);
#4304 = EDGE_LOOP('',(#4305));
#4305 = ORIENTED_EDGE('',*,*,#4306,.T.);
#4306 = EDGE_CURVE('',#4307,#4307,#4309,.T.);
#4307 = VERTEX_POINT('',#4308);
#4308 = CARTESIAN_POINT('',(2.032,-3.132,1.51));
#4309 = CIRCLE('',#4310,1.1);
#4310 = AXIS2_PLACEMENT_3D('',#4311,#4312,#4313);
#4311 = CARTESIAN_POINT('',(2.032,-2.032,1.51));
#4312 = DIRECTION('',(-0.,0.,-1.));
#4313 = DIRECTION('',(-0.,-1.,0.));
#4314 = FACE_BOUND('',#4315,.T.);
#4315 = EDGE_LOOP('',(#4316));
#4316 = ORIENTED_EDGE('',*,*,#4317,.T.);
#4317 = EDGE_CURVE('',#4318,#4318,#4320,.T.);
#4318 = VERTEX_POINT('',#4319);
#4319 = CARTESIAN_POINT('',(24.003,-5.199,1.51));
#4320 = CIRCLE('',#4321,0.5);
#4321 = AXIS2_PLACEMENT_3D('',#4322,#4323,#4324);
#4322 = CARTESIAN_POINT('',(24.003,-4.699,1.51));
#4323 = DIRECTION('',(-0.,0.,-1.));
#4324 = DIRECTION('',(-0.,-1.,0.));
#4325 = FACE_BOUND('',#4326,.T.);
#4326 = EDGE_LOOP('',(#4327));
#4327 = ORIENTED_EDGE('',*,*,#4328,.T.);
#4328 = EDGE_CURVE('',#4329,#4329,#4331,.T.);
#4329 = VERTEX_POINT('',#4330);
#4330 = CARTESIAN_POINT('',(24.003,-2.658999,1.51));
#4331 = CIRCLE('',#4332,0.5);
#4332 = AXIS2_PLACEMENT_3D('',#4333,#4334,#4335);
#4333 = CARTESIAN_POINT('',(24.003,-2.158999,1.51));
#4334 = DIRECTION('',(-0.,0.,-1.));
#4335 = DIRECTION('',(-0.,-1.,0.));
#4336 = PLANE('',#4337);
#4337 = AXIS2_PLACEMENT_3D('',#4338,#4339,#4340);
#4338 = CARTESIAN_POINT('',(0.,0.,1.51));
#4339 = DIRECTION('',(0.,0.,1.));
#4340 = DIRECTION('',(1.,0.,-0.));
#4341 = ADVANCED_FACE('',(#4342),#4353,.T.);
#4342 = FACE_BOUND('',#4343,.T.);
#4343 = EDGE_LOOP('',(#4344,#4350,#4351,#4352));
#4344 = ORIENTED_EDGE('',*,*,#4345,.T.);
#4345 = EDGE_CURVE('',#4046,#4197,#4346,.T.);
#4346 = LINE('',#4347,#4348);
#4347 = CARTESIAN_POINT('',(0.,-1.904999,0.));
#4348 = VECTOR('',#4349,1.);
#4349 = DIRECTION('',(0.,0.,1.));
#4350 = ORIENTED_EDGE('',*,*,#4196,.T.);
#4351 = ORIENTED_EDGE('',*,*,#3981,.F.);
#4352 = ORIENTED_EDGE('',*,*,#4045,.F.);
#4353 = CYLINDRICAL_SURFACE('',#4354,1.904999720582);
#4354 = AXIS2_PLACEMENT_3D('',#4355,#4356,#4357);
#4355 = CARTESIAN_POINT('',(1.904999720582,-1.904998720582,0.));
#4356 = DIRECTION('',(0.,0.,-1.));
#4357 = DIRECTION('',(-1.,-1.466762586076E-07,-0.));
#4358 = ADVANCED_FACE('',(#4359),#4370,.T.);
#4359 = FACE_BOUND('',#4360,.T.);
#4360 = EDGE_LOOP('',(#4361,#4362,#4363,#4369));
#4361 = ORIENTED_EDGE('',*,*,#4021,.T.);
#4362 = ORIENTED_EDGE('',*,*,#4230,.T.);
#4363 = ORIENTED_EDGE('',*,*,#4364,.F.);
#4364 = EDGE_CURVE('',#4072,#4223,#4365,.T.);
#4365 = LINE('',#4366,#4367);
#4366 = CARTESIAN_POINT('',(23.495,-14.096999,0.));
#4367 = VECTOR('',#4368,1.);
#4368 = DIRECTION('',(0.,0.,1.));
#4369 = ORIENTED_EDGE('',*,*,#4079,.F.);
#4370 = CYLINDRICAL_SURFACE('',#4371,1.904999720582);
#4371 = AXIS2_PLACEMENT_3D('',#4372,#4373,#4374);
#4372 = CARTESIAN_POINT('',(23.495000279418,-12.19199927941,0.));
#4373 = DIRECTION('',(0.,0.,-1.));
#4374 = DIRECTION('',(1.,1.466762600063E-07,0.));
#4375 = ADVANCED_FACE('',(#4376),#4387,.T.);
#4376 = FACE_BOUND('',#4377,.T.);
#4377 = EDGE_LOOP('',(#4378,#4384,#4385,#4386));
#4378 = ORIENTED_EDGE('',*,*,#4379,.T.);
#4379 = EDGE_CURVE('',#4055,#4206,#4380,.T.);
#4380 = LINE('',#4381,#4382);
#4381 = CARTESIAN_POINT('',(1.110223024625E-16,-12.191999,0.));
#4382 = VECTOR('',#4383,1.);
#4383 = DIRECTION('',(0.,0.,1.));
#4384 = ORIENTED_EDGE('',*,*,#4205,.T.);
#4385 = ORIENTED_EDGE('',*,*,#4345,.F.);
#4386 = ORIENTED_EDGE('',*,*,#4054,.F.);
#4387 = PLANE('',#4388);
#4388 = AXIS2_PLACEMENT_3D('',#4389,#4390,#4391);
#4389 = CARTESIAN_POINT('',(0.,-12.191999,0.));
#4390 = DIRECTION('',(-1.,0.,0.));
#4391 = DIRECTION('',(0.,1.,0.));
#4392 = ADVANCED_FACE('',(#4393),#4404,.T.);
#4393 = FACE_BOUND('',#4394,.T.);
#4394 = EDGE_LOOP('',(#4395,#4396,#4397,#4403));
#4395 = ORIENTED_EDGE('',*,*,#4364,.T.);
#4396 = ORIENTED_EDGE('',*,*,#4222,.T.);
#4397 = ORIENTED_EDGE('',*,*,#4398,.F.);
#4398 = EDGE_CURVE('',#4063,#4214,#4399,.T.);
#4399 = LINE('',#4400,#4401);
#4400 = CARTESIAN_POINT('',(1.905,-14.096999,0.));
#4401 = VECTOR('',#4402,1.);
#4402 = DIRECTION('',(0.,0.,1.));
#4403 = ORIENTED_EDGE('',*,*,#4071,.F.);
#4404 = PLANE('',#4405);
#4405 = AXIS2_PLACEMENT_3D('',#4406,#4407,#4408);
#4406 = CARTESIAN_POINT('',(23.495,-14.096999,0.));
#4407 = DIRECTION('',(0.,-1.,0.));
#4408 = DIRECTION('',(-1.,0.,0.));
#4409 = ADVANCED_FACE('',(#4410),#4416,.T.);
#4410 = FACE_BOUND('',#4411,.T.);
#4411 = EDGE_LOOP('',(#4412,#4413,#4414,#4415));
#4412 = ORIENTED_EDGE('',*,*,#4398,.T.);
#4413 = ORIENTED_EDGE('',*,*,#4213,.T.);
#4414 = ORIENTED_EDGE('',*,*,#4379,.F.);
#4415 = ORIENTED_EDGE('',*,*,#4062,.F.);
#4416 = CYLINDRICAL_SURFACE('',#4417,1.904998013479);
#4417 = AXIS2_PLACEMENT_3D('',#4418,#4419,#4420);
#4418 = CARTESIAN_POINT('',(1.904998013478,-12.19200098652,0.));
#4419 = DIRECTION('',(0.,0.,-1.));
#4420 = DIRECTION('',(1.042794916426E-06,-0.999999999999,0.));
#4421 = ADVANCED_FACE('',(#4422),#4433,.F.);
#4422 = FACE_BOUND('',#4423,.T.);
#4423 = EDGE_LOOP('',(#4424,#4425,#4431,#4432));
#4424 = ORIENTED_EDGE('',*,*,#4089,.T.);
#4425 = ORIENTED_EDGE('',*,*,#4426,.T.);
#4426 = EDGE_CURVE('',#4090,#4241,#4427,.T.);
#4427 = LINE('',#4428,#4429);
#4428 = CARTESIAN_POINT('',(2.032,-13.165,-4.6E-02));
#4429 = VECTOR('',#4430,1.);
#4430 = DIRECTION('',(0.,0.,1.));
#4431 = ORIENTED_EDGE('',*,*,#4240,.F.);
#4432 = ORIENTED_EDGE('',*,*,#4426,.F.);
#4433 = CYLINDRICAL_SURFACE('',#4434,1.1);
#4434 = AXIS2_PLACEMENT_3D('',#4435,#4436,#4437);
#4435 = CARTESIAN_POINT('',(2.032,-12.065,-4.6E-02));
#4436 = DIRECTION('',(-0.,-0.,-1.));
#4437 = DIRECTION('',(-0.,-1.,0.));
#4438 = ADVANCED_FACE('',(#4439),#4450,.F.);
#4439 = FACE_BOUND('',#4440,.T.);
#4440 = EDGE_LOOP('',(#4441,#4442,#4448,#4449));
#4441 = ORIENTED_EDGE('',*,*,#4100,.T.);
#4442 = ORIENTED_EDGE('',*,*,#4443,.T.);
#4443 = EDGE_CURVE('',#4101,#4252,#4444,.T.);
#4444 = LINE('',#4445,#4446);
#4445 = CARTESIAN_POINT('',(9.239,-8.585,-4.6E-02));
#4446 = VECTOR('',#4447,1.);
#4447 = DIRECTION('',(0.,0.,1.));
#4448 = ORIENTED_EDGE('',*,*,#4251,.F.);
#4449 = ORIENTED_EDGE('',*,*,#4443,.F.);
#4450 = CYLINDRICAL_SURFACE('',#4451,0.3);
#4451 = AXIS2_PLACEMENT_3D('',#4452,#4453,#4454);
#4452 = CARTESIAN_POINT('',(9.239,-8.285,-4.6E-02));
#4453 = DIRECTION('',(-0.,-0.,-1.));
#4454 = DIRECTION('',(-0.,-1.,0.));
#4455 = ADVANCED_FACE('',(#4456),#4467,.F.);
#4456 = FACE_BOUND('',#4457,.T.);
#4457 = EDGE_LOOP('',(#4458,#4459,#4465,#4466));
#4458 = ORIENTED_EDGE('',*,*,#4111,.T.);
#4459 = ORIENTED_EDGE('',*,*,#4460,.T.);
#4460 = EDGE_CURVE('',#4112,#4263,#4461,.T.);
#4461 = LINE('',#4462,#4463);
#4462 = CARTESIAN_POINT('',(24.003,-12.818999,-4.6E-02));
#4463 = VECTOR('',#4464,1.);
#4464 = DIRECTION('',(0.,0.,1.));
#4465 = ORIENTED_EDGE('',*,*,#4262,.F.);
#4466 = ORIENTED_EDGE('',*,*,#4460,.F.);
#4467 = CYLINDRICAL_SURFACE('',#4468,0.5);
#4468 = AXIS2_PLACEMENT_3D('',#4469,#4470,#4471);
#4469 = CARTESIAN_POINT('',(24.003,-12.318999,-4.6E-02));
#4470 = DIRECTION('',(-0.,-0.,-1.));
#4471 = DIRECTION('',(-0.,-1.,0.));
#4472 = ADVANCED_FACE('',(#4473),#4484,.F.);
#4473 = FACE_BOUND('',#4474,.T.);
#4474 = EDGE_LOOP('',(#4475,#4476,#4482,#4483));
#4475 = ORIENTED_EDGE('',*,*,#4122,.T.);
#4476 = ORIENTED_EDGE('',*,*,#4477,.T.);
#4477 = EDGE_CURVE('',#4123,#4274,#4478,.T.);
#4478 = LINE('',#4479,#4480);
#4479 = CARTESIAN_POINT('',(24.003,-10.279,-4.6E-02));
#4480 = VECTOR('',#4481,1.);
#4481 = DIRECTION('',(0.,0.,1.));
#4482 = ORIENTED_EDGE('',*,*,#4273,.F.);
#4483 = ORIENTED_EDGE('',*,*,#4477,.F.);
#4484 = CYLINDRICAL_SURFACE('',#4485,0.5);
#4485 = AXIS2_PLACEMENT_3D('',#4486,#4487,#4488);
#4486 = CARTESIAN_POINT('',(24.003,-9.779,-4.6E-02));
#4487 = DIRECTION('',(-0.,-0.,-1.));
#4488 = DIRECTION('',(-0.,-1.,0.));
#4489 = ADVANCED_FACE('',(#4490),#4501,.F.);
#4490 = FACE_BOUND('',#4491,.T.);
#4491 = EDGE_LOOP('',(#4492,#4493,#4499,#4500));
#4492 = ORIENTED_EDGE('',*,*,#4133,.T.);
#4493 = ORIENTED_EDGE('',*,*,#4494,.T.);
#4494 = EDGE_CURVE('',#4134,#4285,#4495,.T.);
#4495 = LINE('',#4496,#4497);
#4496 = CARTESIAN_POINT('',(24.003,-7.739,-4.6E-02));
#4497 = VECTOR('',#4498,1.);
#4498 = DIRECTION('',(0.,0.,1.));
#4499 = ORIENTED_EDGE('',*,*,#4284,.F.);
#4500 = ORIENTED_EDGE('',*,*,#4494,.F.);
#4501 = CYLINDRICAL_SURFACE('',#4502,0.5);
#4502 = AXIS2_PLACEMENT_3D('',#4503,#4504,#4505);
#4503 = CARTESIAN_POINT('',(24.003,-7.239,-4.6E-02));
#4504 = DIRECTION('',(-0.,-0.,-1.));
#4505 = DIRECTION('',(-0.,-1.,0.));
#4506 = ADVANCED_FACE('',(#4507),#4518,.F.);
#4507 = FACE_BOUND('',#4508,.T.);
#4508 = EDGE_LOOP('',(#4509,#4510,#4516,#4517));
#4509 = ORIENTED_EDGE('',*,*,#4144,.T.);
#4510 = ORIENTED_EDGE('',*,*,#4511,.T.);
#4511 = EDGE_CURVE('',#4145,#4296,#4512,.T.);
#4512 = LINE('',#4513,#4514);
#4513 = CARTESIAN_POINT('',(9.239,-5.984999,-4.6E-02));
#4514 = VECTOR('',#4515,1.);
#4515 = DIRECTION('',(0.,0.,1.));
#4516 = ORIENTED_EDGE('',*,*,#4295,.F.);
#4517 = ORIENTED_EDGE('',*,*,#4511,.F.);
#4518 = CYLINDRICAL_SURFACE('',#4519,0.3);
#4519 = AXIS2_PLACEMENT_3D('',#4520,#4521,#4522);
#4520 = CARTESIAN_POINT('',(9.239,-5.684999,-4.6E-02));
#4521 = DIRECTION('',(-0.,-0.,-1.));
#4522 = DIRECTION('',(-0.,-1.,0.));
#4523 = ADVANCED_FACE('',(#4524),#4535,.F.);
#4524 = FACE_BOUND('',#4525,.T.);
#4525 = EDGE_LOOP('',(#4526,#4527,#4533,#4534));
#4526 = ORIENTED_EDGE('',*,*,#4155,.T.);
#4527 = ORIENTED_EDGE('',*,*,#4528,.T.);
#4528 = EDGE_CURVE('',#4156,#4307,#4529,.T.);
#4529 = LINE('',#4530,#4531);
#4530 = CARTESIAN_POINT('',(2.032,-3.132,-4.6E-02));
#4531 = VECTOR('',#4532,1.);
#4532 = DIRECTION('',(0.,0.,1.));
#4533 = ORIENTED_EDGE('',*,*,#4306,.F.);
#4534 = ORIENTED_EDGE('',*,*,#4528,.F.);
#4535 = CYLINDRICAL_SURFACE('',#4536,1.1);
#4536 = AXIS2_PLACEMENT_3D('',#4537,#4538,#4539);
#4537 = CARTESIAN_POINT('',(2.032,-2.032,-4.6E-02));
#4538 = DIRECTION('',(-0.,-0.,-1.));
#4539 = DIRECTION('',(-0.,-1.,0.));
#4540 = ADVANCED_FACE('',(#4541),#4552,.F.);
#4541 = FACE_BOUND('',#4542,.T.);
#4542 = EDGE_LOOP('',(#4543,#4544,#4550,#4551));
#4543 = ORIENTED_EDGE('',*,*,#4166,.T.);
#4544 = ORIENTED_EDGE('',*,*,#4545,.T.);
#4545 = EDGE_CURVE('',#4167,#4318,#4546,.T.);
#4546 = LINE('',#4547,#4548);
#4547 = CARTESIAN_POINT('',(24.003,-5.199,-4.6E-02));
#4548 = VECTOR('',#4549,1.);
#4549 = DIRECTION('',(0.,0.,1.));
#4550 = ORIENTED_EDGE('',*,*,#4317,.F.);
#4551 = ORIENTED_EDGE('',*,*,#4545,.F.);
#4552 = CYLINDRICAL_SURFACE('',#4553,0.5);
#4553 = AXIS2_PLACEMENT_3D('',#4554,#4555,#4556);
#4554 = CARTESIAN_POINT('',(24.003,-4.699,-4.6E-02));
#4555 = DIRECTION('',(-0.,-0.,-1.));
#4556 = DIRECTION('',(-0.,-1.,0.));
#4557 = ADVANCED_FACE('',(#4558),#4569,.F.);
#4558 = FACE_BOUND('',#4559,.T.);
#4559 = EDGE_LOOP('',(#4560,#4561,#4567,#4568));
#4560 = ORIENTED_EDGE('',*,*,#4177,.T.);
#4561 = ORIENTED_EDGE('',*,*,#4562,.T.);
#4562 = EDGE_CURVE('',#4178,#4329,#4563,.T.);
#4563 = LINE('',#4564,#4565);
#4564 = CARTESIAN_POINT('',(24.003,-2.658999,-4.6E-02));
#4565 = VECTOR('',#4566,1.);
#4566 = DIRECTION('',(0.,0.,1.));
#4567 = ORIENTED_EDGE('',*,*,#4328,.F.);
#4568 = ORIENTED_EDGE('',*,*,#4562,.F.);
#4569 = CYLINDRICAL_SURFACE('',#4570,0.5);
#4570 = AXIS2_PLACEMENT_3D('',#4571,#4572,#4573);
#4571 = CARTESIAN_POINT('',(24.003,-2.158999,-4.6E-02));
#4572 = DIRECTION('',(-0.,-0.,-1.));
#4573 = DIRECTION('',(-0.,-1.,0.));
#4574 = ( GEOMETRIC_REPRESENTATION_CONTEXT(3) 
GLOBAL_UNCERTAINTY_ASSIGNED_CONTEXT((#4578)) 
GLOBAL_UNIT_ASSIGNED_CONTEXT((#4575,#4576,#4577)) REPRESENTATION_CONTEXT
('Context #1','3D Context with UNIT and UNCERTAINTY') );
#4575 = ( LENGTH_UNIT() NAMED_UNIT(*) SI_UNIT(.MILLI.,.METRE.) );
#4576 = ( NAMED_UNIT(*) PLANE_ANGLE_UNIT() SI_UNIT($,.RADIAN.) );
#4577 = ( NAMED_UNIT(*) SI_UNIT($,.STERADIAN.) SOLID_ANGLE_UNIT() );
#4578 = UNCERTAINTY_MEASURE_WITH_UNIT(LENGTH_MEASURE(1.E-07),#4575,
  'distance_accuracy_value','confusion accuracy');
#4579 = CONTEXT_DEPENDENT_SHAPE_REPRESENTATION(#4580,#4582);
#4580 = ( REPRESENTATION_RELATIONSHIP('','',#3932,#10) 
REPRESENTATION_RELATIONSHIP_WITH_TRANSFORMATION(#4581) 
SHAPE_REPRESENTATION_RELATIONSHIP() );
#4581 = ITEM_DEFINED_TRANSFORMATION('','',#11,#67);
#4582 = PRODUCT_DEFINITION_SHAPE('Placement','Placement of an item',
  #4583);
#4583 = NEXT_ASSEMBLY_USAGE_OCCURRENCE('14','=>[0:1:1:8]','',#5,#3927,$
  );
#4584 = PRODUCT_RELATED_PRODUCT_CATEGORY('part',$,(#3929));
#4585 = MECHANICAL_DESIGN_GEOMETRIC_PRESENTATION_REPRESENTATION('',(
    #4586,#4594,#4601,#4608,#4615,#4622,#4629,#4636,#4644,#4651,#4658,
    #4665,#4672,#4679,#4687,#4694,#4701,#4708,#4715,#4722,#4729,#4736,
    #4743,#4750,#4757,#4764),#2837);
#4586 = STYLED_ITEM('color',(#4587),#2049);
#4587 = PRESENTATION_STYLE_ASSIGNMENT((#4588));
#4588 = SURFACE_STYLE_USAGE(.BOTH.,#4589);
#4589 = SURFACE_SIDE_STYLE('',(#4590));
#4590 = SURFACE_STYLE_FILL_AREA(#4591);
#4591 = FILL_AREA_STYLE('',(#4592));
#4592 = FILL_AREA_STYLE_COLOUR('',#4593);
#4593 = COLOUR_RGB('',0.823999987314,0.819999987296,0.781000009244);
#4594 = STYLED_ITEM('color',(#4595),#2089);
#4595 = PRESENTATION_STYLE_ASSIGNMENT((#4596));
#4596 = SURFACE_STYLE_USAGE(.BOTH.,#4597);
#4597 = SURFACE_SIDE_STYLE('',(#4598));
#4598 = SURFACE_STYLE_FILL_AREA(#4599);
#4599 = FILL_AREA_STYLE('',(#4600));
#4600 = FILL_AREA_STYLE_COLOUR('',#4593);
#4601 = STYLED_ITEM('color',(#4602),#2172);
#4602 = PRESENTATION_STYLE_ASSIGNMENT((#4603));
#4603 = SURFACE_STYLE_USAGE(.BOTH.,#4604);
#4604 = SURFACE_SIDE_STYLE('',(#4605));
#4605 = SURFACE_STYLE_FILL_AREA(#4606);
#4606 = FILL_AREA_STYLE('',(#4607));
#4607 = FILL_AREA_STYLE_COLOUR('',#4593);
#4608 = STYLED_ITEM('color',(#4609),#2197);
#4609 = PRESENTATION_STYLE_ASSIGNMENT((#4610));
#4610 = SURFACE_STYLE_USAGE(.BOTH.,#4611);
#4611 = SURFACE_SIDE_STYLE('',(#4612));
#4612 = SURFACE_STYLE_FILL_AREA(#4613);
#4613 = FILL_AREA_STYLE('',(#4614));
#4614 = FILL_AREA_STYLE_COLOUR('',#4593);
#4615 = STYLED_ITEM('color',(#4616),#2222);
#4616 = PRESENTATION_STYLE_ASSIGNMENT((#4617));
#4617 = SURFACE_STYLE_USAGE(.BOTH.,#4618);
#4618 = SURFACE_SIDE_STYLE('',(#4619));
#4619 = SURFACE_STYLE_FILL_AREA(#4620);
#4620 = FILL_AREA_STYLE('',(#4621));
#4621 = FILL_AREA_STYLE_COLOUR('',#4593);
#4622 = STYLED_ITEM('color',(#4623),#2289);
#4623 = PRESENTATION_STYLE_ASSIGNMENT((#4624));
#4624 = SURFACE_STYLE_USAGE(.BOTH.,#4625);
#4625 = SURFACE_SIDE_STYLE('',(#4626));
#4626 = SURFACE_STYLE_FILL_AREA(#4627);
#4627 = FILL_AREA_STYLE('',(#4628));
#4628 = FILL_AREA_STYLE_COLOUR('',#4593);
#4629 = STYLED_ITEM('color',(#4630),#2306);
#4630 = PRESENTATION_STYLE_ASSIGNMENT((#4631));
#4631 = SURFACE_STYLE_USAGE(.BOTH.,#4632);
#4632 = SURFACE_SIDE_STYLE('',(#4633));
#4633 = SURFACE_STYLE_FILL_AREA(#4634);
#4634 = FILL_AREA_STYLE('',(#4635));
#4635 = FILL_AREA_STYLE_COLOUR('',#4593);
#4636 = STYLED_ITEM('color',(#4637),#2323);
#4637 = PRESENTATION_STYLE_ASSIGNMENT((#4638));
#4638 = SURFACE_STYLE_USAGE(.BOTH.,#4639);
#4639 = SURFACE_SIDE_STYLE('',(#4640));
#4640 = SURFACE_STYLE_FILL_AREA(#4641);
#4641 = FILL_AREA_STYLE('',(#4642));
#4642 = FILL_AREA_STYLE_COLOUR('',#4643);
#4643 = COLOUR_RGB('',0.894999966383,0.890999961016,0.813000030345);
#4644 = STYLED_ITEM('color',(#4645),#2372);
#4645 = PRESENTATION_STYLE_ASSIGNMENT((#4646));
#4646 = SURFACE_STYLE_USAGE(.BOTH.,#4647);
#4647 = SURFACE_SIDE_STYLE('',(#4648));
#4648 = SURFACE_STYLE_FILL_AREA(#4649);
#4649 = FILL_AREA_STYLE('',(#4650));
#4650 = FILL_AREA_STYLE_COLOUR('',#4593);
#4651 = STYLED_ITEM('color',(#4652),#2389);
#4652 = PRESENTATION_STYLE_ASSIGNMENT((#4653));
#4653 = SURFACE_STYLE_USAGE(.BOTH.,#4654);
#4654 = SURFACE_SIDE_STYLE('',(#4655));
#4655 = SURFACE_STYLE_FILL_AREA(#4656);
#4656 = FILL_AREA_STYLE('',(#4657));
#4657 = FILL_AREA_STYLE_COLOUR('',#4593);
#4658 = STYLED_ITEM('color',(#4659),#2406);
#4659 = PRESENTATION_STYLE_ASSIGNMENT((#4660));
#4660 = SURFACE_STYLE_USAGE(.BOTH.,#4661);
#4661 = SURFACE_SIDE_STYLE('',(#4662));
#4662 = SURFACE_STYLE_FILL_AREA(#4663);
#4663 = FILL_AREA_STYLE('',(#4664));
#4664 = FILL_AREA_STYLE_COLOUR('',#4643);
#4665 = STYLED_ITEM('color',(#4666),#2455);
#4666 = PRESENTATION_STYLE_ASSIGNMENT((#4667));
#4667 = SURFACE_STYLE_USAGE(.BOTH.,#4668);
#4668 = SURFACE_SIDE_STYLE('',(#4669));
#4669 = SURFACE_STYLE_FILL_AREA(#4670);
#4670 = FILL_AREA_STYLE('',(#4671));
#4671 = FILL_AREA_STYLE_COLOUR('',#4643);
#4672 = STYLED_ITEM('color',(#4673),#2472);
#4673 = PRESENTATION_STYLE_ASSIGNMENT((#4674));
#4674 = SURFACE_STYLE_USAGE(.BOTH.,#4675);
#4675 = SURFACE_SIDE_STYLE('',(#4676));
#4676 = SURFACE_STYLE_FILL_AREA(#4677);
#4677 = FILL_AREA_STYLE('',(#4678));
#4678 = FILL_AREA_STYLE_COLOUR('',#4593);
#4679 = STYLED_ITEM('color',(#4680),#2541);
#4680 = PRESENTATION_STYLE_ASSIGNMENT((#4681));
#4681 = SURFACE_STYLE_USAGE(.BOTH.,#4682);
#4682 = SURFACE_SIDE_STYLE('',(#4683));
#4683 = SURFACE_STYLE_FILL_AREA(#4684);
#4684 = FILL_AREA_STYLE('',(#4685));
#4685 = FILL_AREA_STYLE_COLOUR('',#4686);
#4686 = COLOUR_RGB('',8.200000279077E-02,8.600000121357E-02,
  9.399999706163E-02);
#4687 = STYLED_ITEM('color',(#4688),#2572);
#4688 = PRESENTATION_STYLE_ASSIGNMENT((#4689));
#4689 = SURFACE_STYLE_USAGE(.BOTH.,#4690);
#4690 = SURFACE_SIDE_STYLE('',(#4691));
#4691 = SURFACE_STYLE_FILL_AREA(#4692);
#4692 = FILL_AREA_STYLE('',(#4693));
#4693 = FILL_AREA_STYLE_COLOUR('',#4686);
#4694 = STYLED_ITEM('color',(#4695),#2596);
#4695 = PRESENTATION_STYLE_ASSIGNMENT((#4696));
#4696 = SURFACE_STYLE_USAGE(.BOTH.,#4697);
#4697 = SURFACE_SIDE_STYLE('',(#4698));
#4698 = SURFACE_STYLE_FILL_AREA(#4699);
#4699 = FILL_AREA_STYLE('',(#4700));
#4700 = FILL_AREA_STYLE_COLOUR('',#4593);
#4701 = STYLED_ITEM('color',(#4702),#2665);
#4702 = PRESENTATION_STYLE_ASSIGNMENT((#4703));
#4703 = SURFACE_STYLE_USAGE(.BOTH.,#4704);
#4704 = SURFACE_SIDE_STYLE('',(#4705));
#4705 = SURFACE_STYLE_FILL_AREA(#4706);
#4706 = FILL_AREA_STYLE('',(#4707));
#4707 = FILL_AREA_STYLE_COLOUR('',#4686);
#4708 = STYLED_ITEM('color',(#4709),#2689);
#4709 = PRESENTATION_STYLE_ASSIGNMENT((#4710));
#4710 = SURFACE_STYLE_USAGE(.BOTH.,#4711);
#4711 = SURFACE_SIDE_STYLE('',(#4712));
#4712 = SURFACE_STYLE_FILL_AREA(#4713);
#4713 = FILL_AREA_STYLE('',(#4714));
#4714 = FILL_AREA_STYLE_COLOUR('',#4593);
#4715 = STYLED_ITEM('color',(#4716),#2706);
#4716 = PRESENTATION_STYLE_ASSIGNMENT((#4717));
#4717 = SURFACE_STYLE_USAGE(.BOTH.,#4718);
#4718 = SURFACE_SIDE_STYLE('',(#4719));
#4719 = SURFACE_STYLE_FILL_AREA(#4720);
#4720 = FILL_AREA_STYLE('',(#4721));
#4721 = FILL_AREA_STYLE_COLOUR('',#4593);
#4722 = STYLED_ITEM('color',(#4723),#2723);
#4723 = PRESENTATION_STYLE_ASSIGNMENT((#4724));
#4724 = SURFACE_STYLE_USAGE(.BOTH.,#4725);
#4725 = SURFACE_SIDE_STYLE('',(#4726));
#4726 = SURFACE_STYLE_FILL_AREA(#4727);
#4727 = FILL_AREA_STYLE('',(#4728));
#4728 = FILL_AREA_STYLE_COLOUR('',#4593);
#4729 = STYLED_ITEM('color',(#4730),#2740);
#4730 = PRESENTATION_STYLE_ASSIGNMENT((#4731));
#4731 = SURFACE_STYLE_USAGE(.BOTH.,#4732);
#4732 = SURFACE_SIDE_STYLE('',(#4733));
#4733 = SURFACE_STYLE_FILL_AREA(#4734);
#4734 = FILL_AREA_STYLE('',(#4735));
#4735 = FILL_AREA_STYLE_COLOUR('',#4593);
#4736 = STYLED_ITEM('color',(#4737),#2757);
#4737 = PRESENTATION_STYLE_ASSIGNMENT((#4738));
#4738 = SURFACE_STYLE_USAGE(.BOTH.,#4739);
#4739 = SURFACE_SIDE_STYLE('',(#4740));
#4740 = SURFACE_STYLE_FILL_AREA(#4741);
#4741 = FILL_AREA_STYLE('',(#4742));
#4742 = FILL_AREA_STYLE_COLOUR('',#4593);
#4743 = STYLED_ITEM('color',(#4744),#2774);
#4744 = PRESENTATION_STYLE_ASSIGNMENT((#4745));
#4745 = SURFACE_STYLE_USAGE(.BOTH.,#4746);
#4746 = SURFACE_SIDE_STYLE('',(#4747));
#4747 = SURFACE_STYLE_FILL_AREA(#4748);
#4748 = FILL_AREA_STYLE('',(#4749));
#4749 = FILL_AREA_STYLE_COLOUR('',#4593);
#4750 = STYLED_ITEM('color',(#4751),#2791);
#4751 = PRESENTATION_STYLE_ASSIGNMENT((#4752));
#4752 = SURFACE_STYLE_USAGE(.BOTH.,#4753);
#4753 = SURFACE_SIDE_STYLE('',(#4754));
#4754 = SURFACE_STYLE_FILL_AREA(#4755);
#4755 = FILL_AREA_STYLE('',(#4756));
#4756 = FILL_AREA_STYLE_COLOUR('',#4593);
#4757 = STYLED_ITEM('color',(#4758),#2808);
#4758 = PRESENTATION_STYLE_ASSIGNMENT((#4759));
#4759 = SURFACE_STYLE_USAGE(.BOTH.,#4760);
#4760 = SURFACE_SIDE_STYLE('',(#4761));
#4761 = SURFACE_STYLE_FILL_AREA(#4762);
#4762 = FILL_AREA_STYLE('',(#4763));
#4763 = FILL_AREA_STYLE_COLOUR('',#4686);
#4764 = STYLED_ITEM('color',(#4765),#2825);
#4765 = PRESENTATION_STYLE_ASSIGNMENT((#4766));
#4766 = SURFACE_STYLE_USAGE(.BOTH.,#4767);
#4767 = SURFACE_SIDE_STYLE('',(#4768));
#4768 = SURFACE_STYLE_FILL_AREA(#4769);
#4769 = FILL_AREA_STYLE('',(#4770));
#4770 = FILL_AREA_STYLE_COLOUR('',#4686);
#4771 = MECHANICAL_DESIGN_GEOMETRIC_PRESENTATION_REPRESENTATION('',(
    #4772,#4779,#4786,#4793,#4800,#4807,#4814,#4821,#4828,#4835,#4842,
    #4850,#4857,#4864,#4871,#4878,#4885,#4892,#4899,#4906,#4913,#4920,
    #4927,#4934,#4941,#4948,#4955,#4962),#3710);
#4772 = STYLED_ITEM('color',(#4773),#2858);
#4773 = PRESENTATION_STYLE_ASSIGNMENT((#4774));
#4774 = SURFACE_STYLE_USAGE(.BOTH.,#4775);
#4775 = SURFACE_SIDE_STYLE('',(#4776));
#4776 = SURFACE_STYLE_FILL_AREA(#4777);
#4777 = FILL_AREA_STYLE('',(#4778));
#4778 = FILL_AREA_STYLE_COLOUR('',#4593);
#4779 = STYLED_ITEM('color',(#4780),#2934);
#4780 = PRESENTATION_STYLE_ASSIGNMENT((#4781));
#4781 = SURFACE_STYLE_USAGE(.BOTH.,#4782);
#4782 = SURFACE_SIDE_STYLE('',(#4783));
#4783 = SURFACE_STYLE_FILL_AREA(#4784);
#4784 = FILL_AREA_STYLE('',(#4785));
#4785 = FILL_AREA_STYLE_COLOUR('',#4593);
#4786 = STYLED_ITEM('color',(#4787),#2965);
#4787 = PRESENTATION_STYLE_ASSIGNMENT((#4788));
#4788 = SURFACE_STYLE_USAGE(.BOTH.,#4789);
#4789 = SURFACE_SIDE_STYLE('',(#4790));
#4790 = SURFACE_STYLE_FILL_AREA(#4791);
#4791 = FILL_AREA_STYLE('',(#4792));
#4792 = FILL_AREA_STYLE_COLOUR('',#4593);
#4793 = STYLED_ITEM('color',(#4794),#2990);
#4794 = PRESENTATION_STYLE_ASSIGNMENT((#4795));
#4795 = SURFACE_STYLE_USAGE(.BOTH.,#4796);
#4796 = SURFACE_SIDE_STYLE('',(#4797));
#4797 = SURFACE_STYLE_FILL_AREA(#4798);
#4798 = FILL_AREA_STYLE('',(#4799));
#4799 = FILL_AREA_STYLE_COLOUR('',#4593);
#4800 = STYLED_ITEM('color',(#4801),#3015);
#4801 = PRESENTATION_STYLE_ASSIGNMENT((#4802));
#4802 = SURFACE_STYLE_USAGE(.BOTH.,#4803);
#4803 = SURFACE_SIDE_STYLE('',(#4804));
#4804 = SURFACE_STYLE_FILL_AREA(#4805);
#4805 = FILL_AREA_STYLE('',(#4806));
#4806 = FILL_AREA_STYLE_COLOUR('',#4593);
#4807 = STYLED_ITEM('color',(#4808),#3039);
#4808 = PRESENTATION_STYLE_ASSIGNMENT((#4809));
#4809 = SURFACE_STYLE_USAGE(.BOTH.,#4810);
#4810 = SURFACE_SIDE_STYLE('',(#4811));
#4811 = SURFACE_STYLE_FILL_AREA(#4812);
#4812 = FILL_AREA_STYLE('',(#4813));
#4813 = FILL_AREA_STYLE_COLOUR('',#4593);
#4814 = STYLED_ITEM('color',(#4815),#3063);
#4815 = PRESENTATION_STYLE_ASSIGNMENT((#4816));
#4816 = SURFACE_STYLE_USAGE(.BOTH.,#4817);
#4817 = SURFACE_SIDE_STYLE('',(#4818));
#4818 = SURFACE_STYLE_FILL_AREA(#4819);
#4819 = FILL_AREA_STYLE('',(#4820));
#4820 = FILL_AREA_STYLE_COLOUR('',#4593);
#4821 = STYLED_ITEM('color',(#4822),#3088);
#4822 = PRESENTATION_STYLE_ASSIGNMENT((#4823));
#4823 = SURFACE_STYLE_USAGE(.BOTH.,#4824);
#4824 = SURFACE_SIDE_STYLE('',(#4825));
#4825 = SURFACE_STYLE_FILL_AREA(#4826);
#4826 = FILL_AREA_STYLE('',(#4827));
#4827 = FILL_AREA_STYLE_COLOUR('',#4593);
#4828 = STYLED_ITEM('color',(#4829),#3113);
#4829 = PRESENTATION_STYLE_ASSIGNMENT((#4830));
#4830 = SURFACE_STYLE_USAGE(.BOTH.,#4831);
#4831 = SURFACE_SIDE_STYLE('',(#4832));
#4832 = SURFACE_STYLE_FILL_AREA(#4833);
#4833 = FILL_AREA_STYLE('',(#4834));
#4834 = FILL_AREA_STYLE_COLOUR('',#4593);
#4835 = STYLED_ITEM('color',(#4836),#3130);
#4836 = PRESENTATION_STYLE_ASSIGNMENT((#4837));
#4837 = SURFACE_STYLE_USAGE(.BOTH.,#4838);
#4838 = SURFACE_SIDE_STYLE('',(#4839));
#4839 = SURFACE_STYLE_FILL_AREA(#4840);
#4840 = FILL_AREA_STYLE('',(#4841));
#4841 = FILL_AREA_STYLE_COLOUR('',#4593);
#4842 = STYLED_ITEM('color',(#4843),#3216);
#4843 = PRESENTATION_STYLE_ASSIGNMENT((#4844));
#4844 = SURFACE_STYLE_USAGE(.BOTH.,#4845);
#4845 = SURFACE_SIDE_STYLE('',(#4846));
#4846 = SURFACE_STYLE_FILL_AREA(#4847);
#4847 = FILL_AREA_STYLE('',(#4848));
#4848 = FILL_AREA_STYLE_COLOUR('',#4849);
#4849 = COLOUR_RGB('',0.272999999305,0.272999999305,0.272999999305);
#4850 = STYLED_ITEM('color',(#4851),#3248);
#4851 = PRESENTATION_STYLE_ASSIGNMENT((#4852));
#4852 = SURFACE_STYLE_USAGE(.BOTH.,#4853);
#4853 = SURFACE_SIDE_STYLE('',(#4854));
#4854 = SURFACE_STYLE_FILL_AREA(#4855);
#4855 = FILL_AREA_STYLE('',(#4856));
#4856 = FILL_AREA_STYLE_COLOUR('',#4849);
#4857 = STYLED_ITEM('color',(#4858),#3272);
#4858 = PRESENTATION_STYLE_ASSIGNMENT((#4859));
#4859 = SURFACE_STYLE_USAGE(.BOTH.,#4860);
#4860 = SURFACE_SIDE_STYLE('',(#4861));
#4861 = SURFACE_STYLE_FILL_AREA(#4862);
#4862 = FILL_AREA_STYLE('',(#4863));
#4863 = FILL_AREA_STYLE_COLOUR('',#4849);
#4864 = STYLED_ITEM('color',(#4865),#3297);
#4865 = PRESENTATION_STYLE_ASSIGNMENT((#4866));
#4866 = SURFACE_STYLE_USAGE(.BOTH.,#4867);
#4867 = SURFACE_SIDE_STYLE('',(#4868));
#4868 = SURFACE_STYLE_FILL_AREA(#4869);
#4869 = FILL_AREA_STYLE('',(#4870));
#4870 = FILL_AREA_STYLE_COLOUR('',#4849);
#4871 = STYLED_ITEM('color',(#4872),#3321);
#4872 = PRESENTATION_STYLE_ASSIGNMENT((#4873));
#4873 = SURFACE_STYLE_USAGE(.BOTH.,#4874);
#4874 = SURFACE_SIDE_STYLE('',(#4875));
#4875 = SURFACE_STYLE_FILL_AREA(#4876);
#4876 = FILL_AREA_STYLE('',(#4877));
#4877 = FILL_AREA_STYLE_COLOUR('',#4849);
#4878 = STYLED_ITEM('color',(#4879),#3346);
#4879 = PRESENTATION_STYLE_ASSIGNMENT((#4880));
#4880 = SURFACE_STYLE_USAGE(.BOTH.,#4881);
#4881 = SURFACE_SIDE_STYLE('',(#4882));
#4882 = SURFACE_STYLE_FILL_AREA(#4883);
#4883 = FILL_AREA_STYLE('',(#4884));
#4884 = FILL_AREA_STYLE_COLOUR('',#4849);
#4885 = STYLED_ITEM('color',(#4886),#3370);
#4886 = PRESENTATION_STYLE_ASSIGNMENT((#4887));
#4887 = SURFACE_STYLE_USAGE(.BOTH.,#4888);
#4888 = SURFACE_SIDE_STYLE('',(#4889));
#4889 = SURFACE_STYLE_FILL_AREA(#4890);
#4890 = FILL_AREA_STYLE('',(#4891));
#4891 = FILL_AREA_STYLE_COLOUR('',#4849);
#4892 = STYLED_ITEM('color',(#4893),#3395);
#4893 = PRESENTATION_STYLE_ASSIGNMENT((#4894));
#4894 = SURFACE_STYLE_USAGE(.BOTH.,#4895);
#4895 = SURFACE_SIDE_STYLE('',(#4896));
#4896 = SURFACE_STYLE_FILL_AREA(#4897);
#4897 = FILL_AREA_STYLE('',(#4898));
#4898 = FILL_AREA_STYLE_COLOUR('',#4849);
#4899 = STYLED_ITEM('color',(#4900),#3412);
#4900 = PRESENTATION_STYLE_ASSIGNMENT((#4901));
#4901 = SURFACE_STYLE_USAGE(.BOTH.,#4902);
#4902 = SURFACE_SIDE_STYLE('',(#4903));
#4903 = SURFACE_STYLE_FILL_AREA(#4904);
#4904 = FILL_AREA_STYLE('',(#4905));
#4905 = FILL_AREA_STYLE_COLOUR('',#4593);
#4906 = STYLED_ITEM('color',(#4907),#3498);
#4907 = PRESENTATION_STYLE_ASSIGNMENT((#4908));
#4908 = SURFACE_STYLE_USAGE(.BOTH.,#4909);
#4909 = SURFACE_SIDE_STYLE('',(#4910));
#4910 = SURFACE_STYLE_FILL_AREA(#4911);
#4911 = FILL_AREA_STYLE('',(#4912));
#4912 = FILL_AREA_STYLE_COLOUR('',#4593);
#4913 = STYLED_ITEM('color',(#4914),#3529);
#4914 = PRESENTATION_STYLE_ASSIGNMENT((#4915));
#4915 = SURFACE_STYLE_USAGE(.BOTH.,#4916);
#4916 = SURFACE_SIDE_STYLE('',(#4917));
#4917 = SURFACE_STYLE_FILL_AREA(#4918);
#4918 = FILL_AREA_STYLE('',(#4919));
#4919 = FILL_AREA_STYLE_COLOUR('',#4593);
#4920 = STYLED_ITEM('color',(#4921),#3554);
#4921 = PRESENTATION_STYLE_ASSIGNMENT((#4922));
#4922 = SURFACE_STYLE_USAGE(.BOTH.,#4923);
#4923 = SURFACE_SIDE_STYLE('',(#4924));
#4924 = SURFACE_STYLE_FILL_AREA(#4925);
#4925 = FILL_AREA_STYLE('',(#4926));
#4926 = FILL_AREA_STYLE_COLOUR('',#4593);
#4927 = STYLED_ITEM('color',(#4928),#3579);
#4928 = PRESENTATION_STYLE_ASSIGNMENT((#4929));
#4929 = SURFACE_STYLE_USAGE(.BOTH.,#4930);
#4930 = SURFACE_SIDE_STYLE('',(#4931));
#4931 = SURFACE_STYLE_FILL_AREA(#4932);
#4932 = FILL_AREA_STYLE('',(#4933));
#4933 = FILL_AREA_STYLE_COLOUR('',#4593);
#4934 = STYLED_ITEM('color',(#4935),#3603);
#4935 = PRESENTATION_STYLE_ASSIGNMENT((#4936));
#4936 = SURFACE_STYLE_USAGE(.BOTH.,#4937);
#4937 = SURFACE_SIDE_STYLE('',(#4938));
#4938 = SURFACE_STYLE_FILL_AREA(#4939);
#4939 = FILL_AREA_STYLE('',(#4940));
#4940 = FILL_AREA_STYLE_COLOUR('',#4593);
#4941 = STYLED_ITEM('color',(#4942),#3627);
#4942 = PRESENTATION_STYLE_ASSIGNMENT((#4943));
#4943 = SURFACE_STYLE_USAGE(.BOTH.,#4944);
#4944 = SURFACE_SIDE_STYLE('',(#4945));
#4945 = SURFACE_STYLE_FILL_AREA(#4946);
#4946 = FILL_AREA_STYLE('',(#4947));
#4947 = FILL_AREA_STYLE_COLOUR('',#4593);
#4948 = STYLED_ITEM('color',(#4949),#3652);
#4949 = PRESENTATION_STYLE_ASSIGNMENT((#4950));
#4950 = SURFACE_STYLE_USAGE(.BOTH.,#4951);
#4951 = SURFACE_SIDE_STYLE('',(#4952));
#4952 = SURFACE_STYLE_FILL_AREA(#4953);
#4953 = FILL_AREA_STYLE('',(#4954));
#4954 = FILL_AREA_STYLE_COLOUR('',#4593);
#4955 = STYLED_ITEM('color',(#4956),#3677);
#4956 = PRESENTATION_STYLE_ASSIGNMENT((#4957));
#4957 = SURFACE_STYLE_USAGE(.BOTH.,#4958);
#4958 = SURFACE_SIDE_STYLE('',(#4959));
#4959 = SURFACE_STYLE_FILL_AREA(#4960);
#4960 = FILL_AREA_STYLE('',(#4961));
#4961 = FILL_AREA_STYLE_COLOUR('',#4593);
#4962 = STYLED_ITEM('color',(#4963),#3694);
#4963 = PRESENTATION_STYLE_ASSIGNMENT((#4964));
#4964 = SURFACE_STYLE_USAGE(.BOTH.,#4965);
#4965 = SURFACE_SIDE_STYLE('',(#4966));
#4966 = SURFACE_STYLE_FILL_AREA(#4967);
#4967 = FILL_AREA_STYLE('',(#4968));
#4968 = FILL_AREA_STYLE_COLOUR('',#4593);
#4969 = MECHANICAL_DESIGN_GEOMETRIC_PRESENTATION_REPRESENTATION('',(
    #4970),#4574);
#4970 = STYLED_ITEM('color',(#4971),#3933);
#4971 = PRESENTATION_STYLE_ASSIGNMENT((#4972));
#4972 = SURFACE_STYLE_USAGE(.BOTH.,#4973);
#4973 = SURFACE_SIDE_STYLE('',(#4974));
#4974 = SURFACE_STYLE_FILL_AREA(#4975);
#4975 = FILL_AREA_STYLE('',(#4976));
#4976 = FILL_AREA_STYLE_COLOUR('',#4977);
#4977 = COLOUR_RGB('',0.595850963503,0.467400056421,0.68707609726);
#4978 = MECHANICAL_DESIGN_GEOMETRIC_PRESENTATION_REPRESENTATION('',(
    #4979,#4986,#4993,#5000,#5007,#5014,#5021,#5028,#5035,#5042,#5049,
    #5057,#5064,#5071,#5078,#5085,#5092,#5099,#5106,#5113,#5120,#5127,
    #5134,#5141,#5148,#5155,#5162,#5169),#2028);
#4979 = STYLED_ITEM('color',(#4980),#1176);
#4980 = PRESENTATION_STYLE_ASSIGNMENT((#4981));
#4981 = SURFACE_STYLE_USAGE(.BOTH.,#4982);
#4982 = SURFACE_SIDE_STYLE('',(#4983));
#4983 = SURFACE_STYLE_FILL_AREA(#4984);
#4984 = FILL_AREA_STYLE('',(#4985));
#4985 = FILL_AREA_STYLE_COLOUR('',#4593);
#4986 = STYLED_ITEM('color',(#4987),#1252);
#4987 = PRESENTATION_STYLE_ASSIGNMENT((#4988));
#4988 = SURFACE_STYLE_USAGE(.BOTH.,#4989);
#4989 = SURFACE_SIDE_STYLE('',(#4990));
#4990 = SURFACE_STYLE_FILL_AREA(#4991);
#4991 = FILL_AREA_STYLE('',(#4992));
#4992 = FILL_AREA_STYLE_COLOUR('',#4593);
#4993 = STYLED_ITEM('color',(#4994),#1283);
#4994 = PRESENTATION_STYLE_ASSIGNMENT((#4995));
#4995 = SURFACE_STYLE_USAGE(.BOTH.,#4996);
#4996 = SURFACE_SIDE_STYLE('',(#4997));
#4997 = SURFACE_STYLE_FILL_AREA(#4998);
#4998 = FILL_AREA_STYLE('',(#4999));
#4999 = FILL_AREA_STYLE_COLOUR('',#4593);
#5000 = STYLED_ITEM('color',(#5001),#1308);
#5001 = PRESENTATION_STYLE_ASSIGNMENT((#5002));
#5002 = SURFACE_STYLE_USAGE(.BOTH.,#5003);
#5003 = SURFACE_SIDE_STYLE('',(#5004));
#5004 = SURFACE_STYLE_FILL_AREA(#5005);
#5005 = FILL_AREA_STYLE('',(#5006));
#5006 = FILL_AREA_STYLE_COLOUR('',#4593);
#5007 = STYLED_ITEM('color',(#5008),#1333);
#5008 = PRESENTATION_STYLE_ASSIGNMENT((#5009));
#5009 = SURFACE_STYLE_USAGE(.BOTH.,#5010);
#5010 = SURFACE_SIDE_STYLE('',(#5011));
#5011 = SURFACE_STYLE_FILL_AREA(#5012);
#5012 = FILL_AREA_STYLE('',(#5013));
#5013 = FILL_AREA_STYLE_COLOUR('',#4593);
#5014 = STYLED_ITEM('color',(#5015),#1357);
#5015 = PRESENTATION_STYLE_ASSIGNMENT((#5016));
#5016 = SURFACE_STYLE_USAGE(.BOTH.,#5017);
#5017 = SURFACE_SIDE_STYLE('',(#5018));
#5018 = SURFACE_STYLE_FILL_AREA(#5019);
#5019 = FILL_AREA_STYLE('',(#5020));
#5020 = FILL_AREA_STYLE_COLOUR('',#4593);
#5021 = STYLED_ITEM('color',(#5022),#1381);
#5022 = PRESENTATION_STYLE_ASSIGNMENT((#5023));
#5023 = SURFACE_STYLE_USAGE(.BOTH.,#5024);
#5024 = SURFACE_SIDE_STYLE('',(#5025));
#5025 = SURFACE_STYLE_FILL_AREA(#5026);
#5026 = FILL_AREA_STYLE('',(#5027));
#5027 = FILL_AREA_STYLE_COLOUR('',#4593);
#5028 = STYLED_ITEM('color',(#5029),#1406);
#5029 = PRESENTATION_STYLE_ASSIGNMENT((#5030));
#5030 = SURFACE_STYLE_USAGE(.BOTH.,#5031);
#5031 = SURFACE_SIDE_STYLE('',(#5032));
#5032 = SURFACE_STYLE_FILL_AREA(#5033);
#5033 = FILL_AREA_STYLE('',(#5034));
#5034 = FILL_AREA_STYLE_COLOUR('',#4593);
#5035 = STYLED_ITEM('color',(#5036),#1431);
#5036 = PRESENTATION_STYLE_ASSIGNMENT((#5037));
#5037 = SURFACE_STYLE_USAGE(.BOTH.,#5038);
#5038 = SURFACE_SIDE_STYLE('',(#5039));
#5039 = SURFACE_STYLE_FILL_AREA(#5040);
#5040 = FILL_AREA_STYLE('',(#5041));
#5041 = FILL_AREA_STYLE_COLOUR('',#4593);
#5042 = STYLED_ITEM('color',(#5043),#1448);
#5043 = PRESENTATION_STYLE_ASSIGNMENT((#5044));
#5044 = SURFACE_STYLE_USAGE(.BOTH.,#5045);
#5045 = SURFACE_SIDE_STYLE('',(#5046));
#5046 = SURFACE_STYLE_FILL_AREA(#5047);
#5047 = FILL_AREA_STYLE('',(#5048));
#5048 = FILL_AREA_STYLE_COLOUR('',#4593);
#5049 = STYLED_ITEM('color',(#5050),#1534);
#5050 = PRESENTATION_STYLE_ASSIGNMENT((#5051));
#5051 = SURFACE_STYLE_USAGE(.BOTH.,#5052);
#5052 = SURFACE_SIDE_STYLE('',(#5053));
#5053 = SURFACE_STYLE_FILL_AREA(#5054);
#5054 = FILL_AREA_STYLE('',(#5055));
#5055 = FILL_AREA_STYLE_COLOUR('',#5056);
#5056 = COLOUR_RGB('',0.379000005575,0.270000008848,0.214999999939);
#5057 = STYLED_ITEM('color',(#5058),#1566);
#5058 = PRESENTATION_STYLE_ASSIGNMENT((#5059));
#5059 = SURFACE_STYLE_USAGE(.BOTH.,#5060);
#5060 = SURFACE_SIDE_STYLE('',(#5061));
#5061 = SURFACE_STYLE_FILL_AREA(#5062);
#5062 = FILL_AREA_STYLE('',(#5063));
#5063 = FILL_AREA_STYLE_COLOUR('',#5056);
#5064 = STYLED_ITEM('color',(#5065),#1590);
#5065 = PRESENTATION_STYLE_ASSIGNMENT((#5066));
#5066 = SURFACE_STYLE_USAGE(.BOTH.,#5067);
#5067 = SURFACE_SIDE_STYLE('',(#5068));
#5068 = SURFACE_STYLE_FILL_AREA(#5069);
#5069 = FILL_AREA_STYLE('',(#5070));
#5070 = FILL_AREA_STYLE_COLOUR('',#5056);
#5071 = STYLED_ITEM('color',(#5072),#1615);
#5072 = PRESENTATION_STYLE_ASSIGNMENT((#5073));
#5073 = SURFACE_STYLE_USAGE(.BOTH.,#5074);
#5074 = SURFACE_SIDE_STYLE('',(#5075));
#5075 = SURFACE_STYLE_FILL_AREA(#5076);
#5076 = FILL_AREA_STYLE('',(#5077));
#5077 = FILL_AREA_STYLE_COLOUR('',#5056);
#5078 = STYLED_ITEM('color',(#5079),#1639);
#5079 = PRESENTATION_STYLE_ASSIGNMENT((#5080));
#5080 = SURFACE_STYLE_USAGE(.BOTH.,#5081);
#5081 = SURFACE_SIDE_STYLE('',(#5082));
#5082 = SURFACE_STYLE_FILL_AREA(#5083);
#5083 = FILL_AREA_STYLE('',(#5084));
#5084 = FILL_AREA_STYLE_COLOUR('',#5056);
#5085 = STYLED_ITEM('color',(#5086),#1664);
#5086 = PRESENTATION_STYLE_ASSIGNMENT((#5087));
#5087 = SURFACE_STYLE_USAGE(.BOTH.,#5088);
#5088 = SURFACE_SIDE_STYLE('',(#5089));
#5089 = SURFACE_STYLE_FILL_AREA(#5090);
#5090 = FILL_AREA_STYLE('',(#5091));
#5091 = FILL_AREA_STYLE_COLOUR('',#5056);
#5092 = STYLED_ITEM('color',(#5093),#1688);
#5093 = PRESENTATION_STYLE_ASSIGNMENT((#5094));
#5094 = SURFACE_STYLE_USAGE(.BOTH.,#5095);
#5095 = SURFACE_SIDE_STYLE('',(#5096));
#5096 = SURFACE_STYLE_FILL_AREA(#5097);
#5097 = FILL_AREA_STYLE('',(#5098));
#5098 = FILL_AREA_STYLE_COLOUR('',#5056);
#5099 = STYLED_ITEM('color',(#5100),#1713);
#5100 = PRESENTATION_STYLE_ASSIGNMENT((#5101));
#5101 = SURFACE_STYLE_USAGE(.BOTH.,#5102);
#5102 = SURFACE_SIDE_STYLE('',(#5103));
#5103 = SURFACE_STYLE_FILL_AREA(#5104);
#5104 = FILL_AREA_STYLE('',(#5105));
#5105 = FILL_AREA_STYLE_COLOUR('',#5056);
#5106 = STYLED_ITEM('color',(#5107),#1730);
#5107 = PRESENTATION_STYLE_ASSIGNMENT((#5108));
#5108 = SURFACE_STYLE_USAGE(.BOTH.,#5109);
#5109 = SURFACE_SIDE_STYLE('',(#5110));
#5110 = SURFACE_STYLE_FILL_AREA(#5111);
#5111 = FILL_AREA_STYLE('',(#5112));
#5112 = FILL_AREA_STYLE_COLOUR('',#4593);
#5113 = STYLED_ITEM('color',(#5114),#1816);
#5114 = PRESENTATION_STYLE_ASSIGNMENT((#5115));
#5115 = SURFACE_STYLE_USAGE(.BOTH.,#5116);
#5116 = SURFACE_SIDE_STYLE('',(#5117));
#5117 = SURFACE_STYLE_FILL_AREA(#5118);
#5118 = FILL_AREA_STYLE('',(#5119));
#5119 = FILL_AREA_STYLE_COLOUR('',#4593);
#5120 = STYLED_ITEM('color',(#5121),#1847);
#5121 = PRESENTATION_STYLE_ASSIGNMENT((#5122));
#5122 = SURFACE_STYLE_USAGE(.BOTH.,#5123);
#5123 = SURFACE_SIDE_STYLE('',(#5124));
#5124 = SURFACE_STYLE_FILL_AREA(#5125);
#5125 = FILL_AREA_STYLE('',(#5126));
#5126 = FILL_AREA_STYLE_COLOUR('',#4593);
#5127 = STYLED_ITEM('color',(#5128),#1872);
#5128 = PRESENTATION_STYLE_ASSIGNMENT((#5129));
#5129 = SURFACE_STYLE_USAGE(.BOTH.,#5130);
#5130 = SURFACE_SIDE_STYLE('',(#5131));
#5131 = SURFACE_STYLE_FILL_AREA(#5132);
#5132 = FILL_AREA_STYLE('',(#5133));
#5133 = FILL_AREA_STYLE_COLOUR('',#4593);
#5134 = STYLED_ITEM('color',(#5135),#1897);
#5135 = PRESENTATION_STYLE_ASSIGNMENT((#5136));
#5136 = SURFACE_STYLE_USAGE(.BOTH.,#5137);
#5137 = SURFACE_SIDE_STYLE('',(#5138));
#5138 = SURFACE_STYLE_FILL_AREA(#5139);
#5139 = FILL_AREA_STYLE('',(#5140));
#5140 = FILL_AREA_STYLE_COLOUR('',#4593);
#5141 = STYLED_ITEM('color',(#5142),#1921);
#5142 = PRESENTATION_STYLE_ASSIGNMENT((#5143));
#5143 = SURFACE_STYLE_USAGE(.BOTH.,#5144);
#5144 = SURFACE_SIDE_STYLE('',(#5145));
#5145 = SURFACE_STYLE_FILL_AREA(#5146);
#5146 = FILL_AREA_STYLE('',(#5147));
#5147 = FILL_AREA_STYLE_COLOUR('',#4593);
#5148 = STYLED_ITEM('color',(#5149),#1945);
#5149 = PRESENTATION_STYLE_ASSIGNMENT((#5150));
#5150 = SURFACE_STYLE_USAGE(.BOTH.,#5151);
#5151 = SURFACE_SIDE_STYLE('',(#5152));
#5152 = SURFACE_STYLE_FILL_AREA(#5153);
#5153 = FILL_AREA_STYLE('',(#5154));
#5154 = FILL_AREA_STYLE_COLOUR('',#4593);
#5155 = STYLED_ITEM('color',(#5156),#1970);
#5156 = PRESENTATION_STYLE_ASSIGNMENT((#5157));
#5157 = SURFACE_STYLE_USAGE(.BOTH.,#5158);
#5158 = SURFACE_SIDE_STYLE('',(#5159));
#5159 = SURFACE_STYLE_FILL_AREA(#5160);
#5160 = FILL_AREA_STYLE('',(#5161));
#5161 = FILL_AREA_STYLE_COLOUR('',#4593);
#5162 = STYLED_ITEM('color',(#5163),#1995);
#5163 = PRESENTATION_STYLE_ASSIGNMENT((#5164));
#5164 = SURFACE_STYLE_USAGE(.BOTH.,#5165);
#5165 = SURFACE_SIDE_STYLE('',(#5166));
#5166 = SURFACE_STYLE_FILL_AREA(#5167);
#5167 = FILL_AREA_STYLE('',(#5168));
#5168 = FILL_AREA_STYLE_COLOUR('',#4593);
#5169 = STYLED_ITEM('color',(#5170),#2012);
#5170 = PRESENTATION_STYLE_ASSIGNMENT((#5171));
#5171 = SURFACE_STYLE_USAGE(.BOTH.,#5172);
#5172 = SURFACE_SIDE_STYLE('',(#5173));
#5173 = SURFACE_STYLE_FILL_AREA(#5174);
#5174 = FILL_AREA_STYLE('',(#5175));
#5175 = FILL_AREA_STYLE_COLOUR('',#4593);
ENDSEC;
END-ISO-10303-21;
