ISO-10303-21;
HEADER;
FILE_DESCRIPTION(('KiCad electronic assembly'),'2;1');
FILE_NAME('center.step','2025-05-07T13:52:52',('Pcbnew'),('Kicad'),
  'Open CASCADE STEP processor 7.8','KiCad to STEP converter','Unknown'
  );
FILE_SCHEMA(('AUTOMOTIVE_DESIGN { 1 0 10303 214 1 1 1 1 }'));
ENDSEC;
DATA;
#1 = APPLICATION_PROTOCOL_DEFINITION('international standard',
  'automotive_design',2000,#2);
#2 = APPLICATION_CONTEXT(
  'core data for automotive mechanical design processes');
#3 = SHAPE_DEFINITION_REPRESENTATION(#4,#10);
#4 = PRODUCT_DEFINITION_SHAPE('','',#5);
#5 = PRODUCT_DEFINITION('design','',#6,#9);
#6 = PRODUCT_DEFINITION_FORMATION('','',#7);
#7 = PRODUCT('center 1','center 1','',(#8));
#8 = PRODUCT_CONTEXT('',#2,'mechanical');
#9 = PRODUCT_DEFINITION_CONTEXT('part definition',#2,'design');
#10 = SHAPE_REPRESENTATION('',(#11,#15,#19),#23);
#11 = AXIS2_PLACEMENT_3D('',#12,#13,#14);
#12 = CARTESIAN_POINT('',(0.,0.,0.));
#13 = DIRECTION('',(0.,0.,1.));
#14 = DIRECTION('',(1.,0.,-0.));
#15 = AXIS2_PLACEMENT_3D('',#16,#17,#18);
#16 = CARTESIAN_POINT('',(84.,-83.,1.595));
#17 = DIRECTION('',(0.,0.,1.));
#18 = DIRECTION('',(-1.,1.224646799147E-16,0.));
#19 = AXIS2_PLACEMENT_3D('',#20,#21,#22);
#20 = CARTESIAN_POINT('',(0.,0.,0.));
#21 = DIRECTION('',(0.,0.,1.));
#22 = DIRECTION('',(1.,0.,-0.));
#23 = ( GEOMETRIC_REPRESENTATION_CONTEXT(3) 
GLOBAL_UNCERTAINTY_ASSIGNED_CONTEXT((#27)) GLOBAL_UNIT_ASSIGNED_CONTEXT(
(#24,#25,#26)) REPRESENTATION_CONTEXT('Context #1',
  '3D Context with UNIT and UNCERTAINTY') );
#24 = ( LENGTH_UNIT() NAMED_UNIT(*) SI_UNIT(.MILLI.,.METRE.) );
#25 = ( NAMED_UNIT(*) PLANE_ANGLE_UNIT() SI_UNIT($,.RADIAN.) );
#26 = ( NAMED_UNIT(*) SI_UNIT($,.STERADIAN.) SOLID_ANGLE_UNIT() );
#27 = UNCERTAINTY_MEASURE_WITH_UNIT(LENGTH_MEASURE(1.E-07),#24,
  'distance_accuracy_value','confusion accuracy');
#28 = PRODUCT_RELATED_PRODUCT_CATEGORY('part',$,(#7));
#29 = SHAPE_DEFINITION_REPRESENTATION(#30,#36);
#30 = PRODUCT_DEFINITION_SHAPE('','',#31);
#31 = PRODUCT_DEFINITION('design','',#32,#35);
#32 = PRODUCT_DEFINITION_FORMATION('','',#33);
#33 = PRODUCT('JST_EH_B3B-EH-A_1x03_P2.50mm_Vertical',
  'JST_EH_B3B-EH-A_1x03_P2.50mm_Vertical','',(#34));
#34 = PRODUCT_CONTEXT('',#2,'mechanical');
#35 = PRODUCT_DEFINITION_CONTEXT('part definition',#2,'design');
#36 = ADVANCED_BREP_SHAPE_REPRESENTATION('',(#11,#37),#3139);
#37 = MANIFOLD_SOLID_BREP('',#38);
#38 = CLOSED_SHELL('',(#39,#207,#238,#262,#320,#344,#368,#392,#450,#474,
    #498,#522,#580,#604,#628,#708,#732,#796,#820,#884,#908,#981,#1010,
    #1041,#1097,#1121,#1170,#1201,#1225,#1249,#1266,#1297,#1353,#1377,
    #1426,#1507,#1531,#1726,#1743,#1760,#1777,#1789,#1801,#1818,#1835,
    #1852,#1864,#1881,#1898,#1945,#1971,#1988,#2014,#2047,#2078,#2102,
    #2126,#2143,#2160,#2207,#2233,#2250,#2276,#2309,#2326,#2343,#2360,
    #2377,#2394,#2411,#2423,#2454,#2478,#2502,#2519,#2550,#2574,#2598,
    #2615,#2646,#2670,#2694,#2711,#2728,#2745,#2757,#2769,#2786,#2803,
    #2815,#2846,#2870,#2894,#2911,#2942,#2966,#2990,#3007,#3038,#3062,
    #3086,#3103,#3115,#3127));
#39 = ADVANCED_FACE('',(#40),#202,.F.);
#40 = FACE_BOUND('',#41,.F.);
#41 = EDGE_LOOP('',(#42,#52,#60,#68,#76,#84,#92,#100,#108,#116,#124,#132
    ,#140,#148,#156,#164,#172,#180,#188,#196));
#42 = ORIENTED_EDGE('',*,*,#43,.F.);
#43 = EDGE_CURVE('',#44,#46,#48,.T.);
#44 = VERTEX_POINT('',#45);
#45 = CARTESIAN_POINT('',(-2.5,-2.2,0.));
#46 = VERTEX_POINT('',#47);
#47 = CARTESIAN_POINT('',(-0.75,-2.2,0.));
#48 = LINE('',#49,#50);
#49 = CARTESIAN_POINT('',(-2.5,-2.2,0.));
#50 = VECTOR('',#51,1.);
#51 = DIRECTION('',(1.,0.,0.));
#52 = ORIENTED_EDGE('',*,*,#53,.T.);
#53 = EDGE_CURVE('',#44,#54,#56,.T.);
#54 = VERTEX_POINT('',#55);
#55 = CARTESIAN_POINT('',(-2.5,-2.2,5.2));
#56 = LINE('',#57,#58);
#57 = CARTESIAN_POINT('',(-2.5,-2.2,0.));
#58 = VECTOR('',#59,1.);
#59 = DIRECTION('',(0.,0.,1.));
#60 = ORIENTED_EDGE('',*,*,#61,.T.);
#61 = EDGE_CURVE('',#54,#62,#64,.T.);
#62 = VERTEX_POINT('',#63);
#63 = CARTESIAN_POINT('',(-1.5,-2.2,5.2));
#64 = LINE('',#65,#66);
#65 = CARTESIAN_POINT('',(-2.5,-2.2,5.2));
#66 = VECTOR('',#67,1.);
#67 = DIRECTION('',(1.,0.,0.));
#68 = ORIENTED_EDGE('',*,*,#69,.T.);
#69 = EDGE_CURVE('',#62,#70,#72,.T.);
#70 = VERTEX_POINT('',#71);
#71 = CARTESIAN_POINT('',(-1.5,-2.2,1.1));
#72 = LINE('',#73,#74);
#73 = CARTESIAN_POINT('',(-1.5,-2.2,1.5));
#74 = VECTOR('',#75,1.);
#75 = DIRECTION('',(0.,0.,-1.));
#76 = ORIENTED_EDGE('',*,*,#77,.T.);
#77 = EDGE_CURVE('',#70,#78,#80,.T.);
#78 = VERTEX_POINT('',#79);
#79 = CARTESIAN_POINT('',(6.5,-2.2,1.1));
#80 = LINE('',#81,#82);
#81 = CARTESIAN_POINT('',(-1.5,-2.2,1.1));
#82 = VECTOR('',#83,1.);
#83 = DIRECTION('',(1.,0.,0.));
#84 = ORIENTED_EDGE('',*,*,#85,.F.);
#85 = EDGE_CURVE('',#86,#78,#88,.T.);
#86 = VERTEX_POINT('',#87);
#87 = CARTESIAN_POINT('',(6.5,-2.2,5.2));
#88 = LINE('',#89,#90);
#89 = CARTESIAN_POINT('',(6.5,-2.2,6.));
#90 = VECTOR('',#91,1.);
#91 = DIRECTION('',(-0.,-0.,-1.));
#92 = ORIENTED_EDGE('',*,*,#93,.T.);
#93 = EDGE_CURVE('',#86,#94,#96,.T.);
#94 = VERTEX_POINT('',#95);
#95 = CARTESIAN_POINT('',(7.5,-2.2,5.2));
#96 = LINE('',#97,#98);
#97 = CARTESIAN_POINT('',(-2.5,-2.2,5.2));
#98 = VECTOR('',#99,1.);
#99 = DIRECTION('',(1.,0.,0.));
#100 = ORIENTED_EDGE('',*,*,#101,.F.);
#101 = EDGE_CURVE('',#102,#94,#104,.T.);
#102 = VERTEX_POINT('',#103);
#103 = CARTESIAN_POINT('',(7.5,-2.2,0.));
#104 = LINE('',#105,#106);
#105 = CARTESIAN_POINT('',(7.5,-2.2,0.));
#106 = VECTOR('',#107,1.);
#107 = DIRECTION('',(0.,0.,1.));
#108 = ORIENTED_EDGE('',*,*,#109,.F.);
#109 = EDGE_CURVE('',#110,#102,#112,.T.);
#110 = VERTEX_POINT('',#111);
#111 = CARTESIAN_POINT('',(5.75,-2.2,0.));
#112 = LINE('',#113,#114);
#113 = CARTESIAN_POINT('',(-2.5,-2.2,0.));
#114 = VECTOR('',#115,1.);
#115 = DIRECTION('',(1.,0.,0.));
#116 = ORIENTED_EDGE('',*,*,#117,.T.);
#117 = EDGE_CURVE('',#110,#118,#120,.T.);
#118 = VERTEX_POINT('',#119);
#119 = CARTESIAN_POINT('',(5.75,-2.2,0.3));
#120 = LINE('',#121,#122);
#121 = CARTESIAN_POINT('',(5.75,-2.2,0.));
#122 = VECTOR('',#123,1.);
#123 = DIRECTION('',(0.,0.,1.));
#124 = ORIENTED_EDGE('',*,*,#125,.F.);
#125 = EDGE_CURVE('',#126,#118,#128,.T.);
#126 = VERTEX_POINT('',#127);
#127 = CARTESIAN_POINT('',(4.25,-2.2,0.3));
#128 = LINE('',#129,#130);
#129 = CARTESIAN_POINT('',(4.25,-2.2,0.3));
#130 = VECTOR('',#131,1.);
#131 = DIRECTION('',(1.,0.,0.));
#132 = ORIENTED_EDGE('',*,*,#133,.F.);
#133 = EDGE_CURVE('',#134,#126,#136,.T.);
#134 = VERTEX_POINT('',#135);
#135 = CARTESIAN_POINT('',(4.25,-2.2,0.));
#136 = LINE('',#137,#138);
#137 = CARTESIAN_POINT('',(4.25,-2.2,0.));
#138 = VECTOR('',#139,1.);
#139 = DIRECTION('',(0.,0.,1.));
#140 = ORIENTED_EDGE('',*,*,#141,.F.);
#141 = EDGE_CURVE('',#142,#134,#144,.T.);
#142 = VERTEX_POINT('',#143);
#143 = CARTESIAN_POINT('',(3.25,-2.2,0.));
#144 = LINE('',#145,#146);
#145 = CARTESIAN_POINT('',(-2.5,-2.2,0.));
#146 = VECTOR('',#147,1.);
#147 = DIRECTION('',(1.,0.,0.));
#148 = ORIENTED_EDGE('',*,*,#149,.T.);
#149 = EDGE_CURVE('',#142,#150,#152,.T.);
#150 = VERTEX_POINT('',#151);
#151 = CARTESIAN_POINT('',(3.25,-2.2,0.3));
#152 = LINE('',#153,#154);
#153 = CARTESIAN_POINT('',(3.25,-2.2,0.));
#154 = VECTOR('',#155,1.);
#155 = DIRECTION('',(0.,0.,1.));
#156 = ORIENTED_EDGE('',*,*,#157,.F.);
#157 = EDGE_CURVE('',#158,#150,#160,.T.);
#158 = VERTEX_POINT('',#159);
#159 = CARTESIAN_POINT('',(1.75,-2.2,0.3));
#160 = LINE('',#161,#162);
#161 = CARTESIAN_POINT('',(1.75,-2.2,0.3));
#162 = VECTOR('',#163,1.);
#163 = DIRECTION('',(1.,0.,0.));
#164 = ORIENTED_EDGE('',*,*,#165,.F.);
#165 = EDGE_CURVE('',#166,#158,#168,.T.);
#166 = VERTEX_POINT('',#167);
#167 = CARTESIAN_POINT('',(1.75,-2.2,0.));
#168 = LINE('',#169,#170);
#169 = CARTESIAN_POINT('',(1.75,-2.2,0.));
#170 = VECTOR('',#171,1.);
#171 = DIRECTION('',(0.,0.,1.));
#172 = ORIENTED_EDGE('',*,*,#173,.F.);
#173 = EDGE_CURVE('',#174,#166,#176,.T.);
#174 = VERTEX_POINT('',#175);
#175 = CARTESIAN_POINT('',(0.75,-2.2,0.));
#176 = LINE('',#177,#178);
#177 = CARTESIAN_POINT('',(-2.5,-2.2,0.));
#178 = VECTOR('',#179,1.);
#179 = DIRECTION('',(1.,0.,0.));
#180 = ORIENTED_EDGE('',*,*,#181,.T.);
#181 = EDGE_CURVE('',#174,#182,#184,.T.);
#182 = VERTEX_POINT('',#183);
#183 = CARTESIAN_POINT('',(0.75,-2.2,0.3));
#184 = LINE('',#185,#186);
#185 = CARTESIAN_POINT('',(0.75,-2.2,0.));
#186 = VECTOR('',#187,1.);
#187 = DIRECTION('',(0.,0.,1.));
#188 = ORIENTED_EDGE('',*,*,#189,.F.);
#189 = EDGE_CURVE('',#190,#182,#192,.T.);
#190 = VERTEX_POINT('',#191);
#191 = CARTESIAN_POINT('',(-0.75,-2.2,0.3));
#192 = LINE('',#193,#194);
#193 = CARTESIAN_POINT('',(-0.75,-2.2,0.3));
#194 = VECTOR('',#195,1.);
#195 = DIRECTION('',(1.,0.,0.));
#196 = ORIENTED_EDGE('',*,*,#197,.F.);
#197 = EDGE_CURVE('',#46,#190,#198,.T.);
#198 = LINE('',#199,#200);
#199 = CARTESIAN_POINT('',(-0.75,-2.2,0.));
#200 = VECTOR('',#201,1.);
#201 = DIRECTION('',(0.,0.,1.));
#202 = PLANE('',#203);
#203 = AXIS2_PLACEMENT_3D('',#204,#205,#206);
#204 = CARTESIAN_POINT('',(-2.5,-2.2,0.));
#205 = DIRECTION('',(0.,1.,0.));
#206 = DIRECTION('',(1.,0.,0.));
#207 = ADVANCED_FACE('',(#208),#233,.F.);
#208 = FACE_BOUND('',#209,.F.);
#209 = EDGE_LOOP('',(#210,#218,#219,#227));
#210 = ORIENTED_EDGE('',*,*,#211,.T.);
#211 = EDGE_CURVE('',#212,#44,#214,.T.);
#212 = VERTEX_POINT('',#213);
#213 = CARTESIAN_POINT('',(-2.5,1.6,0.));
#214 = LINE('',#215,#216);
#215 = CARTESIAN_POINT('',(-2.5,1.6,0.));
#216 = VECTOR('',#217,1.);
#217 = DIRECTION('',(0.,-1.,0.));
#218 = ORIENTED_EDGE('',*,*,#43,.T.);
#219 = ORIENTED_EDGE('',*,*,#220,.F.);
#220 = EDGE_CURVE('',#221,#46,#223,.T.);
#221 = VERTEX_POINT('',#222);
#222 = CARTESIAN_POINT('',(-0.75,1.6,0.));
#223 = LINE('',#224,#225);
#224 = CARTESIAN_POINT('',(-0.75,1.6,0.));
#225 = VECTOR('',#226,1.);
#226 = DIRECTION('',(0.,-1.,0.));
#227 = ORIENTED_EDGE('',*,*,#228,.T.);
#228 = EDGE_CURVE('',#221,#212,#229,.T.);
#229 = LINE('',#230,#231);
#230 = CARTESIAN_POINT('',(7.5,1.6,0.));
#231 = VECTOR('',#232,1.);
#232 = DIRECTION('',(-1.,0.,0.));
#233 = PLANE('',#234);
#234 = AXIS2_PLACEMENT_3D('',#235,#236,#237);
#235 = CARTESIAN_POINT('',(2.5,-0.3,0.));
#236 = DIRECTION('',(0.,0.,1.));
#237 = DIRECTION('',(1.,0.,-0.));
#238 = ADVANCED_FACE('',(#239),#257,.F.);
#239 = FACE_BOUND('',#240,.F.);
#240 = EDGE_LOOP('',(#241,#242,#250,#256));
#241 = ORIENTED_EDGE('',*,*,#197,.T.);
#242 = ORIENTED_EDGE('',*,*,#243,.T.);
#243 = EDGE_CURVE('',#190,#244,#246,.T.);
#244 = VERTEX_POINT('',#245);
#245 = CARTESIAN_POINT('',(-0.75,1.6,0.3));
#246 = LINE('',#247,#248);
#247 = CARTESIAN_POINT('',(-0.75,-2.2,0.3));
#248 = VECTOR('',#249,1.);
#249 = DIRECTION('',(0.,1.,0.));
#250 = ORIENTED_EDGE('',*,*,#251,.T.);
#251 = EDGE_CURVE('',#244,#221,#252,.T.);
#252 = LINE('',#253,#254);
#253 = CARTESIAN_POINT('',(-0.75,1.6,0.3));
#254 = VECTOR('',#255,1.);
#255 = DIRECTION('',(0.,0.,-1.));
#256 = ORIENTED_EDGE('',*,*,#220,.T.);
#257 = PLANE('',#258);
#258 = AXIS2_PLACEMENT_3D('',#259,#260,#261);
#259 = CARTESIAN_POINT('',(-0.75,-0.3,0.15));
#260 = DIRECTION('',(-1.,-0.,-1.269339193699E-31));
#261 = DIRECTION('',(1.269339193699E-31,0.,-1.));
#262 = ADVANCED_FACE('',(#263,#281),#315,.F.);
#263 = FACE_BOUND('',#264,.F.);
#264 = EDGE_LOOP('',(#265,#266,#274,#280));
#265 = ORIENTED_EDGE('',*,*,#189,.T.);
#266 = ORIENTED_EDGE('',*,*,#267,.T.);
#267 = EDGE_CURVE('',#182,#268,#270,.T.);
#268 = VERTEX_POINT('',#269);
#269 = CARTESIAN_POINT('',(0.75,1.6,0.3));
#270 = LINE('',#271,#272);
#271 = CARTESIAN_POINT('',(0.75,0.5,0.3));
#272 = VECTOR('',#273,1.);
#273 = DIRECTION('',(0.,1.,0.));
#274 = ORIENTED_EDGE('',*,*,#275,.F.);
#275 = EDGE_CURVE('',#244,#268,#276,.T.);
#276 = LINE('',#277,#278);
#277 = CARTESIAN_POINT('',(-0.75,1.6,0.3));
#278 = VECTOR('',#279,1.);
#279 = DIRECTION('',(1.,0.,0.));
#280 = ORIENTED_EDGE('',*,*,#243,.F.);
#281 = FACE_BOUND('',#282,.F.);
#282 = EDGE_LOOP('',(#283,#293,#301,#309));
#283 = ORIENTED_EDGE('',*,*,#284,.T.);
#284 = EDGE_CURVE('',#285,#287,#289,.T.);
#285 = VERTEX_POINT('',#286);
#286 = CARTESIAN_POINT('',(0.32,-0.32,0.3));
#287 = VERTEX_POINT('',#288);
#288 = CARTESIAN_POINT('',(-0.32,-0.32,0.3));
#289 = LINE('',#290,#291);
#290 = CARTESIAN_POINT('',(-0.16,-0.32,0.3));
#291 = VECTOR('',#292,1.);
#292 = DIRECTION('',(-1.,0.,0.));
#293 = ORIENTED_EDGE('',*,*,#294,.T.);
#294 = EDGE_CURVE('',#287,#295,#297,.T.);
#295 = VERTEX_POINT('',#296);
#296 = CARTESIAN_POINT('',(-0.32,0.32,0.3));
#297 = LINE('',#298,#299);
#298 = CARTESIAN_POINT('',(-0.32,-0.171537434396,0.3));
#299 = VECTOR('',#300,1.);
#300 = DIRECTION('',(0.,1.,0.));
#301 = ORIENTED_EDGE('',*,*,#302,.T.);
#302 = EDGE_CURVE('',#295,#303,#305,.T.);
#303 = VERTEX_POINT('',#304);
#304 = CARTESIAN_POINT('',(0.32,0.32,0.3));
#305 = LINE('',#306,#307);
#306 = CARTESIAN_POINT('',(-0.16,0.32,0.3));
#307 = VECTOR('',#308,1.);
#308 = DIRECTION('',(1.,0.,0.));
#309 = ORIENTED_EDGE('',*,*,#310,.F.);
#310 = EDGE_CURVE('',#285,#303,#311,.T.);
#311 = LINE('',#312,#313);
#312 = CARTESIAN_POINT('',(0.32,-0.171537434396,0.3));
#313 = VECTOR('',#314,1.);
#314 = DIRECTION('',(0.,1.,0.));
#315 = PLANE('',#316);
#316 = AXIS2_PLACEMENT_3D('',#317,#318,#319);
#317 = CARTESIAN_POINT('',(0.,-0.3,0.3));
#318 = DIRECTION('',(0.,0.,1.));
#319 = DIRECTION('',(1.,0.,-0.));
#320 = ADVANCED_FACE('',(#321),#339,.T.);
#321 = FACE_BOUND('',#322,.T.);
#322 = EDGE_LOOP('',(#323,#324,#325,#333));
#323 = ORIENTED_EDGE('',*,*,#181,.T.);
#324 = ORIENTED_EDGE('',*,*,#267,.T.);
#325 = ORIENTED_EDGE('',*,*,#326,.T.);
#326 = EDGE_CURVE('',#268,#327,#329,.T.);
#327 = VERTEX_POINT('',#328);
#328 = CARTESIAN_POINT('',(0.75,1.6,0.));
#329 = LINE('',#330,#331);
#330 = CARTESIAN_POINT('',(0.75,1.6,0.3));
#331 = VECTOR('',#332,1.);
#332 = DIRECTION('',(0.,0.,-1.));
#333 = ORIENTED_EDGE('',*,*,#334,.T.);
#334 = EDGE_CURVE('',#327,#174,#335,.T.);
#335 = LINE('',#336,#337);
#336 = CARTESIAN_POINT('',(0.75,1.6,0.));
#337 = VECTOR('',#338,1.);
#338 = DIRECTION('',(0.,-1.,0.));
#339 = PLANE('',#340);
#340 = AXIS2_PLACEMENT_3D('',#341,#342,#343);
#341 = CARTESIAN_POINT('',(0.75,-0.3,0.15));
#342 = DIRECTION('',(-1.,-0.,-1.269339193699E-31));
#343 = DIRECTION('',(1.269339193699E-31,0.,-1.));
#344 = ADVANCED_FACE('',(#345),#363,.F.);
#345 = FACE_BOUND('',#346,.F.);
#346 = EDGE_LOOP('',(#347,#355,#356,#357));
#347 = ORIENTED_EDGE('',*,*,#348,.T.);
#348 = EDGE_CURVE('',#349,#327,#351,.T.);
#349 = VERTEX_POINT('',#350);
#350 = CARTESIAN_POINT('',(1.75,1.6,0.));
#351 = LINE('',#352,#353);
#352 = CARTESIAN_POINT('',(7.5,1.6,0.));
#353 = VECTOR('',#354,1.);
#354 = DIRECTION('',(-1.,0.,0.));
#355 = ORIENTED_EDGE('',*,*,#334,.T.);
#356 = ORIENTED_EDGE('',*,*,#173,.T.);
#357 = ORIENTED_EDGE('',*,*,#358,.F.);
#358 = EDGE_CURVE('',#349,#166,#359,.T.);
#359 = LINE('',#360,#361);
#360 = CARTESIAN_POINT('',(1.75,1.6,0.));
#361 = VECTOR('',#362,1.);
#362 = DIRECTION('',(0.,-1.,0.));
#363 = PLANE('',#364);
#364 = AXIS2_PLACEMENT_3D('',#365,#366,#367);
#365 = CARTESIAN_POINT('',(2.5,-0.3,0.));
#366 = DIRECTION('',(0.,0.,1.));
#367 = DIRECTION('',(1.,0.,-0.));
#368 = ADVANCED_FACE('',(#369),#387,.F.);
#369 = FACE_BOUND('',#370,.F.);
#370 = EDGE_LOOP('',(#371,#372,#380,#386));
#371 = ORIENTED_EDGE('',*,*,#165,.T.);
#372 = ORIENTED_EDGE('',*,*,#373,.T.);
#373 = EDGE_CURVE('',#158,#374,#376,.T.);
#374 = VERTEX_POINT('',#375);
#375 = CARTESIAN_POINT('',(1.75,1.6,0.3));
#376 = LINE('',#377,#378);
#377 = CARTESIAN_POINT('',(1.75,-2.2,0.3));
#378 = VECTOR('',#379,1.);
#379 = DIRECTION('',(0.,1.,0.));
#380 = ORIENTED_EDGE('',*,*,#381,.T.);
#381 = EDGE_CURVE('',#374,#349,#382,.T.);
#382 = LINE('',#383,#384);
#383 = CARTESIAN_POINT('',(1.75,1.6,0.3));
#384 = VECTOR('',#385,1.);
#385 = DIRECTION('',(0.,0.,-1.));
#386 = ORIENTED_EDGE('',*,*,#358,.T.);
#387 = PLANE('',#388);
#388 = AXIS2_PLACEMENT_3D('',#389,#390,#391);
#389 = CARTESIAN_POINT('',(1.75,-0.3,0.15));
#390 = DIRECTION('',(-1.,-0.,-1.269339193699E-31));
#391 = DIRECTION('',(1.269339193699E-31,0.,-1.));
#392 = ADVANCED_FACE('',(#393,#411),#445,.F.);
#393 = FACE_BOUND('',#394,.F.);
#394 = EDGE_LOOP('',(#395,#396,#404,#410));
#395 = ORIENTED_EDGE('',*,*,#157,.T.);
#396 = ORIENTED_EDGE('',*,*,#397,.T.);
#397 = EDGE_CURVE('',#150,#398,#400,.T.);
#398 = VERTEX_POINT('',#399);
#399 = CARTESIAN_POINT('',(3.25,1.6,0.3));
#400 = LINE('',#401,#402);
#401 = CARTESIAN_POINT('',(3.25,0.5,0.3));
#402 = VECTOR('',#403,1.);
#403 = DIRECTION('',(0.,1.,0.));
#404 = ORIENTED_EDGE('',*,*,#405,.F.);
#405 = EDGE_CURVE('',#374,#398,#406,.T.);
#406 = LINE('',#407,#408);
#407 = CARTESIAN_POINT('',(1.75,1.6,0.3));
#408 = VECTOR('',#409,1.);
#409 = DIRECTION('',(1.,0.,0.));
#410 = ORIENTED_EDGE('',*,*,#373,.F.);
#411 = FACE_BOUND('',#412,.F.);
#412 = EDGE_LOOP('',(#413,#423,#431,#439));
#413 = ORIENTED_EDGE('',*,*,#414,.F.);
#414 = EDGE_CURVE('',#415,#417,#419,.T.);
#415 = VERTEX_POINT('',#416);
#416 = CARTESIAN_POINT('',(2.82,-0.32,0.3));
#417 = VERTEX_POINT('',#418);
#418 = CARTESIAN_POINT('',(2.82,0.32,0.3));
#419 = LINE('',#420,#421);
#420 = CARTESIAN_POINT('',(2.82,-0.15,0.3));
#421 = VECTOR('',#422,1.);
#422 = DIRECTION('',(0.,1.,0.));
#423 = ORIENTED_EDGE('',*,*,#424,.T.);
#424 = EDGE_CURVE('',#415,#425,#427,.T.);
#425 = VERTEX_POINT('',#426);
#426 = CARTESIAN_POINT('',(2.18,-0.32,0.3));
#427 = LINE('',#428,#429);
#428 = CARTESIAN_POINT('',(2.34,-0.32,0.3));
#429 = VECTOR('',#430,1.);
#430 = DIRECTION('',(-1.,0.,0.));
#431 = ORIENTED_EDGE('',*,*,#432,.T.);
#432 = EDGE_CURVE('',#425,#433,#435,.T.);
#433 = VERTEX_POINT('',#434);
#434 = CARTESIAN_POINT('',(2.18,0.32,0.3));
#435 = LINE('',#436,#437);
#436 = CARTESIAN_POINT('',(2.18,-0.15,0.3));
#437 = VECTOR('',#438,1.);
#438 = DIRECTION('',(0.,1.,0.));
#439 = ORIENTED_EDGE('',*,*,#440,.T.);
#440 = EDGE_CURVE('',#433,#417,#441,.T.);
#441 = LINE('',#442,#443);
#442 = CARTESIAN_POINT('',(2.34,0.32,0.3));
#443 = VECTOR('',#444,1.);
#444 = DIRECTION('',(1.,0.,0.));
#445 = PLANE('',#446);
#446 = AXIS2_PLACEMENT_3D('',#447,#448,#449);
#447 = CARTESIAN_POINT('',(2.5,-0.3,0.3));
#448 = DIRECTION('',(0.,0.,1.));
#449 = DIRECTION('',(1.,0.,-0.));
#450 = ADVANCED_FACE('',(#451),#469,.T.);
#451 = FACE_BOUND('',#452,.T.);
#452 = EDGE_LOOP('',(#453,#454,#455,#463));
#453 = ORIENTED_EDGE('',*,*,#149,.T.);
#454 = ORIENTED_EDGE('',*,*,#397,.T.);
#455 = ORIENTED_EDGE('',*,*,#456,.T.);
#456 = EDGE_CURVE('',#398,#457,#459,.T.);
#457 = VERTEX_POINT('',#458);
#458 = CARTESIAN_POINT('',(3.25,1.6,0.));
#459 = LINE('',#460,#461);
#460 = CARTESIAN_POINT('',(3.25,1.6,0.3));
#461 = VECTOR('',#462,1.);
#462 = DIRECTION('',(0.,0.,-1.));
#463 = ORIENTED_EDGE('',*,*,#464,.T.);
#464 = EDGE_CURVE('',#457,#142,#465,.T.);
#465 = LINE('',#466,#467);
#466 = CARTESIAN_POINT('',(3.25,1.6,0.));
#467 = VECTOR('',#468,1.);
#468 = DIRECTION('',(0.,-1.,0.));
#469 = PLANE('',#470);
#470 = AXIS2_PLACEMENT_3D('',#471,#472,#473);
#471 = CARTESIAN_POINT('',(3.25,-0.3,0.15));
#472 = DIRECTION('',(-1.,-0.,-1.269339193699E-31));
#473 = DIRECTION('',(1.269339193699E-31,0.,-1.));
#474 = ADVANCED_FACE('',(#475),#493,.F.);
#475 = FACE_BOUND('',#476,.F.);
#476 = EDGE_LOOP('',(#477,#485,#491,#492));
#477 = ORIENTED_EDGE('',*,*,#478,.F.);
#478 = EDGE_CURVE('',#479,#134,#481,.T.);
#479 = VERTEX_POINT('',#480);
#480 = CARTESIAN_POINT('',(4.25,1.6,0.));
#481 = LINE('',#482,#483);
#482 = CARTESIAN_POINT('',(4.25,1.6,0.));
#483 = VECTOR('',#484,1.);
#484 = DIRECTION('',(0.,-1.,0.));
#485 = ORIENTED_EDGE('',*,*,#486,.T.);
#486 = EDGE_CURVE('',#479,#457,#487,.T.);
#487 = LINE('',#488,#489);
#488 = CARTESIAN_POINT('',(7.5,1.6,0.));
#489 = VECTOR('',#490,1.);
#490 = DIRECTION('',(-1.,0.,0.));
#491 = ORIENTED_EDGE('',*,*,#464,.T.);
#492 = ORIENTED_EDGE('',*,*,#141,.T.);
#493 = PLANE('',#494);
#494 = AXIS2_PLACEMENT_3D('',#495,#496,#497);
#495 = CARTESIAN_POINT('',(2.5,-0.3,0.));
#496 = DIRECTION('',(0.,0.,1.));
#497 = DIRECTION('',(1.,0.,-0.));
#498 = ADVANCED_FACE('',(#499),#517,.F.);
#499 = FACE_BOUND('',#500,.F.);
#500 = EDGE_LOOP('',(#501,#502,#510,#516));
#501 = ORIENTED_EDGE('',*,*,#133,.T.);
#502 = ORIENTED_EDGE('',*,*,#503,.T.);
#503 = EDGE_CURVE('',#126,#504,#506,.T.);
#504 = VERTEX_POINT('',#505);
#505 = CARTESIAN_POINT('',(4.25,1.6,0.3));
#506 = LINE('',#507,#508);
#507 = CARTESIAN_POINT('',(4.25,-2.2,0.3));
#508 = VECTOR('',#509,1.);
#509 = DIRECTION('',(0.,1.,0.));
#510 = ORIENTED_EDGE('',*,*,#511,.T.);
#511 = EDGE_CURVE('',#504,#479,#512,.T.);
#512 = LINE('',#513,#514);
#513 = CARTESIAN_POINT('',(4.25,1.6,0.3));
#514 = VECTOR('',#515,1.);
#515 = DIRECTION('',(0.,0.,-1.));
#516 = ORIENTED_EDGE('',*,*,#478,.T.);
#517 = PLANE('',#518);
#518 = AXIS2_PLACEMENT_3D('',#519,#520,#521);
#519 = CARTESIAN_POINT('',(4.25,-0.3,0.15));
#520 = DIRECTION('',(-1.,-0.,-1.269339193699E-31));
#521 = DIRECTION('',(1.269339193699E-31,0.,-1.));
#522 = ADVANCED_FACE('',(#523,#541),#575,.F.);
#523 = FACE_BOUND('',#524,.F.);
#524 = EDGE_LOOP('',(#525,#526,#534,#540));
#525 = ORIENTED_EDGE('',*,*,#125,.T.);
#526 = ORIENTED_EDGE('',*,*,#527,.T.);
#527 = EDGE_CURVE('',#118,#528,#530,.T.);
#528 = VERTEX_POINT('',#529);
#529 = CARTESIAN_POINT('',(5.75,1.6,0.3));
#530 = LINE('',#531,#532);
#531 = CARTESIAN_POINT('',(5.75,0.5,0.3));
#532 = VECTOR('',#533,1.);
#533 = DIRECTION('',(0.,1.,0.));
#534 = ORIENTED_EDGE('',*,*,#535,.F.);
#535 = EDGE_CURVE('',#504,#528,#536,.T.);
#536 = LINE('',#537,#538);
#537 = CARTESIAN_POINT('',(4.25,1.6,0.3));
#538 = VECTOR('',#539,1.);
#539 = DIRECTION('',(1.,0.,0.));
#540 = ORIENTED_EDGE('',*,*,#503,.F.);
#541 = FACE_BOUND('',#542,.F.);
#542 = EDGE_LOOP('',(#543,#553,#561,#569));
#543 = ORIENTED_EDGE('',*,*,#544,.T.);
#544 = EDGE_CURVE('',#545,#547,#549,.T.);
#545 = VERTEX_POINT('',#546);
#546 = CARTESIAN_POINT('',(5.32,-0.32,0.3));
#547 = VERTEX_POINT('',#548);
#548 = CARTESIAN_POINT('',(4.68,-0.32,0.3));
#549 = LINE('',#550,#551);
#550 = CARTESIAN_POINT('',(4.84,-0.32,0.3));
#551 = VECTOR('',#552,1.);
#552 = DIRECTION('',(-1.,0.,0.));
#553 = ORIENTED_EDGE('',*,*,#554,.T.);
#554 = EDGE_CURVE('',#547,#555,#557,.T.);
#555 = VERTEX_POINT('',#556);
#556 = CARTESIAN_POINT('',(4.68,0.32,0.3));
#557 = LINE('',#558,#559);
#558 = CARTESIAN_POINT('',(4.68,-0.171537434396,0.3));
#559 = VECTOR('',#560,1.);
#560 = DIRECTION('',(0.,1.,0.));
#561 = ORIENTED_EDGE('',*,*,#562,.T.);
#562 = EDGE_CURVE('',#555,#563,#565,.T.);
#563 = VERTEX_POINT('',#564);
#564 = CARTESIAN_POINT('',(5.32,0.32,0.3));
#565 = LINE('',#566,#567);
#566 = CARTESIAN_POINT('',(4.84,0.32,0.3));
#567 = VECTOR('',#568,1.);
#568 = DIRECTION('',(1.,0.,0.));
#569 = ORIENTED_EDGE('',*,*,#570,.F.);
#570 = EDGE_CURVE('',#545,#563,#571,.T.);
#571 = LINE('',#572,#573);
#572 = CARTESIAN_POINT('',(5.32,-0.171537434396,0.3));
#573 = VECTOR('',#574,1.);
#574 = DIRECTION('',(0.,1.,0.));
#575 = PLANE('',#576);
#576 = AXIS2_PLACEMENT_3D('',#577,#578,#579);
#577 = CARTESIAN_POINT('',(5.,-0.3,0.3));
#578 = DIRECTION('',(0.,0.,1.));
#579 = DIRECTION('',(1.,0.,-0.));
#580 = ADVANCED_FACE('',(#581),#599,.T.);
#581 = FACE_BOUND('',#582,.T.);
#582 = EDGE_LOOP('',(#583,#584,#585,#593));
#583 = ORIENTED_EDGE('',*,*,#117,.T.);
#584 = ORIENTED_EDGE('',*,*,#527,.T.);
#585 = ORIENTED_EDGE('',*,*,#586,.T.);
#586 = EDGE_CURVE('',#528,#587,#589,.T.);
#587 = VERTEX_POINT('',#588);
#588 = CARTESIAN_POINT('',(5.75,1.6,0.));
#589 = LINE('',#590,#591);
#590 = CARTESIAN_POINT('',(5.75,1.6,0.3));
#591 = VECTOR('',#592,1.);
#592 = DIRECTION('',(0.,0.,-1.));
#593 = ORIENTED_EDGE('',*,*,#594,.T.);
#594 = EDGE_CURVE('',#587,#110,#595,.T.);
#595 = LINE('',#596,#597);
#596 = CARTESIAN_POINT('',(5.75,1.6,0.));
#597 = VECTOR('',#598,1.);
#598 = DIRECTION('',(0.,-1.,0.));
#599 = PLANE('',#600);
#600 = AXIS2_PLACEMENT_3D('',#601,#602,#603);
#601 = CARTESIAN_POINT('',(5.75,-0.3,0.15));
#602 = DIRECTION('',(-1.,-0.,-1.269339193699E-31));
#603 = DIRECTION('',(1.269339193699E-31,0.,-1.));
#604 = ADVANCED_FACE('',(#605),#623,.F.);
#605 = FACE_BOUND('',#606,.F.);
#606 = EDGE_LOOP('',(#607,#615,#621,#622));
#607 = ORIENTED_EDGE('',*,*,#608,.T.);
#608 = EDGE_CURVE('',#102,#609,#611,.T.);
#609 = VERTEX_POINT('',#610);
#610 = CARTESIAN_POINT('',(7.5,1.6,0.));
#611 = LINE('',#612,#613);
#612 = CARTESIAN_POINT('',(7.5,-2.2,0.));
#613 = VECTOR('',#614,1.);
#614 = DIRECTION('',(0.,1.,0.));
#615 = ORIENTED_EDGE('',*,*,#616,.T.);
#616 = EDGE_CURVE('',#609,#587,#617,.T.);
#617 = LINE('',#618,#619);
#618 = CARTESIAN_POINT('',(7.5,1.6,0.));
#619 = VECTOR('',#620,1.);
#620 = DIRECTION('',(-1.,0.,0.));
#621 = ORIENTED_EDGE('',*,*,#594,.T.);
#622 = ORIENTED_EDGE('',*,*,#109,.T.);
#623 = PLANE('',#624);
#624 = AXIS2_PLACEMENT_3D('',#625,#626,#627);
#625 = CARTESIAN_POINT('',(2.5,-0.3,0.));
#626 = DIRECTION('',(0.,0.,1.));
#627 = DIRECTION('',(1.,0.,-0.));
#628 = ADVANCED_FACE('',(#629),#703,.F.);
#629 = FACE_BOUND('',#630,.F.);
#630 = EDGE_LOOP('',(#631,#632,#633,#641,#649,#657,#665,#673,#681,#689,
    #697));
#631 = ORIENTED_EDGE('',*,*,#608,.F.);
#632 = ORIENTED_EDGE('',*,*,#101,.T.);
#633 = ORIENTED_EDGE('',*,*,#634,.F.);
#634 = EDGE_CURVE('',#635,#94,#637,.T.);
#635 = VERTEX_POINT('',#636);
#636 = CARTESIAN_POINT('',(7.5,-1.2,5.2));
#637 = LINE('',#638,#639);
#638 = CARTESIAN_POINT('',(7.5,-1.2,5.2));
#639 = VECTOR('',#640,1.);
#640 = DIRECTION('',(0.,-1.,0.));
#641 = ORIENTED_EDGE('',*,*,#642,.F.);
#642 = EDGE_CURVE('',#643,#635,#645,.T.);
#643 = VERTEX_POINT('',#644);
#644 = CARTESIAN_POINT('',(7.5,-0.6,4.5));
#645 = LINE('',#646,#647);
#646 = CARTESIAN_POINT('',(7.5,-0.6,4.5));
#647 = VECTOR('',#648,1.);
#648 = DIRECTION('',(0.,-0.650791373456,0.759256602365));
#649 = ORIENTED_EDGE('',*,*,#650,.F.);
#650 = EDGE_CURVE('',#651,#643,#653,.T.);
#651 = VERTEX_POINT('',#652);
#652 = CARTESIAN_POINT('',(7.5,-0.6,4.3));
#653 = LINE('',#654,#655);
#654 = CARTESIAN_POINT('',(7.5,-0.6,4.3));
#655 = VECTOR('',#656,1.);
#656 = DIRECTION('',(0.,0.,1.));
#657 = ORIENTED_EDGE('',*,*,#658,.F.);
#658 = EDGE_CURVE('',#659,#651,#661,.T.);
#659 = VERTEX_POINT('',#660);
#660 = CARTESIAN_POINT('',(7.5,-0.9,4.1));
#661 = LINE('',#662,#663);
#662 = CARTESIAN_POINT('',(7.5,-0.9,4.1));
#663 = VECTOR('',#664,1.);
#664 = DIRECTION('',(0.,0.832050294338,0.554700196225));
#665 = ORIENTED_EDGE('',*,*,#666,.F.);
#666 = EDGE_CURVE('',#667,#659,#669,.T.);
#667 = VERTEX_POINT('',#668);
#668 = CARTESIAN_POINT('',(7.5,-0.6,1.5));
#669 = LINE('',#670,#671);
#670 = CARTESIAN_POINT('',(7.5,-0.6,1.5));
#671 = VECTOR('',#672,1.);
#672 = DIRECTION('',(0.,-0.114624107985,0.993408935871));
#673 = ORIENTED_EDGE('',*,*,#674,.F.);
#674 = EDGE_CURVE('',#675,#667,#677,.T.);
#675 = VERTEX_POINT('',#676);
#676 = CARTESIAN_POINT('',(7.5,-0.2,1.5));
#677 = LINE('',#678,#679);
#678 = CARTESIAN_POINT('',(7.5,-0.2,1.5));
#679 = VECTOR('',#680,1.);
#680 = DIRECTION('',(0.,-1.,0.));
#681 = ORIENTED_EDGE('',*,*,#682,.F.);
#682 = EDGE_CURVE('',#683,#675,#685,.T.);
#683 = VERTEX_POINT('',#684);
#684 = CARTESIAN_POINT('',(7.5,-0.2,6.));
#685 = LINE('',#686,#687);
#686 = CARTESIAN_POINT('',(7.5,-0.2,6.));
#687 = VECTOR('',#688,1.);
#688 = DIRECTION('',(0.,0.,-1.));
#689 = ORIENTED_EDGE('',*,*,#690,.T.);
#690 = EDGE_CURVE('',#683,#691,#693,.T.);
#691 = VERTEX_POINT('',#692);
#692 = CARTESIAN_POINT('',(7.5,1.6,6.));
#693 = LINE('',#694,#695);
#694 = CARTESIAN_POINT('',(7.5,-2.2,6.));
#695 = VECTOR('',#696,1.);
#696 = DIRECTION('',(0.,1.,0.));
#697 = ORIENTED_EDGE('',*,*,#698,.F.);
#698 = EDGE_CURVE('',#609,#691,#699,.T.);
#699 = LINE('',#700,#701);
#700 = CARTESIAN_POINT('',(7.5,1.6,0.));
#701 = VECTOR('',#702,1.);
#702 = DIRECTION('',(0.,0.,1.));
#703 = PLANE('',#704);
#704 = AXIS2_PLACEMENT_3D('',#705,#706,#707);
#705 = CARTESIAN_POINT('',(7.5,-2.2,0.));
#706 = DIRECTION('',(-1.,0.,0.));
#707 = DIRECTION('',(0.,1.,0.));
#708 = ADVANCED_FACE('',(#709),#727,.F.);
#709 = FACE_BOUND('',#710,.F.);
#710 = EDGE_LOOP('',(#711,#719,#725,#726));
#711 = ORIENTED_EDGE('',*,*,#712,.F.);
#712 = EDGE_CURVE('',#713,#86,#715,.T.);
#713 = VERTEX_POINT('',#714);
#714 = CARTESIAN_POINT('',(6.5,-1.2,5.2));
#715 = LINE('',#716,#717);
#716 = CARTESIAN_POINT('',(6.5,-1.007390335865,5.2));
#717 = VECTOR('',#718,1.);
#718 = DIRECTION('',(8.024334182119E-32,-1.,0.));
#719 = ORIENTED_EDGE('',*,*,#720,.T.);
#720 = EDGE_CURVE('',#713,#635,#721,.T.);
#721 = LINE('',#722,#723);
#722 = CARTESIAN_POINT('',(-2.5,-1.2,5.2));
#723 = VECTOR('',#724,1.);
#724 = DIRECTION('',(1.,0.,0.));
#725 = ORIENTED_EDGE('',*,*,#634,.T.);
#726 = ORIENTED_EDGE('',*,*,#93,.F.);
#727 = PLANE('',#728);
#728 = AXIS2_PLACEMENT_3D('',#729,#730,#731);
#729 = CARTESIAN_POINT('',(-2.5,-1.2,5.2));
#730 = DIRECTION('',(0.,0.,-1.));
#731 = DIRECTION('',(0.,-1.,0.));
#732 = ADVANCED_FACE('',(#733),#791,.T.);
#733 = FACE_BOUND('',#734,.T.);
#734 = EDGE_LOOP('',(#735,#736,#737,#745,#753,#761,#769,#777,#785));
#735 = ORIENTED_EDGE('',*,*,#85,.F.);
#736 = ORIENTED_EDGE('',*,*,#712,.F.);
#737 = ORIENTED_EDGE('',*,*,#738,.F.);
#738 = EDGE_CURVE('',#739,#713,#741,.T.);
#739 = VERTEX_POINT('',#740);
#740 = CARTESIAN_POINT('',(6.5,-0.6,4.5));
#741 = LINE('',#742,#743);
#742 = CARTESIAN_POINT('',(6.5,-0.429990774306,4.301655903357));
#743 = VECTOR('',#744,1.);
#744 = DIRECTION('',(-1.380987533887E-31,-0.650791373456,0.759256602365)
  );
#745 = ORIENTED_EDGE('',*,*,#746,.F.);
#746 = EDGE_CURVE('',#747,#739,#749,.T.);
#747 = VERTEX_POINT('',#748);
#748 = CARTESIAN_POINT('',(6.5,-0.6,4.3));
#749 = LINE('',#750,#751);
#750 = CARTESIAN_POINT('',(6.5,-0.6,3.963884850592));
#751 = VECTOR('',#752,1.);
#752 = DIRECTION('',(-2.506668067558E-31,0.,1.));
#753 = ORIENTED_EDGE('',*,*,#754,.F.);
#754 = EDGE_CURVE('',#755,#747,#757,.T.);
#755 = VERTEX_POINT('',#756);
#756 = CARTESIAN_POINT('',(6.5,-0.9,4.1));
#757 = LINE('',#758,#759);
#758 = CARTESIAN_POINT('',(6.5,-0.979477224556,4.047015183629));
#759 = VECTOR('',#760,1.);
#760 = DIRECTION('',(-2.058114230756E-31,0.832050294338,0.554700196225)
  );
#761 = ORIENTED_EDGE('',*,*,#762,.F.);
#762 = EDGE_CURVE('',#763,#755,#765,.T.);
#763 = VERTEX_POINT('',#764);
#764 = CARTESIAN_POINT('',(6.5,-0.6,1.5));
#765 = LINE('',#766,#767);
#766 = CARTESIAN_POINT('',(6.5,-0.722554060393,2.562135190069));
#767 = VECTOR('',#768,1.);
#768 = DIRECTION('',(-2.398168242795E-31,-0.114624107985,0.993408935871)
  );
#769 = ORIENTED_EDGE('',*,*,#770,.F.);
#770 = EDGE_CURVE('',#771,#763,#773,.T.);
#771 = VERTEX_POINT('',#772);
#772 = CARTESIAN_POINT('',(6.5,-0.8,1.5));
#773 = LINE('',#774,#775);
#774 = CARTESIAN_POINT('',(6.5,-2.2,1.5));
#775 = VECTOR('',#776,1.);
#776 = DIRECTION('',(0.,1.,0.));
#777 = ORIENTED_EDGE('',*,*,#778,.F.);
#778 = EDGE_CURVE('',#779,#771,#781,.T.);
#779 = VERTEX_POINT('',#780);
#780 = CARTESIAN_POINT('',(6.5,-1.2,1.1));
#781 = LINE('',#782,#783);
#782 = CARTESIAN_POINT('',(6.5,-1.2,1.1));
#783 = VECTOR('',#784,1.);
#784 = DIRECTION('',(0.,0.707106781187,0.707106781187));
#785 = ORIENTED_EDGE('',*,*,#786,.F.);
#786 = EDGE_CURVE('',#78,#779,#787,.T.);
#787 = LINE('',#788,#789);
#788 = CARTESIAN_POINT('',(6.5,-2.2,1.1));
#789 = VECTOR('',#790,1.);
#790 = DIRECTION('',(0.,1.,0.));
#791 = PLANE('',#792);
#792 = AXIS2_PLACEMENT_3D('',#793,#794,#795);
#793 = CARTESIAN_POINT('',(6.5,-0.814780671729,3.627769701184));
#794 = DIRECTION('',(-1.,-8.024334182119E-32,-2.506668067558E-31));
#795 = DIRECTION('',(2.506668067558E-31,0.,-1.));
#796 = ADVANCED_FACE('',(#797),#815,.T.);
#797 = FACE_BOUND('',#798,.T.);
#798 = EDGE_LOOP('',(#799,#800,#801,#809));
#799 = ORIENTED_EDGE('',*,*,#77,.T.);
#800 = ORIENTED_EDGE('',*,*,#786,.T.);
#801 = ORIENTED_EDGE('',*,*,#802,.F.);
#802 = EDGE_CURVE('',#803,#779,#805,.T.);
#803 = VERTEX_POINT('',#804);
#804 = CARTESIAN_POINT('',(-1.5,-1.2,1.1));
#805 = LINE('',#806,#807);
#806 = CARTESIAN_POINT('',(-1.5,-1.2,1.1));
#807 = VECTOR('',#808,1.);
#808 = DIRECTION('',(1.,0.,0.));
#809 = ORIENTED_EDGE('',*,*,#810,.F.);
#810 = EDGE_CURVE('',#70,#803,#811,.T.);
#811 = LINE('',#812,#813);
#812 = CARTESIAN_POINT('',(-1.5,-2.2,1.1));
#813 = VECTOR('',#814,1.);
#814 = DIRECTION('',(0.,1.,0.));
#815 = PLANE('',#816);
#816 = AXIS2_PLACEMENT_3D('',#817,#818,#819);
#817 = CARTESIAN_POINT('',(-1.5,-2.2,1.1));
#818 = DIRECTION('',(0.,0.,1.));
#819 = DIRECTION('',(0.,1.,0.));
#820 = ADVANCED_FACE('',(#821),#879,.T.);
#821 = FACE_BOUND('',#822,.T.);
#822 = EDGE_LOOP('',(#823,#824,#825,#833,#841,#849,#857,#865,#873));
#823 = ORIENTED_EDGE('',*,*,#69,.T.);
#824 = ORIENTED_EDGE('',*,*,#810,.T.);
#825 = ORIENTED_EDGE('',*,*,#826,.T.);
#826 = EDGE_CURVE('',#803,#827,#829,.T.);
#827 = VERTEX_POINT('',#828);
#828 = CARTESIAN_POINT('',(-1.5,-0.8,1.5));
#829 = LINE('',#830,#831);
#830 = CARTESIAN_POINT('',(-1.5,-1.2,1.1));
#831 = VECTOR('',#832,1.);
#832 = DIRECTION('',(0.,0.707106781187,0.707106781187));
#833 = ORIENTED_EDGE('',*,*,#834,.F.);
#834 = EDGE_CURVE('',#835,#827,#837,.T.);
#835 = VERTEX_POINT('',#836);
#836 = CARTESIAN_POINT('',(-1.5,-0.6,1.5));
#837 = LINE('',#838,#839);
#838 = CARTESIAN_POINT('',(-1.5,0.65,1.5));
#839 = VECTOR('',#840,1.);
#840 = DIRECTION('',(0.,-1.,0.));
#841 = ORIENTED_EDGE('',*,*,#842,.F.);
#842 = EDGE_CURVE('',#843,#835,#845,.T.);
#843 = VERTEX_POINT('',#844);
#844 = CARTESIAN_POINT('',(-1.5,-0.9,4.1));
#845 = LINE('',#846,#847);
#846 = CARTESIAN_POINT('',(-1.5,-0.722554060393,2.562135190069));
#847 = VECTOR('',#848,1.);
#848 = DIRECTION('',(-1.804536690617E-32,0.114624107985,-0.993408935871)
  );
#849 = ORIENTED_EDGE('',*,*,#850,.F.);
#850 = EDGE_CURVE('',#851,#843,#853,.T.);
#851 = VERTEX_POINT('',#852);
#852 = CARTESIAN_POINT('',(-1.5,-0.6,4.3));
#853 = LINE('',#854,#855);
#854 = CARTESIAN_POINT('',(-1.5,-0.979477224556,4.047015183629));
#855 = VECTOR('',#856,1.);
#856 = DIRECTION('',(-5.862902099857E-33,-0.832050294338,-0.554700196225
    ));
#857 = ORIENTED_EDGE('',*,*,#858,.F.);
#858 = EDGE_CURVE('',#859,#851,#861,.T.);
#859 = VERTEX_POINT('',#860);
#860 = CARTESIAN_POINT('',(-1.5,-0.6,4.5));
#861 = LINE('',#862,#863);
#862 = CARTESIAN_POINT('',(-1.5,-0.6,3.963884850592));
#863 = VECTOR('',#864,1.);
#864 = DIRECTION('',(-1.762255155449E-32,-0.,-1.));
#865 = ORIENTED_EDGE('',*,*,#866,.F.);
#866 = EDGE_CURVE('',#867,#859,#869,.T.);
#867 = VERTEX_POINT('',#868);
#868 = CARTESIAN_POINT('',(-1.5,-1.2,5.2));
#869 = LINE('',#870,#871);
#870 = CARTESIAN_POINT('',(-1.5,-0.429990774306,4.301655903357));
#871 = VECTOR('',#872,1.);
#872 = DIRECTION('',(-1.644008329407E-32,0.650791373456,-0.759256602365)
  );
#873 = ORIENTED_EDGE('',*,*,#874,.F.);
#874 = EDGE_CURVE('',#62,#867,#875,.T.);
#875 = LINE('',#876,#877);
#876 = CARTESIAN_POINT('',(-1.5,-1.007390335865,5.2));
#877 = VECTOR('',#878,1.);
#878 = DIRECTION('',(-4.702036321642E-33,1.,0.));
#879 = PLANE('',#880);
#880 = AXIS2_PLACEMENT_3D('',#881,#882,#883);
#881 = CARTESIAN_POINT('',(-1.5,-0.814780671729,3.627769701184));
#882 = DIRECTION('',(1.,4.702036321642E-33,-1.762255155449E-32));
#883 = DIRECTION('',(1.762255155449E-32,0.,1.));
#884 = ADVANCED_FACE('',(#885),#903,.F.);
#885 = FACE_BOUND('',#886,.F.);
#886 = EDGE_LOOP('',(#887,#895,#901,#902));
#887 = ORIENTED_EDGE('',*,*,#888,.F.);
#888 = EDGE_CURVE('',#889,#54,#891,.T.);
#889 = VERTEX_POINT('',#890);
#890 = CARTESIAN_POINT('',(-2.5,-1.2,5.2));
#891 = LINE('',#892,#893);
#892 = CARTESIAN_POINT('',(-2.5,-1.2,5.2));
#893 = VECTOR('',#894,1.);
#894 = DIRECTION('',(0.,-1.,0.));
#895 = ORIENTED_EDGE('',*,*,#896,.T.);
#896 = EDGE_CURVE('',#889,#867,#897,.T.);
#897 = LINE('',#898,#899);
#898 = CARTESIAN_POINT('',(-2.5,-1.2,5.2));
#899 = VECTOR('',#900,1.);
#900 = DIRECTION('',(1.,0.,0.));
#901 = ORIENTED_EDGE('',*,*,#874,.F.);
#902 = ORIENTED_EDGE('',*,*,#61,.F.);
#903 = PLANE('',#904);
#904 = AXIS2_PLACEMENT_3D('',#905,#906,#907);
#905 = CARTESIAN_POINT('',(-2.5,-1.2,5.2));
#906 = DIRECTION('',(0.,0.,-1.));
#907 = DIRECTION('',(0.,-1.,0.));
#908 = ADVANCED_FACE('',(#909),#976,.F.);
#909 = FACE_BOUND('',#910,.F.);
#910 = EDGE_LOOP('',(#911,#912,#920,#928,#936,#944,#952,#960,#968,#974,
    #975));
#911 = ORIENTED_EDGE('',*,*,#211,.F.);
#912 = ORIENTED_EDGE('',*,*,#913,.T.);
#913 = EDGE_CURVE('',#212,#914,#916,.T.);
#914 = VERTEX_POINT('',#915);
#915 = CARTESIAN_POINT('',(-2.5,1.6,6.));
#916 = LINE('',#917,#918);
#917 = CARTESIAN_POINT('',(-2.5,1.6,0.));
#918 = VECTOR('',#919,1.);
#919 = DIRECTION('',(0.,0.,1.));
#920 = ORIENTED_EDGE('',*,*,#921,.T.);
#921 = EDGE_CURVE('',#914,#922,#924,.T.);
#922 = VERTEX_POINT('',#923);
#923 = CARTESIAN_POINT('',(-2.5,-0.2,6.));
#924 = LINE('',#925,#926);
#925 = CARTESIAN_POINT('',(-2.5,1.6,6.));
#926 = VECTOR('',#927,1.);
#927 = DIRECTION('',(0.,-1.,0.));
#928 = ORIENTED_EDGE('',*,*,#929,.T.);
#929 = EDGE_CURVE('',#922,#930,#932,.T.);
#930 = VERTEX_POINT('',#931);
#931 = CARTESIAN_POINT('',(-2.5,-0.2,1.5));
#932 = LINE('',#933,#934);
#933 = CARTESIAN_POINT('',(-2.5,-0.2,6.));
#934 = VECTOR('',#935,1.);
#935 = DIRECTION('',(0.,0.,-1.));
#936 = ORIENTED_EDGE('',*,*,#937,.T.);
#937 = EDGE_CURVE('',#930,#938,#940,.T.);
#938 = VERTEX_POINT('',#939);
#939 = CARTESIAN_POINT('',(-2.5,-0.6,1.5));
#940 = LINE('',#941,#942);
#941 = CARTESIAN_POINT('',(-2.5,-0.2,1.5));
#942 = VECTOR('',#943,1.);
#943 = DIRECTION('',(0.,-1.,0.));
#944 = ORIENTED_EDGE('',*,*,#945,.T.);
#945 = EDGE_CURVE('',#938,#946,#948,.T.);
#946 = VERTEX_POINT('',#947);
#947 = CARTESIAN_POINT('',(-2.5,-0.9,4.1));
#948 = LINE('',#949,#950);
#949 = CARTESIAN_POINT('',(-2.5,-0.6,1.5));
#950 = VECTOR('',#951,1.);
#951 = DIRECTION('',(0.,-0.114624107985,0.993408935871));
#952 = ORIENTED_EDGE('',*,*,#953,.T.);
#953 = EDGE_CURVE('',#946,#954,#956,.T.);
#954 = VERTEX_POINT('',#955);
#955 = CARTESIAN_POINT('',(-2.5,-0.6,4.3));
#956 = LINE('',#957,#958);
#957 = CARTESIAN_POINT('',(-2.5,-0.9,4.1));
#958 = VECTOR('',#959,1.);
#959 = DIRECTION('',(0.,0.832050294338,0.554700196225));
#960 = ORIENTED_EDGE('',*,*,#961,.T.);
#961 = EDGE_CURVE('',#954,#962,#964,.T.);
#962 = VERTEX_POINT('',#963);
#963 = CARTESIAN_POINT('',(-2.5,-0.6,4.5));
#964 = LINE('',#965,#966);
#965 = CARTESIAN_POINT('',(-2.5,-0.6,4.3));
#966 = VECTOR('',#967,1.);
#967 = DIRECTION('',(0.,0.,1.));
#968 = ORIENTED_EDGE('',*,*,#969,.T.);
#969 = EDGE_CURVE('',#962,#889,#970,.T.);
#970 = LINE('',#971,#972);
#971 = CARTESIAN_POINT('',(-2.5,-0.6,4.5));
#972 = VECTOR('',#973,1.);
#973 = DIRECTION('',(0.,-0.650791373456,0.759256602365));
#974 = ORIENTED_EDGE('',*,*,#888,.T.);
#975 = ORIENTED_EDGE('',*,*,#53,.F.);
#976 = PLANE('',#977);
#977 = AXIS2_PLACEMENT_3D('',#978,#979,#980);
#978 = CARTESIAN_POINT('',(-2.5,1.6,0.));
#979 = DIRECTION('',(1.,0.,0.));
#980 = DIRECTION('',(0.,-1.,0.));
#981 = ADVANCED_FACE('',(#982),#1005,.F.);
#982 = FACE_BOUND('',#983,.F.);
#983 = EDGE_LOOP('',(#984,#985,#986,#992,#993,#994,#995,#996,#997,#998,
    #999,#1000,#1001,#1002,#1003,#1004));
#984 = ORIENTED_EDGE('',*,*,#616,.F.);
#985 = ORIENTED_EDGE('',*,*,#698,.T.);
#986 = ORIENTED_EDGE('',*,*,#987,.T.);
#987 = EDGE_CURVE('',#691,#914,#988,.T.);
#988 = LINE('',#989,#990);
#989 = CARTESIAN_POINT('',(7.5,1.6,6.));
#990 = VECTOR('',#991,1.);
#991 = DIRECTION('',(-1.,0.,0.));
#992 = ORIENTED_EDGE('',*,*,#913,.F.);
#993 = ORIENTED_EDGE('',*,*,#228,.F.);
#994 = ORIENTED_EDGE('',*,*,#251,.F.);
#995 = ORIENTED_EDGE('',*,*,#275,.T.);
#996 = ORIENTED_EDGE('',*,*,#326,.T.);
#997 = ORIENTED_EDGE('',*,*,#348,.F.);
#998 = ORIENTED_EDGE('',*,*,#381,.F.);
#999 = ORIENTED_EDGE('',*,*,#405,.T.);
#1000 = ORIENTED_EDGE('',*,*,#456,.T.);
#1001 = ORIENTED_EDGE('',*,*,#486,.F.);
#1002 = ORIENTED_EDGE('',*,*,#511,.F.);
#1003 = ORIENTED_EDGE('',*,*,#535,.T.);
#1004 = ORIENTED_EDGE('',*,*,#586,.T.);
#1005 = PLANE('',#1006);
#1006 = AXIS2_PLACEMENT_3D('',#1007,#1008,#1009);
#1007 = CARTESIAN_POINT('',(7.5,1.6,0.));
#1008 = DIRECTION('',(0.,-1.,0.));
#1009 = DIRECTION('',(-1.,0.,0.));
#1010 = ADVANCED_FACE('',(#1011),#1036,.F.);
#1011 = FACE_BOUND('',#1012,.F.);
#1012 = EDGE_LOOP('',(#1013,#1021,#1022,#1030));
#1013 = ORIENTED_EDGE('',*,*,#1014,.F.);
#1014 = EDGE_CURVE('',#287,#1015,#1017,.T.);
#1015 = VERTEX_POINT('',#1016);
#1016 = CARTESIAN_POINT('',(-0.32,-0.32,-0.7));
#1017 = LINE('',#1018,#1019);
#1018 = CARTESIAN_POINT('',(-0.32,-0.32,5.1));
#1019 = VECTOR('',#1020,1.);
#1020 = DIRECTION('',(0.,0.,-1.));
#1021 = ORIENTED_EDGE('',*,*,#284,.F.);
#1022 = ORIENTED_EDGE('',*,*,#1023,.T.);
#1023 = EDGE_CURVE('',#285,#1024,#1026,.T.);
#1024 = VERTEX_POINT('',#1025);
#1025 = CARTESIAN_POINT('',(0.32,-0.32,-0.7));
#1026 = LINE('',#1027,#1028);
#1027 = CARTESIAN_POINT('',(0.32,-0.32,5.1));
#1028 = VECTOR('',#1029,1.);
#1029 = DIRECTION('',(0.,0.,-1.));
#1030 = ORIENTED_EDGE('',*,*,#1031,.F.);
#1031 = EDGE_CURVE('',#1015,#1024,#1032,.T.);
#1032 = LINE('',#1033,#1034);
#1033 = CARTESIAN_POINT('',(-0.32,-0.32,-0.7));
#1034 = VECTOR('',#1035,1.);
#1035 = DIRECTION('',(1.,0.,0.));
#1036 = PLANE('',#1037);
#1037 = AXIS2_PLACEMENT_3D('',#1038,#1039,#1040);
#1038 = CARTESIAN_POINT('',(-0.32,-0.32,5.1));
#1039 = DIRECTION('',(0.,1.,0.));
#1040 = DIRECTION('',(0.,0.,-1.));
#1041 = ADVANCED_FACE('',(#1042),#1092,.T.);
#1042 = FACE_BOUND('',#1043,.T.);
#1043 = EDGE_LOOP('',(#1044,#1054,#1062,#1070,#1076,#1077,#1078,#1086));
#1044 = ORIENTED_EDGE('',*,*,#1045,.T.);
#1045 = EDGE_CURVE('',#1046,#1048,#1050,.T.);
#1046 = VERTEX_POINT('',#1047);
#1047 = CARTESIAN_POINT('',(0.32,-0.351578947368,-3.));
#1048 = VERTEX_POINT('',#1049);
#1049 = CARTESIAN_POINT('',(0.32,0.288421052632,-3.));
#1050 = LINE('',#1051,#1052);
#1051 = CARTESIAN_POINT('',(0.32,-0.32,-3.));
#1052 = VECTOR('',#1053,1.);
#1053 = DIRECTION('',(0.,1.,0.));
#1054 = ORIENTED_EDGE('',*,*,#1055,.T.);
#1055 = EDGE_CURVE('',#1048,#1056,#1058,.T.);
#1056 = VERTEX_POINT('',#1057);
#1057 = CARTESIAN_POINT('',(0.32,2.E-02,-1.3));
#1058 = LINE('',#1059,#1060);
#1059 = CARTESIAN_POINT('',(0.32,0.32,-3.2));
#1060 = VECTOR('',#1061,1.);
#1061 = DIRECTION('',(0.,-0.155962573473,0.987762965329));
#1062 = ORIENTED_EDGE('',*,*,#1063,.T.);
#1063 = EDGE_CURVE('',#1056,#1064,#1066,.T.);
#1064 = VERTEX_POINT('',#1065);
#1065 = CARTESIAN_POINT('',(0.32,0.32,-0.7));
#1066 = LINE('',#1067,#1068);
#1067 = CARTESIAN_POINT('',(0.32,2.E-02,-1.3));
#1068 = VECTOR('',#1069,1.);
#1069 = DIRECTION('',(0.,0.4472135955,0.894427191));
#1070 = ORIENTED_EDGE('',*,*,#1071,.T.);
#1071 = EDGE_CURVE('',#1064,#303,#1072,.T.);
#1072 = LINE('',#1073,#1074);
#1073 = CARTESIAN_POINT('',(0.32,0.32,-0.7));
#1074 = VECTOR('',#1075,1.);
#1075 = DIRECTION('',(0.,0.,1.));
#1076 = ORIENTED_EDGE('',*,*,#310,.F.);
#1077 = ORIENTED_EDGE('',*,*,#1023,.T.);
#1078 = ORIENTED_EDGE('',*,*,#1079,.T.);
#1079 = EDGE_CURVE('',#1024,#1080,#1082,.T.);
#1080 = VERTEX_POINT('',#1081);
#1081 = CARTESIAN_POINT('',(0.32,-0.62,-1.3));
#1082 = LINE('',#1083,#1084);
#1083 = CARTESIAN_POINT('',(0.32,-0.32,-0.7));
#1084 = VECTOR('',#1085,1.);
#1085 = DIRECTION('',(0.,-0.4472135955,-0.894427191));
#1086 = ORIENTED_EDGE('',*,*,#1087,.T.);
#1087 = EDGE_CURVE('',#1080,#1046,#1088,.T.);
#1088 = LINE('',#1089,#1090);
#1089 = CARTESIAN_POINT('',(0.32,-0.62,-1.3));
#1090 = VECTOR('',#1091,1.);
#1091 = DIRECTION('',(0.,0.155962573473,-0.987762965329));
#1092 = PLANE('',#1093);
#1093 = AXIS2_PLACEMENT_3D('',#1094,#1095,#1096);
#1094 = CARTESIAN_POINT('',(0.32,-4.307486879287E-02,0.926376556288));
#1095 = DIRECTION('',(1.,0.,0.));
#1096 = DIRECTION('',(0.,0.,1.));
#1097 = ADVANCED_FACE('',(#1098),#1116,.F.);
#1098 = FACE_BOUND('',#1099,.F.);
#1099 = EDGE_LOOP('',(#1100,#1108,#1114,#1115));
#1100 = ORIENTED_EDGE('',*,*,#1101,.F.);
#1101 = EDGE_CURVE('',#1102,#295,#1104,.T.);
#1102 = VERTEX_POINT('',#1103);
#1103 = CARTESIAN_POINT('',(-0.32,0.32,-0.7));
#1104 = LINE('',#1105,#1106);
#1105 = CARTESIAN_POINT('',(-0.32,0.32,-0.7));
#1106 = VECTOR('',#1107,1.);
#1107 = DIRECTION('',(0.,0.,1.));
#1108 = ORIENTED_EDGE('',*,*,#1109,.T.);
#1109 = EDGE_CURVE('',#1102,#1064,#1110,.T.);
#1110 = LINE('',#1111,#1112);
#1111 = CARTESIAN_POINT('',(-0.32,0.32,-0.7));
#1112 = VECTOR('',#1113,1.);
#1113 = DIRECTION('',(1.,0.,0.));
#1114 = ORIENTED_EDGE('',*,*,#1071,.T.);
#1115 = ORIENTED_EDGE('',*,*,#302,.F.);
#1116 = PLANE('',#1117);
#1117 = AXIS2_PLACEMENT_3D('',#1118,#1119,#1120);
#1118 = CARTESIAN_POINT('',(-0.32,0.32,-0.7));
#1119 = DIRECTION('',(0.,-1.,0.));
#1120 = DIRECTION('',(0.,0.,1.));
#1121 = ADVANCED_FACE('',(#1122),#1165,.F.);
#1122 = FACE_BOUND('',#1123,.F.);
#1123 = EDGE_LOOP('',(#1124,#1134,#1142,#1148,#1149,#1150,#1151,#1159));
#1124 = ORIENTED_EDGE('',*,*,#1125,.T.);
#1125 = EDGE_CURVE('',#1126,#1128,#1130,.T.);
#1126 = VERTEX_POINT('',#1127);
#1127 = CARTESIAN_POINT('',(-0.32,-0.351578947368,-3.));
#1128 = VERTEX_POINT('',#1129);
#1129 = CARTESIAN_POINT('',(-0.32,0.288421052632,-3.));
#1130 = LINE('',#1131,#1132);
#1131 = CARTESIAN_POINT('',(-0.32,-0.32,-3.));
#1132 = VECTOR('',#1133,1.);
#1133 = DIRECTION('',(0.,1.,0.));
#1134 = ORIENTED_EDGE('',*,*,#1135,.T.);
#1135 = EDGE_CURVE('',#1128,#1136,#1138,.T.);
#1136 = VERTEX_POINT('',#1137);
#1137 = CARTESIAN_POINT('',(-0.32,2.E-02,-1.3));
#1138 = LINE('',#1139,#1140);
#1139 = CARTESIAN_POINT('',(-0.32,0.32,-3.2));
#1140 = VECTOR('',#1141,1.);
#1141 = DIRECTION('',(0.,-0.155962573473,0.987762965329));
#1142 = ORIENTED_EDGE('',*,*,#1143,.T.);
#1143 = EDGE_CURVE('',#1136,#1102,#1144,.T.);
#1144 = LINE('',#1145,#1146);
#1145 = CARTESIAN_POINT('',(-0.32,2.E-02,-1.3));
#1146 = VECTOR('',#1147,1.);
#1147 = DIRECTION('',(0.,0.4472135955,0.894427191));
#1148 = ORIENTED_EDGE('',*,*,#1101,.T.);
#1149 = ORIENTED_EDGE('',*,*,#294,.F.);
#1150 = ORIENTED_EDGE('',*,*,#1014,.T.);
#1151 = ORIENTED_EDGE('',*,*,#1152,.T.);
#1152 = EDGE_CURVE('',#1015,#1153,#1155,.T.);
#1153 = VERTEX_POINT('',#1154);
#1154 = CARTESIAN_POINT('',(-0.32,-0.62,-1.3));
#1155 = LINE('',#1156,#1157);
#1156 = CARTESIAN_POINT('',(-0.32,-0.32,-0.7));
#1157 = VECTOR('',#1158,1.);
#1158 = DIRECTION('',(0.,-0.4472135955,-0.894427191));
#1159 = ORIENTED_EDGE('',*,*,#1160,.T.);
#1160 = EDGE_CURVE('',#1153,#1126,#1161,.T.);
#1161 = LINE('',#1162,#1163);
#1162 = CARTESIAN_POINT('',(-0.32,-0.62,-1.3));
#1163 = VECTOR('',#1164,1.);
#1164 = DIRECTION('',(0.,0.155962573473,-0.987762965329));
#1165 = PLANE('',#1166);
#1166 = AXIS2_PLACEMENT_3D('',#1167,#1168,#1169);
#1167 = CARTESIAN_POINT('',(-0.32,-4.307486879287E-02,0.926376556288));
#1168 = DIRECTION('',(1.,0.,0.));
#1169 = DIRECTION('',(0.,0.,1.));
#1170 = ADVANCED_FACE('',(#1171),#1196,.T.);
#1171 = FACE_BOUND('',#1172,.T.);
#1172 = EDGE_LOOP('',(#1173,#1183,#1189,#1190));
#1173 = ORIENTED_EDGE('',*,*,#1174,.T.);
#1174 = EDGE_CURVE('',#1175,#1177,#1179,.T.);
#1175 = VERTEX_POINT('',#1176);
#1176 = CARTESIAN_POINT('',(2.82,-0.32,-3.));
#1177 = VERTEX_POINT('',#1178);
#1178 = CARTESIAN_POINT('',(2.82,0.32,-3.));
#1179 = LINE('',#1180,#1181);
#1180 = CARTESIAN_POINT('',(2.82,-0.32,-3.));
#1181 = VECTOR('',#1182,1.);
#1182 = DIRECTION('',(0.,1.,0.));
#1183 = ORIENTED_EDGE('',*,*,#1184,.T.);
#1184 = EDGE_CURVE('',#1177,#417,#1185,.T.);
#1185 = LINE('',#1186,#1187);
#1186 = CARTESIAN_POINT('',(2.82,0.32,-3.2));
#1187 = VECTOR('',#1188,1.);
#1188 = DIRECTION('',(0.,0.,1.));
#1189 = ORIENTED_EDGE('',*,*,#414,.F.);
#1190 = ORIENTED_EDGE('',*,*,#1191,.T.);
#1191 = EDGE_CURVE('',#415,#1175,#1192,.T.);
#1192 = LINE('',#1193,#1194);
#1193 = CARTESIAN_POINT('',(2.82,-0.32,5.1));
#1194 = VECTOR('',#1195,1.);
#1195 = DIRECTION('',(0.,0.,-1.));
#1196 = PLANE('',#1197);
#1197 = AXIS2_PLACEMENT_3D('',#1198,#1199,#1200);
#1198 = CARTESIAN_POINT('',(2.82,0.,0.95));
#1199 = DIRECTION('',(1.,0.,0.));
#1200 = DIRECTION('',(0.,0.,1.));
#1201 = ADVANCED_FACE('',(#1202),#1220,.F.);
#1202 = FACE_BOUND('',#1203,.F.);
#1203 = EDGE_LOOP('',(#1204,#1212,#1218,#1219));
#1204 = ORIENTED_EDGE('',*,*,#1205,.F.);
#1205 = EDGE_CURVE('',#1206,#433,#1208,.T.);
#1206 = VERTEX_POINT('',#1207);
#1207 = CARTESIAN_POINT('',(2.18,0.32,-3.));
#1208 = LINE('',#1209,#1210);
#1209 = CARTESIAN_POINT('',(2.18,0.32,-3.2));
#1210 = VECTOR('',#1211,1.);
#1211 = DIRECTION('',(0.,0.,1.));
#1212 = ORIENTED_EDGE('',*,*,#1213,.T.);
#1213 = EDGE_CURVE('',#1206,#1177,#1214,.T.);
#1214 = LINE('',#1215,#1216);
#1215 = CARTESIAN_POINT('',(2.18,0.32,-3.));
#1216 = VECTOR('',#1217,1.);
#1217 = DIRECTION('',(1.,0.,0.));
#1218 = ORIENTED_EDGE('',*,*,#1184,.T.);
#1219 = ORIENTED_EDGE('',*,*,#440,.F.);
#1220 = PLANE('',#1221);
#1221 = AXIS2_PLACEMENT_3D('',#1222,#1223,#1224);
#1222 = CARTESIAN_POINT('',(2.18,0.32,-3.2));
#1223 = DIRECTION('',(0.,-1.,0.));
#1224 = DIRECTION('',(0.,0.,1.));
#1225 = ADVANCED_FACE('',(#1226),#1244,.F.);
#1226 = FACE_BOUND('',#1227,.F.);
#1227 = EDGE_LOOP('',(#1228,#1236,#1237,#1238));
#1228 = ORIENTED_EDGE('',*,*,#1229,.T.);
#1229 = EDGE_CURVE('',#1230,#1206,#1232,.T.);
#1230 = VERTEX_POINT('',#1231);
#1231 = CARTESIAN_POINT('',(2.18,-0.32,-3.));
#1232 = LINE('',#1233,#1234);
#1233 = CARTESIAN_POINT('',(2.18,-0.32,-3.));
#1234 = VECTOR('',#1235,1.);
#1235 = DIRECTION('',(0.,1.,0.));
#1236 = ORIENTED_EDGE('',*,*,#1205,.T.);
#1237 = ORIENTED_EDGE('',*,*,#432,.F.);
#1238 = ORIENTED_EDGE('',*,*,#1239,.T.);
#1239 = EDGE_CURVE('',#425,#1230,#1240,.T.);
#1240 = LINE('',#1241,#1242);
#1241 = CARTESIAN_POINT('',(2.18,-0.32,5.1));
#1242 = VECTOR('',#1243,1.);
#1243 = DIRECTION('',(0.,0.,-1.));
#1244 = PLANE('',#1245);
#1245 = AXIS2_PLACEMENT_3D('',#1246,#1247,#1248);
#1246 = CARTESIAN_POINT('',(2.18,0.,0.95));
#1247 = DIRECTION('',(1.,0.,0.));
#1248 = DIRECTION('',(0.,0.,1.));
#1249 = ADVANCED_FACE('',(#1250),#1261,.F.);
#1250 = FACE_BOUND('',#1251,.F.);
#1251 = EDGE_LOOP('',(#1252,#1253,#1254,#1255));
#1252 = ORIENTED_EDGE('',*,*,#1239,.F.);
#1253 = ORIENTED_EDGE('',*,*,#424,.F.);
#1254 = ORIENTED_EDGE('',*,*,#1191,.T.);
#1255 = ORIENTED_EDGE('',*,*,#1256,.F.);
#1256 = EDGE_CURVE('',#1230,#1175,#1257,.T.);
#1257 = LINE('',#1258,#1259);
#1258 = CARTESIAN_POINT('',(2.18,-0.32,-3.));
#1259 = VECTOR('',#1260,1.);
#1260 = DIRECTION('',(1.,0.,0.));
#1261 = PLANE('',#1262);
#1262 = AXIS2_PLACEMENT_3D('',#1263,#1264,#1265);
#1263 = CARTESIAN_POINT('',(2.18,-0.32,5.1));
#1264 = DIRECTION('',(0.,1.,0.));
#1265 = DIRECTION('',(0.,0.,-1.));
#1266 = ADVANCED_FACE('',(#1267),#1292,.F.);
#1267 = FACE_BOUND('',#1268,.F.);
#1268 = EDGE_LOOP('',(#1269,#1277,#1278,#1286));
#1269 = ORIENTED_EDGE('',*,*,#1270,.F.);
#1270 = EDGE_CURVE('',#547,#1271,#1273,.T.);
#1271 = VERTEX_POINT('',#1272);
#1272 = CARTESIAN_POINT('',(4.68,-0.32,-0.7));
#1273 = LINE('',#1274,#1275);
#1274 = CARTESIAN_POINT('',(4.68,-0.32,5.1));
#1275 = VECTOR('',#1276,1.);
#1276 = DIRECTION('',(0.,0.,-1.));
#1277 = ORIENTED_EDGE('',*,*,#544,.F.);
#1278 = ORIENTED_EDGE('',*,*,#1279,.T.);
#1279 = EDGE_CURVE('',#545,#1280,#1282,.T.);
#1280 = VERTEX_POINT('',#1281);
#1281 = CARTESIAN_POINT('',(5.32,-0.32,-0.7));
#1282 = LINE('',#1283,#1284);
#1283 = CARTESIAN_POINT('',(5.32,-0.32,5.1));
#1284 = VECTOR('',#1285,1.);
#1285 = DIRECTION('',(0.,0.,-1.));
#1286 = ORIENTED_EDGE('',*,*,#1287,.F.);
#1287 = EDGE_CURVE('',#1271,#1280,#1288,.T.);
#1288 = LINE('',#1289,#1290);
#1289 = CARTESIAN_POINT('',(4.68,-0.32,-0.7));
#1290 = VECTOR('',#1291,1.);
#1291 = DIRECTION('',(1.,0.,0.));
#1292 = PLANE('',#1293);
#1293 = AXIS2_PLACEMENT_3D('',#1294,#1295,#1296);
#1294 = CARTESIAN_POINT('',(4.68,-0.32,5.1));
#1295 = DIRECTION('',(0.,1.,0.));
#1296 = DIRECTION('',(0.,0.,-1.));
#1297 = ADVANCED_FACE('',(#1298),#1348,.T.);
#1298 = FACE_BOUND('',#1299,.T.);
#1299 = EDGE_LOOP('',(#1300,#1310,#1318,#1326,#1332,#1333,#1334,#1342));
#1300 = ORIENTED_EDGE('',*,*,#1301,.T.);
#1301 = EDGE_CURVE('',#1302,#1304,#1306,.T.);
#1302 = VERTEX_POINT('',#1303);
#1303 = CARTESIAN_POINT('',(5.32,-0.351578947368,-3.));
#1304 = VERTEX_POINT('',#1305);
#1305 = CARTESIAN_POINT('',(5.32,0.288421052632,-3.));
#1306 = LINE('',#1307,#1308);
#1307 = CARTESIAN_POINT('',(5.32,-0.32,-3.));
#1308 = VECTOR('',#1309,1.);
#1309 = DIRECTION('',(0.,1.,0.));
#1310 = ORIENTED_EDGE('',*,*,#1311,.T.);
#1311 = EDGE_CURVE('',#1304,#1312,#1314,.T.);
#1312 = VERTEX_POINT('',#1313);
#1313 = CARTESIAN_POINT('',(5.32,2.E-02,-1.3));
#1314 = LINE('',#1315,#1316);
#1315 = CARTESIAN_POINT('',(5.32,0.32,-3.2));
#1316 = VECTOR('',#1317,1.);
#1317 = DIRECTION('',(0.,-0.155962573473,0.987762965329));
#1318 = ORIENTED_EDGE('',*,*,#1319,.T.);
#1319 = EDGE_CURVE('',#1312,#1320,#1322,.T.);
#1320 = VERTEX_POINT('',#1321);
#1321 = CARTESIAN_POINT('',(5.32,0.32,-0.7));
#1322 = LINE('',#1323,#1324);
#1323 = CARTESIAN_POINT('',(5.32,2.E-02,-1.3));
#1324 = VECTOR('',#1325,1.);
#1325 = DIRECTION('',(0.,0.4472135955,0.894427191));
#1326 = ORIENTED_EDGE('',*,*,#1327,.T.);
#1327 = EDGE_CURVE('',#1320,#563,#1328,.T.);
#1328 = LINE('',#1329,#1330);
#1329 = CARTESIAN_POINT('',(5.32,0.32,-0.7));
#1330 = VECTOR('',#1331,1.);
#1331 = DIRECTION('',(0.,0.,1.));
#1332 = ORIENTED_EDGE('',*,*,#570,.F.);
#1333 = ORIENTED_EDGE('',*,*,#1279,.T.);
#1334 = ORIENTED_EDGE('',*,*,#1335,.T.);
#1335 = EDGE_CURVE('',#1280,#1336,#1338,.T.);
#1336 = VERTEX_POINT('',#1337);
#1337 = CARTESIAN_POINT('',(5.32,-0.62,-1.3));
#1338 = LINE('',#1339,#1340);
#1339 = CARTESIAN_POINT('',(5.32,-0.32,-0.7));
#1340 = VECTOR('',#1341,1.);
#1341 = DIRECTION('',(0.,-0.4472135955,-0.894427191));
#1342 = ORIENTED_EDGE('',*,*,#1343,.T.);
#1343 = EDGE_CURVE('',#1336,#1302,#1344,.T.);
#1344 = LINE('',#1345,#1346);
#1345 = CARTESIAN_POINT('',(5.32,-0.62,-1.3));
#1346 = VECTOR('',#1347,1.);
#1347 = DIRECTION('',(0.,0.155962573473,-0.987762965329));
#1348 = PLANE('',#1349);
#1349 = AXIS2_PLACEMENT_3D('',#1350,#1351,#1352);
#1350 = CARTESIAN_POINT('',(5.32,-4.307486879287E-02,0.926376556288));
#1351 = DIRECTION('',(1.,0.,0.));
#1352 = DIRECTION('',(0.,0.,1.));
#1353 = ADVANCED_FACE('',(#1354),#1372,.F.);
#1354 = FACE_BOUND('',#1355,.F.);
#1355 = EDGE_LOOP('',(#1356,#1364,#1370,#1371));
#1356 = ORIENTED_EDGE('',*,*,#1357,.F.);
#1357 = EDGE_CURVE('',#1358,#555,#1360,.T.);
#1358 = VERTEX_POINT('',#1359);
#1359 = CARTESIAN_POINT('',(4.68,0.32,-0.7));
#1360 = LINE('',#1361,#1362);
#1361 = CARTESIAN_POINT('',(4.68,0.32,-0.7));
#1362 = VECTOR('',#1363,1.);
#1363 = DIRECTION('',(0.,0.,1.));
#1364 = ORIENTED_EDGE('',*,*,#1365,.T.);
#1365 = EDGE_CURVE('',#1358,#1320,#1366,.T.);
#1366 = LINE('',#1367,#1368);
#1367 = CARTESIAN_POINT('',(4.68,0.32,-0.7));
#1368 = VECTOR('',#1369,1.);
#1369 = DIRECTION('',(1.,0.,0.));
#1370 = ORIENTED_EDGE('',*,*,#1327,.T.);
#1371 = ORIENTED_EDGE('',*,*,#562,.F.);
#1372 = PLANE('',#1373);
#1373 = AXIS2_PLACEMENT_3D('',#1374,#1375,#1376);
#1374 = CARTESIAN_POINT('',(4.68,0.32,-0.7));
#1375 = DIRECTION('',(0.,-1.,0.));
#1376 = DIRECTION('',(0.,0.,1.));
#1377 = ADVANCED_FACE('',(#1378),#1421,.F.);
#1378 = FACE_BOUND('',#1379,.F.);
#1379 = EDGE_LOOP('',(#1380,#1390,#1398,#1404,#1405,#1406,#1407,#1415));
#1380 = ORIENTED_EDGE('',*,*,#1381,.T.);
#1381 = EDGE_CURVE('',#1382,#1384,#1386,.T.);
#1382 = VERTEX_POINT('',#1383);
#1383 = CARTESIAN_POINT('',(4.68,-0.351578947368,-3.));
#1384 = VERTEX_POINT('',#1385);
#1385 = CARTESIAN_POINT('',(4.68,0.288421052632,-3.));
#1386 = LINE('',#1387,#1388);
#1387 = CARTESIAN_POINT('',(4.68,-0.32,-3.));
#1388 = VECTOR('',#1389,1.);
#1389 = DIRECTION('',(0.,1.,0.));
#1390 = ORIENTED_EDGE('',*,*,#1391,.T.);
#1391 = EDGE_CURVE('',#1384,#1392,#1394,.T.);
#1392 = VERTEX_POINT('',#1393);
#1393 = CARTESIAN_POINT('',(4.68,2.E-02,-1.3));
#1394 = LINE('',#1395,#1396);
#1395 = CARTESIAN_POINT('',(4.68,0.32,-3.2));
#1396 = VECTOR('',#1397,1.);
#1397 = DIRECTION('',(0.,-0.155962573473,0.987762965329));
#1398 = ORIENTED_EDGE('',*,*,#1399,.T.);
#1399 = EDGE_CURVE('',#1392,#1358,#1400,.T.);
#1400 = LINE('',#1401,#1402);
#1401 = CARTESIAN_POINT('',(4.68,2.E-02,-1.3));
#1402 = VECTOR('',#1403,1.);
#1403 = DIRECTION('',(0.,0.4472135955,0.894427191));
#1404 = ORIENTED_EDGE('',*,*,#1357,.T.);
#1405 = ORIENTED_EDGE('',*,*,#554,.F.);
#1406 = ORIENTED_EDGE('',*,*,#1270,.T.);
#1407 = ORIENTED_EDGE('',*,*,#1408,.T.);
#1408 = EDGE_CURVE('',#1271,#1409,#1411,.T.);
#1409 = VERTEX_POINT('',#1410);
#1410 = CARTESIAN_POINT('',(4.68,-0.62,-1.3));
#1411 = LINE('',#1412,#1413);
#1412 = CARTESIAN_POINT('',(4.68,-0.32,-0.7));
#1413 = VECTOR('',#1414,1.);
#1414 = DIRECTION('',(0.,-0.4472135955,-0.894427191));
#1415 = ORIENTED_EDGE('',*,*,#1416,.T.);
#1416 = EDGE_CURVE('',#1409,#1382,#1417,.T.);
#1417 = LINE('',#1418,#1419);
#1418 = CARTESIAN_POINT('',(4.68,-0.62,-1.3));
#1419 = VECTOR('',#1420,1.);
#1420 = DIRECTION('',(0.,0.155962573473,-0.987762965329));
#1421 = PLANE('',#1422);
#1422 = AXIS2_PLACEMENT_3D('',#1423,#1424,#1425);
#1423 = CARTESIAN_POINT('',(4.68,-4.307486879287E-02,0.926376556288));
#1424 = DIRECTION('',(1.,0.,0.));
#1425 = DIRECTION('',(0.,0.,1.));
#1426 = ADVANCED_FACE('',(#1427),#1502,.T.);
#1427 = FACE_BOUND('',#1428,.T.);
#1428 = EDGE_LOOP('',(#1429,#1430,#1431,#1439,#1447,#1455,#1463,#1471,
    #1479,#1487,#1495,#1501));
#1429 = ORIENTED_EDGE('',*,*,#987,.T.);
#1430 = ORIENTED_EDGE('',*,*,#921,.T.);
#1431 = ORIENTED_EDGE('',*,*,#1432,.T.);
#1432 = EDGE_CURVE('',#922,#1433,#1435,.T.);
#1433 = VERTEX_POINT('',#1434);
#1434 = CARTESIAN_POINT('',(-1.5,-0.2,6.));
#1435 = LINE('',#1436,#1437);
#1436 = CARTESIAN_POINT('',(-2.5,-0.2,6.));
#1437 = VECTOR('',#1438,1.);
#1438 = DIRECTION('',(1.,0.,0.));
#1439 = ORIENTED_EDGE('',*,*,#1440,.F.);
#1440 = EDGE_CURVE('',#1441,#1433,#1443,.T.);
#1441 = VERTEX_POINT('',#1442);
#1442 = CARTESIAN_POINT('',(-1.5,0.65,6.));
#1443 = LINE('',#1444,#1445);
#1444 = CARTESIAN_POINT('',(-1.5,0.65,6.));
#1445 = VECTOR('',#1446,1.);
#1446 = DIRECTION('',(0.,-1.,0.));
#1447 = ORIENTED_EDGE('',*,*,#1448,.F.);
#1448 = EDGE_CURVE('',#1449,#1441,#1451,.T.);
#1449 = VERTEX_POINT('',#1450);
#1450 = CARTESIAN_POINT('',(-2.05,0.65,6.));
#1451 = LINE('',#1452,#1453);
#1452 = CARTESIAN_POINT('',(-2.05,0.65,6.));
#1453 = VECTOR('',#1454,1.);
#1454 = DIRECTION('',(1.,0.,0.));
#1455 = ORIENTED_EDGE('',*,*,#1456,.F.);
#1456 = EDGE_CURVE('',#1457,#1449,#1459,.T.);
#1457 = VERTEX_POINT('',#1458);
#1458 = CARTESIAN_POINT('',(-2.05,1.15,6.));
#1459 = LINE('',#1460,#1461);
#1460 = CARTESIAN_POINT('',(-2.05,1.15,6.));
#1461 = VECTOR('',#1462,1.);
#1462 = DIRECTION('',(0.,-1.,0.));
#1463 = ORIENTED_EDGE('',*,*,#1464,.F.);
#1464 = EDGE_CURVE('',#1465,#1457,#1467,.T.);
#1465 = VERTEX_POINT('',#1466);
#1466 = CARTESIAN_POINT('',(7.05,1.15,6.));
#1467 = LINE('',#1468,#1469);
#1468 = CARTESIAN_POINT('',(7.05,1.15,6.));
#1469 = VECTOR('',#1470,1.);
#1470 = DIRECTION('',(-1.,0.,0.));
#1471 = ORIENTED_EDGE('',*,*,#1472,.F.);
#1472 = EDGE_CURVE('',#1473,#1465,#1475,.T.);
#1473 = VERTEX_POINT('',#1474);
#1474 = CARTESIAN_POINT('',(7.05,0.65,6.));
#1475 = LINE('',#1476,#1477);
#1476 = CARTESIAN_POINT('',(7.05,0.65,6.));
#1477 = VECTOR('',#1478,1.);
#1478 = DIRECTION('',(0.,1.,0.));
#1479 = ORIENTED_EDGE('',*,*,#1480,.F.);
#1480 = EDGE_CURVE('',#1481,#1473,#1483,.T.);
#1481 = VERTEX_POINT('',#1482);
#1482 = CARTESIAN_POINT('',(6.5,0.65,6.));
#1483 = LINE('',#1484,#1485);
#1484 = CARTESIAN_POINT('',(6.5,0.65,6.));
#1485 = VECTOR('',#1486,1.);
#1486 = DIRECTION('',(1.,0.,0.));
#1487 = ORIENTED_EDGE('',*,*,#1488,.F.);
#1488 = EDGE_CURVE('',#1489,#1481,#1491,.T.);
#1489 = VERTEX_POINT('',#1490);
#1490 = CARTESIAN_POINT('',(6.5,-0.2,6.));
#1491 = LINE('',#1492,#1493);
#1492 = CARTESIAN_POINT('',(6.5,-2.2,6.));
#1493 = VECTOR('',#1494,1.);
#1494 = DIRECTION('',(0.,1.,0.));
#1495 = ORIENTED_EDGE('',*,*,#1496,.T.);
#1496 = EDGE_CURVE('',#1489,#683,#1497,.T.);
#1497 = LINE('',#1498,#1499);
#1498 = CARTESIAN_POINT('',(-2.5,-0.2,6.));
#1499 = VECTOR('',#1500,1.);
#1500 = DIRECTION('',(1.,0.,0.));
#1501 = ORIENTED_EDGE('',*,*,#690,.T.);
#1502 = PLANE('',#1503);
#1503 = AXIS2_PLACEMENT_3D('',#1504,#1505,#1506);
#1504 = CARTESIAN_POINT('',(2.5,-0.3,6.));
#1505 = DIRECTION('',(0.,0.,1.));
#1506 = DIRECTION('',(1.,0.,-0.));
#1507 = ADVANCED_FACE('',(#1508),#1526,.F.);
#1508 = FACE_BOUND('',#1509,.F.);
#1509 = EDGE_LOOP('',(#1510,#1518,#1519,#1520));
#1510 = ORIENTED_EDGE('',*,*,#1511,.F.);
#1511 = EDGE_CURVE('',#1489,#1512,#1514,.T.);
#1512 = VERTEX_POINT('',#1513);
#1513 = CARTESIAN_POINT('',(6.5,-0.2,1.5));
#1514 = LINE('',#1515,#1516);
#1515 = CARTESIAN_POINT('',(6.5,-0.2,4.813884850592));
#1516 = VECTOR('',#1517,1.);
#1517 = DIRECTION('',(2.506668067558E-31,0.,-1.));
#1518 = ORIENTED_EDGE('',*,*,#1496,.T.);
#1519 = ORIENTED_EDGE('',*,*,#682,.T.);
#1520 = ORIENTED_EDGE('',*,*,#1521,.F.);
#1521 = EDGE_CURVE('',#1512,#675,#1522,.T.);
#1522 = LINE('',#1523,#1524);
#1523 = CARTESIAN_POINT('',(-2.5,-0.2,1.5));
#1524 = VECTOR('',#1525,1.);
#1525 = DIRECTION('',(1.,0.,0.));
#1526 = PLANE('',#1527);
#1527 = AXIS2_PLACEMENT_3D('',#1528,#1529,#1530);
#1528 = CARTESIAN_POINT('',(-2.5,-0.2,6.));
#1529 = DIRECTION('',(0.,1.,0.));
#1530 = DIRECTION('',(0.,0.,-1.));
#1531 = ADVANCED_FACE('',(#1532,#1619,#1653,#1687),#1721,.T.);
#1532 = FACE_BOUND('',#1533,.T.);
#1533 = EDGE_LOOP('',(#1534,#1540,#1541,#1542,#1550,#1558,#1566,#1574,
    #1582,#1590,#1598,#1604,#1605,#1611,#1612,#1618));
#1534 = ORIENTED_EDGE('',*,*,#1535,.T.);
#1535 = EDGE_CURVE('',#763,#667,#1536,.T.);
#1536 = LINE('',#1537,#1538);
#1537 = CARTESIAN_POINT('',(-2.5,-0.6,1.5));
#1538 = VECTOR('',#1539,1.);
#1539 = DIRECTION('',(1.,0.,0.));
#1540 = ORIENTED_EDGE('',*,*,#674,.F.);
#1541 = ORIENTED_EDGE('',*,*,#1521,.F.);
#1542 = ORIENTED_EDGE('',*,*,#1543,.T.);
#1543 = EDGE_CURVE('',#1512,#1544,#1546,.T.);
#1544 = VERTEX_POINT('',#1545);
#1545 = CARTESIAN_POINT('',(6.5,0.65,1.5));
#1546 = LINE('',#1547,#1548);
#1547 = CARTESIAN_POINT('',(6.5,-2.2,1.5));
#1548 = VECTOR('',#1549,1.);
#1549 = DIRECTION('',(0.,1.,0.));
#1550 = ORIENTED_EDGE('',*,*,#1551,.T.);
#1551 = EDGE_CURVE('',#1544,#1552,#1554,.T.);
#1552 = VERTEX_POINT('',#1553);
#1553 = CARTESIAN_POINT('',(7.05,0.65,1.5));
#1554 = LINE('',#1555,#1556);
#1555 = CARTESIAN_POINT('',(6.5,0.65,1.5));
#1556 = VECTOR('',#1557,1.);
#1557 = DIRECTION('',(1.,0.,0.));
#1558 = ORIENTED_EDGE('',*,*,#1559,.T.);
#1559 = EDGE_CURVE('',#1552,#1560,#1562,.T.);
#1560 = VERTEX_POINT('',#1561);
#1561 = CARTESIAN_POINT('',(7.05,1.15,1.5));
#1562 = LINE('',#1563,#1564);
#1563 = CARTESIAN_POINT('',(7.05,0.65,1.5));
#1564 = VECTOR('',#1565,1.);
#1565 = DIRECTION('',(0.,1.,0.));
#1566 = ORIENTED_EDGE('',*,*,#1567,.T.);
#1567 = EDGE_CURVE('',#1560,#1568,#1570,.T.);
#1568 = VERTEX_POINT('',#1569);
#1569 = CARTESIAN_POINT('',(-2.05,1.15,1.5));
#1570 = LINE('',#1571,#1572);
#1571 = CARTESIAN_POINT('',(7.05,1.15,1.5));
#1572 = VECTOR('',#1573,1.);
#1573 = DIRECTION('',(-1.,0.,0.));
#1574 = ORIENTED_EDGE('',*,*,#1575,.T.);
#1575 = EDGE_CURVE('',#1568,#1576,#1578,.T.);
#1576 = VERTEX_POINT('',#1577);
#1577 = CARTESIAN_POINT('',(-2.05,0.65,1.5));
#1578 = LINE('',#1579,#1580);
#1579 = CARTESIAN_POINT('',(-2.05,1.15,1.5));
#1580 = VECTOR('',#1581,1.);
#1581 = DIRECTION('',(0.,-1.,0.));
#1582 = ORIENTED_EDGE('',*,*,#1583,.T.);
#1583 = EDGE_CURVE('',#1576,#1584,#1586,.T.);
#1584 = VERTEX_POINT('',#1585);
#1585 = CARTESIAN_POINT('',(-1.5,0.65,1.5));
#1586 = LINE('',#1587,#1588);
#1587 = CARTESIAN_POINT('',(-2.05,0.65,1.5));
#1588 = VECTOR('',#1589,1.);
#1589 = DIRECTION('',(1.,0.,0.));
#1590 = ORIENTED_EDGE('',*,*,#1591,.T.);
#1591 = EDGE_CURVE('',#1584,#1592,#1594,.T.);
#1592 = VERTEX_POINT('',#1593);
#1593 = CARTESIAN_POINT('',(-1.5,-0.2,1.5));
#1594 = LINE('',#1595,#1596);
#1595 = CARTESIAN_POINT('',(-1.5,0.65,1.5));
#1596 = VECTOR('',#1597,1.);
#1597 = DIRECTION('',(0.,-1.,0.));
#1598 = ORIENTED_EDGE('',*,*,#1599,.F.);
#1599 = EDGE_CURVE('',#930,#1592,#1600,.T.);
#1600 = LINE('',#1601,#1602);
#1601 = CARTESIAN_POINT('',(-2.5,-0.2,1.5));
#1602 = VECTOR('',#1603,1.);
#1603 = DIRECTION('',(1.,0.,0.));
#1604 = ORIENTED_EDGE('',*,*,#937,.T.);
#1605 = ORIENTED_EDGE('',*,*,#1606,.T.);
#1606 = EDGE_CURVE('',#938,#835,#1607,.T.);
#1607 = LINE('',#1608,#1609);
#1608 = CARTESIAN_POINT('',(-2.5,-0.6,1.5));
#1609 = VECTOR('',#1610,1.);
#1610 = DIRECTION('',(1.,0.,0.));
#1611 = ORIENTED_EDGE('',*,*,#834,.T.);
#1612 = ORIENTED_EDGE('',*,*,#1613,.T.);
#1613 = EDGE_CURVE('',#827,#771,#1614,.T.);
#1614 = LINE('',#1615,#1616);
#1615 = CARTESIAN_POINT('',(-1.5,-0.8,1.5));
#1616 = VECTOR('',#1617,1.);
#1617 = DIRECTION('',(1.,0.,0.));
#1618 = ORIENTED_EDGE('',*,*,#770,.T.);
#1619 = FACE_BOUND('',#1620,.T.);
#1620 = EDGE_LOOP('',(#1621,#1631,#1639,#1647));
#1621 = ORIENTED_EDGE('',*,*,#1622,.T.);
#1622 = EDGE_CURVE('',#1623,#1625,#1627,.T.);
#1623 = VERTEX_POINT('',#1624);
#1624 = CARTESIAN_POINT('',(5.32,-0.32,1.5));
#1625 = VERTEX_POINT('',#1626);
#1626 = CARTESIAN_POINT('',(4.68,-0.32,1.5));
#1627 = LINE('',#1628,#1629);
#1628 = CARTESIAN_POINT('',(3.59,-0.32,1.5));
#1629 = VECTOR('',#1630,1.);
#1630 = DIRECTION('',(-1.,0.,-2.435022631619E-32));
#1631 = ORIENTED_EDGE('',*,*,#1632,.T.);
#1632 = EDGE_CURVE('',#1625,#1633,#1635,.T.);
#1633 = VERTEX_POINT('',#1634);
#1634 = CARTESIAN_POINT('',(4.68,0.32,1.5));
#1635 = LINE('',#1636,#1637);
#1636 = CARTESIAN_POINT('',(4.68,5.245681847713E-02,1.5));
#1637 = VECTOR('',#1638,1.);
#1638 = DIRECTION('',(0.,1.,2.163574697384E-31));
#1639 = ORIENTED_EDGE('',*,*,#1640,.T.);
#1640 = EDGE_CURVE('',#1633,#1641,#1643,.T.);
#1641 = VERTEX_POINT('',#1642);
#1642 = CARTESIAN_POINT('',(5.32,0.32,1.5));
#1643 = LINE('',#1644,#1645);
#1644 = CARTESIAN_POINT('',(3.59,0.32,1.5));
#1645 = VECTOR('',#1646,1.);
#1646 = DIRECTION('',(1.,0.,2.435022631619E-32));
#1647 = ORIENTED_EDGE('',*,*,#1648,.F.);
#1648 = EDGE_CURVE('',#1623,#1641,#1649,.T.);
#1649 = LINE('',#1650,#1651);
#1650 = CARTESIAN_POINT('',(5.32,5.245681847713E-02,1.5));
#1651 = VECTOR('',#1652,1.);
#1652 = DIRECTION('',(0.,1.,2.163574697384E-31));
#1653 = FACE_BOUND('',#1654,.T.);
#1654 = EDGE_LOOP('',(#1655,#1665,#1673,#1681));
#1655 = ORIENTED_EDGE('',*,*,#1656,.F.);
#1656 = EDGE_CURVE('',#1657,#1659,#1661,.T.);
#1657 = VERTEX_POINT('',#1658);
#1658 = CARTESIAN_POINT('',(2.82,-0.32,1.5));
#1659 = VERTEX_POINT('',#1660);
#1660 = CARTESIAN_POINT('',(2.82,0.32,1.5));
#1661 = LINE('',#1662,#1663);
#1662 = CARTESIAN_POINT('',(2.82,7.399425287356E-02,1.5));
#1663 = VECTOR('',#1664,1.);
#1664 = DIRECTION('',(0.,1.,2.163574697384E-31));
#1665 = ORIENTED_EDGE('',*,*,#1666,.T.);
#1666 = EDGE_CURVE('',#1657,#1667,#1669,.T.);
#1667 = VERTEX_POINT('',#1668);
#1668 = CARTESIAN_POINT('',(2.18,-0.32,1.5));
#1669 = LINE('',#1670,#1671);
#1670 = CARTESIAN_POINT('',(2.34,-0.32,1.5));
#1671 = VECTOR('',#1672,1.);
#1672 = DIRECTION('',(-1.,0.,-2.435022631619E-32));
#1673 = ORIENTED_EDGE('',*,*,#1674,.T.);
#1674 = EDGE_CURVE('',#1667,#1675,#1677,.T.);
#1675 = VERTEX_POINT('',#1676);
#1676 = CARTESIAN_POINT('',(2.18,0.32,1.5));
#1677 = LINE('',#1678,#1679);
#1678 = CARTESIAN_POINT('',(2.18,7.399425287356E-02,1.5));
#1679 = VECTOR('',#1680,1.);
#1680 = DIRECTION('',(0.,1.,2.163574697384E-31));
#1681 = ORIENTED_EDGE('',*,*,#1682,.T.);
#1682 = EDGE_CURVE('',#1675,#1659,#1683,.T.);
#1683 = LINE('',#1684,#1685);
#1684 = CARTESIAN_POINT('',(2.34,0.32,1.5));
#1685 = VECTOR('',#1686,1.);
#1686 = DIRECTION('',(1.,0.,2.435022631619E-32));
#1687 = FACE_BOUND('',#1688,.T.);
#1688 = EDGE_LOOP('',(#1689,#1699,#1707,#1715));
#1689 = ORIENTED_EDGE('',*,*,#1690,.T.);
#1690 = EDGE_CURVE('',#1691,#1693,#1695,.T.);
#1691 = VERTEX_POINT('',#1692);
#1692 = CARTESIAN_POINT('',(0.32,-0.32,1.5));
#1693 = VERTEX_POINT('',#1694);
#1694 = CARTESIAN_POINT('',(-0.32,-0.32,1.5));
#1695 = LINE('',#1696,#1697);
#1696 = CARTESIAN_POINT('',(1.09,-0.32,1.5));
#1697 = VECTOR('',#1698,1.);
#1698 = DIRECTION('',(-1.,0.,-2.435022631619E-32));
#1699 = ORIENTED_EDGE('',*,*,#1700,.T.);
#1700 = EDGE_CURVE('',#1693,#1701,#1703,.T.);
#1701 = VERTEX_POINT('',#1702);
#1702 = CARTESIAN_POINT('',(-0.32,0.32,1.5));
#1703 = LINE('',#1704,#1705);
#1704 = CARTESIAN_POINT('',(-0.32,5.245681847713E-02,1.5));
#1705 = VECTOR('',#1706,1.);
#1706 = DIRECTION('',(0.,1.,2.163574697384E-31));
#1707 = ORIENTED_EDGE('',*,*,#1708,.T.);
#1708 = EDGE_CURVE('',#1701,#1709,#1711,.T.);
#1709 = VERTEX_POINT('',#1710);
#1710 = CARTESIAN_POINT('',(0.32,0.32,1.5));
#1711 = LINE('',#1712,#1713);
#1712 = CARTESIAN_POINT('',(1.09,0.32,1.5));
#1713 = VECTOR('',#1714,1.);
#1714 = DIRECTION('',(1.,0.,2.435022631619E-32));
#1715 = ORIENTED_EDGE('',*,*,#1716,.F.);
#1716 = EDGE_CURVE('',#1691,#1709,#1717,.T.);
#1717 = LINE('',#1718,#1719);
#1718 = CARTESIAN_POINT('',(0.32,5.245681847713E-02,1.5));
#1719 = VECTOR('',#1720,1.);
#1720 = DIRECTION('',(0.,1.,2.163574697384E-31));
#1721 = PLANE('',#1722);
#1722 = AXIS2_PLACEMENT_3D('',#1723,#1724,#1725);
#1723 = CARTESIAN_POINT('',(2.5,0.147988505747,1.5));
#1724 = DIRECTION('',(-2.435022631619E-32,-2.163574697384E-31,1.));
#1725 = DIRECTION('',(0.,1.,2.163574697384E-31));
#1726 = ADVANCED_FACE('',(#1727),#1738,.F.);
#1727 = FACE_BOUND('',#1728,.F.);
#1728 = EDGE_LOOP('',(#1729,#1730,#1731,#1732));
#1729 = ORIENTED_EDGE('',*,*,#762,.F.);
#1730 = ORIENTED_EDGE('',*,*,#1535,.T.);
#1731 = ORIENTED_EDGE('',*,*,#666,.T.);
#1732 = ORIENTED_EDGE('',*,*,#1733,.F.);
#1733 = EDGE_CURVE('',#755,#659,#1734,.T.);
#1734 = LINE('',#1735,#1736);
#1735 = CARTESIAN_POINT('',(-2.5,-0.9,4.1));
#1736 = VECTOR('',#1737,1.);
#1737 = DIRECTION('',(1.,0.,0.));
#1738 = PLANE('',#1739);
#1739 = AXIS2_PLACEMENT_3D('',#1740,#1741,#1742);
#1740 = CARTESIAN_POINT('',(-2.5,-0.6,1.5));
#1741 = DIRECTION('',(0.,-0.993408935871,-0.114624107985));
#1742 = DIRECTION('',(0.,-0.114624107985,0.993408935871));
#1743 = ADVANCED_FACE('',(#1744),#1755,.F.);
#1744 = FACE_BOUND('',#1745,.F.);
#1745 = EDGE_LOOP('',(#1746,#1747,#1748,#1749));
#1746 = ORIENTED_EDGE('',*,*,#754,.F.);
#1747 = ORIENTED_EDGE('',*,*,#1733,.T.);
#1748 = ORIENTED_EDGE('',*,*,#658,.T.);
#1749 = ORIENTED_EDGE('',*,*,#1750,.F.);
#1750 = EDGE_CURVE('',#747,#651,#1751,.T.);
#1751 = LINE('',#1752,#1753);
#1752 = CARTESIAN_POINT('',(-2.5,-0.6,4.3));
#1753 = VECTOR('',#1754,1.);
#1754 = DIRECTION('',(1.,0.,0.));
#1755 = PLANE('',#1756);
#1756 = AXIS2_PLACEMENT_3D('',#1757,#1758,#1759);
#1757 = CARTESIAN_POINT('',(-2.5,-0.9,4.1));
#1758 = DIRECTION('',(0.,-0.554700196225,0.832050294338));
#1759 = DIRECTION('',(0.,0.832050294338,0.554700196225));
#1760 = ADVANCED_FACE('',(#1761),#1772,.F.);
#1761 = FACE_BOUND('',#1762,.F.);
#1762 = EDGE_LOOP('',(#1763,#1764,#1765,#1766));
#1763 = ORIENTED_EDGE('',*,*,#746,.F.);
#1764 = ORIENTED_EDGE('',*,*,#1750,.T.);
#1765 = ORIENTED_EDGE('',*,*,#650,.T.);
#1766 = ORIENTED_EDGE('',*,*,#1767,.F.);
#1767 = EDGE_CURVE('',#739,#643,#1768,.T.);
#1768 = LINE('',#1769,#1770);
#1769 = CARTESIAN_POINT('',(-2.5,-0.6,4.5));
#1770 = VECTOR('',#1771,1.);
#1771 = DIRECTION('',(1.,0.,0.));
#1772 = PLANE('',#1773);
#1773 = AXIS2_PLACEMENT_3D('',#1774,#1775,#1776);
#1774 = CARTESIAN_POINT('',(-2.5,-0.6,4.3));
#1775 = DIRECTION('',(0.,-1.,0.));
#1776 = DIRECTION('',(0.,0.,1.));
#1777 = ADVANCED_FACE('',(#1778),#1784,.F.);
#1778 = FACE_BOUND('',#1779,.F.);
#1779 = EDGE_LOOP('',(#1780,#1781,#1782,#1783));
#1780 = ORIENTED_EDGE('',*,*,#738,.F.);
#1781 = ORIENTED_EDGE('',*,*,#1767,.T.);
#1782 = ORIENTED_EDGE('',*,*,#642,.T.);
#1783 = ORIENTED_EDGE('',*,*,#720,.F.);
#1784 = PLANE('',#1785);
#1785 = AXIS2_PLACEMENT_3D('',#1786,#1787,#1788);
#1786 = CARTESIAN_POINT('',(-2.5,-0.6,4.5));
#1787 = DIRECTION('',(0.,-0.759256602365,-0.650791373456));
#1788 = DIRECTION('',(0.,-0.650791373456,0.759256602365));
#1789 = ADVANCED_FACE('',(#1790),#1796,.T.);
#1790 = FACE_BOUND('',#1791,.T.);
#1791 = EDGE_LOOP('',(#1792,#1793,#1794,#1795));
#1792 = ORIENTED_EDGE('',*,*,#802,.T.);
#1793 = ORIENTED_EDGE('',*,*,#778,.T.);
#1794 = ORIENTED_EDGE('',*,*,#1613,.F.);
#1795 = ORIENTED_EDGE('',*,*,#826,.F.);
#1796 = PLANE('',#1797);
#1797 = AXIS2_PLACEMENT_3D('',#1798,#1799,#1800);
#1798 = CARTESIAN_POINT('',(-1.5,-1.2,1.1));
#1799 = DIRECTION('',(0.,-0.707106781187,0.707106781187));
#1800 = DIRECTION('',(0.,0.707106781187,0.707106781187));
#1801 = ADVANCED_FACE('',(#1802),#1813,.F.);
#1802 = FACE_BOUND('',#1803,.F.);
#1803 = EDGE_LOOP('',(#1804,#1805,#1811,#1812));
#1804 = ORIENTED_EDGE('',*,*,#969,.F.);
#1805 = ORIENTED_EDGE('',*,*,#1806,.T.);
#1806 = EDGE_CURVE('',#962,#859,#1807,.T.);
#1807 = LINE('',#1808,#1809);
#1808 = CARTESIAN_POINT('',(-2.5,-0.6,4.5));
#1809 = VECTOR('',#1810,1.);
#1810 = DIRECTION('',(1.,0.,0.));
#1811 = ORIENTED_EDGE('',*,*,#866,.F.);
#1812 = ORIENTED_EDGE('',*,*,#896,.F.);
#1813 = PLANE('',#1814);
#1814 = AXIS2_PLACEMENT_3D('',#1815,#1816,#1817);
#1815 = CARTESIAN_POINT('',(-2.5,-0.6,4.5));
#1816 = DIRECTION('',(0.,-0.759256602365,-0.650791373456));
#1817 = DIRECTION('',(0.,-0.650791373456,0.759256602365));
#1818 = ADVANCED_FACE('',(#1819),#1830,.F.);
#1819 = FACE_BOUND('',#1820,.F.);
#1820 = EDGE_LOOP('',(#1821,#1822,#1828,#1829));
#1821 = ORIENTED_EDGE('',*,*,#961,.F.);
#1822 = ORIENTED_EDGE('',*,*,#1823,.T.);
#1823 = EDGE_CURVE('',#954,#851,#1824,.T.);
#1824 = LINE('',#1825,#1826);
#1825 = CARTESIAN_POINT('',(-2.5,-0.6,4.3));
#1826 = VECTOR('',#1827,1.);
#1827 = DIRECTION('',(1.,0.,0.));
#1828 = ORIENTED_EDGE('',*,*,#858,.F.);
#1829 = ORIENTED_EDGE('',*,*,#1806,.F.);
#1830 = PLANE('',#1831);
#1831 = AXIS2_PLACEMENT_3D('',#1832,#1833,#1834);
#1832 = CARTESIAN_POINT('',(-2.5,-0.6,4.3));
#1833 = DIRECTION('',(0.,-1.,0.));
#1834 = DIRECTION('',(0.,0.,1.));
#1835 = ADVANCED_FACE('',(#1836),#1847,.F.);
#1836 = FACE_BOUND('',#1837,.F.);
#1837 = EDGE_LOOP('',(#1838,#1839,#1845,#1846));
#1838 = ORIENTED_EDGE('',*,*,#953,.F.);
#1839 = ORIENTED_EDGE('',*,*,#1840,.T.);
#1840 = EDGE_CURVE('',#946,#843,#1841,.T.);
#1841 = LINE('',#1842,#1843);
#1842 = CARTESIAN_POINT('',(-2.5,-0.9,4.1));
#1843 = VECTOR('',#1844,1.);
#1844 = DIRECTION('',(1.,0.,0.));
#1845 = ORIENTED_EDGE('',*,*,#850,.F.);
#1846 = ORIENTED_EDGE('',*,*,#1823,.F.);
#1847 = PLANE('',#1848);
#1848 = AXIS2_PLACEMENT_3D('',#1849,#1850,#1851);
#1849 = CARTESIAN_POINT('',(-2.5,-0.9,4.1));
#1850 = DIRECTION('',(0.,-0.554700196225,0.832050294338));
#1851 = DIRECTION('',(0.,0.832050294338,0.554700196225));
#1852 = ADVANCED_FACE('',(#1853),#1859,.F.);
#1853 = FACE_BOUND('',#1854,.F.);
#1854 = EDGE_LOOP('',(#1855,#1856,#1857,#1858));
#1855 = ORIENTED_EDGE('',*,*,#945,.F.);
#1856 = ORIENTED_EDGE('',*,*,#1606,.T.);
#1857 = ORIENTED_EDGE('',*,*,#842,.F.);
#1858 = ORIENTED_EDGE('',*,*,#1840,.F.);
#1859 = PLANE('',#1860);
#1860 = AXIS2_PLACEMENT_3D('',#1861,#1862,#1863);
#1861 = CARTESIAN_POINT('',(-2.5,-0.6,1.5));
#1862 = DIRECTION('',(0.,-0.993408935871,-0.114624107985));
#1863 = DIRECTION('',(0.,-0.114624107985,0.993408935871));
#1864 = ADVANCED_FACE('',(#1865),#1876,.F.);
#1865 = FACE_BOUND('',#1866,.F.);
#1866 = EDGE_LOOP('',(#1867,#1868,#1869,#1875));
#1867 = ORIENTED_EDGE('',*,*,#929,.F.);
#1868 = ORIENTED_EDGE('',*,*,#1432,.T.);
#1869 = ORIENTED_EDGE('',*,*,#1870,.F.);
#1870 = EDGE_CURVE('',#1592,#1433,#1871,.T.);
#1871 = LINE('',#1872,#1873);
#1872 = CARTESIAN_POINT('',(-1.5,-0.2,4.813884850592));
#1873 = VECTOR('',#1874,1.);
#1874 = DIRECTION('',(1.762255155449E-32,0.,1.));
#1875 = ORIENTED_EDGE('',*,*,#1599,.F.);
#1876 = PLANE('',#1877);
#1877 = AXIS2_PLACEMENT_3D('',#1878,#1879,#1880);
#1878 = CARTESIAN_POINT('',(-2.5,-0.2,6.));
#1879 = DIRECTION('',(0.,1.,0.));
#1880 = DIRECTION('',(0.,0.,-1.));
#1881 = ADVANCED_FACE('',(#1882),#1893,.F.);
#1882 = FACE_BOUND('',#1883,.F.);
#1883 = EDGE_LOOP('',(#1884,#1885,#1886,#1892));
#1884 = ORIENTED_EDGE('',*,*,#1031,.T.);
#1885 = ORIENTED_EDGE('',*,*,#1079,.T.);
#1886 = ORIENTED_EDGE('',*,*,#1887,.F.);
#1887 = EDGE_CURVE('',#1153,#1080,#1888,.T.);
#1888 = LINE('',#1889,#1890);
#1889 = CARTESIAN_POINT('',(-0.32,-0.62,-1.3));
#1890 = VECTOR('',#1891,1.);
#1891 = DIRECTION('',(1.,0.,0.));
#1892 = ORIENTED_EDGE('',*,*,#1152,.F.);
#1893 = PLANE('',#1894);
#1894 = AXIS2_PLACEMENT_3D('',#1895,#1896,#1897);
#1895 = CARTESIAN_POINT('',(-0.32,-0.32,-0.7));
#1896 = DIRECTION('',(0.,0.894427191,-0.4472135955));
#1897 = DIRECTION('',(0.,-0.4472135955,-0.894427191));
#1898 = ADVANCED_FACE('',(#1899),#1940,.F.);
#1899 = FACE_BOUND('',#1900,.T.);
#1900 = EDGE_LOOP('',(#1901,#1911,#1919,#1927,#1933,#1934));
#1901 = ORIENTED_EDGE('',*,*,#1902,.F.);
#1902 = EDGE_CURVE('',#1903,#1905,#1907,.T.);
#1903 = VERTEX_POINT('',#1904);
#1904 = CARTESIAN_POINT('',(0.12,-0.12,-3.2));
#1905 = VERTEX_POINT('',#1906);
#1906 = CARTESIAN_POINT('',(0.317552593066,-0.351192514695,
    -3.002447406934));
#1907 = LINE('',#1908,#1909);
#1908 = CARTESIAN_POINT('',(0.153849098111,-0.159613036666,
    -3.166150901889));
#1909 = VECTOR('',#1910,1.);
#1910 = DIRECTION('',(0.544770019249,-0.63753529491,0.544770019249));
#1911 = ORIENTED_EDGE('',*,*,#1912,.T.);
#1912 = EDGE_CURVE('',#1903,#1913,#1915,.T.);
#1913 = VERTEX_POINT('',#1914);
#1914 = CARTESIAN_POINT('',(0.12,0.12,-3.2));
#1915 = LINE('',#1916,#1917);
#1916 = CARTESIAN_POINT('',(0.12,-0.32,-3.2));
#1917 = VECTOR('',#1918,1.);
#1918 = DIRECTION('',(0.,1.,0.));
#1919 = ORIENTED_EDGE('',*,*,#1920,.T.);
#1920 = EDGE_CURVE('',#1913,#1921,#1923,.T.);
#1921 = VERTEX_POINT('',#1922);
#1922 = CARTESIAN_POINT('',(0.317552593066,0.288807485305,
    -3.002447406934));
#1923 = LINE('',#1924,#1925);
#1924 = CARTESIAN_POINT('',(3.848855660758E-02,5.034896900541E-02,
    -3.281511443392));
#1925 = VECTOR('',#1926,1.);
#1926 = DIRECTION('',(0.605209817607,0.517148096144,0.605209817607));
#1927 = ORIENTED_EDGE('',*,*,#1928,.T.);
#1928 = EDGE_CURVE('',#1921,#1048,#1929,.T.);
#1929 = LINE('',#1930,#1931);
#1930 = CARTESIAN_POINT('',(8.569083447332E-02,0.325417236662,
    -3.234309165527));
#1931 = VECTOR('',#1932,1.);
#1932 = DIRECTION('',(0.702740385383,-0.110959008218,0.702740385383));
#1933 = ORIENTED_EDGE('',*,*,#1045,.F.);
#1934 = ORIENTED_EDGE('',*,*,#1935,.F.);
#1935 = EDGE_CURVE('',#1905,#1046,#1936,.T.);
#1936 = LINE('',#1937,#1938);
#1937 = CARTESIAN_POINT('',(0.541586867305,-0.386566347469,
    -2.778413132695));
#1938 = VECTOR('',#1939,1.);
#1939 = DIRECTION('',(0.702740385383,-0.110959008218,0.702740385383));
#1940 = PLANE('',#1941);
#1941 = AXIS2_PLACEMENT_3D('',#1942,#1943,#1944);
#1942 = CARTESIAN_POINT('',(0.22,-0.32,-3.1));
#1943 = DIRECTION('',(-0.707106781187,1.735417226644E-18,0.707106781187)
  );
#1944 = DIRECTION('',(-1.227125289148E-18,-1.,1.227125289148E-18));
#1945 = ADVANCED_FACE('',(#1946),#1966,.F.);
#1946 = FACE_BOUND('',#1947,.F.);
#1947 = EDGE_LOOP('',(#1948,#1949,#1950,#1951,#1952,#1960));
#1948 = ORIENTED_EDGE('',*,*,#1160,.F.);
#1949 = ORIENTED_EDGE('',*,*,#1887,.T.);
#1950 = ORIENTED_EDGE('',*,*,#1087,.T.);
#1951 = ORIENTED_EDGE('',*,*,#1935,.F.);
#1952 = ORIENTED_EDGE('',*,*,#1953,.F.);
#1953 = EDGE_CURVE('',#1954,#1905,#1956,.T.);
#1954 = VERTEX_POINT('',#1955);
#1955 = CARTESIAN_POINT('',(-0.317552593066,-0.351192514695,
    -3.002447406934));
#1956 = LINE('',#1957,#1958);
#1957 = CARTESIAN_POINT('',(-0.32,-0.351192514695,-3.002447406934));
#1958 = VECTOR('',#1959,1.);
#1959 = DIRECTION('',(1.,0.,0.));
#1960 = ORIENTED_EDGE('',*,*,#1961,.T.);
#1961 = EDGE_CURVE('',#1954,#1126,#1962,.T.);
#1962 = LINE('',#1963,#1964);
#1963 = CARTESIAN_POINT('',(-0.699616963064,-0.411518467852,
    -2.620383036936));
#1964 = VECTOR('',#1965,1.);
#1965 = DIRECTION('',(-0.702740385383,-0.110959008218,0.702740385383));
#1966 = PLANE('',#1967);
#1967 = AXIS2_PLACEMENT_3D('',#1968,#1969,#1970);
#1968 = CARTESIAN_POINT('',(-0.32,-0.62,-1.3));
#1969 = DIRECTION('',(0.,0.987762965329,0.155962573473));
#1970 = DIRECTION('',(0.,0.155962573473,-0.987762965329));
#1971 = ADVANCED_FACE('',(#1972),#1983,.F.);
#1972 = FACE_BOUND('',#1973,.F.);
#1973 = EDGE_LOOP('',(#1974,#1980,#1981,#1982));
#1974 = ORIENTED_EDGE('',*,*,#1975,.T.);
#1975 = EDGE_CURVE('',#1136,#1056,#1976,.T.);
#1976 = LINE('',#1977,#1978);
#1977 = CARTESIAN_POINT('',(-0.32,2.E-02,-1.3));
#1978 = VECTOR('',#1979,1.);
#1979 = DIRECTION('',(1.,0.,0.));
#1980 = ORIENTED_EDGE('',*,*,#1063,.T.);
#1981 = ORIENTED_EDGE('',*,*,#1109,.F.);
#1982 = ORIENTED_EDGE('',*,*,#1143,.F.);
#1983 = PLANE('',#1984);
#1984 = AXIS2_PLACEMENT_3D('',#1985,#1986,#1987);
#1985 = CARTESIAN_POINT('',(-0.32,2.E-02,-1.3));
#1986 = DIRECTION('',(0.,-0.894427191,0.4472135955));
#1987 = DIRECTION('',(0.,0.4472135955,0.894427191));
#1988 = ADVANCED_FACE('',(#1989),#2009,.F.);
#1989 = FACE_BOUND('',#1990,.F.);
#1990 = EDGE_LOOP('',(#1991,#1992,#2000,#2006,#2007,#2008));
#1991 = ORIENTED_EDGE('',*,*,#1135,.F.);
#1992 = ORIENTED_EDGE('',*,*,#1993,.F.);
#1993 = EDGE_CURVE('',#1994,#1128,#1996,.T.);
#1994 = VERTEX_POINT('',#1995);
#1995 = CARTESIAN_POINT('',(-0.317552593066,0.288807485305,
    -3.002447406934));
#1996 = LINE('',#1997,#1998);
#1997 = CARTESIAN_POINT('',(-0.243720930233,0.300465116279,
    -3.076279069767));
#1998 = VECTOR('',#1999,1.);
#1999 = DIRECTION('',(-0.702740385383,-0.110959008218,0.702740385383));
#2000 = ORIENTED_EDGE('',*,*,#2001,.T.);
#2001 = EDGE_CURVE('',#1994,#1921,#2002,.T.);
#2002 = LINE('',#2003,#2004);
#2003 = CARTESIAN_POINT('',(-0.32,0.288807485305,-3.002447406934));
#2004 = VECTOR('',#2005,1.);
#2005 = DIRECTION('',(1.,0.,0.));
#2006 = ORIENTED_EDGE('',*,*,#1928,.T.);
#2007 = ORIENTED_EDGE('',*,*,#1055,.T.);
#2008 = ORIENTED_EDGE('',*,*,#1975,.F.);
#2009 = PLANE('',#2010);
#2010 = AXIS2_PLACEMENT_3D('',#2011,#2012,#2013);
#2011 = CARTESIAN_POINT('',(-0.32,0.32,-3.2));
#2012 = DIRECTION('',(0.,-0.987762965329,-0.155962573473));
#2013 = DIRECTION('',(0.,-0.155962573473,0.987762965329));
#2014 = ADVANCED_FACE('',(#2015),#2042,.T.);
#2015 = FACE_BOUND('',#2016,.F.);
#2016 = EDGE_LOOP('',(#2017,#2025,#2033,#2039,#2040,#2041));
#2017 = ORIENTED_EDGE('',*,*,#2018,.F.);
#2018 = EDGE_CURVE('',#2019,#1954,#2021,.T.);
#2019 = VERTEX_POINT('',#2020);
#2020 = CARTESIAN_POINT('',(-0.12,-0.12,-3.2));
#2021 = LINE('',#2022,#2023);
#2022 = CARTESIAN_POINT('',(-0.24881689775,-0.270752273427,
    -3.07118310225));
#2023 = VECTOR('',#2024,1.);
#2024 = DIRECTION('',(-0.544770019249,-0.63753529491,0.544770019249));
#2025 = ORIENTED_EDGE('',*,*,#2026,.T.);
#2026 = EDGE_CURVE('',#2019,#2027,#2029,.T.);
#2027 = VERTEX_POINT('',#2028);
#2028 = CARTESIAN_POINT('',(-0.12,0.12,-3.2));
#2029 = LINE('',#2030,#2031);
#2030 = CARTESIAN_POINT('',(-0.12,-0.32,-3.2));
#2031 = VECTOR('',#2032,1.);
#2032 = DIRECTION('',(0.,1.,0.));
#2033 = ORIENTED_EDGE('',*,*,#2034,.T.);
#2034 = EDGE_CURVE('',#2027,#1994,#2035,.T.);
#2035 = LINE('',#2036,#2037);
#2036 = CARTESIAN_POINT('',(-0.155697812072,0.150503562587,
    -3.164302187928));
#2037 = VECTOR('',#2038,1.);
#2038 = DIRECTION('',(-0.605209817607,0.517148096144,0.605209817607));
#2039 = ORIENTED_EDGE('',*,*,#1993,.T.);
#2040 = ORIENTED_EDGE('',*,*,#1125,.F.);
#2041 = ORIENTED_EDGE('',*,*,#1961,.F.);
#2042 = PLANE('',#2043);
#2043 = AXIS2_PLACEMENT_3D('',#2044,#2045,#2046);
#2044 = CARTESIAN_POINT('',(-0.22,-0.32,-3.1));
#2045 = DIRECTION('',(-0.707106781187,-1.735417226644E-18,
    -0.707106781187));
#2046 = DIRECTION('',(1.227125289148E-18,-1.,1.227125289148E-18));
#2047 = ADVANCED_FACE('',(#2048),#2073,.F.);
#2048 = FACE_BOUND('',#2049,.T.);
#2049 = EDGE_LOOP('',(#2050,#2058,#2066,#2072));
#2050 = ORIENTED_EDGE('',*,*,#2051,.F.);
#2051 = EDGE_CURVE('',#2052,#1175,#2054,.T.);
#2052 = VERTEX_POINT('',#2053);
#2053 = CARTESIAN_POINT('',(2.62,-0.12,-3.2));
#2054 = LINE('',#2055,#2056);
#2055 = CARTESIAN_POINT('',(2.646666666667,-0.146666666667,
    -3.173333333333));
#2056 = VECTOR('',#2057,1.);
#2057 = DIRECTION('',(0.57735026919,-0.57735026919,0.57735026919));
#2058 = ORIENTED_EDGE('',*,*,#2059,.T.);
#2059 = EDGE_CURVE('',#2052,#2060,#2062,.T.);
#2060 = VERTEX_POINT('',#2061);
#2061 = CARTESIAN_POINT('',(2.62,0.12,-3.2));
#2062 = LINE('',#2063,#2064);
#2063 = CARTESIAN_POINT('',(2.62,-0.32,-3.2));
#2064 = VECTOR('',#2065,1.);
#2065 = DIRECTION('',(0.,1.,0.));
#2066 = ORIENTED_EDGE('',*,*,#2067,.T.);
#2067 = EDGE_CURVE('',#2060,#1177,#2068,.T.);
#2068 = LINE('',#2069,#2070);
#2069 = CARTESIAN_POINT('',(2.54,4.E-02,-3.28));
#2070 = VECTOR('',#2071,1.);
#2071 = DIRECTION('',(0.57735026919,0.57735026919,0.57735026919));
#2072 = ORIENTED_EDGE('',*,*,#1174,.F.);
#2073 = PLANE('',#2074);
#2074 = AXIS2_PLACEMENT_3D('',#2075,#2076,#2077);
#2075 = CARTESIAN_POINT('',(2.72,-0.32,-3.1));
#2076 = DIRECTION('',(-0.707106781187,1.735417226644E-18,0.707106781187)
  );
#2077 = DIRECTION('',(-1.227125289148E-18,-1.,1.227125289148E-18));
#2078 = ADVANCED_FACE('',(#2079),#2097,.T.);
#2079 = FACE_BOUND('',#2080,.F.);
#2080 = EDGE_LOOP('',(#2081,#2089,#2095,#2096));
#2081 = ORIENTED_EDGE('',*,*,#2082,.F.);
#2082 = EDGE_CURVE('',#2083,#1206,#2085,.T.);
#2083 = VERTEX_POINT('',#2084);
#2084 = CARTESIAN_POINT('',(2.38,0.12,-3.2));
#2085 = LINE('',#2086,#2087);
#2086 = CARTESIAN_POINT('',(2.353333333333,0.146666666667,
    -3.173333333333));
#2087 = VECTOR('',#2088,1.);
#2088 = DIRECTION('',(-0.57735026919,0.57735026919,0.57735026919));
#2089 = ORIENTED_EDGE('',*,*,#2090,.T.);
#2090 = EDGE_CURVE('',#2083,#2060,#2091,.T.);
#2091 = LINE('',#2092,#2093);
#2092 = CARTESIAN_POINT('',(2.18,0.12,-3.2));
#2093 = VECTOR('',#2094,1.);
#2094 = DIRECTION('',(1.,0.,0.));
#2095 = ORIENTED_EDGE('',*,*,#2067,.T.);
#2096 = ORIENTED_EDGE('',*,*,#1213,.F.);
#2097 = PLANE('',#2098);
#2098 = AXIS2_PLACEMENT_3D('',#2099,#2100,#2101);
#2099 = CARTESIAN_POINT('',(2.18,0.22,-3.1));
#2100 = DIRECTION('',(-1.735417226644E-18,0.707106781187,-0.707106781187
    ));
#2101 = DIRECTION('',(-1.,-1.227125289148E-18,1.227125289148E-18));
#2102 = ADVANCED_FACE('',(#2103),#2121,.T.);
#2103 = FACE_BOUND('',#2104,.F.);
#2104 = EDGE_LOOP('',(#2105,#2113,#2119,#2120));
#2105 = ORIENTED_EDGE('',*,*,#2106,.F.);
#2106 = EDGE_CURVE('',#2107,#1230,#2109,.T.);
#2107 = VERTEX_POINT('',#2108);
#2108 = CARTESIAN_POINT('',(2.38,-0.12,-3.2));
#2109 = LINE('',#2110,#2111);
#2110 = CARTESIAN_POINT('',(2.246666666667,-0.253333333333,
    -3.066666666667));
#2111 = VECTOR('',#2112,1.);
#2112 = DIRECTION('',(-0.57735026919,-0.57735026919,0.57735026919));
#2113 = ORIENTED_EDGE('',*,*,#2114,.T.);
#2114 = EDGE_CURVE('',#2107,#2083,#2115,.T.);
#2115 = LINE('',#2116,#2117);
#2116 = CARTESIAN_POINT('',(2.38,-0.32,-3.2));
#2117 = VECTOR('',#2118,1.);
#2118 = DIRECTION('',(0.,1.,0.));
#2119 = ORIENTED_EDGE('',*,*,#2082,.T.);
#2120 = ORIENTED_EDGE('',*,*,#1229,.F.);
#2121 = PLANE('',#2122);
#2122 = AXIS2_PLACEMENT_3D('',#2123,#2124,#2125);
#2123 = CARTESIAN_POINT('',(2.28,-0.32,-3.1));
#2124 = DIRECTION('',(-0.707106781187,-1.735417226644E-18,
    -0.707106781187));
#2125 = DIRECTION('',(1.227125289148E-18,-1.,1.227125289148E-18));
#2126 = ADVANCED_FACE('',(#2127),#2138,.T.);
#2127 = FACE_BOUND('',#2128,.T.);
#2128 = EDGE_LOOP('',(#2129,#2130,#2136,#2137));
#2129 = ORIENTED_EDGE('',*,*,#2106,.F.);
#2130 = ORIENTED_EDGE('',*,*,#2131,.T.);
#2131 = EDGE_CURVE('',#2107,#2052,#2132,.T.);
#2132 = LINE('',#2133,#2134);
#2133 = CARTESIAN_POINT('',(2.18,-0.12,-3.2));
#2134 = VECTOR('',#2135,1.);
#2135 = DIRECTION('',(1.,0.,0.));
#2136 = ORIENTED_EDGE('',*,*,#2051,.T.);
#2137 = ORIENTED_EDGE('',*,*,#1256,.F.);
#2138 = PLANE('',#2139);
#2139 = AXIS2_PLACEMENT_3D('',#2140,#2141,#2142);
#2140 = CARTESIAN_POINT('',(2.18,-0.22,-3.1));
#2141 = DIRECTION('',(1.735417226644E-18,-0.707106781187,-0.707106781187
    ));
#2142 = DIRECTION('',(1.,1.227125289148E-18,1.227125289148E-18));
#2143 = ADVANCED_FACE('',(#2144),#2155,.F.);
#2144 = FACE_BOUND('',#2145,.F.);
#2145 = EDGE_LOOP('',(#2146,#2147,#2148,#2154));
#2146 = ORIENTED_EDGE('',*,*,#1287,.T.);
#2147 = ORIENTED_EDGE('',*,*,#1335,.T.);
#2148 = ORIENTED_EDGE('',*,*,#2149,.F.);
#2149 = EDGE_CURVE('',#1409,#1336,#2150,.T.);
#2150 = LINE('',#2151,#2152);
#2151 = CARTESIAN_POINT('',(4.68,-0.62,-1.3));
#2152 = VECTOR('',#2153,1.);
#2153 = DIRECTION('',(1.,0.,0.));
#2154 = ORIENTED_EDGE('',*,*,#1408,.F.);
#2155 = PLANE('',#2156);
#2156 = AXIS2_PLACEMENT_3D('',#2157,#2158,#2159);
#2157 = CARTESIAN_POINT('',(4.68,-0.32,-0.7));
#2158 = DIRECTION('',(0.,0.894427191,-0.4472135955));
#2159 = DIRECTION('',(0.,-0.4472135955,-0.894427191));
#2160 = ADVANCED_FACE('',(#2161),#2202,.F.);
#2161 = FACE_BOUND('',#2162,.T.);
#2162 = EDGE_LOOP('',(#2163,#2173,#2181,#2189,#2195,#2196));
#2163 = ORIENTED_EDGE('',*,*,#2164,.F.);
#2164 = EDGE_CURVE('',#2165,#2167,#2169,.T.);
#2165 = VERTEX_POINT('',#2166);
#2166 = CARTESIAN_POINT('',(5.12,-0.12,-3.2));
#2167 = VERTEX_POINT('',#2168);
#2168 = CARTESIAN_POINT('',(5.317552593066,-0.351192514695,
    -3.002447406934));
#2169 = LINE('',#2170,#2171);
#2170 = CARTESIAN_POINT('',(5.153849098111,-0.159613036666,
    -3.166150901889));
#2171 = VECTOR('',#2172,1.);
#2172 = DIRECTION('',(0.544770019249,-0.63753529491,0.544770019249));
#2173 = ORIENTED_EDGE('',*,*,#2174,.T.);
#2174 = EDGE_CURVE('',#2165,#2175,#2177,.T.);
#2175 = VERTEX_POINT('',#2176);
#2176 = CARTESIAN_POINT('',(5.12,0.12,-3.2));
#2177 = LINE('',#2178,#2179);
#2178 = CARTESIAN_POINT('',(5.12,-0.32,-3.2));
#2179 = VECTOR('',#2180,1.);
#2180 = DIRECTION('',(0.,1.,0.));
#2181 = ORIENTED_EDGE('',*,*,#2182,.T.);
#2182 = EDGE_CURVE('',#2175,#2183,#2185,.T.);
#2183 = VERTEX_POINT('',#2184);
#2184 = CARTESIAN_POINT('',(5.317552593066,0.288807485305,
    -3.002447406934));
#2185 = LINE('',#2186,#2187);
#2186 = CARTESIAN_POINT('',(5.038488556608,5.034896900541E-02,
    -3.281511443392));
#2187 = VECTOR('',#2188,1.);
#2188 = DIRECTION('',(0.605209817607,0.517148096144,0.605209817607));
#2189 = ORIENTED_EDGE('',*,*,#2190,.T.);
#2190 = EDGE_CURVE('',#2183,#1304,#2191,.T.);
#2191 = LINE('',#2192,#2193);
#2192 = CARTESIAN_POINT('',(5.085690834473,0.325417236662,
    -3.234309165527));
#2193 = VECTOR('',#2194,1.);
#2194 = DIRECTION('',(0.702740385383,-0.110959008218,0.702740385383));
#2195 = ORIENTED_EDGE('',*,*,#1301,.F.);
#2196 = ORIENTED_EDGE('',*,*,#2197,.F.);
#2197 = EDGE_CURVE('',#2167,#1302,#2198,.T.);
#2198 = LINE('',#2199,#2200);
#2199 = CARTESIAN_POINT('',(5.541586867305,-0.386566347469,
    -2.778413132695));
#2200 = VECTOR('',#2201,1.);
#2201 = DIRECTION('',(0.702740385383,-0.110959008218,0.702740385383));
#2202 = PLANE('',#2203);
#2203 = AXIS2_PLACEMENT_3D('',#2204,#2205,#2206);
#2204 = CARTESIAN_POINT('',(5.22,-0.32,-3.1));
#2205 = DIRECTION('',(-0.707106781187,1.735417226644E-18,0.707106781187)
  );
#2206 = DIRECTION('',(-1.227125289148E-18,-1.,1.227125289148E-18));
#2207 = ADVANCED_FACE('',(#2208),#2228,.F.);
#2208 = FACE_BOUND('',#2209,.F.);
#2209 = EDGE_LOOP('',(#2210,#2211,#2212,#2213,#2214,#2222));
#2210 = ORIENTED_EDGE('',*,*,#1416,.F.);
#2211 = ORIENTED_EDGE('',*,*,#2149,.T.);
#2212 = ORIENTED_EDGE('',*,*,#1343,.T.);
#2213 = ORIENTED_EDGE('',*,*,#2197,.F.);
#2214 = ORIENTED_EDGE('',*,*,#2215,.F.);
#2215 = EDGE_CURVE('',#2216,#2167,#2218,.T.);
#2216 = VERTEX_POINT('',#2217);
#2217 = CARTESIAN_POINT('',(4.682447406934,-0.351192514695,
    -3.002447406934));
#2218 = LINE('',#2219,#2220);
#2219 = CARTESIAN_POINT('',(4.68,-0.351192514695,-3.002447406934));
#2220 = VECTOR('',#2221,1.);
#2221 = DIRECTION('',(1.,0.,0.));
#2222 = ORIENTED_EDGE('',*,*,#2223,.T.);
#2223 = EDGE_CURVE('',#2216,#1382,#2224,.T.);
#2224 = LINE('',#2225,#2226);
#2225 = CARTESIAN_POINT('',(4.300383036936,-0.411518467852,
    -2.620383036936));
#2226 = VECTOR('',#2227,1.);
#2227 = DIRECTION('',(-0.702740385383,-0.110959008218,0.702740385383));
#2228 = PLANE('',#2229);
#2229 = AXIS2_PLACEMENT_3D('',#2230,#2231,#2232);
#2230 = CARTESIAN_POINT('',(4.68,-0.62,-1.3));
#2231 = DIRECTION('',(0.,0.987762965329,0.155962573473));
#2232 = DIRECTION('',(0.,0.155962573473,-0.987762965329));
#2233 = ADVANCED_FACE('',(#2234),#2245,.F.);
#2234 = FACE_BOUND('',#2235,.F.);
#2235 = EDGE_LOOP('',(#2236,#2242,#2243,#2244));
#2236 = ORIENTED_EDGE('',*,*,#2237,.T.);
#2237 = EDGE_CURVE('',#1392,#1312,#2238,.T.);
#2238 = LINE('',#2239,#2240);
#2239 = CARTESIAN_POINT('',(4.68,2.E-02,-1.3));
#2240 = VECTOR('',#2241,1.);
#2241 = DIRECTION('',(1.,0.,0.));
#2242 = ORIENTED_EDGE('',*,*,#1319,.T.);
#2243 = ORIENTED_EDGE('',*,*,#1365,.F.);
#2244 = ORIENTED_EDGE('',*,*,#1399,.F.);
#2245 = PLANE('',#2246);
#2246 = AXIS2_PLACEMENT_3D('',#2247,#2248,#2249);
#2247 = CARTESIAN_POINT('',(4.68,2.E-02,-1.3));
#2248 = DIRECTION('',(0.,-0.894427191,0.4472135955));
#2249 = DIRECTION('',(0.,0.4472135955,0.894427191));
#2250 = ADVANCED_FACE('',(#2251),#2271,.F.);
#2251 = FACE_BOUND('',#2252,.F.);
#2252 = EDGE_LOOP('',(#2253,#2254,#2262,#2268,#2269,#2270));
#2253 = ORIENTED_EDGE('',*,*,#1391,.F.);
#2254 = ORIENTED_EDGE('',*,*,#2255,.F.);
#2255 = EDGE_CURVE('',#2256,#1384,#2258,.T.);
#2256 = VERTEX_POINT('',#2257);
#2257 = CARTESIAN_POINT('',(4.682447406934,0.288807485305,
    -3.002447406934));
#2258 = LINE('',#2259,#2260);
#2259 = CARTESIAN_POINT('',(4.756279069767,0.300465116279,
    -3.076279069767));
#2260 = VECTOR('',#2261,1.);
#2261 = DIRECTION('',(-0.702740385383,-0.110959008218,0.702740385383));
#2262 = ORIENTED_EDGE('',*,*,#2263,.T.);
#2263 = EDGE_CURVE('',#2256,#2183,#2264,.T.);
#2264 = LINE('',#2265,#2266);
#2265 = CARTESIAN_POINT('',(4.68,0.288807485305,-3.002447406934));
#2266 = VECTOR('',#2267,1.);
#2267 = DIRECTION('',(1.,0.,0.));
#2268 = ORIENTED_EDGE('',*,*,#2190,.T.);
#2269 = ORIENTED_EDGE('',*,*,#1311,.T.);
#2270 = ORIENTED_EDGE('',*,*,#2237,.F.);
#2271 = PLANE('',#2272);
#2272 = AXIS2_PLACEMENT_3D('',#2273,#2274,#2275);
#2273 = CARTESIAN_POINT('',(4.68,0.32,-3.2));
#2274 = DIRECTION('',(0.,-0.987762965329,-0.155962573473));
#2275 = DIRECTION('',(0.,-0.155962573473,0.987762965329));
#2276 = ADVANCED_FACE('',(#2277),#2304,.T.);
#2277 = FACE_BOUND('',#2278,.F.);
#2278 = EDGE_LOOP('',(#2279,#2287,#2295,#2301,#2302,#2303));
#2279 = ORIENTED_EDGE('',*,*,#2280,.F.);
#2280 = EDGE_CURVE('',#2281,#2216,#2283,.T.);
#2281 = VERTEX_POINT('',#2282);
#2282 = CARTESIAN_POINT('',(4.88,-0.12,-3.2));
#2283 = LINE('',#2284,#2285);
#2284 = CARTESIAN_POINT('',(4.75118310225,-0.270752273427,-3.07118310225
    ));
#2285 = VECTOR('',#2286,1.);
#2286 = DIRECTION('',(-0.544770019249,-0.63753529491,0.544770019249));
#2287 = ORIENTED_EDGE('',*,*,#2288,.T.);
#2288 = EDGE_CURVE('',#2281,#2289,#2291,.T.);
#2289 = VERTEX_POINT('',#2290);
#2290 = CARTESIAN_POINT('',(4.88,0.12,-3.2));
#2291 = LINE('',#2292,#2293);
#2292 = CARTESIAN_POINT('',(4.88,-0.32,-3.2));
#2293 = VECTOR('',#2294,1.);
#2294 = DIRECTION('',(0.,1.,0.));
#2295 = ORIENTED_EDGE('',*,*,#2296,.T.);
#2296 = EDGE_CURVE('',#2289,#2256,#2297,.T.);
#2297 = LINE('',#2298,#2299);
#2298 = CARTESIAN_POINT('',(4.844302187928,0.150503562587,
    -3.164302187928));
#2299 = VECTOR('',#2300,1.);
#2300 = DIRECTION('',(-0.605209817607,0.517148096144,0.605209817607));
#2301 = ORIENTED_EDGE('',*,*,#2255,.T.);
#2302 = ORIENTED_EDGE('',*,*,#1381,.F.);
#2303 = ORIENTED_EDGE('',*,*,#2223,.F.);
#2304 = PLANE('',#2305);
#2305 = AXIS2_PLACEMENT_3D('',#2306,#2307,#2308);
#2306 = CARTESIAN_POINT('',(4.78,-0.32,-3.1));
#2307 = DIRECTION('',(-0.707106781187,-1.735417226644E-18,
    -0.707106781187));
#2308 = DIRECTION('',(1.227125289148E-18,-1.,1.227125289148E-18));
#2309 = ADVANCED_FACE('',(#2310),#2321,.T.);
#2310 = FACE_BOUND('',#2311,.T.);
#2311 = EDGE_LOOP('',(#2312,#2313,#2314,#2320));
#2312 = ORIENTED_EDGE('',*,*,#1511,.F.);
#2313 = ORIENTED_EDGE('',*,*,#1488,.T.);
#2314 = ORIENTED_EDGE('',*,*,#2315,.T.);
#2315 = EDGE_CURVE('',#1481,#1544,#2316,.T.);
#2316 = LINE('',#2317,#2318);
#2317 = CARTESIAN_POINT('',(6.5,0.65,6.));
#2318 = VECTOR('',#2319,1.);
#2319 = DIRECTION('',(-0.,-0.,-1.));
#2320 = ORIENTED_EDGE('',*,*,#1543,.F.);
#2321 = PLANE('',#2322);
#2322 = AXIS2_PLACEMENT_3D('',#2323,#2324,#2325);
#2323 = CARTESIAN_POINT('',(6.5,-0.814780671729,3.627769701184));
#2324 = DIRECTION('',(-1.,-8.024334182119E-32,-2.506668067558E-31));
#2325 = DIRECTION('',(2.506668067558E-31,0.,-1.));
#2326 = ADVANCED_FACE('',(#2327),#2338,.F.);
#2327 = FACE_BOUND('',#2328,.F.);
#2328 = EDGE_LOOP('',(#2329,#2330,#2331,#2337));
#2329 = ORIENTED_EDGE('',*,*,#2315,.T.);
#2330 = ORIENTED_EDGE('',*,*,#1551,.T.);
#2331 = ORIENTED_EDGE('',*,*,#2332,.F.);
#2332 = EDGE_CURVE('',#1473,#1552,#2333,.T.);
#2333 = LINE('',#2334,#2335);
#2334 = CARTESIAN_POINT('',(7.05,0.65,6.));
#2335 = VECTOR('',#2336,1.);
#2336 = DIRECTION('',(-0.,-0.,-1.));
#2337 = ORIENTED_EDGE('',*,*,#1480,.F.);
#2338 = PLANE('',#2339);
#2339 = AXIS2_PLACEMENT_3D('',#2340,#2341,#2342);
#2340 = CARTESIAN_POINT('',(6.5,0.65,6.));
#2341 = DIRECTION('',(0.,-1.,0.));
#2342 = DIRECTION('',(1.,0.,0.));
#2343 = ADVANCED_FACE('',(#2344),#2355,.F.);
#2344 = FACE_BOUND('',#2345,.F.);
#2345 = EDGE_LOOP('',(#2346,#2347,#2348,#2354));
#2346 = ORIENTED_EDGE('',*,*,#2332,.T.);
#2347 = ORIENTED_EDGE('',*,*,#1559,.T.);
#2348 = ORIENTED_EDGE('',*,*,#2349,.F.);
#2349 = EDGE_CURVE('',#1465,#1560,#2350,.T.);
#2350 = LINE('',#2351,#2352);
#2351 = CARTESIAN_POINT('',(7.05,1.15,6.));
#2352 = VECTOR('',#2353,1.);
#2353 = DIRECTION('',(-0.,-0.,-1.));
#2354 = ORIENTED_EDGE('',*,*,#1472,.F.);
#2355 = PLANE('',#2356);
#2356 = AXIS2_PLACEMENT_3D('',#2357,#2358,#2359);
#2357 = CARTESIAN_POINT('',(7.05,0.65,6.));
#2358 = DIRECTION('',(1.,0.,0.));
#2359 = DIRECTION('',(-0.,1.,0.));
#2360 = ADVANCED_FACE('',(#2361),#2372,.F.);
#2361 = FACE_BOUND('',#2362,.F.);
#2362 = EDGE_LOOP('',(#2363,#2364,#2365,#2371));
#2363 = ORIENTED_EDGE('',*,*,#2349,.T.);
#2364 = ORIENTED_EDGE('',*,*,#1567,.T.);
#2365 = ORIENTED_EDGE('',*,*,#2366,.F.);
#2366 = EDGE_CURVE('',#1457,#1568,#2367,.T.);
#2367 = LINE('',#2368,#2369);
#2368 = CARTESIAN_POINT('',(-2.05,1.15,6.));
#2369 = VECTOR('',#2370,1.);
#2370 = DIRECTION('',(-0.,-0.,-1.));
#2371 = ORIENTED_EDGE('',*,*,#1464,.F.);
#2372 = PLANE('',#2373);
#2373 = AXIS2_PLACEMENT_3D('',#2374,#2375,#2376);
#2374 = CARTESIAN_POINT('',(7.05,1.15,6.));
#2375 = DIRECTION('',(0.,1.,0.));
#2376 = DIRECTION('',(-1.,0.,0.));
#2377 = ADVANCED_FACE('',(#2378),#2389,.F.);
#2378 = FACE_BOUND('',#2379,.F.);
#2379 = EDGE_LOOP('',(#2380,#2381,#2382,#2388));
#2380 = ORIENTED_EDGE('',*,*,#2366,.T.);
#2381 = ORIENTED_EDGE('',*,*,#1575,.T.);
#2382 = ORIENTED_EDGE('',*,*,#2383,.F.);
#2383 = EDGE_CURVE('',#1449,#1576,#2384,.T.);
#2384 = LINE('',#2385,#2386);
#2385 = CARTESIAN_POINT('',(-2.05,0.65,6.));
#2386 = VECTOR('',#2387,1.);
#2387 = DIRECTION('',(-0.,-0.,-1.));
#2388 = ORIENTED_EDGE('',*,*,#1456,.F.);
#2389 = PLANE('',#2390);
#2390 = AXIS2_PLACEMENT_3D('',#2391,#2392,#2393);
#2391 = CARTESIAN_POINT('',(-2.05,1.15,6.));
#2392 = DIRECTION('',(-1.,0.,0.));
#2393 = DIRECTION('',(0.,-1.,0.));
#2394 = ADVANCED_FACE('',(#2395),#2406,.F.);
#2395 = FACE_BOUND('',#2396,.F.);
#2396 = EDGE_LOOP('',(#2397,#2398,#2399,#2405));
#2397 = ORIENTED_EDGE('',*,*,#2383,.T.);
#2398 = ORIENTED_EDGE('',*,*,#1583,.T.);
#2399 = ORIENTED_EDGE('',*,*,#2400,.F.);
#2400 = EDGE_CURVE('',#1441,#1584,#2401,.T.);
#2401 = LINE('',#2402,#2403);
#2402 = CARTESIAN_POINT('',(-1.5,0.65,6.));
#2403 = VECTOR('',#2404,1.);
#2404 = DIRECTION('',(-0.,-0.,-1.));
#2405 = ORIENTED_EDGE('',*,*,#1448,.F.);
#2406 = PLANE('',#2407);
#2407 = AXIS2_PLACEMENT_3D('',#2408,#2409,#2410);
#2408 = CARTESIAN_POINT('',(-2.05,0.65,6.));
#2409 = DIRECTION('',(0.,-1.,0.));
#2410 = DIRECTION('',(1.,0.,0.));
#2411 = ADVANCED_FACE('',(#2412),#2418,.T.);
#2412 = FACE_BOUND('',#2413,.T.);
#2413 = EDGE_LOOP('',(#2414,#2415,#2416,#2417));
#2414 = ORIENTED_EDGE('',*,*,#1440,.T.);
#2415 = ORIENTED_EDGE('',*,*,#1870,.F.);
#2416 = ORIENTED_EDGE('',*,*,#1591,.F.);
#2417 = ORIENTED_EDGE('',*,*,#2400,.F.);
#2418 = PLANE('',#2419);
#2419 = AXIS2_PLACEMENT_3D('',#2420,#2421,#2422);
#2420 = CARTESIAN_POINT('',(-1.5,-0.814780671729,3.627769701184));
#2421 = DIRECTION('',(1.,4.702036321642E-33,-1.762255155449E-32));
#2422 = DIRECTION('',(1.762255155449E-32,0.,1.));
#2423 = ADVANCED_FACE('',(#2424),#2449,.F.);
#2424 = FACE_BOUND('',#2425,.F.);
#2425 = EDGE_LOOP('',(#2426,#2434,#2442,#2448));
#2426 = ORIENTED_EDGE('',*,*,#2427,.F.);
#2427 = EDGE_CURVE('',#2428,#1625,#2430,.T.);
#2428 = VERTEX_POINT('',#2429);
#2429 = CARTESIAN_POINT('',(4.68,-0.32,4.9));
#2430 = LINE('',#2431,#2432);
#2431 = CARTESIAN_POINT('',(4.68,-0.32,5.1));
#2432 = VECTOR('',#2433,1.);
#2433 = DIRECTION('',(0.,0.,-1.));
#2434 = ORIENTED_EDGE('',*,*,#2435,.T.);
#2435 = EDGE_CURVE('',#2428,#2436,#2438,.T.);
#2436 = VERTEX_POINT('',#2437);
#2437 = CARTESIAN_POINT('',(5.32,-0.32,4.9));
#2438 = LINE('',#2439,#2440);
#2439 = CARTESIAN_POINT('',(4.68,-0.32,4.9));
#2440 = VECTOR('',#2441,1.);
#2441 = DIRECTION('',(1.,0.,0.));
#2442 = ORIENTED_EDGE('',*,*,#2443,.T.);
#2443 = EDGE_CURVE('',#2436,#1623,#2444,.T.);
#2444 = LINE('',#2445,#2446);
#2445 = CARTESIAN_POINT('',(5.32,-0.32,5.1));
#2446 = VECTOR('',#2447,1.);
#2447 = DIRECTION('',(0.,0.,-1.));
#2448 = ORIENTED_EDGE('',*,*,#1622,.T.);
#2449 = PLANE('',#2450);
#2450 = AXIS2_PLACEMENT_3D('',#2451,#2452,#2453);
#2451 = CARTESIAN_POINT('',(4.68,-0.32,5.1));
#2452 = DIRECTION('',(0.,1.,0.));
#2453 = DIRECTION('',(0.,0.,-1.));
#2454 = ADVANCED_FACE('',(#2455),#2473,.T.);
#2455 = FACE_BOUND('',#2456,.T.);
#2456 = EDGE_LOOP('',(#2457,#2458,#2466,#2472));
#2457 = ORIENTED_EDGE('',*,*,#1648,.T.);
#2458 = ORIENTED_EDGE('',*,*,#2459,.T.);
#2459 = EDGE_CURVE('',#1641,#2460,#2462,.T.);
#2460 = VERTEX_POINT('',#2461);
#2461 = CARTESIAN_POINT('',(5.32,0.32,4.9));
#2462 = LINE('',#2463,#2464);
#2463 = CARTESIAN_POINT('',(5.32,0.32,-0.7));
#2464 = VECTOR('',#2465,1.);
#2465 = DIRECTION('',(0.,0.,1.));
#2466 = ORIENTED_EDGE('',*,*,#2467,.T.);
#2467 = EDGE_CURVE('',#2460,#2436,#2468,.T.);
#2468 = LINE('',#2469,#2470);
#2469 = CARTESIAN_POINT('',(5.32,0.32,4.9));
#2470 = VECTOR('',#2471,1.);
#2471 = DIRECTION('',(0.,-1.,0.));
#2472 = ORIENTED_EDGE('',*,*,#2443,.T.);
#2473 = PLANE('',#2474);
#2474 = AXIS2_PLACEMENT_3D('',#2475,#2476,#2477);
#2475 = CARTESIAN_POINT('',(5.32,-4.307486879287E-02,0.926376556288));
#2476 = DIRECTION('',(1.,0.,0.));
#2477 = DIRECTION('',(0.,0.,1.));
#2478 = ADVANCED_FACE('',(#2479),#2497,.F.);
#2479 = FACE_BOUND('',#2480,.F.);
#2480 = EDGE_LOOP('',(#2481,#2489,#2490,#2491));
#2481 = ORIENTED_EDGE('',*,*,#2482,.F.);
#2482 = EDGE_CURVE('',#1633,#2483,#2485,.T.);
#2483 = VERTEX_POINT('',#2484);
#2484 = CARTESIAN_POINT('',(4.68,0.32,4.9));
#2485 = LINE('',#2486,#2487);
#2486 = CARTESIAN_POINT('',(4.68,0.32,-0.7));
#2487 = VECTOR('',#2488,1.);
#2488 = DIRECTION('',(0.,0.,1.));
#2489 = ORIENTED_EDGE('',*,*,#1640,.T.);
#2490 = ORIENTED_EDGE('',*,*,#2459,.T.);
#2491 = ORIENTED_EDGE('',*,*,#2492,.F.);
#2492 = EDGE_CURVE('',#2483,#2460,#2493,.T.);
#2493 = LINE('',#2494,#2495);
#2494 = CARTESIAN_POINT('',(4.68,0.32,4.9));
#2495 = VECTOR('',#2496,1.);
#2496 = DIRECTION('',(1.,0.,0.));
#2497 = PLANE('',#2498);
#2498 = AXIS2_PLACEMENT_3D('',#2499,#2500,#2501);
#2499 = CARTESIAN_POINT('',(4.68,0.32,-0.7));
#2500 = DIRECTION('',(0.,-1.,0.));
#2501 = DIRECTION('',(0.,0.,1.));
#2502 = ADVANCED_FACE('',(#2503),#2514,.F.);
#2503 = FACE_BOUND('',#2504,.F.);
#2504 = EDGE_LOOP('',(#2505,#2506,#2507,#2513));
#2505 = ORIENTED_EDGE('',*,*,#1632,.T.);
#2506 = ORIENTED_EDGE('',*,*,#2482,.T.);
#2507 = ORIENTED_EDGE('',*,*,#2508,.T.);
#2508 = EDGE_CURVE('',#2483,#2428,#2509,.T.);
#2509 = LINE('',#2510,#2511);
#2510 = CARTESIAN_POINT('',(4.68,0.32,4.9));
#2511 = VECTOR('',#2512,1.);
#2512 = DIRECTION('',(0.,-1.,0.));
#2513 = ORIENTED_EDGE('',*,*,#2427,.T.);
#2514 = PLANE('',#2515);
#2515 = AXIS2_PLACEMENT_3D('',#2516,#2517,#2518);
#2516 = CARTESIAN_POINT('',(4.68,-4.307486879287E-02,0.926376556288));
#2517 = DIRECTION('',(1.,0.,0.));
#2518 = DIRECTION('',(0.,0.,1.));
#2519 = ADVANCED_FACE('',(#2520),#2545,.T.);
#2520 = FACE_BOUND('',#2521,.T.);
#2521 = EDGE_LOOP('',(#2522,#2523,#2531,#2539));
#2522 = ORIENTED_EDGE('',*,*,#1656,.T.);
#2523 = ORIENTED_EDGE('',*,*,#2524,.T.);
#2524 = EDGE_CURVE('',#1659,#2525,#2527,.T.);
#2525 = VERTEX_POINT('',#2526);
#2526 = CARTESIAN_POINT('',(2.82,0.32,4.9));
#2527 = LINE('',#2528,#2529);
#2528 = CARTESIAN_POINT('',(2.82,0.32,-3.2));
#2529 = VECTOR('',#2530,1.);
#2530 = DIRECTION('',(0.,0.,1.));
#2531 = ORIENTED_EDGE('',*,*,#2532,.T.);
#2532 = EDGE_CURVE('',#2525,#2533,#2535,.T.);
#2533 = VERTEX_POINT('',#2534);
#2534 = CARTESIAN_POINT('',(2.82,-0.32,4.9));
#2535 = LINE('',#2536,#2537);
#2536 = CARTESIAN_POINT('',(2.82,0.32,4.9));
#2537 = VECTOR('',#2538,1.);
#2538 = DIRECTION('',(0.,-1.,0.));
#2539 = ORIENTED_EDGE('',*,*,#2540,.T.);
#2540 = EDGE_CURVE('',#2533,#1657,#2541,.T.);
#2541 = LINE('',#2542,#2543);
#2542 = CARTESIAN_POINT('',(2.82,-0.32,5.1));
#2543 = VECTOR('',#2544,1.);
#2544 = DIRECTION('',(0.,0.,-1.));
#2545 = PLANE('',#2546);
#2546 = AXIS2_PLACEMENT_3D('',#2547,#2548,#2549);
#2547 = CARTESIAN_POINT('',(2.82,0.,0.95));
#2548 = DIRECTION('',(1.,0.,0.));
#2549 = DIRECTION('',(0.,0.,1.));
#2550 = ADVANCED_FACE('',(#2551),#2569,.F.);
#2551 = FACE_BOUND('',#2552,.F.);
#2552 = EDGE_LOOP('',(#2553,#2561,#2562,#2563));
#2553 = ORIENTED_EDGE('',*,*,#2554,.F.);
#2554 = EDGE_CURVE('',#1675,#2555,#2557,.T.);
#2555 = VERTEX_POINT('',#2556);
#2556 = CARTESIAN_POINT('',(2.18,0.32,4.9));
#2557 = LINE('',#2558,#2559);
#2558 = CARTESIAN_POINT('',(2.18,0.32,-3.2));
#2559 = VECTOR('',#2560,1.);
#2560 = DIRECTION('',(0.,0.,1.));
#2561 = ORIENTED_EDGE('',*,*,#1682,.T.);
#2562 = ORIENTED_EDGE('',*,*,#2524,.T.);
#2563 = ORIENTED_EDGE('',*,*,#2564,.F.);
#2564 = EDGE_CURVE('',#2555,#2525,#2565,.T.);
#2565 = LINE('',#2566,#2567);
#2566 = CARTESIAN_POINT('',(2.18,0.32,4.9));
#2567 = VECTOR('',#2568,1.);
#2568 = DIRECTION('',(1.,0.,0.));
#2569 = PLANE('',#2570);
#2570 = AXIS2_PLACEMENT_3D('',#2571,#2572,#2573);
#2571 = CARTESIAN_POINT('',(2.18,0.32,-3.2));
#2572 = DIRECTION('',(0.,-1.,0.));
#2573 = DIRECTION('',(0.,0.,1.));
#2574 = ADVANCED_FACE('',(#2575),#2593,.F.);
#2575 = FACE_BOUND('',#2576,.F.);
#2576 = EDGE_LOOP('',(#2577,#2578,#2579,#2587));
#2577 = ORIENTED_EDGE('',*,*,#1674,.T.);
#2578 = ORIENTED_EDGE('',*,*,#2554,.T.);
#2579 = ORIENTED_EDGE('',*,*,#2580,.T.);
#2580 = EDGE_CURVE('',#2555,#2581,#2583,.T.);
#2581 = VERTEX_POINT('',#2582);
#2582 = CARTESIAN_POINT('',(2.18,-0.32,4.9));
#2583 = LINE('',#2584,#2585);
#2584 = CARTESIAN_POINT('',(2.18,0.32,4.9));
#2585 = VECTOR('',#2586,1.);
#2586 = DIRECTION('',(0.,-1.,0.));
#2587 = ORIENTED_EDGE('',*,*,#2588,.T.);
#2588 = EDGE_CURVE('',#2581,#1667,#2589,.T.);
#2589 = LINE('',#2590,#2591);
#2590 = CARTESIAN_POINT('',(2.18,-0.32,5.1));
#2591 = VECTOR('',#2592,1.);
#2592 = DIRECTION('',(0.,0.,-1.));
#2593 = PLANE('',#2594);
#2594 = AXIS2_PLACEMENT_3D('',#2595,#2596,#2597);
#2595 = CARTESIAN_POINT('',(2.18,0.,0.95));
#2596 = DIRECTION('',(1.,0.,0.));
#2597 = DIRECTION('',(0.,0.,1.));
#2598 = ADVANCED_FACE('',(#2599),#2610,.F.);
#2599 = FACE_BOUND('',#2600,.F.);
#2600 = EDGE_LOOP('',(#2601,#2602,#2608,#2609));
#2601 = ORIENTED_EDGE('',*,*,#2588,.F.);
#2602 = ORIENTED_EDGE('',*,*,#2603,.T.);
#2603 = EDGE_CURVE('',#2581,#2533,#2604,.T.);
#2604 = LINE('',#2605,#2606);
#2605 = CARTESIAN_POINT('',(2.18,-0.32,4.9));
#2606 = VECTOR('',#2607,1.);
#2607 = DIRECTION('',(1.,0.,0.));
#2608 = ORIENTED_EDGE('',*,*,#2540,.T.);
#2609 = ORIENTED_EDGE('',*,*,#1666,.T.);
#2610 = PLANE('',#2611);
#2611 = AXIS2_PLACEMENT_3D('',#2612,#2613,#2614);
#2612 = CARTESIAN_POINT('',(2.18,-0.32,5.1));
#2613 = DIRECTION('',(0.,1.,0.));
#2614 = DIRECTION('',(0.,0.,-1.));
#2615 = ADVANCED_FACE('',(#2616),#2641,.F.);
#2616 = FACE_BOUND('',#2617,.F.);
#2617 = EDGE_LOOP('',(#2618,#2626,#2634,#2640));
#2618 = ORIENTED_EDGE('',*,*,#2619,.F.);
#2619 = EDGE_CURVE('',#2620,#1693,#2622,.T.);
#2620 = VERTEX_POINT('',#2621);
#2621 = CARTESIAN_POINT('',(-0.32,-0.32,4.9));
#2622 = LINE('',#2623,#2624);
#2623 = CARTESIAN_POINT('',(-0.32,-0.32,5.1));
#2624 = VECTOR('',#2625,1.);
#2625 = DIRECTION('',(0.,0.,-1.));
#2626 = ORIENTED_EDGE('',*,*,#2627,.T.);
#2627 = EDGE_CURVE('',#2620,#2628,#2630,.T.);
#2628 = VERTEX_POINT('',#2629);
#2629 = CARTESIAN_POINT('',(0.32,-0.32,4.9));
#2630 = LINE('',#2631,#2632);
#2631 = CARTESIAN_POINT('',(-0.32,-0.32,4.9));
#2632 = VECTOR('',#2633,1.);
#2633 = DIRECTION('',(1.,0.,0.));
#2634 = ORIENTED_EDGE('',*,*,#2635,.T.);
#2635 = EDGE_CURVE('',#2628,#1691,#2636,.T.);
#2636 = LINE('',#2637,#2638);
#2637 = CARTESIAN_POINT('',(0.32,-0.32,5.1));
#2638 = VECTOR('',#2639,1.);
#2639 = DIRECTION('',(0.,0.,-1.));
#2640 = ORIENTED_EDGE('',*,*,#1690,.T.);
#2641 = PLANE('',#2642);
#2642 = AXIS2_PLACEMENT_3D('',#2643,#2644,#2645);
#2643 = CARTESIAN_POINT('',(-0.32,-0.32,5.1));
#2644 = DIRECTION('',(0.,1.,0.));
#2645 = DIRECTION('',(0.,0.,-1.));
#2646 = ADVANCED_FACE('',(#2647),#2665,.T.);
#2647 = FACE_BOUND('',#2648,.T.);
#2648 = EDGE_LOOP('',(#2649,#2650,#2658,#2664));
#2649 = ORIENTED_EDGE('',*,*,#1716,.T.);
#2650 = ORIENTED_EDGE('',*,*,#2651,.T.);
#2651 = EDGE_CURVE('',#1709,#2652,#2654,.T.);
#2652 = VERTEX_POINT('',#2653);
#2653 = CARTESIAN_POINT('',(0.32,0.32,4.9));
#2654 = LINE('',#2655,#2656);
#2655 = CARTESIAN_POINT('',(0.32,0.32,-0.7));
#2656 = VECTOR('',#2657,1.);
#2657 = DIRECTION('',(0.,0.,1.));
#2658 = ORIENTED_EDGE('',*,*,#2659,.T.);
#2659 = EDGE_CURVE('',#2652,#2628,#2660,.T.);
#2660 = LINE('',#2661,#2662);
#2661 = CARTESIAN_POINT('',(0.32,0.32,4.9));
#2662 = VECTOR('',#2663,1.);
#2663 = DIRECTION('',(0.,-1.,0.));
#2664 = ORIENTED_EDGE('',*,*,#2635,.T.);
#2665 = PLANE('',#2666);
#2666 = AXIS2_PLACEMENT_3D('',#2667,#2668,#2669);
#2667 = CARTESIAN_POINT('',(0.32,-4.307486879287E-02,0.926376556288));
#2668 = DIRECTION('',(1.,0.,0.));
#2669 = DIRECTION('',(0.,0.,1.));
#2670 = ADVANCED_FACE('',(#2671),#2689,.F.);
#2671 = FACE_BOUND('',#2672,.F.);
#2672 = EDGE_LOOP('',(#2673,#2681,#2682,#2683));
#2673 = ORIENTED_EDGE('',*,*,#2674,.F.);
#2674 = EDGE_CURVE('',#1701,#2675,#2677,.T.);
#2675 = VERTEX_POINT('',#2676);
#2676 = CARTESIAN_POINT('',(-0.32,0.32,4.9));
#2677 = LINE('',#2678,#2679);
#2678 = CARTESIAN_POINT('',(-0.32,0.32,-0.7));
#2679 = VECTOR('',#2680,1.);
#2680 = DIRECTION('',(0.,0.,1.));
#2681 = ORIENTED_EDGE('',*,*,#1708,.T.);
#2682 = ORIENTED_EDGE('',*,*,#2651,.T.);
#2683 = ORIENTED_EDGE('',*,*,#2684,.F.);
#2684 = EDGE_CURVE('',#2675,#2652,#2685,.T.);
#2685 = LINE('',#2686,#2687);
#2686 = CARTESIAN_POINT('',(-0.32,0.32,4.9));
#2687 = VECTOR('',#2688,1.);
#2688 = DIRECTION('',(1.,0.,0.));
#2689 = PLANE('',#2690);
#2690 = AXIS2_PLACEMENT_3D('',#2691,#2692,#2693);
#2691 = CARTESIAN_POINT('',(-0.32,0.32,-0.7));
#2692 = DIRECTION('',(0.,-1.,0.));
#2693 = DIRECTION('',(0.,0.,1.));
#2694 = ADVANCED_FACE('',(#2695),#2706,.F.);
#2695 = FACE_BOUND('',#2696,.F.);
#2696 = EDGE_LOOP('',(#2697,#2698,#2699,#2705));
#2697 = ORIENTED_EDGE('',*,*,#1700,.T.);
#2698 = ORIENTED_EDGE('',*,*,#2674,.T.);
#2699 = ORIENTED_EDGE('',*,*,#2700,.T.);
#2700 = EDGE_CURVE('',#2675,#2620,#2701,.T.);
#2701 = LINE('',#2702,#2703);
#2702 = CARTESIAN_POINT('',(-0.32,0.32,4.9));
#2703 = VECTOR('',#2704,1.);
#2704 = DIRECTION('',(0.,-1.,0.));
#2705 = ORIENTED_EDGE('',*,*,#2619,.T.);
#2706 = PLANE('',#2707);
#2707 = AXIS2_PLACEMENT_3D('',#2708,#2709,#2710);
#2708 = CARTESIAN_POINT('',(-0.32,-4.307486879287E-02,0.926376556288));
#2709 = DIRECTION('',(1.,0.,0.));
#2710 = DIRECTION('',(0.,0.,1.));
#2711 = ADVANCED_FACE('',(#2712),#2723,.T.);
#2712 = FACE_BOUND('',#2713,.T.);
#2713 = EDGE_LOOP('',(#2714,#2715,#2721,#2722));
#2714 = ORIENTED_EDGE('',*,*,#2018,.F.);
#2715 = ORIENTED_EDGE('',*,*,#2716,.T.);
#2716 = EDGE_CURVE('',#2019,#1903,#2717,.T.);
#2717 = LINE('',#2718,#2719);
#2718 = CARTESIAN_POINT('',(-0.32,-0.12,-3.2));
#2719 = VECTOR('',#2720,1.);
#2720 = DIRECTION('',(1.,0.,0.));
#2721 = ORIENTED_EDGE('',*,*,#1902,.T.);
#2722 = ORIENTED_EDGE('',*,*,#1953,.F.);
#2723 = PLANE('',#2724);
#2724 = AXIS2_PLACEMENT_3D('',#2725,#2726,#2727);
#2725 = CARTESIAN_POINT('',(-0.32,-0.235596257347,-3.101223703467));
#2726 = DIRECTION('',(-3.471050801573E-18,-0.64962967394,-0.760250805153
    ));
#2727 = DIRECTION('',(1.,-2.254897600456E-18,-2.638869166625E-18));
#2728 = ADVANCED_FACE('',(#2729),#2740,.F.);
#2729 = FACE_BOUND('',#2730,.F.);
#2730 = EDGE_LOOP('',(#2731,#2732,#2733,#2734));
#2731 = ORIENTED_EDGE('',*,*,#2026,.F.);
#2732 = ORIENTED_EDGE('',*,*,#2716,.T.);
#2733 = ORIENTED_EDGE('',*,*,#1912,.T.);
#2734 = ORIENTED_EDGE('',*,*,#2735,.F.);
#2735 = EDGE_CURVE('',#2027,#1913,#2736,.T.);
#2736 = LINE('',#2737,#2738);
#2737 = CARTESIAN_POINT('',(-0.32,0.12,-3.2));
#2738 = VECTOR('',#2739,1.);
#2739 = DIRECTION('',(1.,0.,0.));
#2740 = PLANE('',#2741);
#2741 = AXIS2_PLACEMENT_3D('',#2742,#2743,#2744);
#2742 = CARTESIAN_POINT('',(-0.32,-0.32,-3.2));
#2743 = DIRECTION('',(0.,0.,1.));
#2744 = DIRECTION('',(0.,1.,0.));
#2745 = ADVANCED_FACE('',(#2746),#2752,.T.);
#2746 = FACE_BOUND('',#2747,.F.);
#2747 = EDGE_LOOP('',(#2748,#2749,#2750,#2751));
#2748 = ORIENTED_EDGE('',*,*,#2034,.F.);
#2749 = ORIENTED_EDGE('',*,*,#2735,.T.);
#2750 = ORIENTED_EDGE('',*,*,#1920,.T.);
#2751 = ORIENTED_EDGE('',*,*,#2001,.F.);
#2752 = PLANE('',#2753);
#2753 = AXIS2_PLACEMENT_3D('',#2754,#2755,#2756);
#2754 = CARTESIAN_POINT('',(-0.32,0.204403742653,-3.101223703467));
#2755 = DIRECTION('',(0.,0.760250805153,-0.64962967394));
#2756 = DIRECTION('',(-1.,0.,-0.));
#2757 = ADVANCED_FACE('',(#2758),#2764,.F.);
#2758 = FACE_BOUND('',#2759,.F.);
#2759 = EDGE_LOOP('',(#2760,#2761,#2762,#2763));
#2760 = ORIENTED_EDGE('',*,*,#2090,.F.);
#2761 = ORIENTED_EDGE('',*,*,#2114,.F.);
#2762 = ORIENTED_EDGE('',*,*,#2131,.T.);
#2763 = ORIENTED_EDGE('',*,*,#2059,.T.);
#2764 = PLANE('',#2765);
#2765 = AXIS2_PLACEMENT_3D('',#2766,#2767,#2768);
#2766 = CARTESIAN_POINT('',(2.18,-0.32,-3.2));
#2767 = DIRECTION('',(0.,0.,1.));
#2768 = DIRECTION('',(0.,1.,0.));
#2769 = ADVANCED_FACE('',(#2770),#2781,.T.);
#2770 = FACE_BOUND('',#2771,.T.);
#2771 = EDGE_LOOP('',(#2772,#2773,#2779,#2780));
#2772 = ORIENTED_EDGE('',*,*,#2280,.F.);
#2773 = ORIENTED_EDGE('',*,*,#2774,.T.);
#2774 = EDGE_CURVE('',#2281,#2165,#2775,.T.);
#2775 = LINE('',#2776,#2777);
#2776 = CARTESIAN_POINT('',(4.68,-0.12,-3.2));
#2777 = VECTOR('',#2778,1.);
#2778 = DIRECTION('',(1.,0.,0.));
#2779 = ORIENTED_EDGE('',*,*,#2164,.T.);
#2780 = ORIENTED_EDGE('',*,*,#2215,.F.);
#2781 = PLANE('',#2782);
#2782 = AXIS2_PLACEMENT_3D('',#2783,#2784,#2785);
#2783 = CARTESIAN_POINT('',(4.68,-0.235596257347,-3.101223703467));
#2784 = DIRECTION('',(-3.471050801573E-18,-0.64962967394,-0.760250805153
    ));
#2785 = DIRECTION('',(1.,-2.254897600456E-18,-2.638869166625E-18));
#2786 = ADVANCED_FACE('',(#2787),#2798,.F.);
#2787 = FACE_BOUND('',#2788,.F.);
#2788 = EDGE_LOOP('',(#2789,#2790,#2791,#2792));
#2789 = ORIENTED_EDGE('',*,*,#2288,.F.);
#2790 = ORIENTED_EDGE('',*,*,#2774,.T.);
#2791 = ORIENTED_EDGE('',*,*,#2174,.T.);
#2792 = ORIENTED_EDGE('',*,*,#2793,.F.);
#2793 = EDGE_CURVE('',#2289,#2175,#2794,.T.);
#2794 = LINE('',#2795,#2796);
#2795 = CARTESIAN_POINT('',(4.68,0.12,-3.2));
#2796 = VECTOR('',#2797,1.);
#2797 = DIRECTION('',(1.,0.,0.));
#2798 = PLANE('',#2799);
#2799 = AXIS2_PLACEMENT_3D('',#2800,#2801,#2802);
#2800 = CARTESIAN_POINT('',(4.68,-0.32,-3.2));
#2801 = DIRECTION('',(0.,0.,1.));
#2802 = DIRECTION('',(0.,1.,0.));
#2803 = ADVANCED_FACE('',(#2804),#2810,.T.);
#2804 = FACE_BOUND('',#2805,.F.);
#2805 = EDGE_LOOP('',(#2806,#2807,#2808,#2809));
#2806 = ORIENTED_EDGE('',*,*,#2296,.F.);
#2807 = ORIENTED_EDGE('',*,*,#2793,.T.);
#2808 = ORIENTED_EDGE('',*,*,#2182,.T.);
#2809 = ORIENTED_EDGE('',*,*,#2263,.F.);
#2810 = PLANE('',#2811);
#2811 = AXIS2_PLACEMENT_3D('',#2812,#2813,#2814);
#2812 = CARTESIAN_POINT('',(4.68,0.204403742653,-3.101223703467));
#2813 = DIRECTION('',(0.,0.760250805153,-0.64962967394));
#2814 = DIRECTION('',(-1.,0.,-0.));
#2815 = ADVANCED_FACE('',(#2816),#2841,.T.);
#2816 = FACE_BOUND('',#2817,.F.);
#2817 = EDGE_LOOP('',(#2818,#2826,#2834,#2840));
#2818 = ORIENTED_EDGE('',*,*,#2819,.F.);
#2819 = EDGE_CURVE('',#2820,#2428,#2822,.T.);
#2820 = VERTEX_POINT('',#2821);
#2821 = CARTESIAN_POINT('',(4.88,-0.12,5.1));
#2822 = LINE('',#2823,#2824);
#2823 = CARTESIAN_POINT('',(4.853333333333,-0.146666666667,
    5.073333333333));
#2824 = VECTOR('',#2825,1.);
#2825 = DIRECTION('',(-0.57735026919,-0.57735026919,-0.57735026919));
#2826 = ORIENTED_EDGE('',*,*,#2827,.T.);
#2827 = EDGE_CURVE('',#2820,#2828,#2830,.T.);
#2828 = VERTEX_POINT('',#2829);
#2829 = CARTESIAN_POINT('',(5.12,-0.12,5.1));
#2830 = LINE('',#2831,#2832);
#2831 = CARTESIAN_POINT('',(4.68,-0.12,5.1));
#2832 = VECTOR('',#2833,1.);
#2833 = DIRECTION('',(1.,0.,0.));
#2834 = ORIENTED_EDGE('',*,*,#2835,.T.);
#2835 = EDGE_CURVE('',#2828,#2436,#2836,.T.);
#2836 = LINE('',#2837,#2838);
#2837 = CARTESIAN_POINT('',(5.04,-4.E-02,5.18));
#2838 = VECTOR('',#2839,1.);
#2839 = DIRECTION('',(0.57735026919,-0.57735026919,-0.57735026919));
#2840 = ORIENTED_EDGE('',*,*,#2435,.F.);
#2841 = PLANE('',#2842);
#2842 = AXIS2_PLACEMENT_3D('',#2843,#2844,#2845);
#2843 = CARTESIAN_POINT('',(4.68,-0.22,5.));
#2844 = DIRECTION('',(-1.735417226644E-18,-0.707106781187,0.707106781187
    ));
#2845 = DIRECTION('',(-1.,1.227125289148E-18,-1.227125289148E-18));
#2846 = ADVANCED_FACE('',(#2847),#2865,.F.);
#2847 = FACE_BOUND('',#2848,.T.);
#2848 = EDGE_LOOP('',(#2849,#2857,#2863,#2864));
#2849 = ORIENTED_EDGE('',*,*,#2850,.F.);
#2850 = EDGE_CURVE('',#2851,#2460,#2853,.T.);
#2851 = VERTEX_POINT('',#2852);
#2852 = CARTESIAN_POINT('',(5.12,0.12,5.1));
#2853 = LINE('',#2854,#2855);
#2854 = CARTESIAN_POINT('',(5.146666666667,0.146666666667,5.073333333333
    ));
#2855 = VECTOR('',#2856,1.);
#2856 = DIRECTION('',(0.57735026919,0.57735026919,-0.57735026919));
#2857 = ORIENTED_EDGE('',*,*,#2858,.T.);
#2858 = EDGE_CURVE('',#2851,#2828,#2859,.T.);
#2859 = LINE('',#2860,#2861);
#2860 = CARTESIAN_POINT('',(5.12,0.32,5.1));
#2861 = VECTOR('',#2862,1.);
#2862 = DIRECTION('',(0.,-1.,0.));
#2863 = ORIENTED_EDGE('',*,*,#2835,.T.);
#2864 = ORIENTED_EDGE('',*,*,#2467,.F.);
#2865 = PLANE('',#2866);
#2866 = AXIS2_PLACEMENT_3D('',#2867,#2868,#2869);
#2867 = CARTESIAN_POINT('',(5.22,0.32,5.));
#2868 = DIRECTION('',(-0.707106781187,-1.735417226644E-18,
    -0.707106781187));
#2869 = DIRECTION('',(-1.227125289148E-18,1.,-1.227125289148E-18));
#2870 = ADVANCED_FACE('',(#2871),#2889,.T.);
#2871 = FACE_BOUND('',#2872,.F.);
#2872 = EDGE_LOOP('',(#2873,#2881,#2882,#2883));
#2873 = ORIENTED_EDGE('',*,*,#2874,.T.);
#2874 = EDGE_CURVE('',#2875,#2483,#2877,.T.);
#2875 = VERTEX_POINT('',#2876);
#2876 = CARTESIAN_POINT('',(4.88,0.12,5.1));
#2877 = LINE('',#2878,#2879);
#2878 = CARTESIAN_POINT('',(4.746666666667,0.253333333333,4.966666666667
    ));
#2879 = VECTOR('',#2880,1.);
#2880 = DIRECTION('',(-0.57735026919,0.57735026919,-0.57735026919));
#2881 = ORIENTED_EDGE('',*,*,#2492,.T.);
#2882 = ORIENTED_EDGE('',*,*,#2850,.F.);
#2883 = ORIENTED_EDGE('',*,*,#2884,.F.);
#2884 = EDGE_CURVE('',#2875,#2851,#2885,.T.);
#2885 = LINE('',#2886,#2887);
#2886 = CARTESIAN_POINT('',(4.68,0.12,5.1));
#2887 = VECTOR('',#2888,1.);
#2888 = DIRECTION('',(1.,0.,0.));
#2889 = PLANE('',#2890);
#2890 = AXIS2_PLACEMENT_3D('',#2891,#2892,#2893);
#2891 = CARTESIAN_POINT('',(4.68,0.22,5.));
#2892 = DIRECTION('',(1.735417226644E-18,0.707106781187,0.707106781187)
  );
#2893 = DIRECTION('',(-1.,1.227125289148E-18,1.227125289148E-18));
#2894 = ADVANCED_FACE('',(#2895),#2906,.T.);
#2895 = FACE_BOUND('',#2896,.F.);
#2896 = EDGE_LOOP('',(#2897,#2898,#2904,#2905));
#2897 = ORIENTED_EDGE('',*,*,#2874,.F.);
#2898 = ORIENTED_EDGE('',*,*,#2899,.T.);
#2899 = EDGE_CURVE('',#2875,#2820,#2900,.T.);
#2900 = LINE('',#2901,#2902);
#2901 = CARTESIAN_POINT('',(4.88,0.32,5.1));
#2902 = VECTOR('',#2903,1.);
#2903 = DIRECTION('',(0.,-1.,0.));
#2904 = ORIENTED_EDGE('',*,*,#2819,.T.);
#2905 = ORIENTED_EDGE('',*,*,#2508,.F.);
#2906 = PLANE('',#2907);
#2907 = AXIS2_PLACEMENT_3D('',#2908,#2909,#2910);
#2908 = CARTESIAN_POINT('',(4.78,0.32,5.));
#2909 = DIRECTION('',(-0.707106781187,1.735417226644E-18,0.707106781187)
  );
#2910 = DIRECTION('',(1.227125289148E-18,1.,-1.227125289148E-18));
#2911 = ADVANCED_FACE('',(#2912),#2937,.F.);
#2912 = FACE_BOUND('',#2913,.T.);
#2913 = EDGE_LOOP('',(#2914,#2922,#2930,#2936));
#2914 = ORIENTED_EDGE('',*,*,#2915,.F.);
#2915 = EDGE_CURVE('',#2916,#2525,#2918,.T.);
#2916 = VERTEX_POINT('',#2917);
#2917 = CARTESIAN_POINT('',(2.62,0.12,5.1));
#2918 = LINE('',#2919,#2920);
#2919 = CARTESIAN_POINT('',(2.646666666667,0.146666666667,5.073333333333
    ));
#2920 = VECTOR('',#2921,1.);
#2921 = DIRECTION('',(0.57735026919,0.57735026919,-0.57735026919));
#2922 = ORIENTED_EDGE('',*,*,#2923,.T.);
#2923 = EDGE_CURVE('',#2916,#2924,#2926,.T.);
#2924 = VERTEX_POINT('',#2925);
#2925 = CARTESIAN_POINT('',(2.62,-0.12,5.1));
#2926 = LINE('',#2927,#2928);
#2927 = CARTESIAN_POINT('',(2.62,0.32,5.1));
#2928 = VECTOR('',#2929,1.);
#2929 = DIRECTION('',(0.,-1.,0.));
#2930 = ORIENTED_EDGE('',*,*,#2931,.T.);
#2931 = EDGE_CURVE('',#2924,#2533,#2932,.T.);
#2932 = LINE('',#2933,#2934);
#2933 = CARTESIAN_POINT('',(2.54,-4.E-02,5.18));
#2934 = VECTOR('',#2935,1.);
#2935 = DIRECTION('',(0.57735026919,-0.57735026919,-0.57735026919));
#2936 = ORIENTED_EDGE('',*,*,#2532,.F.);
#2937 = PLANE('',#2938);
#2938 = AXIS2_PLACEMENT_3D('',#2939,#2940,#2941);
#2939 = CARTESIAN_POINT('',(2.72,0.32,5.));
#2940 = DIRECTION('',(-0.707106781187,-1.735417226644E-18,
    -0.707106781187));
#2941 = DIRECTION('',(-1.227125289148E-18,1.,-1.227125289148E-18));
#2942 = ADVANCED_FACE('',(#2943),#2961,.T.);
#2943 = FACE_BOUND('',#2944,.F.);
#2944 = EDGE_LOOP('',(#2945,#2953,#2954,#2955));
#2945 = ORIENTED_EDGE('',*,*,#2946,.F.);
#2946 = EDGE_CURVE('',#2555,#2947,#2949,.T.);
#2947 = VERTEX_POINT('',#2948);
#2948 = CARTESIAN_POINT('',(2.38,0.12,5.1));
#2949 = LINE('',#2950,#2951);
#2950 = CARTESIAN_POINT('',(2.246666666667,0.253333333333,4.966666666667
    ));
#2951 = VECTOR('',#2952,1.);
#2952 = DIRECTION('',(0.57735026919,-0.57735026919,0.57735026919));
#2953 = ORIENTED_EDGE('',*,*,#2564,.T.);
#2954 = ORIENTED_EDGE('',*,*,#2915,.F.);
#2955 = ORIENTED_EDGE('',*,*,#2956,.F.);
#2956 = EDGE_CURVE('',#2947,#2916,#2957,.T.);
#2957 = LINE('',#2958,#2959);
#2958 = CARTESIAN_POINT('',(2.18,0.12,5.1));
#2959 = VECTOR('',#2960,1.);
#2960 = DIRECTION('',(1.,0.,0.));
#2961 = PLANE('',#2962);
#2962 = AXIS2_PLACEMENT_3D('',#2963,#2964,#2965);
#2963 = CARTESIAN_POINT('',(2.18,0.22,5.));
#2964 = DIRECTION('',(1.735417226644E-18,0.707106781187,0.707106781187)
  );
#2965 = DIRECTION('',(-1.,1.227125289148E-18,1.227125289148E-18));
#2966 = ADVANCED_FACE('',(#2967),#2985,.T.);
#2967 = FACE_BOUND('',#2968,.F.);
#2968 = EDGE_LOOP('',(#2969,#2970,#2978,#2984));
#2969 = ORIENTED_EDGE('',*,*,#2946,.T.);
#2970 = ORIENTED_EDGE('',*,*,#2971,.T.);
#2971 = EDGE_CURVE('',#2947,#2972,#2974,.T.);
#2972 = VERTEX_POINT('',#2973);
#2973 = CARTESIAN_POINT('',(2.38,-0.12,5.1));
#2974 = LINE('',#2975,#2976);
#2975 = CARTESIAN_POINT('',(2.38,0.32,5.1));
#2976 = VECTOR('',#2977,1.);
#2977 = DIRECTION('',(0.,-1.,0.));
#2978 = ORIENTED_EDGE('',*,*,#2979,.T.);
#2979 = EDGE_CURVE('',#2972,#2581,#2980,.T.);
#2980 = LINE('',#2981,#2982);
#2981 = CARTESIAN_POINT('',(2.353333333333,-0.146666666667,
    5.073333333333));
#2982 = VECTOR('',#2983,1.);
#2983 = DIRECTION('',(-0.57735026919,-0.57735026919,-0.57735026919));
#2984 = ORIENTED_EDGE('',*,*,#2580,.F.);
#2985 = PLANE('',#2986);
#2986 = AXIS2_PLACEMENT_3D('',#2987,#2988,#2989);
#2987 = CARTESIAN_POINT('',(2.28,0.32,5.));
#2988 = DIRECTION('',(-0.707106781187,1.735417226644E-18,0.707106781187)
  );
#2989 = DIRECTION('',(1.227125289148E-18,1.,-1.227125289148E-18));
#2990 = ADVANCED_FACE('',(#2991),#3002,.T.);
#2991 = FACE_BOUND('',#2992,.F.);
#2992 = EDGE_LOOP('',(#2993,#2994,#3000,#3001));
#2993 = ORIENTED_EDGE('',*,*,#2979,.F.);
#2994 = ORIENTED_EDGE('',*,*,#2995,.T.);
#2995 = EDGE_CURVE('',#2972,#2924,#2996,.T.);
#2996 = LINE('',#2997,#2998);
#2997 = CARTESIAN_POINT('',(2.18,-0.12,5.1));
#2998 = VECTOR('',#2999,1.);
#2999 = DIRECTION('',(1.,0.,0.));
#3000 = ORIENTED_EDGE('',*,*,#2931,.T.);
#3001 = ORIENTED_EDGE('',*,*,#2603,.F.);
#3002 = PLANE('',#3003);
#3003 = AXIS2_PLACEMENT_3D('',#3004,#3005,#3006);
#3004 = CARTESIAN_POINT('',(2.18,-0.22,5.));
#3005 = DIRECTION('',(-1.735417226644E-18,-0.707106781187,0.707106781187
    ));
#3006 = DIRECTION('',(-1.,1.227125289148E-18,-1.227125289148E-18));
#3007 = ADVANCED_FACE('',(#3008),#3033,.T.);
#3008 = FACE_BOUND('',#3009,.F.);
#3009 = EDGE_LOOP('',(#3010,#3018,#3026,#3032));
#3010 = ORIENTED_EDGE('',*,*,#3011,.F.);
#3011 = EDGE_CURVE('',#3012,#2620,#3014,.T.);
#3012 = VERTEX_POINT('',#3013);
#3013 = CARTESIAN_POINT('',(-0.12,-0.12,5.1));
#3014 = LINE('',#3015,#3016);
#3015 = CARTESIAN_POINT('',(-0.146666666667,-0.146666666667,
    5.073333333333));
#3016 = VECTOR('',#3017,1.);
#3017 = DIRECTION('',(-0.57735026919,-0.57735026919,-0.57735026919));
#3018 = ORIENTED_EDGE('',*,*,#3019,.T.);
#3019 = EDGE_CURVE('',#3012,#3020,#3022,.T.);
#3020 = VERTEX_POINT('',#3021);
#3021 = CARTESIAN_POINT('',(0.12,-0.12,5.1));
#3022 = LINE('',#3023,#3024);
#3023 = CARTESIAN_POINT('',(-0.32,-0.12,5.1));
#3024 = VECTOR('',#3025,1.);
#3025 = DIRECTION('',(1.,0.,0.));
#3026 = ORIENTED_EDGE('',*,*,#3027,.T.);
#3027 = EDGE_CURVE('',#3020,#2628,#3028,.T.);
#3028 = LINE('',#3029,#3030);
#3029 = CARTESIAN_POINT('',(4.E-02,-4.E-02,5.18));
#3030 = VECTOR('',#3031,1.);
#3031 = DIRECTION('',(0.57735026919,-0.57735026919,-0.57735026919));
#3032 = ORIENTED_EDGE('',*,*,#2627,.F.);
#3033 = PLANE('',#3034);
#3034 = AXIS2_PLACEMENT_3D('',#3035,#3036,#3037);
#3035 = CARTESIAN_POINT('',(-0.32,-0.22,5.));
#3036 = DIRECTION('',(-1.735417226644E-18,-0.707106781187,0.707106781187
    ));
#3037 = DIRECTION('',(-1.,1.227125289148E-18,-1.227125289148E-18));
#3038 = ADVANCED_FACE('',(#3039),#3057,.F.);
#3039 = FACE_BOUND('',#3040,.T.);
#3040 = EDGE_LOOP('',(#3041,#3049,#3055,#3056));
#3041 = ORIENTED_EDGE('',*,*,#3042,.F.);
#3042 = EDGE_CURVE('',#3043,#2652,#3045,.T.);
#3043 = VERTEX_POINT('',#3044);
#3044 = CARTESIAN_POINT('',(0.12,0.12,5.1));
#3045 = LINE('',#3046,#3047);
#3046 = CARTESIAN_POINT('',(0.146666666667,0.146666666667,5.073333333333
    ));
#3047 = VECTOR('',#3048,1.);
#3048 = DIRECTION('',(0.57735026919,0.57735026919,-0.57735026919));
#3049 = ORIENTED_EDGE('',*,*,#3050,.T.);
#3050 = EDGE_CURVE('',#3043,#3020,#3051,.T.);
#3051 = LINE('',#3052,#3053);
#3052 = CARTESIAN_POINT('',(0.12,0.32,5.1));
#3053 = VECTOR('',#3054,1.);
#3054 = DIRECTION('',(0.,-1.,0.));
#3055 = ORIENTED_EDGE('',*,*,#3027,.T.);
#3056 = ORIENTED_EDGE('',*,*,#2659,.F.);
#3057 = PLANE('',#3058);
#3058 = AXIS2_PLACEMENT_3D('',#3059,#3060,#3061);
#3059 = CARTESIAN_POINT('',(0.22,0.32,5.));
#3060 = DIRECTION('',(-0.707106781187,-1.735417226644E-18,
    -0.707106781187));
#3061 = DIRECTION('',(-1.227125289148E-18,1.,-1.227125289148E-18));
#3062 = ADVANCED_FACE('',(#3063),#3081,.T.);
#3063 = FACE_BOUND('',#3064,.F.);
#3064 = EDGE_LOOP('',(#3065,#3073,#3074,#3075));
#3065 = ORIENTED_EDGE('',*,*,#3066,.T.);
#3066 = EDGE_CURVE('',#3067,#2675,#3069,.T.);
#3067 = VERTEX_POINT('',#3068);
#3068 = CARTESIAN_POINT('',(-0.12,0.12,5.1));
#3069 = LINE('',#3070,#3071);
#3070 = CARTESIAN_POINT('',(-0.253333333333,0.253333333333,
    4.966666666667));
#3071 = VECTOR('',#3072,1.);
#3072 = DIRECTION('',(-0.57735026919,0.57735026919,-0.57735026919));
#3073 = ORIENTED_EDGE('',*,*,#2684,.T.);
#3074 = ORIENTED_EDGE('',*,*,#3042,.F.);
#3075 = ORIENTED_EDGE('',*,*,#3076,.F.);
#3076 = EDGE_CURVE('',#3067,#3043,#3077,.T.);
#3077 = LINE('',#3078,#3079);
#3078 = CARTESIAN_POINT('',(-0.32,0.12,5.1));
#3079 = VECTOR('',#3080,1.);
#3080 = DIRECTION('',(1.,0.,0.));
#3081 = PLANE('',#3082);
#3082 = AXIS2_PLACEMENT_3D('',#3083,#3084,#3085);
#3083 = CARTESIAN_POINT('',(-0.32,0.22,5.));
#3084 = DIRECTION('',(1.735417226644E-18,0.707106781187,0.707106781187)
  );
#3085 = DIRECTION('',(-1.,1.227125289148E-18,1.227125289148E-18));
#3086 = ADVANCED_FACE('',(#3087),#3098,.T.);
#3087 = FACE_BOUND('',#3088,.F.);
#3088 = EDGE_LOOP('',(#3089,#3090,#3096,#3097));
#3089 = ORIENTED_EDGE('',*,*,#3066,.F.);
#3090 = ORIENTED_EDGE('',*,*,#3091,.T.);
#3091 = EDGE_CURVE('',#3067,#3012,#3092,.T.);
#3092 = LINE('',#3093,#3094);
#3093 = CARTESIAN_POINT('',(-0.12,0.32,5.1));
#3094 = VECTOR('',#3095,1.);
#3095 = DIRECTION('',(0.,-1.,0.));
#3096 = ORIENTED_EDGE('',*,*,#3011,.T.);
#3097 = ORIENTED_EDGE('',*,*,#2700,.F.);
#3098 = PLANE('',#3099);
#3099 = AXIS2_PLACEMENT_3D('',#3100,#3101,#3102);
#3100 = CARTESIAN_POINT('',(-0.22,0.32,5.));
#3101 = DIRECTION('',(-0.707106781187,1.735417226644E-18,0.707106781187)
  );
#3102 = DIRECTION('',(1.227125289148E-18,1.,-1.227125289148E-18));
#3103 = ADVANCED_FACE('',(#3104),#3110,.F.);
#3104 = FACE_BOUND('',#3105,.F.);
#3105 = EDGE_LOOP('',(#3106,#3107,#3108,#3109));
#3106 = ORIENTED_EDGE('',*,*,#2899,.F.);
#3107 = ORIENTED_EDGE('',*,*,#2884,.T.);
#3108 = ORIENTED_EDGE('',*,*,#2858,.T.);
#3109 = ORIENTED_EDGE('',*,*,#2827,.F.);
#3110 = PLANE('',#3111);
#3111 = AXIS2_PLACEMENT_3D('',#3112,#3113,#3114);
#3112 = CARTESIAN_POINT('',(4.68,0.32,5.1));
#3113 = DIRECTION('',(0.,0.,-1.));
#3114 = DIRECTION('',(0.,-1.,0.));
#3115 = ADVANCED_FACE('',(#3116),#3122,.F.);
#3116 = FACE_BOUND('',#3117,.F.);
#3117 = EDGE_LOOP('',(#3118,#3119,#3120,#3121));
#3118 = ORIENTED_EDGE('',*,*,#2995,.F.);
#3119 = ORIENTED_EDGE('',*,*,#2971,.F.);
#3120 = ORIENTED_EDGE('',*,*,#2956,.T.);
#3121 = ORIENTED_EDGE('',*,*,#2923,.T.);
#3122 = PLANE('',#3123);
#3123 = AXIS2_PLACEMENT_3D('',#3124,#3125,#3126);
#3124 = CARTESIAN_POINT('',(2.18,0.32,5.1));
#3125 = DIRECTION('',(0.,0.,-1.));
#3126 = DIRECTION('',(0.,-1.,0.));
#3127 = ADVANCED_FACE('',(#3128),#3134,.F.);
#3128 = FACE_BOUND('',#3129,.F.);
#3129 = EDGE_LOOP('',(#3130,#3131,#3132,#3133));
#3130 = ORIENTED_EDGE('',*,*,#3091,.F.);
#3131 = ORIENTED_EDGE('',*,*,#3076,.T.);
#3132 = ORIENTED_EDGE('',*,*,#3050,.T.);
#3133 = ORIENTED_EDGE('',*,*,#3019,.F.);
#3134 = PLANE('',#3135);
#3135 = AXIS2_PLACEMENT_3D('',#3136,#3137,#3138);
#3136 = CARTESIAN_POINT('',(-0.32,0.32,5.1));
#3137 = DIRECTION('',(0.,0.,-1.));
#3138 = DIRECTION('',(0.,-1.,0.));
#3139 = ( GEOMETRIC_REPRESENTATION_CONTEXT(3) 
GLOBAL_UNCERTAINTY_ASSIGNED_CONTEXT((#3143)) 
GLOBAL_UNIT_ASSIGNED_CONTEXT((#3140,#3141,#3142)) REPRESENTATION_CONTEXT
('Context #1','3D Context with UNIT and UNCERTAINTY') );
#3140 = ( LENGTH_UNIT() NAMED_UNIT(*) SI_UNIT(.MILLI.,.METRE.) );
#3141 = ( NAMED_UNIT(*) PLANE_ANGLE_UNIT() SI_UNIT($,.RADIAN.) );
#3142 = ( NAMED_UNIT(*) SI_UNIT($,.STERADIAN.) SOLID_ANGLE_UNIT() );
#3143 = UNCERTAINTY_MEASURE_WITH_UNIT(LENGTH_MEASURE(1.E-07),#3140,
  'distance_accuracy_value','confusion accuracy');
#3144 = CONTEXT_DEPENDENT_SHAPE_REPRESENTATION(#3145,#3147);
#3145 = ( REPRESENTATION_RELATIONSHIP('','',#36,#10) 
REPRESENTATION_RELATIONSHIP_WITH_TRANSFORMATION(#3146) 
SHAPE_REPRESENTATION_RELATIONSHIP() );
#3146 = ITEM_DEFINED_TRANSFORMATION('','',#11,#15);
#3147 = PRODUCT_DEFINITION_SHAPE('Placement','Placement of an item',
  #3148);
#3148 = NEXT_ASSEMBLY_USAGE_OCCURRENCE('1','J2','',#5,#31,$);
#3149 = PRODUCT_RELATED_PRODUCT_CATEGORY('part',$,(#33));
#3150 = SHAPE_DEFINITION_REPRESENTATION(#3151,#3157);
#3151 = PRODUCT_DEFINITION_SHAPE('','',#3152);
#3152 = PRODUCT_DEFINITION('design','',#3153,#3156);
#3153 = PRODUCT_DEFINITION_FORMATION('','',#3154);
#3154 = PRODUCT('center_PCB','center_PCB','',(#3155));
#3155 = PRODUCT_CONTEXT('',#2,'mechanical');
#3156 = PRODUCT_DEFINITION_CONTEXT('part definition',#2,'design');
#3157 = ADVANCED_BREP_SHAPE_REPRESENTATION('',(#11,#3158),#6958);
#3158 = MANIFOLD_SOLID_BREP('',#3159);
#3159 = CLOSED_SHELL('',(#3160,#3202,#3233,#3264,#4306,#5348,#5365,#5382
    ,#5399,#5416,#5428,#5445,#5462,#5479,#5496,#5513,#5530,#5547,#5564,
    #5581,#5598,#5615,#5632,#5649,#5666,#5683,#5700,#5717,#5734,#5751,
    #5768,#5785,#5802,#5819,#5836,#5853,#5870,#5887,#5904,#5921,#5938,
    #5955,#5972,#5989,#6006,#6023,#6040,#6057,#6074,#6091,#6108,#6125,
    #6142,#6159,#6176,#6193,#6210,#6227,#6244,#6261,#6278,#6295,#6312,
    #6329,#6346,#6363,#6380,#6397,#6414,#6431,#6448,#6465,#6482,#6499,
    #6516,#6533,#6550,#6567,#6584,#6601,#6618,#6635,#6652,#6669,#6686,
    #6703,#6720,#6737,#6754,#6771,#6788,#6805,#6822,#6839,#6856,#6873,
    #6890,#6907,#6924,#6941));
#3160 = ADVANCED_FACE('',(#3161),#3197,.T.);
#3161 = FACE_BOUND('',#3162,.T.);
#3162 = EDGE_LOOP('',(#3163,#3173,#3182,#3190));
#3163 = ORIENTED_EDGE('',*,*,#3164,.T.);
#3164 = EDGE_CURVE('',#3165,#3167,#3169,.T.);
#3165 = VERTEX_POINT('',#3166);
#3166 = CARTESIAN_POINT('',(125.,-19.5,0.));
#3167 = VERTEX_POINT('',#3168);
#3168 = CARTESIAN_POINT('',(125.,-19.5,1.51));
#3169 = LINE('',#3170,#3171);
#3170 = CARTESIAN_POINT('',(125.,-19.5,0.));
#3171 = VECTOR('',#3172,1.);
#3172 = DIRECTION('',(0.,0.,1.));
#3173 = ORIENTED_EDGE('',*,*,#3174,.T.);
#3174 = EDGE_CURVE('',#3167,#3175,#3177,.T.);
#3175 = VERTEX_POINT('',#3176);
#3176 = CARTESIAN_POINT('',(130.,-24.5,1.51));
#3177 = CIRCLE('',#3178,4.999999678834);
#3178 = AXIS2_PLACEMENT_3D('',#3179,#3180,#3181);
#3179 = CARTESIAN_POINT('',(125.00000032116,-24.49999967883,1.51));
#3180 = DIRECTION('',(0.,0.,-1.));
#3181 = DIRECTION('',(-6.42331470194E-08,1.,0.));
#3182 = ORIENTED_EDGE('',*,*,#3183,.F.);
#3183 = EDGE_CURVE('',#3184,#3175,#3186,.T.);
#3184 = VERTEX_POINT('',#3185);
#3185 = CARTESIAN_POINT('',(130.,-24.5,0.));
#3186 = LINE('',#3187,#3188);
#3187 = CARTESIAN_POINT('',(130.,-24.5,0.));
#3188 = VECTOR('',#3189,1.);
#3189 = DIRECTION('',(0.,0.,1.));
#3190 = ORIENTED_EDGE('',*,*,#3191,.F.);
#3191 = EDGE_CURVE('',#3165,#3184,#3192,.T.);
#3192 = CIRCLE('',#3193,4.999999678834);
#3193 = AXIS2_PLACEMENT_3D('',#3194,#3195,#3196);
#3194 = CARTESIAN_POINT('',(125.00000032116,-24.49999967883,0.));
#3195 = DIRECTION('',(0.,0.,-1.));
#3196 = DIRECTION('',(-6.42331470194E-08,1.,0.));
#3197 = CYLINDRICAL_SURFACE('',#3198,4.999999678834);
#3198 = AXIS2_PLACEMENT_3D('',#3199,#3200,#3201);
#3199 = CARTESIAN_POINT('',(125.00000032116,-24.49999967883,0.));
#3200 = DIRECTION('',(0.,0.,-1.));
#3201 = DIRECTION('',(-6.42331470194E-08,1.,0.));
#3202 = ADVANCED_FACE('',(#3203),#3228,.T.);
#3203 = FACE_BOUND('',#3204,.T.);
#3204 = EDGE_LOOP('',(#3205,#3215,#3221,#3222));
#3205 = ORIENTED_EDGE('',*,*,#3206,.T.);
#3206 = EDGE_CURVE('',#3207,#3209,#3211,.T.);
#3207 = VERTEX_POINT('',#3208);
#3208 = CARTESIAN_POINT('',(30.,-19.5,0.));
#3209 = VERTEX_POINT('',#3210);
#3210 = CARTESIAN_POINT('',(30.,-19.5,1.51));
#3211 = LINE('',#3212,#3213);
#3212 = CARTESIAN_POINT('',(30.,-19.5,0.));
#3213 = VECTOR('',#3214,1.);
#3214 = DIRECTION('',(0.,0.,1.));
#3215 = ORIENTED_EDGE('',*,*,#3216,.T.);
#3216 = EDGE_CURVE('',#3209,#3167,#3217,.T.);
#3217 = LINE('',#3218,#3219);
#3218 = CARTESIAN_POINT('',(30.,-19.5,1.51));
#3219 = VECTOR('',#3220,1.);
#3220 = DIRECTION('',(1.,0.,0.));
#3221 = ORIENTED_EDGE('',*,*,#3164,.F.);
#3222 = ORIENTED_EDGE('',*,*,#3223,.F.);
#3223 = EDGE_CURVE('',#3207,#3165,#3224,.T.);
#3224 = LINE('',#3225,#3226);
#3225 = CARTESIAN_POINT('',(30.,-19.5,0.));
#3226 = VECTOR('',#3227,1.);
#3227 = DIRECTION('',(1.,0.,0.));
#3228 = PLANE('',#3229);
#3229 = AXIS2_PLACEMENT_3D('',#3230,#3231,#3232);
#3230 = CARTESIAN_POINT('',(30.,-19.5,0.));
#3231 = DIRECTION('',(0.,1.,0.));
#3232 = DIRECTION('',(1.,0.,0.));
#3233 = ADVANCED_FACE('',(#3234),#3259,.T.);
#3234 = FACE_BOUND('',#3235,.T.);
#3235 = EDGE_LOOP('',(#3236,#3237,#3245,#3253));
#3236 = ORIENTED_EDGE('',*,*,#3183,.T.);
#3237 = ORIENTED_EDGE('',*,*,#3238,.T.);
#3238 = EDGE_CURVE('',#3175,#3239,#3241,.T.);
#3239 = VERTEX_POINT('',#3240);
#3240 = CARTESIAN_POINT('',(130.,-150.,1.51));
#3241 = LINE('',#3242,#3243);
#3242 = CARTESIAN_POINT('',(130.,-24.5,1.51));
#3243 = VECTOR('',#3244,1.);
#3244 = DIRECTION('',(0.,-1.,0.));
#3245 = ORIENTED_EDGE('',*,*,#3246,.F.);
#3246 = EDGE_CURVE('',#3247,#3239,#3249,.T.);
#3247 = VERTEX_POINT('',#3248);
#3248 = CARTESIAN_POINT('',(130.,-150.,0.));
#3249 = LINE('',#3250,#3251);
#3250 = CARTESIAN_POINT('',(130.,-150.,0.));
#3251 = VECTOR('',#3252,1.);
#3252 = DIRECTION('',(0.,0.,1.));
#3253 = ORIENTED_EDGE('',*,*,#3254,.F.);
#3254 = EDGE_CURVE('',#3184,#3247,#3255,.T.);
#3255 = LINE('',#3256,#3257);
#3256 = CARTESIAN_POINT('',(130.,-24.5,0.));
#3257 = VECTOR('',#3258,1.);
#3258 = DIRECTION('',(0.,-1.,0.));
#3259 = PLANE('',#3260);
#3260 = AXIS2_PLACEMENT_3D('',#3261,#3262,#3263);
#3261 = CARTESIAN_POINT('',(130.,-24.5,0.));
#3262 = DIRECTION('',(1.,0.,-0.));
#3263 = DIRECTION('',(0.,-1.,0.));
#3264 = ADVANCED_FACE('',(#3265,#3311,#3322,#3333,#3344,#3355,#3366,
    #3377,#3388,#3399,#3410,#3421,#3432,#3443,#3454,#3465,#3476,#3487,
    #3498,#3509,#3520,#3531,#3542,#3553,#3564,#3575,#3586,#3597,#3608,
    #3619,#3630,#3641,#3652,#3663,#3674,#3685,#3696,#3707,#3718,#3729,
    #3740,#3751,#3762,#3773,#3784,#3795,#3806,#3817,#3828,#3839,#3850,
    #3861,#3872,#3883,#3894,#3905,#3916,#3927,#3938,#3949,#3960,#3971,
    #3982,#3993,#4004,#4015,#4026,#4037,#4048,#4059,#4070,#4081,#4092,
    #4103,#4114,#4125,#4136,#4147,#4158,#4169,#4180,#4191,#4202,#4213,
    #4224,#4235,#4246,#4257,#4268,#4279,#4290),#4301,.F.);
#3265 = FACE_BOUND('',#3266,.F.);
#3266 = EDGE_LOOP('',(#3267,#3268,#3269,#3278,#3286,#3295,#3303,#3310));
#3267 = ORIENTED_EDGE('',*,*,#3191,.F.);
#3268 = ORIENTED_EDGE('',*,*,#3223,.F.);
#3269 = ORIENTED_EDGE('',*,*,#3270,.F.);
#3270 = EDGE_CURVE('',#3271,#3207,#3273,.T.);
#3271 = VERTEX_POINT('',#3272);
#3272 = CARTESIAN_POINT('',(25.,-24.5,0.));
#3273 = CIRCLE('',#3274,4.999999678834);
#3274 = AXIS2_PLACEMENT_3D('',#3275,#3276,#3277);
#3275 = CARTESIAN_POINT('',(29.999999678834,-24.49999967883,0.));
#3276 = DIRECTION('',(0.,0.,-1.));
#3277 = DIRECTION('',(-1.,-6.423314275614E-08,-0.));
#3278 = ORIENTED_EDGE('',*,*,#3279,.F.);
#3279 = EDGE_CURVE('',#3280,#3271,#3282,.T.);
#3280 = VERTEX_POINT('',#3281);
#3281 = CARTESIAN_POINT('',(25.,-150.,0.));
#3282 = LINE('',#3283,#3284);
#3283 = CARTESIAN_POINT('',(25.,-150.,0.));
#3284 = VECTOR('',#3285,1.);
#3285 = DIRECTION('',(0.,1.,0.));
#3286 = ORIENTED_EDGE('',*,*,#3287,.F.);
#3287 = EDGE_CURVE('',#3288,#3280,#3290,.T.);
#3288 = VERTEX_POINT('',#3289);
#3289 = CARTESIAN_POINT('',(30.,-155.,0.));
#3290 = CIRCLE('',#3291,4.999999678834);
#3291 = AXIS2_PLACEMENT_3D('',#3292,#3293,#3294);
#3292 = CARTESIAN_POINT('',(29.999999678834,-150.0000003211,0.));
#3293 = DIRECTION('',(0.,0.,-1.));
#3294 = DIRECTION('',(6.42331470194E-08,-1.,0.));
#3295 = ORIENTED_EDGE('',*,*,#3296,.F.);
#3296 = EDGE_CURVE('',#3297,#3288,#3299,.T.);
#3297 = VERTEX_POINT('',#3298);
#3298 = CARTESIAN_POINT('',(125.,-155.,0.));
#3299 = LINE('',#3300,#3301);
#3300 = CARTESIAN_POINT('',(125.,-155.,0.));
#3301 = VECTOR('',#3302,1.);
#3302 = DIRECTION('',(-1.,0.,0.));
#3303 = ORIENTED_EDGE('',*,*,#3304,.F.);
#3304 = EDGE_CURVE('',#3247,#3297,#3305,.T.);
#3305 = CIRCLE('',#3306,4.999999678834);
#3306 = AXIS2_PLACEMENT_3D('',#3307,#3308,#3309);
#3307 = CARTESIAN_POINT('',(125.00000032116,-150.0000003211,0.));
#3308 = DIRECTION('',(0.,0.,-1.));
#3309 = DIRECTION('',(1.,6.423315270374E-08,0.));
#3310 = ORIENTED_EDGE('',*,*,#3254,.F.);
#3311 = FACE_BOUND('',#3312,.F.);
#3312 = EDGE_LOOP('',(#3313));
#3313 = ORIENTED_EDGE('',*,*,#3314,.T.);
#3314 = EDGE_CURVE('',#3315,#3315,#3317,.T.);
#3315 = VERTEX_POINT('',#3316);
#3316 = CARTESIAN_POINT('',(38.655,-141.9,0.));
#3317 = CIRCLE('',#3318,1.6);
#3318 = AXIS2_PLACEMENT_3D('',#3319,#3320,#3321);
#3319 = CARTESIAN_POINT('',(38.655,-140.3,0.));
#3320 = DIRECTION('',(-0.,0.,-1.));
#3321 = DIRECTION('',(-0.,-1.,0.));
#3322 = FACE_BOUND('',#3323,.F.);
#3323 = EDGE_LOOP('',(#3324));
#3324 = ORIENTED_EDGE('',*,*,#3325,.T.);
#3325 = EDGE_CURVE('',#3326,#3326,#3328,.T.);
#3326 = VERTEX_POINT('',#3327);
#3327 = CARTESIAN_POINT('',(45.61,-140.5,0.));
#3328 = CIRCLE('',#3329,0.5);
#3329 = AXIS2_PLACEMENT_3D('',#3330,#3331,#3332);
#3330 = CARTESIAN_POINT('',(45.61,-140.,0.));
#3331 = DIRECTION('',(-0.,0.,-1.));
#3332 = DIRECTION('',(-0.,-1.,0.));
#3333 = FACE_BOUND('',#3334,.F.);
#3334 = EDGE_LOOP('',(#3335));
#3335 = ORIENTED_EDGE('',*,*,#3336,.T.);
#3336 = EDGE_CURVE('',#3337,#3337,#3339,.T.);
#3337 = VERTEX_POINT('',#3338);
#3338 = CARTESIAN_POINT('',(46.995,-143.34,0.));
#3339 = CIRCLE('',#3340,0.5);
#3340 = AXIS2_PLACEMENT_3D('',#3341,#3342,#3343);
#3341 = CARTESIAN_POINT('',(46.995,-142.84,0.));
#3342 = DIRECTION('',(-0.,0.,-1.));
#3343 = DIRECTION('',(-0.,-1.,0.));
#3344 = FACE_BOUND('',#3345,.F.);
#3345 = EDGE_LOOP('',(#3346));
#3346 = ORIENTED_EDGE('',*,*,#3347,.T.);
#3347 = EDGE_CURVE('',#3348,#3348,#3350,.T.);
#3348 = VERTEX_POINT('',#3349);
#3349 = CARTESIAN_POINT('',(48.38,-140.5,0.));
#3350 = CIRCLE('',#3351,0.5);
#3351 = AXIS2_PLACEMENT_3D('',#3352,#3353,#3354);
#3352 = CARTESIAN_POINT('',(48.38,-140.,0.));
#3353 = DIRECTION('',(-0.,0.,-1.));
#3354 = DIRECTION('',(-0.,-1.,0.));
#3355 = FACE_BOUND('',#3356,.F.);
#3356 = EDGE_LOOP('',(#3357));
#3357 = ORIENTED_EDGE('',*,*,#3358,.T.);
#3358 = EDGE_CURVE('',#3359,#3359,#3361,.T.);
#3359 = VERTEX_POINT('',#3360);
#3360 = CARTESIAN_POINT('',(49.765,-143.34,0.));
#3361 = CIRCLE('',#3362,0.5);
#3362 = AXIS2_PLACEMENT_3D('',#3363,#3364,#3365);
#3363 = CARTESIAN_POINT('',(49.765,-142.84,0.));
#3364 = DIRECTION('',(-0.,0.,-1.));
#3365 = DIRECTION('',(-0.,-1.,0.));
#3366 = FACE_BOUND('',#3367,.F.);
#3367 = EDGE_LOOP('',(#3368));
#3368 = ORIENTED_EDGE('',*,*,#3369,.T.);
#3369 = EDGE_CURVE('',#3370,#3370,#3372,.T.);
#3370 = VERTEX_POINT('',#3371);
#3371 = CARTESIAN_POINT('',(51.15,-140.5,0.));
#3372 = CIRCLE('',#3373,0.5);
#3373 = AXIS2_PLACEMENT_3D('',#3374,#3375,#3376);
#3374 = CARTESIAN_POINT('',(51.15,-140.,0.));
#3375 = DIRECTION('',(-0.,0.,-1.));
#3376 = DIRECTION('',(-0.,-1.,0.));
#3377 = FACE_BOUND('',#3378,.F.);
#3378 = EDGE_LOOP('',(#3379));
#3379 = ORIENTED_EDGE('',*,*,#3380,.T.);
#3380 = EDGE_CURVE('',#3381,#3381,#3383,.T.);
#3381 = VERTEX_POINT('',#3382);
#3382 = CARTESIAN_POINT('',(52.535,-143.34,0.));
#3383 = CIRCLE('',#3384,0.5);
#3384 = AXIS2_PLACEMENT_3D('',#3385,#3386,#3387);
#3385 = CARTESIAN_POINT('',(52.535,-142.84,0.));
#3386 = DIRECTION('',(-0.,0.,-1.));
#3387 = DIRECTION('',(-0.,-1.,0.));
#3388 = FACE_BOUND('',#3389,.F.);
#3389 = EDGE_LOOP('',(#3390));
#3390 = ORIENTED_EDGE('',*,*,#3391,.T.);
#3391 = EDGE_CURVE('',#3392,#3392,#3394,.T.);
#3392 = VERTEX_POINT('',#3393);
#3393 = CARTESIAN_POINT('',(53.92,-140.5,0.));
#3394 = CIRCLE('',#3395,0.5);
#3395 = AXIS2_PLACEMENT_3D('',#3396,#3397,#3398);
#3396 = CARTESIAN_POINT('',(53.92,-140.,0.));
#3397 = DIRECTION('',(-0.,0.,-1.));
#3398 = DIRECTION('',(-0.,-1.,0.));
#3399 = FACE_BOUND('',#3400,.F.);
#3400 = EDGE_LOOP('',(#3401));
#3401 = ORIENTED_EDGE('',*,*,#3402,.T.);
#3402 = EDGE_CURVE('',#3403,#3403,#3405,.T.);
#3403 = VERTEX_POINT('',#3404);
#3404 = CARTESIAN_POINT('',(55.305,-143.34,0.));
#3405 = CIRCLE('',#3406,0.5);
#3406 = AXIS2_PLACEMENT_3D('',#3407,#3408,#3409);
#3407 = CARTESIAN_POINT('',(55.305,-142.84,0.));
#3408 = DIRECTION('',(-0.,0.,-1.));
#3409 = DIRECTION('',(-0.,-1.,0.));
#3410 = FACE_BOUND('',#3411,.F.);
#3411 = EDGE_LOOP('',(#3412));
#3412 = ORIENTED_EDGE('',*,*,#3413,.T.);
#3413 = EDGE_CURVE('',#3414,#3414,#3416,.T.);
#3414 = VERTEX_POINT('',#3415);
#3415 = CARTESIAN_POINT('',(56.69,-140.5,0.));
#3416 = CIRCLE('',#3417,0.5);
#3417 = AXIS2_PLACEMENT_3D('',#3418,#3419,#3420);
#3418 = CARTESIAN_POINT('',(56.69,-140.,0.));
#3419 = DIRECTION('',(-0.,0.,-1.));
#3420 = DIRECTION('',(-0.,-1.,0.));
#3421 = FACE_BOUND('',#3422,.F.);
#3422 = EDGE_LOOP('',(#3423));
#3423 = ORIENTED_EDGE('',*,*,#3424,.T.);
#3424 = EDGE_CURVE('',#3425,#3425,#3427,.T.);
#3425 = VERTEX_POINT('',#3426);
#3426 = CARTESIAN_POINT('',(58.075,-143.34,0.));
#3427 = CIRCLE('',#3428,0.5);
#3428 = AXIS2_PLACEMENT_3D('',#3429,#3430,#3431);
#3429 = CARTESIAN_POINT('',(58.075,-142.84,0.));
#3430 = DIRECTION('',(-0.,0.,-1.));
#3431 = DIRECTION('',(-0.,-1.,0.));
#3432 = FACE_BOUND('',#3433,.F.);
#3433 = EDGE_LOOP('',(#3434));
#3434 = ORIENTED_EDGE('',*,*,#3435,.T.);
#3435 = EDGE_CURVE('',#3436,#3436,#3438,.T.);
#3436 = VERTEX_POINT('',#3437);
#3437 = CARTESIAN_POINT('',(59.46,-140.5,0.));
#3438 = CIRCLE('',#3439,0.5);
#3439 = AXIS2_PLACEMENT_3D('',#3440,#3441,#3442);
#3440 = CARTESIAN_POINT('',(59.46,-140.,0.));
#3441 = DIRECTION('',(-0.,0.,-1.));
#3442 = DIRECTION('',(-0.,-1.,0.));
#3443 = FACE_BOUND('',#3444,.F.);
#3444 = EDGE_LOOP('',(#3445));
#3445 = ORIENTED_EDGE('',*,*,#3446,.T.);
#3446 = EDGE_CURVE('',#3447,#3447,#3449,.T.);
#3447 = VERTEX_POINT('',#3448);
#3448 = CARTESIAN_POINT('',(60.845,-143.34,0.));
#3449 = CIRCLE('',#3450,0.5);
#3450 = AXIS2_PLACEMENT_3D('',#3451,#3452,#3453);
#3451 = CARTESIAN_POINT('',(60.845,-142.84,0.));
#3452 = DIRECTION('',(-0.,0.,-1.));
#3453 = DIRECTION('',(-0.,-1.,0.));
#3454 = FACE_BOUND('',#3455,.F.);
#3455 = EDGE_LOOP('',(#3456));
#3456 = ORIENTED_EDGE('',*,*,#3457,.T.);
#3457 = EDGE_CURVE('',#3458,#3458,#3460,.T.);
#3458 = VERTEX_POINT('',#3459);
#3459 = CARTESIAN_POINT('',(62.23,-140.5,0.));
#3460 = CIRCLE('',#3461,0.5);
#3461 = AXIS2_PLACEMENT_3D('',#3462,#3463,#3464);
#3462 = CARTESIAN_POINT('',(62.23,-140.,0.));
#3463 = DIRECTION('',(-0.,0.,-1.));
#3464 = DIRECTION('',(-0.,-1.,0.));
#3465 = FACE_BOUND('',#3466,.F.);
#3466 = EDGE_LOOP('',(#3467));
#3467 = ORIENTED_EDGE('',*,*,#3468,.T.);
#3468 = EDGE_CURVE('',#3469,#3469,#3471,.T.);
#3469 = VERTEX_POINT('',#3470);
#3470 = CARTESIAN_POINT('',(63.615,-143.34,0.));
#3471 = CIRCLE('',#3472,0.5);
#3472 = AXIS2_PLACEMENT_3D('',#3473,#3474,#3475);
#3473 = CARTESIAN_POINT('',(63.615,-142.84,0.));
#3474 = DIRECTION('',(-0.,0.,-1.));
#3475 = DIRECTION('',(1.42108547152E-14,-1.,-0.));
#3476 = FACE_BOUND('',#3477,.F.);
#3477 = EDGE_LOOP('',(#3478));
#3478 = ORIENTED_EDGE('',*,*,#3479,.T.);
#3479 = EDGE_CURVE('',#3480,#3480,#3482,.T.);
#3480 = VERTEX_POINT('',#3481);
#3481 = CARTESIAN_POINT('',(65.,-140.5,0.));
#3482 = CIRCLE('',#3483,0.5);
#3483 = AXIS2_PLACEMENT_3D('',#3484,#3485,#3486);
#3484 = CARTESIAN_POINT('',(65.,-140.,0.));
#3485 = DIRECTION('',(-0.,0.,-1.));
#3486 = DIRECTION('',(-0.,-1.,0.));
#3487 = FACE_BOUND('',#3488,.F.);
#3488 = EDGE_LOOP('',(#3489));
#3489 = ORIENTED_EDGE('',*,*,#3490,.T.);
#3490 = EDGE_CURVE('',#3491,#3491,#3493,.T.);
#3491 = VERTEX_POINT('',#3492);
#3492 = CARTESIAN_POINT('',(71.955,-141.9,0.));
#3493 = CIRCLE('',#3494,1.6);
#3494 = AXIS2_PLACEMENT_3D('',#3495,#3496,#3497);
#3495 = CARTESIAN_POINT('',(71.955,-140.3,0.));
#3496 = DIRECTION('',(-0.,0.,-1.));
#3497 = DIRECTION('',(-8.881784197001E-15,-1.,0.));
#3498 = FACE_BOUND('',#3499,.F.);
#3499 = EDGE_LOOP('',(#3500));
#3500 = ORIENTED_EDGE('',*,*,#3501,.T.);
#3501 = EDGE_CURVE('',#3502,#3502,#3504,.T.);
#3502 = VERTEX_POINT('',#3503);
#3503 = CARTESIAN_POINT('',(88.655,-141.9,0.));
#3504 = CIRCLE('',#3505,1.6);
#3505 = AXIS2_PLACEMENT_3D('',#3506,#3507,#3508);
#3506 = CARTESIAN_POINT('',(88.655,-140.3,0.));
#3507 = DIRECTION('',(-0.,0.,-1.));
#3508 = DIRECTION('',(-0.,-1.,0.));
#3509 = FACE_BOUND('',#3510,.F.);
#3510 = EDGE_LOOP('',(#3511));
#3511 = ORIENTED_EDGE('',*,*,#3512,.T.);
#3512 = EDGE_CURVE('',#3513,#3513,#3515,.T.);
#3513 = VERTEX_POINT('',#3514);
#3514 = CARTESIAN_POINT('',(95.61,-140.5,0.));
#3515 = CIRCLE('',#3516,0.5);
#3516 = AXIS2_PLACEMENT_3D('',#3517,#3518,#3519);
#3517 = CARTESIAN_POINT('',(95.61,-140.,0.));
#3518 = DIRECTION('',(-0.,0.,-1.));
#3519 = DIRECTION('',(-0.,-1.,0.));
#3520 = FACE_BOUND('',#3521,.F.);
#3521 = EDGE_LOOP('',(#3522));
#3522 = ORIENTED_EDGE('',*,*,#3523,.T.);
#3523 = EDGE_CURVE('',#3524,#3524,#3526,.T.);
#3524 = VERTEX_POINT('',#3525);
#3525 = CARTESIAN_POINT('',(96.995,-143.34,0.));
#3526 = CIRCLE('',#3527,0.5);
#3527 = AXIS2_PLACEMENT_3D('',#3528,#3529,#3530);
#3528 = CARTESIAN_POINT('',(96.995,-142.84,0.));
#3529 = DIRECTION('',(-0.,0.,-1.));
#3530 = DIRECTION('',(-0.,-1.,0.));
#3531 = FACE_BOUND('',#3532,.F.);
#3532 = EDGE_LOOP('',(#3533));
#3533 = ORIENTED_EDGE('',*,*,#3534,.T.);
#3534 = EDGE_CURVE('',#3535,#3535,#3537,.T.);
#3535 = VERTEX_POINT('',#3536);
#3536 = CARTESIAN_POINT('',(98.38,-140.5,0.));
#3537 = CIRCLE('',#3538,0.5);
#3538 = AXIS2_PLACEMENT_3D('',#3539,#3540,#3541);
#3539 = CARTESIAN_POINT('',(98.38,-140.,0.));
#3540 = DIRECTION('',(-0.,0.,-1.));
#3541 = DIRECTION('',(-0.,-1.,0.));
#3542 = FACE_BOUND('',#3543,.F.);
#3543 = EDGE_LOOP('',(#3544));
#3544 = ORIENTED_EDGE('',*,*,#3545,.T.);
#3545 = EDGE_CURVE('',#3546,#3546,#3548,.T.);
#3546 = VERTEX_POINT('',#3547);
#3547 = CARTESIAN_POINT('',(99.765,-143.34,0.));
#3548 = CIRCLE('',#3549,0.5);
#3549 = AXIS2_PLACEMENT_3D('',#3550,#3551,#3552);
#3550 = CARTESIAN_POINT('',(99.765,-142.84,0.));
#3551 = DIRECTION('',(-0.,0.,-1.));
#3552 = DIRECTION('',(-0.,-1.,0.));
#3553 = FACE_BOUND('',#3554,.F.);
#3554 = EDGE_LOOP('',(#3555));
#3555 = ORIENTED_EDGE('',*,*,#3556,.T.);
#3556 = EDGE_CURVE('',#3557,#3557,#3559,.T.);
#3557 = VERTEX_POINT('',#3558);
#3558 = CARTESIAN_POINT('',(101.15,-140.5,0.));
#3559 = CIRCLE('',#3560,0.5);
#3560 = AXIS2_PLACEMENT_3D('',#3561,#3562,#3563);
#3561 = CARTESIAN_POINT('',(101.15,-140.,0.));
#3562 = DIRECTION('',(-0.,0.,-1.));
#3563 = DIRECTION('',(-0.,-1.,0.));
#3564 = FACE_BOUND('',#3565,.F.);
#3565 = EDGE_LOOP('',(#3566));
#3566 = ORIENTED_EDGE('',*,*,#3567,.F.);
#3567 = EDGE_CURVE('',#3568,#3568,#3570,.T.);
#3568 = VERTEX_POINT('',#3569);
#3569 = CARTESIAN_POINT('',(84.,-120.,0.));
#3570 = CIRCLE('',#3571,4.);
#3571 = AXIS2_PLACEMENT_3D('',#3572,#3573,#3574);
#3572 = CARTESIAN_POINT('',(80.,-120.,0.));
#3573 = DIRECTION('',(0.,0.,1.));
#3574 = DIRECTION('',(1.,0.,-0.));
#3575 = FACE_BOUND('',#3576,.F.);
#3576 = EDGE_LOOP('',(#3577));
#3577 = ORIENTED_EDGE('',*,*,#3578,.T.);
#3578 = EDGE_CURVE('',#3579,#3579,#3581,.T.);
#3579 = VERTEX_POINT('',#3580);
#3580 = CARTESIAN_POINT('',(102.535,-143.34,0.));
#3581 = CIRCLE('',#3582,0.5);
#3582 = AXIS2_PLACEMENT_3D('',#3583,#3584,#3585);
#3583 = CARTESIAN_POINT('',(102.535,-142.84,0.));
#3584 = DIRECTION('',(-0.,0.,-1.));
#3585 = DIRECTION('',(-0.,-1.,0.));
#3586 = FACE_BOUND('',#3587,.F.);
#3587 = EDGE_LOOP('',(#3588));
#3588 = ORIENTED_EDGE('',*,*,#3589,.T.);
#3589 = EDGE_CURVE('',#3590,#3590,#3592,.T.);
#3590 = VERTEX_POINT('',#3591);
#3591 = CARTESIAN_POINT('',(103.92,-140.5,0.));
#3592 = CIRCLE('',#3593,0.5);
#3593 = AXIS2_PLACEMENT_3D('',#3594,#3595,#3596);
#3594 = CARTESIAN_POINT('',(103.92,-140.,0.));
#3595 = DIRECTION('',(-0.,0.,-1.));
#3596 = DIRECTION('',(-0.,-1.,0.));
#3597 = FACE_BOUND('',#3598,.F.);
#3598 = EDGE_LOOP('',(#3599));
#3599 = ORIENTED_EDGE('',*,*,#3600,.T.);
#3600 = EDGE_CURVE('',#3601,#3601,#3603,.T.);
#3601 = VERTEX_POINT('',#3602);
#3602 = CARTESIAN_POINT('',(105.305,-143.34,0.));
#3603 = CIRCLE('',#3604,0.5);
#3604 = AXIS2_PLACEMENT_3D('',#3605,#3606,#3607);
#3605 = CARTESIAN_POINT('',(105.305,-142.84,0.));
#3606 = DIRECTION('',(-0.,0.,-1.));
#3607 = DIRECTION('',(-0.,-1.,0.));
#3608 = FACE_BOUND('',#3609,.F.);
#3609 = EDGE_LOOP('',(#3610));
#3610 = ORIENTED_EDGE('',*,*,#3611,.T.);
#3611 = EDGE_CURVE('',#3612,#3612,#3614,.T.);
#3612 = VERTEX_POINT('',#3613);
#3613 = CARTESIAN_POINT('',(106.69,-140.5,0.));
#3614 = CIRCLE('',#3615,0.5);
#3615 = AXIS2_PLACEMENT_3D('',#3616,#3617,#3618);
#3616 = CARTESIAN_POINT('',(106.69,-140.,0.));
#3617 = DIRECTION('',(-0.,0.,-1.));
#3618 = DIRECTION('',(-0.,-1.,0.));
#3619 = FACE_BOUND('',#3620,.F.);
#3620 = EDGE_LOOP('',(#3621));
#3621 = ORIENTED_EDGE('',*,*,#3622,.T.);
#3622 = EDGE_CURVE('',#3623,#3623,#3625,.T.);
#3623 = VERTEX_POINT('',#3624);
#3624 = CARTESIAN_POINT('',(108.075,-143.34,0.));
#3625 = CIRCLE('',#3626,0.5);
#3626 = AXIS2_PLACEMENT_3D('',#3627,#3628,#3629);
#3627 = CARTESIAN_POINT('',(108.075,-142.84,0.));
#3628 = DIRECTION('',(-0.,0.,-1.));
#3629 = DIRECTION('',(-0.,-1.,0.));
#3630 = FACE_BOUND('',#3631,.F.);
#3631 = EDGE_LOOP('',(#3632));
#3632 = ORIENTED_EDGE('',*,*,#3633,.T.);
#3633 = EDGE_CURVE('',#3634,#3634,#3636,.T.);
#3634 = VERTEX_POINT('',#3635);
#3635 = CARTESIAN_POINT('',(109.46,-140.5,0.));
#3636 = CIRCLE('',#3637,0.5);
#3637 = AXIS2_PLACEMENT_3D('',#3638,#3639,#3640);
#3638 = CARTESIAN_POINT('',(109.46,-140.,0.));
#3639 = DIRECTION('',(-0.,0.,-1.));
#3640 = DIRECTION('',(-0.,-1.,0.));
#3641 = FACE_BOUND('',#3642,.F.);
#3642 = EDGE_LOOP('',(#3643));
#3643 = ORIENTED_EDGE('',*,*,#3644,.T.);
#3644 = EDGE_CURVE('',#3645,#3645,#3647,.T.);
#3645 = VERTEX_POINT('',#3646);
#3646 = CARTESIAN_POINT('',(110.845,-143.34,0.));
#3647 = CIRCLE('',#3648,0.5);
#3648 = AXIS2_PLACEMENT_3D('',#3649,#3650,#3651);
#3649 = CARTESIAN_POINT('',(110.845,-142.84,0.));
#3650 = DIRECTION('',(-0.,0.,-1.));
#3651 = DIRECTION('',(-0.,-1.,0.));
#3652 = FACE_BOUND('',#3653,.F.);
#3653 = EDGE_LOOP('',(#3654));
#3654 = ORIENTED_EDGE('',*,*,#3655,.T.);
#3655 = EDGE_CURVE('',#3656,#3656,#3658,.T.);
#3656 = VERTEX_POINT('',#3657);
#3657 = CARTESIAN_POINT('',(112.23,-140.5,0.));
#3658 = CIRCLE('',#3659,0.5);
#3659 = AXIS2_PLACEMENT_3D('',#3660,#3661,#3662);
#3660 = CARTESIAN_POINT('',(112.23,-140.,0.));
#3661 = DIRECTION('',(-0.,0.,-1.));
#3662 = DIRECTION('',(-0.,-1.,0.));
#3663 = FACE_BOUND('',#3664,.F.);
#3664 = EDGE_LOOP('',(#3665));
#3665 = ORIENTED_EDGE('',*,*,#3666,.T.);
#3666 = EDGE_CURVE('',#3667,#3667,#3669,.T.);
#3667 = VERTEX_POINT('',#3668);
#3668 = CARTESIAN_POINT('',(113.615,-143.34,0.));
#3669 = CIRCLE('',#3670,0.5);
#3670 = AXIS2_PLACEMENT_3D('',#3671,#3672,#3673);
#3671 = CARTESIAN_POINT('',(113.615,-142.84,0.));
#3672 = DIRECTION('',(-0.,0.,-1.));
#3673 = DIRECTION('',(-0.,-1.,0.));
#3674 = FACE_BOUND('',#3675,.F.);
#3675 = EDGE_LOOP('',(#3676));
#3676 = ORIENTED_EDGE('',*,*,#3677,.T.);
#3677 = EDGE_CURVE('',#3678,#3678,#3680,.T.);
#3678 = VERTEX_POINT('',#3679);
#3679 = CARTESIAN_POINT('',(115.,-140.5,0.));
#3680 = CIRCLE('',#3681,0.5);
#3681 = AXIS2_PLACEMENT_3D('',#3682,#3683,#3684);
#3682 = CARTESIAN_POINT('',(115.,-140.,0.));
#3683 = DIRECTION('',(-0.,0.,-1.));
#3684 = DIRECTION('',(-0.,-1.,0.));
#3685 = FACE_BOUND('',#3686,.F.);
#3686 = EDGE_LOOP('',(#3687));
#3687 = ORIENTED_EDGE('',*,*,#3688,.T.);
#3688 = EDGE_CURVE('',#3689,#3689,#3691,.T.);
#3689 = VERTEX_POINT('',#3690);
#3690 = CARTESIAN_POINT('',(121.955,-141.9,0.));
#3691 = CIRCLE('',#3692,1.6);
#3692 = AXIS2_PLACEMENT_3D('',#3693,#3694,#3695);
#3693 = CARTESIAN_POINT('',(121.955,-140.3,0.));
#3694 = DIRECTION('',(-0.,0.,-1.));
#3695 = DIRECTION('',(-8.881784197001E-15,-1.,0.));
#3696 = FACE_BOUND('',#3697,.F.);
#3697 = EDGE_LOOP('',(#3698));
#3698 = ORIENTED_EDGE('',*,*,#3699,.T.);
#3699 = EDGE_CURVE('',#3700,#3700,#3702,.T.);
#3700 = VERTEX_POINT('',#3701);
#3701 = CARTESIAN_POINT('',(37.16,-78.9,0.));
#3702 = CIRCLE('',#3703,1.6);
#3703 = AXIS2_PLACEMENT_3D('',#3704,#3705,#3706);
#3704 = CARTESIAN_POINT('',(37.16,-77.3,0.));
#3705 = DIRECTION('',(-0.,0.,-1.));
#3706 = DIRECTION('',(-0.,-1.,0.));
#3707 = FACE_BOUND('',#3708,.F.);
#3708 = EDGE_LOOP('',(#3709));
#3709 = ORIENTED_EDGE('',*,*,#3710,.T.);
#3710 = EDGE_CURVE('',#3711,#3711,#3713,.T.);
#3711 = VERTEX_POINT('',#3712);
#3712 = CARTESIAN_POINT('',(40.,-70.845,0.));
#3713 = CIRCLE('',#3714,0.5);
#3714 = AXIS2_PLACEMENT_3D('',#3715,#3716,#3717);
#3715 = CARTESIAN_POINT('',(40.,-70.345,0.));
#3716 = DIRECTION('',(-0.,0.,-1.));
#3717 = DIRECTION('',(-0.,-1.,0.));
#3718 = FACE_BOUND('',#3719,.F.);
#3719 = EDGE_LOOP('',(#3720));
#3720 = ORIENTED_EDGE('',*,*,#3721,.T.);
#3721 = EDGE_CURVE('',#3722,#3722,#3724,.T.);
#3722 = VERTEX_POINT('',#3723);
#3723 = CARTESIAN_POINT('',(37.16,-69.46,0.));
#3724 = CIRCLE('',#3725,0.5);
#3725 = AXIS2_PLACEMENT_3D('',#3726,#3727,#3728);
#3726 = CARTESIAN_POINT('',(37.16,-68.96,0.));
#3727 = DIRECTION('',(-0.,0.,-1.));
#3728 = DIRECTION('',(-0.,-1.,0.));
#3729 = FACE_BOUND('',#3730,.F.);
#3730 = EDGE_LOOP('',(#3731));
#3731 = ORIENTED_EDGE('',*,*,#3732,.T.);
#3732 = EDGE_CURVE('',#3733,#3733,#3735,.T.);
#3733 = VERTEX_POINT('',#3734);
#3734 = CARTESIAN_POINT('',(37.16,-66.69,0.));
#3735 = CIRCLE('',#3736,0.5);
#3736 = AXIS2_PLACEMENT_3D('',#3737,#3738,#3739);
#3737 = CARTESIAN_POINT('',(37.16,-66.19,0.));
#3738 = DIRECTION('',(-0.,0.,-1.));
#3739 = DIRECTION('',(-0.,-1.,0.));
#3740 = FACE_BOUND('',#3741,.F.);
#3741 = EDGE_LOOP('',(#3742));
#3742 = ORIENTED_EDGE('',*,*,#3743,.T.);
#3743 = EDGE_CURVE('',#3744,#3744,#3746,.T.);
#3744 = VERTEX_POINT('',#3745);
#3745 = CARTESIAN_POINT('',(40.,-68.075,0.));
#3746 = CIRCLE('',#3747,0.5);
#3747 = AXIS2_PLACEMENT_3D('',#3748,#3749,#3750);
#3748 = CARTESIAN_POINT('',(40.,-67.575,0.));
#3749 = DIRECTION('',(-0.,0.,-1.));
#3750 = DIRECTION('',(-0.,-1.,0.));
#3751 = FACE_BOUND('',#3752,.F.);
#3752 = EDGE_LOOP('',(#3753));
#3753 = ORIENTED_EDGE('',*,*,#3754,.T.);
#3754 = EDGE_CURVE('',#3755,#3755,#3757,.T.);
#3755 = VERTEX_POINT('',#3756);
#3756 = CARTESIAN_POINT('',(37.16,-63.92,0.));
#3757 = CIRCLE('',#3758,0.5);
#3758 = AXIS2_PLACEMENT_3D('',#3759,#3760,#3761);
#3759 = CARTESIAN_POINT('',(37.16,-63.42,0.));
#3760 = DIRECTION('',(-0.,0.,-1.));
#3761 = DIRECTION('',(-0.,-1.,0.));
#3762 = FACE_BOUND('',#3763,.F.);
#3763 = EDGE_LOOP('',(#3764));
#3764 = ORIENTED_EDGE('',*,*,#3765,.T.);
#3765 = EDGE_CURVE('',#3766,#3766,#3768,.T.);
#3766 = VERTEX_POINT('',#3767);
#3767 = CARTESIAN_POINT('',(40.,-65.305,0.));
#3768 = CIRCLE('',#3769,0.5);
#3769 = AXIS2_PLACEMENT_3D('',#3770,#3771,#3772);
#3770 = CARTESIAN_POINT('',(40.,-64.805,0.));
#3771 = DIRECTION('',(-0.,0.,-1.));
#3772 = DIRECTION('',(-0.,-1.,0.));
#3773 = FACE_BOUND('',#3774,.F.);
#3774 = EDGE_LOOP('',(#3775));
#3775 = ORIENTED_EDGE('',*,*,#3776,.T.);
#3776 = EDGE_CURVE('',#3777,#3777,#3779,.T.);
#3777 = VERTEX_POINT('',#3778);
#3778 = CARTESIAN_POINT('',(40.,-62.535,0.));
#3779 = CIRCLE('',#3780,0.5);
#3780 = AXIS2_PLACEMENT_3D('',#3781,#3782,#3783);
#3781 = CARTESIAN_POINT('',(40.,-62.035,0.));
#3782 = DIRECTION('',(-0.,0.,-1.));
#3783 = DIRECTION('',(-0.,-1.,0.));
#3784 = FACE_BOUND('',#3785,.F.);
#3785 = EDGE_LOOP('',(#3786));
#3786 = ORIENTED_EDGE('',*,*,#3787,.T.);
#3787 = EDGE_CURVE('',#3788,#3788,#3790,.T.);
#3788 = VERTEX_POINT('',#3789);
#3789 = CARTESIAN_POINT('',(37.16,-61.15,0.));
#3790 = CIRCLE('',#3791,0.5);
#3791 = AXIS2_PLACEMENT_3D('',#3792,#3793,#3794);
#3792 = CARTESIAN_POINT('',(37.16,-60.65,0.));
#3793 = DIRECTION('',(-0.,0.,-1.));
#3794 = DIRECTION('',(-0.,-1.,0.));
#3795 = FACE_BOUND('',#3796,.F.);
#3796 = EDGE_LOOP('',(#3797));
#3797 = ORIENTED_EDGE('',*,*,#3798,.T.);
#3798 = EDGE_CURVE('',#3799,#3799,#3801,.T.);
#3799 = VERTEX_POINT('',#3800);
#3800 = CARTESIAN_POINT('',(40.,-59.765,0.));
#3801 = CIRCLE('',#3802,0.5);
#3802 = AXIS2_PLACEMENT_3D('',#3803,#3804,#3805);
#3803 = CARTESIAN_POINT('',(40.,-59.265,0.));
#3804 = DIRECTION('',(-0.,0.,-1.));
#3805 = DIRECTION('',(-0.,-1.,0.));
#3806 = FACE_BOUND('',#3807,.F.);
#3807 = EDGE_LOOP('',(#3808));
#3808 = ORIENTED_EDGE('',*,*,#3809,.T.);
#3809 = EDGE_CURVE('',#3810,#3810,#3812,.T.);
#3810 = VERTEX_POINT('',#3811);
#3811 = CARTESIAN_POINT('',(79.,-83.475,0.));
#3812 = CIRCLE('',#3813,0.475);
#3813 = AXIS2_PLACEMENT_3D('',#3814,#3815,#3816);
#3814 = CARTESIAN_POINT('',(79.,-83.,0.));
#3815 = DIRECTION('',(-0.,0.,-1.));
#3816 = DIRECTION('',(-0.,-1.,0.));
#3817 = FACE_BOUND('',#3818,.F.);
#3818 = EDGE_LOOP('',(#3819));
#3819 = ORIENTED_EDGE('',*,*,#3820,.T.);
#3820 = EDGE_CURVE('',#3821,#3821,#3823,.T.);
#3821 = VERTEX_POINT('',#3822);
#3822 = CARTESIAN_POINT('',(37.16,-58.38,0.));
#3823 = CIRCLE('',#3824,0.5);
#3824 = AXIS2_PLACEMENT_3D('',#3825,#3826,#3827);
#3825 = CARTESIAN_POINT('',(37.16,-57.88,0.));
#3826 = DIRECTION('',(-0.,0.,-1.));
#3827 = DIRECTION('',(-0.,-1.,0.));
#3828 = FACE_BOUND('',#3829,.F.);
#3829 = EDGE_LOOP('',(#3830));
#3830 = ORIENTED_EDGE('',*,*,#3831,.T.);
#3831 = EDGE_CURVE('',#3832,#3832,#3834,.T.);
#3832 = VERTEX_POINT('',#3833);
#3833 = CARTESIAN_POINT('',(37.16,-55.61,0.));
#3834 = CIRCLE('',#3835,0.5);
#3835 = AXIS2_PLACEMENT_3D('',#3836,#3837,#3838);
#3836 = CARTESIAN_POINT('',(37.16,-55.11,0.));
#3837 = DIRECTION('',(-0.,0.,-1.));
#3838 = DIRECTION('',(-0.,-1.,0.));
#3839 = FACE_BOUND('',#3840,.F.);
#3840 = EDGE_LOOP('',(#3841));
#3841 = ORIENTED_EDGE('',*,*,#3842,.T.);
#3842 = EDGE_CURVE('',#3843,#3843,#3845,.T.);
#3843 = VERTEX_POINT('',#3844);
#3844 = CARTESIAN_POINT('',(40.,-56.995,0.));
#3845 = CIRCLE('',#3846,0.5);
#3846 = AXIS2_PLACEMENT_3D('',#3847,#3848,#3849);
#3847 = CARTESIAN_POINT('',(40.,-56.495,0.));
#3848 = DIRECTION('',(-0.,0.,-1.));
#3849 = DIRECTION('',(-0.,-1.,0.));
#3850 = FACE_BOUND('',#3851,.F.);
#3851 = EDGE_LOOP('',(#3852));
#3852 = ORIENTED_EDGE('',*,*,#3853,.T.);
#3853 = EDGE_CURVE('',#3854,#3854,#3856,.T.);
#3854 = VERTEX_POINT('',#3855);
#3855 = CARTESIAN_POINT('',(37.16,-52.84,0.));
#3856 = CIRCLE('',#3857,0.5);
#3857 = AXIS2_PLACEMENT_3D('',#3858,#3859,#3860);
#3858 = CARTESIAN_POINT('',(37.16,-52.34,0.));
#3859 = DIRECTION('',(-0.,0.,-1.));
#3860 = DIRECTION('',(-0.,-1.,0.));
#3861 = FACE_BOUND('',#3862,.F.);
#3862 = EDGE_LOOP('',(#3863));
#3863 = ORIENTED_EDGE('',*,*,#3864,.T.);
#3864 = EDGE_CURVE('',#3865,#3865,#3867,.T.);
#3865 = VERTEX_POINT('',#3866);
#3866 = CARTESIAN_POINT('',(40.,-54.225,0.));
#3867 = CIRCLE('',#3868,0.5);
#3868 = AXIS2_PLACEMENT_3D('',#3869,#3870,#3871);
#3869 = CARTESIAN_POINT('',(40.,-53.725,0.));
#3870 = DIRECTION('',(-0.,0.,-1.));
#3871 = DIRECTION('',(-0.,-1.,0.));
#3872 = FACE_BOUND('',#3873,.F.);
#3873 = EDGE_LOOP('',(#3874));
#3874 = ORIENTED_EDGE('',*,*,#3875,.T.);
#3875 = EDGE_CURVE('',#3876,#3876,#3878,.T.);
#3876 = VERTEX_POINT('',#3877);
#3877 = CARTESIAN_POINT('',(40.,-51.455,0.));
#3878 = CIRCLE('',#3879,0.5);
#3879 = AXIS2_PLACEMENT_3D('',#3880,#3881,#3882);
#3880 = CARTESIAN_POINT('',(40.,-50.955,0.));
#3881 = DIRECTION('',(-0.,0.,-1.));
#3882 = DIRECTION('',(-0.,-1.,0.));
#3883 = FACE_BOUND('',#3884,.F.);
#3884 = EDGE_LOOP('',(#3885));
#3885 = ORIENTED_EDGE('',*,*,#3886,.T.);
#3886 = EDGE_CURVE('',#3887,#3887,#3889,.T.);
#3887 = VERTEX_POINT('',#3888);
#3888 = CARTESIAN_POINT('',(37.16,-45.6,0.));
#3889 = CIRCLE('',#3890,1.6);
#3890 = AXIS2_PLACEMENT_3D('',#3891,#3892,#3893);
#3891 = CARTESIAN_POINT('',(37.16,-44.,0.));
#3892 = DIRECTION('',(-0.,0.,-1.));
#3893 = DIRECTION('',(-0.,-1.,0.));
#3894 = FACE_BOUND('',#3895,.F.);
#3895 = EDGE_LOOP('',(#3896));
#3896 = ORIENTED_EDGE('',*,*,#3897,.T.);
#3897 = EDGE_CURVE('',#3898,#3898,#3900,.T.);
#3898 = VERTEX_POINT('',#3899);
#3899 = CARTESIAN_POINT('',(63.68,-33.26,0.));
#3900 = CIRCLE('',#3901,1.6);
#3901 = AXIS2_PLACEMENT_3D('',#3902,#3903,#3904);
#3902 = CARTESIAN_POINT('',(63.68,-31.66,0.));
#3903 = DIRECTION('',(-0.,0.,-1.));
#3904 = DIRECTION('',(-0.,-1.,0.));
#3905 = FACE_BOUND('',#3906,.F.);
#3906 = EDGE_LOOP('',(#3907));
#3907 = ORIENTED_EDGE('',*,*,#3908,.T.);
#3908 = EDGE_CURVE('',#3909,#3909,#3911,.T.);
#3909 = VERTEX_POINT('',#3910);
#3910 = CARTESIAN_POINT('',(70.635,-35.,0.));
#3911 = CIRCLE('',#3912,0.5);
#3912 = AXIS2_PLACEMENT_3D('',#3913,#3914,#3915);
#3913 = CARTESIAN_POINT('',(70.635,-34.5,0.));
#3914 = DIRECTION('',(-0.,0.,-1.));
#3915 = DIRECTION('',(-0.,-1.,0.));
#3916 = FACE_BOUND('',#3917,.F.);
#3917 = EDGE_LOOP('',(#3918));
#3918 = ORIENTED_EDGE('',*,*,#3919,.T.);
#3919 = EDGE_CURVE('',#3920,#3920,#3922,.T.);
#3920 = VERTEX_POINT('',#3921);
#3921 = CARTESIAN_POINT('',(73.405,-35.,0.));
#3922 = CIRCLE('',#3923,0.5);
#3923 = AXIS2_PLACEMENT_3D('',#3924,#3925,#3926);
#3924 = CARTESIAN_POINT('',(73.405,-34.5,0.));
#3925 = DIRECTION('',(-0.,0.,-1.));
#3926 = DIRECTION('',(-0.,-1.,0.));
#3927 = FACE_BOUND('',#3928,.F.);
#3928 = EDGE_LOOP('',(#3929));
#3929 = ORIENTED_EDGE('',*,*,#3930,.T.);
#3930 = EDGE_CURVE('',#3931,#3931,#3933,.T.);
#3931 = VERTEX_POINT('',#3932);
#3932 = CARTESIAN_POINT('',(72.02,-32.16,0.));
#3933 = CIRCLE('',#3934,0.5);
#3934 = AXIS2_PLACEMENT_3D('',#3935,#3936,#3937);
#3935 = CARTESIAN_POINT('',(72.02,-31.66,0.));
#3936 = DIRECTION('',(-0.,0.,-1.));
#3937 = DIRECTION('',(-0.,-1.,0.));
#3938 = FACE_BOUND('',#3939,.F.);
#3939 = EDGE_LOOP('',(#3940));
#3940 = ORIENTED_EDGE('',*,*,#3941,.T.);
#3941 = EDGE_CURVE('',#3942,#3942,#3944,.T.);
#3942 = VERTEX_POINT('',#3943);
#3943 = CARTESIAN_POINT('',(76.175,-35.,0.));
#3944 = CIRCLE('',#3945,0.5);
#3945 = AXIS2_PLACEMENT_3D('',#3946,#3947,#3948);
#3946 = CARTESIAN_POINT('',(76.175,-34.5,0.));
#3947 = DIRECTION('',(-0.,0.,-1.));
#3948 = DIRECTION('',(-0.,-1.,0.));
#3949 = FACE_BOUND('',#3950,.F.);
#3950 = EDGE_LOOP('',(#3951));
#3951 = ORIENTED_EDGE('',*,*,#3952,.T.);
#3952 = EDGE_CURVE('',#3953,#3953,#3955,.T.);
#3953 = VERTEX_POINT('',#3954);
#3954 = CARTESIAN_POINT('',(78.945,-35.,0.));
#3955 = CIRCLE('',#3956,0.5);
#3956 = AXIS2_PLACEMENT_3D('',#3957,#3958,#3959);
#3957 = CARTESIAN_POINT('',(78.945,-34.5,0.));
#3958 = DIRECTION('',(-0.,0.,-1.));
#3959 = DIRECTION('',(-0.,-1.,0.));
#3960 = FACE_BOUND('',#3961,.F.);
#3961 = EDGE_LOOP('',(#3962));
#3962 = ORIENTED_EDGE('',*,*,#3963,.T.);
#3963 = EDGE_CURVE('',#3964,#3964,#3966,.T.);
#3964 = VERTEX_POINT('',#3965);
#3965 = CARTESIAN_POINT('',(74.79,-32.16,0.));
#3966 = CIRCLE('',#3967,0.5);
#3967 = AXIS2_PLACEMENT_3D('',#3968,#3969,#3970);
#3968 = CARTESIAN_POINT('',(74.79,-31.66,0.));
#3969 = DIRECTION('',(-0.,0.,-1.));
#3970 = DIRECTION('',(-0.,-1.,0.));
#3971 = FACE_BOUND('',#3972,.F.);
#3972 = EDGE_LOOP('',(#3973));
#3973 = ORIENTED_EDGE('',*,*,#3974,.T.);
#3974 = EDGE_CURVE('',#3975,#3975,#3977,.T.);
#3975 = VERTEX_POINT('',#3976);
#3976 = CARTESIAN_POINT('',(77.56,-32.16,0.));
#3977 = CIRCLE('',#3978,0.5);
#3978 = AXIS2_PLACEMENT_3D('',#3979,#3980,#3981);
#3979 = CARTESIAN_POINT('',(77.56,-31.66,0.));
#3980 = DIRECTION('',(-0.,0.,-1.));
#3981 = DIRECTION('',(-0.,-1.,0.));
#3982 = FACE_BOUND('',#3983,.F.);
#3983 = EDGE_LOOP('',(#3984));
#3984 = ORIENTED_EDGE('',*,*,#3985,.T.);
#3985 = EDGE_CURVE('',#3986,#3986,#3988,.T.);
#3986 = VERTEX_POINT('',#3987);
#3987 = CARTESIAN_POINT('',(81.5,-83.475,0.));
#3988 = CIRCLE('',#3989,0.475);
#3989 = AXIS2_PLACEMENT_3D('',#3990,#3991,#3992);
#3990 = CARTESIAN_POINT('',(81.5,-83.,0.));
#3991 = DIRECTION('',(-0.,0.,-1.));
#3992 = DIRECTION('',(-0.,-1.,0.));
#3993 = FACE_BOUND('',#3994,.F.);
#3994 = EDGE_LOOP('',(#3995));
#3995 = ORIENTED_EDGE('',*,*,#3996,.T.);
#3996 = EDGE_CURVE('',#3997,#3997,#3999,.T.);
#3997 = VERTEX_POINT('',#3998);
#3998 = CARTESIAN_POINT('',(84.,-83.475,0.));
#3999 = CIRCLE('',#4000,0.475);
#4000 = AXIS2_PLACEMENT_3D('',#4001,#4002,#4003);
#4001 = CARTESIAN_POINT('',(84.,-83.,0.));
#4002 = DIRECTION('',(-0.,0.,-1.));
#4003 = DIRECTION('',(-0.,-1.,0.));
#4004 = FACE_BOUND('',#4005,.F.);
#4005 = EDGE_LOOP('',(#4006));
#4006 = ORIENTED_EDGE('',*,*,#4007,.T.);
#4007 = EDGE_CURVE('',#4008,#4008,#4010,.T.);
#4008 = VERTEX_POINT('',#4009);
#4009 = CARTESIAN_POINT('',(117.84,-78.9,0.));
#4010 = CIRCLE('',#4011,1.6);
#4011 = AXIS2_PLACEMENT_3D('',#4012,#4013,#4014);
#4012 = CARTESIAN_POINT('',(117.84,-77.3,0.));
#4013 = DIRECTION('',(-0.,0.,-1.));
#4014 = DIRECTION('',(-0.,-1.,0.));
#4015 = FACE_BOUND('',#4016,.F.);
#4016 = EDGE_LOOP('',(#4017));
#4017 = ORIENTED_EDGE('',*,*,#4018,.T.);
#4018 = EDGE_CURVE('',#4019,#4019,#4021,.T.);
#4019 = VERTEX_POINT('',#4020);
#4020 = CARTESIAN_POINT('',(115.,-70.845,0.));
#4021 = CIRCLE('',#4022,0.5);
#4022 = AXIS2_PLACEMENT_3D('',#4023,#4024,#4025);
#4023 = CARTESIAN_POINT('',(115.,-70.345,0.));
#4024 = DIRECTION('',(-0.,0.,-1.));
#4025 = DIRECTION('',(-0.,-1.,0.));
#4026 = FACE_BOUND('',#4027,.F.);
#4027 = EDGE_LOOP('',(#4028));
#4028 = ORIENTED_EDGE('',*,*,#4029,.T.);
#4029 = EDGE_CURVE('',#4030,#4030,#4032,.T.);
#4030 = VERTEX_POINT('',#4031);
#4031 = CARTESIAN_POINT('',(115.,-68.075,0.));
#4032 = CIRCLE('',#4033,0.5);
#4033 = AXIS2_PLACEMENT_3D('',#4034,#4035,#4036);
#4034 = CARTESIAN_POINT('',(115.,-67.575,0.));
#4035 = DIRECTION('',(-0.,0.,-1.));
#4036 = DIRECTION('',(-0.,-1.,0.));
#4037 = FACE_BOUND('',#4038,.F.);
#4038 = EDGE_LOOP('',(#4039));
#4039 = ORIENTED_EDGE('',*,*,#4040,.T.);
#4040 = EDGE_CURVE('',#4041,#4041,#4043,.T.);
#4041 = VERTEX_POINT('',#4042);
#4042 = CARTESIAN_POINT('',(117.84,-69.46,0.));
#4043 = CIRCLE('',#4044,0.5);
#4044 = AXIS2_PLACEMENT_3D('',#4045,#4046,#4047);
#4045 = CARTESIAN_POINT('',(117.84,-68.96,0.));
#4046 = DIRECTION('',(-0.,0.,-1.));
#4047 = DIRECTION('',(-0.,-1.,0.));
#4048 = FACE_BOUND('',#4049,.F.);
#4049 = EDGE_LOOP('',(#4050));
#4050 = ORIENTED_EDGE('',*,*,#4051,.T.);
#4051 = EDGE_CURVE('',#4052,#4052,#4054,.T.);
#4052 = VERTEX_POINT('',#4053);
#4053 = CARTESIAN_POINT('',(117.84,-66.69,0.));
#4054 = CIRCLE('',#4055,0.5);
#4055 = AXIS2_PLACEMENT_3D('',#4056,#4057,#4058);
#4056 = CARTESIAN_POINT('',(117.84,-66.19,0.));
#4057 = DIRECTION('',(-0.,0.,-1.));
#4058 = DIRECTION('',(-0.,-1.,0.));
#4059 = FACE_BOUND('',#4060,.F.);
#4060 = EDGE_LOOP('',(#4061));
#4061 = ORIENTED_EDGE('',*,*,#4062,.T.);
#4062 = EDGE_CURVE('',#4063,#4063,#4065,.T.);
#4063 = VERTEX_POINT('',#4064);
#4064 = CARTESIAN_POINT('',(115.,-65.305,0.));
#4065 = CIRCLE('',#4066,0.5);
#4066 = AXIS2_PLACEMENT_3D('',#4067,#4068,#4069);
#4067 = CARTESIAN_POINT('',(115.,-64.805,0.));
#4068 = DIRECTION('',(-0.,0.,-1.));
#4069 = DIRECTION('',(-0.,-1.,0.));
#4070 = FACE_BOUND('',#4071,.F.);
#4071 = EDGE_LOOP('',(#4072));
#4072 = ORIENTED_EDGE('',*,*,#4073,.T.);
#4073 = EDGE_CURVE('',#4074,#4074,#4076,.T.);
#4074 = VERTEX_POINT('',#4075);
#4075 = CARTESIAN_POINT('',(115.,-62.535,0.));
#4076 = CIRCLE('',#4077,0.5);
#4077 = AXIS2_PLACEMENT_3D('',#4078,#4079,#4080);
#4078 = CARTESIAN_POINT('',(115.,-62.035,0.));
#4079 = DIRECTION('',(-0.,0.,-1.));
#4080 = DIRECTION('',(-0.,-1.,0.));
#4081 = FACE_BOUND('',#4082,.F.);
#4082 = EDGE_LOOP('',(#4083));
#4083 = ORIENTED_EDGE('',*,*,#4084,.T.);
#4084 = EDGE_CURVE('',#4085,#4085,#4087,.T.);
#4085 = VERTEX_POINT('',#4086);
#4086 = CARTESIAN_POINT('',(117.84,-63.92,0.));
#4087 = CIRCLE('',#4088,0.5);
#4088 = AXIS2_PLACEMENT_3D('',#4089,#4090,#4091);
#4089 = CARTESIAN_POINT('',(117.84,-63.42,0.));
#4090 = DIRECTION('',(-0.,0.,-1.));
#4091 = DIRECTION('',(-0.,-1.,0.));
#4092 = FACE_BOUND('',#4093,.F.);
#4093 = EDGE_LOOP('',(#4094));
#4094 = ORIENTED_EDGE('',*,*,#4095,.T.);
#4095 = EDGE_CURVE('',#4096,#4096,#4098,.T.);
#4096 = VERTEX_POINT('',#4097);
#4097 = CARTESIAN_POINT('',(115.,-59.765,0.));
#4098 = CIRCLE('',#4099,0.5);
#4099 = AXIS2_PLACEMENT_3D('',#4100,#4101,#4102);
#4100 = CARTESIAN_POINT('',(115.,-59.265,0.));
#4101 = DIRECTION('',(-0.,0.,-1.));
#4102 = DIRECTION('',(-0.,-1.,0.));
#4103 = FACE_BOUND('',#4104,.F.);
#4104 = EDGE_LOOP('',(#4105));
#4105 = ORIENTED_EDGE('',*,*,#4106,.T.);
#4106 = EDGE_CURVE('',#4107,#4107,#4109,.T.);
#4107 = VERTEX_POINT('',#4108);
#4108 = CARTESIAN_POINT('',(117.84,-61.15,0.));
#4109 = CIRCLE('',#4110,0.5);
#4110 = AXIS2_PLACEMENT_3D('',#4111,#4112,#4113);
#4111 = CARTESIAN_POINT('',(117.84,-60.65,0.));
#4112 = DIRECTION('',(-0.,0.,-1.));
#4113 = DIRECTION('',(-0.,-1.,0.));
#4114 = FACE_BOUND('',#4115,.F.);
#4115 = EDGE_LOOP('',(#4116));
#4116 = ORIENTED_EDGE('',*,*,#4117,.F.);
#4117 = EDGE_CURVE('',#4118,#4118,#4120,.T.);
#4118 = VERTEX_POINT('',#4119);
#4119 = CARTESIAN_POINT('',(84.,-50.,0.));
#4120 = CIRCLE('',#4121,4.);
#4121 = AXIS2_PLACEMENT_3D('',#4122,#4123,#4124);
#4122 = CARTESIAN_POINT('',(80.,-50.,0.));
#4123 = DIRECTION('',(0.,0.,1.));
#4124 = DIRECTION('',(1.,0.,-0.));
#4125 = FACE_BOUND('',#4126,.F.);
#4126 = EDGE_LOOP('',(#4127));
#4127 = ORIENTED_EDGE('',*,*,#4128,.T.);
#4128 = EDGE_CURVE('',#4129,#4129,#4131,.T.);
#4129 = VERTEX_POINT('',#4130);
#4130 = CARTESIAN_POINT('',(81.715,-35.,0.));
#4131 = CIRCLE('',#4132,0.5);
#4132 = AXIS2_PLACEMENT_3D('',#4133,#4134,#4135);
#4133 = CARTESIAN_POINT('',(81.715,-34.5,0.));
#4134 = DIRECTION('',(-0.,0.,-1.));
#4135 = DIRECTION('',(-0.,-1.,0.));
#4136 = FACE_BOUND('',#4137,.F.);
#4137 = EDGE_LOOP('',(#4138));
#4138 = ORIENTED_EDGE('',*,*,#4139,.T.);
#4139 = EDGE_CURVE('',#4140,#4140,#4142,.T.);
#4140 = VERTEX_POINT('',#4141);
#4141 = CARTESIAN_POINT('',(84.485,-35.,0.));
#4142 = CIRCLE('',#4143,0.5);
#4143 = AXIS2_PLACEMENT_3D('',#4144,#4145,#4146);
#4144 = CARTESIAN_POINT('',(84.485,-34.5,0.));
#4145 = DIRECTION('',(-0.,0.,-1.));
#4146 = DIRECTION('',(-0.,-1.,0.));
#4147 = FACE_BOUND('',#4148,.F.);
#4148 = EDGE_LOOP('',(#4149));
#4149 = ORIENTED_EDGE('',*,*,#4150,.T.);
#4150 = EDGE_CURVE('',#4151,#4151,#4153,.T.);
#4151 = VERTEX_POINT('',#4152);
#4152 = CARTESIAN_POINT('',(80.33,-32.16,0.));
#4153 = CIRCLE('',#4154,0.5);
#4154 = AXIS2_PLACEMENT_3D('',#4155,#4156,#4157);
#4155 = CARTESIAN_POINT('',(80.33,-31.66,0.));
#4156 = DIRECTION('',(-0.,0.,-1.));
#4157 = DIRECTION('',(-0.,-1.,0.));
#4158 = FACE_BOUND('',#4159,.F.);
#4159 = EDGE_LOOP('',(#4160));
#4160 = ORIENTED_EDGE('',*,*,#4161,.T.);
#4161 = EDGE_CURVE('',#4162,#4162,#4164,.T.);
#4162 = VERTEX_POINT('',#4163);
#4163 = CARTESIAN_POINT('',(83.1,-32.16,0.));
#4164 = CIRCLE('',#4165,0.5);
#4165 = AXIS2_PLACEMENT_3D('',#4166,#4167,#4168);
#4166 = CARTESIAN_POINT('',(83.1,-31.66,0.));
#4167 = DIRECTION('',(-0.,0.,-1.));
#4168 = DIRECTION('',(-0.,-1.,0.));
#4169 = FACE_BOUND('',#4170,.F.);
#4170 = EDGE_LOOP('',(#4171));
#4171 = ORIENTED_EDGE('',*,*,#4172,.T.);
#4172 = EDGE_CURVE('',#4173,#4173,#4175,.T.);
#4173 = VERTEX_POINT('',#4174);
#4174 = CARTESIAN_POINT('',(87.255,-35.,0.));
#4175 = CIRCLE('',#4176,0.5);
#4176 = AXIS2_PLACEMENT_3D('',#4177,#4178,#4179);
#4177 = CARTESIAN_POINT('',(87.255,-34.5,0.));
#4178 = DIRECTION('',(-0.,0.,-1.));
#4179 = DIRECTION('',(-0.,-1.,0.));
#4180 = FACE_BOUND('',#4181,.F.);
#4181 = EDGE_LOOP('',(#4182));
#4182 = ORIENTED_EDGE('',*,*,#4183,.T.);
#4183 = EDGE_CURVE('',#4184,#4184,#4186,.T.);
#4184 = VERTEX_POINT('',#4185);
#4185 = CARTESIAN_POINT('',(90.025,-35.,0.));
#4186 = CIRCLE('',#4187,0.5);
#4187 = AXIS2_PLACEMENT_3D('',#4188,#4189,#4190);
#4188 = CARTESIAN_POINT('',(90.025,-34.5,0.));
#4189 = DIRECTION('',(-0.,0.,-1.));
#4190 = DIRECTION('',(-0.,-1.,0.));
#4191 = FACE_BOUND('',#4192,.F.);
#4192 = EDGE_LOOP('',(#4193));
#4193 = ORIENTED_EDGE('',*,*,#4194,.T.);
#4194 = EDGE_CURVE('',#4195,#4195,#4197,.T.);
#4195 = VERTEX_POINT('',#4196);
#4196 = CARTESIAN_POINT('',(85.87,-32.16,0.));
#4197 = CIRCLE('',#4198,0.5);
#4198 = AXIS2_PLACEMENT_3D('',#4199,#4200,#4201);
#4199 = CARTESIAN_POINT('',(85.87,-31.66,0.));
#4200 = DIRECTION('',(-0.,0.,-1.));
#4201 = DIRECTION('',(-0.,-1.,0.));
#4202 = FACE_BOUND('',#4203,.F.);
#4203 = EDGE_LOOP('',(#4204));
#4204 = ORIENTED_EDGE('',*,*,#4205,.T.);
#4205 = EDGE_CURVE('',#4206,#4206,#4208,.T.);
#4206 = VERTEX_POINT('',#4207);
#4207 = CARTESIAN_POINT('',(88.64,-32.16,0.));
#4208 = CIRCLE('',#4209,0.5);
#4209 = AXIS2_PLACEMENT_3D('',#4210,#4211,#4212);
#4210 = CARTESIAN_POINT('',(88.64,-31.66,0.));
#4211 = DIRECTION('',(-0.,0.,-1.));
#4212 = DIRECTION('',(-0.,-1.,0.));
#4213 = FACE_BOUND('',#4214,.F.);
#4214 = EDGE_LOOP('',(#4215));
#4215 = ORIENTED_EDGE('',*,*,#4216,.T.);
#4216 = EDGE_CURVE('',#4217,#4217,#4219,.T.);
#4217 = VERTEX_POINT('',#4218);
#4218 = CARTESIAN_POINT('',(96.98,-33.26,0.));
#4219 = CIRCLE('',#4220,1.6);
#4220 = AXIS2_PLACEMENT_3D('',#4221,#4222,#4223);
#4221 = CARTESIAN_POINT('',(96.98,-31.66,0.));
#4222 = DIRECTION('',(-0.,0.,-1.));
#4223 = DIRECTION('',(8.881784197001E-15,-1.,-0.));
#4224 = FACE_BOUND('',#4225,.F.);
#4225 = EDGE_LOOP('',(#4226));
#4226 = ORIENTED_EDGE('',*,*,#4227,.T.);
#4227 = EDGE_CURVE('',#4228,#4228,#4230,.T.);
#4228 = VERTEX_POINT('',#4229);
#4229 = CARTESIAN_POINT('',(115.,-56.995,0.));
#4230 = CIRCLE('',#4231,0.5);
#4231 = AXIS2_PLACEMENT_3D('',#4232,#4233,#4234);
#4232 = CARTESIAN_POINT('',(115.,-56.495,0.));
#4233 = DIRECTION('',(-0.,0.,-1.));
#4234 = DIRECTION('',(-0.,-1.,0.));
#4235 = FACE_BOUND('',#4236,.F.);
#4236 = EDGE_LOOP('',(#4237));
#4237 = ORIENTED_EDGE('',*,*,#4238,.T.);
#4238 = EDGE_CURVE('',#4239,#4239,#4241,.T.);
#4239 = VERTEX_POINT('',#4240);
#4240 = CARTESIAN_POINT('',(117.84,-58.38,0.));
#4241 = CIRCLE('',#4242,0.5);
#4242 = AXIS2_PLACEMENT_3D('',#4243,#4244,#4245);
#4243 = CARTESIAN_POINT('',(117.84,-57.88,0.));
#4244 = DIRECTION('',(-0.,0.,-1.));
#4245 = DIRECTION('',(-0.,-1.,0.));
#4246 = FACE_BOUND('',#4247,.F.);
#4247 = EDGE_LOOP('',(#4248));
#4248 = ORIENTED_EDGE('',*,*,#4249,.T.);
#4249 = EDGE_CURVE('',#4250,#4250,#4252,.T.);
#4250 = VERTEX_POINT('',#4251);
#4251 = CARTESIAN_POINT('',(117.84,-55.61,0.));
#4252 = CIRCLE('',#4253,0.5);
#4253 = AXIS2_PLACEMENT_3D('',#4254,#4255,#4256);
#4254 = CARTESIAN_POINT('',(117.84,-55.11,0.));
#4255 = DIRECTION('',(-0.,0.,-1.));
#4256 = DIRECTION('',(-0.,-1.,0.));
#4257 = FACE_BOUND('',#4258,.F.);
#4258 = EDGE_LOOP('',(#4259));
#4259 = ORIENTED_EDGE('',*,*,#4260,.T.);
#4260 = EDGE_CURVE('',#4261,#4261,#4263,.T.);
#4261 = VERTEX_POINT('',#4262);
#4262 = CARTESIAN_POINT('',(115.,-54.225,0.));
#4263 = CIRCLE('',#4264,0.5);
#4264 = AXIS2_PLACEMENT_3D('',#4265,#4266,#4267);
#4265 = CARTESIAN_POINT('',(115.,-53.725,0.));
#4266 = DIRECTION('',(-0.,0.,-1.));
#4267 = DIRECTION('',(-0.,-1.,0.));
#4268 = FACE_BOUND('',#4269,.F.);
#4269 = EDGE_LOOP('',(#4270));
#4270 = ORIENTED_EDGE('',*,*,#4271,.T.);
#4271 = EDGE_CURVE('',#4272,#4272,#4274,.T.);
#4272 = VERTEX_POINT('',#4273);
#4273 = CARTESIAN_POINT('',(117.84,-52.84,0.));
#4274 = CIRCLE('',#4275,0.5);
#4275 = AXIS2_PLACEMENT_3D('',#4276,#4277,#4278);
#4276 = CARTESIAN_POINT('',(117.84,-52.34,0.));
#4277 = DIRECTION('',(-0.,0.,-1.));
#4278 = DIRECTION('',(-0.,-1.,0.));
#4279 = FACE_BOUND('',#4280,.F.);
#4280 = EDGE_LOOP('',(#4281));
#4281 = ORIENTED_EDGE('',*,*,#4282,.T.);
#4282 = EDGE_CURVE('',#4283,#4283,#4285,.T.);
#4283 = VERTEX_POINT('',#4284);
#4284 = CARTESIAN_POINT('',(115.,-51.455,0.));
#4285 = CIRCLE('',#4286,0.5);
#4286 = AXIS2_PLACEMENT_3D('',#4287,#4288,#4289);
#4287 = CARTESIAN_POINT('',(115.,-50.955,0.));
#4288 = DIRECTION('',(-0.,0.,-1.));
#4289 = DIRECTION('',(-0.,-1.,0.));
#4290 = FACE_BOUND('',#4291,.F.);
#4291 = EDGE_LOOP('',(#4292));
#4292 = ORIENTED_EDGE('',*,*,#4293,.T.);
#4293 = EDGE_CURVE('',#4294,#4294,#4296,.T.);
#4294 = VERTEX_POINT('',#4295);
#4295 = CARTESIAN_POINT('',(117.84,-45.6,0.));
#4296 = CIRCLE('',#4297,1.6);
#4297 = AXIS2_PLACEMENT_3D('',#4298,#4299,#4300);
#4298 = CARTESIAN_POINT('',(117.84,-44.,0.));
#4299 = DIRECTION('',(-0.,0.,-1.));
#4300 = DIRECTION('',(-0.,-1.,0.));
#4301 = PLANE('',#4302);
#4302 = AXIS2_PLACEMENT_3D('',#4303,#4304,#4305);
#4303 = CARTESIAN_POINT('',(0.,0.,0.));
#4304 = DIRECTION('',(0.,0.,1.));
#4305 = DIRECTION('',(1.,0.,-0.));
#4306 = ADVANCED_FACE('',(#4307,#4353,#4364,#4375,#4386,#4397,#4408,
    #4419,#4430,#4441,#4452,#4463,#4474,#4485,#4496,#4507,#4518,#4529,
    #4540,#4551,#4562,#4573,#4584,#4595,#4606,#4617,#4628,#4639,#4650,
    #4661,#4672,#4683,#4694,#4705,#4716,#4727,#4738,#4749,#4760,#4771,
    #4782,#4793,#4804,#4815,#4826,#4837,#4848,#4859,#4870,#4881,#4892,
    #4903,#4914,#4925,#4936,#4947,#4958,#4969,#4980,#4991,#5002,#5013,
    #5024,#5035,#5046,#5057,#5068,#5079,#5090,#5101,#5112,#5123,#5134,
    #5145,#5156,#5167,#5178,#5189,#5200,#5211,#5222,#5233,#5244,#5255,
    #5266,#5277,#5288,#5299,#5310,#5321,#5332),#5343,.T.);
#4307 = FACE_BOUND('',#4308,.T.);
#4308 = EDGE_LOOP('',(#4309,#4310,#4311,#4320,#4328,#4337,#4345,#4352));
#4309 = ORIENTED_EDGE('',*,*,#3174,.F.);
#4310 = ORIENTED_EDGE('',*,*,#3216,.F.);
#4311 = ORIENTED_EDGE('',*,*,#4312,.F.);
#4312 = EDGE_CURVE('',#4313,#3209,#4315,.T.);
#4313 = VERTEX_POINT('',#4314);
#4314 = CARTESIAN_POINT('',(25.,-24.5,1.51));
#4315 = CIRCLE('',#4316,4.999999678834);
#4316 = AXIS2_PLACEMENT_3D('',#4317,#4318,#4319);
#4317 = CARTESIAN_POINT('',(29.999999678834,-24.49999967883,1.51));
#4318 = DIRECTION('',(0.,0.,-1.));
#4319 = DIRECTION('',(-1.,-6.423314275614E-08,-0.));
#4320 = ORIENTED_EDGE('',*,*,#4321,.F.);
#4321 = EDGE_CURVE('',#4322,#4313,#4324,.T.);
#4322 = VERTEX_POINT('',#4323);
#4323 = CARTESIAN_POINT('',(25.,-150.,1.51));
#4324 = LINE('',#4325,#4326);
#4325 = CARTESIAN_POINT('',(25.,-150.,1.51));
#4326 = VECTOR('',#4327,1.);
#4327 = DIRECTION('',(0.,1.,0.));
#4328 = ORIENTED_EDGE('',*,*,#4329,.F.);
#4329 = EDGE_CURVE('',#4330,#4322,#4332,.T.);
#4330 = VERTEX_POINT('',#4331);
#4331 = CARTESIAN_POINT('',(30.,-155.,1.51));
#4332 = CIRCLE('',#4333,4.999999678834);
#4333 = AXIS2_PLACEMENT_3D('',#4334,#4335,#4336);
#4334 = CARTESIAN_POINT('',(29.999999678834,-150.0000003211,1.51));
#4335 = DIRECTION('',(0.,0.,-1.));
#4336 = DIRECTION('',(6.42331470194E-08,-1.,0.));
#4337 = ORIENTED_EDGE('',*,*,#4338,.F.);
#4338 = EDGE_CURVE('',#4339,#4330,#4341,.T.);
#4339 = VERTEX_POINT('',#4340);
#4340 = CARTESIAN_POINT('',(125.,-155.,1.51));
#4341 = LINE('',#4342,#4343);
#4342 = CARTESIAN_POINT('',(125.,-155.,1.51));
#4343 = VECTOR('',#4344,1.);
#4344 = DIRECTION('',(-1.,0.,0.));
#4345 = ORIENTED_EDGE('',*,*,#4346,.F.);
#4346 = EDGE_CURVE('',#3239,#4339,#4347,.T.);
#4347 = CIRCLE('',#4348,4.999999678834);
#4348 = AXIS2_PLACEMENT_3D('',#4349,#4350,#4351);
#4349 = CARTESIAN_POINT('',(125.00000032116,-150.0000003211,1.51));
#4350 = DIRECTION('',(0.,0.,-1.));
#4351 = DIRECTION('',(1.,6.423315270374E-08,0.));
#4352 = ORIENTED_EDGE('',*,*,#3238,.F.);
#4353 = FACE_BOUND('',#4354,.T.);
#4354 = EDGE_LOOP('',(#4355));
#4355 = ORIENTED_EDGE('',*,*,#4356,.T.);
#4356 = EDGE_CURVE('',#4357,#4357,#4359,.T.);
#4357 = VERTEX_POINT('',#4358);
#4358 = CARTESIAN_POINT('',(38.655,-141.9,1.51));
#4359 = CIRCLE('',#4360,1.6);
#4360 = AXIS2_PLACEMENT_3D('',#4361,#4362,#4363);
#4361 = CARTESIAN_POINT('',(38.655,-140.3,1.51));
#4362 = DIRECTION('',(-0.,0.,-1.));
#4363 = DIRECTION('',(-0.,-1.,0.));
#4364 = FACE_BOUND('',#4365,.T.);
#4365 = EDGE_LOOP('',(#4366));
#4366 = ORIENTED_EDGE('',*,*,#4367,.T.);
#4367 = EDGE_CURVE('',#4368,#4368,#4370,.T.);
#4368 = VERTEX_POINT('',#4369);
#4369 = CARTESIAN_POINT('',(45.61,-140.5,1.51));
#4370 = CIRCLE('',#4371,0.5);
#4371 = AXIS2_PLACEMENT_3D('',#4372,#4373,#4374);
#4372 = CARTESIAN_POINT('',(45.61,-140.,1.51));
#4373 = DIRECTION('',(-0.,0.,-1.));
#4374 = DIRECTION('',(-0.,-1.,0.));
#4375 = FACE_BOUND('',#4376,.T.);
#4376 = EDGE_LOOP('',(#4377));
#4377 = ORIENTED_EDGE('',*,*,#4378,.T.);
#4378 = EDGE_CURVE('',#4379,#4379,#4381,.T.);
#4379 = VERTEX_POINT('',#4380);
#4380 = CARTESIAN_POINT('',(46.995,-143.34,1.51));
#4381 = CIRCLE('',#4382,0.5);
#4382 = AXIS2_PLACEMENT_3D('',#4383,#4384,#4385);
#4383 = CARTESIAN_POINT('',(46.995,-142.84,1.51));
#4384 = DIRECTION('',(-0.,0.,-1.));
#4385 = DIRECTION('',(-0.,-1.,0.));
#4386 = FACE_BOUND('',#4387,.T.);
#4387 = EDGE_LOOP('',(#4388));
#4388 = ORIENTED_EDGE('',*,*,#4389,.T.);
#4389 = EDGE_CURVE('',#4390,#4390,#4392,.T.);
#4390 = VERTEX_POINT('',#4391);
#4391 = CARTESIAN_POINT('',(48.38,-140.5,1.51));
#4392 = CIRCLE('',#4393,0.5);
#4393 = AXIS2_PLACEMENT_3D('',#4394,#4395,#4396);
#4394 = CARTESIAN_POINT('',(48.38,-140.,1.51));
#4395 = DIRECTION('',(-0.,0.,-1.));
#4396 = DIRECTION('',(-0.,-1.,0.));
#4397 = FACE_BOUND('',#4398,.T.);
#4398 = EDGE_LOOP('',(#4399));
#4399 = ORIENTED_EDGE('',*,*,#4400,.T.);
#4400 = EDGE_CURVE('',#4401,#4401,#4403,.T.);
#4401 = VERTEX_POINT('',#4402);
#4402 = CARTESIAN_POINT('',(49.765,-143.34,1.51));
#4403 = CIRCLE('',#4404,0.5);
#4404 = AXIS2_PLACEMENT_3D('',#4405,#4406,#4407);
#4405 = CARTESIAN_POINT('',(49.765,-142.84,1.51));
#4406 = DIRECTION('',(-0.,0.,-1.));
#4407 = DIRECTION('',(-0.,-1.,0.));
#4408 = FACE_BOUND('',#4409,.T.);
#4409 = EDGE_LOOP('',(#4410));
#4410 = ORIENTED_EDGE('',*,*,#4411,.T.);
#4411 = EDGE_CURVE('',#4412,#4412,#4414,.T.);
#4412 = VERTEX_POINT('',#4413);
#4413 = CARTESIAN_POINT('',(51.15,-140.5,1.51));
#4414 = CIRCLE('',#4415,0.5);
#4415 = AXIS2_PLACEMENT_3D('',#4416,#4417,#4418);
#4416 = CARTESIAN_POINT('',(51.15,-140.,1.51));
#4417 = DIRECTION('',(-0.,0.,-1.));
#4418 = DIRECTION('',(-0.,-1.,0.));
#4419 = FACE_BOUND('',#4420,.T.);
#4420 = EDGE_LOOP('',(#4421));
#4421 = ORIENTED_EDGE('',*,*,#4422,.T.);
#4422 = EDGE_CURVE('',#4423,#4423,#4425,.T.);
#4423 = VERTEX_POINT('',#4424);
#4424 = CARTESIAN_POINT('',(52.535,-143.34,1.51));
#4425 = CIRCLE('',#4426,0.5);
#4426 = AXIS2_PLACEMENT_3D('',#4427,#4428,#4429);
#4427 = CARTESIAN_POINT('',(52.535,-142.84,1.51));
#4428 = DIRECTION('',(-0.,0.,-1.));
#4429 = DIRECTION('',(-0.,-1.,0.));
#4430 = FACE_BOUND('',#4431,.T.);
#4431 = EDGE_LOOP('',(#4432));
#4432 = ORIENTED_EDGE('',*,*,#4433,.T.);
#4433 = EDGE_CURVE('',#4434,#4434,#4436,.T.);
#4434 = VERTEX_POINT('',#4435);
#4435 = CARTESIAN_POINT('',(53.92,-140.5,1.51));
#4436 = CIRCLE('',#4437,0.5);
#4437 = AXIS2_PLACEMENT_3D('',#4438,#4439,#4440);
#4438 = CARTESIAN_POINT('',(53.92,-140.,1.51));
#4439 = DIRECTION('',(-0.,0.,-1.));
#4440 = DIRECTION('',(-0.,-1.,0.));
#4441 = FACE_BOUND('',#4442,.T.);
#4442 = EDGE_LOOP('',(#4443));
#4443 = ORIENTED_EDGE('',*,*,#4444,.T.);
#4444 = EDGE_CURVE('',#4445,#4445,#4447,.T.);
#4445 = VERTEX_POINT('',#4446);
#4446 = CARTESIAN_POINT('',(55.305,-143.34,1.51));
#4447 = CIRCLE('',#4448,0.5);
#4448 = AXIS2_PLACEMENT_3D('',#4449,#4450,#4451);
#4449 = CARTESIAN_POINT('',(55.305,-142.84,1.51));
#4450 = DIRECTION('',(-0.,0.,-1.));
#4451 = DIRECTION('',(-0.,-1.,0.));
#4452 = FACE_BOUND('',#4453,.T.);
#4453 = EDGE_LOOP('',(#4454));
#4454 = ORIENTED_EDGE('',*,*,#4455,.T.);
#4455 = EDGE_CURVE('',#4456,#4456,#4458,.T.);
#4456 = VERTEX_POINT('',#4457);
#4457 = CARTESIAN_POINT('',(56.69,-140.5,1.51));
#4458 = CIRCLE('',#4459,0.5);
#4459 = AXIS2_PLACEMENT_3D('',#4460,#4461,#4462);
#4460 = CARTESIAN_POINT('',(56.69,-140.,1.51));
#4461 = DIRECTION('',(-0.,0.,-1.));
#4462 = DIRECTION('',(-0.,-1.,0.));
#4463 = FACE_BOUND('',#4464,.T.);
#4464 = EDGE_LOOP('',(#4465));
#4465 = ORIENTED_EDGE('',*,*,#4466,.T.);
#4466 = EDGE_CURVE('',#4467,#4467,#4469,.T.);
#4467 = VERTEX_POINT('',#4468);
#4468 = CARTESIAN_POINT('',(58.075,-143.34,1.51));
#4469 = CIRCLE('',#4470,0.5);
#4470 = AXIS2_PLACEMENT_3D('',#4471,#4472,#4473);
#4471 = CARTESIAN_POINT('',(58.075,-142.84,1.51));
#4472 = DIRECTION('',(-0.,0.,-1.));
#4473 = DIRECTION('',(-0.,-1.,0.));
#4474 = FACE_BOUND('',#4475,.T.);
#4475 = EDGE_LOOP('',(#4476));
#4476 = ORIENTED_EDGE('',*,*,#4477,.T.);
#4477 = EDGE_CURVE('',#4478,#4478,#4480,.T.);
#4478 = VERTEX_POINT('',#4479);
#4479 = CARTESIAN_POINT('',(59.46,-140.5,1.51));
#4480 = CIRCLE('',#4481,0.5);
#4481 = AXIS2_PLACEMENT_3D('',#4482,#4483,#4484);
#4482 = CARTESIAN_POINT('',(59.46,-140.,1.51));
#4483 = DIRECTION('',(-0.,0.,-1.));
#4484 = DIRECTION('',(-0.,-1.,0.));
#4485 = FACE_BOUND('',#4486,.T.);
#4486 = EDGE_LOOP('',(#4487));
#4487 = ORIENTED_EDGE('',*,*,#4488,.T.);
#4488 = EDGE_CURVE('',#4489,#4489,#4491,.T.);
#4489 = VERTEX_POINT('',#4490);
#4490 = CARTESIAN_POINT('',(60.845,-143.34,1.51));
#4491 = CIRCLE('',#4492,0.5);
#4492 = AXIS2_PLACEMENT_3D('',#4493,#4494,#4495);
#4493 = CARTESIAN_POINT('',(60.845,-142.84,1.51));
#4494 = DIRECTION('',(-0.,0.,-1.));
#4495 = DIRECTION('',(-0.,-1.,0.));
#4496 = FACE_BOUND('',#4497,.T.);
#4497 = EDGE_LOOP('',(#4498));
#4498 = ORIENTED_EDGE('',*,*,#4499,.T.);
#4499 = EDGE_CURVE('',#4500,#4500,#4502,.T.);
#4500 = VERTEX_POINT('',#4501);
#4501 = CARTESIAN_POINT('',(62.23,-140.5,1.51));
#4502 = CIRCLE('',#4503,0.5);
#4503 = AXIS2_PLACEMENT_3D('',#4504,#4505,#4506);
#4504 = CARTESIAN_POINT('',(62.23,-140.,1.51));
#4505 = DIRECTION('',(-0.,0.,-1.));
#4506 = DIRECTION('',(-0.,-1.,0.));
#4507 = FACE_BOUND('',#4508,.T.);
#4508 = EDGE_LOOP('',(#4509));
#4509 = ORIENTED_EDGE('',*,*,#4510,.T.);
#4510 = EDGE_CURVE('',#4511,#4511,#4513,.T.);
#4511 = VERTEX_POINT('',#4512);
#4512 = CARTESIAN_POINT('',(63.615,-143.34,1.51));
#4513 = CIRCLE('',#4514,0.5);
#4514 = AXIS2_PLACEMENT_3D('',#4515,#4516,#4517);
#4515 = CARTESIAN_POINT('',(63.615,-142.84,1.51));
#4516 = DIRECTION('',(-0.,0.,-1.));
#4517 = DIRECTION('',(1.42108547152E-14,-1.,-0.));
#4518 = FACE_BOUND('',#4519,.T.);
#4519 = EDGE_LOOP('',(#4520));
#4520 = ORIENTED_EDGE('',*,*,#4521,.T.);
#4521 = EDGE_CURVE('',#4522,#4522,#4524,.T.);
#4522 = VERTEX_POINT('',#4523);
#4523 = CARTESIAN_POINT('',(65.,-140.5,1.51));
#4524 = CIRCLE('',#4525,0.5);
#4525 = AXIS2_PLACEMENT_3D('',#4526,#4527,#4528);
#4526 = CARTESIAN_POINT('',(65.,-140.,1.51));
#4527 = DIRECTION('',(-0.,0.,-1.));
#4528 = DIRECTION('',(-0.,-1.,0.));
#4529 = FACE_BOUND('',#4530,.T.);
#4530 = EDGE_LOOP('',(#4531));
#4531 = ORIENTED_EDGE('',*,*,#4532,.T.);
#4532 = EDGE_CURVE('',#4533,#4533,#4535,.T.);
#4533 = VERTEX_POINT('',#4534);
#4534 = CARTESIAN_POINT('',(71.955,-141.9,1.51));
#4535 = CIRCLE('',#4536,1.6);
#4536 = AXIS2_PLACEMENT_3D('',#4537,#4538,#4539);
#4537 = CARTESIAN_POINT('',(71.955,-140.3,1.51));
#4538 = DIRECTION('',(-0.,0.,-1.));
#4539 = DIRECTION('',(-8.881784197001E-15,-1.,0.));
#4540 = FACE_BOUND('',#4541,.T.);
#4541 = EDGE_LOOP('',(#4542));
#4542 = ORIENTED_EDGE('',*,*,#4543,.T.);
#4543 = EDGE_CURVE('',#4544,#4544,#4546,.T.);
#4544 = VERTEX_POINT('',#4545);
#4545 = CARTESIAN_POINT('',(88.655,-141.9,1.51));
#4546 = CIRCLE('',#4547,1.6);
#4547 = AXIS2_PLACEMENT_3D('',#4548,#4549,#4550);
#4548 = CARTESIAN_POINT('',(88.655,-140.3,1.51));
#4549 = DIRECTION('',(-0.,0.,-1.));
#4550 = DIRECTION('',(-0.,-1.,0.));
#4551 = FACE_BOUND('',#4552,.T.);
#4552 = EDGE_LOOP('',(#4553));
#4553 = ORIENTED_EDGE('',*,*,#4554,.T.);
#4554 = EDGE_CURVE('',#4555,#4555,#4557,.T.);
#4555 = VERTEX_POINT('',#4556);
#4556 = CARTESIAN_POINT('',(95.61,-140.5,1.51));
#4557 = CIRCLE('',#4558,0.5);
#4558 = AXIS2_PLACEMENT_3D('',#4559,#4560,#4561);
#4559 = CARTESIAN_POINT('',(95.61,-140.,1.51));
#4560 = DIRECTION('',(-0.,0.,-1.));
#4561 = DIRECTION('',(-0.,-1.,0.));
#4562 = FACE_BOUND('',#4563,.T.);
#4563 = EDGE_LOOP('',(#4564));
#4564 = ORIENTED_EDGE('',*,*,#4565,.T.);
#4565 = EDGE_CURVE('',#4566,#4566,#4568,.T.);
#4566 = VERTEX_POINT('',#4567);
#4567 = CARTESIAN_POINT('',(96.995,-143.34,1.51));
#4568 = CIRCLE('',#4569,0.5);
#4569 = AXIS2_PLACEMENT_3D('',#4570,#4571,#4572);
#4570 = CARTESIAN_POINT('',(96.995,-142.84,1.51));
#4571 = DIRECTION('',(-0.,0.,-1.));
#4572 = DIRECTION('',(-0.,-1.,0.));
#4573 = FACE_BOUND('',#4574,.T.);
#4574 = EDGE_LOOP('',(#4575));
#4575 = ORIENTED_EDGE('',*,*,#4576,.T.);
#4576 = EDGE_CURVE('',#4577,#4577,#4579,.T.);
#4577 = VERTEX_POINT('',#4578);
#4578 = CARTESIAN_POINT('',(98.38,-140.5,1.51));
#4579 = CIRCLE('',#4580,0.5);
#4580 = AXIS2_PLACEMENT_3D('',#4581,#4582,#4583);
#4581 = CARTESIAN_POINT('',(98.38,-140.,1.51));
#4582 = DIRECTION('',(-0.,0.,-1.));
#4583 = DIRECTION('',(-0.,-1.,0.));
#4584 = FACE_BOUND('',#4585,.T.);
#4585 = EDGE_LOOP('',(#4586));
#4586 = ORIENTED_EDGE('',*,*,#4587,.T.);
#4587 = EDGE_CURVE('',#4588,#4588,#4590,.T.);
#4588 = VERTEX_POINT('',#4589);
#4589 = CARTESIAN_POINT('',(99.765,-143.34,1.51));
#4590 = CIRCLE('',#4591,0.5);
#4591 = AXIS2_PLACEMENT_3D('',#4592,#4593,#4594);
#4592 = CARTESIAN_POINT('',(99.765,-142.84,1.51));
#4593 = DIRECTION('',(-0.,0.,-1.));
#4594 = DIRECTION('',(-0.,-1.,0.));
#4595 = FACE_BOUND('',#4596,.T.);
#4596 = EDGE_LOOP('',(#4597));
#4597 = ORIENTED_EDGE('',*,*,#4598,.T.);
#4598 = EDGE_CURVE('',#4599,#4599,#4601,.T.);
#4599 = VERTEX_POINT('',#4600);
#4600 = CARTESIAN_POINT('',(101.15,-140.5,1.51));
#4601 = CIRCLE('',#4602,0.5);
#4602 = AXIS2_PLACEMENT_3D('',#4603,#4604,#4605);
#4603 = CARTESIAN_POINT('',(101.15,-140.,1.51));
#4604 = DIRECTION('',(-0.,0.,-1.));
#4605 = DIRECTION('',(-0.,-1.,0.));
#4606 = FACE_BOUND('',#4607,.T.);
#4607 = EDGE_LOOP('',(#4608));
#4608 = ORIENTED_EDGE('',*,*,#4609,.F.);
#4609 = EDGE_CURVE('',#4610,#4610,#4612,.T.);
#4610 = VERTEX_POINT('',#4611);
#4611 = CARTESIAN_POINT('',(84.,-120.,1.51));
#4612 = CIRCLE('',#4613,4.);
#4613 = AXIS2_PLACEMENT_3D('',#4614,#4615,#4616);
#4614 = CARTESIAN_POINT('',(80.,-120.,1.51));
#4615 = DIRECTION('',(0.,0.,1.));
#4616 = DIRECTION('',(1.,0.,-0.));
#4617 = FACE_BOUND('',#4618,.T.);
#4618 = EDGE_LOOP('',(#4619));
#4619 = ORIENTED_EDGE('',*,*,#4620,.T.);
#4620 = EDGE_CURVE('',#4621,#4621,#4623,.T.);
#4621 = VERTEX_POINT('',#4622);
#4622 = CARTESIAN_POINT('',(102.535,-143.34,1.51));
#4623 = CIRCLE('',#4624,0.5);
#4624 = AXIS2_PLACEMENT_3D('',#4625,#4626,#4627);
#4625 = CARTESIAN_POINT('',(102.535,-142.84,1.51));
#4626 = DIRECTION('',(-0.,0.,-1.));
#4627 = DIRECTION('',(-0.,-1.,0.));
#4628 = FACE_BOUND('',#4629,.T.);
#4629 = EDGE_LOOP('',(#4630));
#4630 = ORIENTED_EDGE('',*,*,#4631,.T.);
#4631 = EDGE_CURVE('',#4632,#4632,#4634,.T.);
#4632 = VERTEX_POINT('',#4633);
#4633 = CARTESIAN_POINT('',(103.92,-140.5,1.51));
#4634 = CIRCLE('',#4635,0.5);
#4635 = AXIS2_PLACEMENT_3D('',#4636,#4637,#4638);
#4636 = CARTESIAN_POINT('',(103.92,-140.,1.51));
#4637 = DIRECTION('',(-0.,0.,-1.));
#4638 = DIRECTION('',(-0.,-1.,0.));
#4639 = FACE_BOUND('',#4640,.T.);
#4640 = EDGE_LOOP('',(#4641));
#4641 = ORIENTED_EDGE('',*,*,#4642,.T.);
#4642 = EDGE_CURVE('',#4643,#4643,#4645,.T.);
#4643 = VERTEX_POINT('',#4644);
#4644 = CARTESIAN_POINT('',(105.305,-143.34,1.51));
#4645 = CIRCLE('',#4646,0.5);
#4646 = AXIS2_PLACEMENT_3D('',#4647,#4648,#4649);
#4647 = CARTESIAN_POINT('',(105.305,-142.84,1.51));
#4648 = DIRECTION('',(-0.,0.,-1.));
#4649 = DIRECTION('',(-0.,-1.,0.));
#4650 = FACE_BOUND('',#4651,.T.);
#4651 = EDGE_LOOP('',(#4652));
#4652 = ORIENTED_EDGE('',*,*,#4653,.T.);
#4653 = EDGE_CURVE('',#4654,#4654,#4656,.T.);
#4654 = VERTEX_POINT('',#4655);
#4655 = CARTESIAN_POINT('',(106.69,-140.5,1.51));
#4656 = CIRCLE('',#4657,0.5);
#4657 = AXIS2_PLACEMENT_3D('',#4658,#4659,#4660);
#4658 = CARTESIAN_POINT('',(106.69,-140.,1.51));
#4659 = DIRECTION('',(-0.,0.,-1.));
#4660 = DIRECTION('',(-0.,-1.,0.));
#4661 = FACE_BOUND('',#4662,.T.);
#4662 = EDGE_LOOP('',(#4663));
#4663 = ORIENTED_EDGE('',*,*,#4664,.T.);
#4664 = EDGE_CURVE('',#4665,#4665,#4667,.T.);
#4665 = VERTEX_POINT('',#4666);
#4666 = CARTESIAN_POINT('',(108.075,-143.34,1.51));
#4667 = CIRCLE('',#4668,0.5);
#4668 = AXIS2_PLACEMENT_3D('',#4669,#4670,#4671);
#4669 = CARTESIAN_POINT('',(108.075,-142.84,1.51));
#4670 = DIRECTION('',(-0.,0.,-1.));
#4671 = DIRECTION('',(-0.,-1.,0.));
#4672 = FACE_BOUND('',#4673,.T.);
#4673 = EDGE_LOOP('',(#4674));
#4674 = ORIENTED_EDGE('',*,*,#4675,.T.);
#4675 = EDGE_CURVE('',#4676,#4676,#4678,.T.);
#4676 = VERTEX_POINT('',#4677);
#4677 = CARTESIAN_POINT('',(109.46,-140.5,1.51));
#4678 = CIRCLE('',#4679,0.5);
#4679 = AXIS2_PLACEMENT_3D('',#4680,#4681,#4682);
#4680 = CARTESIAN_POINT('',(109.46,-140.,1.51));
#4681 = DIRECTION('',(-0.,0.,-1.));
#4682 = DIRECTION('',(-0.,-1.,0.));
#4683 = FACE_BOUND('',#4684,.T.);
#4684 = EDGE_LOOP('',(#4685));
#4685 = ORIENTED_EDGE('',*,*,#4686,.T.);
#4686 = EDGE_CURVE('',#4687,#4687,#4689,.T.);
#4687 = VERTEX_POINT('',#4688);
#4688 = CARTESIAN_POINT('',(110.845,-143.34,1.51));
#4689 = CIRCLE('',#4690,0.5);
#4690 = AXIS2_PLACEMENT_3D('',#4691,#4692,#4693);
#4691 = CARTESIAN_POINT('',(110.845,-142.84,1.51));
#4692 = DIRECTION('',(-0.,0.,-1.));
#4693 = DIRECTION('',(-0.,-1.,0.));
#4694 = FACE_BOUND('',#4695,.T.);
#4695 = EDGE_LOOP('',(#4696));
#4696 = ORIENTED_EDGE('',*,*,#4697,.T.);
#4697 = EDGE_CURVE('',#4698,#4698,#4700,.T.);
#4698 = VERTEX_POINT('',#4699);
#4699 = CARTESIAN_POINT('',(112.23,-140.5,1.51));
#4700 = CIRCLE('',#4701,0.5);
#4701 = AXIS2_PLACEMENT_3D('',#4702,#4703,#4704);
#4702 = CARTESIAN_POINT('',(112.23,-140.,1.51));
#4703 = DIRECTION('',(-0.,0.,-1.));
#4704 = DIRECTION('',(-0.,-1.,0.));
#4705 = FACE_BOUND('',#4706,.T.);
#4706 = EDGE_LOOP('',(#4707));
#4707 = ORIENTED_EDGE('',*,*,#4708,.T.);
#4708 = EDGE_CURVE('',#4709,#4709,#4711,.T.);
#4709 = VERTEX_POINT('',#4710);
#4710 = CARTESIAN_POINT('',(113.615,-143.34,1.51));
#4711 = CIRCLE('',#4712,0.5);
#4712 = AXIS2_PLACEMENT_3D('',#4713,#4714,#4715);
#4713 = CARTESIAN_POINT('',(113.615,-142.84,1.51));
#4714 = DIRECTION('',(-0.,0.,-1.));
#4715 = DIRECTION('',(-0.,-1.,0.));
#4716 = FACE_BOUND('',#4717,.T.);
#4717 = EDGE_LOOP('',(#4718));
#4718 = ORIENTED_EDGE('',*,*,#4719,.T.);
#4719 = EDGE_CURVE('',#4720,#4720,#4722,.T.);
#4720 = VERTEX_POINT('',#4721);
#4721 = CARTESIAN_POINT('',(115.,-140.5,1.51));
#4722 = CIRCLE('',#4723,0.5);
#4723 = AXIS2_PLACEMENT_3D('',#4724,#4725,#4726);
#4724 = CARTESIAN_POINT('',(115.,-140.,1.51));
#4725 = DIRECTION('',(-0.,0.,-1.));
#4726 = DIRECTION('',(-0.,-1.,0.));
#4727 = FACE_BOUND('',#4728,.T.);
#4728 = EDGE_LOOP('',(#4729));
#4729 = ORIENTED_EDGE('',*,*,#4730,.T.);
#4730 = EDGE_CURVE('',#4731,#4731,#4733,.T.);
#4731 = VERTEX_POINT('',#4732);
#4732 = CARTESIAN_POINT('',(121.955,-141.9,1.51));
#4733 = CIRCLE('',#4734,1.6);
#4734 = AXIS2_PLACEMENT_3D('',#4735,#4736,#4737);
#4735 = CARTESIAN_POINT('',(121.955,-140.3,1.51));
#4736 = DIRECTION('',(-0.,0.,-1.));
#4737 = DIRECTION('',(-8.881784197001E-15,-1.,0.));
#4738 = FACE_BOUND('',#4739,.T.);
#4739 = EDGE_LOOP('',(#4740));
#4740 = ORIENTED_EDGE('',*,*,#4741,.T.);
#4741 = EDGE_CURVE('',#4742,#4742,#4744,.T.);
#4742 = VERTEX_POINT('',#4743);
#4743 = CARTESIAN_POINT('',(37.16,-78.9,1.51));
#4744 = CIRCLE('',#4745,1.6);
#4745 = AXIS2_PLACEMENT_3D('',#4746,#4747,#4748);
#4746 = CARTESIAN_POINT('',(37.16,-77.3,1.51));
#4747 = DIRECTION('',(-0.,0.,-1.));
#4748 = DIRECTION('',(-0.,-1.,0.));
#4749 = FACE_BOUND('',#4750,.T.);
#4750 = EDGE_LOOP('',(#4751));
#4751 = ORIENTED_EDGE('',*,*,#4752,.T.);
#4752 = EDGE_CURVE('',#4753,#4753,#4755,.T.);
#4753 = VERTEX_POINT('',#4754);
#4754 = CARTESIAN_POINT('',(40.,-70.845,1.51));
#4755 = CIRCLE('',#4756,0.5);
#4756 = AXIS2_PLACEMENT_3D('',#4757,#4758,#4759);
#4757 = CARTESIAN_POINT('',(40.,-70.345,1.51));
#4758 = DIRECTION('',(-0.,0.,-1.));
#4759 = DIRECTION('',(-0.,-1.,0.));
#4760 = FACE_BOUND('',#4761,.T.);
#4761 = EDGE_LOOP('',(#4762));
#4762 = ORIENTED_EDGE('',*,*,#4763,.T.);
#4763 = EDGE_CURVE('',#4764,#4764,#4766,.T.);
#4764 = VERTEX_POINT('',#4765);
#4765 = CARTESIAN_POINT('',(37.16,-69.46,1.51));
#4766 = CIRCLE('',#4767,0.5);
#4767 = AXIS2_PLACEMENT_3D('',#4768,#4769,#4770);
#4768 = CARTESIAN_POINT('',(37.16,-68.96,1.51));
#4769 = DIRECTION('',(-0.,0.,-1.));
#4770 = DIRECTION('',(-0.,-1.,0.));
#4771 = FACE_BOUND('',#4772,.T.);
#4772 = EDGE_LOOP('',(#4773));
#4773 = ORIENTED_EDGE('',*,*,#4774,.T.);
#4774 = EDGE_CURVE('',#4775,#4775,#4777,.T.);
#4775 = VERTEX_POINT('',#4776);
#4776 = CARTESIAN_POINT('',(37.16,-66.69,1.51));
#4777 = CIRCLE('',#4778,0.5);
#4778 = AXIS2_PLACEMENT_3D('',#4779,#4780,#4781);
#4779 = CARTESIAN_POINT('',(37.16,-66.19,1.51));
#4780 = DIRECTION('',(-0.,0.,-1.));
#4781 = DIRECTION('',(-0.,-1.,0.));
#4782 = FACE_BOUND('',#4783,.T.);
#4783 = EDGE_LOOP('',(#4784));
#4784 = ORIENTED_EDGE('',*,*,#4785,.T.);
#4785 = EDGE_CURVE('',#4786,#4786,#4788,.T.);
#4786 = VERTEX_POINT('',#4787);
#4787 = CARTESIAN_POINT('',(40.,-68.075,1.51));
#4788 = CIRCLE('',#4789,0.5);
#4789 = AXIS2_PLACEMENT_3D('',#4790,#4791,#4792);
#4790 = CARTESIAN_POINT('',(40.,-67.575,1.51));
#4791 = DIRECTION('',(-0.,0.,-1.));
#4792 = DIRECTION('',(-0.,-1.,0.));
#4793 = FACE_BOUND('',#4794,.T.);
#4794 = EDGE_LOOP('',(#4795));
#4795 = ORIENTED_EDGE('',*,*,#4796,.T.);
#4796 = EDGE_CURVE('',#4797,#4797,#4799,.T.);
#4797 = VERTEX_POINT('',#4798);
#4798 = CARTESIAN_POINT('',(37.16,-63.92,1.51));
#4799 = CIRCLE('',#4800,0.5);
#4800 = AXIS2_PLACEMENT_3D('',#4801,#4802,#4803);
#4801 = CARTESIAN_POINT('',(37.16,-63.42,1.51));
#4802 = DIRECTION('',(-0.,0.,-1.));
#4803 = DIRECTION('',(-0.,-1.,0.));
#4804 = FACE_BOUND('',#4805,.T.);
#4805 = EDGE_LOOP('',(#4806));
#4806 = ORIENTED_EDGE('',*,*,#4807,.T.);
#4807 = EDGE_CURVE('',#4808,#4808,#4810,.T.);
#4808 = VERTEX_POINT('',#4809);
#4809 = CARTESIAN_POINT('',(40.,-65.305,1.51));
#4810 = CIRCLE('',#4811,0.5);
#4811 = AXIS2_PLACEMENT_3D('',#4812,#4813,#4814);
#4812 = CARTESIAN_POINT('',(40.,-64.805,1.51));
#4813 = DIRECTION('',(-0.,0.,-1.));
#4814 = DIRECTION('',(-0.,-1.,0.));
#4815 = FACE_BOUND('',#4816,.T.);
#4816 = EDGE_LOOP('',(#4817));
#4817 = ORIENTED_EDGE('',*,*,#4818,.T.);
#4818 = EDGE_CURVE('',#4819,#4819,#4821,.T.);
#4819 = VERTEX_POINT('',#4820);
#4820 = CARTESIAN_POINT('',(40.,-62.535,1.51));
#4821 = CIRCLE('',#4822,0.5);
#4822 = AXIS2_PLACEMENT_3D('',#4823,#4824,#4825);
#4823 = CARTESIAN_POINT('',(40.,-62.035,1.51));
#4824 = DIRECTION('',(-0.,0.,-1.));
#4825 = DIRECTION('',(-0.,-1.,0.));
#4826 = FACE_BOUND('',#4827,.T.);
#4827 = EDGE_LOOP('',(#4828));
#4828 = ORIENTED_EDGE('',*,*,#4829,.T.);
#4829 = EDGE_CURVE('',#4830,#4830,#4832,.T.);
#4830 = VERTEX_POINT('',#4831);
#4831 = CARTESIAN_POINT('',(37.16,-61.15,1.51));
#4832 = CIRCLE('',#4833,0.5);
#4833 = AXIS2_PLACEMENT_3D('',#4834,#4835,#4836);
#4834 = CARTESIAN_POINT('',(37.16,-60.65,1.51));
#4835 = DIRECTION('',(-0.,0.,-1.));
#4836 = DIRECTION('',(-0.,-1.,0.));
#4837 = FACE_BOUND('',#4838,.T.);
#4838 = EDGE_LOOP('',(#4839));
#4839 = ORIENTED_EDGE('',*,*,#4840,.T.);
#4840 = EDGE_CURVE('',#4841,#4841,#4843,.T.);
#4841 = VERTEX_POINT('',#4842);
#4842 = CARTESIAN_POINT('',(40.,-59.765,1.51));
#4843 = CIRCLE('',#4844,0.5);
#4844 = AXIS2_PLACEMENT_3D('',#4845,#4846,#4847);
#4845 = CARTESIAN_POINT('',(40.,-59.265,1.51));
#4846 = DIRECTION('',(-0.,0.,-1.));
#4847 = DIRECTION('',(-0.,-1.,0.));
#4848 = FACE_BOUND('',#4849,.T.);
#4849 = EDGE_LOOP('',(#4850));
#4850 = ORIENTED_EDGE('',*,*,#4851,.T.);
#4851 = EDGE_CURVE('',#4852,#4852,#4854,.T.);
#4852 = VERTEX_POINT('',#4853);
#4853 = CARTESIAN_POINT('',(79.,-83.475,1.51));
#4854 = CIRCLE('',#4855,0.475);
#4855 = AXIS2_PLACEMENT_3D('',#4856,#4857,#4858);
#4856 = CARTESIAN_POINT('',(79.,-83.,1.51));
#4857 = DIRECTION('',(-0.,0.,-1.));
#4858 = DIRECTION('',(-0.,-1.,0.));
#4859 = FACE_BOUND('',#4860,.T.);
#4860 = EDGE_LOOP('',(#4861));
#4861 = ORIENTED_EDGE('',*,*,#4862,.T.);
#4862 = EDGE_CURVE('',#4863,#4863,#4865,.T.);
#4863 = VERTEX_POINT('',#4864);
#4864 = CARTESIAN_POINT('',(37.16,-58.38,1.51));
#4865 = CIRCLE('',#4866,0.5);
#4866 = AXIS2_PLACEMENT_3D('',#4867,#4868,#4869);
#4867 = CARTESIAN_POINT('',(37.16,-57.88,1.51));
#4868 = DIRECTION('',(-0.,0.,-1.));
#4869 = DIRECTION('',(-0.,-1.,0.));
#4870 = FACE_BOUND('',#4871,.T.);
#4871 = EDGE_LOOP('',(#4872));
#4872 = ORIENTED_EDGE('',*,*,#4873,.T.);
#4873 = EDGE_CURVE('',#4874,#4874,#4876,.T.);
#4874 = VERTEX_POINT('',#4875);
#4875 = CARTESIAN_POINT('',(37.16,-55.61,1.51));
#4876 = CIRCLE('',#4877,0.5);
#4877 = AXIS2_PLACEMENT_3D('',#4878,#4879,#4880);
#4878 = CARTESIAN_POINT('',(37.16,-55.11,1.51));
#4879 = DIRECTION('',(-0.,0.,-1.));
#4880 = DIRECTION('',(-0.,-1.,0.));
#4881 = FACE_BOUND('',#4882,.T.);
#4882 = EDGE_LOOP('',(#4883));
#4883 = ORIENTED_EDGE('',*,*,#4884,.T.);
#4884 = EDGE_CURVE('',#4885,#4885,#4887,.T.);
#4885 = VERTEX_POINT('',#4886);
#4886 = CARTESIAN_POINT('',(40.,-56.995,1.51));
#4887 = CIRCLE('',#4888,0.5);
#4888 = AXIS2_PLACEMENT_3D('',#4889,#4890,#4891);
#4889 = CARTESIAN_POINT('',(40.,-56.495,1.51));
#4890 = DIRECTION('',(-0.,0.,-1.));
#4891 = DIRECTION('',(-0.,-1.,0.));
#4892 = FACE_BOUND('',#4893,.T.);
#4893 = EDGE_LOOP('',(#4894));
#4894 = ORIENTED_EDGE('',*,*,#4895,.T.);
#4895 = EDGE_CURVE('',#4896,#4896,#4898,.T.);
#4896 = VERTEX_POINT('',#4897);
#4897 = CARTESIAN_POINT('',(37.16,-52.84,1.51));
#4898 = CIRCLE('',#4899,0.5);
#4899 = AXIS2_PLACEMENT_3D('',#4900,#4901,#4902);
#4900 = CARTESIAN_POINT('',(37.16,-52.34,1.51));
#4901 = DIRECTION('',(-0.,0.,-1.));
#4902 = DIRECTION('',(-0.,-1.,0.));
#4903 = FACE_BOUND('',#4904,.T.);
#4904 = EDGE_LOOP('',(#4905));
#4905 = ORIENTED_EDGE('',*,*,#4906,.T.);
#4906 = EDGE_CURVE('',#4907,#4907,#4909,.T.);
#4907 = VERTEX_POINT('',#4908);
#4908 = CARTESIAN_POINT('',(40.,-54.225,1.51));
#4909 = CIRCLE('',#4910,0.5);
#4910 = AXIS2_PLACEMENT_3D('',#4911,#4912,#4913);
#4911 = CARTESIAN_POINT('',(40.,-53.725,1.51));
#4912 = DIRECTION('',(-0.,0.,-1.));
#4913 = DIRECTION('',(-0.,-1.,0.));
#4914 = FACE_BOUND('',#4915,.T.);
#4915 = EDGE_LOOP('',(#4916));
#4916 = ORIENTED_EDGE('',*,*,#4917,.T.);
#4917 = EDGE_CURVE('',#4918,#4918,#4920,.T.);
#4918 = VERTEX_POINT('',#4919);
#4919 = CARTESIAN_POINT('',(40.,-51.455,1.51));
#4920 = CIRCLE('',#4921,0.5);
#4921 = AXIS2_PLACEMENT_3D('',#4922,#4923,#4924);
#4922 = CARTESIAN_POINT('',(40.,-50.955,1.51));
#4923 = DIRECTION('',(-0.,0.,-1.));
#4924 = DIRECTION('',(-0.,-1.,0.));
#4925 = FACE_BOUND('',#4926,.T.);
#4926 = EDGE_LOOP('',(#4927));
#4927 = ORIENTED_EDGE('',*,*,#4928,.T.);
#4928 = EDGE_CURVE('',#4929,#4929,#4931,.T.);
#4929 = VERTEX_POINT('',#4930);
#4930 = CARTESIAN_POINT('',(37.16,-45.6,1.51));
#4931 = CIRCLE('',#4932,1.6);
#4932 = AXIS2_PLACEMENT_3D('',#4933,#4934,#4935);
#4933 = CARTESIAN_POINT('',(37.16,-44.,1.51));
#4934 = DIRECTION('',(-0.,0.,-1.));
#4935 = DIRECTION('',(-0.,-1.,0.));
#4936 = FACE_BOUND('',#4937,.T.);
#4937 = EDGE_LOOP('',(#4938));
#4938 = ORIENTED_EDGE('',*,*,#4939,.T.);
#4939 = EDGE_CURVE('',#4940,#4940,#4942,.T.);
#4940 = VERTEX_POINT('',#4941);
#4941 = CARTESIAN_POINT('',(63.68,-33.26,1.51));
#4942 = CIRCLE('',#4943,1.6);
#4943 = AXIS2_PLACEMENT_3D('',#4944,#4945,#4946);
#4944 = CARTESIAN_POINT('',(63.68,-31.66,1.51));
#4945 = DIRECTION('',(-0.,0.,-1.));
#4946 = DIRECTION('',(-0.,-1.,0.));
#4947 = FACE_BOUND('',#4948,.T.);
#4948 = EDGE_LOOP('',(#4949));
#4949 = ORIENTED_EDGE('',*,*,#4950,.T.);
#4950 = EDGE_CURVE('',#4951,#4951,#4953,.T.);
#4951 = VERTEX_POINT('',#4952);
#4952 = CARTESIAN_POINT('',(70.635,-35.,1.51));
#4953 = CIRCLE('',#4954,0.5);
#4954 = AXIS2_PLACEMENT_3D('',#4955,#4956,#4957);
#4955 = CARTESIAN_POINT('',(70.635,-34.5,1.51));
#4956 = DIRECTION('',(-0.,0.,-1.));
#4957 = DIRECTION('',(-0.,-1.,0.));
#4958 = FACE_BOUND('',#4959,.T.);
#4959 = EDGE_LOOP('',(#4960));
#4960 = ORIENTED_EDGE('',*,*,#4961,.T.);
#4961 = EDGE_CURVE('',#4962,#4962,#4964,.T.);
#4962 = VERTEX_POINT('',#4963);
#4963 = CARTESIAN_POINT('',(73.405,-35.,1.51));
#4964 = CIRCLE('',#4965,0.5);
#4965 = AXIS2_PLACEMENT_3D('',#4966,#4967,#4968);
#4966 = CARTESIAN_POINT('',(73.405,-34.5,1.51));
#4967 = DIRECTION('',(-0.,0.,-1.));
#4968 = DIRECTION('',(-0.,-1.,0.));
#4969 = FACE_BOUND('',#4970,.T.);
#4970 = EDGE_LOOP('',(#4971));
#4971 = ORIENTED_EDGE('',*,*,#4972,.T.);
#4972 = EDGE_CURVE('',#4973,#4973,#4975,.T.);
#4973 = VERTEX_POINT('',#4974);
#4974 = CARTESIAN_POINT('',(72.02,-32.16,1.51));
#4975 = CIRCLE('',#4976,0.5);
#4976 = AXIS2_PLACEMENT_3D('',#4977,#4978,#4979);
#4977 = CARTESIAN_POINT('',(72.02,-31.66,1.51));
#4978 = DIRECTION('',(-0.,0.,-1.));
#4979 = DIRECTION('',(-0.,-1.,0.));
#4980 = FACE_BOUND('',#4981,.T.);
#4981 = EDGE_LOOP('',(#4982));
#4982 = ORIENTED_EDGE('',*,*,#4983,.T.);
#4983 = EDGE_CURVE('',#4984,#4984,#4986,.T.);
#4984 = VERTEX_POINT('',#4985);
#4985 = CARTESIAN_POINT('',(76.175,-35.,1.51));
#4986 = CIRCLE('',#4987,0.5);
#4987 = AXIS2_PLACEMENT_3D('',#4988,#4989,#4990);
#4988 = CARTESIAN_POINT('',(76.175,-34.5,1.51));
#4989 = DIRECTION('',(-0.,0.,-1.));
#4990 = DIRECTION('',(-0.,-1.,0.));
#4991 = FACE_BOUND('',#4992,.T.);
#4992 = EDGE_LOOP('',(#4993));
#4993 = ORIENTED_EDGE('',*,*,#4994,.T.);
#4994 = EDGE_CURVE('',#4995,#4995,#4997,.T.);
#4995 = VERTEX_POINT('',#4996);
#4996 = CARTESIAN_POINT('',(78.945,-35.,1.51));
#4997 = CIRCLE('',#4998,0.5);
#4998 = AXIS2_PLACEMENT_3D('',#4999,#5000,#5001);
#4999 = CARTESIAN_POINT('',(78.945,-34.5,1.51));
#5000 = DIRECTION('',(-0.,0.,-1.));
#5001 = DIRECTION('',(-0.,-1.,0.));
#5002 = FACE_BOUND('',#5003,.T.);
#5003 = EDGE_LOOP('',(#5004));
#5004 = ORIENTED_EDGE('',*,*,#5005,.T.);
#5005 = EDGE_CURVE('',#5006,#5006,#5008,.T.);
#5006 = VERTEX_POINT('',#5007);
#5007 = CARTESIAN_POINT('',(74.79,-32.16,1.51));
#5008 = CIRCLE('',#5009,0.5);
#5009 = AXIS2_PLACEMENT_3D('',#5010,#5011,#5012);
#5010 = CARTESIAN_POINT('',(74.79,-31.66,1.51));
#5011 = DIRECTION('',(-0.,0.,-1.));
#5012 = DIRECTION('',(-0.,-1.,0.));
#5013 = FACE_BOUND('',#5014,.T.);
#5014 = EDGE_LOOP('',(#5015));
#5015 = ORIENTED_EDGE('',*,*,#5016,.T.);
#5016 = EDGE_CURVE('',#5017,#5017,#5019,.T.);
#5017 = VERTEX_POINT('',#5018);
#5018 = CARTESIAN_POINT('',(77.56,-32.16,1.51));
#5019 = CIRCLE('',#5020,0.5);
#5020 = AXIS2_PLACEMENT_3D('',#5021,#5022,#5023);
#5021 = CARTESIAN_POINT('',(77.56,-31.66,1.51));
#5022 = DIRECTION('',(-0.,0.,-1.));
#5023 = DIRECTION('',(-0.,-1.,0.));
#5024 = FACE_BOUND('',#5025,.T.);
#5025 = EDGE_LOOP('',(#5026));
#5026 = ORIENTED_EDGE('',*,*,#5027,.T.);
#5027 = EDGE_CURVE('',#5028,#5028,#5030,.T.);
#5028 = VERTEX_POINT('',#5029);
#5029 = CARTESIAN_POINT('',(81.5,-83.475,1.51));
#5030 = CIRCLE('',#5031,0.475);
#5031 = AXIS2_PLACEMENT_3D('',#5032,#5033,#5034);
#5032 = CARTESIAN_POINT('',(81.5,-83.,1.51));
#5033 = DIRECTION('',(-0.,0.,-1.));
#5034 = DIRECTION('',(-0.,-1.,0.));
#5035 = FACE_BOUND('',#5036,.T.);
#5036 = EDGE_LOOP('',(#5037));
#5037 = ORIENTED_EDGE('',*,*,#5038,.T.);
#5038 = EDGE_CURVE('',#5039,#5039,#5041,.T.);
#5039 = VERTEX_POINT('',#5040);
#5040 = CARTESIAN_POINT('',(84.,-83.475,1.51));
#5041 = CIRCLE('',#5042,0.475);
#5042 = AXIS2_PLACEMENT_3D('',#5043,#5044,#5045);
#5043 = CARTESIAN_POINT('',(84.,-83.,1.51));
#5044 = DIRECTION('',(-0.,0.,-1.));
#5045 = DIRECTION('',(-0.,-1.,0.));
#5046 = FACE_BOUND('',#5047,.T.);
#5047 = EDGE_LOOP('',(#5048));
#5048 = ORIENTED_EDGE('',*,*,#5049,.T.);
#5049 = EDGE_CURVE('',#5050,#5050,#5052,.T.);
#5050 = VERTEX_POINT('',#5051);
#5051 = CARTESIAN_POINT('',(117.84,-78.9,1.51));
#5052 = CIRCLE('',#5053,1.6);
#5053 = AXIS2_PLACEMENT_3D('',#5054,#5055,#5056);
#5054 = CARTESIAN_POINT('',(117.84,-77.3,1.51));
#5055 = DIRECTION('',(-0.,0.,-1.));
#5056 = DIRECTION('',(-0.,-1.,0.));
#5057 = FACE_BOUND('',#5058,.T.);
#5058 = EDGE_LOOP('',(#5059));
#5059 = ORIENTED_EDGE('',*,*,#5060,.T.);
#5060 = EDGE_CURVE('',#5061,#5061,#5063,.T.);
#5061 = VERTEX_POINT('',#5062);
#5062 = CARTESIAN_POINT('',(115.,-70.845,1.51));
#5063 = CIRCLE('',#5064,0.5);
#5064 = AXIS2_PLACEMENT_3D('',#5065,#5066,#5067);
#5065 = CARTESIAN_POINT('',(115.,-70.345,1.51));
#5066 = DIRECTION('',(-0.,0.,-1.));
#5067 = DIRECTION('',(-0.,-1.,0.));
#5068 = FACE_BOUND('',#5069,.T.);
#5069 = EDGE_LOOP('',(#5070));
#5070 = ORIENTED_EDGE('',*,*,#5071,.T.);
#5071 = EDGE_CURVE('',#5072,#5072,#5074,.T.);
#5072 = VERTEX_POINT('',#5073);
#5073 = CARTESIAN_POINT('',(115.,-68.075,1.51));
#5074 = CIRCLE('',#5075,0.5);
#5075 = AXIS2_PLACEMENT_3D('',#5076,#5077,#5078);
#5076 = CARTESIAN_POINT('',(115.,-67.575,1.51));
#5077 = DIRECTION('',(-0.,0.,-1.));
#5078 = DIRECTION('',(-0.,-1.,0.));
#5079 = FACE_BOUND('',#5080,.T.);
#5080 = EDGE_LOOP('',(#5081));
#5081 = ORIENTED_EDGE('',*,*,#5082,.T.);
#5082 = EDGE_CURVE('',#5083,#5083,#5085,.T.);
#5083 = VERTEX_POINT('',#5084);
#5084 = CARTESIAN_POINT('',(117.84,-69.46,1.51));
#5085 = CIRCLE('',#5086,0.5);
#5086 = AXIS2_PLACEMENT_3D('',#5087,#5088,#5089);
#5087 = CARTESIAN_POINT('',(117.84,-68.96,1.51));
#5088 = DIRECTION('',(-0.,0.,-1.));
#5089 = DIRECTION('',(-0.,-1.,0.));
#5090 = FACE_BOUND('',#5091,.T.);
#5091 = EDGE_LOOP('',(#5092));
#5092 = ORIENTED_EDGE('',*,*,#5093,.T.);
#5093 = EDGE_CURVE('',#5094,#5094,#5096,.T.);
#5094 = VERTEX_POINT('',#5095);
#5095 = CARTESIAN_POINT('',(117.84,-66.69,1.51));
#5096 = CIRCLE('',#5097,0.5);
#5097 = AXIS2_PLACEMENT_3D('',#5098,#5099,#5100);
#5098 = CARTESIAN_POINT('',(117.84,-66.19,1.51));
#5099 = DIRECTION('',(-0.,0.,-1.));
#5100 = DIRECTION('',(-0.,-1.,0.));
#5101 = FACE_BOUND('',#5102,.T.);
#5102 = EDGE_LOOP('',(#5103));
#5103 = ORIENTED_EDGE('',*,*,#5104,.T.);
#5104 = EDGE_CURVE('',#5105,#5105,#5107,.T.);
#5105 = VERTEX_POINT('',#5106);
#5106 = CARTESIAN_POINT('',(115.,-65.305,1.51));
#5107 = CIRCLE('',#5108,0.5);
#5108 = AXIS2_PLACEMENT_3D('',#5109,#5110,#5111);
#5109 = CARTESIAN_POINT('',(115.,-64.805,1.51));
#5110 = DIRECTION('',(-0.,0.,-1.));
#5111 = DIRECTION('',(-0.,-1.,0.));
#5112 = FACE_BOUND('',#5113,.T.);
#5113 = EDGE_LOOP('',(#5114));
#5114 = ORIENTED_EDGE('',*,*,#5115,.T.);
#5115 = EDGE_CURVE('',#5116,#5116,#5118,.T.);
#5116 = VERTEX_POINT('',#5117);
#5117 = CARTESIAN_POINT('',(115.,-62.535,1.51));
#5118 = CIRCLE('',#5119,0.5);
#5119 = AXIS2_PLACEMENT_3D('',#5120,#5121,#5122);
#5120 = CARTESIAN_POINT('',(115.,-62.035,1.51));
#5121 = DIRECTION('',(-0.,0.,-1.));
#5122 = DIRECTION('',(-0.,-1.,0.));
#5123 = FACE_BOUND('',#5124,.T.);
#5124 = EDGE_LOOP('',(#5125));
#5125 = ORIENTED_EDGE('',*,*,#5126,.T.);
#5126 = EDGE_CURVE('',#5127,#5127,#5129,.T.);
#5127 = VERTEX_POINT('',#5128);
#5128 = CARTESIAN_POINT('',(117.84,-63.92,1.51));
#5129 = CIRCLE('',#5130,0.5);
#5130 = AXIS2_PLACEMENT_3D('',#5131,#5132,#5133);
#5131 = CARTESIAN_POINT('',(117.84,-63.42,1.51));
#5132 = DIRECTION('',(-0.,0.,-1.));
#5133 = DIRECTION('',(-0.,-1.,0.));
#5134 = FACE_BOUND('',#5135,.T.);
#5135 = EDGE_LOOP('',(#5136));
#5136 = ORIENTED_EDGE('',*,*,#5137,.T.);
#5137 = EDGE_CURVE('',#5138,#5138,#5140,.T.);
#5138 = VERTEX_POINT('',#5139);
#5139 = CARTESIAN_POINT('',(115.,-59.765,1.51));
#5140 = CIRCLE('',#5141,0.5);
#5141 = AXIS2_PLACEMENT_3D('',#5142,#5143,#5144);
#5142 = CARTESIAN_POINT('',(115.,-59.265,1.51));
#5143 = DIRECTION('',(-0.,0.,-1.));
#5144 = DIRECTION('',(-0.,-1.,0.));
#5145 = FACE_BOUND('',#5146,.T.);
#5146 = EDGE_LOOP('',(#5147));
#5147 = ORIENTED_EDGE('',*,*,#5148,.T.);
#5148 = EDGE_CURVE('',#5149,#5149,#5151,.T.);
#5149 = VERTEX_POINT('',#5150);
#5150 = CARTESIAN_POINT('',(117.84,-61.15,1.51));
#5151 = CIRCLE('',#5152,0.5);
#5152 = AXIS2_PLACEMENT_3D('',#5153,#5154,#5155);
#5153 = CARTESIAN_POINT('',(117.84,-60.65,1.51));
#5154 = DIRECTION('',(-0.,0.,-1.));
#5155 = DIRECTION('',(-0.,-1.,0.));
#5156 = FACE_BOUND('',#5157,.T.);
#5157 = EDGE_LOOP('',(#5158));
#5158 = ORIENTED_EDGE('',*,*,#5159,.F.);
#5159 = EDGE_CURVE('',#5160,#5160,#5162,.T.);
#5160 = VERTEX_POINT('',#5161);
#5161 = CARTESIAN_POINT('',(84.,-50.,1.51));
#5162 = CIRCLE('',#5163,4.);
#5163 = AXIS2_PLACEMENT_3D('',#5164,#5165,#5166);
#5164 = CARTESIAN_POINT('',(80.,-50.,1.51));
#5165 = DIRECTION('',(0.,0.,1.));
#5166 = DIRECTION('',(1.,0.,-0.));
#5167 = FACE_BOUND('',#5168,.T.);
#5168 = EDGE_LOOP('',(#5169));
#5169 = ORIENTED_EDGE('',*,*,#5170,.T.);
#5170 = EDGE_CURVE('',#5171,#5171,#5173,.T.);
#5171 = VERTEX_POINT('',#5172);
#5172 = CARTESIAN_POINT('',(81.715,-35.,1.51));
#5173 = CIRCLE('',#5174,0.5);
#5174 = AXIS2_PLACEMENT_3D('',#5175,#5176,#5177);
#5175 = CARTESIAN_POINT('',(81.715,-34.5,1.51));
#5176 = DIRECTION('',(-0.,0.,-1.));
#5177 = DIRECTION('',(-0.,-1.,0.));
#5178 = FACE_BOUND('',#5179,.T.);
#5179 = EDGE_LOOP('',(#5180));
#5180 = ORIENTED_EDGE('',*,*,#5181,.T.);
#5181 = EDGE_CURVE('',#5182,#5182,#5184,.T.);
#5182 = VERTEX_POINT('',#5183);
#5183 = CARTESIAN_POINT('',(84.485,-35.,1.51));
#5184 = CIRCLE('',#5185,0.5);
#5185 = AXIS2_PLACEMENT_3D('',#5186,#5187,#5188);
#5186 = CARTESIAN_POINT('',(84.485,-34.5,1.51));
#5187 = DIRECTION('',(-0.,0.,-1.));
#5188 = DIRECTION('',(-0.,-1.,0.));
#5189 = FACE_BOUND('',#5190,.T.);
#5190 = EDGE_LOOP('',(#5191));
#5191 = ORIENTED_EDGE('',*,*,#5192,.T.);
#5192 = EDGE_CURVE('',#5193,#5193,#5195,.T.);
#5193 = VERTEX_POINT('',#5194);
#5194 = CARTESIAN_POINT('',(80.33,-32.16,1.51));
#5195 = CIRCLE('',#5196,0.5);
#5196 = AXIS2_PLACEMENT_3D('',#5197,#5198,#5199);
#5197 = CARTESIAN_POINT('',(80.33,-31.66,1.51));
#5198 = DIRECTION('',(-0.,0.,-1.));
#5199 = DIRECTION('',(-0.,-1.,0.));
#5200 = FACE_BOUND('',#5201,.T.);
#5201 = EDGE_LOOP('',(#5202));
#5202 = ORIENTED_EDGE('',*,*,#5203,.T.);
#5203 = EDGE_CURVE('',#5204,#5204,#5206,.T.);
#5204 = VERTEX_POINT('',#5205);
#5205 = CARTESIAN_POINT('',(83.1,-32.16,1.51));
#5206 = CIRCLE('',#5207,0.5);
#5207 = AXIS2_PLACEMENT_3D('',#5208,#5209,#5210);
#5208 = CARTESIAN_POINT('',(83.1,-31.66,1.51));
#5209 = DIRECTION('',(-0.,0.,-1.));
#5210 = DIRECTION('',(-0.,-1.,0.));
#5211 = FACE_BOUND('',#5212,.T.);
#5212 = EDGE_LOOP('',(#5213));
#5213 = ORIENTED_EDGE('',*,*,#5214,.T.);
#5214 = EDGE_CURVE('',#5215,#5215,#5217,.T.);
#5215 = VERTEX_POINT('',#5216);
#5216 = CARTESIAN_POINT('',(87.255,-35.,1.51));
#5217 = CIRCLE('',#5218,0.5);
#5218 = AXIS2_PLACEMENT_3D('',#5219,#5220,#5221);
#5219 = CARTESIAN_POINT('',(87.255,-34.5,1.51));
#5220 = DIRECTION('',(-0.,0.,-1.));
#5221 = DIRECTION('',(-0.,-1.,0.));
#5222 = FACE_BOUND('',#5223,.T.);
#5223 = EDGE_LOOP('',(#5224));
#5224 = ORIENTED_EDGE('',*,*,#5225,.T.);
#5225 = EDGE_CURVE('',#5226,#5226,#5228,.T.);
#5226 = VERTEX_POINT('',#5227);
#5227 = CARTESIAN_POINT('',(90.025,-35.,1.51));
#5228 = CIRCLE('',#5229,0.5);
#5229 = AXIS2_PLACEMENT_3D('',#5230,#5231,#5232);
#5230 = CARTESIAN_POINT('',(90.025,-34.5,1.51));
#5231 = DIRECTION('',(-0.,0.,-1.));
#5232 = DIRECTION('',(-0.,-1.,0.));
#5233 = FACE_BOUND('',#5234,.T.);
#5234 = EDGE_LOOP('',(#5235));
#5235 = ORIENTED_EDGE('',*,*,#5236,.T.);
#5236 = EDGE_CURVE('',#5237,#5237,#5239,.T.);
#5237 = VERTEX_POINT('',#5238);
#5238 = CARTESIAN_POINT('',(85.87,-32.16,1.51));
#5239 = CIRCLE('',#5240,0.5);
#5240 = AXIS2_PLACEMENT_3D('',#5241,#5242,#5243);
#5241 = CARTESIAN_POINT('',(85.87,-31.66,1.51));
#5242 = DIRECTION('',(-0.,0.,-1.));
#5243 = DIRECTION('',(-0.,-1.,0.));
#5244 = FACE_BOUND('',#5245,.T.);
#5245 = EDGE_LOOP('',(#5246));
#5246 = ORIENTED_EDGE('',*,*,#5247,.T.);
#5247 = EDGE_CURVE('',#5248,#5248,#5250,.T.);
#5248 = VERTEX_POINT('',#5249);
#5249 = CARTESIAN_POINT('',(88.64,-32.16,1.51));
#5250 = CIRCLE('',#5251,0.5);
#5251 = AXIS2_PLACEMENT_3D('',#5252,#5253,#5254);
#5252 = CARTESIAN_POINT('',(88.64,-31.66,1.51));
#5253 = DIRECTION('',(-0.,0.,-1.));
#5254 = DIRECTION('',(-0.,-1.,0.));
#5255 = FACE_BOUND('',#5256,.T.);
#5256 = EDGE_LOOP('',(#5257));
#5257 = ORIENTED_EDGE('',*,*,#5258,.T.);
#5258 = EDGE_CURVE('',#5259,#5259,#5261,.T.);
#5259 = VERTEX_POINT('',#5260);
#5260 = CARTESIAN_POINT('',(96.98,-33.26,1.51));
#5261 = CIRCLE('',#5262,1.6);
#5262 = AXIS2_PLACEMENT_3D('',#5263,#5264,#5265);
#5263 = CARTESIAN_POINT('',(96.98,-31.66,1.51));
#5264 = DIRECTION('',(-0.,0.,-1.));
#5265 = DIRECTION('',(8.881784197001E-15,-1.,-0.));
#5266 = FACE_BOUND('',#5267,.T.);
#5267 = EDGE_LOOP('',(#5268));
#5268 = ORIENTED_EDGE('',*,*,#5269,.T.);
#5269 = EDGE_CURVE('',#5270,#5270,#5272,.T.);
#5270 = VERTEX_POINT('',#5271);
#5271 = CARTESIAN_POINT('',(115.,-56.995,1.51));
#5272 = CIRCLE('',#5273,0.5);
#5273 = AXIS2_PLACEMENT_3D('',#5274,#5275,#5276);
#5274 = CARTESIAN_POINT('',(115.,-56.495,1.51));
#5275 = DIRECTION('',(-0.,0.,-1.));
#5276 = DIRECTION('',(-0.,-1.,0.));
#5277 = FACE_BOUND('',#5278,.T.);
#5278 = EDGE_LOOP('',(#5279));
#5279 = ORIENTED_EDGE('',*,*,#5280,.T.);
#5280 = EDGE_CURVE('',#5281,#5281,#5283,.T.);
#5281 = VERTEX_POINT('',#5282);
#5282 = CARTESIAN_POINT('',(117.84,-58.38,1.51));
#5283 = CIRCLE('',#5284,0.5);
#5284 = AXIS2_PLACEMENT_3D('',#5285,#5286,#5287);
#5285 = CARTESIAN_POINT('',(117.84,-57.88,1.51));
#5286 = DIRECTION('',(-0.,0.,-1.));
#5287 = DIRECTION('',(-0.,-1.,0.));
#5288 = FACE_BOUND('',#5289,.T.);
#5289 = EDGE_LOOP('',(#5290));
#5290 = ORIENTED_EDGE('',*,*,#5291,.T.);
#5291 = EDGE_CURVE('',#5292,#5292,#5294,.T.);
#5292 = VERTEX_POINT('',#5293);
#5293 = CARTESIAN_POINT('',(117.84,-55.61,1.51));
#5294 = CIRCLE('',#5295,0.5);
#5295 = AXIS2_PLACEMENT_3D('',#5296,#5297,#5298);
#5296 = CARTESIAN_POINT('',(117.84,-55.11,1.51));
#5297 = DIRECTION('',(-0.,0.,-1.));
#5298 = DIRECTION('',(-0.,-1.,0.));
#5299 = FACE_BOUND('',#5300,.T.);
#5300 = EDGE_LOOP('',(#5301));
#5301 = ORIENTED_EDGE('',*,*,#5302,.T.);
#5302 = EDGE_CURVE('',#5303,#5303,#5305,.T.);
#5303 = VERTEX_POINT('',#5304);
#5304 = CARTESIAN_POINT('',(115.,-54.225,1.51));
#5305 = CIRCLE('',#5306,0.5);
#5306 = AXIS2_PLACEMENT_3D('',#5307,#5308,#5309);
#5307 = CARTESIAN_POINT('',(115.,-53.725,1.51));
#5308 = DIRECTION('',(-0.,0.,-1.));
#5309 = DIRECTION('',(-0.,-1.,0.));
#5310 = FACE_BOUND('',#5311,.T.);
#5311 = EDGE_LOOP('',(#5312));
#5312 = ORIENTED_EDGE('',*,*,#5313,.T.);
#5313 = EDGE_CURVE('',#5314,#5314,#5316,.T.);
#5314 = VERTEX_POINT('',#5315);
#5315 = CARTESIAN_POINT('',(117.84,-52.84,1.51));
#5316 = CIRCLE('',#5317,0.5);
#5317 = AXIS2_PLACEMENT_3D('',#5318,#5319,#5320);
#5318 = CARTESIAN_POINT('',(117.84,-52.34,1.51));
#5319 = DIRECTION('',(-0.,0.,-1.));
#5320 = DIRECTION('',(-0.,-1.,0.));
#5321 = FACE_BOUND('',#5322,.T.);
#5322 = EDGE_LOOP('',(#5323));
#5323 = ORIENTED_EDGE('',*,*,#5324,.T.);
#5324 = EDGE_CURVE('',#5325,#5325,#5327,.T.);
#5325 = VERTEX_POINT('',#5326);
#5326 = CARTESIAN_POINT('',(115.,-51.455,1.51));
#5327 = CIRCLE('',#5328,0.5);
#5328 = AXIS2_PLACEMENT_3D('',#5329,#5330,#5331);
#5329 = CARTESIAN_POINT('',(115.,-50.955,1.51));
#5330 = DIRECTION('',(-0.,0.,-1.));
#5331 = DIRECTION('',(-0.,-1.,0.));
#5332 = FACE_BOUND('',#5333,.T.);
#5333 = EDGE_LOOP('',(#5334));
#5334 = ORIENTED_EDGE('',*,*,#5335,.T.);
#5335 = EDGE_CURVE('',#5336,#5336,#5338,.T.);
#5336 = VERTEX_POINT('',#5337);
#5337 = CARTESIAN_POINT('',(117.84,-45.6,1.51));
#5338 = CIRCLE('',#5339,1.6);
#5339 = AXIS2_PLACEMENT_3D('',#5340,#5341,#5342);
#5340 = CARTESIAN_POINT('',(117.84,-44.,1.51));
#5341 = DIRECTION('',(-0.,0.,-1.));
#5342 = DIRECTION('',(-0.,-1.,0.));
#5343 = PLANE('',#5344);
#5344 = AXIS2_PLACEMENT_3D('',#5345,#5346,#5347);
#5345 = CARTESIAN_POINT('',(0.,0.,1.51));
#5346 = DIRECTION('',(0.,0.,1.));
#5347 = DIRECTION('',(1.,0.,-0.));
#5348 = ADVANCED_FACE('',(#5349),#5360,.T.);
#5349 = FACE_BOUND('',#5350,.T.);
#5350 = EDGE_LOOP('',(#5351,#5357,#5358,#5359));
#5351 = ORIENTED_EDGE('',*,*,#5352,.T.);
#5352 = EDGE_CURVE('',#3271,#4313,#5353,.T.);
#5353 = LINE('',#5354,#5355);
#5354 = CARTESIAN_POINT('',(25.,-24.5,0.));
#5355 = VECTOR('',#5356,1.);
#5356 = DIRECTION('',(0.,0.,1.));
#5357 = ORIENTED_EDGE('',*,*,#4312,.T.);
#5358 = ORIENTED_EDGE('',*,*,#3206,.F.);
#5359 = ORIENTED_EDGE('',*,*,#3270,.F.);
#5360 = CYLINDRICAL_SURFACE('',#5361,4.999999678834);
#5361 = AXIS2_PLACEMENT_3D('',#5362,#5363,#5364);
#5362 = CARTESIAN_POINT('',(29.999999678834,-24.49999967883,0.));
#5363 = DIRECTION('',(0.,0.,-1.));
#5364 = DIRECTION('',(-1.,-6.423314275614E-08,-0.));
#5365 = ADVANCED_FACE('',(#5366),#5377,.T.);
#5366 = FACE_BOUND('',#5367,.T.);
#5367 = EDGE_LOOP('',(#5368,#5369,#5370,#5376));
#5368 = ORIENTED_EDGE('',*,*,#3246,.T.);
#5369 = ORIENTED_EDGE('',*,*,#4346,.T.);
#5370 = ORIENTED_EDGE('',*,*,#5371,.F.);
#5371 = EDGE_CURVE('',#3297,#4339,#5372,.T.);
#5372 = LINE('',#5373,#5374);
#5373 = CARTESIAN_POINT('',(125.,-155.,0.));
#5374 = VECTOR('',#5375,1.);
#5375 = DIRECTION('',(0.,0.,1.));
#5376 = ORIENTED_EDGE('',*,*,#3304,.F.);
#5377 = CYLINDRICAL_SURFACE('',#5378,4.999999678834);
#5378 = AXIS2_PLACEMENT_3D('',#5379,#5380,#5381);
#5379 = CARTESIAN_POINT('',(125.00000032116,-150.0000003211,0.));
#5380 = DIRECTION('',(0.,0.,-1.));
#5381 = DIRECTION('',(1.,6.423315270374E-08,0.));
#5382 = ADVANCED_FACE('',(#5383),#5394,.T.);
#5383 = FACE_BOUND('',#5384,.T.);
#5384 = EDGE_LOOP('',(#5385,#5391,#5392,#5393));
#5385 = ORIENTED_EDGE('',*,*,#5386,.T.);
#5386 = EDGE_CURVE('',#3280,#4322,#5387,.T.);
#5387 = LINE('',#5388,#5389);
#5388 = CARTESIAN_POINT('',(25.,-150.,0.));
#5389 = VECTOR('',#5390,1.);
#5390 = DIRECTION('',(0.,0.,1.));
#5391 = ORIENTED_EDGE('',*,*,#4321,.T.);
#5392 = ORIENTED_EDGE('',*,*,#5352,.F.);
#5393 = ORIENTED_EDGE('',*,*,#3279,.F.);
#5394 = PLANE('',#5395);
#5395 = AXIS2_PLACEMENT_3D('',#5396,#5397,#5398);
#5396 = CARTESIAN_POINT('',(25.,-150.,0.));
#5397 = DIRECTION('',(-1.,0.,0.));
#5398 = DIRECTION('',(0.,1.,0.));
#5399 = ADVANCED_FACE('',(#5400),#5411,.T.);
#5400 = FACE_BOUND('',#5401,.T.);
#5401 = EDGE_LOOP('',(#5402,#5403,#5404,#5410));
#5402 = ORIENTED_EDGE('',*,*,#5371,.T.);
#5403 = ORIENTED_EDGE('',*,*,#4338,.T.);
#5404 = ORIENTED_EDGE('',*,*,#5405,.F.);
#5405 = EDGE_CURVE('',#3288,#4330,#5406,.T.);
#5406 = LINE('',#5407,#5408);
#5407 = CARTESIAN_POINT('',(30.,-155.,0.));
#5408 = VECTOR('',#5409,1.);
#5409 = DIRECTION('',(0.,0.,1.));
#5410 = ORIENTED_EDGE('',*,*,#3296,.F.);
#5411 = PLANE('',#5412);
#5412 = AXIS2_PLACEMENT_3D('',#5413,#5414,#5415);
#5413 = CARTESIAN_POINT('',(125.,-155.,0.));
#5414 = DIRECTION('',(0.,-1.,0.));
#5415 = DIRECTION('',(-1.,0.,0.));
#5416 = ADVANCED_FACE('',(#5417),#5423,.T.);
#5417 = FACE_BOUND('',#5418,.T.);
#5418 = EDGE_LOOP('',(#5419,#5420,#5421,#5422));
#5419 = ORIENTED_EDGE('',*,*,#5405,.T.);
#5420 = ORIENTED_EDGE('',*,*,#4329,.T.);
#5421 = ORIENTED_EDGE('',*,*,#5386,.F.);
#5422 = ORIENTED_EDGE('',*,*,#3287,.F.);
#5423 = CYLINDRICAL_SURFACE('',#5424,4.999999678834);
#5424 = AXIS2_PLACEMENT_3D('',#5425,#5426,#5427);
#5425 = CARTESIAN_POINT('',(29.999999678834,-150.0000003211,0.));
#5426 = DIRECTION('',(0.,0.,-1.));
#5427 = DIRECTION('',(6.42331470194E-08,-1.,0.));
#5428 = ADVANCED_FACE('',(#5429),#5440,.F.);
#5429 = FACE_BOUND('',#5430,.T.);
#5430 = EDGE_LOOP('',(#5431,#5432,#5438,#5439));
#5431 = ORIENTED_EDGE('',*,*,#3314,.T.);
#5432 = ORIENTED_EDGE('',*,*,#5433,.T.);
#5433 = EDGE_CURVE('',#3315,#4357,#5434,.T.);
#5434 = LINE('',#5435,#5436);
#5435 = CARTESIAN_POINT('',(38.655,-141.9,-4.6E-02));
#5436 = VECTOR('',#5437,1.);
#5437 = DIRECTION('',(0.,0.,1.));
#5438 = ORIENTED_EDGE('',*,*,#4356,.F.);
#5439 = ORIENTED_EDGE('',*,*,#5433,.F.);
#5440 = CYLINDRICAL_SURFACE('',#5441,1.6);
#5441 = AXIS2_PLACEMENT_3D('',#5442,#5443,#5444);
#5442 = CARTESIAN_POINT('',(38.655,-140.3,-4.6E-02));
#5443 = DIRECTION('',(-0.,-0.,-1.));
#5444 = DIRECTION('',(-0.,-1.,0.));
#5445 = ADVANCED_FACE('',(#5446),#5457,.F.);
#5446 = FACE_BOUND('',#5447,.T.);
#5447 = EDGE_LOOP('',(#5448,#5449,#5455,#5456));
#5448 = ORIENTED_EDGE('',*,*,#3325,.T.);
#5449 = ORIENTED_EDGE('',*,*,#5450,.T.);
#5450 = EDGE_CURVE('',#3326,#4368,#5451,.T.);
#5451 = LINE('',#5452,#5453);
#5452 = CARTESIAN_POINT('',(45.61,-140.5,-4.6E-02));
#5453 = VECTOR('',#5454,1.);
#5454 = DIRECTION('',(0.,0.,1.));
#5455 = ORIENTED_EDGE('',*,*,#4367,.F.);
#5456 = ORIENTED_EDGE('',*,*,#5450,.F.);
#5457 = CYLINDRICAL_SURFACE('',#5458,0.5);
#5458 = AXIS2_PLACEMENT_3D('',#5459,#5460,#5461);
#5459 = CARTESIAN_POINT('',(45.61,-140.,-4.6E-02));
#5460 = DIRECTION('',(-0.,-0.,-1.));
#5461 = DIRECTION('',(-0.,-1.,0.));
#5462 = ADVANCED_FACE('',(#5463),#5474,.F.);
#5463 = FACE_BOUND('',#5464,.T.);
#5464 = EDGE_LOOP('',(#5465,#5466,#5472,#5473));
#5465 = ORIENTED_EDGE('',*,*,#3336,.T.);
#5466 = ORIENTED_EDGE('',*,*,#5467,.T.);
#5467 = EDGE_CURVE('',#3337,#4379,#5468,.T.);
#5468 = LINE('',#5469,#5470);
#5469 = CARTESIAN_POINT('',(46.995,-143.34,-4.6E-02));
#5470 = VECTOR('',#5471,1.);
#5471 = DIRECTION('',(0.,0.,1.));
#5472 = ORIENTED_EDGE('',*,*,#4378,.F.);
#5473 = ORIENTED_EDGE('',*,*,#5467,.F.);
#5474 = CYLINDRICAL_SURFACE('',#5475,0.5);
#5475 = AXIS2_PLACEMENT_3D('',#5476,#5477,#5478);
#5476 = CARTESIAN_POINT('',(46.995,-142.84,-4.6E-02));
#5477 = DIRECTION('',(-0.,-0.,-1.));
#5478 = DIRECTION('',(-0.,-1.,0.));
#5479 = ADVANCED_FACE('',(#5480),#5491,.F.);
#5480 = FACE_BOUND('',#5481,.T.);
#5481 = EDGE_LOOP('',(#5482,#5483,#5489,#5490));
#5482 = ORIENTED_EDGE('',*,*,#3347,.T.);
#5483 = ORIENTED_EDGE('',*,*,#5484,.T.);
#5484 = EDGE_CURVE('',#3348,#4390,#5485,.T.);
#5485 = LINE('',#5486,#5487);
#5486 = CARTESIAN_POINT('',(48.38,-140.5,-4.6E-02));
#5487 = VECTOR('',#5488,1.);
#5488 = DIRECTION('',(0.,0.,1.));
#5489 = ORIENTED_EDGE('',*,*,#4389,.F.);
#5490 = ORIENTED_EDGE('',*,*,#5484,.F.);
#5491 = CYLINDRICAL_SURFACE('',#5492,0.5);
#5492 = AXIS2_PLACEMENT_3D('',#5493,#5494,#5495);
#5493 = CARTESIAN_POINT('',(48.38,-140.,-4.6E-02));
#5494 = DIRECTION('',(-0.,-0.,-1.));
#5495 = DIRECTION('',(-0.,-1.,0.));
#5496 = ADVANCED_FACE('',(#5497),#5508,.F.);
#5497 = FACE_BOUND('',#5498,.T.);
#5498 = EDGE_LOOP('',(#5499,#5500,#5506,#5507));
#5499 = ORIENTED_EDGE('',*,*,#3358,.T.);
#5500 = ORIENTED_EDGE('',*,*,#5501,.T.);
#5501 = EDGE_CURVE('',#3359,#4401,#5502,.T.);
#5502 = LINE('',#5503,#5504);
#5503 = CARTESIAN_POINT('',(49.765,-143.34,-4.6E-02));
#5504 = VECTOR('',#5505,1.);
#5505 = DIRECTION('',(0.,0.,1.));
#5506 = ORIENTED_EDGE('',*,*,#4400,.F.);
#5507 = ORIENTED_EDGE('',*,*,#5501,.F.);
#5508 = CYLINDRICAL_SURFACE('',#5509,0.5);
#5509 = AXIS2_PLACEMENT_3D('',#5510,#5511,#5512);
#5510 = CARTESIAN_POINT('',(49.765,-142.84,-4.6E-02));
#5511 = DIRECTION('',(-0.,-0.,-1.));
#5512 = DIRECTION('',(-0.,-1.,0.));
#5513 = ADVANCED_FACE('',(#5514),#5525,.F.);
#5514 = FACE_BOUND('',#5515,.T.);
#5515 = EDGE_LOOP('',(#5516,#5517,#5523,#5524));
#5516 = ORIENTED_EDGE('',*,*,#3369,.T.);
#5517 = ORIENTED_EDGE('',*,*,#5518,.T.);
#5518 = EDGE_CURVE('',#3370,#4412,#5519,.T.);
#5519 = LINE('',#5520,#5521);
#5520 = CARTESIAN_POINT('',(51.15,-140.5,-4.6E-02));
#5521 = VECTOR('',#5522,1.);
#5522 = DIRECTION('',(0.,0.,1.));
#5523 = ORIENTED_EDGE('',*,*,#4411,.F.);
#5524 = ORIENTED_EDGE('',*,*,#5518,.F.);
#5525 = CYLINDRICAL_SURFACE('',#5526,0.5);
#5526 = AXIS2_PLACEMENT_3D('',#5527,#5528,#5529);
#5527 = CARTESIAN_POINT('',(51.15,-140.,-4.6E-02));
#5528 = DIRECTION('',(-0.,-0.,-1.));
#5529 = DIRECTION('',(-0.,-1.,0.));
#5530 = ADVANCED_FACE('',(#5531),#5542,.F.);
#5531 = FACE_BOUND('',#5532,.T.);
#5532 = EDGE_LOOP('',(#5533,#5534,#5540,#5541));
#5533 = ORIENTED_EDGE('',*,*,#3380,.T.);
#5534 = ORIENTED_EDGE('',*,*,#5535,.T.);
#5535 = EDGE_CURVE('',#3381,#4423,#5536,.T.);
#5536 = LINE('',#5537,#5538);
#5537 = CARTESIAN_POINT('',(52.535,-143.34,-4.6E-02));
#5538 = VECTOR('',#5539,1.);
#5539 = DIRECTION('',(0.,0.,1.));
#5540 = ORIENTED_EDGE('',*,*,#4422,.F.);
#5541 = ORIENTED_EDGE('',*,*,#5535,.F.);
#5542 = CYLINDRICAL_SURFACE('',#5543,0.5);
#5543 = AXIS2_PLACEMENT_3D('',#5544,#5545,#5546);
#5544 = CARTESIAN_POINT('',(52.535,-142.84,-4.6E-02));
#5545 = DIRECTION('',(-0.,-0.,-1.));
#5546 = DIRECTION('',(-0.,-1.,0.));
#5547 = ADVANCED_FACE('',(#5548),#5559,.F.);
#5548 = FACE_BOUND('',#5549,.T.);
#5549 = EDGE_LOOP('',(#5550,#5551,#5557,#5558));
#5550 = ORIENTED_EDGE('',*,*,#3391,.T.);
#5551 = ORIENTED_EDGE('',*,*,#5552,.T.);
#5552 = EDGE_CURVE('',#3392,#4434,#5553,.T.);
#5553 = LINE('',#5554,#5555);
#5554 = CARTESIAN_POINT('',(53.92,-140.5,-4.6E-02));
#5555 = VECTOR('',#5556,1.);
#5556 = DIRECTION('',(0.,0.,1.));
#5557 = ORIENTED_EDGE('',*,*,#4433,.F.);
#5558 = ORIENTED_EDGE('',*,*,#5552,.F.);
#5559 = CYLINDRICAL_SURFACE('',#5560,0.5);
#5560 = AXIS2_PLACEMENT_3D('',#5561,#5562,#5563);
#5561 = CARTESIAN_POINT('',(53.92,-140.,-4.6E-02));
#5562 = DIRECTION('',(-0.,-0.,-1.));
#5563 = DIRECTION('',(-0.,-1.,0.));
#5564 = ADVANCED_FACE('',(#5565),#5576,.F.);
#5565 = FACE_BOUND('',#5566,.T.);
#5566 = EDGE_LOOP('',(#5567,#5568,#5574,#5575));
#5567 = ORIENTED_EDGE('',*,*,#3402,.T.);
#5568 = ORIENTED_EDGE('',*,*,#5569,.T.);
#5569 = EDGE_CURVE('',#3403,#4445,#5570,.T.);
#5570 = LINE('',#5571,#5572);
#5571 = CARTESIAN_POINT('',(55.305,-143.34,-4.6E-02));
#5572 = VECTOR('',#5573,1.);
#5573 = DIRECTION('',(0.,0.,1.));
#5574 = ORIENTED_EDGE('',*,*,#4444,.F.);
#5575 = ORIENTED_EDGE('',*,*,#5569,.F.);
#5576 = CYLINDRICAL_SURFACE('',#5577,0.5);
#5577 = AXIS2_PLACEMENT_3D('',#5578,#5579,#5580);
#5578 = CARTESIAN_POINT('',(55.305,-142.84,-4.6E-02));
#5579 = DIRECTION('',(-0.,-0.,-1.));
#5580 = DIRECTION('',(-0.,-1.,0.));
#5581 = ADVANCED_FACE('',(#5582),#5593,.F.);
#5582 = FACE_BOUND('',#5583,.T.);
#5583 = EDGE_LOOP('',(#5584,#5585,#5591,#5592));
#5584 = ORIENTED_EDGE('',*,*,#3413,.T.);
#5585 = ORIENTED_EDGE('',*,*,#5586,.T.);
#5586 = EDGE_CURVE('',#3414,#4456,#5587,.T.);
#5587 = LINE('',#5588,#5589);
#5588 = CARTESIAN_POINT('',(56.69,-140.5,-4.6E-02));
#5589 = VECTOR('',#5590,1.);
#5590 = DIRECTION('',(0.,0.,1.));
#5591 = ORIENTED_EDGE('',*,*,#4455,.F.);
#5592 = ORIENTED_EDGE('',*,*,#5586,.F.);
#5593 = CYLINDRICAL_SURFACE('',#5594,0.5);
#5594 = AXIS2_PLACEMENT_3D('',#5595,#5596,#5597);
#5595 = CARTESIAN_POINT('',(56.69,-140.,-4.6E-02));
#5596 = DIRECTION('',(-0.,-0.,-1.));
#5597 = DIRECTION('',(-0.,-1.,0.));
#5598 = ADVANCED_FACE('',(#5599),#5610,.F.);
#5599 = FACE_BOUND('',#5600,.T.);
#5600 = EDGE_LOOP('',(#5601,#5602,#5608,#5609));
#5601 = ORIENTED_EDGE('',*,*,#3424,.T.);
#5602 = ORIENTED_EDGE('',*,*,#5603,.T.);
#5603 = EDGE_CURVE('',#3425,#4467,#5604,.T.);
#5604 = LINE('',#5605,#5606);
#5605 = CARTESIAN_POINT('',(58.075,-143.34,-4.6E-02));
#5606 = VECTOR('',#5607,1.);
#5607 = DIRECTION('',(0.,0.,1.));
#5608 = ORIENTED_EDGE('',*,*,#4466,.F.);
#5609 = ORIENTED_EDGE('',*,*,#5603,.F.);
#5610 = CYLINDRICAL_SURFACE('',#5611,0.5);
#5611 = AXIS2_PLACEMENT_3D('',#5612,#5613,#5614);
#5612 = CARTESIAN_POINT('',(58.075,-142.84,-4.6E-02));
#5613 = DIRECTION('',(-0.,-0.,-1.));
#5614 = DIRECTION('',(-0.,-1.,0.));
#5615 = ADVANCED_FACE('',(#5616),#5627,.F.);
#5616 = FACE_BOUND('',#5617,.T.);
#5617 = EDGE_LOOP('',(#5618,#5619,#5625,#5626));
#5618 = ORIENTED_EDGE('',*,*,#3435,.T.);
#5619 = ORIENTED_EDGE('',*,*,#5620,.T.);
#5620 = EDGE_CURVE('',#3436,#4478,#5621,.T.);
#5621 = LINE('',#5622,#5623);
#5622 = CARTESIAN_POINT('',(59.46,-140.5,-4.6E-02));
#5623 = VECTOR('',#5624,1.);
#5624 = DIRECTION('',(0.,0.,1.));
#5625 = ORIENTED_EDGE('',*,*,#4477,.F.);
#5626 = ORIENTED_EDGE('',*,*,#5620,.F.);
#5627 = CYLINDRICAL_SURFACE('',#5628,0.5);
#5628 = AXIS2_PLACEMENT_3D('',#5629,#5630,#5631);
#5629 = CARTESIAN_POINT('',(59.46,-140.,-4.6E-02));
#5630 = DIRECTION('',(-0.,-0.,-1.));
#5631 = DIRECTION('',(-0.,-1.,0.));
#5632 = ADVANCED_FACE('',(#5633),#5644,.F.);
#5633 = FACE_BOUND('',#5634,.T.);
#5634 = EDGE_LOOP('',(#5635,#5636,#5642,#5643));
#5635 = ORIENTED_EDGE('',*,*,#3446,.T.);
#5636 = ORIENTED_EDGE('',*,*,#5637,.T.);
#5637 = EDGE_CURVE('',#3447,#4489,#5638,.T.);
#5638 = LINE('',#5639,#5640);
#5639 = CARTESIAN_POINT('',(60.845,-143.34,-4.6E-02));
#5640 = VECTOR('',#5641,1.);
#5641 = DIRECTION('',(0.,0.,1.));
#5642 = ORIENTED_EDGE('',*,*,#4488,.F.);
#5643 = ORIENTED_EDGE('',*,*,#5637,.F.);
#5644 = CYLINDRICAL_SURFACE('',#5645,0.5);
#5645 = AXIS2_PLACEMENT_3D('',#5646,#5647,#5648);
#5646 = CARTESIAN_POINT('',(60.845,-142.84,-4.6E-02));
#5647 = DIRECTION('',(-0.,-0.,-1.));
#5648 = DIRECTION('',(-0.,-1.,0.));
#5649 = ADVANCED_FACE('',(#5650),#5661,.F.);
#5650 = FACE_BOUND('',#5651,.T.);
#5651 = EDGE_LOOP('',(#5652,#5653,#5659,#5660));
#5652 = ORIENTED_EDGE('',*,*,#3457,.T.);
#5653 = ORIENTED_EDGE('',*,*,#5654,.T.);
#5654 = EDGE_CURVE('',#3458,#4500,#5655,.T.);
#5655 = LINE('',#5656,#5657);
#5656 = CARTESIAN_POINT('',(62.23,-140.5,-4.6E-02));
#5657 = VECTOR('',#5658,1.);
#5658 = DIRECTION('',(0.,0.,1.));
#5659 = ORIENTED_EDGE('',*,*,#4499,.F.);
#5660 = ORIENTED_EDGE('',*,*,#5654,.F.);
#5661 = CYLINDRICAL_SURFACE('',#5662,0.5);
#5662 = AXIS2_PLACEMENT_3D('',#5663,#5664,#5665);
#5663 = CARTESIAN_POINT('',(62.23,-140.,-4.6E-02));
#5664 = DIRECTION('',(-0.,-0.,-1.));
#5665 = DIRECTION('',(-0.,-1.,0.));
#5666 = ADVANCED_FACE('',(#5667),#5678,.F.);
#5667 = FACE_BOUND('',#5668,.T.);
#5668 = EDGE_LOOP('',(#5669,#5670,#5676,#5677));
#5669 = ORIENTED_EDGE('',*,*,#3468,.T.);
#5670 = ORIENTED_EDGE('',*,*,#5671,.T.);
#5671 = EDGE_CURVE('',#3469,#4511,#5672,.T.);
#5672 = LINE('',#5673,#5674);
#5673 = CARTESIAN_POINT('',(63.615,-143.34,-4.6E-02));
#5674 = VECTOR('',#5675,1.);
#5675 = DIRECTION('',(0.,0.,1.));
#5676 = ORIENTED_EDGE('',*,*,#4510,.F.);
#5677 = ORIENTED_EDGE('',*,*,#5671,.F.);
#5678 = CYLINDRICAL_SURFACE('',#5679,0.5);
#5679 = AXIS2_PLACEMENT_3D('',#5680,#5681,#5682);
#5680 = CARTESIAN_POINT('',(63.615,-142.84,-4.6E-02));
#5681 = DIRECTION('',(-0.,0.,-1.));
#5682 = DIRECTION('',(1.42108547152E-14,-1.,-0.));
#5683 = ADVANCED_FACE('',(#5684),#5695,.F.);
#5684 = FACE_BOUND('',#5685,.T.);
#5685 = EDGE_LOOP('',(#5686,#5687,#5693,#5694));
#5686 = ORIENTED_EDGE('',*,*,#3479,.T.);
#5687 = ORIENTED_EDGE('',*,*,#5688,.T.);
#5688 = EDGE_CURVE('',#3480,#4522,#5689,.T.);
#5689 = LINE('',#5690,#5691);
#5690 = CARTESIAN_POINT('',(65.,-140.5,-4.6E-02));
#5691 = VECTOR('',#5692,1.);
#5692 = DIRECTION('',(0.,0.,1.));
#5693 = ORIENTED_EDGE('',*,*,#4521,.F.);
#5694 = ORIENTED_EDGE('',*,*,#5688,.F.);
#5695 = CYLINDRICAL_SURFACE('',#5696,0.5);
#5696 = AXIS2_PLACEMENT_3D('',#5697,#5698,#5699);
#5697 = CARTESIAN_POINT('',(65.,-140.,-4.6E-02));
#5698 = DIRECTION('',(-0.,-0.,-1.));
#5699 = DIRECTION('',(-0.,-1.,0.));
#5700 = ADVANCED_FACE('',(#5701),#5712,.F.);
#5701 = FACE_BOUND('',#5702,.T.);
#5702 = EDGE_LOOP('',(#5703,#5704,#5710,#5711));
#5703 = ORIENTED_EDGE('',*,*,#3490,.T.);
#5704 = ORIENTED_EDGE('',*,*,#5705,.T.);
#5705 = EDGE_CURVE('',#3491,#4533,#5706,.T.);
#5706 = LINE('',#5707,#5708);
#5707 = CARTESIAN_POINT('',(71.955,-141.9,-4.6E-02));
#5708 = VECTOR('',#5709,1.);
#5709 = DIRECTION('',(0.,0.,1.));
#5710 = ORIENTED_EDGE('',*,*,#4532,.F.);
#5711 = ORIENTED_EDGE('',*,*,#5705,.F.);
#5712 = CYLINDRICAL_SURFACE('',#5713,1.6);
#5713 = AXIS2_PLACEMENT_3D('',#5714,#5715,#5716);
#5714 = CARTESIAN_POINT('',(71.955,-140.3,-4.6E-02));
#5715 = DIRECTION('',(-0.,-0.,-1.));
#5716 = DIRECTION('',(-8.881784197001E-15,-1.,0.));
#5717 = ADVANCED_FACE('',(#5718),#5729,.F.);
#5718 = FACE_BOUND('',#5719,.T.);
#5719 = EDGE_LOOP('',(#5720,#5721,#5727,#5728));
#5720 = ORIENTED_EDGE('',*,*,#3501,.T.);
#5721 = ORIENTED_EDGE('',*,*,#5722,.T.);
#5722 = EDGE_CURVE('',#3502,#4544,#5723,.T.);
#5723 = LINE('',#5724,#5725);
#5724 = CARTESIAN_POINT('',(88.655,-141.9,-4.6E-02));
#5725 = VECTOR('',#5726,1.);
#5726 = DIRECTION('',(0.,0.,1.));
#5727 = ORIENTED_EDGE('',*,*,#4543,.F.);
#5728 = ORIENTED_EDGE('',*,*,#5722,.F.);
#5729 = CYLINDRICAL_SURFACE('',#5730,1.6);
#5730 = AXIS2_PLACEMENT_3D('',#5731,#5732,#5733);
#5731 = CARTESIAN_POINT('',(88.655,-140.3,-4.6E-02));
#5732 = DIRECTION('',(-0.,-0.,-1.));
#5733 = DIRECTION('',(-0.,-1.,0.));
#5734 = ADVANCED_FACE('',(#5735),#5746,.F.);
#5735 = FACE_BOUND('',#5736,.T.);
#5736 = EDGE_LOOP('',(#5737,#5738,#5744,#5745));
#5737 = ORIENTED_EDGE('',*,*,#3512,.T.);
#5738 = ORIENTED_EDGE('',*,*,#5739,.T.);
#5739 = EDGE_CURVE('',#3513,#4555,#5740,.T.);
#5740 = LINE('',#5741,#5742);
#5741 = CARTESIAN_POINT('',(95.61,-140.5,-4.6E-02));
#5742 = VECTOR('',#5743,1.);
#5743 = DIRECTION('',(0.,0.,1.));
#5744 = ORIENTED_EDGE('',*,*,#4554,.F.);
#5745 = ORIENTED_EDGE('',*,*,#5739,.F.);
#5746 = CYLINDRICAL_SURFACE('',#5747,0.5);
#5747 = AXIS2_PLACEMENT_3D('',#5748,#5749,#5750);
#5748 = CARTESIAN_POINT('',(95.61,-140.,-4.6E-02));
#5749 = DIRECTION('',(-0.,-0.,-1.));
#5750 = DIRECTION('',(-0.,-1.,0.));
#5751 = ADVANCED_FACE('',(#5752),#5763,.F.);
#5752 = FACE_BOUND('',#5753,.T.);
#5753 = EDGE_LOOP('',(#5754,#5755,#5761,#5762));
#5754 = ORIENTED_EDGE('',*,*,#3523,.T.);
#5755 = ORIENTED_EDGE('',*,*,#5756,.T.);
#5756 = EDGE_CURVE('',#3524,#4566,#5757,.T.);
#5757 = LINE('',#5758,#5759);
#5758 = CARTESIAN_POINT('',(96.995,-143.34,-4.6E-02));
#5759 = VECTOR('',#5760,1.);
#5760 = DIRECTION('',(0.,0.,1.));
#5761 = ORIENTED_EDGE('',*,*,#4565,.F.);
#5762 = ORIENTED_EDGE('',*,*,#5756,.F.);
#5763 = CYLINDRICAL_SURFACE('',#5764,0.5);
#5764 = AXIS2_PLACEMENT_3D('',#5765,#5766,#5767);
#5765 = CARTESIAN_POINT('',(96.995,-142.84,-4.6E-02));
#5766 = DIRECTION('',(-0.,-0.,-1.));
#5767 = DIRECTION('',(-0.,-1.,0.));
#5768 = ADVANCED_FACE('',(#5769),#5780,.F.);
#5769 = FACE_BOUND('',#5770,.T.);
#5770 = EDGE_LOOP('',(#5771,#5772,#5778,#5779));
#5771 = ORIENTED_EDGE('',*,*,#3534,.T.);
#5772 = ORIENTED_EDGE('',*,*,#5773,.T.);
#5773 = EDGE_CURVE('',#3535,#4577,#5774,.T.);
#5774 = LINE('',#5775,#5776);
#5775 = CARTESIAN_POINT('',(98.38,-140.5,-4.6E-02));
#5776 = VECTOR('',#5777,1.);
#5777 = DIRECTION('',(0.,0.,1.));
#5778 = ORIENTED_EDGE('',*,*,#4576,.F.);
#5779 = ORIENTED_EDGE('',*,*,#5773,.F.);
#5780 = CYLINDRICAL_SURFACE('',#5781,0.5);
#5781 = AXIS2_PLACEMENT_3D('',#5782,#5783,#5784);
#5782 = CARTESIAN_POINT('',(98.38,-140.,-4.6E-02));
#5783 = DIRECTION('',(-0.,-0.,-1.));
#5784 = DIRECTION('',(-0.,-1.,0.));
#5785 = ADVANCED_FACE('',(#5786),#5797,.F.);
#5786 = FACE_BOUND('',#5787,.T.);
#5787 = EDGE_LOOP('',(#5788,#5789,#5795,#5796));
#5788 = ORIENTED_EDGE('',*,*,#3545,.T.);
#5789 = ORIENTED_EDGE('',*,*,#5790,.T.);
#5790 = EDGE_CURVE('',#3546,#4588,#5791,.T.);
#5791 = LINE('',#5792,#5793);
#5792 = CARTESIAN_POINT('',(99.765,-143.34,-4.6E-02));
#5793 = VECTOR('',#5794,1.);
#5794 = DIRECTION('',(0.,0.,1.));
#5795 = ORIENTED_EDGE('',*,*,#4587,.F.);
#5796 = ORIENTED_EDGE('',*,*,#5790,.F.);
#5797 = CYLINDRICAL_SURFACE('',#5798,0.5);
#5798 = AXIS2_PLACEMENT_3D('',#5799,#5800,#5801);
#5799 = CARTESIAN_POINT('',(99.765,-142.84,-4.6E-02));
#5800 = DIRECTION('',(-0.,-0.,-1.));
#5801 = DIRECTION('',(-0.,-1.,0.));
#5802 = ADVANCED_FACE('',(#5803),#5814,.F.);
#5803 = FACE_BOUND('',#5804,.T.);
#5804 = EDGE_LOOP('',(#5805,#5806,#5812,#5813));
#5805 = ORIENTED_EDGE('',*,*,#3556,.T.);
#5806 = ORIENTED_EDGE('',*,*,#5807,.T.);
#5807 = EDGE_CURVE('',#3557,#4599,#5808,.T.);
#5808 = LINE('',#5809,#5810);
#5809 = CARTESIAN_POINT('',(101.15,-140.5,-4.6E-02));
#5810 = VECTOR('',#5811,1.);
#5811 = DIRECTION('',(0.,0.,1.));
#5812 = ORIENTED_EDGE('',*,*,#4598,.F.);
#5813 = ORIENTED_EDGE('',*,*,#5807,.F.);
#5814 = CYLINDRICAL_SURFACE('',#5815,0.5);
#5815 = AXIS2_PLACEMENT_3D('',#5816,#5817,#5818);
#5816 = CARTESIAN_POINT('',(101.15,-140.,-4.6E-02));
#5817 = DIRECTION('',(-0.,-0.,-1.));
#5818 = DIRECTION('',(-0.,-1.,0.));
#5819 = ADVANCED_FACE('',(#5820),#5831,.F.);
#5820 = FACE_BOUND('',#5821,.T.);
#5821 = EDGE_LOOP('',(#5822,#5828,#5829,#5830));
#5822 = ORIENTED_EDGE('',*,*,#5823,.T.);
#5823 = EDGE_CURVE('',#3568,#4610,#5824,.T.);
#5824 = LINE('',#5825,#5826);
#5825 = CARTESIAN_POINT('',(84.,-120.,0.));
#5826 = VECTOR('',#5827,1.);
#5827 = DIRECTION('',(0.,0.,1.));
#5828 = ORIENTED_EDGE('',*,*,#4609,.T.);
#5829 = ORIENTED_EDGE('',*,*,#5823,.F.);
#5830 = ORIENTED_EDGE('',*,*,#3567,.F.);
#5831 = CYLINDRICAL_SURFACE('',#5832,4.);
#5832 = AXIS2_PLACEMENT_3D('',#5833,#5834,#5835);
#5833 = CARTESIAN_POINT('',(80.,-120.,0.));
#5834 = DIRECTION('',(-0.,-0.,-1.));
#5835 = DIRECTION('',(1.,0.,-0.));
#5836 = ADVANCED_FACE('',(#5837),#5848,.F.);
#5837 = FACE_BOUND('',#5838,.T.);
#5838 = EDGE_LOOP('',(#5839,#5840,#5846,#5847));
#5839 = ORIENTED_EDGE('',*,*,#3578,.T.);
#5840 = ORIENTED_EDGE('',*,*,#5841,.T.);
#5841 = EDGE_CURVE('',#3579,#4621,#5842,.T.);
#5842 = LINE('',#5843,#5844);
#5843 = CARTESIAN_POINT('',(102.535,-143.34,-4.6E-02));
#5844 = VECTOR('',#5845,1.);
#5845 = DIRECTION('',(0.,0.,1.));
#5846 = ORIENTED_EDGE('',*,*,#4620,.F.);
#5847 = ORIENTED_EDGE('',*,*,#5841,.F.);
#5848 = CYLINDRICAL_SURFACE('',#5849,0.5);
#5849 = AXIS2_PLACEMENT_3D('',#5850,#5851,#5852);
#5850 = CARTESIAN_POINT('',(102.535,-142.84,-4.6E-02));
#5851 = DIRECTION('',(-0.,-0.,-1.));
#5852 = DIRECTION('',(-0.,-1.,0.));
#5853 = ADVANCED_FACE('',(#5854),#5865,.F.);
#5854 = FACE_BOUND('',#5855,.T.);
#5855 = EDGE_LOOP('',(#5856,#5857,#5863,#5864));
#5856 = ORIENTED_EDGE('',*,*,#3589,.T.);
#5857 = ORIENTED_EDGE('',*,*,#5858,.T.);
#5858 = EDGE_CURVE('',#3590,#4632,#5859,.T.);
#5859 = LINE('',#5860,#5861);
#5860 = CARTESIAN_POINT('',(103.92,-140.5,-4.6E-02));
#5861 = VECTOR('',#5862,1.);
#5862 = DIRECTION('',(0.,0.,1.));
#5863 = ORIENTED_EDGE('',*,*,#4631,.F.);
#5864 = ORIENTED_EDGE('',*,*,#5858,.F.);
#5865 = CYLINDRICAL_SURFACE('',#5866,0.5);
#5866 = AXIS2_PLACEMENT_3D('',#5867,#5868,#5869);
#5867 = CARTESIAN_POINT('',(103.92,-140.,-4.6E-02));
#5868 = DIRECTION('',(-0.,-0.,-1.));
#5869 = DIRECTION('',(-0.,-1.,0.));
#5870 = ADVANCED_FACE('',(#5871),#5882,.F.);
#5871 = FACE_BOUND('',#5872,.T.);
#5872 = EDGE_LOOP('',(#5873,#5874,#5880,#5881));
#5873 = ORIENTED_EDGE('',*,*,#3600,.T.);
#5874 = ORIENTED_EDGE('',*,*,#5875,.T.);
#5875 = EDGE_CURVE('',#3601,#4643,#5876,.T.);
#5876 = LINE('',#5877,#5878);
#5877 = CARTESIAN_POINT('',(105.305,-143.34,-4.6E-02));
#5878 = VECTOR('',#5879,1.);
#5879 = DIRECTION('',(0.,0.,1.));
#5880 = ORIENTED_EDGE('',*,*,#4642,.F.);
#5881 = ORIENTED_EDGE('',*,*,#5875,.F.);
#5882 = CYLINDRICAL_SURFACE('',#5883,0.5);
#5883 = AXIS2_PLACEMENT_3D('',#5884,#5885,#5886);
#5884 = CARTESIAN_POINT('',(105.305,-142.84,-4.6E-02));
#5885 = DIRECTION('',(-0.,-0.,-1.));
#5886 = DIRECTION('',(-0.,-1.,0.));
#5887 = ADVANCED_FACE('',(#5888),#5899,.F.);
#5888 = FACE_BOUND('',#5889,.T.);
#5889 = EDGE_LOOP('',(#5890,#5891,#5897,#5898));
#5890 = ORIENTED_EDGE('',*,*,#3611,.T.);
#5891 = ORIENTED_EDGE('',*,*,#5892,.T.);
#5892 = EDGE_CURVE('',#3612,#4654,#5893,.T.);
#5893 = LINE('',#5894,#5895);
#5894 = CARTESIAN_POINT('',(106.69,-140.5,-4.6E-02));
#5895 = VECTOR('',#5896,1.);
#5896 = DIRECTION('',(0.,0.,1.));
#5897 = ORIENTED_EDGE('',*,*,#4653,.F.);
#5898 = ORIENTED_EDGE('',*,*,#5892,.F.);
#5899 = CYLINDRICAL_SURFACE('',#5900,0.5);
#5900 = AXIS2_PLACEMENT_3D('',#5901,#5902,#5903);
#5901 = CARTESIAN_POINT('',(106.69,-140.,-4.6E-02));
#5902 = DIRECTION('',(-0.,-0.,-1.));
#5903 = DIRECTION('',(-0.,-1.,0.));
#5904 = ADVANCED_FACE('',(#5905),#5916,.F.);
#5905 = FACE_BOUND('',#5906,.T.);
#5906 = EDGE_LOOP('',(#5907,#5908,#5914,#5915));
#5907 = ORIENTED_EDGE('',*,*,#3622,.T.);
#5908 = ORIENTED_EDGE('',*,*,#5909,.T.);
#5909 = EDGE_CURVE('',#3623,#4665,#5910,.T.);
#5910 = LINE('',#5911,#5912);
#5911 = CARTESIAN_POINT('',(108.075,-143.34,-4.6E-02));
#5912 = VECTOR('',#5913,1.);
#5913 = DIRECTION('',(0.,0.,1.));
#5914 = ORIENTED_EDGE('',*,*,#4664,.F.);
#5915 = ORIENTED_EDGE('',*,*,#5909,.F.);
#5916 = CYLINDRICAL_SURFACE('',#5917,0.5);
#5917 = AXIS2_PLACEMENT_3D('',#5918,#5919,#5920);
#5918 = CARTESIAN_POINT('',(108.075,-142.84,-4.6E-02));
#5919 = DIRECTION('',(-0.,-0.,-1.));
#5920 = DIRECTION('',(-0.,-1.,0.));
#5921 = ADVANCED_FACE('',(#5922),#5933,.F.);
#5922 = FACE_BOUND('',#5923,.T.);
#5923 = EDGE_LOOP('',(#5924,#5925,#5931,#5932));
#5924 = ORIENTED_EDGE('',*,*,#3633,.T.);
#5925 = ORIENTED_EDGE('',*,*,#5926,.T.);
#5926 = EDGE_CURVE('',#3634,#4676,#5927,.T.);
#5927 = LINE('',#5928,#5929);
#5928 = CARTESIAN_POINT('',(109.46,-140.5,-4.6E-02));
#5929 = VECTOR('',#5930,1.);
#5930 = DIRECTION('',(0.,0.,1.));
#5931 = ORIENTED_EDGE('',*,*,#4675,.F.);
#5932 = ORIENTED_EDGE('',*,*,#5926,.F.);
#5933 = CYLINDRICAL_SURFACE('',#5934,0.5);
#5934 = AXIS2_PLACEMENT_3D('',#5935,#5936,#5937);
#5935 = CARTESIAN_POINT('',(109.46,-140.,-4.6E-02));
#5936 = DIRECTION('',(-0.,-0.,-1.));
#5937 = DIRECTION('',(-0.,-1.,0.));
#5938 = ADVANCED_FACE('',(#5939),#5950,.F.);
#5939 = FACE_BOUND('',#5940,.T.);
#5940 = EDGE_LOOP('',(#5941,#5942,#5948,#5949));
#5941 = ORIENTED_EDGE('',*,*,#3644,.T.);
#5942 = ORIENTED_EDGE('',*,*,#5943,.T.);
#5943 = EDGE_CURVE('',#3645,#4687,#5944,.T.);
#5944 = LINE('',#5945,#5946);
#5945 = CARTESIAN_POINT('',(110.845,-143.34,-4.6E-02));
#5946 = VECTOR('',#5947,1.);
#5947 = DIRECTION('',(0.,0.,1.));
#5948 = ORIENTED_EDGE('',*,*,#4686,.F.);
#5949 = ORIENTED_EDGE('',*,*,#5943,.F.);
#5950 = CYLINDRICAL_SURFACE('',#5951,0.5);
#5951 = AXIS2_PLACEMENT_3D('',#5952,#5953,#5954);
#5952 = CARTESIAN_POINT('',(110.845,-142.84,-4.6E-02));
#5953 = DIRECTION('',(-0.,-0.,-1.));
#5954 = DIRECTION('',(-0.,-1.,0.));
#5955 = ADVANCED_FACE('',(#5956),#5967,.F.);
#5956 = FACE_BOUND('',#5957,.T.);
#5957 = EDGE_LOOP('',(#5958,#5959,#5965,#5966));
#5958 = ORIENTED_EDGE('',*,*,#3655,.T.);
#5959 = ORIENTED_EDGE('',*,*,#5960,.T.);
#5960 = EDGE_CURVE('',#3656,#4698,#5961,.T.);
#5961 = LINE('',#5962,#5963);
#5962 = CARTESIAN_POINT('',(112.23,-140.5,-4.6E-02));
#5963 = VECTOR('',#5964,1.);
#5964 = DIRECTION('',(0.,0.,1.));
#5965 = ORIENTED_EDGE('',*,*,#4697,.F.);
#5966 = ORIENTED_EDGE('',*,*,#5960,.F.);
#5967 = CYLINDRICAL_SURFACE('',#5968,0.5);
#5968 = AXIS2_PLACEMENT_3D('',#5969,#5970,#5971);
#5969 = CARTESIAN_POINT('',(112.23,-140.,-4.6E-02));
#5970 = DIRECTION('',(-0.,-0.,-1.));
#5971 = DIRECTION('',(-0.,-1.,0.));
#5972 = ADVANCED_FACE('',(#5973),#5984,.F.);
#5973 = FACE_BOUND('',#5974,.T.);
#5974 = EDGE_LOOP('',(#5975,#5976,#5982,#5983));
#5975 = ORIENTED_EDGE('',*,*,#3666,.T.);
#5976 = ORIENTED_EDGE('',*,*,#5977,.T.);
#5977 = EDGE_CURVE('',#3667,#4709,#5978,.T.);
#5978 = LINE('',#5979,#5980);
#5979 = CARTESIAN_POINT('',(113.615,-143.34,-4.6E-02));
#5980 = VECTOR('',#5981,1.);
#5981 = DIRECTION('',(0.,0.,1.));
#5982 = ORIENTED_EDGE('',*,*,#4708,.F.);
#5983 = ORIENTED_EDGE('',*,*,#5977,.F.);
#5984 = CYLINDRICAL_SURFACE('',#5985,0.5);
#5985 = AXIS2_PLACEMENT_3D('',#5986,#5987,#5988);
#5986 = CARTESIAN_POINT('',(113.615,-142.84,-4.6E-02));
#5987 = DIRECTION('',(-0.,-0.,-1.));
#5988 = DIRECTION('',(-0.,-1.,0.));
#5989 = ADVANCED_FACE('',(#5990),#6001,.F.);
#5990 = FACE_BOUND('',#5991,.T.);
#5991 = EDGE_LOOP('',(#5992,#5993,#5999,#6000));
#5992 = ORIENTED_EDGE('',*,*,#3677,.T.);
#5993 = ORIENTED_EDGE('',*,*,#5994,.T.);
#5994 = EDGE_CURVE('',#3678,#4720,#5995,.T.);
#5995 = LINE('',#5996,#5997);
#5996 = CARTESIAN_POINT('',(115.,-140.5,-4.6E-02));
#5997 = VECTOR('',#5998,1.);
#5998 = DIRECTION('',(0.,0.,1.));
#5999 = ORIENTED_EDGE('',*,*,#4719,.F.);
#6000 = ORIENTED_EDGE('',*,*,#5994,.F.);
#6001 = CYLINDRICAL_SURFACE('',#6002,0.5);
#6002 = AXIS2_PLACEMENT_3D('',#6003,#6004,#6005);
#6003 = CARTESIAN_POINT('',(115.,-140.,-4.6E-02));
#6004 = DIRECTION('',(-0.,-0.,-1.));
#6005 = DIRECTION('',(-0.,-1.,0.));
#6006 = ADVANCED_FACE('',(#6007),#6018,.F.);
#6007 = FACE_BOUND('',#6008,.T.);
#6008 = EDGE_LOOP('',(#6009,#6010,#6016,#6017));
#6009 = ORIENTED_EDGE('',*,*,#3688,.T.);
#6010 = ORIENTED_EDGE('',*,*,#6011,.T.);
#6011 = EDGE_CURVE('',#3689,#4731,#6012,.T.);
#6012 = LINE('',#6013,#6014);
#6013 = CARTESIAN_POINT('',(121.955,-141.9,-4.6E-02));
#6014 = VECTOR('',#6015,1.);
#6015 = DIRECTION('',(0.,0.,1.));
#6016 = ORIENTED_EDGE('',*,*,#4730,.F.);
#6017 = ORIENTED_EDGE('',*,*,#6011,.F.);
#6018 = CYLINDRICAL_SURFACE('',#6019,1.6);
#6019 = AXIS2_PLACEMENT_3D('',#6020,#6021,#6022);
#6020 = CARTESIAN_POINT('',(121.955,-140.3,-4.6E-02));
#6021 = DIRECTION('',(-0.,-0.,-1.));
#6022 = DIRECTION('',(-8.881784197001E-15,-1.,0.));
#6023 = ADVANCED_FACE('',(#6024),#6035,.F.);
#6024 = FACE_BOUND('',#6025,.T.);
#6025 = EDGE_LOOP('',(#6026,#6027,#6033,#6034));
#6026 = ORIENTED_EDGE('',*,*,#3699,.T.);
#6027 = ORIENTED_EDGE('',*,*,#6028,.T.);
#6028 = EDGE_CURVE('',#3700,#4742,#6029,.T.);
#6029 = LINE('',#6030,#6031);
#6030 = CARTESIAN_POINT('',(37.16,-78.9,-4.6E-02));
#6031 = VECTOR('',#6032,1.);
#6032 = DIRECTION('',(0.,0.,1.));
#6033 = ORIENTED_EDGE('',*,*,#4741,.F.);
#6034 = ORIENTED_EDGE('',*,*,#6028,.F.);
#6035 = CYLINDRICAL_SURFACE('',#6036,1.6);
#6036 = AXIS2_PLACEMENT_3D('',#6037,#6038,#6039);
#6037 = CARTESIAN_POINT('',(37.16,-77.3,-4.6E-02));
#6038 = DIRECTION('',(-0.,-0.,-1.));
#6039 = DIRECTION('',(-0.,-1.,0.));
#6040 = ADVANCED_FACE('',(#6041),#6052,.F.);
#6041 = FACE_BOUND('',#6042,.T.);
#6042 = EDGE_LOOP('',(#6043,#6044,#6050,#6051));
#6043 = ORIENTED_EDGE('',*,*,#3710,.T.);
#6044 = ORIENTED_EDGE('',*,*,#6045,.T.);
#6045 = EDGE_CURVE('',#3711,#4753,#6046,.T.);
#6046 = LINE('',#6047,#6048);
#6047 = CARTESIAN_POINT('',(40.,-70.845,-4.6E-02));
#6048 = VECTOR('',#6049,1.);
#6049 = DIRECTION('',(0.,0.,1.));
#6050 = ORIENTED_EDGE('',*,*,#4752,.F.);
#6051 = ORIENTED_EDGE('',*,*,#6045,.F.);
#6052 = CYLINDRICAL_SURFACE('',#6053,0.5);
#6053 = AXIS2_PLACEMENT_3D('',#6054,#6055,#6056);
#6054 = CARTESIAN_POINT('',(40.,-70.345,-4.6E-02));
#6055 = DIRECTION('',(-0.,-0.,-1.));
#6056 = DIRECTION('',(-0.,-1.,0.));
#6057 = ADVANCED_FACE('',(#6058),#6069,.F.);
#6058 = FACE_BOUND('',#6059,.T.);
#6059 = EDGE_LOOP('',(#6060,#6061,#6067,#6068));
#6060 = ORIENTED_EDGE('',*,*,#3721,.T.);
#6061 = ORIENTED_EDGE('',*,*,#6062,.T.);
#6062 = EDGE_CURVE('',#3722,#4764,#6063,.T.);
#6063 = LINE('',#6064,#6065);
#6064 = CARTESIAN_POINT('',(37.16,-69.46,-4.6E-02));
#6065 = VECTOR('',#6066,1.);
#6066 = DIRECTION('',(0.,0.,1.));
#6067 = ORIENTED_EDGE('',*,*,#4763,.F.);
#6068 = ORIENTED_EDGE('',*,*,#6062,.F.);
#6069 = CYLINDRICAL_SURFACE('',#6070,0.5);
#6070 = AXIS2_PLACEMENT_3D('',#6071,#6072,#6073);
#6071 = CARTESIAN_POINT('',(37.16,-68.96,-4.6E-02));
#6072 = DIRECTION('',(-0.,-0.,-1.));
#6073 = DIRECTION('',(-0.,-1.,0.));
#6074 = ADVANCED_FACE('',(#6075),#6086,.F.);
#6075 = FACE_BOUND('',#6076,.T.);
#6076 = EDGE_LOOP('',(#6077,#6078,#6084,#6085));
#6077 = ORIENTED_EDGE('',*,*,#3732,.T.);
#6078 = ORIENTED_EDGE('',*,*,#6079,.T.);
#6079 = EDGE_CURVE('',#3733,#4775,#6080,.T.);
#6080 = LINE('',#6081,#6082);
#6081 = CARTESIAN_POINT('',(37.16,-66.69,-4.6E-02));
#6082 = VECTOR('',#6083,1.);
#6083 = DIRECTION('',(0.,0.,1.));
#6084 = ORIENTED_EDGE('',*,*,#4774,.F.);
#6085 = ORIENTED_EDGE('',*,*,#6079,.F.);
#6086 = CYLINDRICAL_SURFACE('',#6087,0.5);
#6087 = AXIS2_PLACEMENT_3D('',#6088,#6089,#6090);
#6088 = CARTESIAN_POINT('',(37.16,-66.19,-4.6E-02));
#6089 = DIRECTION('',(-0.,-0.,-1.));
#6090 = DIRECTION('',(-0.,-1.,0.));
#6091 = ADVANCED_FACE('',(#6092),#6103,.F.);
#6092 = FACE_BOUND('',#6093,.T.);
#6093 = EDGE_LOOP('',(#6094,#6095,#6101,#6102));
#6094 = ORIENTED_EDGE('',*,*,#3743,.T.);
#6095 = ORIENTED_EDGE('',*,*,#6096,.T.);
#6096 = EDGE_CURVE('',#3744,#4786,#6097,.T.);
#6097 = LINE('',#6098,#6099);
#6098 = CARTESIAN_POINT('',(40.,-68.075,-4.6E-02));
#6099 = VECTOR('',#6100,1.);
#6100 = DIRECTION('',(0.,0.,1.));
#6101 = ORIENTED_EDGE('',*,*,#4785,.F.);
#6102 = ORIENTED_EDGE('',*,*,#6096,.F.);
#6103 = CYLINDRICAL_SURFACE('',#6104,0.5);
#6104 = AXIS2_PLACEMENT_3D('',#6105,#6106,#6107);
#6105 = CARTESIAN_POINT('',(40.,-67.575,-4.6E-02));
#6106 = DIRECTION('',(-0.,-0.,-1.));
#6107 = DIRECTION('',(-0.,-1.,0.));
#6108 = ADVANCED_FACE('',(#6109),#6120,.F.);
#6109 = FACE_BOUND('',#6110,.T.);
#6110 = EDGE_LOOP('',(#6111,#6112,#6118,#6119));
#6111 = ORIENTED_EDGE('',*,*,#3754,.T.);
#6112 = ORIENTED_EDGE('',*,*,#6113,.T.);
#6113 = EDGE_CURVE('',#3755,#4797,#6114,.T.);
#6114 = LINE('',#6115,#6116);
#6115 = CARTESIAN_POINT('',(37.16,-63.92,-4.6E-02));
#6116 = VECTOR('',#6117,1.);
#6117 = DIRECTION('',(0.,0.,1.));
#6118 = ORIENTED_EDGE('',*,*,#4796,.F.);
#6119 = ORIENTED_EDGE('',*,*,#6113,.F.);
#6120 = CYLINDRICAL_SURFACE('',#6121,0.5);
#6121 = AXIS2_PLACEMENT_3D('',#6122,#6123,#6124);
#6122 = CARTESIAN_POINT('',(37.16,-63.42,-4.6E-02));
#6123 = DIRECTION('',(-0.,-0.,-1.));
#6124 = DIRECTION('',(-0.,-1.,0.));
#6125 = ADVANCED_FACE('',(#6126),#6137,.F.);
#6126 = FACE_BOUND('',#6127,.T.);
#6127 = EDGE_LOOP('',(#6128,#6129,#6135,#6136));
#6128 = ORIENTED_EDGE('',*,*,#3765,.T.);
#6129 = ORIENTED_EDGE('',*,*,#6130,.T.);
#6130 = EDGE_CURVE('',#3766,#4808,#6131,.T.);
#6131 = LINE('',#6132,#6133);
#6132 = CARTESIAN_POINT('',(40.,-65.305,-4.6E-02));
#6133 = VECTOR('',#6134,1.);
#6134 = DIRECTION('',(0.,0.,1.));
#6135 = ORIENTED_EDGE('',*,*,#4807,.F.);
#6136 = ORIENTED_EDGE('',*,*,#6130,.F.);
#6137 = CYLINDRICAL_SURFACE('',#6138,0.5);
#6138 = AXIS2_PLACEMENT_3D('',#6139,#6140,#6141);
#6139 = CARTESIAN_POINT('',(40.,-64.805,-4.6E-02));
#6140 = DIRECTION('',(-0.,-0.,-1.));
#6141 = DIRECTION('',(-0.,-1.,0.));
#6142 = ADVANCED_FACE('',(#6143),#6154,.F.);
#6143 = FACE_BOUND('',#6144,.T.);
#6144 = EDGE_LOOP('',(#6145,#6146,#6152,#6153));
#6145 = ORIENTED_EDGE('',*,*,#3776,.T.);
#6146 = ORIENTED_EDGE('',*,*,#6147,.T.);
#6147 = EDGE_CURVE('',#3777,#4819,#6148,.T.);
#6148 = LINE('',#6149,#6150);
#6149 = CARTESIAN_POINT('',(40.,-62.535,-4.6E-02));
#6150 = VECTOR('',#6151,1.);
#6151 = DIRECTION('',(0.,0.,1.));
#6152 = ORIENTED_EDGE('',*,*,#4818,.F.);
#6153 = ORIENTED_EDGE('',*,*,#6147,.F.);
#6154 = CYLINDRICAL_SURFACE('',#6155,0.5);
#6155 = AXIS2_PLACEMENT_3D('',#6156,#6157,#6158);
#6156 = CARTESIAN_POINT('',(40.,-62.035,-4.6E-02));
#6157 = DIRECTION('',(-0.,-0.,-1.));
#6158 = DIRECTION('',(-0.,-1.,0.));
#6159 = ADVANCED_FACE('',(#6160),#6171,.F.);
#6160 = FACE_BOUND('',#6161,.T.);
#6161 = EDGE_LOOP('',(#6162,#6163,#6169,#6170));
#6162 = ORIENTED_EDGE('',*,*,#3787,.T.);
#6163 = ORIENTED_EDGE('',*,*,#6164,.T.);
#6164 = EDGE_CURVE('',#3788,#4830,#6165,.T.);
#6165 = LINE('',#6166,#6167);
#6166 = CARTESIAN_POINT('',(37.16,-61.15,-4.6E-02));
#6167 = VECTOR('',#6168,1.);
#6168 = DIRECTION('',(0.,0.,1.));
#6169 = ORIENTED_EDGE('',*,*,#4829,.F.);
#6170 = ORIENTED_EDGE('',*,*,#6164,.F.);
#6171 = CYLINDRICAL_SURFACE('',#6172,0.5);
#6172 = AXIS2_PLACEMENT_3D('',#6173,#6174,#6175);
#6173 = CARTESIAN_POINT('',(37.16,-60.65,-4.6E-02));
#6174 = DIRECTION('',(-0.,-0.,-1.));
#6175 = DIRECTION('',(-0.,-1.,0.));
#6176 = ADVANCED_FACE('',(#6177),#6188,.F.);
#6177 = FACE_BOUND('',#6178,.T.);
#6178 = EDGE_LOOP('',(#6179,#6180,#6186,#6187));
#6179 = ORIENTED_EDGE('',*,*,#3798,.T.);
#6180 = ORIENTED_EDGE('',*,*,#6181,.T.);
#6181 = EDGE_CURVE('',#3799,#4841,#6182,.T.);
#6182 = LINE('',#6183,#6184);
#6183 = CARTESIAN_POINT('',(40.,-59.765,-4.6E-02));
#6184 = VECTOR('',#6185,1.);
#6185 = DIRECTION('',(0.,0.,1.));
#6186 = ORIENTED_EDGE('',*,*,#4840,.F.);
#6187 = ORIENTED_EDGE('',*,*,#6181,.F.);
#6188 = CYLINDRICAL_SURFACE('',#6189,0.5);
#6189 = AXIS2_PLACEMENT_3D('',#6190,#6191,#6192);
#6190 = CARTESIAN_POINT('',(40.,-59.265,-4.6E-02));
#6191 = DIRECTION('',(-0.,-0.,-1.));
#6192 = DIRECTION('',(-0.,-1.,0.));
#6193 = ADVANCED_FACE('',(#6194),#6205,.F.);
#6194 = FACE_BOUND('',#6195,.T.);
#6195 = EDGE_LOOP('',(#6196,#6197,#6203,#6204));
#6196 = ORIENTED_EDGE('',*,*,#3809,.T.);
#6197 = ORIENTED_EDGE('',*,*,#6198,.T.);
#6198 = EDGE_CURVE('',#3810,#4852,#6199,.T.);
#6199 = LINE('',#6200,#6201);
#6200 = CARTESIAN_POINT('',(79.,-83.475,-4.6E-02));
#6201 = VECTOR('',#6202,1.);
#6202 = DIRECTION('',(0.,0.,1.));
#6203 = ORIENTED_EDGE('',*,*,#4851,.F.);
#6204 = ORIENTED_EDGE('',*,*,#6198,.F.);
#6205 = CYLINDRICAL_SURFACE('',#6206,0.475);
#6206 = AXIS2_PLACEMENT_3D('',#6207,#6208,#6209);
#6207 = CARTESIAN_POINT('',(79.,-83.,-4.6E-02));
#6208 = DIRECTION('',(-0.,-0.,-1.));
#6209 = DIRECTION('',(-0.,-1.,0.));
#6210 = ADVANCED_FACE('',(#6211),#6222,.F.);
#6211 = FACE_BOUND('',#6212,.T.);
#6212 = EDGE_LOOP('',(#6213,#6214,#6220,#6221));
#6213 = ORIENTED_EDGE('',*,*,#3820,.T.);
#6214 = ORIENTED_EDGE('',*,*,#6215,.T.);
#6215 = EDGE_CURVE('',#3821,#4863,#6216,.T.);
#6216 = LINE('',#6217,#6218);
#6217 = CARTESIAN_POINT('',(37.16,-58.38,-4.6E-02));
#6218 = VECTOR('',#6219,1.);
#6219 = DIRECTION('',(0.,0.,1.));
#6220 = ORIENTED_EDGE('',*,*,#4862,.F.);
#6221 = ORIENTED_EDGE('',*,*,#6215,.F.);
#6222 = CYLINDRICAL_SURFACE('',#6223,0.5);
#6223 = AXIS2_PLACEMENT_3D('',#6224,#6225,#6226);
#6224 = CARTESIAN_POINT('',(37.16,-57.88,-4.6E-02));
#6225 = DIRECTION('',(-0.,-0.,-1.));
#6226 = DIRECTION('',(-0.,-1.,0.));
#6227 = ADVANCED_FACE('',(#6228),#6239,.F.);
#6228 = FACE_BOUND('',#6229,.T.);
#6229 = EDGE_LOOP('',(#6230,#6231,#6237,#6238));
#6230 = ORIENTED_EDGE('',*,*,#3831,.T.);
#6231 = ORIENTED_EDGE('',*,*,#6232,.T.);
#6232 = EDGE_CURVE('',#3832,#4874,#6233,.T.);
#6233 = LINE('',#6234,#6235);
#6234 = CARTESIAN_POINT('',(37.16,-55.61,-4.6E-02));
#6235 = VECTOR('',#6236,1.);
#6236 = DIRECTION('',(0.,0.,1.));
#6237 = ORIENTED_EDGE('',*,*,#4873,.F.);
#6238 = ORIENTED_EDGE('',*,*,#6232,.F.);
#6239 = CYLINDRICAL_SURFACE('',#6240,0.5);
#6240 = AXIS2_PLACEMENT_3D('',#6241,#6242,#6243);
#6241 = CARTESIAN_POINT('',(37.16,-55.11,-4.6E-02));
#6242 = DIRECTION('',(-0.,-0.,-1.));
#6243 = DIRECTION('',(-0.,-1.,0.));
#6244 = ADVANCED_FACE('',(#6245),#6256,.F.);
#6245 = FACE_BOUND('',#6246,.T.);
#6246 = EDGE_LOOP('',(#6247,#6248,#6254,#6255));
#6247 = ORIENTED_EDGE('',*,*,#3842,.T.);
#6248 = ORIENTED_EDGE('',*,*,#6249,.T.);
#6249 = EDGE_CURVE('',#3843,#4885,#6250,.T.);
#6250 = LINE('',#6251,#6252);
#6251 = CARTESIAN_POINT('',(40.,-56.995,-4.6E-02));
#6252 = VECTOR('',#6253,1.);
#6253 = DIRECTION('',(0.,0.,1.));
#6254 = ORIENTED_EDGE('',*,*,#4884,.F.);
#6255 = ORIENTED_EDGE('',*,*,#6249,.F.);
#6256 = CYLINDRICAL_SURFACE('',#6257,0.5);
#6257 = AXIS2_PLACEMENT_3D('',#6258,#6259,#6260);
#6258 = CARTESIAN_POINT('',(40.,-56.495,-4.6E-02));
#6259 = DIRECTION('',(-0.,-0.,-1.));
#6260 = DIRECTION('',(-0.,-1.,0.));
#6261 = ADVANCED_FACE('',(#6262),#6273,.F.);
#6262 = FACE_BOUND('',#6263,.T.);
#6263 = EDGE_LOOP('',(#6264,#6265,#6271,#6272));
#6264 = ORIENTED_EDGE('',*,*,#3853,.T.);
#6265 = ORIENTED_EDGE('',*,*,#6266,.T.);
#6266 = EDGE_CURVE('',#3854,#4896,#6267,.T.);
#6267 = LINE('',#6268,#6269);
#6268 = CARTESIAN_POINT('',(37.16,-52.84,-4.6E-02));
#6269 = VECTOR('',#6270,1.);
#6270 = DIRECTION('',(0.,0.,1.));
#6271 = ORIENTED_EDGE('',*,*,#4895,.F.);
#6272 = ORIENTED_EDGE('',*,*,#6266,.F.);
#6273 = CYLINDRICAL_SURFACE('',#6274,0.5);
#6274 = AXIS2_PLACEMENT_3D('',#6275,#6276,#6277);
#6275 = CARTESIAN_POINT('',(37.16,-52.34,-4.6E-02));
#6276 = DIRECTION('',(-0.,-0.,-1.));
#6277 = DIRECTION('',(-0.,-1.,0.));
#6278 = ADVANCED_FACE('',(#6279),#6290,.F.);
#6279 = FACE_BOUND('',#6280,.T.);
#6280 = EDGE_LOOP('',(#6281,#6282,#6288,#6289));
#6281 = ORIENTED_EDGE('',*,*,#3864,.T.);
#6282 = ORIENTED_EDGE('',*,*,#6283,.T.);
#6283 = EDGE_CURVE('',#3865,#4907,#6284,.T.);
#6284 = LINE('',#6285,#6286);
#6285 = CARTESIAN_POINT('',(40.,-54.225,-4.6E-02));
#6286 = VECTOR('',#6287,1.);
#6287 = DIRECTION('',(0.,0.,1.));
#6288 = ORIENTED_EDGE('',*,*,#4906,.F.);
#6289 = ORIENTED_EDGE('',*,*,#6283,.F.);
#6290 = CYLINDRICAL_SURFACE('',#6291,0.5);
#6291 = AXIS2_PLACEMENT_3D('',#6292,#6293,#6294);
#6292 = CARTESIAN_POINT('',(40.,-53.725,-4.6E-02));
#6293 = DIRECTION('',(-0.,-0.,-1.));
#6294 = DIRECTION('',(-0.,-1.,0.));
#6295 = ADVANCED_FACE('',(#6296),#6307,.F.);
#6296 = FACE_BOUND('',#6297,.T.);
#6297 = EDGE_LOOP('',(#6298,#6299,#6305,#6306));
#6298 = ORIENTED_EDGE('',*,*,#3875,.T.);
#6299 = ORIENTED_EDGE('',*,*,#6300,.T.);
#6300 = EDGE_CURVE('',#3876,#4918,#6301,.T.);
#6301 = LINE('',#6302,#6303);
#6302 = CARTESIAN_POINT('',(40.,-51.455,-4.6E-02));
#6303 = VECTOR('',#6304,1.);
#6304 = DIRECTION('',(0.,0.,1.));
#6305 = ORIENTED_EDGE('',*,*,#4917,.F.);
#6306 = ORIENTED_EDGE('',*,*,#6300,.F.);
#6307 = CYLINDRICAL_SURFACE('',#6308,0.5);
#6308 = AXIS2_PLACEMENT_3D('',#6309,#6310,#6311);
#6309 = CARTESIAN_POINT('',(40.,-50.955,-4.6E-02));
#6310 = DIRECTION('',(-0.,-0.,-1.));
#6311 = DIRECTION('',(-0.,-1.,0.));
#6312 = ADVANCED_FACE('',(#6313),#6324,.F.);
#6313 = FACE_BOUND('',#6314,.T.);
#6314 = EDGE_LOOP('',(#6315,#6316,#6322,#6323));
#6315 = ORIENTED_EDGE('',*,*,#3886,.T.);
#6316 = ORIENTED_EDGE('',*,*,#6317,.T.);
#6317 = EDGE_CURVE('',#3887,#4929,#6318,.T.);
#6318 = LINE('',#6319,#6320);
#6319 = CARTESIAN_POINT('',(37.16,-45.6,-4.6E-02));
#6320 = VECTOR('',#6321,1.);
#6321 = DIRECTION('',(0.,0.,1.));
#6322 = ORIENTED_EDGE('',*,*,#4928,.F.);
#6323 = ORIENTED_EDGE('',*,*,#6317,.F.);
#6324 = CYLINDRICAL_SURFACE('',#6325,1.6);
#6325 = AXIS2_PLACEMENT_3D('',#6326,#6327,#6328);
#6326 = CARTESIAN_POINT('',(37.16,-44.,-4.6E-02));
#6327 = DIRECTION('',(-0.,-0.,-1.));
#6328 = DIRECTION('',(-0.,-1.,0.));
#6329 = ADVANCED_FACE('',(#6330),#6341,.F.);
#6330 = FACE_BOUND('',#6331,.T.);
#6331 = EDGE_LOOP('',(#6332,#6333,#6339,#6340));
#6332 = ORIENTED_EDGE('',*,*,#3897,.T.);
#6333 = ORIENTED_EDGE('',*,*,#6334,.T.);
#6334 = EDGE_CURVE('',#3898,#4940,#6335,.T.);
#6335 = LINE('',#6336,#6337);
#6336 = CARTESIAN_POINT('',(63.68,-33.26,-4.6E-02));
#6337 = VECTOR('',#6338,1.);
#6338 = DIRECTION('',(0.,0.,1.));
#6339 = ORIENTED_EDGE('',*,*,#4939,.F.);
#6340 = ORIENTED_EDGE('',*,*,#6334,.F.);
#6341 = CYLINDRICAL_SURFACE('',#6342,1.6);
#6342 = AXIS2_PLACEMENT_3D('',#6343,#6344,#6345);
#6343 = CARTESIAN_POINT('',(63.68,-31.66,-4.6E-02));
#6344 = DIRECTION('',(-0.,-0.,-1.));
#6345 = DIRECTION('',(-0.,-1.,0.));
#6346 = ADVANCED_FACE('',(#6347),#6358,.F.);
#6347 = FACE_BOUND('',#6348,.T.);
#6348 = EDGE_LOOP('',(#6349,#6350,#6356,#6357));
#6349 = ORIENTED_EDGE('',*,*,#3908,.T.);
#6350 = ORIENTED_EDGE('',*,*,#6351,.T.);
#6351 = EDGE_CURVE('',#3909,#4951,#6352,.T.);
#6352 = LINE('',#6353,#6354);
#6353 = CARTESIAN_POINT('',(70.635,-35.,-4.6E-02));
#6354 = VECTOR('',#6355,1.);
#6355 = DIRECTION('',(0.,0.,1.));
#6356 = ORIENTED_EDGE('',*,*,#4950,.F.);
#6357 = ORIENTED_EDGE('',*,*,#6351,.F.);
#6358 = CYLINDRICAL_SURFACE('',#6359,0.5);
#6359 = AXIS2_PLACEMENT_3D('',#6360,#6361,#6362);
#6360 = CARTESIAN_POINT('',(70.635,-34.5,-4.6E-02));
#6361 = DIRECTION('',(-0.,-0.,-1.));
#6362 = DIRECTION('',(-0.,-1.,0.));
#6363 = ADVANCED_FACE('',(#6364),#6375,.F.);
#6364 = FACE_BOUND('',#6365,.T.);
#6365 = EDGE_LOOP('',(#6366,#6367,#6373,#6374));
#6366 = ORIENTED_EDGE('',*,*,#3919,.T.);
#6367 = ORIENTED_EDGE('',*,*,#6368,.T.);
#6368 = EDGE_CURVE('',#3920,#4962,#6369,.T.);
#6369 = LINE('',#6370,#6371);
#6370 = CARTESIAN_POINT('',(73.405,-35.,-4.6E-02));
#6371 = VECTOR('',#6372,1.);
#6372 = DIRECTION('',(0.,0.,1.));
#6373 = ORIENTED_EDGE('',*,*,#4961,.F.);
#6374 = ORIENTED_EDGE('',*,*,#6368,.F.);
#6375 = CYLINDRICAL_SURFACE('',#6376,0.5);
#6376 = AXIS2_PLACEMENT_3D('',#6377,#6378,#6379);
#6377 = CARTESIAN_POINT('',(73.405,-34.5,-4.6E-02));
#6378 = DIRECTION('',(-0.,-0.,-1.));
#6379 = DIRECTION('',(-0.,-1.,0.));
#6380 = ADVANCED_FACE('',(#6381),#6392,.F.);
#6381 = FACE_BOUND('',#6382,.T.);
#6382 = EDGE_LOOP('',(#6383,#6384,#6390,#6391));
#6383 = ORIENTED_EDGE('',*,*,#3930,.T.);
#6384 = ORIENTED_EDGE('',*,*,#6385,.T.);
#6385 = EDGE_CURVE('',#3931,#4973,#6386,.T.);
#6386 = LINE('',#6387,#6388);
#6387 = CARTESIAN_POINT('',(72.02,-32.16,-4.6E-02));
#6388 = VECTOR('',#6389,1.);
#6389 = DIRECTION('',(0.,0.,1.));
#6390 = ORIENTED_EDGE('',*,*,#4972,.F.);
#6391 = ORIENTED_EDGE('',*,*,#6385,.F.);
#6392 = CYLINDRICAL_SURFACE('',#6393,0.5);
#6393 = AXIS2_PLACEMENT_3D('',#6394,#6395,#6396);
#6394 = CARTESIAN_POINT('',(72.02,-31.66,-4.6E-02));
#6395 = DIRECTION('',(-0.,-0.,-1.));
#6396 = DIRECTION('',(-0.,-1.,0.));
#6397 = ADVANCED_FACE('',(#6398),#6409,.F.);
#6398 = FACE_BOUND('',#6399,.T.);
#6399 = EDGE_LOOP('',(#6400,#6401,#6407,#6408));
#6400 = ORIENTED_EDGE('',*,*,#3941,.T.);
#6401 = ORIENTED_EDGE('',*,*,#6402,.T.);
#6402 = EDGE_CURVE('',#3942,#4984,#6403,.T.);
#6403 = LINE('',#6404,#6405);
#6404 = CARTESIAN_POINT('',(76.175,-35.,-4.6E-02));
#6405 = VECTOR('',#6406,1.);
#6406 = DIRECTION('',(0.,0.,1.));
#6407 = ORIENTED_EDGE('',*,*,#4983,.F.);
#6408 = ORIENTED_EDGE('',*,*,#6402,.F.);
#6409 = CYLINDRICAL_SURFACE('',#6410,0.5);
#6410 = AXIS2_PLACEMENT_3D('',#6411,#6412,#6413);
#6411 = CARTESIAN_POINT('',(76.175,-34.5,-4.6E-02));
#6412 = DIRECTION('',(-0.,-0.,-1.));
#6413 = DIRECTION('',(-0.,-1.,0.));
#6414 = ADVANCED_FACE('',(#6415),#6426,.F.);
#6415 = FACE_BOUND('',#6416,.T.);
#6416 = EDGE_LOOP('',(#6417,#6418,#6424,#6425));
#6417 = ORIENTED_EDGE('',*,*,#3952,.T.);
#6418 = ORIENTED_EDGE('',*,*,#6419,.T.);
#6419 = EDGE_CURVE('',#3953,#4995,#6420,.T.);
#6420 = LINE('',#6421,#6422);
#6421 = CARTESIAN_POINT('',(78.945,-35.,-4.6E-02));
#6422 = VECTOR('',#6423,1.);
#6423 = DIRECTION('',(0.,0.,1.));
#6424 = ORIENTED_EDGE('',*,*,#4994,.F.);
#6425 = ORIENTED_EDGE('',*,*,#6419,.F.);
#6426 = CYLINDRICAL_SURFACE('',#6427,0.5);
#6427 = AXIS2_PLACEMENT_3D('',#6428,#6429,#6430);
#6428 = CARTESIAN_POINT('',(78.945,-34.5,-4.6E-02));
#6429 = DIRECTION('',(-0.,-0.,-1.));
#6430 = DIRECTION('',(-0.,-1.,0.));
#6431 = ADVANCED_FACE('',(#6432),#6443,.F.);
#6432 = FACE_BOUND('',#6433,.T.);
#6433 = EDGE_LOOP('',(#6434,#6435,#6441,#6442));
#6434 = ORIENTED_EDGE('',*,*,#3963,.T.);
#6435 = ORIENTED_EDGE('',*,*,#6436,.T.);
#6436 = EDGE_CURVE('',#3964,#5006,#6437,.T.);
#6437 = LINE('',#6438,#6439);
#6438 = CARTESIAN_POINT('',(74.79,-32.16,-4.6E-02));
#6439 = VECTOR('',#6440,1.);
#6440 = DIRECTION('',(0.,0.,1.));
#6441 = ORIENTED_EDGE('',*,*,#5005,.F.);
#6442 = ORIENTED_EDGE('',*,*,#6436,.F.);
#6443 = CYLINDRICAL_SURFACE('',#6444,0.5);
#6444 = AXIS2_PLACEMENT_3D('',#6445,#6446,#6447);
#6445 = CARTESIAN_POINT('',(74.79,-31.66,-4.6E-02));
#6446 = DIRECTION('',(-0.,-0.,-1.));
#6447 = DIRECTION('',(-0.,-1.,0.));
#6448 = ADVANCED_FACE('',(#6449),#6460,.F.);
#6449 = FACE_BOUND('',#6450,.T.);
#6450 = EDGE_LOOP('',(#6451,#6452,#6458,#6459));
#6451 = ORIENTED_EDGE('',*,*,#3974,.T.);
#6452 = ORIENTED_EDGE('',*,*,#6453,.T.);
#6453 = EDGE_CURVE('',#3975,#5017,#6454,.T.);
#6454 = LINE('',#6455,#6456);
#6455 = CARTESIAN_POINT('',(77.56,-32.16,-4.6E-02));
#6456 = VECTOR('',#6457,1.);
#6457 = DIRECTION('',(0.,0.,1.));
#6458 = ORIENTED_EDGE('',*,*,#5016,.F.);
#6459 = ORIENTED_EDGE('',*,*,#6453,.F.);
#6460 = CYLINDRICAL_SURFACE('',#6461,0.5);
#6461 = AXIS2_PLACEMENT_3D('',#6462,#6463,#6464);
#6462 = CARTESIAN_POINT('',(77.56,-31.66,-4.6E-02));
#6463 = DIRECTION('',(-0.,-0.,-1.));
#6464 = DIRECTION('',(-0.,-1.,0.));
#6465 = ADVANCED_FACE('',(#6466),#6477,.F.);
#6466 = FACE_BOUND('',#6467,.T.);
#6467 = EDGE_LOOP('',(#6468,#6469,#6475,#6476));
#6468 = ORIENTED_EDGE('',*,*,#3985,.T.);
#6469 = ORIENTED_EDGE('',*,*,#6470,.T.);
#6470 = EDGE_CURVE('',#3986,#5028,#6471,.T.);
#6471 = LINE('',#6472,#6473);
#6472 = CARTESIAN_POINT('',(81.5,-83.475,-4.6E-02));
#6473 = VECTOR('',#6474,1.);
#6474 = DIRECTION('',(0.,0.,1.));
#6475 = ORIENTED_EDGE('',*,*,#5027,.F.);
#6476 = ORIENTED_EDGE('',*,*,#6470,.F.);
#6477 = CYLINDRICAL_SURFACE('',#6478,0.475);
#6478 = AXIS2_PLACEMENT_3D('',#6479,#6480,#6481);
#6479 = CARTESIAN_POINT('',(81.5,-83.,-4.6E-02));
#6480 = DIRECTION('',(-0.,-0.,-1.));
#6481 = DIRECTION('',(-0.,-1.,0.));
#6482 = ADVANCED_FACE('',(#6483),#6494,.F.);
#6483 = FACE_BOUND('',#6484,.T.);
#6484 = EDGE_LOOP('',(#6485,#6486,#6492,#6493));
#6485 = ORIENTED_EDGE('',*,*,#3996,.T.);
#6486 = ORIENTED_EDGE('',*,*,#6487,.T.);
#6487 = EDGE_CURVE('',#3997,#5039,#6488,.T.);
#6488 = LINE('',#6489,#6490);
#6489 = CARTESIAN_POINT('',(84.,-83.475,-4.6E-02));
#6490 = VECTOR('',#6491,1.);
#6491 = DIRECTION('',(0.,0.,1.));
#6492 = ORIENTED_EDGE('',*,*,#5038,.F.);
#6493 = ORIENTED_EDGE('',*,*,#6487,.F.);
#6494 = CYLINDRICAL_SURFACE('',#6495,0.475);
#6495 = AXIS2_PLACEMENT_3D('',#6496,#6497,#6498);
#6496 = CARTESIAN_POINT('',(84.,-83.,-4.6E-02));
#6497 = DIRECTION('',(-0.,-0.,-1.));
#6498 = DIRECTION('',(-0.,-1.,0.));
#6499 = ADVANCED_FACE('',(#6500),#6511,.F.);
#6500 = FACE_BOUND('',#6501,.T.);
#6501 = EDGE_LOOP('',(#6502,#6503,#6509,#6510));
#6502 = ORIENTED_EDGE('',*,*,#4007,.T.);
#6503 = ORIENTED_EDGE('',*,*,#6504,.T.);
#6504 = EDGE_CURVE('',#4008,#5050,#6505,.T.);
#6505 = LINE('',#6506,#6507);
#6506 = CARTESIAN_POINT('',(117.84,-78.9,-4.6E-02));
#6507 = VECTOR('',#6508,1.);
#6508 = DIRECTION('',(0.,0.,1.));
#6509 = ORIENTED_EDGE('',*,*,#5049,.F.);
#6510 = ORIENTED_EDGE('',*,*,#6504,.F.);
#6511 = CYLINDRICAL_SURFACE('',#6512,1.6);
#6512 = AXIS2_PLACEMENT_3D('',#6513,#6514,#6515);
#6513 = CARTESIAN_POINT('',(117.84,-77.3,-4.6E-02));
#6514 = DIRECTION('',(-0.,-0.,-1.));
#6515 = DIRECTION('',(-0.,-1.,0.));
#6516 = ADVANCED_FACE('',(#6517),#6528,.F.);
#6517 = FACE_BOUND('',#6518,.T.);
#6518 = EDGE_LOOP('',(#6519,#6520,#6526,#6527));
#6519 = ORIENTED_EDGE('',*,*,#4018,.T.);
#6520 = ORIENTED_EDGE('',*,*,#6521,.T.);
#6521 = EDGE_CURVE('',#4019,#5061,#6522,.T.);
#6522 = LINE('',#6523,#6524);
#6523 = CARTESIAN_POINT('',(115.,-70.845,-4.6E-02));
#6524 = VECTOR('',#6525,1.);
#6525 = DIRECTION('',(0.,0.,1.));
#6526 = ORIENTED_EDGE('',*,*,#5060,.F.);
#6527 = ORIENTED_EDGE('',*,*,#6521,.F.);
#6528 = CYLINDRICAL_SURFACE('',#6529,0.5);
#6529 = AXIS2_PLACEMENT_3D('',#6530,#6531,#6532);
#6530 = CARTESIAN_POINT('',(115.,-70.345,-4.6E-02));
#6531 = DIRECTION('',(-0.,-0.,-1.));
#6532 = DIRECTION('',(-0.,-1.,0.));
#6533 = ADVANCED_FACE('',(#6534),#6545,.F.);
#6534 = FACE_BOUND('',#6535,.T.);
#6535 = EDGE_LOOP('',(#6536,#6537,#6543,#6544));
#6536 = ORIENTED_EDGE('',*,*,#4029,.T.);
#6537 = ORIENTED_EDGE('',*,*,#6538,.T.);
#6538 = EDGE_CURVE('',#4030,#5072,#6539,.T.);
#6539 = LINE('',#6540,#6541);
#6540 = CARTESIAN_POINT('',(115.,-68.075,-4.6E-02));
#6541 = VECTOR('',#6542,1.);
#6542 = DIRECTION('',(0.,0.,1.));
#6543 = ORIENTED_EDGE('',*,*,#5071,.F.);
#6544 = ORIENTED_EDGE('',*,*,#6538,.F.);
#6545 = CYLINDRICAL_SURFACE('',#6546,0.5);
#6546 = AXIS2_PLACEMENT_3D('',#6547,#6548,#6549);
#6547 = CARTESIAN_POINT('',(115.,-67.575,-4.6E-02));
#6548 = DIRECTION('',(-0.,-0.,-1.));
#6549 = DIRECTION('',(-0.,-1.,0.));
#6550 = ADVANCED_FACE('',(#6551),#6562,.F.);
#6551 = FACE_BOUND('',#6552,.T.);
#6552 = EDGE_LOOP('',(#6553,#6554,#6560,#6561));
#6553 = ORIENTED_EDGE('',*,*,#4040,.T.);
#6554 = ORIENTED_EDGE('',*,*,#6555,.T.);
#6555 = EDGE_CURVE('',#4041,#5083,#6556,.T.);
#6556 = LINE('',#6557,#6558);
#6557 = CARTESIAN_POINT('',(117.84,-69.46,-4.6E-02));
#6558 = VECTOR('',#6559,1.);
#6559 = DIRECTION('',(0.,0.,1.));
#6560 = ORIENTED_EDGE('',*,*,#5082,.F.);
#6561 = ORIENTED_EDGE('',*,*,#6555,.F.);
#6562 = CYLINDRICAL_SURFACE('',#6563,0.5);
#6563 = AXIS2_PLACEMENT_3D('',#6564,#6565,#6566);
#6564 = CARTESIAN_POINT('',(117.84,-68.96,-4.6E-02));
#6565 = DIRECTION('',(-0.,-0.,-1.));
#6566 = DIRECTION('',(-0.,-1.,0.));
#6567 = ADVANCED_FACE('',(#6568),#6579,.F.);
#6568 = FACE_BOUND('',#6569,.T.);
#6569 = EDGE_LOOP('',(#6570,#6571,#6577,#6578));
#6570 = ORIENTED_EDGE('',*,*,#4051,.T.);
#6571 = ORIENTED_EDGE('',*,*,#6572,.T.);
#6572 = EDGE_CURVE('',#4052,#5094,#6573,.T.);
#6573 = LINE('',#6574,#6575);
#6574 = CARTESIAN_POINT('',(117.84,-66.69,-4.6E-02));
#6575 = VECTOR('',#6576,1.);
#6576 = DIRECTION('',(0.,0.,1.));
#6577 = ORIENTED_EDGE('',*,*,#5093,.F.);
#6578 = ORIENTED_EDGE('',*,*,#6572,.F.);
#6579 = CYLINDRICAL_SURFACE('',#6580,0.5);
#6580 = AXIS2_PLACEMENT_3D('',#6581,#6582,#6583);
#6581 = CARTESIAN_POINT('',(117.84,-66.19,-4.6E-02));
#6582 = DIRECTION('',(-0.,-0.,-1.));
#6583 = DIRECTION('',(-0.,-1.,0.));
#6584 = ADVANCED_FACE('',(#6585),#6596,.F.);
#6585 = FACE_BOUND('',#6586,.T.);
#6586 = EDGE_LOOP('',(#6587,#6588,#6594,#6595));
#6587 = ORIENTED_EDGE('',*,*,#4062,.T.);
#6588 = ORIENTED_EDGE('',*,*,#6589,.T.);
#6589 = EDGE_CURVE('',#4063,#5105,#6590,.T.);
#6590 = LINE('',#6591,#6592);
#6591 = CARTESIAN_POINT('',(115.,-65.305,-4.6E-02));
#6592 = VECTOR('',#6593,1.);
#6593 = DIRECTION('',(0.,0.,1.));
#6594 = ORIENTED_EDGE('',*,*,#5104,.F.);
#6595 = ORIENTED_EDGE('',*,*,#6589,.F.);
#6596 = CYLINDRICAL_SURFACE('',#6597,0.5);
#6597 = AXIS2_PLACEMENT_3D('',#6598,#6599,#6600);
#6598 = CARTESIAN_POINT('',(115.,-64.805,-4.6E-02));
#6599 = DIRECTION('',(-0.,-0.,-1.));
#6600 = DIRECTION('',(-0.,-1.,0.));
#6601 = ADVANCED_FACE('',(#6602),#6613,.F.);
#6602 = FACE_BOUND('',#6603,.T.);
#6603 = EDGE_LOOP('',(#6604,#6605,#6611,#6612));
#6604 = ORIENTED_EDGE('',*,*,#4073,.T.);
#6605 = ORIENTED_EDGE('',*,*,#6606,.T.);
#6606 = EDGE_CURVE('',#4074,#5116,#6607,.T.);
#6607 = LINE('',#6608,#6609);
#6608 = CARTESIAN_POINT('',(115.,-62.535,-4.6E-02));
#6609 = VECTOR('',#6610,1.);
#6610 = DIRECTION('',(0.,0.,1.));
#6611 = ORIENTED_EDGE('',*,*,#5115,.F.);
#6612 = ORIENTED_EDGE('',*,*,#6606,.F.);
#6613 = CYLINDRICAL_SURFACE('',#6614,0.5);
#6614 = AXIS2_PLACEMENT_3D('',#6615,#6616,#6617);
#6615 = CARTESIAN_POINT('',(115.,-62.035,-4.6E-02));
#6616 = DIRECTION('',(-0.,-0.,-1.));
#6617 = DIRECTION('',(-0.,-1.,0.));
#6618 = ADVANCED_FACE('',(#6619),#6630,.F.);
#6619 = FACE_BOUND('',#6620,.T.);
#6620 = EDGE_LOOP('',(#6621,#6622,#6628,#6629));
#6621 = ORIENTED_EDGE('',*,*,#4084,.T.);
#6622 = ORIENTED_EDGE('',*,*,#6623,.T.);
#6623 = EDGE_CURVE('',#4085,#5127,#6624,.T.);
#6624 = LINE('',#6625,#6626);
#6625 = CARTESIAN_POINT('',(117.84,-63.92,-4.6E-02));
#6626 = VECTOR('',#6627,1.);
#6627 = DIRECTION('',(0.,0.,1.));
#6628 = ORIENTED_EDGE('',*,*,#5126,.F.);
#6629 = ORIENTED_EDGE('',*,*,#6623,.F.);
#6630 = CYLINDRICAL_SURFACE('',#6631,0.5);
#6631 = AXIS2_PLACEMENT_3D('',#6632,#6633,#6634);
#6632 = CARTESIAN_POINT('',(117.84,-63.42,-4.6E-02));
#6633 = DIRECTION('',(-0.,-0.,-1.));
#6634 = DIRECTION('',(-0.,-1.,0.));
#6635 = ADVANCED_FACE('',(#6636),#6647,.F.);
#6636 = FACE_BOUND('',#6637,.T.);
#6637 = EDGE_LOOP('',(#6638,#6639,#6645,#6646));
#6638 = ORIENTED_EDGE('',*,*,#4095,.T.);
#6639 = ORIENTED_EDGE('',*,*,#6640,.T.);
#6640 = EDGE_CURVE('',#4096,#5138,#6641,.T.);
#6641 = LINE('',#6642,#6643);
#6642 = CARTESIAN_POINT('',(115.,-59.765,-4.6E-02));
#6643 = VECTOR('',#6644,1.);
#6644 = DIRECTION('',(0.,0.,1.));
#6645 = ORIENTED_EDGE('',*,*,#5137,.F.);
#6646 = ORIENTED_EDGE('',*,*,#6640,.F.);
#6647 = CYLINDRICAL_SURFACE('',#6648,0.5);
#6648 = AXIS2_PLACEMENT_3D('',#6649,#6650,#6651);
#6649 = CARTESIAN_POINT('',(115.,-59.265,-4.6E-02));
#6650 = DIRECTION('',(-0.,-0.,-1.));
#6651 = DIRECTION('',(-0.,-1.,0.));
#6652 = ADVANCED_FACE('',(#6653),#6664,.F.);
#6653 = FACE_BOUND('',#6654,.T.);
#6654 = EDGE_LOOP('',(#6655,#6656,#6662,#6663));
#6655 = ORIENTED_EDGE('',*,*,#4106,.T.);
#6656 = ORIENTED_EDGE('',*,*,#6657,.T.);
#6657 = EDGE_CURVE('',#4107,#5149,#6658,.T.);
#6658 = LINE('',#6659,#6660);
#6659 = CARTESIAN_POINT('',(117.84,-61.15,-4.6E-02));
#6660 = VECTOR('',#6661,1.);
#6661 = DIRECTION('',(0.,0.,1.));
#6662 = ORIENTED_EDGE('',*,*,#5148,.F.);
#6663 = ORIENTED_EDGE('',*,*,#6657,.F.);
#6664 = CYLINDRICAL_SURFACE('',#6665,0.5);
#6665 = AXIS2_PLACEMENT_3D('',#6666,#6667,#6668);
#6666 = CARTESIAN_POINT('',(117.84,-60.65,-4.6E-02));
#6667 = DIRECTION('',(-0.,-0.,-1.));
#6668 = DIRECTION('',(-0.,-1.,0.));
#6669 = ADVANCED_FACE('',(#6670),#6681,.F.);
#6670 = FACE_BOUND('',#6671,.T.);
#6671 = EDGE_LOOP('',(#6672,#6678,#6679,#6680));
#6672 = ORIENTED_EDGE('',*,*,#6673,.T.);
#6673 = EDGE_CURVE('',#4118,#5160,#6674,.T.);
#6674 = LINE('',#6675,#6676);
#6675 = CARTESIAN_POINT('',(84.,-50.,0.));
#6676 = VECTOR('',#6677,1.);
#6677 = DIRECTION('',(0.,0.,1.));
#6678 = ORIENTED_EDGE('',*,*,#5159,.T.);
#6679 = ORIENTED_EDGE('',*,*,#6673,.F.);
#6680 = ORIENTED_EDGE('',*,*,#4117,.F.);
#6681 = CYLINDRICAL_SURFACE('',#6682,4.);
#6682 = AXIS2_PLACEMENT_3D('',#6683,#6684,#6685);
#6683 = CARTESIAN_POINT('',(80.,-50.,0.));
#6684 = DIRECTION('',(-0.,-0.,-1.));
#6685 = DIRECTION('',(1.,0.,-0.));
#6686 = ADVANCED_FACE('',(#6687),#6698,.F.);
#6687 = FACE_BOUND('',#6688,.T.);
#6688 = EDGE_LOOP('',(#6689,#6690,#6696,#6697));
#6689 = ORIENTED_EDGE('',*,*,#4128,.T.);
#6690 = ORIENTED_EDGE('',*,*,#6691,.T.);
#6691 = EDGE_CURVE('',#4129,#5171,#6692,.T.);
#6692 = LINE('',#6693,#6694);
#6693 = CARTESIAN_POINT('',(81.715,-35.,-4.6E-02));
#6694 = VECTOR('',#6695,1.);
#6695 = DIRECTION('',(0.,0.,1.));
#6696 = ORIENTED_EDGE('',*,*,#5170,.F.);
#6697 = ORIENTED_EDGE('',*,*,#6691,.F.);
#6698 = CYLINDRICAL_SURFACE('',#6699,0.5);
#6699 = AXIS2_PLACEMENT_3D('',#6700,#6701,#6702);
#6700 = CARTESIAN_POINT('',(81.715,-34.5,-4.6E-02));
#6701 = DIRECTION('',(-0.,-0.,-1.));
#6702 = DIRECTION('',(-0.,-1.,0.));
#6703 = ADVANCED_FACE('',(#6704),#6715,.F.);
#6704 = FACE_BOUND('',#6705,.T.);
#6705 = EDGE_LOOP('',(#6706,#6707,#6713,#6714));
#6706 = ORIENTED_EDGE('',*,*,#4139,.T.);
#6707 = ORIENTED_EDGE('',*,*,#6708,.T.);
#6708 = EDGE_CURVE('',#4140,#5182,#6709,.T.);
#6709 = LINE('',#6710,#6711);
#6710 = CARTESIAN_POINT('',(84.485,-35.,-4.6E-02));
#6711 = VECTOR('',#6712,1.);
#6712 = DIRECTION('',(0.,0.,1.));
#6713 = ORIENTED_EDGE('',*,*,#5181,.F.);
#6714 = ORIENTED_EDGE('',*,*,#6708,.F.);
#6715 = CYLINDRICAL_SURFACE('',#6716,0.5);
#6716 = AXIS2_PLACEMENT_3D('',#6717,#6718,#6719);
#6717 = CARTESIAN_POINT('',(84.485,-34.5,-4.6E-02));
#6718 = DIRECTION('',(-0.,-0.,-1.));
#6719 = DIRECTION('',(-0.,-1.,0.));
#6720 = ADVANCED_FACE('',(#6721),#6732,.F.);
#6721 = FACE_BOUND('',#6722,.T.);
#6722 = EDGE_LOOP('',(#6723,#6724,#6730,#6731));
#6723 = ORIENTED_EDGE('',*,*,#4150,.T.);
#6724 = ORIENTED_EDGE('',*,*,#6725,.T.);
#6725 = EDGE_CURVE('',#4151,#5193,#6726,.T.);
#6726 = LINE('',#6727,#6728);
#6727 = CARTESIAN_POINT('',(80.33,-32.16,-4.6E-02));
#6728 = VECTOR('',#6729,1.);
#6729 = DIRECTION('',(0.,0.,1.));
#6730 = ORIENTED_EDGE('',*,*,#5192,.F.);
#6731 = ORIENTED_EDGE('',*,*,#6725,.F.);
#6732 = CYLINDRICAL_SURFACE('',#6733,0.5);
#6733 = AXIS2_PLACEMENT_3D('',#6734,#6735,#6736);
#6734 = CARTESIAN_POINT('',(80.33,-31.66,-4.6E-02));
#6735 = DIRECTION('',(-0.,-0.,-1.));
#6736 = DIRECTION('',(-0.,-1.,0.));
#6737 = ADVANCED_FACE('',(#6738),#6749,.F.);
#6738 = FACE_BOUND('',#6739,.T.);
#6739 = EDGE_LOOP('',(#6740,#6741,#6747,#6748));
#6740 = ORIENTED_EDGE('',*,*,#4161,.T.);
#6741 = ORIENTED_EDGE('',*,*,#6742,.T.);
#6742 = EDGE_CURVE('',#4162,#5204,#6743,.T.);
#6743 = LINE('',#6744,#6745);
#6744 = CARTESIAN_POINT('',(83.1,-32.16,-4.6E-02));
#6745 = VECTOR('',#6746,1.);
#6746 = DIRECTION('',(0.,0.,1.));
#6747 = ORIENTED_EDGE('',*,*,#5203,.F.);
#6748 = ORIENTED_EDGE('',*,*,#6742,.F.);
#6749 = CYLINDRICAL_SURFACE('',#6750,0.5);
#6750 = AXIS2_PLACEMENT_3D('',#6751,#6752,#6753);
#6751 = CARTESIAN_POINT('',(83.1,-31.66,-4.6E-02));
#6752 = DIRECTION('',(-0.,-0.,-1.));
#6753 = DIRECTION('',(-0.,-1.,0.));
#6754 = ADVANCED_FACE('',(#6755),#6766,.F.);
#6755 = FACE_BOUND('',#6756,.T.);
#6756 = EDGE_LOOP('',(#6757,#6758,#6764,#6765));
#6757 = ORIENTED_EDGE('',*,*,#4172,.T.);
#6758 = ORIENTED_EDGE('',*,*,#6759,.T.);
#6759 = EDGE_CURVE('',#4173,#5215,#6760,.T.);
#6760 = LINE('',#6761,#6762);
#6761 = CARTESIAN_POINT('',(87.255,-35.,-4.6E-02));
#6762 = VECTOR('',#6763,1.);
#6763 = DIRECTION('',(0.,0.,1.));
#6764 = ORIENTED_EDGE('',*,*,#5214,.F.);
#6765 = ORIENTED_EDGE('',*,*,#6759,.F.);
#6766 = CYLINDRICAL_SURFACE('',#6767,0.5);
#6767 = AXIS2_PLACEMENT_3D('',#6768,#6769,#6770);
#6768 = CARTESIAN_POINT('',(87.255,-34.5,-4.6E-02));
#6769 = DIRECTION('',(-0.,-0.,-1.));
#6770 = DIRECTION('',(-0.,-1.,0.));
#6771 = ADVANCED_FACE('',(#6772),#6783,.F.);
#6772 = FACE_BOUND('',#6773,.T.);
#6773 = EDGE_LOOP('',(#6774,#6775,#6781,#6782));
#6774 = ORIENTED_EDGE('',*,*,#4183,.T.);
#6775 = ORIENTED_EDGE('',*,*,#6776,.T.);
#6776 = EDGE_CURVE('',#4184,#5226,#6777,.T.);
#6777 = LINE('',#6778,#6779);
#6778 = CARTESIAN_POINT('',(90.025,-35.,-4.6E-02));
#6779 = VECTOR('',#6780,1.);
#6780 = DIRECTION('',(0.,0.,1.));
#6781 = ORIENTED_EDGE('',*,*,#5225,.F.);
#6782 = ORIENTED_EDGE('',*,*,#6776,.F.);
#6783 = CYLINDRICAL_SURFACE('',#6784,0.5);
#6784 = AXIS2_PLACEMENT_3D('',#6785,#6786,#6787);
#6785 = CARTESIAN_POINT('',(90.025,-34.5,-4.6E-02));
#6786 = DIRECTION('',(-0.,-0.,-1.));
#6787 = DIRECTION('',(-0.,-1.,0.));
#6788 = ADVANCED_FACE('',(#6789),#6800,.F.);
#6789 = FACE_BOUND('',#6790,.T.);
#6790 = EDGE_LOOP('',(#6791,#6792,#6798,#6799));
#6791 = ORIENTED_EDGE('',*,*,#4194,.T.);
#6792 = ORIENTED_EDGE('',*,*,#6793,.T.);
#6793 = EDGE_CURVE('',#4195,#5237,#6794,.T.);
#6794 = LINE('',#6795,#6796);
#6795 = CARTESIAN_POINT('',(85.87,-32.16,-4.6E-02));
#6796 = VECTOR('',#6797,1.);
#6797 = DIRECTION('',(0.,0.,1.));
#6798 = ORIENTED_EDGE('',*,*,#5236,.F.);
#6799 = ORIENTED_EDGE('',*,*,#6793,.F.);
#6800 = CYLINDRICAL_SURFACE('',#6801,0.5);
#6801 = AXIS2_PLACEMENT_3D('',#6802,#6803,#6804);
#6802 = CARTESIAN_POINT('',(85.87,-31.66,-4.6E-02));
#6803 = DIRECTION('',(-0.,-0.,-1.));
#6804 = DIRECTION('',(-0.,-1.,0.));
#6805 = ADVANCED_FACE('',(#6806),#6817,.F.);
#6806 = FACE_BOUND('',#6807,.T.);
#6807 = EDGE_LOOP('',(#6808,#6809,#6815,#6816));
#6808 = ORIENTED_EDGE('',*,*,#4205,.T.);
#6809 = ORIENTED_EDGE('',*,*,#6810,.T.);
#6810 = EDGE_CURVE('',#4206,#5248,#6811,.T.);
#6811 = LINE('',#6812,#6813);
#6812 = CARTESIAN_POINT('',(88.64,-32.16,-4.6E-02));
#6813 = VECTOR('',#6814,1.);
#6814 = DIRECTION('',(0.,0.,1.));
#6815 = ORIENTED_EDGE('',*,*,#5247,.F.);
#6816 = ORIENTED_EDGE('',*,*,#6810,.F.);
#6817 = CYLINDRICAL_SURFACE('',#6818,0.5);
#6818 = AXIS2_PLACEMENT_3D('',#6819,#6820,#6821);
#6819 = CARTESIAN_POINT('',(88.64,-31.66,-4.6E-02));
#6820 = DIRECTION('',(-0.,-0.,-1.));
#6821 = DIRECTION('',(-0.,-1.,0.));
#6822 = ADVANCED_FACE('',(#6823),#6834,.F.);
#6823 = FACE_BOUND('',#6824,.T.);
#6824 = EDGE_LOOP('',(#6825,#6826,#6832,#6833));
#6825 = ORIENTED_EDGE('',*,*,#4216,.T.);
#6826 = ORIENTED_EDGE('',*,*,#6827,.T.);
#6827 = EDGE_CURVE('',#4217,#5259,#6828,.T.);
#6828 = LINE('',#6829,#6830);
#6829 = CARTESIAN_POINT('',(96.98,-33.26,-4.6E-02));
#6830 = VECTOR('',#6831,1.);
#6831 = DIRECTION('',(0.,0.,1.));
#6832 = ORIENTED_EDGE('',*,*,#5258,.F.);
#6833 = ORIENTED_EDGE('',*,*,#6827,.F.);
#6834 = CYLINDRICAL_SURFACE('',#6835,1.6);
#6835 = AXIS2_PLACEMENT_3D('',#6836,#6837,#6838);
#6836 = CARTESIAN_POINT('',(96.98,-31.66,-4.6E-02));
#6837 = DIRECTION('',(-0.,0.,-1.));
#6838 = DIRECTION('',(8.881784197001E-15,-1.,-0.));
#6839 = ADVANCED_FACE('',(#6840),#6851,.F.);
#6840 = FACE_BOUND('',#6841,.T.);
#6841 = EDGE_LOOP('',(#6842,#6843,#6849,#6850));
#6842 = ORIENTED_EDGE('',*,*,#4227,.T.);
#6843 = ORIENTED_EDGE('',*,*,#6844,.T.);
#6844 = EDGE_CURVE('',#4228,#5270,#6845,.T.);
#6845 = LINE('',#6846,#6847);
#6846 = CARTESIAN_POINT('',(115.,-56.995,-4.6E-02));
#6847 = VECTOR('',#6848,1.);
#6848 = DIRECTION('',(0.,0.,1.));
#6849 = ORIENTED_EDGE('',*,*,#5269,.F.);
#6850 = ORIENTED_EDGE('',*,*,#6844,.F.);
#6851 = CYLINDRICAL_SURFACE('',#6852,0.5);
#6852 = AXIS2_PLACEMENT_3D('',#6853,#6854,#6855);
#6853 = CARTESIAN_POINT('',(115.,-56.495,-4.6E-02));
#6854 = DIRECTION('',(-0.,-0.,-1.));
#6855 = DIRECTION('',(-0.,-1.,0.));
#6856 = ADVANCED_FACE('',(#6857),#6868,.F.);
#6857 = FACE_BOUND('',#6858,.T.);
#6858 = EDGE_LOOP('',(#6859,#6860,#6866,#6867));
#6859 = ORIENTED_EDGE('',*,*,#4238,.T.);
#6860 = ORIENTED_EDGE('',*,*,#6861,.T.);
#6861 = EDGE_CURVE('',#4239,#5281,#6862,.T.);
#6862 = LINE('',#6863,#6864);
#6863 = CARTESIAN_POINT('',(117.84,-58.38,-4.6E-02));
#6864 = VECTOR('',#6865,1.);
#6865 = DIRECTION('',(0.,0.,1.));
#6866 = ORIENTED_EDGE('',*,*,#5280,.F.);
#6867 = ORIENTED_EDGE('',*,*,#6861,.F.);
#6868 = CYLINDRICAL_SURFACE('',#6869,0.5);
#6869 = AXIS2_PLACEMENT_3D('',#6870,#6871,#6872);
#6870 = CARTESIAN_POINT('',(117.84,-57.88,-4.6E-02));
#6871 = DIRECTION('',(-0.,-0.,-1.));
#6872 = DIRECTION('',(-0.,-1.,0.));
#6873 = ADVANCED_FACE('',(#6874),#6885,.F.);
#6874 = FACE_BOUND('',#6875,.T.);
#6875 = EDGE_LOOP('',(#6876,#6877,#6883,#6884));
#6876 = ORIENTED_EDGE('',*,*,#4249,.T.);
#6877 = ORIENTED_EDGE('',*,*,#6878,.T.);
#6878 = EDGE_CURVE('',#4250,#5292,#6879,.T.);
#6879 = LINE('',#6880,#6881);
#6880 = CARTESIAN_POINT('',(117.84,-55.61,-4.6E-02));
#6881 = VECTOR('',#6882,1.);
#6882 = DIRECTION('',(0.,0.,1.));
#6883 = ORIENTED_EDGE('',*,*,#5291,.F.);
#6884 = ORIENTED_EDGE('',*,*,#6878,.F.);
#6885 = CYLINDRICAL_SURFACE('',#6886,0.5);
#6886 = AXIS2_PLACEMENT_3D('',#6887,#6888,#6889);
#6887 = CARTESIAN_POINT('',(117.84,-55.11,-4.6E-02));
#6888 = DIRECTION('',(-0.,-0.,-1.));
#6889 = DIRECTION('',(-0.,-1.,0.));
#6890 = ADVANCED_FACE('',(#6891),#6902,.F.);
#6891 = FACE_BOUND('',#6892,.T.);
#6892 = EDGE_LOOP('',(#6893,#6894,#6900,#6901));
#6893 = ORIENTED_EDGE('',*,*,#4260,.T.);
#6894 = ORIENTED_EDGE('',*,*,#6895,.T.);
#6895 = EDGE_CURVE('',#4261,#5303,#6896,.T.);
#6896 = LINE('',#6897,#6898);
#6897 = CARTESIAN_POINT('',(115.,-54.225,-4.6E-02));
#6898 = VECTOR('',#6899,1.);
#6899 = DIRECTION('',(0.,0.,1.));
#6900 = ORIENTED_EDGE('',*,*,#5302,.F.);
#6901 = ORIENTED_EDGE('',*,*,#6895,.F.);
#6902 = CYLINDRICAL_SURFACE('',#6903,0.5);
#6903 = AXIS2_PLACEMENT_3D('',#6904,#6905,#6906);
#6904 = CARTESIAN_POINT('',(115.,-53.725,-4.6E-02));
#6905 = DIRECTION('',(-0.,-0.,-1.));
#6906 = DIRECTION('',(-0.,-1.,0.));
#6907 = ADVANCED_FACE('',(#6908),#6919,.F.);
#6908 = FACE_BOUND('',#6909,.T.);
#6909 = EDGE_LOOP('',(#6910,#6911,#6917,#6918));
#6910 = ORIENTED_EDGE('',*,*,#4271,.T.);
#6911 = ORIENTED_EDGE('',*,*,#6912,.T.);
#6912 = EDGE_CURVE('',#4272,#5314,#6913,.T.);
#6913 = LINE('',#6914,#6915);
#6914 = CARTESIAN_POINT('',(117.84,-52.84,-4.6E-02));
#6915 = VECTOR('',#6916,1.);
#6916 = DIRECTION('',(0.,0.,1.));
#6917 = ORIENTED_EDGE('',*,*,#5313,.F.);
#6918 = ORIENTED_EDGE('',*,*,#6912,.F.);
#6919 = CYLINDRICAL_SURFACE('',#6920,0.5);
#6920 = AXIS2_PLACEMENT_3D('',#6921,#6922,#6923);
#6921 = CARTESIAN_POINT('',(117.84,-52.34,-4.6E-02));
#6922 = DIRECTION('',(-0.,-0.,-1.));
#6923 = DIRECTION('',(-0.,-1.,0.));
#6924 = ADVANCED_FACE('',(#6925),#6936,.F.);
#6925 = FACE_BOUND('',#6926,.T.);
#6926 = EDGE_LOOP('',(#6927,#6928,#6934,#6935));
#6927 = ORIENTED_EDGE('',*,*,#4282,.T.);
#6928 = ORIENTED_EDGE('',*,*,#6929,.T.);
#6929 = EDGE_CURVE('',#4283,#5325,#6930,.T.);
#6930 = LINE('',#6931,#6932);
#6931 = CARTESIAN_POINT('',(115.,-51.455,-4.6E-02));
#6932 = VECTOR('',#6933,1.);
#6933 = DIRECTION('',(0.,0.,1.));
#6934 = ORIENTED_EDGE('',*,*,#5324,.F.);
#6935 = ORIENTED_EDGE('',*,*,#6929,.F.);
#6936 = CYLINDRICAL_SURFACE('',#6937,0.5);
#6937 = AXIS2_PLACEMENT_3D('',#6938,#6939,#6940);
#6938 = CARTESIAN_POINT('',(115.,-50.955,-4.6E-02));
#6939 = DIRECTION('',(-0.,-0.,-1.));
#6940 = DIRECTION('',(-0.,-1.,0.));
#6941 = ADVANCED_FACE('',(#6942),#6953,.F.);
#6942 = FACE_BOUND('',#6943,.T.);
#6943 = EDGE_LOOP('',(#6944,#6945,#6951,#6952));
#6944 = ORIENTED_EDGE('',*,*,#4293,.T.);
#6945 = ORIENTED_EDGE('',*,*,#6946,.T.);
#6946 = EDGE_CURVE('',#4294,#5336,#6947,.T.);
#6947 = LINE('',#6948,#6949);
#6948 = CARTESIAN_POINT('',(117.84,-45.6,-4.6E-02));
#6949 = VECTOR('',#6950,1.);
#6950 = DIRECTION('',(0.,0.,1.));
#6951 = ORIENTED_EDGE('',*,*,#5335,.F.);
#6952 = ORIENTED_EDGE('',*,*,#6946,.F.);
#6953 = CYLINDRICAL_SURFACE('',#6954,1.6);
#6954 = AXIS2_PLACEMENT_3D('',#6955,#6956,#6957);
#6955 = CARTESIAN_POINT('',(117.84,-44.,-4.6E-02));
#6956 = DIRECTION('',(-0.,-0.,-1.));
#6957 = DIRECTION('',(-0.,-1.,0.));
#6958 = ( GEOMETRIC_REPRESENTATION_CONTEXT(3) 
GLOBAL_UNCERTAINTY_ASSIGNED_CONTEXT((#6962)) 
GLOBAL_UNIT_ASSIGNED_CONTEXT((#6959,#6960,#6961)) REPRESENTATION_CONTEXT
('Context #1','3D Context with UNIT and UNCERTAINTY') );
#6959 = ( LENGTH_UNIT() NAMED_UNIT(*) SI_UNIT(.MILLI.,.METRE.) );
#6960 = ( NAMED_UNIT(*) PLANE_ANGLE_UNIT() SI_UNIT($,.RADIAN.) );
#6961 = ( NAMED_UNIT(*) SI_UNIT($,.STERADIAN.) SOLID_ANGLE_UNIT() );
#6962 = UNCERTAINTY_MEASURE_WITH_UNIT(LENGTH_MEASURE(1.E-07),#6959,
  'distance_accuracy_value','confusion accuracy');
#6963 = CONTEXT_DEPENDENT_SHAPE_REPRESENTATION(#6964,#6966);
#6964 = ( REPRESENTATION_RELATIONSHIP('','',#3157,#10) 
REPRESENTATION_RELATIONSHIP_WITH_TRANSFORMATION(#6965) 
SHAPE_REPRESENTATION_RELATIONSHIP() );
#6965 = ITEM_DEFINED_TRANSFORMATION('','',#11,#19);
#6966 = PRODUCT_DEFINITION_SHAPE('Placement','Placement of an item',
  #6967);
#6967 = NEXT_ASSEMBLY_USAGE_OCCURRENCE('2','=>[0:1:1:3]','',#5,#3152,$);
#6968 = PRODUCT_RELATED_PRODUCT_CATEGORY('part',$,(#3154));
#6969 = MECHANICAL_DESIGN_GEOMETRIC_PRESENTATION_REPRESENTATION('',(
    #6970),#6958);
#6970 = STYLED_ITEM('color',(#6971),#3158);
#6971 = PRESENTATION_STYLE_ASSIGNMENT((#6972));
#6972 = SURFACE_STYLE_USAGE(.BOTH.,#6973);
#6973 = SURFACE_SIDE_STYLE('',(#6974));
#6974 = SURFACE_STYLE_FILL_AREA(#6975);
#6975 = FILL_AREA_STYLE('',(#6976));
#6976 = FILL_AREA_STYLE_COLOUR('',#6977);
#6977 = COLOUR_RGB('',0.313304153717,0.484529207832,0.410020903123);
#6978 = MECHANICAL_DESIGN_GEOMETRIC_PRESENTATION_REPRESENTATION('',(
    #6979,#6987,#6994,#7001,#7008,#7015,#7022,#7029,#7036,#7043,#7050,
    #7057,#7064,#7071,#7078,#7085,#7092,#7099,#7106,#7113,#7120,#7127,
    #7134,#7142,#7149,#7156,#7163,#7170,#7177,#7184,#7191,#7198,#7205,
    #7212,#7219,#7226,#7233,#7240,#7247,#7254,#7261,#7268,#7275,#7282,
    #7289,#7296,#7303,#7310,#7317,#7324,#7331,#7338,#7345,#7352,#7359,
    #7366,#7373,#7380,#7387,#7394,#7401,#7408,#7415,#7422,#7429,#7436,
    #7443,#7450,#7457,#7464,#7471,#7478,#7485,#7492,#7499,#7506,#7513,
    #7520,#7527,#7534,#7541,#7548,#7555,#7562,#7569,#7576,#7583,#7590,
    #7597,#7604,#7611,#7618,#7625,#7632,#7639,#7646,#7653,#7660,#7667,
    #7674,#7681,#7688,#7695,#7702),#3139);
#6979 = STYLED_ITEM('color',(#6980),#39);
#6980 = PRESENTATION_STYLE_ASSIGNMENT((#6981));
#6981 = SURFACE_STYLE_USAGE(.BOTH.,#6982);
#6982 = SURFACE_SIDE_STYLE('',(#6983));
#6983 = SURFACE_STYLE_FILL_AREA(#6984);
#6984 = FILL_AREA_STYLE('',(#6985));
#6985 = FILL_AREA_STYLE_COLOUR('',#6986);
#6986 = COLOUR_RGB('',0.894117649055,0.890196087049,0.811764731185);
#6987 = STYLED_ITEM('color',(#6988),#207);
#6988 = PRESENTATION_STYLE_ASSIGNMENT((#6989));
#6989 = SURFACE_STYLE_USAGE(.BOTH.,#6990);
#6990 = SURFACE_SIDE_STYLE('',(#6991));
#6991 = SURFACE_STYLE_FILL_AREA(#6992);
#6992 = FILL_AREA_STYLE('',(#6993));
#6993 = FILL_AREA_STYLE_COLOUR('',#6986);
#6994 = STYLED_ITEM('color',(#6995),#238);
#6995 = PRESENTATION_STYLE_ASSIGNMENT((#6996));
#6996 = SURFACE_STYLE_USAGE(.BOTH.,#6997);
#6997 = SURFACE_SIDE_STYLE('',(#6998));
#6998 = SURFACE_STYLE_FILL_AREA(#6999);
#6999 = FILL_AREA_STYLE('',(#7000));
#7000 = FILL_AREA_STYLE_COLOUR('',#6986);
#7001 = STYLED_ITEM('color',(#7002),#262);
#7002 = PRESENTATION_STYLE_ASSIGNMENT((#7003));
#7003 = SURFACE_STYLE_USAGE(.BOTH.,#7004);
#7004 = SURFACE_SIDE_STYLE('',(#7005));
#7005 = SURFACE_STYLE_FILL_AREA(#7006);
#7006 = FILL_AREA_STYLE('',(#7007));
#7007 = FILL_AREA_STYLE_COLOUR('',#6986);
#7008 = STYLED_ITEM('color',(#7009),#320);
#7009 = PRESENTATION_STYLE_ASSIGNMENT((#7010));
#7010 = SURFACE_STYLE_USAGE(.BOTH.,#7011);
#7011 = SURFACE_SIDE_STYLE('',(#7012));
#7012 = SURFACE_STYLE_FILL_AREA(#7013);
#7013 = FILL_AREA_STYLE('',(#7014));
#7014 = FILL_AREA_STYLE_COLOUR('',#6986);
#7015 = STYLED_ITEM('color',(#7016),#344);
#7016 = PRESENTATION_STYLE_ASSIGNMENT((#7017));
#7017 = SURFACE_STYLE_USAGE(.BOTH.,#7018);
#7018 = SURFACE_SIDE_STYLE('',(#7019));
#7019 = SURFACE_STYLE_FILL_AREA(#7020);
#7020 = FILL_AREA_STYLE('',(#7021));
#7021 = FILL_AREA_STYLE_COLOUR('',#6986);
#7022 = STYLED_ITEM('color',(#7023),#368);
#7023 = PRESENTATION_STYLE_ASSIGNMENT((#7024));
#7024 = SURFACE_STYLE_USAGE(.BOTH.,#7025);
#7025 = SURFACE_SIDE_STYLE('',(#7026));
#7026 = SURFACE_STYLE_FILL_AREA(#7027);
#7027 = FILL_AREA_STYLE('',(#7028));
#7028 = FILL_AREA_STYLE_COLOUR('',#6986);
#7029 = STYLED_ITEM('color',(#7030),#392);
#7030 = PRESENTATION_STYLE_ASSIGNMENT((#7031));
#7031 = SURFACE_STYLE_USAGE(.BOTH.,#7032);
#7032 = SURFACE_SIDE_STYLE('',(#7033));
#7033 = SURFACE_STYLE_FILL_AREA(#7034);
#7034 = FILL_AREA_STYLE('',(#7035));
#7035 = FILL_AREA_STYLE_COLOUR('',#6986);
#7036 = STYLED_ITEM('color',(#7037),#450);
#7037 = PRESENTATION_STYLE_ASSIGNMENT((#7038));
#7038 = SURFACE_STYLE_USAGE(.BOTH.,#7039);
#7039 = SURFACE_SIDE_STYLE('',(#7040));
#7040 = SURFACE_STYLE_FILL_AREA(#7041);
#7041 = FILL_AREA_STYLE('',(#7042));
#7042 = FILL_AREA_STYLE_COLOUR('',#6986);
#7043 = STYLED_ITEM('color',(#7044),#474);
#7044 = PRESENTATION_STYLE_ASSIGNMENT((#7045));
#7045 = SURFACE_STYLE_USAGE(.BOTH.,#7046);
#7046 = SURFACE_SIDE_STYLE('',(#7047));
#7047 = SURFACE_STYLE_FILL_AREA(#7048);
#7048 = FILL_AREA_STYLE('',(#7049));
#7049 = FILL_AREA_STYLE_COLOUR('',#6986);
#7050 = STYLED_ITEM('color',(#7051),#498);
#7051 = PRESENTATION_STYLE_ASSIGNMENT((#7052));
#7052 = SURFACE_STYLE_USAGE(.BOTH.,#7053);
#7053 = SURFACE_SIDE_STYLE('',(#7054));
#7054 = SURFACE_STYLE_FILL_AREA(#7055);
#7055 = FILL_AREA_STYLE('',(#7056));
#7056 = FILL_AREA_STYLE_COLOUR('',#6986);
#7057 = STYLED_ITEM('color',(#7058),#522);
#7058 = PRESENTATION_STYLE_ASSIGNMENT((#7059));
#7059 = SURFACE_STYLE_USAGE(.BOTH.,#7060);
#7060 = SURFACE_SIDE_STYLE('',(#7061));
#7061 = SURFACE_STYLE_FILL_AREA(#7062);
#7062 = FILL_AREA_STYLE('',(#7063));
#7063 = FILL_AREA_STYLE_COLOUR('',#6986);
#7064 = STYLED_ITEM('color',(#7065),#580);
#7065 = PRESENTATION_STYLE_ASSIGNMENT((#7066));
#7066 = SURFACE_STYLE_USAGE(.BOTH.,#7067);
#7067 = SURFACE_SIDE_STYLE('',(#7068));
#7068 = SURFACE_STYLE_FILL_AREA(#7069);
#7069 = FILL_AREA_STYLE('',(#7070));
#7070 = FILL_AREA_STYLE_COLOUR('',#6986);
#7071 = STYLED_ITEM('color',(#7072),#604);
#7072 = PRESENTATION_STYLE_ASSIGNMENT((#7073));
#7073 = SURFACE_STYLE_USAGE(.BOTH.,#7074);
#7074 = SURFACE_SIDE_STYLE('',(#7075));
#7075 = SURFACE_STYLE_FILL_AREA(#7076);
#7076 = FILL_AREA_STYLE('',(#7077));
#7077 = FILL_AREA_STYLE_COLOUR('',#6986);
#7078 = STYLED_ITEM('color',(#7079),#628);
#7079 = PRESENTATION_STYLE_ASSIGNMENT((#7080));
#7080 = SURFACE_STYLE_USAGE(.BOTH.,#7081);
#7081 = SURFACE_SIDE_STYLE('',(#7082));
#7082 = SURFACE_STYLE_FILL_AREA(#7083);
#7083 = FILL_AREA_STYLE('',(#7084));
#7084 = FILL_AREA_STYLE_COLOUR('',#6986);
#7085 = STYLED_ITEM('color',(#7086),#708);
#7086 = PRESENTATION_STYLE_ASSIGNMENT((#7087));
#7087 = SURFACE_STYLE_USAGE(.BOTH.,#7088);
#7088 = SURFACE_SIDE_STYLE('',(#7089));
#7089 = SURFACE_STYLE_FILL_AREA(#7090);
#7090 = FILL_AREA_STYLE('',(#7091));
#7091 = FILL_AREA_STYLE_COLOUR('',#6986);
#7092 = STYLED_ITEM('color',(#7093),#732);
#7093 = PRESENTATION_STYLE_ASSIGNMENT((#7094));
#7094 = SURFACE_STYLE_USAGE(.BOTH.,#7095);
#7095 = SURFACE_SIDE_STYLE('',(#7096));
#7096 = SURFACE_STYLE_FILL_AREA(#7097);
#7097 = FILL_AREA_STYLE('',(#7098));
#7098 = FILL_AREA_STYLE_COLOUR('',#6986);
#7099 = STYLED_ITEM('color',(#7100),#796);
#7100 = PRESENTATION_STYLE_ASSIGNMENT((#7101));
#7101 = SURFACE_STYLE_USAGE(.BOTH.,#7102);
#7102 = SURFACE_SIDE_STYLE('',(#7103));
#7103 = SURFACE_STYLE_FILL_AREA(#7104);
#7104 = FILL_AREA_STYLE('',(#7105));
#7105 = FILL_AREA_STYLE_COLOUR('',#6986);
#7106 = STYLED_ITEM('color',(#7107),#820);
#7107 = PRESENTATION_STYLE_ASSIGNMENT((#7108));
#7108 = SURFACE_STYLE_USAGE(.BOTH.,#7109);
#7109 = SURFACE_SIDE_STYLE('',(#7110));
#7110 = SURFACE_STYLE_FILL_AREA(#7111);
#7111 = FILL_AREA_STYLE('',(#7112));
#7112 = FILL_AREA_STYLE_COLOUR('',#6986);
#7113 = STYLED_ITEM('color',(#7114),#884);
#7114 = PRESENTATION_STYLE_ASSIGNMENT((#7115));
#7115 = SURFACE_STYLE_USAGE(.BOTH.,#7116);
#7116 = SURFACE_SIDE_STYLE('',(#7117));
#7117 = SURFACE_STYLE_FILL_AREA(#7118);
#7118 = FILL_AREA_STYLE('',(#7119));
#7119 = FILL_AREA_STYLE_COLOUR('',#6986);
#7120 = STYLED_ITEM('color',(#7121),#908);
#7121 = PRESENTATION_STYLE_ASSIGNMENT((#7122));
#7122 = SURFACE_STYLE_USAGE(.BOTH.,#7123);
#7123 = SURFACE_SIDE_STYLE('',(#7124));
#7124 = SURFACE_STYLE_FILL_AREA(#7125);
#7125 = FILL_AREA_STYLE('',(#7126));
#7126 = FILL_AREA_STYLE_COLOUR('',#6986);
#7127 = STYLED_ITEM('color',(#7128),#981);
#7128 = PRESENTATION_STYLE_ASSIGNMENT((#7129));
#7129 = SURFACE_STYLE_USAGE(.BOTH.,#7130);
#7130 = SURFACE_SIDE_STYLE('',(#7131));
#7131 = SURFACE_STYLE_FILL_AREA(#7132);
#7132 = FILL_AREA_STYLE('',(#7133));
#7133 = FILL_AREA_STYLE_COLOUR('',#6986);
#7134 = STYLED_ITEM('color',(#7135),#1010);
#7135 = PRESENTATION_STYLE_ASSIGNMENT((#7136));
#7136 = SURFACE_STYLE_USAGE(.BOTH.,#7137);
#7137 = SURFACE_SIDE_STYLE('',(#7138));
#7138 = SURFACE_STYLE_FILL_AREA(#7139);
#7139 = FILL_AREA_STYLE('',(#7140));
#7140 = FILL_AREA_STYLE_COLOUR('',#7141);
#7141 = COLOUR_RGB('',0.823529417451,0.819607860991,0.780392170416);
#7142 = STYLED_ITEM('color',(#7143),#1041);
#7143 = PRESENTATION_STYLE_ASSIGNMENT((#7144));
#7144 = SURFACE_STYLE_USAGE(.BOTH.,#7145);
#7145 = SURFACE_SIDE_STYLE('',(#7146));
#7146 = SURFACE_STYLE_FILL_AREA(#7147);
#7147 = FILL_AREA_STYLE('',(#7148));
#7148 = FILL_AREA_STYLE_COLOUR('',#7141);
#7149 = STYLED_ITEM('color',(#7150),#1097);
#7150 = PRESENTATION_STYLE_ASSIGNMENT((#7151));
#7151 = SURFACE_STYLE_USAGE(.BOTH.,#7152);
#7152 = SURFACE_SIDE_STYLE('',(#7153));
#7153 = SURFACE_STYLE_FILL_AREA(#7154);
#7154 = FILL_AREA_STYLE('',(#7155));
#7155 = FILL_AREA_STYLE_COLOUR('',#7141);
#7156 = STYLED_ITEM('color',(#7157),#1121);
#7157 = PRESENTATION_STYLE_ASSIGNMENT((#7158));
#7158 = SURFACE_STYLE_USAGE(.BOTH.,#7159);
#7159 = SURFACE_SIDE_STYLE('',(#7160));
#7160 = SURFACE_STYLE_FILL_AREA(#7161);
#7161 = FILL_AREA_STYLE('',(#7162));
#7162 = FILL_AREA_STYLE_COLOUR('',#7141);
#7163 = STYLED_ITEM('color',(#7164),#1170);
#7164 = PRESENTATION_STYLE_ASSIGNMENT((#7165));
#7165 = SURFACE_STYLE_USAGE(.BOTH.,#7166);
#7166 = SURFACE_SIDE_STYLE('',(#7167));
#7167 = SURFACE_STYLE_FILL_AREA(#7168);
#7168 = FILL_AREA_STYLE('',(#7169));
#7169 = FILL_AREA_STYLE_COLOUR('',#7141);
#7170 = STYLED_ITEM('color',(#7171),#1201);
#7171 = PRESENTATION_STYLE_ASSIGNMENT((#7172));
#7172 = SURFACE_STYLE_USAGE(.BOTH.,#7173);
#7173 = SURFACE_SIDE_STYLE('',(#7174));
#7174 = SURFACE_STYLE_FILL_AREA(#7175);
#7175 = FILL_AREA_STYLE('',(#7176));
#7176 = FILL_AREA_STYLE_COLOUR('',#7141);
#7177 = STYLED_ITEM('color',(#7178),#1225);
#7178 = PRESENTATION_STYLE_ASSIGNMENT((#7179));
#7179 = SURFACE_STYLE_USAGE(.BOTH.,#7180);
#7180 = SURFACE_SIDE_STYLE('',(#7181));
#7181 = SURFACE_STYLE_FILL_AREA(#7182);
#7182 = FILL_AREA_STYLE('',(#7183));
#7183 = FILL_AREA_STYLE_COLOUR('',#7141);
#7184 = STYLED_ITEM('color',(#7185),#1249);
#7185 = PRESENTATION_STYLE_ASSIGNMENT((#7186));
#7186 = SURFACE_STYLE_USAGE(.BOTH.,#7187);
#7187 = SURFACE_SIDE_STYLE('',(#7188));
#7188 = SURFACE_STYLE_FILL_AREA(#7189);
#7189 = FILL_AREA_STYLE('',(#7190));
#7190 = FILL_AREA_STYLE_COLOUR('',#7141);
#7191 = STYLED_ITEM('color',(#7192),#1266);
#7192 = PRESENTATION_STYLE_ASSIGNMENT((#7193));
#7193 = SURFACE_STYLE_USAGE(.BOTH.,#7194);
#7194 = SURFACE_SIDE_STYLE('',(#7195));
#7195 = SURFACE_STYLE_FILL_AREA(#7196);
#7196 = FILL_AREA_STYLE('',(#7197));
#7197 = FILL_AREA_STYLE_COLOUR('',#7141);
#7198 = STYLED_ITEM('color',(#7199),#1297);
#7199 = PRESENTATION_STYLE_ASSIGNMENT((#7200));
#7200 = SURFACE_STYLE_USAGE(.BOTH.,#7201);
#7201 = SURFACE_SIDE_STYLE('',(#7202));
#7202 = SURFACE_STYLE_FILL_AREA(#7203);
#7203 = FILL_AREA_STYLE('',(#7204));
#7204 = FILL_AREA_STYLE_COLOUR('',#7141);
#7205 = STYLED_ITEM('color',(#7206),#1353);
#7206 = PRESENTATION_STYLE_ASSIGNMENT((#7207));
#7207 = SURFACE_STYLE_USAGE(.BOTH.,#7208);
#7208 = SURFACE_SIDE_STYLE('',(#7209));
#7209 = SURFACE_STYLE_FILL_AREA(#7210);
#7210 = FILL_AREA_STYLE('',(#7211));
#7211 = FILL_AREA_STYLE_COLOUR('',#7141);
#7212 = STYLED_ITEM('color',(#7213),#1377);
#7213 = PRESENTATION_STYLE_ASSIGNMENT((#7214));
#7214 = SURFACE_STYLE_USAGE(.BOTH.,#7215);
#7215 = SURFACE_SIDE_STYLE('',(#7216));
#7216 = SURFACE_STYLE_FILL_AREA(#7217);
#7217 = FILL_AREA_STYLE('',(#7218));
#7218 = FILL_AREA_STYLE_COLOUR('',#7141);
#7219 = STYLED_ITEM('color',(#7220),#1426);
#7220 = PRESENTATION_STYLE_ASSIGNMENT((#7221));
#7221 = SURFACE_STYLE_USAGE(.BOTH.,#7222);
#7222 = SURFACE_SIDE_STYLE('',(#7223));
#7223 = SURFACE_STYLE_FILL_AREA(#7224);
#7224 = FILL_AREA_STYLE('',(#7225));
#7225 = FILL_AREA_STYLE_COLOUR('',#6986);
#7226 = STYLED_ITEM('color',(#7227),#1507);
#7227 = PRESENTATION_STYLE_ASSIGNMENT((#7228));
#7228 = SURFACE_STYLE_USAGE(.BOTH.,#7229);
#7229 = SURFACE_SIDE_STYLE('',(#7230));
#7230 = SURFACE_STYLE_FILL_AREA(#7231);
#7231 = FILL_AREA_STYLE('',(#7232));
#7232 = FILL_AREA_STYLE_COLOUR('',#6986);
#7233 = STYLED_ITEM('color',(#7234),#1531);
#7234 = PRESENTATION_STYLE_ASSIGNMENT((#7235));
#7235 = SURFACE_STYLE_USAGE(.BOTH.,#7236);
#7236 = SURFACE_SIDE_STYLE('',(#7237));
#7237 = SURFACE_STYLE_FILL_AREA(#7238);
#7238 = FILL_AREA_STYLE('',(#7239));
#7239 = FILL_AREA_STYLE_COLOUR('',#6986);
#7240 = STYLED_ITEM('color',(#7241),#1726);
#7241 = PRESENTATION_STYLE_ASSIGNMENT((#7242));
#7242 = SURFACE_STYLE_USAGE(.BOTH.,#7243);
#7243 = SURFACE_SIDE_STYLE('',(#7244));
#7244 = SURFACE_STYLE_FILL_AREA(#7245);
#7245 = FILL_AREA_STYLE('',(#7246));
#7246 = FILL_AREA_STYLE_COLOUR('',#6986);
#7247 = STYLED_ITEM('color',(#7248),#1743);
#7248 = PRESENTATION_STYLE_ASSIGNMENT((#7249));
#7249 = SURFACE_STYLE_USAGE(.BOTH.,#7250);
#7250 = SURFACE_SIDE_STYLE('',(#7251));
#7251 = SURFACE_STYLE_FILL_AREA(#7252);
#7252 = FILL_AREA_STYLE('',(#7253));
#7253 = FILL_AREA_STYLE_COLOUR('',#6986);
#7254 = STYLED_ITEM('color',(#7255),#1760);
#7255 = PRESENTATION_STYLE_ASSIGNMENT((#7256));
#7256 = SURFACE_STYLE_USAGE(.BOTH.,#7257);
#7257 = SURFACE_SIDE_STYLE('',(#7258));
#7258 = SURFACE_STYLE_FILL_AREA(#7259);
#7259 = FILL_AREA_STYLE('',(#7260));
#7260 = FILL_AREA_STYLE_COLOUR('',#6986);
#7261 = STYLED_ITEM('color',(#7262),#1777);
#7262 = PRESENTATION_STYLE_ASSIGNMENT((#7263));
#7263 = SURFACE_STYLE_USAGE(.BOTH.,#7264);
#7264 = SURFACE_SIDE_STYLE('',(#7265));
#7265 = SURFACE_STYLE_FILL_AREA(#7266);
#7266 = FILL_AREA_STYLE('',(#7267));
#7267 = FILL_AREA_STYLE_COLOUR('',#6986);
#7268 = STYLED_ITEM('color',(#7269),#1789);
#7269 = PRESENTATION_STYLE_ASSIGNMENT((#7270));
#7270 = SURFACE_STYLE_USAGE(.BOTH.,#7271);
#7271 = SURFACE_SIDE_STYLE('',(#7272));
#7272 = SURFACE_STYLE_FILL_AREA(#7273);
#7273 = FILL_AREA_STYLE('',(#7274));
#7274 = FILL_AREA_STYLE_COLOUR('',#6986);
#7275 = STYLED_ITEM('color',(#7276),#1801);
#7276 = PRESENTATION_STYLE_ASSIGNMENT((#7277));
#7277 = SURFACE_STYLE_USAGE(.BOTH.,#7278);
#7278 = SURFACE_SIDE_STYLE('',(#7279));
#7279 = SURFACE_STYLE_FILL_AREA(#7280);
#7280 = FILL_AREA_STYLE('',(#7281));
#7281 = FILL_AREA_STYLE_COLOUR('',#6986);
#7282 = STYLED_ITEM('color',(#7283),#1818);
#7283 = PRESENTATION_STYLE_ASSIGNMENT((#7284));
#7284 = SURFACE_STYLE_USAGE(.BOTH.,#7285);
#7285 = SURFACE_SIDE_STYLE('',(#7286));
#7286 = SURFACE_STYLE_FILL_AREA(#7287);
#7287 = FILL_AREA_STYLE('',(#7288));
#7288 = FILL_AREA_STYLE_COLOUR('',#6986);
#7289 = STYLED_ITEM('color',(#7290),#1835);
#7290 = PRESENTATION_STYLE_ASSIGNMENT((#7291));
#7291 = SURFACE_STYLE_USAGE(.BOTH.,#7292);
#7292 = SURFACE_SIDE_STYLE('',(#7293));
#7293 = SURFACE_STYLE_FILL_AREA(#7294);
#7294 = FILL_AREA_STYLE('',(#7295));
#7295 = FILL_AREA_STYLE_COLOUR('',#6986);
#7296 = STYLED_ITEM('color',(#7297),#1852);
#7297 = PRESENTATION_STYLE_ASSIGNMENT((#7298));
#7298 = SURFACE_STYLE_USAGE(.BOTH.,#7299);
#7299 = SURFACE_SIDE_STYLE('',(#7300));
#7300 = SURFACE_STYLE_FILL_AREA(#7301);
#7301 = FILL_AREA_STYLE('',(#7302));
#7302 = FILL_AREA_STYLE_COLOUR('',#6986);
#7303 = STYLED_ITEM('color',(#7304),#1864);
#7304 = PRESENTATION_STYLE_ASSIGNMENT((#7305));
#7305 = SURFACE_STYLE_USAGE(.BOTH.,#7306);
#7306 = SURFACE_SIDE_STYLE('',(#7307));
#7307 = SURFACE_STYLE_FILL_AREA(#7308);
#7308 = FILL_AREA_STYLE('',(#7309));
#7309 = FILL_AREA_STYLE_COLOUR('',#6986);
#7310 = STYLED_ITEM('color',(#7311),#1881);
#7311 = PRESENTATION_STYLE_ASSIGNMENT((#7312));
#7312 = SURFACE_STYLE_USAGE(.BOTH.,#7313);
#7313 = SURFACE_SIDE_STYLE('',(#7314));
#7314 = SURFACE_STYLE_FILL_AREA(#7315);
#7315 = FILL_AREA_STYLE('',(#7316));
#7316 = FILL_AREA_STYLE_COLOUR('',#7141);
#7317 = STYLED_ITEM('color',(#7318),#1898);
#7318 = PRESENTATION_STYLE_ASSIGNMENT((#7319));
#7319 = SURFACE_STYLE_USAGE(.BOTH.,#7320);
#7320 = SURFACE_SIDE_STYLE('',(#7321));
#7321 = SURFACE_STYLE_FILL_AREA(#7322);
#7322 = FILL_AREA_STYLE('',(#7323));
#7323 = FILL_AREA_STYLE_COLOUR('',#7141);
#7324 = STYLED_ITEM('color',(#7325),#1945);
#7325 = PRESENTATION_STYLE_ASSIGNMENT((#7326));
#7326 = SURFACE_STYLE_USAGE(.BOTH.,#7327);
#7327 = SURFACE_SIDE_STYLE('',(#7328));
#7328 = SURFACE_STYLE_FILL_AREA(#7329);
#7329 = FILL_AREA_STYLE('',(#7330));
#7330 = FILL_AREA_STYLE_COLOUR('',#7141);
#7331 = STYLED_ITEM('color',(#7332),#1971);
#7332 = PRESENTATION_STYLE_ASSIGNMENT((#7333));
#7333 = SURFACE_STYLE_USAGE(.BOTH.,#7334);
#7334 = SURFACE_SIDE_STYLE('',(#7335));
#7335 = SURFACE_STYLE_FILL_AREA(#7336);
#7336 = FILL_AREA_STYLE('',(#7337));
#7337 = FILL_AREA_STYLE_COLOUR('',#7141);
#7338 = STYLED_ITEM('color',(#7339),#1988);
#7339 = PRESENTATION_STYLE_ASSIGNMENT((#7340));
#7340 = SURFACE_STYLE_USAGE(.BOTH.,#7341);
#7341 = SURFACE_SIDE_STYLE('',(#7342));
#7342 = SURFACE_STYLE_FILL_AREA(#7343);
#7343 = FILL_AREA_STYLE('',(#7344));
#7344 = FILL_AREA_STYLE_COLOUR('',#7141);
#7345 = STYLED_ITEM('color',(#7346),#2014);
#7346 = PRESENTATION_STYLE_ASSIGNMENT((#7347));
#7347 = SURFACE_STYLE_USAGE(.BOTH.,#7348);
#7348 = SURFACE_SIDE_STYLE('',(#7349));
#7349 = SURFACE_STYLE_FILL_AREA(#7350);
#7350 = FILL_AREA_STYLE('',(#7351));
#7351 = FILL_AREA_STYLE_COLOUR('',#7141);
#7352 = STYLED_ITEM('color',(#7353),#2047);
#7353 = PRESENTATION_STYLE_ASSIGNMENT((#7354));
#7354 = SURFACE_STYLE_USAGE(.BOTH.,#7355);
#7355 = SURFACE_SIDE_STYLE('',(#7356));
#7356 = SURFACE_STYLE_FILL_AREA(#7357);
#7357 = FILL_AREA_STYLE('',(#7358));
#7358 = FILL_AREA_STYLE_COLOUR('',#7141);
#7359 = STYLED_ITEM('color',(#7360),#2078);
#7360 = PRESENTATION_STYLE_ASSIGNMENT((#7361));
#7361 = SURFACE_STYLE_USAGE(.BOTH.,#7362);
#7362 = SURFACE_SIDE_STYLE('',(#7363));
#7363 = SURFACE_STYLE_FILL_AREA(#7364);
#7364 = FILL_AREA_STYLE('',(#7365));
#7365 = FILL_AREA_STYLE_COLOUR('',#7141);
#7366 = STYLED_ITEM('color',(#7367),#2102);
#7367 = PRESENTATION_STYLE_ASSIGNMENT((#7368));
#7368 = SURFACE_STYLE_USAGE(.BOTH.,#7369);
#7369 = SURFACE_SIDE_STYLE('',(#7370));
#7370 = SURFACE_STYLE_FILL_AREA(#7371);
#7371 = FILL_AREA_STYLE('',(#7372));
#7372 = FILL_AREA_STYLE_COLOUR('',#7141);
#7373 = STYLED_ITEM('color',(#7374),#2126);
#7374 = PRESENTATION_STYLE_ASSIGNMENT((#7375));
#7375 = SURFACE_STYLE_USAGE(.BOTH.,#7376);
#7376 = SURFACE_SIDE_STYLE('',(#7377));
#7377 = SURFACE_STYLE_FILL_AREA(#7378);
#7378 = FILL_AREA_STYLE('',(#7379));
#7379 = FILL_AREA_STYLE_COLOUR('',#7141);
#7380 = STYLED_ITEM('color',(#7381),#2143);
#7381 = PRESENTATION_STYLE_ASSIGNMENT((#7382));
#7382 = SURFACE_STYLE_USAGE(.BOTH.,#7383);
#7383 = SURFACE_SIDE_STYLE('',(#7384));
#7384 = SURFACE_STYLE_FILL_AREA(#7385);
#7385 = FILL_AREA_STYLE('',(#7386));
#7386 = FILL_AREA_STYLE_COLOUR('',#7141);
#7387 = STYLED_ITEM('color',(#7388),#2160);
#7388 = PRESENTATION_STYLE_ASSIGNMENT((#7389));
#7389 = SURFACE_STYLE_USAGE(.BOTH.,#7390);
#7390 = SURFACE_SIDE_STYLE('',(#7391));
#7391 = SURFACE_STYLE_FILL_AREA(#7392);
#7392 = FILL_AREA_STYLE('',(#7393));
#7393 = FILL_AREA_STYLE_COLOUR('',#7141);
#7394 = STYLED_ITEM('color',(#7395),#2207);
#7395 = PRESENTATION_STYLE_ASSIGNMENT((#7396));
#7396 = SURFACE_STYLE_USAGE(.BOTH.,#7397);
#7397 = SURFACE_SIDE_STYLE('',(#7398));
#7398 = SURFACE_STYLE_FILL_AREA(#7399);
#7399 = FILL_AREA_STYLE('',(#7400));
#7400 = FILL_AREA_STYLE_COLOUR('',#7141);
#7401 = STYLED_ITEM('color',(#7402),#2233);
#7402 = PRESENTATION_STYLE_ASSIGNMENT((#7403));
#7403 = SURFACE_STYLE_USAGE(.BOTH.,#7404);
#7404 = SURFACE_SIDE_STYLE('',(#7405));
#7405 = SURFACE_STYLE_FILL_AREA(#7406);
#7406 = FILL_AREA_STYLE('',(#7407));
#7407 = FILL_AREA_STYLE_COLOUR('',#7141);
#7408 = STYLED_ITEM('color',(#7409),#2250);
#7409 = PRESENTATION_STYLE_ASSIGNMENT((#7410));
#7410 = SURFACE_STYLE_USAGE(.BOTH.,#7411);
#7411 = SURFACE_SIDE_STYLE('',(#7412));
#7412 = SURFACE_STYLE_FILL_AREA(#7413);
#7413 = FILL_AREA_STYLE('',(#7414));
#7414 = FILL_AREA_STYLE_COLOUR('',#7141);
#7415 = STYLED_ITEM('color',(#7416),#2276);
#7416 = PRESENTATION_STYLE_ASSIGNMENT((#7417));
#7417 = SURFACE_STYLE_USAGE(.BOTH.,#7418);
#7418 = SURFACE_SIDE_STYLE('',(#7419));
#7419 = SURFACE_STYLE_FILL_AREA(#7420);
#7420 = FILL_AREA_STYLE('',(#7421));
#7421 = FILL_AREA_STYLE_COLOUR('',#7141);
#7422 = STYLED_ITEM('color',(#7423),#2309);
#7423 = PRESENTATION_STYLE_ASSIGNMENT((#7424));
#7424 = SURFACE_STYLE_USAGE(.BOTH.,#7425);
#7425 = SURFACE_SIDE_STYLE('',(#7426));
#7426 = SURFACE_STYLE_FILL_AREA(#7427);
#7427 = FILL_AREA_STYLE('',(#7428));
#7428 = FILL_AREA_STYLE_COLOUR('',#6986);
#7429 = STYLED_ITEM('color',(#7430),#2326);
#7430 = PRESENTATION_STYLE_ASSIGNMENT((#7431));
#7431 = SURFACE_STYLE_USAGE(.BOTH.,#7432);
#7432 = SURFACE_SIDE_STYLE('',(#7433));
#7433 = SURFACE_STYLE_FILL_AREA(#7434);
#7434 = FILL_AREA_STYLE('',(#7435));
#7435 = FILL_AREA_STYLE_COLOUR('',#6986);
#7436 = STYLED_ITEM('color',(#7437),#2343);
#7437 = PRESENTATION_STYLE_ASSIGNMENT((#7438));
#7438 = SURFACE_STYLE_USAGE(.BOTH.,#7439);
#7439 = SURFACE_SIDE_STYLE('',(#7440));
#7440 = SURFACE_STYLE_FILL_AREA(#7441);
#7441 = FILL_AREA_STYLE('',(#7442));
#7442 = FILL_AREA_STYLE_COLOUR('',#6986);
#7443 = STYLED_ITEM('color',(#7444),#2360);
#7444 = PRESENTATION_STYLE_ASSIGNMENT((#7445));
#7445 = SURFACE_STYLE_USAGE(.BOTH.,#7446);
#7446 = SURFACE_SIDE_STYLE('',(#7447));
#7447 = SURFACE_STYLE_FILL_AREA(#7448);
#7448 = FILL_AREA_STYLE('',(#7449));
#7449 = FILL_AREA_STYLE_COLOUR('',#6986);
#7450 = STYLED_ITEM('color',(#7451),#2377);
#7451 = PRESENTATION_STYLE_ASSIGNMENT((#7452));
#7452 = SURFACE_STYLE_USAGE(.BOTH.,#7453);
#7453 = SURFACE_SIDE_STYLE('',(#7454));
#7454 = SURFACE_STYLE_FILL_AREA(#7455);
#7455 = FILL_AREA_STYLE('',(#7456));
#7456 = FILL_AREA_STYLE_COLOUR('',#6986);
#7457 = STYLED_ITEM('color',(#7458),#2394);
#7458 = PRESENTATION_STYLE_ASSIGNMENT((#7459));
#7459 = SURFACE_STYLE_USAGE(.BOTH.,#7460);
#7460 = SURFACE_SIDE_STYLE('',(#7461));
#7461 = SURFACE_STYLE_FILL_AREA(#7462);
#7462 = FILL_AREA_STYLE('',(#7463));
#7463 = FILL_AREA_STYLE_COLOUR('',#6986);
#7464 = STYLED_ITEM('color',(#7465),#2411);
#7465 = PRESENTATION_STYLE_ASSIGNMENT((#7466));
#7466 = SURFACE_STYLE_USAGE(.BOTH.,#7467);
#7467 = SURFACE_SIDE_STYLE('',(#7468));
#7468 = SURFACE_STYLE_FILL_AREA(#7469);
#7469 = FILL_AREA_STYLE('',(#7470));
#7470 = FILL_AREA_STYLE_COLOUR('',#6986);
#7471 = STYLED_ITEM('color',(#7472),#2423);
#7472 = PRESENTATION_STYLE_ASSIGNMENT((#7473));
#7473 = SURFACE_STYLE_USAGE(.BOTH.,#7474);
#7474 = SURFACE_SIDE_STYLE('',(#7475));
#7475 = SURFACE_STYLE_FILL_AREA(#7476);
#7476 = FILL_AREA_STYLE('',(#7477));
#7477 = FILL_AREA_STYLE_COLOUR('',#7141);
#7478 = STYLED_ITEM('color',(#7479),#2454);
#7479 = PRESENTATION_STYLE_ASSIGNMENT((#7480));
#7480 = SURFACE_STYLE_USAGE(.BOTH.,#7481);
#7481 = SURFACE_SIDE_STYLE('',(#7482));
#7482 = SURFACE_STYLE_FILL_AREA(#7483);
#7483 = FILL_AREA_STYLE('',(#7484));
#7484 = FILL_AREA_STYLE_COLOUR('',#7141);
#7485 = STYLED_ITEM('color',(#7486),#2478);
#7486 = PRESENTATION_STYLE_ASSIGNMENT((#7487));
#7487 = SURFACE_STYLE_USAGE(.BOTH.,#7488);
#7488 = SURFACE_SIDE_STYLE('',(#7489));
#7489 = SURFACE_STYLE_FILL_AREA(#7490);
#7490 = FILL_AREA_STYLE('',(#7491));
#7491 = FILL_AREA_STYLE_COLOUR('',#7141);
#7492 = STYLED_ITEM('color',(#7493),#2502);
#7493 = PRESENTATION_STYLE_ASSIGNMENT((#7494));
#7494 = SURFACE_STYLE_USAGE(.BOTH.,#7495);
#7495 = SURFACE_SIDE_STYLE('',(#7496));
#7496 = SURFACE_STYLE_FILL_AREA(#7497);
#7497 = FILL_AREA_STYLE('',(#7498));
#7498 = FILL_AREA_STYLE_COLOUR('',#7141);
#7499 = STYLED_ITEM('color',(#7500),#2519);
#7500 = PRESENTATION_STYLE_ASSIGNMENT((#7501));
#7501 = SURFACE_STYLE_USAGE(.BOTH.,#7502);
#7502 = SURFACE_SIDE_STYLE('',(#7503));
#7503 = SURFACE_STYLE_FILL_AREA(#7504);
#7504 = FILL_AREA_STYLE('',(#7505));
#7505 = FILL_AREA_STYLE_COLOUR('',#7141);
#7506 = STYLED_ITEM('color',(#7507),#2550);
#7507 = PRESENTATION_STYLE_ASSIGNMENT((#7508));
#7508 = SURFACE_STYLE_USAGE(.BOTH.,#7509);
#7509 = SURFACE_SIDE_STYLE('',(#7510));
#7510 = SURFACE_STYLE_FILL_AREA(#7511);
#7511 = FILL_AREA_STYLE('',(#7512));
#7512 = FILL_AREA_STYLE_COLOUR('',#7141);
#7513 = STYLED_ITEM('color',(#7514),#2574);
#7514 = PRESENTATION_STYLE_ASSIGNMENT((#7515));
#7515 = SURFACE_STYLE_USAGE(.BOTH.,#7516);
#7516 = SURFACE_SIDE_STYLE('',(#7517));
#7517 = SURFACE_STYLE_FILL_AREA(#7518);
#7518 = FILL_AREA_STYLE('',(#7519));
#7519 = FILL_AREA_STYLE_COLOUR('',#7141);
#7520 = STYLED_ITEM('color',(#7521),#2598);
#7521 = PRESENTATION_STYLE_ASSIGNMENT((#7522));
#7522 = SURFACE_STYLE_USAGE(.BOTH.,#7523);
#7523 = SURFACE_SIDE_STYLE('',(#7524));
#7524 = SURFACE_STYLE_FILL_AREA(#7525);
#7525 = FILL_AREA_STYLE('',(#7526));
#7526 = FILL_AREA_STYLE_COLOUR('',#7141);
#7527 = STYLED_ITEM('color',(#7528),#2615);
#7528 = PRESENTATION_STYLE_ASSIGNMENT((#7529));
#7529 = SURFACE_STYLE_USAGE(.BOTH.,#7530);
#7530 = SURFACE_SIDE_STYLE('',(#7531));
#7531 = SURFACE_STYLE_FILL_AREA(#7532);
#7532 = FILL_AREA_STYLE('',(#7533));
#7533 = FILL_AREA_STYLE_COLOUR('',#7141);
#7534 = STYLED_ITEM('color',(#7535),#2646);
#7535 = PRESENTATION_STYLE_ASSIGNMENT((#7536));
#7536 = SURFACE_STYLE_USAGE(.BOTH.,#7537);
#7537 = SURFACE_SIDE_STYLE('',(#7538));
#7538 = SURFACE_STYLE_FILL_AREA(#7539);
#7539 = FILL_AREA_STYLE('',(#7540));
#7540 = FILL_AREA_STYLE_COLOUR('',#7141);
#7541 = STYLED_ITEM('color',(#7542),#2670);
#7542 = PRESENTATION_STYLE_ASSIGNMENT((#7543));
#7543 = SURFACE_STYLE_USAGE(.BOTH.,#7544);
#7544 = SURFACE_SIDE_STYLE('',(#7545));
#7545 = SURFACE_STYLE_FILL_AREA(#7546);
#7546 = FILL_AREA_STYLE('',(#7547));
#7547 = FILL_AREA_STYLE_COLOUR('',#7141);
#7548 = STYLED_ITEM('color',(#7549),#2694);
#7549 = PRESENTATION_STYLE_ASSIGNMENT((#7550));
#7550 = SURFACE_STYLE_USAGE(.BOTH.,#7551);
#7551 = SURFACE_SIDE_STYLE('',(#7552));
#7552 = SURFACE_STYLE_FILL_AREA(#7553);
#7553 = FILL_AREA_STYLE('',(#7554));
#7554 = FILL_AREA_STYLE_COLOUR('',#7141);
#7555 = STYLED_ITEM('color',(#7556),#2711);
#7556 = PRESENTATION_STYLE_ASSIGNMENT((#7557));
#7557 = SURFACE_STYLE_USAGE(.BOTH.,#7558);
#7558 = SURFACE_SIDE_STYLE('',(#7559));
#7559 = SURFACE_STYLE_FILL_AREA(#7560);
#7560 = FILL_AREA_STYLE('',(#7561));
#7561 = FILL_AREA_STYLE_COLOUR('',#7141);
#7562 = STYLED_ITEM('color',(#7563),#2728);
#7563 = PRESENTATION_STYLE_ASSIGNMENT((#7564));
#7564 = SURFACE_STYLE_USAGE(.BOTH.,#7565);
#7565 = SURFACE_SIDE_STYLE('',(#7566));
#7566 = SURFACE_STYLE_FILL_AREA(#7567);
#7567 = FILL_AREA_STYLE('',(#7568));
#7568 = FILL_AREA_STYLE_COLOUR('',#7141);
#7569 = STYLED_ITEM('color',(#7570),#2745);
#7570 = PRESENTATION_STYLE_ASSIGNMENT((#7571));
#7571 = SURFACE_STYLE_USAGE(.BOTH.,#7572);
#7572 = SURFACE_SIDE_STYLE('',(#7573));
#7573 = SURFACE_STYLE_FILL_AREA(#7574);
#7574 = FILL_AREA_STYLE('',(#7575));
#7575 = FILL_AREA_STYLE_COLOUR('',#7141);
#7576 = STYLED_ITEM('color',(#7577),#2757);
#7577 = PRESENTATION_STYLE_ASSIGNMENT((#7578));
#7578 = SURFACE_STYLE_USAGE(.BOTH.,#7579);
#7579 = SURFACE_SIDE_STYLE('',(#7580));
#7580 = SURFACE_STYLE_FILL_AREA(#7581);
#7581 = FILL_AREA_STYLE('',(#7582));
#7582 = FILL_AREA_STYLE_COLOUR('',#7141);
#7583 = STYLED_ITEM('color',(#7584),#2769);
#7584 = PRESENTATION_STYLE_ASSIGNMENT((#7585));
#7585 = SURFACE_STYLE_USAGE(.BOTH.,#7586);
#7586 = SURFACE_SIDE_STYLE('',(#7587));
#7587 = SURFACE_STYLE_FILL_AREA(#7588);
#7588 = FILL_AREA_STYLE('',(#7589));
#7589 = FILL_AREA_STYLE_COLOUR('',#7141);
#7590 = STYLED_ITEM('color',(#7591),#2786);
#7591 = PRESENTATION_STYLE_ASSIGNMENT((#7592));
#7592 = SURFACE_STYLE_USAGE(.BOTH.,#7593);
#7593 = SURFACE_SIDE_STYLE('',(#7594));
#7594 = SURFACE_STYLE_FILL_AREA(#7595);
#7595 = FILL_AREA_STYLE('',(#7596));
#7596 = FILL_AREA_STYLE_COLOUR('',#7141);
#7597 = STYLED_ITEM('color',(#7598),#2803);
#7598 = PRESENTATION_STYLE_ASSIGNMENT((#7599));
#7599 = SURFACE_STYLE_USAGE(.BOTH.,#7600);
#7600 = SURFACE_SIDE_STYLE('',(#7601));
#7601 = SURFACE_STYLE_FILL_AREA(#7602);
#7602 = FILL_AREA_STYLE('',(#7603));
#7603 = FILL_AREA_STYLE_COLOUR('',#7141);
#7604 = STYLED_ITEM('color',(#7605),#2815);
#7605 = PRESENTATION_STYLE_ASSIGNMENT((#7606));
#7606 = SURFACE_STYLE_USAGE(.BOTH.,#7607);
#7607 = SURFACE_SIDE_STYLE('',(#7608));
#7608 = SURFACE_STYLE_FILL_AREA(#7609);
#7609 = FILL_AREA_STYLE('',(#7610));
#7610 = FILL_AREA_STYLE_COLOUR('',#7141);
#7611 = STYLED_ITEM('color',(#7612),#2846);
#7612 = PRESENTATION_STYLE_ASSIGNMENT((#7613));
#7613 = SURFACE_STYLE_USAGE(.BOTH.,#7614);
#7614 = SURFACE_SIDE_STYLE('',(#7615));
#7615 = SURFACE_STYLE_FILL_AREA(#7616);
#7616 = FILL_AREA_STYLE('',(#7617));
#7617 = FILL_AREA_STYLE_COLOUR('',#7141);
#7618 = STYLED_ITEM('color',(#7619),#2870);
#7619 = PRESENTATION_STYLE_ASSIGNMENT((#7620));
#7620 = SURFACE_STYLE_USAGE(.BOTH.,#7621);
#7621 = SURFACE_SIDE_STYLE('',(#7622));
#7622 = SURFACE_STYLE_FILL_AREA(#7623);
#7623 = FILL_AREA_STYLE('',(#7624));
#7624 = FILL_AREA_STYLE_COLOUR('',#7141);
#7625 = STYLED_ITEM('color',(#7626),#2894);
#7626 = PRESENTATION_STYLE_ASSIGNMENT((#7627));
#7627 = SURFACE_STYLE_USAGE(.BOTH.,#7628);
#7628 = SURFACE_SIDE_STYLE('',(#7629));
#7629 = SURFACE_STYLE_FILL_AREA(#7630);
#7630 = FILL_AREA_STYLE('',(#7631));
#7631 = FILL_AREA_STYLE_COLOUR('',#7141);
#7632 = STYLED_ITEM('color',(#7633),#2911);
#7633 = PRESENTATION_STYLE_ASSIGNMENT((#7634));
#7634 = SURFACE_STYLE_USAGE(.BOTH.,#7635);
#7635 = SURFACE_SIDE_STYLE('',(#7636));
#7636 = SURFACE_STYLE_FILL_AREA(#7637);
#7637 = FILL_AREA_STYLE('',(#7638));
#7638 = FILL_AREA_STYLE_COLOUR('',#7141);
#7639 = STYLED_ITEM('color',(#7640),#2942);
#7640 = PRESENTATION_STYLE_ASSIGNMENT((#7641));
#7641 = SURFACE_STYLE_USAGE(.BOTH.,#7642);
#7642 = SURFACE_SIDE_STYLE('',(#7643));
#7643 = SURFACE_STYLE_FILL_AREA(#7644);
#7644 = FILL_AREA_STYLE('',(#7645));
#7645 = FILL_AREA_STYLE_COLOUR('',#7141);
#7646 = STYLED_ITEM('color',(#7647),#2966);
#7647 = PRESENTATION_STYLE_ASSIGNMENT((#7648));
#7648 = SURFACE_STYLE_USAGE(.BOTH.,#7649);
#7649 = SURFACE_SIDE_STYLE('',(#7650));
#7650 = SURFACE_STYLE_FILL_AREA(#7651);
#7651 = FILL_AREA_STYLE('',(#7652));
#7652 = FILL_AREA_STYLE_COLOUR('',#7141);
#7653 = STYLED_ITEM('color',(#7654),#2990);
#7654 = PRESENTATION_STYLE_ASSIGNMENT((#7655));
#7655 = SURFACE_STYLE_USAGE(.BOTH.,#7656);
#7656 = SURFACE_SIDE_STYLE('',(#7657));
#7657 = SURFACE_STYLE_FILL_AREA(#7658);
#7658 = FILL_AREA_STYLE('',(#7659));
#7659 = FILL_AREA_STYLE_COLOUR('',#7141);
#7660 = STYLED_ITEM('color',(#7661),#3007);
#7661 = PRESENTATION_STYLE_ASSIGNMENT((#7662));
#7662 = SURFACE_STYLE_USAGE(.BOTH.,#7663);
#7663 = SURFACE_SIDE_STYLE('',(#7664));
#7664 = SURFACE_STYLE_FILL_AREA(#7665);
#7665 = FILL_AREA_STYLE('',(#7666));
#7666 = FILL_AREA_STYLE_COLOUR('',#7141);
#7667 = STYLED_ITEM('color',(#7668),#3038);
#7668 = PRESENTATION_STYLE_ASSIGNMENT((#7669));
#7669 = SURFACE_STYLE_USAGE(.BOTH.,#7670);
#7670 = SURFACE_SIDE_STYLE('',(#7671));
#7671 = SURFACE_STYLE_FILL_AREA(#7672);
#7672 = FILL_AREA_STYLE('',(#7673));
#7673 = FILL_AREA_STYLE_COLOUR('',#7141);
#7674 = STYLED_ITEM('color',(#7675),#3062);
#7675 = PRESENTATION_STYLE_ASSIGNMENT((#7676));
#7676 = SURFACE_STYLE_USAGE(.BOTH.,#7677);
#7677 = SURFACE_SIDE_STYLE('',(#7678));
#7678 = SURFACE_STYLE_FILL_AREA(#7679);
#7679 = FILL_AREA_STYLE('',(#7680));
#7680 = FILL_AREA_STYLE_COLOUR('',#7141);
#7681 = STYLED_ITEM('color',(#7682),#3086);
#7682 = PRESENTATION_STYLE_ASSIGNMENT((#7683));
#7683 = SURFACE_STYLE_USAGE(.BOTH.,#7684);
#7684 = SURFACE_SIDE_STYLE('',(#7685));
#7685 = SURFACE_STYLE_FILL_AREA(#7686);
#7686 = FILL_AREA_STYLE('',(#7687));
#7687 = FILL_AREA_STYLE_COLOUR('',#7141);
#7688 = STYLED_ITEM('color',(#7689),#3103);
#7689 = PRESENTATION_STYLE_ASSIGNMENT((#7690));
#7690 = SURFACE_STYLE_USAGE(.BOTH.,#7691);
#7691 = SURFACE_SIDE_STYLE('',(#7692));
#7692 = SURFACE_STYLE_FILL_AREA(#7693);
#7693 = FILL_AREA_STYLE('',(#7694));
#7694 = FILL_AREA_STYLE_COLOUR('',#7141);
#7695 = STYLED_ITEM('color',(#7696),#3115);
#7696 = PRESENTATION_STYLE_ASSIGNMENT((#7697));
#7697 = SURFACE_STYLE_USAGE(.BOTH.,#7698);
#7698 = SURFACE_SIDE_STYLE('',(#7699));
#7699 = SURFACE_STYLE_FILL_AREA(#7700);
#7700 = FILL_AREA_STYLE('',(#7701));
#7701 = FILL_AREA_STYLE_COLOUR('',#7141);
#7702 = STYLED_ITEM('color',(#7703),#3127);
#7703 = PRESENTATION_STYLE_ASSIGNMENT((#7704));
#7704 = SURFACE_STYLE_USAGE(.BOTH.,#7705);
#7705 = SURFACE_SIDE_STYLE('',(#7706));
#7706 = SURFACE_STYLE_FILL_AREA(#7707);
#7707 = FILL_AREA_STYLE('',(#7708));
#7708 = FILL_AREA_STYLE_COLOUR('',#7141);
ENDSEC;
END-ISO-10303-21;
