ISO-10303-21;
HEADER;
FILE_DESCRIPTION(('KiCad electronic assembly'),'2;1');
FILE_NAME('microphone.step','2026-10-08T11:51:06',('Pcbnew'),('Kicad'),
  'Open CASCADE STEP processor 7.9','KiCad to STEP converter','Unknown'
  );
FILE_SCHEMA(('AUTOMOTIVE_DESIGN { 1 0 10303 214 1 1 1 1 }'));
ENDSEC;
DATA;
#1 = APPLICATION_PROTOCOL_DEFINITION('international standard',
  'automotive_design',2000,#2);
#2 = APPLICATION_CONTEXT(
  'core data for automotive mechanical design processes');
#3 = SHAPE_DEFINITION_REPRESENTATION(#4,#10);
#4 = PRODUCT_DEFINITION_SHAPE('','',#5);
#5 = PRODUCT_DEFINITION('design','',#6,#9);
#6 = PRODUCT_DEFINITION_FORMATION('','',#7);
#7 = PRODUCT('microphone 1','microphone 1','',(#8));
#8 = PRODUCT_CONTEXT('',#2,'mechanical');
#9 = PRODUCT_DEFINITION_CONTEXT('part definition',#2,'design');
#10 = SHAPE_REPRESENTATION('',(#11,#15,#19,#23,#27,#31,#35,#39,#43,#47,
    #51,#55,#59,#63,#67,#71,#75,#79,#83,#87,#91),#95);
#11 = AXIS2_PLACEMENT_3D('',#12,#13,#14);
#12 = CARTESIAN_POINT('',(0.,0.,0.));
#13 = DIRECTION('',(0.,0.,1.));
#14 = DIRECTION('',(1.,0.,-0.));
#15 = AXIS2_PLACEMENT_3D('',#16,#17,#18);
#16 = CARTESIAN_POINT('',(56.,-83.,1.595));
#17 = DIRECTION('',(0.,0.,1.));
#18 = DIRECTION('',(1.,0.,0.));
#19 = AXIS2_PLACEMENT_3D('',#20,#21,#22);
#20 = CARTESIAN_POINT('',(67.54,-92.,1.595));
#21 = DIRECTION('',(0.,0.,1.));
#22 = DIRECTION('',(1.,0.,0.));
#23 = AXIS2_PLACEMENT_3D('',#24,#25,#26);
#24 = CARTESIAN_POINT('',(65.,-92.,1.595));
#25 = DIRECTION('',(0.,0.,1.));
#26 = DIRECTION('',(1.,0.,0.));
#27 = AXIS2_PLACEMENT_3D('',#28,#29,#30);
#28 = CARTESIAN_POINT('',(56.,-77.,1.595));
#29 = DIRECTION('',(0.,0.,1.));
#30 = DIRECTION('',(1.,0.,0.));
#31 = AXIS2_PLACEMENT_3D('',#32,#33,#34);
#32 = CARTESIAN_POINT('',(67.5,-79.2,1.595));
#33 = DIRECTION('',(0.,-0.,1.));
#34 = DIRECTION('',(1.110223024625E-16,1.,0.));
#35 = AXIS2_PLACEMENT_3D('',#36,#37,#38);
#36 = CARTESIAN_POINT('',(66.,-89.,1.595));
#37 = DIRECTION('',(0.,0.,1.));
#38 = DIRECTION('',(1.,0.,0.));
#39 = AXIS2_PLACEMENT_3D('',#40,#41,#42);
#40 = CARTESIAN_POINT('',(60.5,-73.5,1.595));
#41 = DIRECTION('',(0.,0.,1.));
#42 = DIRECTION('',(1.,0.,0.));
#43 = AXIS2_PLACEMENT_3D('',#44,#45,#46);
#44 = CARTESIAN_POINT('',(66.,-86.5,1.595));
#45 = DIRECTION('',(0.,0.,1.));
#46 = DIRECTION('',(1.,0.,0.));
#47 = AXIS2_PLACEMENT_3D('',#48,#49,#50);
#48 = CARTESIAN_POINT('',(64.5,-82.,1.595));
#49 = DIRECTION('',(0.,0.,1.));
#50 = DIRECTION('',(1.,0.,0.));
#51 = AXIS2_PLACEMENT_3D('',#52,#53,#54);
#52 = CARTESIAN_POINT('',(54.5,-91.,1.595));
#53 = DIRECTION('',(0.,-0.,1.));
#54 = DIRECTION('',(1.110223024625E-16,1.,0.));
#55 = AXIS2_PLACEMENT_3D('',#56,#57,#58);
#56 = CARTESIAN_POINT('',(57.5,-96.8,1.595));
#57 = DIRECTION('',(0.,0.,1.));
#58 = DIRECTION('',(1.,0.,0.));
#59 = AXIS2_PLACEMENT_3D('',#60,#61,#62);
#60 = CARTESIAN_POINT('',(60.,-81.2,1.595));
#61 = DIRECTION('',(0.,0.,1.));
#62 = DIRECTION('',(1.,0.,0.));
#63 = AXIS2_PLACEMENT_3D('',#64,#65,#66);
#64 = CARTESIAN_POINT('',(54.5,-86.,1.595));
#65 = DIRECTION('',(0.,-0.,1.));
#66 = DIRECTION('',(1.110223024625E-16,1.,0.));
#67 = AXIS2_PLACEMENT_3D('',#68,#69,#70);
#68 = CARTESIAN_POINT('',(60.5,-78.5,1.595));
#69 = DIRECTION('',(0.,0.,1.));
#70 = DIRECTION('',(1.,0.,0.));
#71 = AXIS2_PLACEMENT_3D('',#72,#73,#74);
#72 = CARTESIAN_POINT('',(60.5,-76.,1.595));
#73 = DIRECTION('',(0.,0.,1.));
#74 = DIRECTION('',(1.,0.,0.));
#75 = AXIS2_PLACEMENT_3D('',#76,#77,#78);
#76 = CARTESIAN_POINT('',(67.6,-72.5,1.595));
#77 = DIRECTION('',(0.,-0.,1.));
#78 = DIRECTION('',(1.110223024625E-16,1.,0.));
#79 = AXIS2_PLACEMENT_3D('',#80,#81,#82);
#80 = CARTESIAN_POINT('',(56.,-74.,1.595));
#81 = DIRECTION('',(0.,0.,1.));
#82 = DIRECTION('',(1.,0.,0.));
#83 = AXIS2_PLACEMENT_3D('',#84,#85,#86);
#84 = CARTESIAN_POINT('',(56.,-80.,1.595));
#85 = DIRECTION('',(0.,0.,1.));
#86 = DIRECTION('',(1.,0.,0.));
#87 = AXIS2_PLACEMENT_3D('',#88,#89,#90);
#88 = CARTESIAN_POINT('',(60.5,-83.,1.595));
#89 = DIRECTION('',(0.,0.,1.));
#90 = DIRECTION('',(1.,0.,0.));
#91 = AXIS2_PLACEMENT_3D('',#92,#93,#94);
#92 = CARTESIAN_POINT('',(0.,0.,0.));
#93 = DIRECTION('',(0.,0.,1.));
#94 = DIRECTION('',(1.,0.,-0.));
#95 = ( GEOMETRIC_REPRESENTATION_CONTEXT(3) 
GLOBAL_UNCERTAINTY_ASSIGNED_CONTEXT((#99)) GLOBAL_UNIT_ASSIGNED_CONTEXT(
(#96,#97,#98)) REPRESENTATION_CONTEXT('Context #1',
  '3D Context with UNIT and UNCERTAINTY') );
#96 = ( LENGTH_UNIT() NAMED_UNIT(*) SI_UNIT(.MILLI.,.METRE.) );
#97 = ( NAMED_UNIT(*) PLANE_ANGLE_UNIT() SI_UNIT($,.RADIAN.) );
#98 = ( NAMED_UNIT(*) SI_UNIT($,.STERADIAN.) SOLID_ANGLE_UNIT() );
#99 = UNCERTAINTY_MEASURE_WITH_UNIT(LENGTH_MEASURE(1.E-07),#96,
  'distance_accuracy_value','confusion accuracy');
#100 = PRODUCT_RELATED_PRODUCT_CATEGORY('part',$,(#7));
#101 = SHAPE_DEFINITION_REPRESENTATION(#102,#108);
#102 = PRODUCT_DEFINITION_SHAPE('','',#103);
#103 = PRODUCT_DEFINITION('design','',#104,#107);
#104 = PRODUCT_DEFINITION_FORMATION('','',#105);
#105 = PRODUCT('R_0603_1608Metric','R_0603_1608Metric','',(#106));
#106 = PRODUCT_CONTEXT('',#2,'mechanical');
#107 = PRODUCT_DEFINITION_CONTEXT('part definition',#2,'design');
#108 = ADVANCED_BREP_SHAPE_REPRESENTATION('',(#11,#109),#899);
#109 = MANIFOLD_SOLID_BREP('',#110);
#110 = CLOSED_SHELL('',(#111,#151,#234,#259,#284,#351,#368,#385,#434,
    #451,#468,#517,#534,#603,#634,#658,#727,#751,#768,#785,#802,#819,
    #836,#853,#870,#887));
#111 = ADVANCED_FACE('',(#112),#146,.F.);
#112 = FACE_BOUND('',#113,.F.);
#113 = EDGE_LOOP('',(#114,#124,#132,#140));
#114 = ORIENTED_EDGE('',*,*,#115,.F.);
#115 = EDGE_CURVE('',#116,#118,#120,.T.);
#116 = VERTEX_POINT('',#117);
#117 = CARTESIAN_POINT('',(-0.8,-0.4,4.5E-02));
#118 = VERTEX_POINT('',#119);
#119 = CARTESIAN_POINT('',(-0.8,-0.4,0.405));
#120 = LINE('',#121,#122);
#121 = CARTESIAN_POINT('',(-0.8,-0.4,0.));
#122 = VECTOR('',#123,1.);
#123 = DIRECTION('',(0.,0.,1.));
#124 = ORIENTED_EDGE('',*,*,#125,.T.);
#125 = EDGE_CURVE('',#116,#126,#128,.T.);
#126 = VERTEX_POINT('',#127);
#127 = CARTESIAN_POINT('',(-0.8,0.4,4.5E-02));
#128 = LINE('',#129,#130);
#129 = CARTESIAN_POINT('',(-0.8,-0.4,4.5E-02));
#130 = VECTOR('',#131,1.);
#131 = DIRECTION('',(0.,1.,0.));
#132 = ORIENTED_EDGE('',*,*,#133,.T.);
#133 = EDGE_CURVE('',#126,#134,#136,.T.);
#134 = VERTEX_POINT('',#135);
#135 = CARTESIAN_POINT('',(-0.8,0.4,0.405));
#136 = LINE('',#137,#138);
#137 = CARTESIAN_POINT('',(-0.8,0.4,0.));
#138 = VECTOR('',#139,1.);
#139 = DIRECTION('',(0.,0.,1.));
#140 = ORIENTED_EDGE('',*,*,#141,.F.);
#141 = EDGE_CURVE('',#118,#134,#142,.T.);
#142 = LINE('',#143,#144);
#143 = CARTESIAN_POINT('',(-0.8,-0.4,0.405));
#144 = VECTOR('',#145,1.);
#145 = DIRECTION('',(0.,1.,0.));
#146 = PLANE('',#147);
#147 = AXIS2_PLACEMENT_3D('',#148,#149,#150);
#148 = CARTESIAN_POINT('',(-0.8,-0.4,0.));
#149 = DIRECTION('',(1.,0.,0.));
#150 = DIRECTION('',(0.,0.,1.));
#151 = ADVANCED_FACE('',(#152),#229,.F.);
#152 = FACE_BOUND('',#153,.F.);
#153 = EDGE_LOOP('',(#154,#164,#171,#172,#181,#189,#198,#206,#214,#222)
  );
#154 = ORIENTED_EDGE('',*,*,#155,.F.);
#155 = EDGE_CURVE('',#156,#158,#160,.T.);
#156 = VERTEX_POINT('',#157);
#157 = CARTESIAN_POINT('',(-0.755,-0.4,-2.775557561563E-17));
#158 = VERTEX_POINT('',#159);
#159 = CARTESIAN_POINT('',(-0.545,-0.4,-2.775557561563E-17));
#160 = LINE('',#161,#162);
#161 = CARTESIAN_POINT('',(-0.8,-0.4,0.));
#162 = VECTOR('',#163,1.);
#163 = DIRECTION('',(1.,0.,0.));
#164 = ORIENTED_EDGE('',*,*,#165,.F.);
#165 = EDGE_CURVE('',#116,#156,#166,.T.);
#166 = CIRCLE('',#167,4.5E-02);
#167 = AXIS2_PLACEMENT_3D('',#168,#169,#170);
#168 = CARTESIAN_POINT('',(-0.755,-0.4,4.5E-02));
#169 = DIRECTION('',(0.,-1.,0.));
#170 = DIRECTION('',(0.,0.,1.));
#171 = ORIENTED_EDGE('',*,*,#115,.T.);
#172 = ORIENTED_EDGE('',*,*,#173,.T.);
#173 = EDGE_CURVE('',#118,#174,#176,.T.);
#174 = VERTEX_POINT('',#175);
#175 = CARTESIAN_POINT('',(-0.755,-0.4,0.45));
#176 = CIRCLE('',#177,4.5E-02);
#177 = AXIS2_PLACEMENT_3D('',#178,#179,#180);
#178 = CARTESIAN_POINT('',(-0.755,-0.4,0.405));
#179 = DIRECTION('',(0.,1.,0.));
#180 = DIRECTION('',(0.,-0.,1.));
#181 = ORIENTED_EDGE('',*,*,#182,.T.);
#182 = EDGE_CURVE('',#174,#183,#185,.T.);
#183 = VERTEX_POINT('',#184);
#184 = CARTESIAN_POINT('',(-0.545,-0.4,0.45));
#185 = LINE('',#186,#187);
#186 = CARTESIAN_POINT('',(-0.8,-0.4,0.45));
#187 = VECTOR('',#188,1.);
#188 = DIRECTION('',(1.,0.,0.));
#189 = ORIENTED_EDGE('',*,*,#190,.F.);
#190 = EDGE_CURVE('',#191,#183,#193,.T.);
#191 = VERTEX_POINT('',#192);
#192 = CARTESIAN_POINT('',(-0.5,-0.4,0.405));
#193 = CIRCLE('',#194,4.5E-02);
#194 = AXIS2_PLACEMENT_3D('',#195,#196,#197);
#195 = CARTESIAN_POINT('',(-0.545,-0.4,0.405));
#196 = DIRECTION('',(0.,-1.,0.));
#197 = DIRECTION('',(0.,0.,1.));
#198 = ORIENTED_EDGE('',*,*,#199,.F.);
#199 = EDGE_CURVE('',#200,#191,#202,.T.);
#200 = VERTEX_POINT('',#201);
#201 = CARTESIAN_POINT('',(-0.755,-0.4,0.405));
#202 = LINE('',#203,#204);
#203 = CARTESIAN_POINT('',(-0.755,-0.4,0.405));
#204 = VECTOR('',#205,1.);
#205 = DIRECTION('',(1.,0.,0.));
#206 = ORIENTED_EDGE('',*,*,#207,.F.);
#207 = EDGE_CURVE('',#208,#200,#210,.T.);
#208 = VERTEX_POINT('',#209);
#209 = CARTESIAN_POINT('',(-0.755,-0.4,4.5E-02));
#210 = LINE('',#211,#212);
#211 = CARTESIAN_POINT('',(-0.755,-0.4,4.5E-02));
#212 = VECTOR('',#213,1.);
#213 = DIRECTION('',(0.,0.,1.));
#214 = ORIENTED_EDGE('',*,*,#215,.T.);
#215 = EDGE_CURVE('',#208,#216,#218,.T.);
#216 = VERTEX_POINT('',#217);
#217 = CARTESIAN_POINT('',(-0.5,-0.4,4.5E-02));
#218 = LINE('',#219,#220);
#219 = CARTESIAN_POINT('',(-0.755,-0.4,4.5E-02));
#220 = VECTOR('',#221,1.);
#221 = DIRECTION('',(1.,0.,0.));
#222 = ORIENTED_EDGE('',*,*,#223,.T.);
#223 = EDGE_CURVE('',#216,#158,#224,.T.);
#224 = CIRCLE('',#225,4.5E-02);
#225 = AXIS2_PLACEMENT_3D('',#226,#227,#228);
#226 = CARTESIAN_POINT('',(-0.545,-0.4,4.5E-02));
#227 = DIRECTION('',(0.,1.,0.));
#228 = DIRECTION('',(0.,-0.,1.));
#229 = PLANE('',#230);
#230 = AXIS2_PLACEMENT_3D('',#231,#232,#233);
#231 = CARTESIAN_POINT('',(-0.8,-0.4,0.));
#232 = DIRECTION('',(0.,1.,0.));
#233 = DIRECTION('',(0.,-0.,1.));
#234 = ADVANCED_FACE('',(#235),#254,.T.);
#235 = FACE_BOUND('',#236,.T.);
#236 = EDGE_LOOP('',(#237,#238,#247,#253));
#237 = ORIENTED_EDGE('',*,*,#125,.T.);
#238 = ORIENTED_EDGE('',*,*,#239,.T.);
#239 = EDGE_CURVE('',#126,#240,#242,.T.);
#240 = VERTEX_POINT('',#241);
#241 = CARTESIAN_POINT('',(-0.755,0.4,-2.775557561563E-17));
#242 = CIRCLE('',#243,4.5E-02);
#243 = AXIS2_PLACEMENT_3D('',#244,#245,#246);
#244 = CARTESIAN_POINT('',(-0.755,0.4,4.5E-02));
#245 = DIRECTION('',(0.,-1.,0.));
#246 = DIRECTION('',(0.,0.,1.));
#247 = ORIENTED_EDGE('',*,*,#248,.F.);
#248 = EDGE_CURVE('',#156,#240,#249,.T.);
#249 = LINE('',#250,#251);
#250 = CARTESIAN_POINT('',(-0.755,-0.4,-2.775557561563E-17));
#251 = VECTOR('',#252,1.);
#252 = DIRECTION('',(0.,1.,0.));
#253 = ORIENTED_EDGE('',*,*,#165,.F.);
#254 = CYLINDRICAL_SURFACE('',#255,4.5E-02);
#255 = AXIS2_PLACEMENT_3D('',#256,#257,#258);
#256 = CARTESIAN_POINT('',(-0.755,-0.4,4.5E-02));
#257 = DIRECTION('',(0.,1.,0.));
#258 = DIRECTION('',(-1.,0.,0.));
#259 = ADVANCED_FACE('',(#260),#279,.T.);
#260 = FACE_BOUND('',#261,.T.);
#261 = EDGE_LOOP('',(#262,#263,#271,#278));
#262 = ORIENTED_EDGE('',*,*,#173,.T.);
#263 = ORIENTED_EDGE('',*,*,#264,.T.);
#264 = EDGE_CURVE('',#174,#265,#267,.T.);
#265 = VERTEX_POINT('',#266);
#266 = CARTESIAN_POINT('',(-0.755,0.4,0.45));
#267 = LINE('',#268,#269);
#268 = CARTESIAN_POINT('',(-0.755,-0.4,0.45));
#269 = VECTOR('',#270,1.);
#270 = DIRECTION('',(0.,1.,0.));
#271 = ORIENTED_EDGE('',*,*,#272,.F.);
#272 = EDGE_CURVE('',#134,#265,#273,.T.);
#273 = CIRCLE('',#274,4.5E-02);
#274 = AXIS2_PLACEMENT_3D('',#275,#276,#277);
#275 = CARTESIAN_POINT('',(-0.755,0.4,0.405));
#276 = DIRECTION('',(0.,1.,0.));
#277 = DIRECTION('',(0.,-0.,1.));
#278 = ORIENTED_EDGE('',*,*,#141,.F.);
#279 = CYLINDRICAL_SURFACE('',#280,4.5E-02);
#280 = AXIS2_PLACEMENT_3D('',#281,#282,#283);
#281 = CARTESIAN_POINT('',(-0.755,-0.4,0.405));
#282 = DIRECTION('',(0.,1.,0.));
#283 = DIRECTION('',(-1.,0.,0.));
#284 = ADVANCED_FACE('',(#285),#346,.T.);
#285 = FACE_BOUND('',#286,.T.);
#286 = EDGE_LOOP('',(#287,#295,#296,#297,#298,#306,#315,#323,#331,#339)
  );
#287 = ORIENTED_EDGE('',*,*,#288,.F.);
#288 = EDGE_CURVE('',#240,#289,#291,.T.);
#289 = VERTEX_POINT('',#290);
#290 = CARTESIAN_POINT('',(-0.545,0.4,-2.775557561563E-17));
#291 = LINE('',#292,#293);
#292 = CARTESIAN_POINT('',(-0.8,0.4,0.));
#293 = VECTOR('',#294,1.);
#294 = DIRECTION('',(1.,0.,0.));
#295 = ORIENTED_EDGE('',*,*,#239,.F.);
#296 = ORIENTED_EDGE('',*,*,#133,.T.);
#297 = ORIENTED_EDGE('',*,*,#272,.T.);
#298 = ORIENTED_EDGE('',*,*,#299,.T.);
#299 = EDGE_CURVE('',#265,#300,#302,.T.);
#300 = VERTEX_POINT('',#301);
#301 = CARTESIAN_POINT('',(-0.545,0.4,0.45));
#302 = LINE('',#303,#304);
#303 = CARTESIAN_POINT('',(-0.8,0.4,0.45));
#304 = VECTOR('',#305,1.);
#305 = DIRECTION('',(1.,0.,0.));
#306 = ORIENTED_EDGE('',*,*,#307,.F.);
#307 = EDGE_CURVE('',#308,#300,#310,.T.);
#308 = VERTEX_POINT('',#309);
#309 = CARTESIAN_POINT('',(-0.5,0.4,0.405));
#310 = CIRCLE('',#311,4.5E-02);
#311 = AXIS2_PLACEMENT_3D('',#312,#313,#314);
#312 = CARTESIAN_POINT('',(-0.545,0.4,0.405));
#313 = DIRECTION('',(0.,-1.,0.));
#314 = DIRECTION('',(0.,0.,1.));
#315 = ORIENTED_EDGE('',*,*,#316,.F.);
#316 = EDGE_CURVE('',#317,#308,#319,.T.);
#317 = VERTEX_POINT('',#318);
#318 = CARTESIAN_POINT('',(-0.755,0.4,0.405));
#319 = LINE('',#320,#321);
#320 = CARTESIAN_POINT('',(-0.755,0.4,0.405));
#321 = VECTOR('',#322,1.);
#322 = DIRECTION('',(1.,0.,0.));
#323 = ORIENTED_EDGE('',*,*,#324,.F.);
#324 = EDGE_CURVE('',#325,#317,#327,.T.);
#325 = VERTEX_POINT('',#326);
#326 = CARTESIAN_POINT('',(-0.755,0.4,4.5E-02));
#327 = LINE('',#328,#329);
#328 = CARTESIAN_POINT('',(-0.755,0.4,4.5E-02));
#329 = VECTOR('',#330,1.);
#330 = DIRECTION('',(0.,0.,1.));
#331 = ORIENTED_EDGE('',*,*,#332,.T.);
#332 = EDGE_CURVE('',#325,#333,#335,.T.);
#333 = VERTEX_POINT('',#334);
#334 = CARTESIAN_POINT('',(-0.5,0.4,4.5E-02));
#335 = LINE('',#336,#337);
#336 = CARTESIAN_POINT('',(-0.755,0.4,4.5E-02));
#337 = VECTOR('',#338,1.);
#338 = DIRECTION('',(1.,0.,0.));
#339 = ORIENTED_EDGE('',*,*,#340,.T.);
#340 = EDGE_CURVE('',#333,#289,#341,.T.);
#341 = CIRCLE('',#342,4.5E-02);
#342 = AXIS2_PLACEMENT_3D('',#343,#344,#345);
#343 = CARTESIAN_POINT('',(-0.545,0.4,4.5E-02));
#344 = DIRECTION('',(0.,1.,0.));
#345 = DIRECTION('',(0.,-0.,1.));
#346 = PLANE('',#347);
#347 = AXIS2_PLACEMENT_3D('',#348,#349,#350);
#348 = CARTESIAN_POINT('',(-0.8,0.4,0.));
#349 = DIRECTION('',(0.,1.,0.));
#350 = DIRECTION('',(0.,-0.,1.));
#351 = ADVANCED_FACE('',(#352),#363,.F.);
#352 = FACE_BOUND('',#353,.F.);
#353 = EDGE_LOOP('',(#354,#355,#356,#357));
#354 = ORIENTED_EDGE('',*,*,#288,.F.);
#355 = ORIENTED_EDGE('',*,*,#248,.F.);
#356 = ORIENTED_EDGE('',*,*,#155,.T.);
#357 = ORIENTED_EDGE('',*,*,#358,.T.);
#358 = EDGE_CURVE('',#158,#289,#359,.T.);
#359 = LINE('',#360,#361);
#360 = CARTESIAN_POINT('',(-0.545,-0.4,-2.775557561563E-17));
#361 = VECTOR('',#362,1.);
#362 = DIRECTION('',(0.,1.,0.));
#363 = PLANE('',#364);
#364 = AXIS2_PLACEMENT_3D('',#365,#366,#367);
#365 = CARTESIAN_POINT('',(-0.8,-0.4,0.));
#366 = DIRECTION('',(0.,0.,1.));
#367 = DIRECTION('',(1.,0.,-0.));
#368 = ADVANCED_FACE('',(#369),#380,.T.);
#369 = FACE_BOUND('',#370,.T.);
#370 = EDGE_LOOP('',(#371,#372,#373,#374));
#371 = ORIENTED_EDGE('',*,*,#223,.T.);
#372 = ORIENTED_EDGE('',*,*,#358,.T.);
#373 = ORIENTED_EDGE('',*,*,#340,.F.);
#374 = ORIENTED_EDGE('',*,*,#375,.F.);
#375 = EDGE_CURVE('',#216,#333,#376,.T.);
#376 = LINE('',#377,#378);
#377 = CARTESIAN_POINT('',(-0.5,-0.4,4.5E-02));
#378 = VECTOR('',#379,1.);
#379 = DIRECTION('',(0.,1.,0.));
#380 = CYLINDRICAL_SURFACE('',#381,4.5E-02);
#381 = AXIS2_PLACEMENT_3D('',#382,#383,#384);
#382 = CARTESIAN_POINT('',(-0.545,-0.4,4.5E-02));
#383 = DIRECTION('',(0.,1.,0.));
#384 = DIRECTION('',(1.,0.,0.));
#385 = ADVANCED_FACE('',(#386),#429,.F.);
#386 = FACE_BOUND('',#387,.F.);
#387 = EDGE_LOOP('',(#388,#389,#390,#391,#399,#407,#415,#423));
#388 = ORIENTED_EDGE('',*,*,#215,.F.);
#389 = ORIENTED_EDGE('',*,*,#207,.T.);
#390 = ORIENTED_EDGE('',*,*,#199,.T.);
#391 = ORIENTED_EDGE('',*,*,#392,.T.);
#392 = EDGE_CURVE('',#191,#393,#395,.T.);
#393 = VERTEX_POINT('',#394);
#394 = CARTESIAN_POINT('',(0.5,-0.4,0.405));
#395 = LINE('',#396,#397);
#396 = CARTESIAN_POINT('',(-0.5,-0.4,0.405));
#397 = VECTOR('',#398,1.);
#398 = DIRECTION('',(1.,0.,0.));
#399 = ORIENTED_EDGE('',*,*,#400,.T.);
#400 = EDGE_CURVE('',#393,#401,#403,.T.);
#401 = VERTEX_POINT('',#402);
#402 = CARTESIAN_POINT('',(0.755,-0.4,0.405));
#403 = LINE('',#404,#405);
#404 = CARTESIAN_POINT('',(-0.755,-0.4,0.405));
#405 = VECTOR('',#406,1.);
#406 = DIRECTION('',(1.,0.,0.));
#407 = ORIENTED_EDGE('',*,*,#408,.F.);
#408 = EDGE_CURVE('',#409,#401,#411,.T.);
#409 = VERTEX_POINT('',#410);
#410 = CARTESIAN_POINT('',(0.755,-0.4,4.5E-02));
#411 = LINE('',#412,#413);
#412 = CARTESIAN_POINT('',(0.755,-0.4,4.5E-02));
#413 = VECTOR('',#414,1.);
#414 = DIRECTION('',(0.,0.,1.));
#415 = ORIENTED_EDGE('',*,*,#416,.F.);
#416 = EDGE_CURVE('',#417,#409,#419,.T.);
#417 = VERTEX_POINT('',#418);
#418 = CARTESIAN_POINT('',(0.5,-0.4,4.5E-02));
#419 = LINE('',#420,#421);
#420 = CARTESIAN_POINT('',(-0.755,-0.4,4.5E-02));
#421 = VECTOR('',#422,1.);
#422 = DIRECTION('',(1.,0.,0.));
#423 = ORIENTED_EDGE('',*,*,#424,.F.);
#424 = EDGE_CURVE('',#216,#417,#425,.T.);
#425 = LINE('',#426,#427);
#426 = CARTESIAN_POINT('',(-0.755,-0.4,4.5E-02));
#427 = VECTOR('',#428,1.);
#428 = DIRECTION('',(1.,0.,0.));
#429 = PLANE('',#430);
#430 = AXIS2_PLACEMENT_3D('',#431,#432,#433);
#431 = CARTESIAN_POINT('',(-0.755,-0.4,4.5E-02));
#432 = DIRECTION('',(0.,1.,0.));
#433 = DIRECTION('',(0.,-0.,1.));
#434 = ADVANCED_FACE('',(#435),#446,.T.);
#435 = FACE_BOUND('',#436,.T.);
#436 = EDGE_LOOP('',(#437,#438,#439,#440));
#437 = ORIENTED_EDGE('',*,*,#299,.F.);
#438 = ORIENTED_EDGE('',*,*,#264,.F.);
#439 = ORIENTED_EDGE('',*,*,#182,.T.);
#440 = ORIENTED_EDGE('',*,*,#441,.T.);
#441 = EDGE_CURVE('',#183,#300,#442,.T.);
#442 = LINE('',#443,#444);
#443 = CARTESIAN_POINT('',(-0.545,-0.4,0.45));
#444 = VECTOR('',#445,1.);
#445 = DIRECTION('',(0.,1.,0.));
#446 = PLANE('',#447);
#447 = AXIS2_PLACEMENT_3D('',#448,#449,#450);
#448 = CARTESIAN_POINT('',(-0.8,-0.4,0.45));
#449 = DIRECTION('',(0.,0.,1.));
#450 = DIRECTION('',(1.,0.,-0.));
#451 = ADVANCED_FACE('',(#452),#463,.T.);
#452 = FACE_BOUND('',#453,.T.);
#453 = EDGE_LOOP('',(#454,#460,#461,#462));
#454 = ORIENTED_EDGE('',*,*,#455,.T.);
#455 = EDGE_CURVE('',#191,#308,#456,.T.);
#456 = LINE('',#457,#458);
#457 = CARTESIAN_POINT('',(-0.5,-0.4,0.405));
#458 = VECTOR('',#459,1.);
#459 = DIRECTION('',(0.,1.,0.));
#460 = ORIENTED_EDGE('',*,*,#307,.T.);
#461 = ORIENTED_EDGE('',*,*,#441,.F.);
#462 = ORIENTED_EDGE('',*,*,#190,.F.);
#463 = CYLINDRICAL_SURFACE('',#464,4.5E-02);
#464 = AXIS2_PLACEMENT_3D('',#465,#466,#467);
#465 = CARTESIAN_POINT('',(-0.545,-0.4,0.405));
#466 = DIRECTION('',(0.,1.,0.));
#467 = DIRECTION('',(1.,0.,0.));
#468 = ADVANCED_FACE('',(#469),#512,.T.);
#469 = FACE_BOUND('',#470,.T.);
#470 = EDGE_LOOP('',(#471,#472,#473,#474,#482,#490,#498,#506));
#471 = ORIENTED_EDGE('',*,*,#332,.F.);
#472 = ORIENTED_EDGE('',*,*,#324,.T.);
#473 = ORIENTED_EDGE('',*,*,#316,.T.);
#474 = ORIENTED_EDGE('',*,*,#475,.T.);
#475 = EDGE_CURVE('',#308,#476,#478,.T.);
#476 = VERTEX_POINT('',#477);
#477 = CARTESIAN_POINT('',(0.5,0.4,0.405));
#478 = LINE('',#479,#480);
#479 = CARTESIAN_POINT('',(-0.5,0.4,0.405));
#480 = VECTOR('',#481,1.);
#481 = DIRECTION('',(1.,0.,0.));
#482 = ORIENTED_EDGE('',*,*,#483,.T.);
#483 = EDGE_CURVE('',#476,#484,#486,.T.);
#484 = VERTEX_POINT('',#485);
#485 = CARTESIAN_POINT('',(0.755,0.4,0.405));
#486 = LINE('',#487,#488);
#487 = CARTESIAN_POINT('',(-0.755,0.4,0.405));
#488 = VECTOR('',#489,1.);
#489 = DIRECTION('',(1.,0.,0.));
#490 = ORIENTED_EDGE('',*,*,#491,.F.);
#491 = EDGE_CURVE('',#492,#484,#494,.T.);
#492 = VERTEX_POINT('',#493);
#493 = CARTESIAN_POINT('',(0.755,0.4,4.5E-02));
#494 = LINE('',#495,#496);
#495 = CARTESIAN_POINT('',(0.755,0.4,4.5E-02));
#496 = VECTOR('',#497,1.);
#497 = DIRECTION('',(0.,0.,1.));
#498 = ORIENTED_EDGE('',*,*,#499,.F.);
#499 = EDGE_CURVE('',#500,#492,#502,.T.);
#500 = VERTEX_POINT('',#501);
#501 = CARTESIAN_POINT('',(0.5,0.4,4.5E-02));
#502 = LINE('',#503,#504);
#503 = CARTESIAN_POINT('',(-0.755,0.4,4.5E-02));
#504 = VECTOR('',#505,1.);
#505 = DIRECTION('',(1.,0.,0.));
#506 = ORIENTED_EDGE('',*,*,#507,.F.);
#507 = EDGE_CURVE('',#333,#500,#508,.T.);
#508 = LINE('',#509,#510);
#509 = CARTESIAN_POINT('',(-0.755,0.4,4.5E-02));
#510 = VECTOR('',#511,1.);
#511 = DIRECTION('',(1.,0.,0.));
#512 = PLANE('',#513);
#513 = AXIS2_PLACEMENT_3D('',#514,#515,#516);
#514 = CARTESIAN_POINT('',(-0.755,0.4,4.5E-02));
#515 = DIRECTION('',(0.,1.,0.));
#516 = DIRECTION('',(0.,-0.,1.));
#517 = ADVANCED_FACE('',(#518),#529,.F.);
#518 = FACE_BOUND('',#519,.F.);
#519 = EDGE_LOOP('',(#520,#521,#522,#528));
#520 = ORIENTED_EDGE('',*,*,#375,.F.);
#521 = ORIENTED_EDGE('',*,*,#424,.T.);
#522 = ORIENTED_EDGE('',*,*,#523,.T.);
#523 = EDGE_CURVE('',#417,#500,#524,.T.);
#524 = LINE('',#525,#526);
#525 = CARTESIAN_POINT('',(0.5,-0.4,4.5E-02));
#526 = VECTOR('',#527,1.);
#527 = DIRECTION('',(0.,1.,0.));
#528 = ORIENTED_EDGE('',*,*,#507,.F.);
#529 = PLANE('',#530);
#530 = AXIS2_PLACEMENT_3D('',#531,#532,#533);
#531 = CARTESIAN_POINT('',(-0.755,-0.4,4.5E-02));
#532 = DIRECTION('',(0.,0.,1.));
#533 = DIRECTION('',(1.,0.,-0.));
#534 = ADVANCED_FACE('',(#535),#598,.F.);
#535 = FACE_BOUND('',#536,.F.);
#536 = EDGE_LOOP('',(#537,#547,#554,#555,#556,#557,#566,#574,#583,#591)
  );
#537 = ORIENTED_EDGE('',*,*,#538,.F.);
#538 = EDGE_CURVE('',#539,#541,#543,.T.);
#539 = VERTEX_POINT('',#540);
#540 = CARTESIAN_POINT('',(0.545,-0.4,-2.775557561563E-17));
#541 = VERTEX_POINT('',#542);
#542 = CARTESIAN_POINT('',(0.755,-0.4,-2.775557561563E-17));
#543 = LINE('',#544,#545);
#544 = CARTESIAN_POINT('',(0.5,-0.4,0.));
#545 = VECTOR('',#546,1.);
#546 = DIRECTION('',(1.,0.,0.));
#547 = ORIENTED_EDGE('',*,*,#548,.F.);
#548 = EDGE_CURVE('',#417,#539,#549,.T.);
#549 = CIRCLE('',#550,4.5E-02);
#550 = AXIS2_PLACEMENT_3D('',#551,#552,#553);
#551 = CARTESIAN_POINT('',(0.545,-0.4,4.5E-02));
#552 = DIRECTION('',(0.,-1.,0.));
#553 = DIRECTION('',(0.,0.,1.));
#554 = ORIENTED_EDGE('',*,*,#416,.T.);
#555 = ORIENTED_EDGE('',*,*,#408,.T.);
#556 = ORIENTED_EDGE('',*,*,#400,.F.);
#557 = ORIENTED_EDGE('',*,*,#558,.T.);
#558 = EDGE_CURVE('',#393,#559,#561,.T.);
#559 = VERTEX_POINT('',#560);
#560 = CARTESIAN_POINT('',(0.545,-0.4,0.45));
#561 = CIRCLE('',#562,4.5E-02);
#562 = AXIS2_PLACEMENT_3D('',#563,#564,#565);
#563 = CARTESIAN_POINT('',(0.545,-0.4,0.405));
#564 = DIRECTION('',(0.,1.,0.));
#565 = DIRECTION('',(0.,-0.,1.));
#566 = ORIENTED_EDGE('',*,*,#567,.T.);
#567 = EDGE_CURVE('',#559,#568,#570,.T.);
#568 = VERTEX_POINT('',#569);
#569 = CARTESIAN_POINT('',(0.755,-0.4,0.45));
#570 = LINE('',#571,#572);
#571 = CARTESIAN_POINT('',(0.5,-0.4,0.45));
#572 = VECTOR('',#573,1.);
#573 = DIRECTION('',(1.,0.,0.));
#574 = ORIENTED_EDGE('',*,*,#575,.F.);
#575 = EDGE_CURVE('',#576,#568,#578,.T.);
#576 = VERTEX_POINT('',#577);
#577 = CARTESIAN_POINT('',(0.8,-0.4,0.405));
#578 = CIRCLE('',#579,4.5E-02);
#579 = AXIS2_PLACEMENT_3D('',#580,#581,#582);
#580 = CARTESIAN_POINT('',(0.755,-0.4,0.405));
#581 = DIRECTION('',(0.,-1.,0.));
#582 = DIRECTION('',(0.,0.,1.));
#583 = ORIENTED_EDGE('',*,*,#584,.F.);
#584 = EDGE_CURVE('',#585,#576,#587,.T.);
#585 = VERTEX_POINT('',#586);
#586 = CARTESIAN_POINT('',(0.8,-0.4,4.5E-02));
#587 = LINE('',#588,#589);
#588 = CARTESIAN_POINT('',(0.8,-0.4,0.));
#589 = VECTOR('',#590,1.);
#590 = DIRECTION('',(0.,0.,1.));
#591 = ORIENTED_EDGE('',*,*,#592,.T.);
#592 = EDGE_CURVE('',#585,#541,#593,.T.);
#593 = CIRCLE('',#594,4.5E-02);
#594 = AXIS2_PLACEMENT_3D('',#595,#596,#597);
#595 = CARTESIAN_POINT('',(0.755,-0.4,4.5E-02));
#596 = DIRECTION('',(0.,1.,0.));
#597 = DIRECTION('',(0.,-0.,1.));
#598 = PLANE('',#599);
#599 = AXIS2_PLACEMENT_3D('',#600,#601,#602);
#600 = CARTESIAN_POINT('',(0.5,-0.4,0.));
#601 = DIRECTION('',(0.,1.,0.));
#602 = DIRECTION('',(0.,-0.,1.));
#603 = ADVANCED_FACE('',(#604),#629,.F.);
#604 = FACE_BOUND('',#605,.F.);
#605 = EDGE_LOOP('',(#606,#607,#615,#623));
#606 = ORIENTED_EDGE('',*,*,#392,.F.);
#607 = ORIENTED_EDGE('',*,*,#608,.T.);
#608 = EDGE_CURVE('',#191,#609,#611,.T.);
#609 = VERTEX_POINT('',#610);
#610 = CARTESIAN_POINT('',(-0.5,-0.4,0.45));
#611 = LINE('',#612,#613);
#612 = CARTESIAN_POINT('',(-0.5,-0.4,0.405));
#613 = VECTOR('',#614,1.);
#614 = DIRECTION('',(0.,0.,1.));
#615 = ORIENTED_EDGE('',*,*,#616,.T.);
#616 = EDGE_CURVE('',#609,#617,#619,.T.);
#617 = VERTEX_POINT('',#618);
#618 = CARTESIAN_POINT('',(0.5,-0.4,0.45));
#619 = LINE('',#620,#621);
#620 = CARTESIAN_POINT('',(-0.5,-0.4,0.45));
#621 = VECTOR('',#622,1.);
#622 = DIRECTION('',(1.,0.,0.));
#623 = ORIENTED_EDGE('',*,*,#624,.F.);
#624 = EDGE_CURVE('',#393,#617,#625,.T.);
#625 = LINE('',#626,#627);
#626 = CARTESIAN_POINT('',(0.5,-0.4,0.405));
#627 = VECTOR('',#628,1.);
#628 = DIRECTION('',(0.,0.,1.));
#629 = PLANE('',#630);
#630 = AXIS2_PLACEMENT_3D('',#631,#632,#633);
#631 = CARTESIAN_POINT('',(-0.5,-0.4,0.405));
#632 = DIRECTION('',(0.,1.,0.));
#633 = DIRECTION('',(0.,-0.,1.));
#634 = ADVANCED_FACE('',(#635),#653,.F.);
#635 = FACE_BOUND('',#636,.F.);
#636 = EDGE_LOOP('',(#637,#638,#639,#647));
#637 = ORIENTED_EDGE('',*,*,#608,.F.);
#638 = ORIENTED_EDGE('',*,*,#455,.T.);
#639 = ORIENTED_EDGE('',*,*,#640,.T.);
#640 = EDGE_CURVE('',#308,#641,#643,.T.);
#641 = VERTEX_POINT('',#642);
#642 = CARTESIAN_POINT('',(-0.5,0.4,0.45));
#643 = LINE('',#644,#645);
#644 = CARTESIAN_POINT('',(-0.5,0.4,0.405));
#645 = VECTOR('',#646,1.);
#646 = DIRECTION('',(0.,0.,1.));
#647 = ORIENTED_EDGE('',*,*,#648,.F.);
#648 = EDGE_CURVE('',#609,#641,#649,.T.);
#649 = LINE('',#650,#651);
#650 = CARTESIAN_POINT('',(-0.5,-0.4,0.45));
#651 = VECTOR('',#652,1.);
#652 = DIRECTION('',(0.,1.,0.));
#653 = PLANE('',#654);
#654 = AXIS2_PLACEMENT_3D('',#655,#656,#657);
#655 = CARTESIAN_POINT('',(-0.5,-0.4,0.405));
#656 = DIRECTION('',(1.,0.,0.));
#657 = DIRECTION('',(0.,0.,1.));
#658 = ADVANCED_FACE('',(#659),#722,.T.);
#659 = FACE_BOUND('',#660,.T.);
#660 = EDGE_LOOP('',(#661,#671,#678,#679,#680,#681,#690,#698,#707,#715)
  );
#661 = ORIENTED_EDGE('',*,*,#662,.F.);
#662 = EDGE_CURVE('',#663,#665,#667,.T.);
#663 = VERTEX_POINT('',#664);
#664 = CARTESIAN_POINT('',(0.545,0.4,-2.775557561563E-17));
#665 = VERTEX_POINT('',#666);
#666 = CARTESIAN_POINT('',(0.755,0.4,-2.775557561563E-17));
#667 = LINE('',#668,#669);
#668 = CARTESIAN_POINT('',(0.5,0.4,0.));
#669 = VECTOR('',#670,1.);
#670 = DIRECTION('',(1.,0.,0.));
#671 = ORIENTED_EDGE('',*,*,#672,.F.);
#672 = EDGE_CURVE('',#500,#663,#673,.T.);
#673 = CIRCLE('',#674,4.5E-02);
#674 = AXIS2_PLACEMENT_3D('',#675,#676,#677);
#675 = CARTESIAN_POINT('',(0.545,0.4,4.5E-02));
#676 = DIRECTION('',(0.,-1.,0.));
#677 = DIRECTION('',(0.,0.,1.));
#678 = ORIENTED_EDGE('',*,*,#499,.T.);
#679 = ORIENTED_EDGE('',*,*,#491,.T.);
#680 = ORIENTED_EDGE('',*,*,#483,.F.);
#681 = ORIENTED_EDGE('',*,*,#682,.T.);
#682 = EDGE_CURVE('',#476,#683,#685,.T.);
#683 = VERTEX_POINT('',#684);
#684 = CARTESIAN_POINT('',(0.545,0.4,0.45));
#685 = CIRCLE('',#686,4.5E-02);
#686 = AXIS2_PLACEMENT_3D('',#687,#688,#689);
#687 = CARTESIAN_POINT('',(0.545,0.4,0.405));
#688 = DIRECTION('',(0.,1.,0.));
#689 = DIRECTION('',(0.,-0.,1.));
#690 = ORIENTED_EDGE('',*,*,#691,.T.);
#691 = EDGE_CURVE('',#683,#692,#694,.T.);
#692 = VERTEX_POINT('',#693);
#693 = CARTESIAN_POINT('',(0.755,0.4,0.45));
#694 = LINE('',#695,#696);
#695 = CARTESIAN_POINT('',(0.5,0.4,0.45));
#696 = VECTOR('',#697,1.);
#697 = DIRECTION('',(1.,0.,0.));
#698 = ORIENTED_EDGE('',*,*,#699,.F.);
#699 = EDGE_CURVE('',#700,#692,#702,.T.);
#700 = VERTEX_POINT('',#701);
#701 = CARTESIAN_POINT('',(0.8,0.4,0.405));
#702 = CIRCLE('',#703,4.5E-02);
#703 = AXIS2_PLACEMENT_3D('',#704,#705,#706);
#704 = CARTESIAN_POINT('',(0.755,0.4,0.405));
#705 = DIRECTION('',(0.,-1.,0.));
#706 = DIRECTION('',(0.,0.,1.));
#707 = ORIENTED_EDGE('',*,*,#708,.F.);
#708 = EDGE_CURVE('',#709,#700,#711,.T.);
#709 = VERTEX_POINT('',#710);
#710 = CARTESIAN_POINT('',(0.8,0.4,4.5E-02));
#711 = LINE('',#712,#713);
#712 = CARTESIAN_POINT('',(0.8,0.4,0.));
#713 = VECTOR('',#714,1.);
#714 = DIRECTION('',(0.,0.,1.));
#715 = ORIENTED_EDGE('',*,*,#716,.T.);
#716 = EDGE_CURVE('',#709,#665,#717,.T.);
#717 = CIRCLE('',#718,4.5E-02);
#718 = AXIS2_PLACEMENT_3D('',#719,#720,#721);
#719 = CARTESIAN_POINT('',(0.755,0.4,4.5E-02));
#720 = DIRECTION('',(0.,1.,0.));
#721 = DIRECTION('',(0.,-0.,1.));
#722 = PLANE('',#723);
#723 = AXIS2_PLACEMENT_3D('',#724,#725,#726);
#724 = CARTESIAN_POINT('',(0.5,0.4,0.));
#725 = DIRECTION('',(0.,1.,0.));
#726 = DIRECTION('',(0.,-0.,1.));
#727 = ADVANCED_FACE('',(#728),#746,.T.);
#728 = FACE_BOUND('',#729,.T.);
#729 = EDGE_LOOP('',(#730,#731,#732,#740));
#730 = ORIENTED_EDGE('',*,*,#475,.F.);
#731 = ORIENTED_EDGE('',*,*,#640,.T.);
#732 = ORIENTED_EDGE('',*,*,#733,.T.);
#733 = EDGE_CURVE('',#641,#734,#736,.T.);
#734 = VERTEX_POINT('',#735);
#735 = CARTESIAN_POINT('',(0.5,0.4,0.45));
#736 = LINE('',#737,#738);
#737 = CARTESIAN_POINT('',(-0.5,0.4,0.45));
#738 = VECTOR('',#739,1.);
#739 = DIRECTION('',(1.,0.,0.));
#740 = ORIENTED_EDGE('',*,*,#741,.F.);
#741 = EDGE_CURVE('',#476,#734,#742,.T.);
#742 = LINE('',#743,#744);
#743 = CARTESIAN_POINT('',(0.5,0.4,0.405));
#744 = VECTOR('',#745,1.);
#745 = DIRECTION('',(0.,0.,1.));
#746 = PLANE('',#747);
#747 = AXIS2_PLACEMENT_3D('',#748,#749,#750);
#748 = CARTESIAN_POINT('',(-0.5,0.4,0.405));
#749 = DIRECTION('',(0.,1.,0.));
#750 = DIRECTION('',(0.,-0.,1.));
#751 = ADVANCED_FACE('',(#752),#763,.T.);
#752 = FACE_BOUND('',#753,.T.);
#753 = EDGE_LOOP('',(#754,#755,#756,#762));
#754 = ORIENTED_EDGE('',*,*,#523,.T.);
#755 = ORIENTED_EDGE('',*,*,#672,.T.);
#756 = ORIENTED_EDGE('',*,*,#757,.F.);
#757 = EDGE_CURVE('',#539,#663,#758,.T.);
#758 = LINE('',#759,#760);
#759 = CARTESIAN_POINT('',(0.545,-0.4,-2.775557561563E-17));
#760 = VECTOR('',#761,1.);
#761 = DIRECTION('',(0.,1.,0.));
#762 = ORIENTED_EDGE('',*,*,#548,.F.);
#763 = CYLINDRICAL_SURFACE('',#764,4.5E-02);
#764 = AXIS2_PLACEMENT_3D('',#765,#766,#767);
#765 = CARTESIAN_POINT('',(0.545,-0.4,4.5E-02));
#766 = DIRECTION('',(0.,1.,0.));
#767 = DIRECTION('',(-1.,0.,0.));
#768 = ADVANCED_FACE('',(#769),#780,.F.);
#769 = FACE_BOUND('',#770,.F.);
#770 = EDGE_LOOP('',(#771,#772,#773,#774));
#771 = ORIENTED_EDGE('',*,*,#662,.F.);
#772 = ORIENTED_EDGE('',*,*,#757,.F.);
#773 = ORIENTED_EDGE('',*,*,#538,.T.);
#774 = ORIENTED_EDGE('',*,*,#775,.T.);
#775 = EDGE_CURVE('',#541,#665,#776,.T.);
#776 = LINE('',#777,#778);
#777 = CARTESIAN_POINT('',(0.755,-0.4,-2.775557561563E-17));
#778 = VECTOR('',#779,1.);
#779 = DIRECTION('',(0.,1.,0.));
#780 = PLANE('',#781);
#781 = AXIS2_PLACEMENT_3D('',#782,#783,#784);
#782 = CARTESIAN_POINT('',(0.5,-0.4,0.));
#783 = DIRECTION('',(0.,0.,1.));
#784 = DIRECTION('',(1.,0.,-0.));
#785 = ADVANCED_FACE('',(#786),#797,.T.);
#786 = FACE_BOUND('',#787,.T.);
#787 = EDGE_LOOP('',(#788,#789,#790,#791));
#788 = ORIENTED_EDGE('',*,*,#592,.T.);
#789 = ORIENTED_EDGE('',*,*,#775,.T.);
#790 = ORIENTED_EDGE('',*,*,#716,.F.);
#791 = ORIENTED_EDGE('',*,*,#792,.F.);
#792 = EDGE_CURVE('',#585,#709,#793,.T.);
#793 = LINE('',#794,#795);
#794 = CARTESIAN_POINT('',(0.8,-0.4,4.5E-02));
#795 = VECTOR('',#796,1.);
#796 = DIRECTION('',(0.,1.,0.));
#797 = CYLINDRICAL_SURFACE('',#798,4.5E-02);
#798 = AXIS2_PLACEMENT_3D('',#799,#800,#801);
#799 = CARTESIAN_POINT('',(0.755,-0.4,4.5E-02));
#800 = DIRECTION('',(0.,1.,0.));
#801 = DIRECTION('',(1.,0.,0.));
#802 = ADVANCED_FACE('',(#803),#814,.T.);
#803 = FACE_BOUND('',#804,.T.);
#804 = EDGE_LOOP('',(#805,#806,#807,#808));
#805 = ORIENTED_EDGE('',*,*,#584,.F.);
#806 = ORIENTED_EDGE('',*,*,#792,.T.);
#807 = ORIENTED_EDGE('',*,*,#708,.T.);
#808 = ORIENTED_EDGE('',*,*,#809,.F.);
#809 = EDGE_CURVE('',#576,#700,#810,.T.);
#810 = LINE('',#811,#812);
#811 = CARTESIAN_POINT('',(0.8,-0.4,0.405));
#812 = VECTOR('',#813,1.);
#813 = DIRECTION('',(0.,1.,0.));
#814 = PLANE('',#815);
#815 = AXIS2_PLACEMENT_3D('',#816,#817,#818);
#816 = CARTESIAN_POINT('',(0.8,-0.4,0.));
#817 = DIRECTION('',(1.,0.,0.));
#818 = DIRECTION('',(0.,0.,1.));
#819 = ADVANCED_FACE('',(#820),#831,.T.);
#820 = FACE_BOUND('',#821,.T.);
#821 = EDGE_LOOP('',(#822,#823,#824,#830));
#822 = ORIENTED_EDGE('',*,*,#809,.T.);
#823 = ORIENTED_EDGE('',*,*,#699,.T.);
#824 = ORIENTED_EDGE('',*,*,#825,.F.);
#825 = EDGE_CURVE('',#568,#692,#826,.T.);
#826 = LINE('',#827,#828);
#827 = CARTESIAN_POINT('',(0.755,-0.4,0.45));
#828 = VECTOR('',#829,1.);
#829 = DIRECTION('',(0.,1.,0.));
#830 = ORIENTED_EDGE('',*,*,#575,.F.);
#831 = CYLINDRICAL_SURFACE('',#832,4.5E-02);
#832 = AXIS2_PLACEMENT_3D('',#833,#834,#835);
#833 = CARTESIAN_POINT('',(0.755,-0.4,0.405));
#834 = DIRECTION('',(0.,1.,0.));
#835 = DIRECTION('',(1.,0.,0.));
#836 = ADVANCED_FACE('',(#837),#848,.T.);
#837 = FACE_BOUND('',#838,.T.);
#838 = EDGE_LOOP('',(#839,#840,#846,#847));
#839 = ORIENTED_EDGE('',*,*,#691,.F.);
#840 = ORIENTED_EDGE('',*,*,#841,.F.);
#841 = EDGE_CURVE('',#559,#683,#842,.T.);
#842 = LINE('',#843,#844);
#843 = CARTESIAN_POINT('',(0.545,-0.4,0.45));
#844 = VECTOR('',#845,1.);
#845 = DIRECTION('',(0.,1.,0.));
#846 = ORIENTED_EDGE('',*,*,#567,.T.);
#847 = ORIENTED_EDGE('',*,*,#825,.T.);
#848 = PLANE('',#849);
#849 = AXIS2_PLACEMENT_3D('',#850,#851,#852);
#850 = CARTESIAN_POINT('',(0.5,-0.4,0.45));
#851 = DIRECTION('',(0.,0.,1.));
#852 = DIRECTION('',(1.,0.,-0.));
#853 = ADVANCED_FACE('',(#854),#865,.T.);
#854 = FACE_BOUND('',#855,.T.);
#855 = EDGE_LOOP('',(#856,#857,#858,#859));
#856 = ORIENTED_EDGE('',*,*,#558,.T.);
#857 = ORIENTED_EDGE('',*,*,#841,.T.);
#858 = ORIENTED_EDGE('',*,*,#682,.F.);
#859 = ORIENTED_EDGE('',*,*,#860,.F.);
#860 = EDGE_CURVE('',#393,#476,#861,.T.);
#861 = LINE('',#862,#863);
#862 = CARTESIAN_POINT('',(0.5,-0.4,0.405));
#863 = VECTOR('',#864,1.);
#864 = DIRECTION('',(0.,1.,0.));
#865 = CYLINDRICAL_SURFACE('',#866,4.5E-02);
#866 = AXIS2_PLACEMENT_3D('',#867,#868,#869);
#867 = CARTESIAN_POINT('',(0.545,-0.4,0.405));
#868 = DIRECTION('',(0.,1.,0.));
#869 = DIRECTION('',(-1.,0.,0.));
#870 = ADVANCED_FACE('',(#871),#882,.T.);
#871 = FACE_BOUND('',#872,.T.);
#872 = EDGE_LOOP('',(#873,#874,#875,#876));
#873 = ORIENTED_EDGE('',*,*,#624,.F.);
#874 = ORIENTED_EDGE('',*,*,#860,.T.);
#875 = ORIENTED_EDGE('',*,*,#741,.T.);
#876 = ORIENTED_EDGE('',*,*,#877,.F.);
#877 = EDGE_CURVE('',#617,#734,#878,.T.);
#878 = LINE('',#879,#880);
#879 = CARTESIAN_POINT('',(0.5,-0.4,0.45));
#880 = VECTOR('',#881,1.);
#881 = DIRECTION('',(0.,1.,0.));
#882 = PLANE('',#883);
#883 = AXIS2_PLACEMENT_3D('',#884,#885,#886);
#884 = CARTESIAN_POINT('',(0.5,-0.4,0.405));
#885 = DIRECTION('',(1.,0.,0.));
#886 = DIRECTION('',(0.,0.,1.));
#887 = ADVANCED_FACE('',(#888),#894,.T.);
#888 = FACE_BOUND('',#889,.T.);
#889 = EDGE_LOOP('',(#890,#891,#892,#893));
#890 = ORIENTED_EDGE('',*,*,#648,.F.);
#891 = ORIENTED_EDGE('',*,*,#616,.T.);
#892 = ORIENTED_EDGE('',*,*,#877,.T.);
#893 = ORIENTED_EDGE('',*,*,#733,.F.);
#894 = PLANE('',#895);
#895 = AXIS2_PLACEMENT_3D('',#896,#897,#898);
#896 = CARTESIAN_POINT('',(-0.5,-0.4,0.45));
#897 = DIRECTION('',(0.,0.,1.));
#898 = DIRECTION('',(1.,0.,-0.));
#899 = ( GEOMETRIC_REPRESENTATION_CONTEXT(3) 
GLOBAL_UNCERTAINTY_ASSIGNED_CONTEXT((#903)) GLOBAL_UNIT_ASSIGNED_CONTEXT
((#900,#901,#902)) REPRESENTATION_CONTEXT('Context #1',
  '3D Context with UNIT and UNCERTAINTY') );
#900 = ( LENGTH_UNIT() NAMED_UNIT(*) SI_UNIT(.MILLI.,.METRE.) );
#901 = ( NAMED_UNIT(*) PLANE_ANGLE_UNIT() SI_UNIT($,.RADIAN.) );
#902 = ( NAMED_UNIT(*) SI_UNIT($,.STERADIAN.) SOLID_ANGLE_UNIT() );
#903 = UNCERTAINTY_MEASURE_WITH_UNIT(LENGTH_MEASURE(1.E-07),#900,
  'distance_accuracy_value','confusion accuracy');
#904 = CONTEXT_DEPENDENT_SHAPE_REPRESENTATION(#905,#907);
#905 = ( REPRESENTATION_RELATIONSHIP('','',#108,#10) 
REPRESENTATION_RELATIONSHIP_WITH_TRANSFORMATION(#906) 
SHAPE_REPRESENTATION_RELATIONSHIP() );
#906 = ITEM_DEFINED_TRANSFORMATION('','',#11,#15);
#907 = PRODUCT_DEFINITION_SHAPE('Placement','Placement of an item',#908
  );
#908 = NEXT_ASSEMBLY_USAGE_OCCURRENCE('1','R4','',#5,#103,$);
#909 = PRODUCT_RELATED_PRODUCT_CATEGORY('part',$,(#105));
#910 = SHAPE_DEFINITION_REPRESENTATION(#911,#917);
#911 = PRODUCT_DEFINITION_SHAPE('','',#912);
#912 = PRODUCT_DEFINITION('design','',#913,#916);
#913 = PRODUCT_DEFINITION_FORMATION('','',#914);
#914 = PRODUCT('PinHeader_1x01_P2.54mm_Vertical',
  'PinHeader_1x01_P2.54mm_Vertical','',(#915));
#915 = PRODUCT_CONTEXT('',#2,'mechanical');
#916 = PRODUCT_DEFINITION_CONTEXT('part definition',#2,'design');
#917 = ADVANCED_BREP_SHAPE_REPRESENTATION('',(#11,#918),#1676);
#918 = MANIFOLD_SOLID_BREP('',#919);
#919 = CLOSED_SHELL('',(#920,#960,#991,#1022,#1105,#1188,#1205,#1222,
    #1239,#1256,#1268,#1299,#1323,#1347,#1364,#1395,#1419,#1443,#1460,
    #1491,#1515,#1539,#1556,#1587,#1611,#1635,#1652,#1664));
#920 = ADVANCED_FACE('',(#921),#955,.F.);
#921 = FACE_BOUND('',#922,.F.);
#922 = EDGE_LOOP('',(#923,#933,#941,#949));
#923 = ORIENTED_EDGE('',*,*,#924,.T.);
#924 = EDGE_CURVE('',#925,#927,#929,.T.);
#925 = VERTEX_POINT('',#926);
#926 = CARTESIAN_POINT('',(-1.016,1.27,0.));
#927 = VERTEX_POINT('',#928);
#928 = CARTESIAN_POINT('',(-1.016,1.27,2.54));
#929 = LINE('',#930,#931);
#930 = CARTESIAN_POINT('',(-1.016,1.27,0.));
#931 = VECTOR('',#932,1.);
#932 = DIRECTION('',(0.,0.,1.));
#933 = ORIENTED_EDGE('',*,*,#934,.T.);
#934 = EDGE_CURVE('',#927,#935,#937,.T.);
#935 = VERTEX_POINT('',#936);
#936 = CARTESIAN_POINT('',(-1.27,1.016,2.54));
#937 = LINE('',#938,#939);
#938 = CARTESIAN_POINT('',(-1.016,1.27,2.54));
#939 = VECTOR('',#940,1.);
#940 = DIRECTION('',(-0.707106781187,-0.707106781187,0.));
#941 = ORIENTED_EDGE('',*,*,#942,.F.);
#942 = EDGE_CURVE('',#943,#935,#945,.T.);
#943 = VERTEX_POINT('',#944);
#944 = CARTESIAN_POINT('',(-1.27,1.016,0.));
#945 = LINE('',#946,#947);
#946 = CARTESIAN_POINT('',(-1.27,1.016,0.));
#947 = VECTOR('',#948,1.);
#948 = DIRECTION('',(0.,0.,1.));
#949 = ORIENTED_EDGE('',*,*,#950,.F.);
#950 = EDGE_CURVE('',#925,#943,#951,.T.);
#951 = LINE('',#952,#953);
#952 = CARTESIAN_POINT('',(-1.016,1.27,0.));
#953 = VECTOR('',#954,1.);
#954 = DIRECTION('',(-0.707106781187,-0.707106781187,0.));
#955 = PLANE('',#956);
#956 = AXIS2_PLACEMENT_3D('',#957,#958,#959);
#957 = CARTESIAN_POINT('',(-1.016,1.27,0.));
#958 = DIRECTION('',(0.707106781187,-0.707106781187,0.));
#959 = DIRECTION('',(-0.707106781187,-0.707106781187,0.));
#960 = ADVANCED_FACE('',(#961),#986,.F.);
#961 = FACE_BOUND('',#962,.F.);
#962 = EDGE_LOOP('',(#963,#973,#979,#980));
#963 = ORIENTED_EDGE('',*,*,#964,.T.);
#964 = EDGE_CURVE('',#965,#967,#969,.T.);
#965 = VERTEX_POINT('',#966);
#966 = CARTESIAN_POINT('',(1.016,1.27,0.));
#967 = VERTEX_POINT('',#968);
#968 = CARTESIAN_POINT('',(1.016,1.27,2.54));
#969 = LINE('',#970,#971);
#970 = CARTESIAN_POINT('',(1.016,1.27,0.));
#971 = VECTOR('',#972,1.);
#972 = DIRECTION('',(0.,0.,1.));
#973 = ORIENTED_EDGE('',*,*,#974,.T.);
#974 = EDGE_CURVE('',#967,#927,#975,.T.);
#975 = LINE('',#976,#977);
#976 = CARTESIAN_POINT('',(1.016,1.27,2.54));
#977 = VECTOR('',#978,1.);
#978 = DIRECTION('',(-1.,0.,0.));
#979 = ORIENTED_EDGE('',*,*,#924,.F.);
#980 = ORIENTED_EDGE('',*,*,#981,.F.);
#981 = EDGE_CURVE('',#965,#925,#982,.T.);
#982 = LINE('',#983,#984);
#983 = CARTESIAN_POINT('',(1.016,1.27,0.));
#984 = VECTOR('',#985,1.);
#985 = DIRECTION('',(-1.,0.,0.));
#986 = PLANE('',#987);
#987 = AXIS2_PLACEMENT_3D('',#988,#989,#990);
#988 = CARTESIAN_POINT('',(1.016,1.27,0.));
#989 = DIRECTION('',(0.,-1.,0.));
#990 = DIRECTION('',(-1.,0.,0.));
#991 = ADVANCED_FACE('',(#992),#1017,.F.);
#992 = FACE_BOUND('',#993,.F.);
#993 = EDGE_LOOP('',(#994,#995,#1003,#1011));
#994 = ORIENTED_EDGE('',*,*,#942,.T.);
#995 = ORIENTED_EDGE('',*,*,#996,.T.);
#996 = EDGE_CURVE('',#935,#997,#999,.T.);
#997 = VERTEX_POINT('',#998);
#998 = CARTESIAN_POINT('',(-1.27,-1.016,2.54));
#999 = LINE('',#1000,#1001);
#1000 = CARTESIAN_POINT('',(-1.27,1.016,2.54));
#1001 = VECTOR('',#1002,1.);
#1002 = DIRECTION('',(0.,-1.,0.));
#1003 = ORIENTED_EDGE('',*,*,#1004,.F.);
#1004 = EDGE_CURVE('',#1005,#997,#1007,.T.);
#1005 = VERTEX_POINT('',#1006);
#1006 = CARTESIAN_POINT('',(-1.27,-1.016,0.));
#1007 = LINE('',#1008,#1009);
#1008 = CARTESIAN_POINT('',(-1.27,-1.016,0.));
#1009 = VECTOR('',#1010,1.);
#1010 = DIRECTION('',(0.,0.,1.));
#1011 = ORIENTED_EDGE('',*,*,#1012,.F.);
#1012 = EDGE_CURVE('',#943,#1005,#1013,.T.);
#1013 = LINE('',#1014,#1015);
#1014 = CARTESIAN_POINT('',(-1.27,1.016,0.));
#1015 = VECTOR('',#1016,1.);
#1016 = DIRECTION('',(0.,-1.,0.));
#1017 = PLANE('',#1018);
#1018 = AXIS2_PLACEMENT_3D('',#1019,#1020,#1021);
#1019 = CARTESIAN_POINT('',(-1.27,1.016,0.));
#1020 = DIRECTION('',(1.,0.,0.));
#1021 = DIRECTION('',(0.,-1.,0.));
#1022 = ADVANCED_FACE('',(#1023,#1066),#1100,.F.);
#1023 = FACE_BOUND('',#1024,.F.);
#1024 = EDGE_LOOP('',(#1025,#1026,#1027,#1035,#1043,#1051,#1059,#1065));
#1025 = ORIENTED_EDGE('',*,*,#950,.T.);
#1026 = ORIENTED_EDGE('',*,*,#1012,.T.);
#1027 = ORIENTED_EDGE('',*,*,#1028,.T.);
#1028 = EDGE_CURVE('',#1005,#1029,#1031,.T.);
#1029 = VERTEX_POINT('',#1030);
#1030 = CARTESIAN_POINT('',(-1.016,-1.27,0.));
#1031 = LINE('',#1032,#1033);
#1032 = CARTESIAN_POINT('',(-1.27,-1.016,0.));
#1033 = VECTOR('',#1034,1.);
#1034 = DIRECTION('',(0.707106781187,-0.707106781187,0.));
#1035 = ORIENTED_EDGE('',*,*,#1036,.T.);
#1036 = EDGE_CURVE('',#1029,#1037,#1039,.T.);
#1037 = VERTEX_POINT('',#1038);
#1038 = CARTESIAN_POINT('',(1.016,-1.27,0.));
#1039 = LINE('',#1040,#1041);
#1040 = CARTESIAN_POINT('',(-1.016,-1.27,0.));
#1041 = VECTOR('',#1042,1.);
#1042 = DIRECTION('',(1.,0.,0.));
#1043 = ORIENTED_EDGE('',*,*,#1044,.T.);
#1044 = EDGE_CURVE('',#1037,#1045,#1047,.T.);
#1045 = VERTEX_POINT('',#1046);
#1046 = CARTESIAN_POINT('',(1.27,-1.016,0.));
#1047 = LINE('',#1048,#1049);
#1048 = CARTESIAN_POINT('',(1.016,-1.27,0.));
#1049 = VECTOR('',#1050,1.);
#1050 = DIRECTION('',(0.707106781187,0.707106781187,0.));
#1051 = ORIENTED_EDGE('',*,*,#1052,.T.);
#1052 = EDGE_CURVE('',#1045,#1053,#1055,.T.);
#1053 = VERTEX_POINT('',#1054);
#1054 = CARTESIAN_POINT('',(1.27,1.016,0.));
#1055 = LINE('',#1056,#1057);
#1056 = CARTESIAN_POINT('',(1.27,-1.016,0.));
#1057 = VECTOR('',#1058,1.);
#1058 = DIRECTION('',(0.,1.,0.));
#1059 = ORIENTED_EDGE('',*,*,#1060,.T.);
#1060 = EDGE_CURVE('',#1053,#965,#1061,.T.);
#1061 = LINE('',#1062,#1063);
#1062 = CARTESIAN_POINT('',(1.27,1.016,0.));
#1063 = VECTOR('',#1064,1.);
#1064 = DIRECTION('',(-0.707106781187,0.707106781187,0.));
#1065 = ORIENTED_EDGE('',*,*,#981,.T.);
#1066 = FACE_BOUND('',#1067,.F.);
#1067 = EDGE_LOOP('',(#1068,#1078,#1086,#1094));
#1068 = ORIENTED_EDGE('',*,*,#1069,.T.);
#1069 = EDGE_CURVE('',#1070,#1072,#1074,.T.);
#1070 = VERTEX_POINT('',#1071);
#1071 = CARTESIAN_POINT('',(0.32,-0.32,0.));
#1072 = VERTEX_POINT('',#1073);
#1073 = CARTESIAN_POINT('',(-0.32,-0.32,0.));
#1074 = LINE('',#1075,#1076);
#1075 = CARTESIAN_POINT('',(-0.16,-0.32,0.));
#1076 = VECTOR('',#1077,1.);
#1077 = DIRECTION('',(-1.,0.,0.));
#1078 = ORIENTED_EDGE('',*,*,#1079,.T.);
#1079 = EDGE_CURVE('',#1072,#1080,#1082,.T.);
#1080 = VERTEX_POINT('',#1081);
#1081 = CARTESIAN_POINT('',(-0.32,0.32,0.));
#1082 = LINE('',#1083,#1084);
#1083 = CARTESIAN_POINT('',(-0.32,-0.16,0.));
#1084 = VECTOR('',#1085,1.);
#1085 = DIRECTION('',(0.,1.,0.));
#1086 = ORIENTED_EDGE('',*,*,#1087,.F.);
#1087 = EDGE_CURVE('',#1088,#1080,#1090,.T.);
#1088 = VERTEX_POINT('',#1089);
#1089 = CARTESIAN_POINT('',(0.32,0.32,0.));
#1090 = LINE('',#1091,#1092);
#1091 = CARTESIAN_POINT('',(-0.16,0.32,0.));
#1092 = VECTOR('',#1093,1.);
#1093 = DIRECTION('',(-1.,0.,0.));
#1094 = ORIENTED_EDGE('',*,*,#1095,.F.);
#1095 = EDGE_CURVE('',#1070,#1088,#1096,.T.);
#1096 = LINE('',#1097,#1098);
#1097 = CARTESIAN_POINT('',(0.32,-0.16,0.));
#1098 = VECTOR('',#1099,1.);
#1099 = DIRECTION('',(0.,1.,0.));
#1100 = PLANE('',#1101);
#1101 = AXIS2_PLACEMENT_3D('',#1102,#1103,#1104);
#1102 = CARTESIAN_POINT('',(2.321466769849E-17,4.642933539699E-17,0.));
#1103 = DIRECTION('',(0.,0.,1.));
#1104 = DIRECTION('',(1.,0.,-0.));
#1105 = ADVANCED_FACE('',(#1106,#1149),#1183,.T.);
#1106 = FACE_BOUND('',#1107,.T.);
#1107 = EDGE_LOOP('',(#1108,#1109,#1110,#1118,#1126,#1134,#1142,#1148));
#1108 = ORIENTED_EDGE('',*,*,#934,.T.);
#1109 = ORIENTED_EDGE('',*,*,#996,.T.);
#1110 = ORIENTED_EDGE('',*,*,#1111,.T.);
#1111 = EDGE_CURVE('',#997,#1112,#1114,.T.);
#1112 = VERTEX_POINT('',#1113);
#1113 = CARTESIAN_POINT('',(-1.016,-1.27,2.54));
#1114 = LINE('',#1115,#1116);
#1115 = CARTESIAN_POINT('',(-1.27,-1.016,2.54));
#1116 = VECTOR('',#1117,1.);
#1117 = DIRECTION('',(0.707106781187,-0.707106781187,0.));
#1118 = ORIENTED_EDGE('',*,*,#1119,.T.);
#1119 = EDGE_CURVE('',#1112,#1120,#1122,.T.);
#1120 = VERTEX_POINT('',#1121);
#1121 = CARTESIAN_POINT('',(1.016,-1.27,2.54));
#1122 = LINE('',#1123,#1124);
#1123 = CARTESIAN_POINT('',(-1.016,-1.27,2.54));
#1124 = VECTOR('',#1125,1.);
#1125 = DIRECTION('',(1.,0.,0.));
#1126 = ORIENTED_EDGE('',*,*,#1127,.T.);
#1127 = EDGE_CURVE('',#1120,#1128,#1130,.T.);
#1128 = VERTEX_POINT('',#1129);
#1129 = CARTESIAN_POINT('',(1.27,-1.016,2.54));
#1130 = LINE('',#1131,#1132);
#1131 = CARTESIAN_POINT('',(1.016,-1.27,2.54));
#1132 = VECTOR('',#1133,1.);
#1133 = DIRECTION('',(0.707106781187,0.707106781187,0.));
#1134 = ORIENTED_EDGE('',*,*,#1135,.T.);
#1135 = EDGE_CURVE('',#1128,#1136,#1138,.T.);
#1136 = VERTEX_POINT('',#1137);
#1137 = CARTESIAN_POINT('',(1.27,1.016,2.54));
#1138 = LINE('',#1139,#1140);
#1139 = CARTESIAN_POINT('',(1.27,-1.016,2.54));
#1140 = VECTOR('',#1141,1.);
#1141 = DIRECTION('',(0.,1.,0.));
#1142 = ORIENTED_EDGE('',*,*,#1143,.T.);
#1143 = EDGE_CURVE('',#1136,#967,#1144,.T.);
#1144 = LINE('',#1145,#1146);
#1145 = CARTESIAN_POINT('',(1.27,1.016,2.54));
#1146 = VECTOR('',#1147,1.);
#1147 = DIRECTION('',(-0.707106781187,0.707106781187,0.));
#1148 = ORIENTED_EDGE('',*,*,#974,.T.);
#1149 = FACE_BOUND('',#1150,.T.);
#1150 = EDGE_LOOP('',(#1151,#1161,#1169,#1177));
#1151 = ORIENTED_EDGE('',*,*,#1152,.T.);
#1152 = EDGE_CURVE('',#1153,#1155,#1157,.T.);
#1153 = VERTEX_POINT('',#1154);
#1154 = CARTESIAN_POINT('',(0.32,-0.32,2.54));
#1155 = VERTEX_POINT('',#1156);
#1156 = CARTESIAN_POINT('',(-0.32,-0.32,2.54));
#1157 = LINE('',#1158,#1159);
#1158 = CARTESIAN_POINT('',(-0.16,-0.32,2.54));
#1159 = VECTOR('',#1160,1.);
#1160 = DIRECTION('',(-1.,0.,0.));
#1161 = ORIENTED_EDGE('',*,*,#1162,.T.);
#1162 = EDGE_CURVE('',#1155,#1163,#1165,.T.);
#1163 = VERTEX_POINT('',#1164);
#1164 = CARTESIAN_POINT('',(-0.32,0.32,2.54));
#1165 = LINE('',#1166,#1167);
#1166 = CARTESIAN_POINT('',(-0.32,-0.16,2.54));
#1167 = VECTOR('',#1168,1.);
#1168 = DIRECTION('',(0.,1.,0.));
#1169 = ORIENTED_EDGE('',*,*,#1170,.F.);
#1170 = EDGE_CURVE('',#1171,#1163,#1173,.T.);
#1171 = VERTEX_POINT('',#1172);
#1172 = CARTESIAN_POINT('',(0.32,0.32,2.54));
#1173 = LINE('',#1174,#1175);
#1174 = CARTESIAN_POINT('',(-0.16,0.32,2.54));
#1175 = VECTOR('',#1176,1.);
#1176 = DIRECTION('',(-1.,0.,0.));
#1177 = ORIENTED_EDGE('',*,*,#1178,.F.);
#1178 = EDGE_CURVE('',#1153,#1171,#1179,.T.);
#1179 = LINE('',#1180,#1181);
#1180 = CARTESIAN_POINT('',(0.32,-0.16,2.54));
#1181 = VECTOR('',#1182,1.);
#1182 = DIRECTION('',(0.,1.,0.));
#1183 = PLANE('',#1184);
#1184 = AXIS2_PLACEMENT_3D('',#1185,#1186,#1187);
#1185 = CARTESIAN_POINT('',(2.321466769849E-17,4.642933539699E-17,2.54)
  );
#1186 = DIRECTION('',(0.,0.,1.));
#1187 = DIRECTION('',(1.,0.,-0.));
#1188 = ADVANCED_FACE('',(#1189),#1200,.F.);
#1189 = FACE_BOUND('',#1190,.F.);
#1190 = EDGE_LOOP('',(#1191,#1197,#1198,#1199));
#1191 = ORIENTED_EDGE('',*,*,#1192,.T.);
#1192 = EDGE_CURVE('',#1053,#1136,#1193,.T.);
#1193 = LINE('',#1194,#1195);
#1194 = CARTESIAN_POINT('',(1.27,1.016,0.));
#1195 = VECTOR('',#1196,1.);
#1196 = DIRECTION('',(0.,0.,1.));
#1197 = ORIENTED_EDGE('',*,*,#1143,.T.);
#1198 = ORIENTED_EDGE('',*,*,#964,.F.);
#1199 = ORIENTED_EDGE('',*,*,#1060,.F.);
#1200 = PLANE('',#1201);
#1201 = AXIS2_PLACEMENT_3D('',#1202,#1203,#1204);
#1202 = CARTESIAN_POINT('',(1.27,1.016,0.));
#1203 = DIRECTION('',(-0.707106781187,-0.707106781187,0.));
#1204 = DIRECTION('',(-0.707106781187,0.707106781187,0.));
#1205 = ADVANCED_FACE('',(#1206),#1217,.F.);
#1206 = FACE_BOUND('',#1207,.F.);
#1207 = EDGE_LOOP('',(#1208,#1209,#1210,#1216));
#1208 = ORIENTED_EDGE('',*,*,#1004,.T.);
#1209 = ORIENTED_EDGE('',*,*,#1111,.T.);
#1210 = ORIENTED_EDGE('',*,*,#1211,.F.);
#1211 = EDGE_CURVE('',#1029,#1112,#1212,.T.);
#1212 = LINE('',#1213,#1214);
#1213 = CARTESIAN_POINT('',(-1.016,-1.27,0.));
#1214 = VECTOR('',#1215,1.);
#1215 = DIRECTION('',(0.,0.,1.));
#1216 = ORIENTED_EDGE('',*,*,#1028,.F.);
#1217 = PLANE('',#1218);
#1218 = AXIS2_PLACEMENT_3D('',#1219,#1220,#1221);
#1219 = CARTESIAN_POINT('',(-1.27,-1.016,0.));
#1220 = DIRECTION('',(0.707106781187,0.707106781187,0.));
#1221 = DIRECTION('',(0.707106781187,-0.707106781187,0.));
#1222 = ADVANCED_FACE('',(#1223),#1234,.F.);
#1223 = FACE_BOUND('',#1224,.F.);
#1224 = EDGE_LOOP('',(#1225,#1231,#1232,#1233));
#1225 = ORIENTED_EDGE('',*,*,#1226,.T.);
#1226 = EDGE_CURVE('',#1045,#1128,#1227,.T.);
#1227 = LINE('',#1228,#1229);
#1228 = CARTESIAN_POINT('',(1.27,-1.016,0.));
#1229 = VECTOR('',#1230,1.);
#1230 = DIRECTION('',(0.,0.,1.));
#1231 = ORIENTED_EDGE('',*,*,#1135,.T.);
#1232 = ORIENTED_EDGE('',*,*,#1192,.F.);
#1233 = ORIENTED_EDGE('',*,*,#1052,.F.);
#1234 = PLANE('',#1235);
#1235 = AXIS2_PLACEMENT_3D('',#1236,#1237,#1238);
#1236 = CARTESIAN_POINT('',(1.27,-1.016,0.));
#1237 = DIRECTION('',(-1.,0.,0.));
#1238 = DIRECTION('',(0.,1.,0.));
#1239 = ADVANCED_FACE('',(#1240),#1251,.F.);
#1240 = FACE_BOUND('',#1241,.F.);
#1241 = EDGE_LOOP('',(#1242,#1243,#1244,#1250));
#1242 = ORIENTED_EDGE('',*,*,#1211,.T.);
#1243 = ORIENTED_EDGE('',*,*,#1119,.T.);
#1244 = ORIENTED_EDGE('',*,*,#1245,.F.);
#1245 = EDGE_CURVE('',#1037,#1120,#1246,.T.);
#1246 = LINE('',#1247,#1248);
#1247 = CARTESIAN_POINT('',(1.016,-1.27,0.));
#1248 = VECTOR('',#1249,1.);
#1249 = DIRECTION('',(0.,0.,1.));
#1250 = ORIENTED_EDGE('',*,*,#1036,.F.);
#1251 = PLANE('',#1252);
#1252 = AXIS2_PLACEMENT_3D('',#1253,#1254,#1255);
#1253 = CARTESIAN_POINT('',(-1.016,-1.27,0.));
#1254 = DIRECTION('',(0.,1.,0.));
#1255 = DIRECTION('',(1.,0.,0.));
#1256 = ADVANCED_FACE('',(#1257),#1263,.F.);
#1257 = FACE_BOUND('',#1258,.F.);
#1258 = EDGE_LOOP('',(#1259,#1260,#1261,#1262));
#1259 = ORIENTED_EDGE('',*,*,#1245,.T.);
#1260 = ORIENTED_EDGE('',*,*,#1127,.T.);
#1261 = ORIENTED_EDGE('',*,*,#1226,.F.);
#1262 = ORIENTED_EDGE('',*,*,#1044,.F.);
#1263 = PLANE('',#1264);
#1264 = AXIS2_PLACEMENT_3D('',#1265,#1266,#1267);
#1265 = CARTESIAN_POINT('',(1.016,-1.27,0.));
#1266 = DIRECTION('',(-0.707106781187,0.707106781187,0.));
#1267 = DIRECTION('',(0.707106781187,0.707106781187,0.));
#1268 = ADVANCED_FACE('',(#1269),#1294,.F.);
#1269 = FACE_BOUND('',#1270,.F.);
#1270 = EDGE_LOOP('',(#1271,#1279,#1287,#1293));
#1271 = ORIENTED_EDGE('',*,*,#1272,.F.);
#1272 = EDGE_CURVE('',#1273,#1070,#1275,.T.);
#1273 = VERTEX_POINT('',#1274);
#1274 = CARTESIAN_POINT('',(0.32,-0.32,-2.84));
#1275 = LINE('',#1276,#1277);
#1276 = CARTESIAN_POINT('',(0.32,-0.32,-3.));
#1277 = VECTOR('',#1278,1.);
#1278 = DIRECTION('',(0.,0.,1.));
#1279 = ORIENTED_EDGE('',*,*,#1280,.F.);
#1280 = EDGE_CURVE('',#1281,#1273,#1283,.T.);
#1281 = VERTEX_POINT('',#1282);
#1282 = CARTESIAN_POINT('',(-0.32,-0.32,-2.84));
#1283 = LINE('',#1284,#1285);
#1284 = CARTESIAN_POINT('',(-0.32,-0.32,-2.84));
#1285 = VECTOR('',#1286,1.);
#1286 = DIRECTION('',(1.,0.,0.));
#1287 = ORIENTED_EDGE('',*,*,#1288,.T.);
#1288 = EDGE_CURVE('',#1281,#1072,#1289,.T.);
#1289 = LINE('',#1290,#1291);
#1290 = CARTESIAN_POINT('',(-0.32,-0.32,-3.));
#1291 = VECTOR('',#1292,1.);
#1292 = DIRECTION('',(0.,0.,1.));
#1293 = ORIENTED_EDGE('',*,*,#1069,.F.);
#1294 = PLANE('',#1295);
#1295 = AXIS2_PLACEMENT_3D('',#1296,#1297,#1298);
#1296 = CARTESIAN_POINT('',(-0.32,-0.32,-3.));
#1297 = DIRECTION('',(0.,1.,0.));
#1298 = DIRECTION('',(0.,-0.,1.));
#1299 = ADVANCED_FACE('',(#1300),#1318,.T.);
#1300 = FACE_BOUND('',#1301,.T.);
#1301 = EDGE_LOOP('',(#1302,#1303,#1311,#1317));
#1302 = ORIENTED_EDGE('',*,*,#1272,.F.);
#1303 = ORIENTED_EDGE('',*,*,#1304,.T.);
#1304 = EDGE_CURVE('',#1273,#1305,#1307,.T.);
#1305 = VERTEX_POINT('',#1306);
#1306 = CARTESIAN_POINT('',(0.32,0.32,-2.84));
#1307 = LINE('',#1308,#1309);
#1308 = CARTESIAN_POINT('',(0.32,-0.32,-2.84));
#1309 = VECTOR('',#1310,1.);
#1310 = DIRECTION('',(0.,1.,0.));
#1311 = ORIENTED_EDGE('',*,*,#1312,.T.);
#1312 = EDGE_CURVE('',#1305,#1088,#1313,.T.);
#1313 = LINE('',#1314,#1315);
#1314 = CARTESIAN_POINT('',(0.32,0.32,-3.));
#1315 = VECTOR('',#1316,1.);
#1316 = DIRECTION('',(0.,0.,1.));
#1317 = ORIENTED_EDGE('',*,*,#1095,.F.);
#1318 = PLANE('',#1319);
#1319 = AXIS2_PLACEMENT_3D('',#1320,#1321,#1322);
#1320 = CARTESIAN_POINT('',(0.32,-0.32,-3.));
#1321 = DIRECTION('',(1.,0.,0.));
#1322 = DIRECTION('',(0.,0.,1.));
#1323 = ADVANCED_FACE('',(#1324),#1342,.T.);
#1324 = FACE_BOUND('',#1325,.T.);
#1325 = EDGE_LOOP('',(#1326,#1327,#1335,#1341));
#1326 = ORIENTED_EDGE('',*,*,#1312,.F.);
#1327 = ORIENTED_EDGE('',*,*,#1328,.F.);
#1328 = EDGE_CURVE('',#1329,#1305,#1331,.T.);
#1329 = VERTEX_POINT('',#1330);
#1330 = CARTESIAN_POINT('',(-0.32,0.32,-2.84));
#1331 = LINE('',#1332,#1333);
#1332 = CARTESIAN_POINT('',(-0.32,0.32,-2.84));
#1333 = VECTOR('',#1334,1.);
#1334 = DIRECTION('',(1.,0.,0.));
#1335 = ORIENTED_EDGE('',*,*,#1336,.T.);
#1336 = EDGE_CURVE('',#1329,#1080,#1337,.T.);
#1337 = LINE('',#1338,#1339);
#1338 = CARTESIAN_POINT('',(-0.32,0.32,-3.));
#1339 = VECTOR('',#1340,1.);
#1340 = DIRECTION('',(0.,0.,1.));
#1341 = ORIENTED_EDGE('',*,*,#1087,.F.);
#1342 = PLANE('',#1343);
#1343 = AXIS2_PLACEMENT_3D('',#1344,#1345,#1346);
#1344 = CARTESIAN_POINT('',(-0.32,0.32,-3.));
#1345 = DIRECTION('',(0.,1.,0.));
#1346 = DIRECTION('',(0.,-0.,1.));
#1347 = ADVANCED_FACE('',(#1348),#1359,.F.);
#1348 = FACE_BOUND('',#1349,.F.);
#1349 = EDGE_LOOP('',(#1350,#1351,#1357,#1358));
#1350 = ORIENTED_EDGE('',*,*,#1288,.F.);
#1351 = ORIENTED_EDGE('',*,*,#1352,.T.);
#1352 = EDGE_CURVE('',#1281,#1329,#1353,.T.);
#1353 = LINE('',#1354,#1355);
#1354 = CARTESIAN_POINT('',(-0.32,-0.32,-2.84));
#1355 = VECTOR('',#1356,1.);
#1356 = DIRECTION('',(0.,1.,0.));
#1357 = ORIENTED_EDGE('',*,*,#1336,.T.);
#1358 = ORIENTED_EDGE('',*,*,#1079,.F.);
#1359 = PLANE('',#1360);
#1360 = AXIS2_PLACEMENT_3D('',#1361,#1362,#1363);
#1361 = CARTESIAN_POINT('',(-0.32,-0.32,-3.));
#1362 = DIRECTION('',(1.,0.,0.));
#1363 = DIRECTION('',(0.,0.,1.));
#1364 = ADVANCED_FACE('',(#1365),#1390,.F.);
#1365 = FACE_BOUND('',#1366,.F.);
#1366 = EDGE_LOOP('',(#1367,#1375,#1376,#1384));
#1367 = ORIENTED_EDGE('',*,*,#1368,.F.);
#1368 = EDGE_CURVE('',#1153,#1369,#1371,.T.);
#1369 = VERTEX_POINT('',#1370);
#1370 = CARTESIAN_POINT('',(0.32,-0.32,8.38));
#1371 = LINE('',#1372,#1373);
#1372 = CARTESIAN_POINT('',(0.32,-0.32,-3.));
#1373 = VECTOR('',#1374,1.);
#1374 = DIRECTION('',(0.,0.,1.));
#1375 = ORIENTED_EDGE('',*,*,#1152,.T.);
#1376 = ORIENTED_EDGE('',*,*,#1377,.T.);
#1377 = EDGE_CURVE('',#1155,#1378,#1380,.T.);
#1378 = VERTEX_POINT('',#1379);
#1379 = CARTESIAN_POINT('',(-0.32,-0.32,8.38));
#1380 = LINE('',#1381,#1382);
#1381 = CARTESIAN_POINT('',(-0.32,-0.32,-3.));
#1382 = VECTOR('',#1383,1.);
#1383 = DIRECTION('',(0.,0.,1.));
#1384 = ORIENTED_EDGE('',*,*,#1385,.T.);
#1385 = EDGE_CURVE('',#1378,#1369,#1386,.T.);
#1386 = LINE('',#1387,#1388);
#1387 = CARTESIAN_POINT('',(-0.32,-0.32,8.38));
#1388 = VECTOR('',#1389,1.);
#1389 = DIRECTION('',(1.,0.,0.));
#1390 = PLANE('',#1391);
#1391 = AXIS2_PLACEMENT_3D('',#1392,#1393,#1394);
#1392 = CARTESIAN_POINT('',(-0.32,-0.32,-3.));
#1393 = DIRECTION('',(0.,1.,0.));
#1394 = DIRECTION('',(0.,-0.,1.));
#1395 = ADVANCED_FACE('',(#1396),#1414,.T.);
#1396 = FACE_BOUND('',#1397,.T.);
#1397 = EDGE_LOOP('',(#1398,#1399,#1400,#1408));
#1398 = ORIENTED_EDGE('',*,*,#1368,.F.);
#1399 = ORIENTED_EDGE('',*,*,#1178,.T.);
#1400 = ORIENTED_EDGE('',*,*,#1401,.T.);
#1401 = EDGE_CURVE('',#1171,#1402,#1404,.T.);
#1402 = VERTEX_POINT('',#1403);
#1403 = CARTESIAN_POINT('',(0.32,0.32,8.38));
#1404 = LINE('',#1405,#1406);
#1405 = CARTESIAN_POINT('',(0.32,0.32,-3.));
#1406 = VECTOR('',#1407,1.);
#1407 = DIRECTION('',(0.,0.,1.));
#1408 = ORIENTED_EDGE('',*,*,#1409,.F.);
#1409 = EDGE_CURVE('',#1369,#1402,#1410,.T.);
#1410 = LINE('',#1411,#1412);
#1411 = CARTESIAN_POINT('',(0.32,-0.32,8.38));
#1412 = VECTOR('',#1413,1.);
#1413 = DIRECTION('',(0.,1.,0.));
#1414 = PLANE('',#1415);
#1415 = AXIS2_PLACEMENT_3D('',#1416,#1417,#1418);
#1416 = CARTESIAN_POINT('',(0.32,-0.32,-3.));
#1417 = DIRECTION('',(1.,0.,0.));
#1418 = DIRECTION('',(0.,0.,1.));
#1419 = ADVANCED_FACE('',(#1420),#1438,.T.);
#1420 = FACE_BOUND('',#1421,.T.);
#1421 = EDGE_LOOP('',(#1422,#1423,#1424,#1432));
#1422 = ORIENTED_EDGE('',*,*,#1401,.F.);
#1423 = ORIENTED_EDGE('',*,*,#1170,.T.);
#1424 = ORIENTED_EDGE('',*,*,#1425,.T.);
#1425 = EDGE_CURVE('',#1163,#1426,#1428,.T.);
#1426 = VERTEX_POINT('',#1427);
#1427 = CARTESIAN_POINT('',(-0.32,0.32,8.38));
#1428 = LINE('',#1429,#1430);
#1429 = CARTESIAN_POINT('',(-0.32,0.32,-3.));
#1430 = VECTOR('',#1431,1.);
#1431 = DIRECTION('',(0.,0.,1.));
#1432 = ORIENTED_EDGE('',*,*,#1433,.T.);
#1433 = EDGE_CURVE('',#1426,#1402,#1434,.T.);
#1434 = LINE('',#1435,#1436);
#1435 = CARTESIAN_POINT('',(-0.32,0.32,8.38));
#1436 = VECTOR('',#1437,1.);
#1437 = DIRECTION('',(1.,0.,0.));
#1438 = PLANE('',#1439);
#1439 = AXIS2_PLACEMENT_3D('',#1440,#1441,#1442);
#1440 = CARTESIAN_POINT('',(-0.32,0.32,-3.));
#1441 = DIRECTION('',(0.,1.,0.));
#1442 = DIRECTION('',(0.,-0.,1.));
#1443 = ADVANCED_FACE('',(#1444),#1455,.F.);
#1444 = FACE_BOUND('',#1445,.F.);
#1445 = EDGE_LOOP('',(#1446,#1447,#1448,#1449));
#1446 = ORIENTED_EDGE('',*,*,#1377,.F.);
#1447 = ORIENTED_EDGE('',*,*,#1162,.T.);
#1448 = ORIENTED_EDGE('',*,*,#1425,.T.);
#1449 = ORIENTED_EDGE('',*,*,#1450,.F.);
#1450 = EDGE_CURVE('',#1378,#1426,#1451,.T.);
#1451 = LINE('',#1452,#1453);
#1452 = CARTESIAN_POINT('',(-0.32,-0.32,8.38));
#1453 = VECTOR('',#1454,1.);
#1454 = DIRECTION('',(0.,1.,0.));
#1455 = PLANE('',#1456);
#1456 = AXIS2_PLACEMENT_3D('',#1457,#1458,#1459);
#1457 = CARTESIAN_POINT('',(-0.32,-0.32,-3.));
#1458 = DIRECTION('',(1.,0.,0.));
#1459 = DIRECTION('',(0.,0.,1.));
#1460 = ADVANCED_FACE('',(#1461),#1486,.T.);
#1461 = FACE_BOUND('',#1462,.F.);
#1462 = EDGE_LOOP('',(#1463,#1471,#1472,#1480));
#1463 = ORIENTED_EDGE('',*,*,#1464,.F.);
#1464 = EDGE_CURVE('',#1281,#1465,#1467,.T.);
#1465 = VERTEX_POINT('',#1466);
#1466 = CARTESIAN_POINT('',(-0.16,-0.16,-3.));
#1467 = LINE('',#1468,#1469);
#1468 = CARTESIAN_POINT('',(-0.266666666667,-0.266666666667,
    -2.893333333333));
#1469 = VECTOR('',#1470,1.);
#1470 = DIRECTION('',(0.57735026919,0.57735026919,-0.57735026919));
#1471 = ORIENTED_EDGE('',*,*,#1280,.T.);
#1472 = ORIENTED_EDGE('',*,*,#1473,.T.);
#1473 = EDGE_CURVE('',#1273,#1474,#1476,.T.);
#1474 = VERTEX_POINT('',#1475);
#1475 = CARTESIAN_POINT('',(0.16,-0.16,-3.));
#1476 = LINE('',#1477,#1478);
#1477 = CARTESIAN_POINT('',(0.16,-0.16,-3.));
#1478 = VECTOR('',#1479,1.);
#1479 = DIRECTION('',(-0.57735026919,0.57735026919,-0.57735026919));
#1480 = ORIENTED_EDGE('',*,*,#1481,.F.);
#1481 = EDGE_CURVE('',#1465,#1474,#1482,.T.);
#1482 = LINE('',#1483,#1484);
#1483 = CARTESIAN_POINT('',(-0.32,-0.16,-3.));
#1484 = VECTOR('',#1485,1.);
#1485 = DIRECTION('',(1.,0.,0.));
#1486 = PLANE('',#1487);
#1487 = AXIS2_PLACEMENT_3D('',#1488,#1489,#1490);
#1488 = CARTESIAN_POINT('',(-0.32,-0.24,-2.92));
#1489 = DIRECTION('',(1.735167508357E-18,-0.707106781187,-0.707106781187
    ));
#1490 = DIRECTION('',(-1.,-1.226948711654E-18,-1.226948711654E-18));
#1491 = ADVANCED_FACE('',(#1492),#1510,.F.);
#1492 = FACE_BOUND('',#1493,.F.);
#1493 = EDGE_LOOP('',(#1494,#1495,#1496,#1504));
#1494 = ORIENTED_EDGE('',*,*,#1473,.F.);
#1495 = ORIENTED_EDGE('',*,*,#1304,.T.);
#1496 = ORIENTED_EDGE('',*,*,#1497,.T.);
#1497 = EDGE_CURVE('',#1305,#1498,#1500,.T.);
#1498 = VERTEX_POINT('',#1499);
#1499 = CARTESIAN_POINT('',(0.16,0.16,-3.));
#1500 = LINE('',#1501,#1502);
#1501 = CARTESIAN_POINT('',(5.333333333333E-02,5.333333333333E-02,
    -3.106666666667));
#1502 = VECTOR('',#1503,1.);
#1503 = DIRECTION('',(-0.57735026919,-0.57735026919,-0.57735026919));
#1504 = ORIENTED_EDGE('',*,*,#1505,.F.);
#1505 = EDGE_CURVE('',#1474,#1498,#1506,.T.);
#1506 = LINE('',#1507,#1508);
#1507 = CARTESIAN_POINT('',(0.16,-0.32,-3.));
#1508 = VECTOR('',#1509,1.);
#1509 = DIRECTION('',(0.,1.,0.));
#1510 = PLANE('',#1511);
#1511 = AXIS2_PLACEMENT_3D('',#1512,#1513,#1514);
#1512 = CARTESIAN_POINT('',(0.24,-0.32,-2.92));
#1513 = DIRECTION('',(-0.707106781187,1.735167508357E-18,0.707106781187)
  );
#1514 = DIRECTION('',(1.226948711654E-18,1.,-1.226948711654E-18));
#1515 = ADVANCED_FACE('',(#1516),#1534,.F.);
#1516 = FACE_BOUND('',#1517,.T.);
#1517 = EDGE_LOOP('',(#1518,#1526,#1527,#1528));
#1518 = ORIENTED_EDGE('',*,*,#1519,.F.);
#1519 = EDGE_CURVE('',#1329,#1520,#1522,.T.);
#1520 = VERTEX_POINT('',#1521);
#1521 = CARTESIAN_POINT('',(-0.16,0.16,-3.));
#1522 = LINE('',#1523,#1524);
#1523 = CARTESIAN_POINT('',(-0.16,0.16,-3.));
#1524 = VECTOR('',#1525,1.);
#1525 = DIRECTION('',(0.57735026919,-0.57735026919,-0.57735026919));
#1526 = ORIENTED_EDGE('',*,*,#1328,.T.);
#1527 = ORIENTED_EDGE('',*,*,#1497,.T.);
#1528 = ORIENTED_EDGE('',*,*,#1529,.F.);
#1529 = EDGE_CURVE('',#1520,#1498,#1530,.T.);
#1530 = LINE('',#1531,#1532);
#1531 = CARTESIAN_POINT('',(-0.32,0.16,-3.));
#1532 = VECTOR('',#1533,1.);
#1533 = DIRECTION('',(1.,0.,0.));
#1534 = PLANE('',#1535);
#1535 = AXIS2_PLACEMENT_3D('',#1536,#1537,#1538);
#1536 = CARTESIAN_POINT('',(-0.32,0.24,-2.92));
#1537 = DIRECTION('',(-1.735167508357E-18,-0.707106781187,0.707106781187
    ));
#1538 = DIRECTION('',(-1.,1.226948711654E-18,-1.226948711654E-18));
#1539 = ADVANCED_FACE('',(#1540),#1551,.T.);
#1540 = FACE_BOUND('',#1541,.T.);
#1541 = EDGE_LOOP('',(#1542,#1543,#1544,#1545));
#1542 = ORIENTED_EDGE('',*,*,#1464,.F.);
#1543 = ORIENTED_EDGE('',*,*,#1352,.T.);
#1544 = ORIENTED_EDGE('',*,*,#1519,.T.);
#1545 = ORIENTED_EDGE('',*,*,#1546,.F.);
#1546 = EDGE_CURVE('',#1465,#1520,#1547,.T.);
#1547 = LINE('',#1548,#1549);
#1548 = CARTESIAN_POINT('',(-0.16,-0.32,-3.));
#1549 = VECTOR('',#1550,1.);
#1550 = DIRECTION('',(0.,1.,0.));
#1551 = PLANE('',#1552);
#1552 = AXIS2_PLACEMENT_3D('',#1553,#1554,#1555);
#1553 = CARTESIAN_POINT('',(-0.24,-0.32,-2.92));
#1554 = DIRECTION('',(-0.707106781187,-1.735167508357E-18,
    -0.707106781187));
#1555 = DIRECTION('',(-1.226948711654E-18,1.,-1.226948711654E-18));
#1556 = ADVANCED_FACE('',(#1557),#1582,.F.);
#1557 = FACE_BOUND('',#1558,.T.);
#1558 = EDGE_LOOP('',(#1559,#1567,#1568,#1576));
#1559 = ORIENTED_EDGE('',*,*,#1560,.F.);
#1560 = EDGE_CURVE('',#1378,#1561,#1563,.T.);
#1561 = VERTEX_POINT('',#1562);
#1562 = CARTESIAN_POINT('',(-0.16,-0.16,8.54));
#1563 = LINE('',#1564,#1565);
#1564 = CARTESIAN_POINT('',(-0.266666666667,-0.266666666667,
    8.433333333333));
#1565 = VECTOR('',#1566,1.);
#1566 = DIRECTION('',(0.57735026919,0.57735026919,0.57735026919));
#1567 = ORIENTED_EDGE('',*,*,#1385,.T.);
#1568 = ORIENTED_EDGE('',*,*,#1569,.T.);
#1569 = EDGE_CURVE('',#1369,#1570,#1572,.T.);
#1570 = VERTEX_POINT('',#1571);
#1571 = CARTESIAN_POINT('',(0.16,-0.16,8.54));
#1572 = LINE('',#1573,#1574);
#1573 = CARTESIAN_POINT('',(0.16,-0.16,8.54));
#1574 = VECTOR('',#1575,1.);
#1575 = DIRECTION('',(-0.57735026919,0.57735026919,0.57735026919));
#1576 = ORIENTED_EDGE('',*,*,#1577,.F.);
#1577 = EDGE_CURVE('',#1561,#1570,#1578,.T.);
#1578 = LINE('',#1579,#1580);
#1579 = CARTESIAN_POINT('',(-0.32,-0.16,8.54));
#1580 = VECTOR('',#1581,1.);
#1581 = DIRECTION('',(1.,0.,0.));
#1582 = PLANE('',#1583);
#1583 = AXIS2_PLACEMENT_3D('',#1584,#1585,#1586);
#1584 = CARTESIAN_POINT('',(-0.32,-0.24,8.46));
#1585 = DIRECTION('',(-1.735167508357E-18,0.707106781187,-0.707106781187
    ));
#1586 = DIRECTION('',(-1.,-1.226948711654E-18,1.226948711654E-18));
#1587 = ADVANCED_FACE('',(#1588),#1606,.T.);
#1588 = FACE_BOUND('',#1589,.T.);
#1589 = EDGE_LOOP('',(#1590,#1591,#1592,#1600));
#1590 = ORIENTED_EDGE('',*,*,#1569,.F.);
#1591 = ORIENTED_EDGE('',*,*,#1409,.T.);
#1592 = ORIENTED_EDGE('',*,*,#1593,.T.);
#1593 = EDGE_CURVE('',#1402,#1594,#1596,.T.);
#1594 = VERTEX_POINT('',#1595);
#1595 = CARTESIAN_POINT('',(0.16,0.16,8.54));
#1596 = LINE('',#1597,#1598);
#1597 = CARTESIAN_POINT('',(5.333333333333E-02,5.333333333333E-02,
    8.646666666667));
#1598 = VECTOR('',#1599,1.);
#1599 = DIRECTION('',(-0.57735026919,-0.57735026919,0.57735026919));
#1600 = ORIENTED_EDGE('',*,*,#1601,.F.);
#1601 = EDGE_CURVE('',#1570,#1594,#1602,.T.);
#1602 = LINE('',#1603,#1604);
#1603 = CARTESIAN_POINT('',(0.16,-0.32,8.54));
#1604 = VECTOR('',#1605,1.);
#1605 = DIRECTION('',(0.,1.,0.));
#1606 = PLANE('',#1607);
#1607 = AXIS2_PLACEMENT_3D('',#1608,#1609,#1610);
#1608 = CARTESIAN_POINT('',(0.24,-0.32,8.46));
#1609 = DIRECTION('',(0.707106781187,-1.735167508357E-18,0.707106781187)
  );
#1610 = DIRECTION('',(1.226948711654E-18,1.,1.226948711654E-18));
#1611 = ADVANCED_FACE('',(#1612),#1630,.T.);
#1612 = FACE_BOUND('',#1613,.F.);
#1613 = EDGE_LOOP('',(#1614,#1622,#1623,#1624));
#1614 = ORIENTED_EDGE('',*,*,#1615,.F.);
#1615 = EDGE_CURVE('',#1426,#1616,#1618,.T.);
#1616 = VERTEX_POINT('',#1617);
#1617 = CARTESIAN_POINT('',(-0.16,0.16,8.54));
#1618 = LINE('',#1619,#1620);
#1619 = CARTESIAN_POINT('',(-0.16,0.16,8.54));
#1620 = VECTOR('',#1621,1.);
#1621 = DIRECTION('',(0.57735026919,-0.57735026919,0.57735026919));
#1622 = ORIENTED_EDGE('',*,*,#1433,.T.);
#1623 = ORIENTED_EDGE('',*,*,#1593,.T.);
#1624 = ORIENTED_EDGE('',*,*,#1625,.F.);
#1625 = EDGE_CURVE('',#1616,#1594,#1626,.T.);
#1626 = LINE('',#1627,#1628);
#1627 = CARTESIAN_POINT('',(-0.32,0.16,8.54));
#1628 = VECTOR('',#1629,1.);
#1629 = DIRECTION('',(1.,0.,0.));
#1630 = PLANE('',#1631);
#1631 = AXIS2_PLACEMENT_3D('',#1632,#1633,#1634);
#1632 = CARTESIAN_POINT('',(-0.32,0.24,8.46));
#1633 = DIRECTION('',(1.735167508357E-18,0.707106781187,0.707106781187)
  );
#1634 = DIRECTION('',(-1.,1.226948711654E-18,1.226948711654E-18));
#1635 = ADVANCED_FACE('',(#1636),#1647,.F.);
#1636 = FACE_BOUND('',#1637,.F.);
#1637 = EDGE_LOOP('',(#1638,#1639,#1640,#1641));
#1638 = ORIENTED_EDGE('',*,*,#1560,.F.);
#1639 = ORIENTED_EDGE('',*,*,#1450,.T.);
#1640 = ORIENTED_EDGE('',*,*,#1615,.T.);
#1641 = ORIENTED_EDGE('',*,*,#1642,.F.);
#1642 = EDGE_CURVE('',#1561,#1616,#1643,.T.);
#1643 = LINE('',#1644,#1645);
#1644 = CARTESIAN_POINT('',(-0.16,-0.32,8.54));
#1645 = VECTOR('',#1646,1.);
#1646 = DIRECTION('',(0.,1.,0.));
#1647 = PLANE('',#1648);
#1648 = AXIS2_PLACEMENT_3D('',#1649,#1650,#1651);
#1649 = CARTESIAN_POINT('',(-0.24,-0.32,8.46));
#1650 = DIRECTION('',(0.707106781187,1.735167508357E-18,-0.707106781187)
  );
#1651 = DIRECTION('',(-1.226948711654E-18,1.,1.226948711654E-18));
#1652 = ADVANCED_FACE('',(#1653),#1659,.F.);
#1653 = FACE_BOUND('',#1654,.F.);
#1654 = EDGE_LOOP('',(#1655,#1656,#1657,#1658));
#1655 = ORIENTED_EDGE('',*,*,#1529,.F.);
#1656 = ORIENTED_EDGE('',*,*,#1546,.F.);
#1657 = ORIENTED_EDGE('',*,*,#1481,.T.);
#1658 = ORIENTED_EDGE('',*,*,#1505,.T.);
#1659 = PLANE('',#1660);
#1660 = AXIS2_PLACEMENT_3D('',#1661,#1662,#1663);
#1661 = CARTESIAN_POINT('',(-0.32,-0.32,-3.));
#1662 = DIRECTION('',(0.,0.,1.));
#1663 = DIRECTION('',(1.,0.,-0.));
#1664 = ADVANCED_FACE('',(#1665),#1671,.T.);
#1665 = FACE_BOUND('',#1666,.T.);
#1666 = EDGE_LOOP('',(#1667,#1668,#1669,#1670));
#1667 = ORIENTED_EDGE('',*,*,#1601,.T.);
#1668 = ORIENTED_EDGE('',*,*,#1625,.F.);
#1669 = ORIENTED_EDGE('',*,*,#1642,.F.);
#1670 = ORIENTED_EDGE('',*,*,#1577,.T.);
#1671 = PLANE('',#1672);
#1672 = AXIS2_PLACEMENT_3D('',#1673,#1674,#1675);
#1673 = CARTESIAN_POINT('',(-0.32,-0.32,8.54));
#1674 = DIRECTION('',(0.,0.,1.));
#1675 = DIRECTION('',(1.,0.,-0.));
#1676 = ( GEOMETRIC_REPRESENTATION_CONTEXT(3) 
GLOBAL_UNCERTAINTY_ASSIGNED_CONTEXT((#1680)) 
GLOBAL_UNIT_ASSIGNED_CONTEXT((#1677,#1678,#1679)) REPRESENTATION_CONTEXT
('Context #1','3D Context with UNIT and UNCERTAINTY') );
#1677 = ( LENGTH_UNIT() NAMED_UNIT(*) SI_UNIT(.MILLI.,.METRE.) );
#1678 = ( NAMED_UNIT(*) PLANE_ANGLE_UNIT() SI_UNIT($,.RADIAN.) );
#1679 = ( NAMED_UNIT(*) SI_UNIT($,.STERADIAN.) SOLID_ANGLE_UNIT() );
#1680 = UNCERTAINTY_MEASURE_WITH_UNIT(LENGTH_MEASURE(1.E-07),#1677,
  'distance_accuracy_value','confusion accuracy');
#1681 = CONTEXT_DEPENDENT_SHAPE_REPRESENTATION(#1682,#1684);
#1682 = ( REPRESENTATION_RELATIONSHIP('','',#917,#10) 
REPRESENTATION_RELATIONSHIP_WITH_TRANSFORMATION(#1683) 
SHAPE_REPRESENTATION_RELATIONSHIP() );
#1683 = ITEM_DEFINED_TRANSFORMATION('','',#11,#19);
#1684 = PRODUCT_DEFINITION_SHAPE('Placement','Placement of an item',
  #1685);
#1685 = NEXT_ASSEMBLY_USAGE_OCCURRENCE('2','TP2','',#5,#912,$);
#1686 = PRODUCT_RELATED_PRODUCT_CATEGORY('part',$,(#914));
#1687 = CONTEXT_DEPENDENT_SHAPE_REPRESENTATION(#1688,#1690);
#1688 = ( REPRESENTATION_RELATIONSHIP('','',#917,#10) 
REPRESENTATION_RELATIONSHIP_WITH_TRANSFORMATION(#1689) 
SHAPE_REPRESENTATION_RELATIONSHIP() );
#1689 = ITEM_DEFINED_TRANSFORMATION('','',#11,#23);
#1690 = PRODUCT_DEFINITION_SHAPE('Placement','Placement of an item',
  #1691);
#1691 = NEXT_ASSEMBLY_USAGE_OCCURRENCE('3','TP1','',#5,#912,$);
#1692 = SHAPE_DEFINITION_REPRESENTATION(#1693,#1699);
#1693 = PRODUCT_DEFINITION_SHAPE('','',#1694);
#1694 = PRODUCT_DEFINITION('design','',#1695,#1698);
#1695 = PRODUCT_DEFINITION_FORMATION('','',#1696);
#1696 = PRODUCT('C_0603_1608Metric','C_0603_1608Metric','',(#1697));
#1697 = PRODUCT_CONTEXT('',#2,'mechanical');
#1698 = PRODUCT_DEFINITION_CONTEXT('part definition',#2,'design');
#1699 = ADVANCED_BREP_SHAPE_REPRESENTATION('',(#11,#1700),#2554);
#1700 = MANIFOLD_SOLID_BREP('',#1701);
#1701 = CLOSED_SHELL('',(#1702,#1778,#1809,#1834,#1859,#1883,#1907,#1932
    ,#1957,#1974,#2060,#2092,#2116,#2141,#2165,#2190,#2214,#2239,#2256,
    #2342,#2373,#2398,#2423,#2447,#2471,#2496,#2521,#2538));
#1702 = ADVANCED_FACE('',(#1703),#1773,.F.);
#1703 = FACE_BOUND('',#1704,.F.);
#1704 = EDGE_LOOP('',(#1705,#1715,#1724,#1732,#1741,#1749,#1758,#1766));
#1705 = ORIENTED_EDGE('',*,*,#1706,.F.);
#1706 = EDGE_CURVE('',#1707,#1709,#1711,.T.);
#1707 = VERTEX_POINT('',#1708);
#1708 = CARTESIAN_POINT('',(-0.8,-0.4,3.E-02));
#1709 = VERTEX_POINT('',#1710);
#1710 = CARTESIAN_POINT('',(-0.8,-0.4,0.77));
#1711 = LINE('',#1712,#1713);
#1712 = CARTESIAN_POINT('',(-0.8,-0.4,0.));
#1713 = VECTOR('',#1714,1.);
#1714 = DIRECTION('',(0.,0.,1.));
#1715 = ORIENTED_EDGE('',*,*,#1716,.T.);
#1716 = EDGE_CURVE('',#1707,#1717,#1719,.T.);
#1717 = VERTEX_POINT('',#1718);
#1718 = CARTESIAN_POINT('',(-0.8,-0.37,0.));
#1719 = CIRCLE('',#1720,3.E-02);
#1720 = AXIS2_PLACEMENT_3D('',#1721,#1722,#1723);
#1721 = CARTESIAN_POINT('',(-0.8,-0.37,3.E-02));
#1722 = DIRECTION('',(1.,0.,-0.));
#1723 = DIRECTION('',(0.,0.,1.));
#1724 = ORIENTED_EDGE('',*,*,#1725,.T.);
#1725 = EDGE_CURVE('',#1717,#1726,#1728,.T.);
#1726 = VERTEX_POINT('',#1727);
#1727 = CARTESIAN_POINT('',(-0.8,0.37,0.));
#1728 = LINE('',#1729,#1730);
#1729 = CARTESIAN_POINT('',(-0.8,-0.4,0.));
#1730 = VECTOR('',#1731,1.);
#1731 = DIRECTION('',(0.,1.,0.));
#1732 = ORIENTED_EDGE('',*,*,#1733,.F.);
#1733 = EDGE_CURVE('',#1734,#1726,#1736,.T.);
#1734 = VERTEX_POINT('',#1735);
#1735 = CARTESIAN_POINT('',(-0.8,0.4,3.E-02));
#1736 = CIRCLE('',#1737,3.E-02);
#1737 = AXIS2_PLACEMENT_3D('',#1738,#1739,#1740);
#1738 = CARTESIAN_POINT('',(-0.8,0.37,3.E-02));
#1739 = DIRECTION('',(-1.,0.,0.));
#1740 = DIRECTION('',(0.,0.,1.));
#1741 = ORIENTED_EDGE('',*,*,#1742,.T.);
#1742 = EDGE_CURVE('',#1734,#1743,#1745,.T.);
#1743 = VERTEX_POINT('',#1744);
#1744 = CARTESIAN_POINT('',(-0.8,0.4,0.77));
#1745 = LINE('',#1746,#1747);
#1746 = CARTESIAN_POINT('',(-0.8,0.4,0.));
#1747 = VECTOR('',#1748,1.);
#1748 = DIRECTION('',(0.,0.,1.));
#1749 = ORIENTED_EDGE('',*,*,#1750,.T.);
#1750 = EDGE_CURVE('',#1743,#1751,#1753,.T.);
#1751 = VERTEX_POINT('',#1752);
#1752 = CARTESIAN_POINT('',(-0.8,0.37,0.8));
#1753 = CIRCLE('',#1754,3.E-02);
#1754 = AXIS2_PLACEMENT_3D('',#1755,#1756,#1757);
#1755 = CARTESIAN_POINT('',(-0.8,0.37,0.77));
#1756 = DIRECTION('',(1.,0.,-0.));
#1757 = DIRECTION('',(0.,0.,1.));
#1758 = ORIENTED_EDGE('',*,*,#1759,.F.);
#1759 = EDGE_CURVE('',#1760,#1751,#1762,.T.);
#1760 = VERTEX_POINT('',#1761);
#1761 = CARTESIAN_POINT('',(-0.8,-0.37,0.8));
#1762 = LINE('',#1763,#1764);
#1763 = CARTESIAN_POINT('',(-0.8,-0.4,0.8));
#1764 = VECTOR('',#1765,1.);
#1765 = DIRECTION('',(0.,1.,0.));
#1766 = ORIENTED_EDGE('',*,*,#1767,.F.);
#1767 = EDGE_CURVE('',#1709,#1760,#1768,.T.);
#1768 = CIRCLE('',#1769,3.E-02);
#1769 = AXIS2_PLACEMENT_3D('',#1770,#1771,#1772);
#1770 = CARTESIAN_POINT('',(-0.8,-0.37,0.77));
#1771 = DIRECTION('',(-1.,0.,0.));
#1772 = DIRECTION('',(0.,0.,1.));
#1773 = PLANE('',#1774);
#1774 = AXIS2_PLACEMENT_3D('',#1775,#1776,#1777);
#1775 = CARTESIAN_POINT('',(-0.8,-0.4,0.));
#1776 = DIRECTION('',(1.,0.,0.));
#1777 = DIRECTION('',(0.,0.,1.));
#1778 = ADVANCED_FACE('',(#1779),#1804,.F.);
#1779 = FACE_BOUND('',#1780,.F.);
#1780 = EDGE_LOOP('',(#1781,#1791,#1797,#1798));
#1781 = ORIENTED_EDGE('',*,*,#1782,.F.);
#1782 = EDGE_CURVE('',#1783,#1785,#1787,.T.);
#1783 = VERTEX_POINT('',#1784);
#1784 = CARTESIAN_POINT('',(-0.5,-0.4,3.E-02));
#1785 = VERTEX_POINT('',#1786);
#1786 = CARTESIAN_POINT('',(-0.5,-0.4,0.77));
#1787 = LINE('',#1788,#1789);
#1788 = CARTESIAN_POINT('',(-0.5,-0.4,0.));
#1789 = VECTOR('',#1790,1.);
#1790 = DIRECTION('',(0.,0.,1.));
#1791 = ORIENTED_EDGE('',*,*,#1792,.F.);
#1792 = EDGE_CURVE('',#1707,#1783,#1793,.T.);
#1793 = LINE('',#1794,#1795);
#1794 = CARTESIAN_POINT('',(-0.8,-0.4,3.E-02));
#1795 = VECTOR('',#1796,1.);
#1796 = DIRECTION('',(1.,0.,0.));
#1797 = ORIENTED_EDGE('',*,*,#1706,.T.);
#1798 = ORIENTED_EDGE('',*,*,#1799,.T.);
#1799 = EDGE_CURVE('',#1709,#1785,#1800,.T.);
#1800 = LINE('',#1801,#1802);
#1801 = CARTESIAN_POINT('',(-0.8,-0.4,0.77));
#1802 = VECTOR('',#1803,1.);
#1803 = DIRECTION('',(1.,0.,0.));
#1804 = PLANE('',#1805);
#1805 = AXIS2_PLACEMENT_3D('',#1806,#1807,#1808);
#1806 = CARTESIAN_POINT('',(-0.8,-0.4,0.));
#1807 = DIRECTION('',(0.,1.,0.));
#1808 = DIRECTION('',(0.,-0.,1.));
#1809 = ADVANCED_FACE('',(#1810),#1829,.T.);
#1810 = FACE_BOUND('',#1811,.T.);
#1811 = EDGE_LOOP('',(#1812,#1813,#1821,#1828));
#1812 = ORIENTED_EDGE('',*,*,#1716,.T.);
#1813 = ORIENTED_EDGE('',*,*,#1814,.T.);
#1814 = EDGE_CURVE('',#1717,#1815,#1817,.T.);
#1815 = VERTEX_POINT('',#1816);
#1816 = CARTESIAN_POINT('',(-0.5,-0.37,0.));
#1817 = LINE('',#1818,#1819);
#1818 = CARTESIAN_POINT('',(-0.8,-0.37,0.));
#1819 = VECTOR('',#1820,1.);
#1820 = DIRECTION('',(1.,0.,0.));
#1821 = ORIENTED_EDGE('',*,*,#1822,.F.);
#1822 = EDGE_CURVE('',#1783,#1815,#1823,.T.);
#1823 = CIRCLE('',#1824,3.E-02);
#1824 = AXIS2_PLACEMENT_3D('',#1825,#1826,#1827);
#1825 = CARTESIAN_POINT('',(-0.5,-0.37,3.E-02));
#1826 = DIRECTION('',(1.,0.,-0.));
#1827 = DIRECTION('',(0.,0.,1.));
#1828 = ORIENTED_EDGE('',*,*,#1792,.F.);
#1829 = CYLINDRICAL_SURFACE('',#1830,3.E-02);
#1830 = AXIS2_PLACEMENT_3D('',#1831,#1832,#1833);
#1831 = CARTESIAN_POINT('',(-0.8,-0.37,3.E-02));
#1832 = DIRECTION('',(1.,0.,0.));
#1833 = DIRECTION('',(0.,-1.,0.));
#1834 = ADVANCED_FACE('',(#1835),#1854,.T.);
#1835 = FACE_BOUND('',#1836,.T.);
#1836 = EDGE_LOOP('',(#1837,#1838,#1847,#1853));
#1837 = ORIENTED_EDGE('',*,*,#1799,.T.);
#1838 = ORIENTED_EDGE('',*,*,#1839,.T.);
#1839 = EDGE_CURVE('',#1785,#1840,#1842,.T.);
#1840 = VERTEX_POINT('',#1841);
#1841 = CARTESIAN_POINT('',(-0.5,-0.37,0.8));
#1842 = CIRCLE('',#1843,3.E-02);
#1843 = AXIS2_PLACEMENT_3D('',#1844,#1845,#1846);
#1844 = CARTESIAN_POINT('',(-0.5,-0.37,0.77));
#1845 = DIRECTION('',(-1.,0.,0.));
#1846 = DIRECTION('',(0.,0.,1.));
#1847 = ORIENTED_EDGE('',*,*,#1848,.F.);
#1848 = EDGE_CURVE('',#1760,#1840,#1849,.T.);
#1849 = LINE('',#1850,#1851);
#1850 = CARTESIAN_POINT('',(-0.8,-0.37,0.8));
#1851 = VECTOR('',#1852,1.);
#1852 = DIRECTION('',(1.,0.,0.));
#1853 = ORIENTED_EDGE('',*,*,#1767,.F.);
#1854 = CYLINDRICAL_SURFACE('',#1855,3.E-02);
#1855 = AXIS2_PLACEMENT_3D('',#1856,#1857,#1858);
#1856 = CARTESIAN_POINT('',(-0.8,-0.37,0.77));
#1857 = DIRECTION('',(1.,0.,0.));
#1858 = DIRECTION('',(0.,-1.,0.));
#1859 = ADVANCED_FACE('',(#1860),#1878,.F.);
#1860 = FACE_BOUND('',#1861,.F.);
#1861 = EDGE_LOOP('',(#1862,#1863,#1864,#1872));
#1862 = ORIENTED_EDGE('',*,*,#1725,.F.);
#1863 = ORIENTED_EDGE('',*,*,#1814,.T.);
#1864 = ORIENTED_EDGE('',*,*,#1865,.T.);
#1865 = EDGE_CURVE('',#1815,#1866,#1868,.T.);
#1866 = VERTEX_POINT('',#1867);
#1867 = CARTESIAN_POINT('',(-0.5,0.37,0.));
#1868 = LINE('',#1869,#1870);
#1869 = CARTESIAN_POINT('',(-0.5,-0.4,0.));
#1870 = VECTOR('',#1871,1.);
#1871 = DIRECTION('',(0.,1.,0.));
#1872 = ORIENTED_EDGE('',*,*,#1873,.F.);
#1873 = EDGE_CURVE('',#1726,#1866,#1874,.T.);
#1874 = LINE('',#1875,#1876);
#1875 = CARTESIAN_POINT('',(-0.8,0.37,0.));
#1876 = VECTOR('',#1877,1.);
#1877 = DIRECTION('',(1.,0.,0.));
#1878 = PLANE('',#1879);
#1879 = AXIS2_PLACEMENT_3D('',#1880,#1881,#1882);
#1880 = CARTESIAN_POINT('',(-0.8,-0.4,0.));
#1881 = DIRECTION('',(0.,0.,1.));
#1882 = DIRECTION('',(1.,0.,-0.));
#1883 = ADVANCED_FACE('',(#1884),#1902,.T.);
#1884 = FACE_BOUND('',#1885,.T.);
#1885 = EDGE_LOOP('',(#1886,#1887,#1888,#1896));
#1886 = ORIENTED_EDGE('',*,*,#1759,.F.);
#1887 = ORIENTED_EDGE('',*,*,#1848,.T.);
#1888 = ORIENTED_EDGE('',*,*,#1889,.T.);
#1889 = EDGE_CURVE('',#1840,#1890,#1892,.T.);
#1890 = VERTEX_POINT('',#1891);
#1891 = CARTESIAN_POINT('',(-0.5,0.37,0.8));
#1892 = LINE('',#1893,#1894);
#1893 = CARTESIAN_POINT('',(-0.5,-0.4,0.8));
#1894 = VECTOR('',#1895,1.);
#1895 = DIRECTION('',(0.,1.,0.));
#1896 = ORIENTED_EDGE('',*,*,#1897,.F.);
#1897 = EDGE_CURVE('',#1751,#1890,#1898,.T.);
#1898 = LINE('',#1899,#1900);
#1899 = CARTESIAN_POINT('',(-0.8,0.37,0.8));
#1900 = VECTOR('',#1901,1.);
#1901 = DIRECTION('',(1.,0.,0.));
#1902 = PLANE('',#1903);
#1903 = AXIS2_PLACEMENT_3D('',#1904,#1905,#1906);
#1904 = CARTESIAN_POINT('',(-0.8,-0.4,0.8));
#1905 = DIRECTION('',(0.,0.,1.));
#1906 = DIRECTION('',(1.,0.,-0.));
#1907 = ADVANCED_FACE('',(#1908),#1927,.T.);
#1908 = FACE_BOUND('',#1909,.T.);
#1909 = EDGE_LOOP('',(#1910,#1918,#1925,#1926));
#1910 = ORIENTED_EDGE('',*,*,#1911,.T.);
#1911 = EDGE_CURVE('',#1734,#1912,#1914,.T.);
#1912 = VERTEX_POINT('',#1913);
#1913 = CARTESIAN_POINT('',(-0.5,0.4,3.E-02));
#1914 = LINE('',#1915,#1916);
#1915 = CARTESIAN_POINT('',(-0.8,0.4,3.E-02));
#1916 = VECTOR('',#1917,1.);
#1917 = DIRECTION('',(1.,0.,0.));
#1918 = ORIENTED_EDGE('',*,*,#1919,.T.);
#1919 = EDGE_CURVE('',#1912,#1866,#1920,.T.);
#1920 = CIRCLE('',#1921,3.E-02);
#1921 = AXIS2_PLACEMENT_3D('',#1922,#1923,#1924);
#1922 = CARTESIAN_POINT('',(-0.5,0.37,3.E-02));
#1923 = DIRECTION('',(-1.,0.,0.));
#1924 = DIRECTION('',(0.,0.,1.));
#1925 = ORIENTED_EDGE('',*,*,#1873,.F.);
#1926 = ORIENTED_EDGE('',*,*,#1733,.F.);
#1927 = CYLINDRICAL_SURFACE('',#1928,3.E-02);
#1928 = AXIS2_PLACEMENT_3D('',#1929,#1930,#1931);
#1929 = CARTESIAN_POINT('',(-0.8,0.37,3.E-02));
#1930 = DIRECTION('',(1.,0.,0.));
#1931 = DIRECTION('',(-0.,1.,0.));
#1932 = ADVANCED_FACE('',(#1933),#1952,.T.);
#1933 = FACE_BOUND('',#1934,.T.);
#1934 = EDGE_LOOP('',(#1935,#1936,#1937,#1946));
#1935 = ORIENTED_EDGE('',*,*,#1750,.T.);
#1936 = ORIENTED_EDGE('',*,*,#1897,.T.);
#1937 = ORIENTED_EDGE('',*,*,#1938,.F.);
#1938 = EDGE_CURVE('',#1939,#1890,#1941,.T.);
#1939 = VERTEX_POINT('',#1940);
#1940 = CARTESIAN_POINT('',(-0.5,0.4,0.77));
#1941 = CIRCLE('',#1942,3.E-02);
#1942 = AXIS2_PLACEMENT_3D('',#1943,#1944,#1945);
#1943 = CARTESIAN_POINT('',(-0.5,0.37,0.77));
#1944 = DIRECTION('',(1.,0.,-0.));
#1945 = DIRECTION('',(0.,0.,1.));
#1946 = ORIENTED_EDGE('',*,*,#1947,.F.);
#1947 = EDGE_CURVE('',#1743,#1939,#1948,.T.);
#1948 = LINE('',#1949,#1950);
#1949 = CARTESIAN_POINT('',(-0.8,0.4,0.77));
#1950 = VECTOR('',#1951,1.);
#1951 = DIRECTION('',(1.,0.,0.));
#1952 = CYLINDRICAL_SURFACE('',#1953,3.E-02);
#1953 = AXIS2_PLACEMENT_3D('',#1954,#1955,#1956);
#1954 = CARTESIAN_POINT('',(-0.8,0.37,0.77));
#1955 = DIRECTION('',(1.,0.,0.));
#1956 = DIRECTION('',(-0.,1.,0.));
#1957 = ADVANCED_FACE('',(#1958),#1969,.T.);
#1958 = FACE_BOUND('',#1959,.T.);
#1959 = EDGE_LOOP('',(#1960,#1966,#1967,#1968));
#1960 = ORIENTED_EDGE('',*,*,#1961,.F.);
#1961 = EDGE_CURVE('',#1912,#1939,#1962,.T.);
#1962 = LINE('',#1963,#1964);
#1963 = CARTESIAN_POINT('',(-0.5,0.4,0.));
#1964 = VECTOR('',#1965,1.);
#1965 = DIRECTION('',(0.,0.,1.));
#1966 = ORIENTED_EDGE('',*,*,#1911,.F.);
#1967 = ORIENTED_EDGE('',*,*,#1742,.T.);
#1968 = ORIENTED_EDGE('',*,*,#1947,.T.);
#1969 = PLANE('',#1970);
#1970 = AXIS2_PLACEMENT_3D('',#1971,#1972,#1973);
#1971 = CARTESIAN_POINT('',(-0.8,0.4,0.));
#1972 = DIRECTION('',(0.,1.,0.));
#1973 = DIRECTION('',(0.,-0.,1.));
#1974 = ADVANCED_FACE('',(#1975,#1985),#2055,.T.);
#1975 = FACE_BOUND('',#1976,.T.);
#1976 = EDGE_LOOP('',(#1977,#1978,#1979,#1980,#1981,#1982,#1983,#1984));
#1977 = ORIENTED_EDGE('',*,*,#1782,.F.);
#1978 = ORIENTED_EDGE('',*,*,#1822,.T.);
#1979 = ORIENTED_EDGE('',*,*,#1865,.T.);
#1980 = ORIENTED_EDGE('',*,*,#1919,.F.);
#1981 = ORIENTED_EDGE('',*,*,#1961,.T.);
#1982 = ORIENTED_EDGE('',*,*,#1938,.T.);
#1983 = ORIENTED_EDGE('',*,*,#1889,.F.);
#1984 = ORIENTED_EDGE('',*,*,#1839,.F.);
#1985 = FACE_BOUND('',#1986,.T.);
#1986 = EDGE_LOOP('',(#1987,#1998,#2006,#2015,#2023,#2032,#2040,#2049));
#1987 = ORIENTED_EDGE('',*,*,#1988,.F.);
#1988 = EDGE_CURVE('',#1989,#1991,#1993,.T.);
#1989 = VERTEX_POINT('',#1990);
#1990 = CARTESIAN_POINT('',(-0.5,-0.37,6.E-02));
#1991 = VERTEX_POINT('',#1992);
#1992 = CARTESIAN_POINT('',(-0.5,-0.34,3.E-02));
#1993 = CIRCLE('',#1994,3.E-02);
#1994 = AXIS2_PLACEMENT_3D('',#1995,#1996,#1997);
#1995 = CARTESIAN_POINT('',(-0.5,-0.34,6.E-02));
#1996 = DIRECTION('',(1.,0.,-0.));
#1997 = DIRECTION('',(0.,0.,1.));
#1998 = ORIENTED_EDGE('',*,*,#1999,.T.);
#1999 = EDGE_CURVE('',#1989,#2000,#2002,.T.);
#2000 = VERTEX_POINT('',#2001);
#2001 = CARTESIAN_POINT('',(-0.5,-0.37,0.74));
#2002 = LINE('',#2003,#2004);
#2003 = CARTESIAN_POINT('',(-0.5,-0.37,3.E-02));
#2004 = VECTOR('',#2005,1.);
#2005 = DIRECTION('',(0.,0.,1.));
#2006 = ORIENTED_EDGE('',*,*,#2007,.T.);
#2007 = EDGE_CURVE('',#2000,#2008,#2010,.T.);
#2008 = VERTEX_POINT('',#2009);
#2009 = CARTESIAN_POINT('',(-0.5,-0.34,0.77));
#2010 = CIRCLE('',#2011,3.E-02);
#2011 = AXIS2_PLACEMENT_3D('',#2012,#2013,#2014);
#2012 = CARTESIAN_POINT('',(-0.5,-0.34,0.74));
#2013 = DIRECTION('',(-1.,0.,0.));
#2014 = DIRECTION('',(0.,0.,1.));
#2015 = ORIENTED_EDGE('',*,*,#2016,.T.);
#2016 = EDGE_CURVE('',#2008,#2017,#2019,.T.);
#2017 = VERTEX_POINT('',#2018);
#2018 = CARTESIAN_POINT('',(-0.5,0.34,0.77));
#2019 = LINE('',#2020,#2021);
#2020 = CARTESIAN_POINT('',(-0.5,-0.37,0.77));
#2021 = VECTOR('',#2022,1.);
#2022 = DIRECTION('',(0.,1.,0.));
#2023 = ORIENTED_EDGE('',*,*,#2024,.F.);
#2024 = EDGE_CURVE('',#2025,#2017,#2027,.T.);
#2025 = VERTEX_POINT('',#2026);
#2026 = CARTESIAN_POINT('',(-0.5,0.37,0.74));
#2027 = CIRCLE('',#2028,3.E-02);
#2028 = AXIS2_PLACEMENT_3D('',#2029,#2030,#2031);
#2029 = CARTESIAN_POINT('',(-0.5,0.34,0.74));
#2030 = DIRECTION('',(1.,0.,-0.));
#2031 = DIRECTION('',(0.,0.,1.));
#2032 = ORIENTED_EDGE('',*,*,#2033,.F.);
#2033 = EDGE_CURVE('',#2034,#2025,#2036,.T.);
#2034 = VERTEX_POINT('',#2035);
#2035 = CARTESIAN_POINT('',(-0.5,0.37,6.E-02));
#2036 = LINE('',#2037,#2038);
#2037 = CARTESIAN_POINT('',(-0.5,0.37,3.E-02));
#2038 = VECTOR('',#2039,1.);
#2039 = DIRECTION('',(0.,0.,1.));
#2040 = ORIENTED_EDGE('',*,*,#2041,.T.);
#2041 = EDGE_CURVE('',#2034,#2042,#2044,.T.);
#2042 = VERTEX_POINT('',#2043);
#2043 = CARTESIAN_POINT('',(-0.5,0.34,3.E-02));
#2044 = CIRCLE('',#2045,3.E-02);
#2045 = AXIS2_PLACEMENT_3D('',#2046,#2047,#2048);
#2046 = CARTESIAN_POINT('',(-0.5,0.34,6.E-02));
#2047 = DIRECTION('',(-1.,0.,0.));
#2048 = DIRECTION('',(0.,0.,1.));
#2049 = ORIENTED_EDGE('',*,*,#2050,.F.);
#2050 = EDGE_CURVE('',#1991,#2042,#2051,.T.);
#2051 = LINE('',#2052,#2053);
#2052 = CARTESIAN_POINT('',(-0.5,-0.37,3.E-02));
#2053 = VECTOR('',#2054,1.);
#2054 = DIRECTION('',(0.,1.,0.));
#2055 = PLANE('',#2056);
#2056 = AXIS2_PLACEMENT_3D('',#2057,#2058,#2059);
#2057 = CARTESIAN_POINT('',(-0.5,-0.4,0.));
#2058 = DIRECTION('',(1.,0.,0.));
#2059 = DIRECTION('',(0.,0.,1.));
#2060 = ADVANCED_FACE('',(#2061),#2087,.T.);
#2061 = FACE_BOUND('',#2062,.T.);
#2062 = EDGE_LOOP('',(#2063,#2064,#2072,#2081));
#2063 = ORIENTED_EDGE('',*,*,#1988,.T.);
#2064 = ORIENTED_EDGE('',*,*,#2065,.T.);
#2065 = EDGE_CURVE('',#1991,#2066,#2068,.T.);
#2066 = VERTEX_POINT('',#2067);
#2067 = CARTESIAN_POINT('',(0.5,-0.34,3.E-02));
#2068 = LINE('',#2069,#2070);
#2069 = CARTESIAN_POINT('',(-0.5,-0.34,3.E-02));
#2070 = VECTOR('',#2071,1.);
#2071 = DIRECTION('',(1.,0.,0.));
#2072 = ORIENTED_EDGE('',*,*,#2073,.F.);
#2073 = EDGE_CURVE('',#2074,#2066,#2076,.T.);
#2074 = VERTEX_POINT('',#2075);
#2075 = CARTESIAN_POINT('',(0.5,-0.37,6.E-02));
#2076 = CIRCLE('',#2077,3.E-02);
#2077 = AXIS2_PLACEMENT_3D('',#2078,#2079,#2080);
#2078 = CARTESIAN_POINT('',(0.5,-0.34,6.E-02));
#2079 = DIRECTION('',(1.,0.,-0.));
#2080 = DIRECTION('',(0.,0.,1.));
#2081 = ORIENTED_EDGE('',*,*,#2082,.F.);
#2082 = EDGE_CURVE('',#1989,#2074,#2083,.T.);
#2083 = LINE('',#2084,#2085);
#2084 = CARTESIAN_POINT('',(-0.5,-0.37,6.E-02));
#2085 = VECTOR('',#2086,1.);
#2086 = DIRECTION('',(1.,0.,0.));
#2087 = CYLINDRICAL_SURFACE('',#2088,3.E-02);
#2088 = AXIS2_PLACEMENT_3D('',#2089,#2090,#2091);
#2089 = CARTESIAN_POINT('',(-0.5,-0.34,6.E-02));
#2090 = DIRECTION('',(1.,0.,0.));
#2091 = DIRECTION('',(0.,-1.,0.));
#2092 = ADVANCED_FACE('',(#2093),#2111,.F.);
#2093 = FACE_BOUND('',#2094,.F.);
#2094 = EDGE_LOOP('',(#2095,#2096,#2097,#2105));
#2095 = ORIENTED_EDGE('',*,*,#2050,.F.);
#2096 = ORIENTED_EDGE('',*,*,#2065,.T.);
#2097 = ORIENTED_EDGE('',*,*,#2098,.T.);
#2098 = EDGE_CURVE('',#2066,#2099,#2101,.T.);
#2099 = VERTEX_POINT('',#2100);
#2100 = CARTESIAN_POINT('',(0.5,0.34,3.E-02));
#2101 = LINE('',#2102,#2103);
#2102 = CARTESIAN_POINT('',(0.5,-0.37,3.E-02));
#2103 = VECTOR('',#2104,1.);
#2104 = DIRECTION('',(0.,1.,0.));
#2105 = ORIENTED_EDGE('',*,*,#2106,.F.);
#2106 = EDGE_CURVE('',#2042,#2099,#2107,.T.);
#2107 = LINE('',#2108,#2109);
#2108 = CARTESIAN_POINT('',(-0.5,0.34,3.E-02));
#2109 = VECTOR('',#2110,1.);
#2110 = DIRECTION('',(1.,0.,0.));
#2111 = PLANE('',#2112);
#2112 = AXIS2_PLACEMENT_3D('',#2113,#2114,#2115);
#2113 = CARTESIAN_POINT('',(-0.5,-0.37,3.E-02));
#2114 = DIRECTION('',(0.,0.,1.));
#2115 = DIRECTION('',(1.,0.,-0.));
#2116 = ADVANCED_FACE('',(#2117),#2136,.T.);
#2117 = FACE_BOUND('',#2118,.T.);
#2118 = EDGE_LOOP('',(#2119,#2127,#2134,#2135));
#2119 = ORIENTED_EDGE('',*,*,#2120,.T.);
#2120 = EDGE_CURVE('',#2034,#2121,#2123,.T.);
#2121 = VERTEX_POINT('',#2122);
#2122 = CARTESIAN_POINT('',(0.5,0.37,6.E-02));
#2123 = LINE('',#2124,#2125);
#2124 = CARTESIAN_POINT('',(-0.5,0.37,6.E-02));
#2125 = VECTOR('',#2126,1.);
#2126 = DIRECTION('',(1.,0.,0.));
#2127 = ORIENTED_EDGE('',*,*,#2128,.T.);
#2128 = EDGE_CURVE('',#2121,#2099,#2129,.T.);
#2129 = CIRCLE('',#2130,3.E-02);
#2130 = AXIS2_PLACEMENT_3D('',#2131,#2132,#2133);
#2131 = CARTESIAN_POINT('',(0.5,0.34,6.E-02));
#2132 = DIRECTION('',(-1.,0.,0.));
#2133 = DIRECTION('',(0.,0.,1.));
#2134 = ORIENTED_EDGE('',*,*,#2106,.F.);
#2135 = ORIENTED_EDGE('',*,*,#2041,.F.);
#2136 = CYLINDRICAL_SURFACE('',#2137,3.E-02);
#2137 = AXIS2_PLACEMENT_3D('',#2138,#2139,#2140);
#2138 = CARTESIAN_POINT('',(-0.5,0.34,6.E-02));
#2139 = DIRECTION('',(1.,0.,0.));
#2140 = DIRECTION('',(-0.,1.,0.));
#2141 = ADVANCED_FACE('',(#2142),#2160,.T.);
#2142 = FACE_BOUND('',#2143,.T.);
#2143 = EDGE_LOOP('',(#2144,#2152,#2153,#2154));
#2144 = ORIENTED_EDGE('',*,*,#2145,.F.);
#2145 = EDGE_CURVE('',#2121,#2146,#2148,.T.);
#2146 = VERTEX_POINT('',#2147);
#2147 = CARTESIAN_POINT('',(0.5,0.37,0.74));
#2148 = LINE('',#2149,#2150);
#2149 = CARTESIAN_POINT('',(0.5,0.37,3.E-02));
#2150 = VECTOR('',#2151,1.);
#2151 = DIRECTION('',(0.,0.,1.));
#2152 = ORIENTED_EDGE('',*,*,#2120,.F.);
#2153 = ORIENTED_EDGE('',*,*,#2033,.T.);
#2154 = ORIENTED_EDGE('',*,*,#2155,.T.);
#2155 = EDGE_CURVE('',#2025,#2146,#2156,.T.);
#2156 = LINE('',#2157,#2158);
#2157 = CARTESIAN_POINT('',(-0.5,0.37,0.74));
#2158 = VECTOR('',#2159,1.);
#2159 = DIRECTION('',(1.,0.,0.));
#2160 = PLANE('',#2161);
#2161 = AXIS2_PLACEMENT_3D('',#2162,#2163,#2164);
#2162 = CARTESIAN_POINT('',(-0.5,0.37,3.E-02));
#2163 = DIRECTION('',(0.,1.,0.));
#2164 = DIRECTION('',(0.,-0.,1.));
#2165 = ADVANCED_FACE('',(#2166),#2185,.T.);
#2166 = FACE_BOUND('',#2167,.T.);
#2167 = EDGE_LOOP('',(#2168,#2169,#2177,#2184));
#2168 = ORIENTED_EDGE('',*,*,#2024,.T.);
#2169 = ORIENTED_EDGE('',*,*,#2170,.T.);
#2170 = EDGE_CURVE('',#2017,#2171,#2173,.T.);
#2171 = VERTEX_POINT('',#2172);
#2172 = CARTESIAN_POINT('',(0.5,0.34,0.77));
#2173 = LINE('',#2174,#2175);
#2174 = CARTESIAN_POINT('',(-0.5,0.34,0.77));
#2175 = VECTOR('',#2176,1.);
#2176 = DIRECTION('',(1.,0.,0.));
#2177 = ORIENTED_EDGE('',*,*,#2178,.F.);
#2178 = EDGE_CURVE('',#2146,#2171,#2179,.T.);
#2179 = CIRCLE('',#2180,3.E-02);
#2180 = AXIS2_PLACEMENT_3D('',#2181,#2182,#2183);
#2181 = CARTESIAN_POINT('',(0.5,0.34,0.74));
#2182 = DIRECTION('',(1.,0.,-0.));
#2183 = DIRECTION('',(0.,0.,1.));
#2184 = ORIENTED_EDGE('',*,*,#2155,.F.);
#2185 = CYLINDRICAL_SURFACE('',#2186,3.E-02);
#2186 = AXIS2_PLACEMENT_3D('',#2187,#2188,#2189);
#2187 = CARTESIAN_POINT('',(-0.5,0.34,0.74));
#2188 = DIRECTION('',(1.,0.,0.));
#2189 = DIRECTION('',(-0.,1.,0.));
#2190 = ADVANCED_FACE('',(#2191),#2209,.T.);
#2191 = FACE_BOUND('',#2192,.T.);
#2192 = EDGE_LOOP('',(#2193,#2194,#2202,#2208));
#2193 = ORIENTED_EDGE('',*,*,#2016,.F.);
#2194 = ORIENTED_EDGE('',*,*,#2195,.T.);
#2195 = EDGE_CURVE('',#2008,#2196,#2198,.T.);
#2196 = VERTEX_POINT('',#2197);
#2197 = CARTESIAN_POINT('',(0.5,-0.34,0.77));
#2198 = LINE('',#2199,#2200);
#2199 = CARTESIAN_POINT('',(-0.5,-0.34,0.77));
#2200 = VECTOR('',#2201,1.);
#2201 = DIRECTION('',(1.,0.,0.));
#2202 = ORIENTED_EDGE('',*,*,#2203,.T.);
#2203 = EDGE_CURVE('',#2196,#2171,#2204,.T.);
#2204 = LINE('',#2205,#2206);
#2205 = CARTESIAN_POINT('',(0.5,-0.37,0.77));
#2206 = VECTOR('',#2207,1.);
#2207 = DIRECTION('',(0.,1.,0.));
#2208 = ORIENTED_EDGE('',*,*,#2170,.F.);
#2209 = PLANE('',#2210);
#2210 = AXIS2_PLACEMENT_3D('',#2211,#2212,#2213);
#2211 = CARTESIAN_POINT('',(-0.5,-0.37,0.77));
#2212 = DIRECTION('',(0.,0.,1.));
#2213 = DIRECTION('',(1.,0.,-0.));
#2214 = ADVANCED_FACE('',(#2215),#2234,.T.);
#2215 = FACE_BOUND('',#2216,.T.);
#2216 = EDGE_LOOP('',(#2217,#2225,#2232,#2233));
#2217 = ORIENTED_EDGE('',*,*,#2218,.T.);
#2218 = EDGE_CURVE('',#2000,#2219,#2221,.T.);
#2219 = VERTEX_POINT('',#2220);
#2220 = CARTESIAN_POINT('',(0.5,-0.37,0.74));
#2221 = LINE('',#2222,#2223);
#2222 = CARTESIAN_POINT('',(-0.5,-0.37,0.74));
#2223 = VECTOR('',#2224,1.);
#2224 = DIRECTION('',(1.,0.,0.));
#2225 = ORIENTED_EDGE('',*,*,#2226,.T.);
#2226 = EDGE_CURVE('',#2219,#2196,#2227,.T.);
#2227 = CIRCLE('',#2228,3.E-02);
#2228 = AXIS2_PLACEMENT_3D('',#2229,#2230,#2231);
#2229 = CARTESIAN_POINT('',(0.5,-0.34,0.74));
#2230 = DIRECTION('',(-1.,0.,0.));
#2231 = DIRECTION('',(0.,0.,1.));
#2232 = ORIENTED_EDGE('',*,*,#2195,.F.);
#2233 = ORIENTED_EDGE('',*,*,#2007,.F.);
#2234 = CYLINDRICAL_SURFACE('',#2235,3.E-02);
#2235 = AXIS2_PLACEMENT_3D('',#2236,#2237,#2238);
#2236 = CARTESIAN_POINT('',(-0.5,-0.34,0.74));
#2237 = DIRECTION('',(1.,0.,0.));
#2238 = DIRECTION('',(0.,-1.,0.));
#2239 = ADVANCED_FACE('',(#2240),#2251,.F.);
#2240 = FACE_BOUND('',#2241,.F.);
#2241 = EDGE_LOOP('',(#2242,#2248,#2249,#2250));
#2242 = ORIENTED_EDGE('',*,*,#2243,.F.);
#2243 = EDGE_CURVE('',#2074,#2219,#2244,.T.);
#2244 = LINE('',#2245,#2246);
#2245 = CARTESIAN_POINT('',(0.5,-0.37,3.E-02));
#2246 = VECTOR('',#2247,1.);
#2247 = DIRECTION('',(0.,0.,1.));
#2248 = ORIENTED_EDGE('',*,*,#2082,.F.);
#2249 = ORIENTED_EDGE('',*,*,#1999,.T.);
#2250 = ORIENTED_EDGE('',*,*,#2218,.T.);
#2251 = PLANE('',#2252);
#2252 = AXIS2_PLACEMENT_3D('',#2253,#2254,#2255);
#2253 = CARTESIAN_POINT('',(-0.5,-0.37,3.E-02));
#2254 = DIRECTION('',(0.,1.,0.));
#2255 = DIRECTION('',(0.,-0.,1.));
#2256 = ADVANCED_FACE('',(#2257,#2327),#2337,.F.);
#2257 = FACE_BOUND('',#2258,.F.);
#2258 = EDGE_LOOP('',(#2259,#2269,#2278,#2286,#2295,#2303,#2312,#2320));
#2259 = ORIENTED_EDGE('',*,*,#2260,.F.);
#2260 = EDGE_CURVE('',#2261,#2263,#2265,.T.);
#2261 = VERTEX_POINT('',#2262);
#2262 = CARTESIAN_POINT('',(0.5,-0.4,3.E-02));
#2263 = VERTEX_POINT('',#2264);
#2264 = CARTESIAN_POINT('',(0.5,-0.4,0.77));
#2265 = LINE('',#2266,#2267);
#2266 = CARTESIAN_POINT('',(0.5,-0.4,0.));
#2267 = VECTOR('',#2268,1.);
#2268 = DIRECTION('',(0.,0.,1.));
#2269 = ORIENTED_EDGE('',*,*,#2270,.T.);
#2270 = EDGE_CURVE('',#2261,#2271,#2273,.T.);
#2271 = VERTEX_POINT('',#2272);
#2272 = CARTESIAN_POINT('',(0.5,-0.37,0.));
#2273 = CIRCLE('',#2274,3.E-02);
#2274 = AXIS2_PLACEMENT_3D('',#2275,#2276,#2277);
#2275 = CARTESIAN_POINT('',(0.5,-0.37,3.E-02));
#2276 = DIRECTION('',(1.,0.,-0.));
#2277 = DIRECTION('',(0.,0.,1.));
#2278 = ORIENTED_EDGE('',*,*,#2279,.T.);
#2279 = EDGE_CURVE('',#2271,#2280,#2282,.T.);
#2280 = VERTEX_POINT('',#2281);
#2281 = CARTESIAN_POINT('',(0.5,0.37,0.));
#2282 = LINE('',#2283,#2284);
#2283 = CARTESIAN_POINT('',(0.5,-0.4,0.));
#2284 = VECTOR('',#2285,1.);
#2285 = DIRECTION('',(0.,1.,0.));
#2286 = ORIENTED_EDGE('',*,*,#2287,.F.);
#2287 = EDGE_CURVE('',#2288,#2280,#2290,.T.);
#2288 = VERTEX_POINT('',#2289);
#2289 = CARTESIAN_POINT('',(0.5,0.4,3.E-02));
#2290 = CIRCLE('',#2291,3.E-02);
#2291 = AXIS2_PLACEMENT_3D('',#2292,#2293,#2294);
#2292 = CARTESIAN_POINT('',(0.5,0.37,3.E-02));
#2293 = DIRECTION('',(-1.,0.,0.));
#2294 = DIRECTION('',(0.,0.,1.));
#2295 = ORIENTED_EDGE('',*,*,#2296,.T.);
#2296 = EDGE_CURVE('',#2288,#2297,#2299,.T.);
#2297 = VERTEX_POINT('',#2298);
#2298 = CARTESIAN_POINT('',(0.5,0.4,0.77));
#2299 = LINE('',#2300,#2301);
#2300 = CARTESIAN_POINT('',(0.5,0.4,0.));
#2301 = VECTOR('',#2302,1.);
#2302 = DIRECTION('',(0.,0.,1.));
#2303 = ORIENTED_EDGE('',*,*,#2304,.T.);
#2304 = EDGE_CURVE('',#2297,#2305,#2307,.T.);
#2305 = VERTEX_POINT('',#2306);
#2306 = CARTESIAN_POINT('',(0.5,0.37,0.8));
#2307 = CIRCLE('',#2308,3.E-02);
#2308 = AXIS2_PLACEMENT_3D('',#2309,#2310,#2311);
#2309 = CARTESIAN_POINT('',(0.5,0.37,0.77));
#2310 = DIRECTION('',(1.,0.,-0.));
#2311 = DIRECTION('',(0.,0.,1.));
#2312 = ORIENTED_EDGE('',*,*,#2313,.F.);
#2313 = EDGE_CURVE('',#2314,#2305,#2316,.T.);
#2314 = VERTEX_POINT('',#2315);
#2315 = CARTESIAN_POINT('',(0.5,-0.37,0.8));
#2316 = LINE('',#2317,#2318);
#2317 = CARTESIAN_POINT('',(0.5,-0.4,0.8));
#2318 = VECTOR('',#2319,1.);
#2319 = DIRECTION('',(0.,1.,0.));
#2320 = ORIENTED_EDGE('',*,*,#2321,.F.);
#2321 = EDGE_CURVE('',#2263,#2314,#2322,.T.);
#2322 = CIRCLE('',#2323,3.E-02);
#2323 = AXIS2_PLACEMENT_3D('',#2324,#2325,#2326);
#2324 = CARTESIAN_POINT('',(0.5,-0.37,0.77));
#2325 = DIRECTION('',(-1.,0.,0.));
#2326 = DIRECTION('',(0.,0.,1.));
#2327 = FACE_BOUND('',#2328,.F.);
#2328 = EDGE_LOOP('',(#2329,#2330,#2331,#2332,#2333,#2334,#2335,#2336));
#2329 = ORIENTED_EDGE('',*,*,#2073,.F.);
#2330 = ORIENTED_EDGE('',*,*,#2243,.T.);
#2331 = ORIENTED_EDGE('',*,*,#2226,.T.);
#2332 = ORIENTED_EDGE('',*,*,#2203,.T.);
#2333 = ORIENTED_EDGE('',*,*,#2178,.F.);
#2334 = ORIENTED_EDGE('',*,*,#2145,.F.);
#2335 = ORIENTED_EDGE('',*,*,#2128,.T.);
#2336 = ORIENTED_EDGE('',*,*,#2098,.F.);
#2337 = PLANE('',#2338);
#2338 = AXIS2_PLACEMENT_3D('',#2339,#2340,#2341);
#2339 = CARTESIAN_POINT('',(0.5,-0.4,0.));
#2340 = DIRECTION('',(1.,0.,0.));
#2341 = DIRECTION('',(0.,0.,1.));
#2342 = ADVANCED_FACE('',(#2343),#2368,.F.);
#2343 = FACE_BOUND('',#2344,.F.);
#2344 = EDGE_LOOP('',(#2345,#2355,#2361,#2362));
#2345 = ORIENTED_EDGE('',*,*,#2346,.F.);
#2346 = EDGE_CURVE('',#2347,#2349,#2351,.T.);
#2347 = VERTEX_POINT('',#2348);
#2348 = CARTESIAN_POINT('',(0.8,-0.4,3.E-02));
#2349 = VERTEX_POINT('',#2350);
#2350 = CARTESIAN_POINT('',(0.8,-0.4,0.77));
#2351 = LINE('',#2352,#2353);
#2352 = CARTESIAN_POINT('',(0.8,-0.4,0.));
#2353 = VECTOR('',#2354,1.);
#2354 = DIRECTION('',(0.,0.,1.));
#2355 = ORIENTED_EDGE('',*,*,#2356,.F.);
#2356 = EDGE_CURVE('',#2261,#2347,#2357,.T.);
#2357 = LINE('',#2358,#2359);
#2358 = CARTESIAN_POINT('',(0.5,-0.4,3.E-02));
#2359 = VECTOR('',#2360,1.);
#2360 = DIRECTION('',(1.,0.,0.));
#2361 = ORIENTED_EDGE('',*,*,#2260,.T.);
#2362 = ORIENTED_EDGE('',*,*,#2363,.T.);
#2363 = EDGE_CURVE('',#2263,#2349,#2364,.T.);
#2364 = LINE('',#2365,#2366);
#2365 = CARTESIAN_POINT('',(0.5,-0.4,0.77));
#2366 = VECTOR('',#2367,1.);
#2367 = DIRECTION('',(1.,0.,0.));
#2368 = PLANE('',#2369);
#2369 = AXIS2_PLACEMENT_3D('',#2370,#2371,#2372);
#2370 = CARTESIAN_POINT('',(0.5,-0.4,0.));
#2371 = DIRECTION('',(0.,1.,0.));
#2372 = DIRECTION('',(0.,-0.,1.));
#2373 = ADVANCED_FACE('',(#2374),#2393,.T.);
#2374 = FACE_BOUND('',#2375,.T.);
#2375 = EDGE_LOOP('',(#2376,#2377,#2385,#2392));
#2376 = ORIENTED_EDGE('',*,*,#2270,.T.);
#2377 = ORIENTED_EDGE('',*,*,#2378,.T.);
#2378 = EDGE_CURVE('',#2271,#2379,#2381,.T.);
#2379 = VERTEX_POINT('',#2380);
#2380 = CARTESIAN_POINT('',(0.8,-0.37,0.));
#2381 = LINE('',#2382,#2383);
#2382 = CARTESIAN_POINT('',(0.5,-0.37,0.));
#2383 = VECTOR('',#2384,1.);
#2384 = DIRECTION('',(1.,0.,0.));
#2385 = ORIENTED_EDGE('',*,*,#2386,.F.);
#2386 = EDGE_CURVE('',#2347,#2379,#2387,.T.);
#2387 = CIRCLE('',#2388,3.E-02);
#2388 = AXIS2_PLACEMENT_3D('',#2389,#2390,#2391);
#2389 = CARTESIAN_POINT('',(0.8,-0.37,3.E-02));
#2390 = DIRECTION('',(1.,0.,-0.));
#2391 = DIRECTION('',(0.,0.,1.));
#2392 = ORIENTED_EDGE('',*,*,#2356,.F.);
#2393 = CYLINDRICAL_SURFACE('',#2394,3.E-02);
#2394 = AXIS2_PLACEMENT_3D('',#2395,#2396,#2397);
#2395 = CARTESIAN_POINT('',(0.5,-0.37,3.E-02));
#2396 = DIRECTION('',(1.,0.,0.));
#2397 = DIRECTION('',(0.,-1.,0.));
#2398 = ADVANCED_FACE('',(#2399),#2418,.T.);
#2399 = FACE_BOUND('',#2400,.T.);
#2400 = EDGE_LOOP('',(#2401,#2402,#2411,#2417));
#2401 = ORIENTED_EDGE('',*,*,#2363,.T.);
#2402 = ORIENTED_EDGE('',*,*,#2403,.T.);
#2403 = EDGE_CURVE('',#2349,#2404,#2406,.T.);
#2404 = VERTEX_POINT('',#2405);
#2405 = CARTESIAN_POINT('',(0.8,-0.37,0.8));
#2406 = CIRCLE('',#2407,3.E-02);
#2407 = AXIS2_PLACEMENT_3D('',#2408,#2409,#2410);
#2408 = CARTESIAN_POINT('',(0.8,-0.37,0.77));
#2409 = DIRECTION('',(-1.,0.,0.));
#2410 = DIRECTION('',(0.,0.,1.));
#2411 = ORIENTED_EDGE('',*,*,#2412,.F.);
#2412 = EDGE_CURVE('',#2314,#2404,#2413,.T.);
#2413 = LINE('',#2414,#2415);
#2414 = CARTESIAN_POINT('',(0.5,-0.37,0.8));
#2415 = VECTOR('',#2416,1.);
#2416 = DIRECTION('',(1.,0.,0.));
#2417 = ORIENTED_EDGE('',*,*,#2321,.F.);
#2418 = CYLINDRICAL_SURFACE('',#2419,3.E-02);
#2419 = AXIS2_PLACEMENT_3D('',#2420,#2421,#2422);
#2420 = CARTESIAN_POINT('',(0.5,-0.37,0.77));
#2421 = DIRECTION('',(1.,0.,0.));
#2422 = DIRECTION('',(0.,-1.,0.));
#2423 = ADVANCED_FACE('',(#2424),#2442,.F.);
#2424 = FACE_BOUND('',#2425,.F.);
#2425 = EDGE_LOOP('',(#2426,#2427,#2428,#2436));
#2426 = ORIENTED_EDGE('',*,*,#2279,.F.);
#2427 = ORIENTED_EDGE('',*,*,#2378,.T.);
#2428 = ORIENTED_EDGE('',*,*,#2429,.T.);
#2429 = EDGE_CURVE('',#2379,#2430,#2432,.T.);
#2430 = VERTEX_POINT('',#2431);
#2431 = CARTESIAN_POINT('',(0.8,0.37,0.));
#2432 = LINE('',#2433,#2434);
#2433 = CARTESIAN_POINT('',(0.8,-0.4,0.));
#2434 = VECTOR('',#2435,1.);
#2435 = DIRECTION('',(0.,1.,0.));
#2436 = ORIENTED_EDGE('',*,*,#2437,.F.);
#2437 = EDGE_CURVE('',#2280,#2430,#2438,.T.);
#2438 = LINE('',#2439,#2440);
#2439 = CARTESIAN_POINT('',(0.5,0.37,0.));
#2440 = VECTOR('',#2441,1.);
#2441 = DIRECTION('',(1.,0.,0.));
#2442 = PLANE('',#2443);
#2443 = AXIS2_PLACEMENT_3D('',#2444,#2445,#2446);
#2444 = CARTESIAN_POINT('',(0.5,-0.4,0.));
#2445 = DIRECTION('',(0.,0.,1.));
#2446 = DIRECTION('',(1.,0.,-0.));
#2447 = ADVANCED_FACE('',(#2448),#2466,.T.);
#2448 = FACE_BOUND('',#2449,.T.);
#2449 = EDGE_LOOP('',(#2450,#2451,#2452,#2460));
#2450 = ORIENTED_EDGE('',*,*,#2313,.F.);
#2451 = ORIENTED_EDGE('',*,*,#2412,.T.);
#2452 = ORIENTED_EDGE('',*,*,#2453,.T.);
#2453 = EDGE_CURVE('',#2404,#2454,#2456,.T.);
#2454 = VERTEX_POINT('',#2455);
#2455 = CARTESIAN_POINT('',(0.8,0.37,0.8));
#2456 = LINE('',#2457,#2458);
#2457 = CARTESIAN_POINT('',(0.8,-0.4,0.8));
#2458 = VECTOR('',#2459,1.);
#2459 = DIRECTION('',(0.,1.,0.));
#2460 = ORIENTED_EDGE('',*,*,#2461,.F.);
#2461 = EDGE_CURVE('',#2305,#2454,#2462,.T.);
#2462 = LINE('',#2463,#2464);
#2463 = CARTESIAN_POINT('',(0.5,0.37,0.8));
#2464 = VECTOR('',#2465,1.);
#2465 = DIRECTION('',(1.,0.,0.));
#2466 = PLANE('',#2467);
#2467 = AXIS2_PLACEMENT_3D('',#2468,#2469,#2470);
#2468 = CARTESIAN_POINT('',(0.5,-0.4,0.8));
#2469 = DIRECTION('',(0.,0.,1.));
#2470 = DIRECTION('',(1.,0.,-0.));
#2471 = ADVANCED_FACE('',(#2472),#2491,.T.);
#2472 = FACE_BOUND('',#2473,.T.);
#2473 = EDGE_LOOP('',(#2474,#2482,#2489,#2490));
#2474 = ORIENTED_EDGE('',*,*,#2475,.T.);
#2475 = EDGE_CURVE('',#2288,#2476,#2478,.T.);
#2476 = VERTEX_POINT('',#2477);
#2477 = CARTESIAN_POINT('',(0.8,0.4,3.E-02));
#2478 = LINE('',#2479,#2480);
#2479 = CARTESIAN_POINT('',(0.5,0.4,3.E-02));
#2480 = VECTOR('',#2481,1.);
#2481 = DIRECTION('',(1.,0.,0.));
#2482 = ORIENTED_EDGE('',*,*,#2483,.T.);
#2483 = EDGE_CURVE('',#2476,#2430,#2484,.T.);
#2484 = CIRCLE('',#2485,3.E-02);
#2485 = AXIS2_PLACEMENT_3D('',#2486,#2487,#2488);
#2486 = CARTESIAN_POINT('',(0.8,0.37,3.E-02));
#2487 = DIRECTION('',(-1.,0.,0.));
#2488 = DIRECTION('',(0.,0.,1.));
#2489 = ORIENTED_EDGE('',*,*,#2437,.F.);
#2490 = ORIENTED_EDGE('',*,*,#2287,.F.);
#2491 = CYLINDRICAL_SURFACE('',#2492,3.E-02);
#2492 = AXIS2_PLACEMENT_3D('',#2493,#2494,#2495);
#2493 = CARTESIAN_POINT('',(0.5,0.37,3.E-02));
#2494 = DIRECTION('',(1.,0.,0.));
#2495 = DIRECTION('',(-0.,1.,0.));
#2496 = ADVANCED_FACE('',(#2497),#2516,.T.);
#2497 = FACE_BOUND('',#2498,.T.);
#2498 = EDGE_LOOP('',(#2499,#2500,#2501,#2510));
#2499 = ORIENTED_EDGE('',*,*,#2304,.T.);
#2500 = ORIENTED_EDGE('',*,*,#2461,.T.);
#2501 = ORIENTED_EDGE('',*,*,#2502,.F.);
#2502 = EDGE_CURVE('',#2503,#2454,#2505,.T.);
#2503 = VERTEX_POINT('',#2504);
#2504 = CARTESIAN_POINT('',(0.8,0.4,0.77));
#2505 = CIRCLE('',#2506,3.E-02);
#2506 = AXIS2_PLACEMENT_3D('',#2507,#2508,#2509);
#2507 = CARTESIAN_POINT('',(0.8,0.37,0.77));
#2508 = DIRECTION('',(1.,0.,-0.));
#2509 = DIRECTION('',(0.,0.,1.));
#2510 = ORIENTED_EDGE('',*,*,#2511,.F.);
#2511 = EDGE_CURVE('',#2297,#2503,#2512,.T.);
#2512 = LINE('',#2513,#2514);
#2513 = CARTESIAN_POINT('',(0.5,0.4,0.77));
#2514 = VECTOR('',#2515,1.);
#2515 = DIRECTION('',(1.,0.,0.));
#2516 = CYLINDRICAL_SURFACE('',#2517,3.E-02);
#2517 = AXIS2_PLACEMENT_3D('',#2518,#2519,#2520);
#2518 = CARTESIAN_POINT('',(0.5,0.37,0.77));
#2519 = DIRECTION('',(1.,0.,0.));
#2520 = DIRECTION('',(-0.,1.,0.));
#2521 = ADVANCED_FACE('',(#2522),#2533,.T.);
#2522 = FACE_BOUND('',#2523,.T.);
#2523 = EDGE_LOOP('',(#2524,#2530,#2531,#2532));
#2524 = ORIENTED_EDGE('',*,*,#2525,.F.);
#2525 = EDGE_CURVE('',#2476,#2503,#2526,.T.);
#2526 = LINE('',#2527,#2528);
#2527 = CARTESIAN_POINT('',(0.8,0.4,0.));
#2528 = VECTOR('',#2529,1.);
#2529 = DIRECTION('',(0.,0.,1.));
#2530 = ORIENTED_EDGE('',*,*,#2475,.F.);
#2531 = ORIENTED_EDGE('',*,*,#2296,.T.);
#2532 = ORIENTED_EDGE('',*,*,#2511,.T.);
#2533 = PLANE('',#2534);
#2534 = AXIS2_PLACEMENT_3D('',#2535,#2536,#2537);
#2535 = CARTESIAN_POINT('',(0.5,0.4,0.));
#2536 = DIRECTION('',(0.,1.,0.));
#2537 = DIRECTION('',(0.,-0.,1.));
#2538 = ADVANCED_FACE('',(#2539),#2549,.T.);
#2539 = FACE_BOUND('',#2540,.T.);
#2540 = EDGE_LOOP('',(#2541,#2542,#2543,#2544,#2545,#2546,#2547,#2548));
#2541 = ORIENTED_EDGE('',*,*,#2346,.F.);
#2542 = ORIENTED_EDGE('',*,*,#2386,.T.);
#2543 = ORIENTED_EDGE('',*,*,#2429,.T.);
#2544 = ORIENTED_EDGE('',*,*,#2483,.F.);
#2545 = ORIENTED_EDGE('',*,*,#2525,.T.);
#2546 = ORIENTED_EDGE('',*,*,#2502,.T.);
#2547 = ORIENTED_EDGE('',*,*,#2453,.F.);
#2548 = ORIENTED_EDGE('',*,*,#2403,.F.);
#2549 = PLANE('',#2550);
#2550 = AXIS2_PLACEMENT_3D('',#2551,#2552,#2553);
#2551 = CARTESIAN_POINT('',(0.8,-0.4,0.));
#2552 = DIRECTION('',(1.,0.,0.));
#2553 = DIRECTION('',(0.,0.,1.));
#2554 = ( GEOMETRIC_REPRESENTATION_CONTEXT(3) 
GLOBAL_UNCERTAINTY_ASSIGNED_CONTEXT((#2558)) 
GLOBAL_UNIT_ASSIGNED_CONTEXT((#2555,#2556,#2557)) REPRESENTATION_CONTEXT
('Context #1','3D Context with UNIT and UNCERTAINTY') );
#2555 = ( LENGTH_UNIT() NAMED_UNIT(*) SI_UNIT(.MILLI.,.METRE.) );
#2556 = ( NAMED_UNIT(*) PLANE_ANGLE_UNIT() SI_UNIT($,.RADIAN.) );
#2557 = ( NAMED_UNIT(*) SI_UNIT($,.STERADIAN.) SOLID_ANGLE_UNIT() );
#2558 = UNCERTAINTY_MEASURE_WITH_UNIT(LENGTH_MEASURE(1.E-07),#2555,
  'distance_accuracy_value','confusion accuracy');
#2559 = CONTEXT_DEPENDENT_SHAPE_REPRESENTATION(#2560,#2562);
#2560 = ( REPRESENTATION_RELATIONSHIP('','',#1699,#10) 
REPRESENTATION_RELATIONSHIP_WITH_TRANSFORMATION(#2561) 
SHAPE_REPRESENTATION_RELATIONSHIP() );
#2561 = ITEM_DEFINED_TRANSFORMATION('','',#11,#27);
#2562 = PRODUCT_DEFINITION_SHAPE('Placement','Placement of an item',
  #2563);
#2563 = NEXT_ASSEMBLY_USAGE_OCCURRENCE('4','C2','',#5,#1694,$);
#2564 = PRODUCT_RELATED_PRODUCT_CATEGORY('part',$,(#1696));
#2565 = CONTEXT_DEPENDENT_SHAPE_REPRESENTATION(#2566,#2568);
#2566 = ( REPRESENTATION_RELATIONSHIP('','',#1699,#10) 
REPRESENTATION_RELATIONSHIP_WITH_TRANSFORMATION(#2567) 
SHAPE_REPRESENTATION_RELATIONSHIP() );
#2567 = ITEM_DEFINED_TRANSFORMATION('','',#11,#31);
#2568 = PRODUCT_DEFINITION_SHAPE('Placement','Placement of an item',
  #2569);
#2569 = NEXT_ASSEMBLY_USAGE_OCCURRENCE('5','C4','',#5,#1694,$);
#2570 = SHAPE_DEFINITION_REPRESENTATION(#2571,#2577);
#2571 = PRODUCT_DEFINITION_SHAPE('','',#2572);
#2572 = PRODUCT_DEFINITION('design','',#2573,#2576);
#2573 = PRODUCT_DEFINITION_FORMATION('','',#2574);
#2574 = PRODUCT('LED_0603_1608Metric','LED_0603_1608Metric','',(#2575));
#2575 = PRODUCT_CONTEXT('',#2,'mechanical');
#2576 = PRODUCT_DEFINITION_CONTEXT('part definition',#2,'design');
#2577 = ADVANCED_BREP_SHAPE_REPRESENTATION('',(#11,#2578),#4101);
#2578 = MANIFOLD_SOLID_BREP('',#2579);
#2579 = CLOSED_SHELL('',(#2580,#2620,#2667,#2746,#2770,#2810,#2841,#2858
    ,#2891,#2915,#2982,#3103,#3170,#3194,#3225,#3258,#3314,#3338,#3362,
    #3386,#3419,#3431,#3494,#3519,#3536,#3560,#3578,#3596,#3614,#3631,
    #3648,#3679,#3704,#3729,#3753,#3770,#3801,#3825,#3842,#3870,#3895,
    #3919,#3944,#3991,#4008,#4020,#4042,#4054,#4072,#4090));
#2580 = ADVANCED_FACE('',(#2581),#2615,.F.);
#2581 = FACE_BOUND('',#2582,.F.);
#2582 = EDGE_LOOP('',(#2583,#2593,#2601,#2609));
#2583 = ORIENTED_EDGE('',*,*,#2584,.T.);
#2584 = EDGE_CURVE('',#2585,#2587,#2589,.T.);
#2585 = VERTEX_POINT('',#2586);
#2586 = CARTESIAN_POINT('',(-0.5,-0.4,0.47));
#2587 = VERTEX_POINT('',#2588);
#2588 = CARTESIAN_POINT('',(-0.45,-0.4,1.1));
#2589 = LINE('',#2590,#2591);
#2590 = CARTESIAN_POINT('',(-0.5,-0.4,0.47));
#2591 = VECTOR('',#2592,1.);
#2592 = DIRECTION('',(7.911630099815E-02,0.,0.996865392576));
#2593 = ORIENTED_EDGE('',*,*,#2594,.T.);
#2594 = EDGE_CURVE('',#2587,#2595,#2597,.T.);
#2595 = VERTEX_POINT('',#2596);
#2596 = CARTESIAN_POINT('',(0.45,-0.4,1.1));
#2597 = LINE('',#2598,#2599);
#2598 = CARTESIAN_POINT('',(-0.45,-0.4,1.1));
#2599 = VECTOR('',#2600,1.);
#2600 = DIRECTION('',(1.,0.,0.));
#2601 = ORIENTED_EDGE('',*,*,#2602,.T.);
#2602 = EDGE_CURVE('',#2595,#2603,#2605,.T.);
#2603 = VERTEX_POINT('',#2604);
#2604 = CARTESIAN_POINT('',(0.5,-0.4,0.47));
#2605 = LINE('',#2606,#2607);
#2606 = CARTESIAN_POINT('',(0.45,-0.4,1.1));
#2607 = VECTOR('',#2608,1.);
#2608 = DIRECTION('',(7.911630099815E-02,0.,-0.996865392576));
#2609 = ORIENTED_EDGE('',*,*,#2610,.T.);
#2610 = EDGE_CURVE('',#2603,#2585,#2611,.T.);
#2611 = LINE('',#2612,#2613);
#2612 = CARTESIAN_POINT('',(0.5,-0.4,0.47));
#2613 = VECTOR('',#2614,1.);
#2614 = DIRECTION('',(-1.,0.,0.));
#2615 = PLANE('',#2616);
#2616 = AXIS2_PLACEMENT_3D('',#2617,#2618,#2619);
#2617 = CARTESIAN_POINT('',(-8.772411109409E-18,-0.4,0.775044128294));
#2618 = DIRECTION('',(0.,1.,0.));
#2619 = DIRECTION('',(0.,-0.,1.));
#2620 = ADVANCED_FACE('',(#2621),#2662,.T.);
#2621 = FACE_BOUND('',#2622,.T.);
#2622 = EDGE_LOOP('',(#2623,#2633,#2641,#2647,#2648,#2656));
#2623 = ORIENTED_EDGE('',*,*,#2624,.T.);
#2624 = EDGE_CURVE('',#2625,#2627,#2629,.T.);
#2625 = VERTEX_POINT('',#2626);
#2626 = CARTESIAN_POINT('',(-0.5,0.4,0.47));
#2627 = VERTEX_POINT('',#2628);
#2628 = CARTESIAN_POINT('',(-0.5,0.3,0.47));
#2629 = LINE('',#2630,#2631);
#2630 = CARTESIAN_POINT('',(-0.5,0.4,0.47));
#2631 = VECTOR('',#2632,1.);
#2632 = DIRECTION('',(0.,-1.,0.));
#2633 = ORIENTED_EDGE('',*,*,#2634,.F.);
#2634 = EDGE_CURVE('',#2635,#2627,#2637,.T.);
#2635 = VERTEX_POINT('',#2636);
#2636 = CARTESIAN_POINT('',(-0.5,-0.3,0.47));
#2637 = LINE('',#2638,#2639);
#2638 = CARTESIAN_POINT('',(-0.5,-0.4,0.47));
#2639 = VECTOR('',#2640,1.);
#2640 = DIRECTION('',(0.,1.,0.));
#2641 = ORIENTED_EDGE('',*,*,#2642,.T.);
#2642 = EDGE_CURVE('',#2635,#2585,#2643,.T.);
#2643 = LINE('',#2644,#2645);
#2644 = CARTESIAN_POINT('',(-0.5,0.4,0.47));
#2645 = VECTOR('',#2646,1.);
#2646 = DIRECTION('',(0.,-1.,0.));
#2647 = ORIENTED_EDGE('',*,*,#2584,.T.);
#2648 = ORIENTED_EDGE('',*,*,#2649,.F.);
#2649 = EDGE_CURVE('',#2650,#2587,#2652,.T.);
#2650 = VERTEX_POINT('',#2651);
#2651 = CARTESIAN_POINT('',(-0.45,0.4,1.1));
#2652 = LINE('',#2653,#2654);
#2653 = CARTESIAN_POINT('',(-0.45,0.4,1.1));
#2654 = VECTOR('',#2655,1.);
#2655 = DIRECTION('',(0.,-1.,0.));
#2656 = ORIENTED_EDGE('',*,*,#2657,.F.);
#2657 = EDGE_CURVE('',#2625,#2650,#2658,.T.);
#2658 = LINE('',#2659,#2660);
#2659 = CARTESIAN_POINT('',(-0.5,0.4,0.47));
#2660 = VECTOR('',#2661,1.);
#2661 = DIRECTION('',(7.911630099815E-02,0.,0.996865392576));
#2662 = PLANE('',#2663);
#2663 = AXIS2_PLACEMENT_3D('',#2664,#2665,#2666);
#2664 = CARTESIAN_POINT('',(-0.5,0.4,0.47));
#2665 = DIRECTION('',(-0.996865392576,0.,7.911630099815E-02));
#2666 = DIRECTION('',(7.911630099815E-02,0.,0.996865392576));
#2667 = ADVANCED_FACE('',(#2668),#2741,.F.);
#2668 = FACE_BOUND('',#2669,.F.);
#2669 = EDGE_LOOP('',(#2670,#2680,#2688,#2696,#2702,#2703,#2711,#2719,
    #2727,#2735));
#2670 = ORIENTED_EDGE('',*,*,#2671,.F.);
#2671 = EDGE_CURVE('',#2672,#2674,#2676,.T.);
#2672 = VERTEX_POINT('',#2673);
#2673 = CARTESIAN_POINT('',(-0.77,-0.4,3.E-02));
#2674 = VERTEX_POINT('',#2675);
#2675 = CARTESIAN_POINT('',(-0.725,-0.4,3.E-02));
#2676 = LINE('',#2677,#2678);
#2677 = CARTESIAN_POINT('',(-0.77,-0.4,3.E-02));
#2678 = VECTOR('',#2679,1.);
#2679 = DIRECTION('',(1.,0.,0.));
#2680 = ORIENTED_EDGE('',*,*,#2681,.T.);
#2681 = EDGE_CURVE('',#2672,#2682,#2684,.T.);
#2682 = VERTEX_POINT('',#2683);
#2683 = CARTESIAN_POINT('',(-0.77,-0.4,0.47));
#2684 = LINE('',#2685,#2686);
#2685 = CARTESIAN_POINT('',(-0.77,-0.4,3.E-02));
#2686 = VECTOR('',#2687,1.);
#2687 = DIRECTION('',(0.,0.,1.));
#2688 = ORIENTED_EDGE('',*,*,#2689,.T.);
#2689 = EDGE_CURVE('',#2682,#2690,#2692,.T.);
#2690 = VERTEX_POINT('',#2691);
#2691 = CARTESIAN_POINT('',(-0.725,-0.4,0.47));
#2692 = LINE('',#2693,#2694);
#2693 = CARTESIAN_POINT('',(-0.77,-0.4,0.47));
#2694 = VECTOR('',#2695,1.);
#2695 = DIRECTION('',(1.,0.,0.));
#2696 = ORIENTED_EDGE('',*,*,#2697,.T.);
#2697 = EDGE_CURVE('',#2690,#2585,#2698,.T.);
#2698 = LINE('',#2699,#2700);
#2699 = CARTESIAN_POINT('',(-0.77,-0.4,0.47));
#2700 = VECTOR('',#2701,1.);
#2701 = DIRECTION('',(1.,0.,0.));
#2702 = ORIENTED_EDGE('',*,*,#2610,.F.);
#2703 = ORIENTED_EDGE('',*,*,#2704,.T.);
#2704 = EDGE_CURVE('',#2603,#2705,#2707,.T.);
#2705 = VERTEX_POINT('',#2706);
#2706 = CARTESIAN_POINT('',(0.725,-0.4,0.47));
#2707 = LINE('',#2708,#2709);
#2708 = CARTESIAN_POINT('',(-0.77,-0.4,0.47));
#2709 = VECTOR('',#2710,1.);
#2710 = DIRECTION('',(1.,0.,0.));
#2711 = ORIENTED_EDGE('',*,*,#2712,.T.);
#2712 = EDGE_CURVE('',#2705,#2713,#2715,.T.);
#2713 = VERTEX_POINT('',#2714);
#2714 = CARTESIAN_POINT('',(0.77,-0.4,0.47));
#2715 = LINE('',#2716,#2717);
#2716 = CARTESIAN_POINT('',(-0.77,-0.4,0.47));
#2717 = VECTOR('',#2718,1.);
#2718 = DIRECTION('',(1.,0.,0.));
#2719 = ORIENTED_EDGE('',*,*,#2720,.F.);
#2720 = EDGE_CURVE('',#2721,#2713,#2723,.T.);
#2721 = VERTEX_POINT('',#2722);
#2722 = CARTESIAN_POINT('',(0.77,-0.4,3.E-02));
#2723 = LINE('',#2724,#2725);
#2724 = CARTESIAN_POINT('',(0.77,-0.4,3.E-02));
#2725 = VECTOR('',#2726,1.);
#2726 = DIRECTION('',(0.,0.,1.));
#2727 = ORIENTED_EDGE('',*,*,#2728,.F.);
#2728 = EDGE_CURVE('',#2729,#2721,#2731,.T.);
#2729 = VERTEX_POINT('',#2730);
#2730 = CARTESIAN_POINT('',(0.725,-0.4,3.E-02));
#2731 = LINE('',#2732,#2733);
#2732 = CARTESIAN_POINT('',(-0.77,-0.4,3.E-02));
#2733 = VECTOR('',#2734,1.);
#2734 = DIRECTION('',(1.,0.,0.));
#2735 = ORIENTED_EDGE('',*,*,#2736,.F.);
#2736 = EDGE_CURVE('',#2674,#2729,#2737,.T.);
#2737 = LINE('',#2738,#2739);
#2738 = CARTESIAN_POINT('',(-0.77,-0.4,3.E-02));
#2739 = VECTOR('',#2740,1.);
#2740 = DIRECTION('',(1.,0.,0.));
#2741 = PLANE('',#2742);
#2742 = AXIS2_PLACEMENT_3D('',#2743,#2744,#2745);
#2743 = CARTESIAN_POINT('',(-0.77,-0.4,3.E-02));
#2744 = DIRECTION('',(0.,1.,0.));
#2745 = DIRECTION('',(0.,-0.,1.));
#2746 = ADVANCED_FACE('',(#2747),#2765,.T.);
#2747 = FACE_BOUND('',#2748,.T.);
#2748 = EDGE_LOOP('',(#2749,#2750,#2751,#2759));
#2749 = ORIENTED_EDGE('',*,*,#2649,.T.);
#2750 = ORIENTED_EDGE('',*,*,#2594,.T.);
#2751 = ORIENTED_EDGE('',*,*,#2752,.F.);
#2752 = EDGE_CURVE('',#2753,#2595,#2755,.T.);
#2753 = VERTEX_POINT('',#2754);
#2754 = CARTESIAN_POINT('',(0.45,0.4,1.1));
#2755 = LINE('',#2756,#2757);
#2756 = CARTESIAN_POINT('',(0.45,0.4,1.1));
#2757 = VECTOR('',#2758,1.);
#2758 = DIRECTION('',(0.,-1.,0.));
#2759 = ORIENTED_EDGE('',*,*,#2760,.F.);
#2760 = EDGE_CURVE('',#2650,#2753,#2761,.T.);
#2761 = LINE('',#2762,#2763);
#2762 = CARTESIAN_POINT('',(-0.45,0.4,1.1));
#2763 = VECTOR('',#2764,1.);
#2764 = DIRECTION('',(1.,0.,0.));
#2765 = PLANE('',#2766);
#2766 = AXIS2_PLACEMENT_3D('',#2767,#2768,#2769);
#2767 = CARTESIAN_POINT('',(-0.45,0.4,1.1));
#2768 = DIRECTION('',(0.,0.,1.));
#2769 = DIRECTION('',(1.,0.,-0.));
#2770 = ADVANCED_FACE('',(#2771),#2805,.T.);
#2771 = FACE_BOUND('',#2772,.T.);
#2772 = EDGE_LOOP('',(#2773,#2774,#2775,#2783,#2791,#2799));
#2773 = ORIENTED_EDGE('',*,*,#2752,.T.);
#2774 = ORIENTED_EDGE('',*,*,#2602,.T.);
#2775 = ORIENTED_EDGE('',*,*,#2776,.F.);
#2776 = EDGE_CURVE('',#2777,#2603,#2779,.T.);
#2777 = VERTEX_POINT('',#2778);
#2778 = CARTESIAN_POINT('',(0.5,-0.3,0.47));
#2779 = LINE('',#2780,#2781);
#2780 = CARTESIAN_POINT('',(0.5,0.4,0.47));
#2781 = VECTOR('',#2782,1.);
#2782 = DIRECTION('',(0.,-1.,0.));
#2783 = ORIENTED_EDGE('',*,*,#2784,.T.);
#2784 = EDGE_CURVE('',#2777,#2785,#2787,.T.);
#2785 = VERTEX_POINT('',#2786);
#2786 = CARTESIAN_POINT('',(0.5,0.3,0.47));
#2787 = LINE('',#2788,#2789);
#2788 = CARTESIAN_POINT('',(0.5,-0.4,0.47));
#2789 = VECTOR('',#2790,1.);
#2790 = DIRECTION('',(0.,1.,0.));
#2791 = ORIENTED_EDGE('',*,*,#2792,.F.);
#2792 = EDGE_CURVE('',#2793,#2785,#2795,.T.);
#2793 = VERTEX_POINT('',#2794);
#2794 = CARTESIAN_POINT('',(0.5,0.4,0.47));
#2795 = LINE('',#2796,#2797);
#2796 = CARTESIAN_POINT('',(0.5,0.4,0.47));
#2797 = VECTOR('',#2798,1.);
#2798 = DIRECTION('',(0.,-1.,0.));
#2799 = ORIENTED_EDGE('',*,*,#2800,.F.);
#2800 = EDGE_CURVE('',#2753,#2793,#2801,.T.);
#2801 = LINE('',#2802,#2803);
#2802 = CARTESIAN_POINT('',(0.45,0.4,1.1));
#2803 = VECTOR('',#2804,1.);
#2804 = DIRECTION('',(7.911630099815E-02,0.,-0.996865392576));
#2805 = PLANE('',#2806);
#2806 = AXIS2_PLACEMENT_3D('',#2807,#2808,#2809);
#2807 = CARTESIAN_POINT('',(0.45,0.4,1.1));
#2808 = DIRECTION('',(0.996865392576,0.,7.911630099815E-02));
#2809 = DIRECTION('',(7.911630099815E-02,0.,-0.996865392576));
#2810 = ADVANCED_FACE('',(#2811),#2836,.T.);
#2811 = FACE_BOUND('',#2812,.T.);
#2812 = EDGE_LOOP('',(#2813,#2821,#2829,#2835));
#2813 = ORIENTED_EDGE('',*,*,#2814,.F.);
#2814 = EDGE_CURVE('',#2815,#2625,#2817,.T.);
#2815 = VERTEX_POINT('',#2816);
#2816 = CARTESIAN_POINT('',(-0.725,0.4,0.47));
#2817 = LINE('',#2818,#2819);
#2818 = CARTESIAN_POINT('',(-0.77,0.4,0.47));
#2819 = VECTOR('',#2820,1.);
#2820 = DIRECTION('',(1.,0.,0.));
#2821 = ORIENTED_EDGE('',*,*,#2822,.F.);
#2822 = EDGE_CURVE('',#2823,#2815,#2825,.T.);
#2823 = VERTEX_POINT('',#2824);
#2824 = CARTESIAN_POINT('',(-0.725,0.3,0.47));
#2825 = LINE('',#2826,#2827);
#2826 = CARTESIAN_POINT('',(-0.725,5.E-02,0.47));
#2827 = VECTOR('',#2828,1.);
#2828 = DIRECTION('',(0.,1.,0.));
#2829 = ORIENTED_EDGE('',*,*,#2830,.F.);
#2830 = EDGE_CURVE('',#2627,#2823,#2831,.T.);
#2831 = LINE('',#2832,#2833);
#2832 = CARTESIAN_POINT('',(-0.7475,0.3,0.47));
#2833 = VECTOR('',#2834,1.);
#2834 = DIRECTION('',(-1.,0.,0.));
#2835 = ORIENTED_EDGE('',*,*,#2624,.F.);
#2836 = PLANE('',#2837);
#2837 = AXIS2_PLACEMENT_3D('',#2838,#2839,#2840);
#2838 = CARTESIAN_POINT('',(-0.77,-0.4,0.47));
#2839 = DIRECTION('',(0.,0.,1.));
#2840 = DIRECTION('',(1.,0.,-0.));
#2841 = ADVANCED_FACE('',(#2842),#2853,.T.);
#2842 = FACE_BOUND('',#2843,.T.);
#2843 = EDGE_LOOP('',(#2844,#2845,#2846,#2847));
#2844 = ORIENTED_EDGE('',*,*,#2657,.T.);
#2845 = ORIENTED_EDGE('',*,*,#2760,.T.);
#2846 = ORIENTED_EDGE('',*,*,#2800,.T.);
#2847 = ORIENTED_EDGE('',*,*,#2848,.T.);
#2848 = EDGE_CURVE('',#2793,#2625,#2849,.T.);
#2849 = LINE('',#2850,#2851);
#2850 = CARTESIAN_POINT('',(0.5,0.4,0.47));
#2851 = VECTOR('',#2852,1.);
#2852 = DIRECTION('',(-1.,0.,0.));
#2853 = PLANE('',#2854);
#2854 = AXIS2_PLACEMENT_3D('',#2855,#2856,#2857);
#2855 = CARTESIAN_POINT('',(-8.772411109409E-18,0.4,0.775044128294));
#2856 = DIRECTION('',(0.,1.,0.));
#2857 = DIRECTION('',(0.,-0.,1.));
#2858 = ADVANCED_FACE('',(#2859),#2886,.T.);
#2859 = FACE_BOUND('',#2860,.T.);
#2860 = EDGE_LOOP('',(#2861,#2870,#2878,#2885));
#2861 = ORIENTED_EDGE('',*,*,#2862,.F.);
#2862 = EDGE_CURVE('',#2863,#2627,#2865,.T.);
#2863 = VERTEX_POINT('',#2864);
#2864 = CARTESIAN_POINT('',(-0.53,0.3,0.5));
#2865 = CIRCLE('',#2866,3.E-02);
#2866 = AXIS2_PLACEMENT_3D('',#2867,#2868,#2869);
#2867 = CARTESIAN_POINT('',(-0.53,0.3,0.47));
#2868 = DIRECTION('',(-0.,1.,0.));
#2869 = DIRECTION('',(1.,0.,0.));
#2870 = ORIENTED_EDGE('',*,*,#2871,.F.);
#2871 = EDGE_CURVE('',#2872,#2863,#2874,.T.);
#2872 = VERTEX_POINT('',#2873);
#2873 = CARTESIAN_POINT('',(-0.53,-0.3,0.5));
#2874 = LINE('',#2875,#2876);
#2875 = CARTESIAN_POINT('',(-0.53,-0.4,0.5));
#2876 = VECTOR('',#2877,1.);
#2877 = DIRECTION('',(0.,1.,0.));
#2878 = ORIENTED_EDGE('',*,*,#2879,.T.);
#2879 = EDGE_CURVE('',#2872,#2635,#2880,.T.);
#2880 = CIRCLE('',#2881,3.E-02);
#2881 = AXIS2_PLACEMENT_3D('',#2882,#2883,#2884);
#2882 = CARTESIAN_POINT('',(-0.53,-0.3,0.47));
#2883 = DIRECTION('',(-0.,1.,0.));
#2884 = DIRECTION('',(1.,0.,0.));
#2885 = ORIENTED_EDGE('',*,*,#2634,.T.);
#2886 = CYLINDRICAL_SURFACE('',#2887,3.E-02);
#2887 = AXIS2_PLACEMENT_3D('',#2888,#2889,#2890);
#2888 = CARTESIAN_POINT('',(-0.53,-0.4,0.47));
#2889 = DIRECTION('',(0.,1.,0.));
#2890 = DIRECTION('',(1.,0.,0.));
#2891 = ADVANCED_FACE('',(#2892),#2910,.T.);
#2892 = FACE_BOUND('',#2893,.T.);
#2893 = EDGE_LOOP('',(#2894,#2902,#2903,#2904));
#2894 = ORIENTED_EDGE('',*,*,#2895,.F.);
#2895 = EDGE_CURVE('',#2690,#2896,#2898,.T.);
#2896 = VERTEX_POINT('',#2897);
#2897 = CARTESIAN_POINT('',(-0.725,-0.3,0.47));
#2898 = LINE('',#2899,#2900);
#2899 = CARTESIAN_POINT('',(-0.725,-0.35,0.47));
#2900 = VECTOR('',#2901,1.);
#2901 = DIRECTION('',(0.,1.,0.));
#2902 = ORIENTED_EDGE('',*,*,#2697,.T.);
#2903 = ORIENTED_EDGE('',*,*,#2642,.F.);
#2904 = ORIENTED_EDGE('',*,*,#2905,.F.);
#2905 = EDGE_CURVE('',#2896,#2635,#2906,.T.);
#2906 = LINE('',#2907,#2908);
#2907 = CARTESIAN_POINT('',(-2.25E-02,-0.3,0.47));
#2908 = VECTOR('',#2909,1.);
#2909 = DIRECTION('',(1.,0.,0.));
#2910 = PLANE('',#2911);
#2911 = AXIS2_PLACEMENT_3D('',#2912,#2913,#2914);
#2912 = CARTESIAN_POINT('',(-0.77,-0.4,0.47));
#2913 = DIRECTION('',(0.,0.,1.));
#2914 = DIRECTION('',(1.,0.,-0.));
#2915 = ADVANCED_FACE('',(#2916),#2977,.F.);
#2916 = FACE_BOUND('',#2917,.F.);
#2917 = EDGE_LOOP('',(#2918,#2928,#2937,#2945,#2954,#2962,#2968,#2969,
    #2970,#2971));
#2918 = ORIENTED_EDGE('',*,*,#2919,.F.);
#2919 = EDGE_CURVE('',#2920,#2922,#2924,.T.);
#2920 = VERTEX_POINT('',#2921);
#2921 = CARTESIAN_POINT('',(-0.77,-0.4,-3.469446951954E-18));
#2922 = VERTEX_POINT('',#2923);
#2923 = CARTESIAN_POINT('',(-0.725,-0.4,0.));
#2924 = LINE('',#2925,#2926);
#2925 = CARTESIAN_POINT('',(-0.8,-0.4,0.));
#2926 = VECTOR('',#2927,1.);
#2927 = DIRECTION('',(1.,0.,0.));
#2928 = ORIENTED_EDGE('',*,*,#2929,.F.);
#2929 = EDGE_CURVE('',#2930,#2920,#2932,.T.);
#2930 = VERTEX_POINT('',#2931);
#2931 = CARTESIAN_POINT('',(-0.8,-0.4,3.E-02));
#2932 = CIRCLE('',#2933,3.E-02);
#2933 = AXIS2_PLACEMENT_3D('',#2934,#2935,#2936);
#2934 = CARTESIAN_POINT('',(-0.77,-0.4,3.E-02));
#2935 = DIRECTION('',(0.,-1.,0.));
#2936 = DIRECTION('',(0.,0.,1.));
#2937 = ORIENTED_EDGE('',*,*,#2938,.T.);
#2938 = EDGE_CURVE('',#2930,#2939,#2941,.T.);
#2939 = VERTEX_POINT('',#2940);
#2940 = CARTESIAN_POINT('',(-0.8,-0.4,0.47));
#2941 = LINE('',#2942,#2943);
#2942 = CARTESIAN_POINT('',(-0.8,-0.4,0.));
#2943 = VECTOR('',#2944,1.);
#2944 = DIRECTION('',(0.,0.,1.));
#2945 = ORIENTED_EDGE('',*,*,#2946,.T.);
#2946 = EDGE_CURVE('',#2939,#2947,#2949,.T.);
#2947 = VERTEX_POINT('',#2948);
#2948 = CARTESIAN_POINT('',(-0.77,-0.4,0.5));
#2949 = CIRCLE('',#2950,3.E-02);
#2950 = AXIS2_PLACEMENT_3D('',#2951,#2952,#2953);
#2951 = CARTESIAN_POINT('',(-0.77,-0.4,0.47));
#2952 = DIRECTION('',(0.,1.,0.));
#2953 = DIRECTION('',(0.,-0.,1.));
#2954 = ORIENTED_EDGE('',*,*,#2955,.T.);
#2955 = EDGE_CURVE('',#2947,#2956,#2958,.T.);
#2956 = VERTEX_POINT('',#2957);
#2957 = CARTESIAN_POINT('',(-0.725,-0.4,0.5));
#2958 = LINE('',#2959,#2960);
#2959 = CARTESIAN_POINT('',(-0.8,-0.4,0.5));
#2960 = VECTOR('',#2961,1.);
#2961 = DIRECTION('',(1.,0.,0.));
#2962 = ORIENTED_EDGE('',*,*,#2963,.F.);
#2963 = EDGE_CURVE('',#2690,#2956,#2964,.T.);
#2964 = LINE('',#2965,#2966);
#2965 = CARTESIAN_POINT('',(-0.725,-0.4,0.375));
#2966 = VECTOR('',#2967,1.);
#2967 = DIRECTION('',(0.,0.,1.));
#2968 = ORIENTED_EDGE('',*,*,#2689,.F.);
#2969 = ORIENTED_EDGE('',*,*,#2681,.F.);
#2970 = ORIENTED_EDGE('',*,*,#2671,.T.);
#2971 = ORIENTED_EDGE('',*,*,#2972,.F.);
#2972 = EDGE_CURVE('',#2922,#2674,#2973,.T.);
#2973 = LINE('',#2974,#2975);
#2974 = CARTESIAN_POINT('',(-0.725,-0.4,0.375));
#2975 = VECTOR('',#2976,1.);
#2976 = DIRECTION('',(0.,0.,1.));
#2977 = PLANE('',#2978);
#2978 = AXIS2_PLACEMENT_3D('',#2979,#2980,#2981);
#2979 = CARTESIAN_POINT('',(-0.8,-0.4,0.));
#2980 = DIRECTION('',(0.,1.,0.));
#2981 = DIRECTION('',(0.,-0.,1.));
#2982 = ADVANCED_FACE('',(#2983,#3072),#3098,.F.);
#2983 = FACE_BOUND('',#2984,.F.);
#2984 = EDGE_LOOP('',(#2985,#2993,#2994,#3002,#3010,#3018,#3026,#3034,
    #3042,#3050,#3058,#3066));
#2985 = ORIENTED_EDGE('',*,*,#2986,.F.);
#2986 = EDGE_CURVE('',#2674,#2987,#2989,.T.);
#2987 = VERTEX_POINT('',#2988);
#2988 = CARTESIAN_POINT('',(-0.725,-0.3,3.E-02));
#2989 = LINE('',#2990,#2991);
#2990 = CARTESIAN_POINT('',(-0.725,-0.35,3.E-02));
#2991 = VECTOR('',#2992,1.);
#2992 = DIRECTION('',(0.,1.,0.));
#2993 = ORIENTED_EDGE('',*,*,#2736,.T.);
#2994 = ORIENTED_EDGE('',*,*,#2995,.F.);
#2995 = EDGE_CURVE('',#2996,#2729,#2998,.T.);
#2996 = VERTEX_POINT('',#2997);
#2997 = CARTESIAN_POINT('',(0.725,-0.3,3.E-02));
#2998 = LINE('',#2999,#3000);
#2999 = CARTESIAN_POINT('',(0.725,-0.45,3.E-02));
#3000 = VECTOR('',#3001,1.);
#3001 = DIRECTION('',(0.,-1.,0.));
#3002 = ORIENTED_EDGE('',*,*,#3003,.F.);
#3003 = EDGE_CURVE('',#3004,#2996,#3006,.T.);
#3004 = VERTEX_POINT('',#3005);
#3005 = CARTESIAN_POINT('',(0.5,-0.3,3.E-02));
#3006 = LINE('',#3007,#3008);
#3007 = CARTESIAN_POINT('',(-2.25E-02,-0.3,3.E-02));
#3008 = VECTOR('',#3009,1.);
#3009 = DIRECTION('',(1.,0.,0.));
#3010 = ORIENTED_EDGE('',*,*,#3011,.T.);
#3011 = EDGE_CURVE('',#3004,#3012,#3014,.T.);
#3012 = VERTEX_POINT('',#3013);
#3013 = CARTESIAN_POINT('',(0.5,0.3,3.E-02));
#3014 = LINE('',#3015,#3016);
#3015 = CARTESIAN_POINT('',(0.5,-0.4,3.E-02));
#3016 = VECTOR('',#3017,1.);
#3017 = DIRECTION('',(0.,1.,0.));
#3018 = ORIENTED_EDGE('',*,*,#3019,.F.);
#3019 = EDGE_CURVE('',#3020,#3012,#3022,.T.);
#3020 = VERTEX_POINT('',#3021);
#3021 = CARTESIAN_POINT('',(0.725,0.3,3.E-02));
#3022 = LINE('',#3023,#3024);
#3023 = CARTESIAN_POINT('',(-0.7475,0.3,3.E-02));
#3024 = VECTOR('',#3025,1.);
#3025 = DIRECTION('',(-1.,0.,0.));
#3026 = ORIENTED_EDGE('',*,*,#3027,.F.);
#3027 = EDGE_CURVE('',#3028,#3020,#3030,.T.);
#3028 = VERTEX_POINT('',#3029);
#3029 = CARTESIAN_POINT('',(0.725,0.4,3.E-02));
#3030 = LINE('',#3031,#3032);
#3031 = CARTESIAN_POINT('',(0.725,-5.E-02,3.E-02));
#3032 = VECTOR('',#3033,1.);
#3033 = DIRECTION('',(0.,-1.,0.));
#3034 = ORIENTED_EDGE('',*,*,#3035,.F.);
#3035 = EDGE_CURVE('',#3036,#3028,#3038,.T.);
#3036 = VERTEX_POINT('',#3037);
#3037 = CARTESIAN_POINT('',(-0.725,0.4,3.E-02));
#3038 = LINE('',#3039,#3040);
#3039 = CARTESIAN_POINT('',(-0.77,0.4,3.E-02));
#3040 = VECTOR('',#3041,1.);
#3041 = DIRECTION('',(1.,0.,0.));
#3042 = ORIENTED_EDGE('',*,*,#3043,.F.);
#3043 = EDGE_CURVE('',#3044,#3036,#3046,.T.);
#3044 = VERTEX_POINT('',#3045);
#3045 = CARTESIAN_POINT('',(-0.725,0.3,3.E-02));
#3046 = LINE('',#3047,#3048);
#3047 = CARTESIAN_POINT('',(-0.725,5.E-02,3.E-02));
#3048 = VECTOR('',#3049,1.);
#3049 = DIRECTION('',(0.,1.,0.));
#3050 = ORIENTED_EDGE('',*,*,#3051,.F.);
#3051 = EDGE_CURVE('',#3052,#3044,#3054,.T.);
#3052 = VERTEX_POINT('',#3053);
#3053 = CARTESIAN_POINT('',(-0.5,0.3,3.E-02));
#3054 = LINE('',#3055,#3056);
#3055 = CARTESIAN_POINT('',(-0.7475,0.3,3.E-02));
#3056 = VECTOR('',#3057,1.);
#3057 = DIRECTION('',(-1.,0.,0.));
#3058 = ORIENTED_EDGE('',*,*,#3059,.F.);
#3059 = EDGE_CURVE('',#3060,#3052,#3062,.T.);
#3060 = VERTEX_POINT('',#3061);
#3061 = CARTESIAN_POINT('',(-0.5,-0.3,3.E-02));
#3062 = LINE('',#3063,#3064);
#3063 = CARTESIAN_POINT('',(-0.5,-0.4,3.E-02));
#3064 = VECTOR('',#3065,1.);
#3065 = DIRECTION('',(0.,1.,0.));
#3066 = ORIENTED_EDGE('',*,*,#3067,.F.);
#3067 = EDGE_CURVE('',#2987,#3060,#3068,.T.);
#3068 = LINE('',#3069,#3070);
#3069 = CARTESIAN_POINT('',(-2.25E-02,-0.3,3.E-02));
#3070 = VECTOR('',#3071,1.);
#3071 = DIRECTION('',(1.,0.,0.));
#3072 = FACE_BOUND('',#3073,.F.);
#3073 = EDGE_LOOP('',(#3074,#3084,#3092));
#3074 = ORIENTED_EDGE('',*,*,#3075,.T.);
#3075 = EDGE_CURVE('',#3076,#3078,#3080,.T.);
#3076 = VERTEX_POINT('',#3077);
#3077 = CARTESIAN_POINT('',(0.277128129211,0.32,3.E-02));
#3078 = VERTEX_POINT('',#3079);
#3079 = CARTESIAN_POINT('',(0.277128129211,-0.32,3.E-02));
#3080 = LINE('',#3081,#3082);
#3081 = CARTESIAN_POINT('',(0.277128129211,0.32,3.E-02));
#3082 = VECTOR('',#3083,1.);
#3083 = DIRECTION('',(0.,-1.,0.));
#3084 = ORIENTED_EDGE('',*,*,#3085,.T.);
#3085 = EDGE_CURVE('',#3078,#3086,#3088,.T.);
#3086 = VERTEX_POINT('',#3087);
#3087 = CARTESIAN_POINT('',(-0.277128129211,0.,3.E-02));
#3088 = LINE('',#3089,#3090);
#3089 = CARTESIAN_POINT('',(0.277128129211,-0.32,3.E-02));
#3090 = VECTOR('',#3091,1.);
#3091 = DIRECTION('',(-0.866025403784,0.5,0.));
#3092 = ORIENTED_EDGE('',*,*,#3093,.T.);
#3093 = EDGE_CURVE('',#3086,#3076,#3094,.T.);
#3094 = LINE('',#3095,#3096);
#3095 = CARTESIAN_POINT('',(-0.277128129211,0.,3.E-02));
#3096 = VECTOR('',#3097,1.);
#3097 = DIRECTION('',(0.866025403784,0.5,0.));
#3098 = PLANE('',#3099);
#3099 = AXIS2_PLACEMENT_3D('',#3100,#3101,#3102);
#3100 = CARTESIAN_POINT('',(-0.77,-0.4,3.E-02));
#3101 = DIRECTION('',(0.,0.,1.));
#3102 = DIRECTION('',(1.,0.,-0.));
#3103 = ADVANCED_FACE('',(#3104),#3165,.F.);
#3104 = FACE_BOUND('',#3105,.F.);
#3105 = EDGE_LOOP('',(#3106,#3116,#3122,#3123,#3124,#3125,#3133,#3141,
    #3150,#3158));
#3106 = ORIENTED_EDGE('',*,*,#3107,.F.);
#3107 = EDGE_CURVE('',#3108,#3110,#3112,.T.);
#3108 = VERTEX_POINT('',#3109);
#3109 = CARTESIAN_POINT('',(0.725,-0.4,0.));
#3110 = VERTEX_POINT('',#3111);
#3111 = CARTESIAN_POINT('',(0.77,-0.4,-3.469446951954E-18));
#3112 = LINE('',#3113,#3114);
#3113 = CARTESIAN_POINT('',(0.5,-0.4,0.));
#3114 = VECTOR('',#3115,1.);
#3115 = DIRECTION('',(1.,0.,0.));
#3116 = ORIENTED_EDGE('',*,*,#3117,.F.);
#3117 = EDGE_CURVE('',#2729,#3108,#3118,.T.);
#3118 = LINE('',#3119,#3120);
#3119 = CARTESIAN_POINT('',(0.725,-0.4,0.375));
#3120 = VECTOR('',#3121,1.);
#3121 = DIRECTION('',(0.,0.,-1.));
#3122 = ORIENTED_EDGE('',*,*,#2728,.T.);
#3123 = ORIENTED_EDGE('',*,*,#2720,.T.);
#3124 = ORIENTED_EDGE('',*,*,#2712,.F.);
#3125 = ORIENTED_EDGE('',*,*,#3126,.F.);
#3126 = EDGE_CURVE('',#3127,#2705,#3129,.T.);
#3127 = VERTEX_POINT('',#3128);
#3128 = CARTESIAN_POINT('',(0.725,-0.4,0.5));
#3129 = LINE('',#3130,#3131);
#3130 = CARTESIAN_POINT('',(0.725,-0.4,0.375));
#3131 = VECTOR('',#3132,1.);
#3132 = DIRECTION('',(0.,0.,-1.));
#3133 = ORIENTED_EDGE('',*,*,#3134,.T.);
#3134 = EDGE_CURVE('',#3127,#3135,#3137,.T.);
#3135 = VERTEX_POINT('',#3136);
#3136 = CARTESIAN_POINT('',(0.77,-0.4,0.5));
#3137 = LINE('',#3138,#3139);
#3138 = CARTESIAN_POINT('',(0.5,-0.4,0.5));
#3139 = VECTOR('',#3140,1.);
#3140 = DIRECTION('',(1.,0.,0.));
#3141 = ORIENTED_EDGE('',*,*,#3142,.F.);
#3142 = EDGE_CURVE('',#3143,#3135,#3145,.T.);
#3143 = VERTEX_POINT('',#3144);
#3144 = CARTESIAN_POINT('',(0.8,-0.4,0.47));
#3145 = CIRCLE('',#3146,3.E-02);
#3146 = AXIS2_PLACEMENT_3D('',#3147,#3148,#3149);
#3147 = CARTESIAN_POINT('',(0.77,-0.4,0.47));
#3148 = DIRECTION('',(0.,-1.,0.));
#3149 = DIRECTION('',(0.,0.,1.));
#3150 = ORIENTED_EDGE('',*,*,#3151,.F.);
#3151 = EDGE_CURVE('',#3152,#3143,#3154,.T.);
#3152 = VERTEX_POINT('',#3153);
#3153 = CARTESIAN_POINT('',(0.8,-0.4,3.E-02));
#3154 = LINE('',#3155,#3156);
#3155 = CARTESIAN_POINT('',(0.8,-0.4,0.));
#3156 = VECTOR('',#3157,1.);
#3157 = DIRECTION('',(0.,0.,1.));
#3158 = ORIENTED_EDGE('',*,*,#3159,.T.);
#3159 = EDGE_CURVE('',#3152,#3110,#3160,.T.);
#3160 = CIRCLE('',#3161,3.E-02);
#3161 = AXIS2_PLACEMENT_3D('',#3162,#3163,#3164);
#3162 = CARTESIAN_POINT('',(0.77,-0.4,3.E-02));
#3163 = DIRECTION('',(0.,1.,0.));
#3164 = DIRECTION('',(0.,-0.,1.));
#3165 = PLANE('',#3166);
#3166 = AXIS2_PLACEMENT_3D('',#3167,#3168,#3169);
#3167 = CARTESIAN_POINT('',(0.5,-0.4,0.));
#3168 = DIRECTION('',(0.,1.,0.));
#3169 = DIRECTION('',(0.,-0.,1.));
#3170 = ADVANCED_FACE('',(#3171),#3189,.T.);
#3171 = FACE_BOUND('',#3172,.T.);
#3172 = EDGE_LOOP('',(#3173,#3181,#3182,#3183));
#3173 = ORIENTED_EDGE('',*,*,#3174,.F.);
#3174 = EDGE_CURVE('',#2777,#3175,#3177,.T.);
#3175 = VERTEX_POINT('',#3176);
#3176 = CARTESIAN_POINT('',(0.725,-0.3,0.47));
#3177 = LINE('',#3178,#3179);
#3178 = CARTESIAN_POINT('',(-2.25E-02,-0.3,0.47));
#3179 = VECTOR('',#3180,1.);
#3180 = DIRECTION('',(1.,0.,0.));
#3181 = ORIENTED_EDGE('',*,*,#2776,.T.);
#3182 = ORIENTED_EDGE('',*,*,#2704,.T.);
#3183 = ORIENTED_EDGE('',*,*,#3184,.F.);
#3184 = EDGE_CURVE('',#3175,#2705,#3185,.T.);
#3185 = LINE('',#3186,#3187);
#3186 = CARTESIAN_POINT('',(0.725,-0.45,0.47));
#3187 = VECTOR('',#3188,1.);
#3188 = DIRECTION('',(0.,-1.,0.));
#3189 = PLANE('',#3190);
#3190 = AXIS2_PLACEMENT_3D('',#3191,#3192,#3193);
#3191 = CARTESIAN_POINT('',(-0.77,-0.4,0.47));
#3192 = DIRECTION('',(0.,0.,1.));
#3193 = DIRECTION('',(1.,0.,-0.));
#3194 = ADVANCED_FACE('',(#3195),#3220,.T.);
#3195 = FACE_BOUND('',#3196,.T.);
#3196 = EDGE_LOOP('',(#3197,#3205,#3206,#3214));
#3197 = ORIENTED_EDGE('',*,*,#3198,.F.);
#3198 = EDGE_CURVE('',#2793,#3199,#3201,.T.);
#3199 = VERTEX_POINT('',#3200);
#3200 = CARTESIAN_POINT('',(0.725,0.4,0.47));
#3201 = LINE('',#3202,#3203);
#3202 = CARTESIAN_POINT('',(-0.77,0.4,0.47));
#3203 = VECTOR('',#3204,1.);
#3204 = DIRECTION('',(1.,0.,0.));
#3205 = ORIENTED_EDGE('',*,*,#2792,.T.);
#3206 = ORIENTED_EDGE('',*,*,#3207,.F.);
#3207 = EDGE_CURVE('',#3208,#2785,#3210,.T.);
#3208 = VERTEX_POINT('',#3209);
#3209 = CARTESIAN_POINT('',(0.725,0.3,0.47));
#3210 = LINE('',#3211,#3212);
#3211 = CARTESIAN_POINT('',(-0.7475,0.3,0.47));
#3212 = VECTOR('',#3213,1.);
#3213 = DIRECTION('',(-1.,0.,0.));
#3214 = ORIENTED_EDGE('',*,*,#3215,.F.);
#3215 = EDGE_CURVE('',#3199,#3208,#3216,.T.);
#3216 = LINE('',#3217,#3218);
#3217 = CARTESIAN_POINT('',(0.725,-5.E-02,0.47));
#3218 = VECTOR('',#3219,1.);
#3219 = DIRECTION('',(0.,-1.,0.));
#3220 = PLANE('',#3221);
#3221 = AXIS2_PLACEMENT_3D('',#3222,#3223,#3224);
#3222 = CARTESIAN_POINT('',(-0.77,-0.4,0.47));
#3223 = DIRECTION('',(0.,0.,1.));
#3224 = DIRECTION('',(1.,0.,-0.));
#3225 = ADVANCED_FACE('',(#3226),#3253,.T.);
#3226 = FACE_BOUND('',#3227,.T.);
#3227 = EDGE_LOOP('',(#3228,#3229,#3238,#3246));
#3228 = ORIENTED_EDGE('',*,*,#2784,.F.);
#3229 = ORIENTED_EDGE('',*,*,#3230,.T.);
#3230 = EDGE_CURVE('',#2777,#3231,#3233,.T.);
#3231 = VERTEX_POINT('',#3232);
#3232 = CARTESIAN_POINT('',(0.53,-0.3,0.5));
#3233 = CIRCLE('',#3234,3.E-02);
#3234 = AXIS2_PLACEMENT_3D('',#3235,#3236,#3237);
#3235 = CARTESIAN_POINT('',(0.53,-0.3,0.47));
#3236 = DIRECTION('',(0.,1.,-0.));
#3237 = DIRECTION('',(-1.,0.,0.));
#3238 = ORIENTED_EDGE('',*,*,#3239,.T.);
#3239 = EDGE_CURVE('',#3231,#3240,#3242,.T.);
#3240 = VERTEX_POINT('',#3241);
#3241 = CARTESIAN_POINT('',(0.53,0.3,0.5));
#3242 = LINE('',#3243,#3244);
#3243 = CARTESIAN_POINT('',(0.53,-0.4,0.5));
#3244 = VECTOR('',#3245,1.);
#3245 = DIRECTION('',(0.,1.,0.));
#3246 = ORIENTED_EDGE('',*,*,#3247,.F.);
#3247 = EDGE_CURVE('',#2785,#3240,#3248,.T.);
#3248 = CIRCLE('',#3249,3.E-02);
#3249 = AXIS2_PLACEMENT_3D('',#3250,#3251,#3252);
#3250 = CARTESIAN_POINT('',(0.53,0.3,0.47));
#3251 = DIRECTION('',(0.,1.,-0.));
#3252 = DIRECTION('',(-1.,0.,0.));
#3253 = CYLINDRICAL_SURFACE('',#3254,3.E-02);
#3254 = AXIS2_PLACEMENT_3D('',#3255,#3256,#3257);
#3255 = CARTESIAN_POINT('',(0.53,-0.4,0.47));
#3256 = DIRECTION('',(0.,1.,0.));
#3257 = DIRECTION('',(-1.,0.,0.));
#3258 = ADVANCED_FACE('',(#3259),#3309,.T.);
#3259 = FACE_BOUND('',#3260,.T.);
#3260 = EDGE_LOOP('',(#3261,#3269,#3277,#3283,#3284,#3285,#3286,#3294,
    #3302,#3308));
#3261 = ORIENTED_EDGE('',*,*,#3262,.F.);
#3262 = EDGE_CURVE('',#3263,#3036,#3265,.T.);
#3263 = VERTEX_POINT('',#3264);
#3264 = CARTESIAN_POINT('',(-0.77,0.4,3.E-02));
#3265 = LINE('',#3266,#3267);
#3266 = CARTESIAN_POINT('',(-0.77,0.4,3.E-02));
#3267 = VECTOR('',#3268,1.);
#3268 = DIRECTION('',(1.,0.,0.));
#3269 = ORIENTED_EDGE('',*,*,#3270,.T.);
#3270 = EDGE_CURVE('',#3263,#3271,#3273,.T.);
#3271 = VERTEX_POINT('',#3272);
#3272 = CARTESIAN_POINT('',(-0.77,0.4,0.47));
#3273 = LINE('',#3274,#3275);
#3274 = CARTESIAN_POINT('',(-0.77,0.4,3.E-02));
#3275 = VECTOR('',#3276,1.);
#3276 = DIRECTION('',(0.,0.,1.));
#3277 = ORIENTED_EDGE('',*,*,#3278,.T.);
#3278 = EDGE_CURVE('',#3271,#2815,#3279,.T.);
#3279 = LINE('',#3280,#3281);
#3280 = CARTESIAN_POINT('',(-0.77,0.4,0.47));
#3281 = VECTOR('',#3282,1.);
#3282 = DIRECTION('',(1.,0.,0.));
#3283 = ORIENTED_EDGE('',*,*,#2814,.T.);
#3284 = ORIENTED_EDGE('',*,*,#2848,.F.);
#3285 = ORIENTED_EDGE('',*,*,#3198,.T.);
#3286 = ORIENTED_EDGE('',*,*,#3287,.T.);
#3287 = EDGE_CURVE('',#3199,#3288,#3290,.T.);
#3288 = VERTEX_POINT('',#3289);
#3289 = CARTESIAN_POINT('',(0.77,0.4,0.47));
#3290 = LINE('',#3291,#3292);
#3291 = CARTESIAN_POINT('',(-0.77,0.4,0.47));
#3292 = VECTOR('',#3293,1.);
#3293 = DIRECTION('',(1.,0.,0.));
#3294 = ORIENTED_EDGE('',*,*,#3295,.F.);
#3295 = EDGE_CURVE('',#3296,#3288,#3298,.T.);
#3296 = VERTEX_POINT('',#3297);
#3297 = CARTESIAN_POINT('',(0.77,0.4,3.E-02));
#3298 = LINE('',#3299,#3300);
#3299 = CARTESIAN_POINT('',(0.77,0.4,3.E-02));
#3300 = VECTOR('',#3301,1.);
#3301 = DIRECTION('',(0.,0.,1.));
#3302 = ORIENTED_EDGE('',*,*,#3303,.F.);
#3303 = EDGE_CURVE('',#3028,#3296,#3304,.T.);
#3304 = LINE('',#3305,#3306);
#3305 = CARTESIAN_POINT('',(-0.77,0.4,3.E-02));
#3306 = VECTOR('',#3307,1.);
#3307 = DIRECTION('',(1.,0.,0.));
#3308 = ORIENTED_EDGE('',*,*,#3035,.F.);
#3309 = PLANE('',#3310);
#3310 = AXIS2_PLACEMENT_3D('',#3311,#3312,#3313);
#3311 = CARTESIAN_POINT('',(-0.77,0.4,3.E-02));
#3312 = DIRECTION('',(0.,1.,0.));
#3313 = DIRECTION('',(0.,-0.,1.));
#3314 = ADVANCED_FACE('',(#3315),#3333,.F.);
#3315 = FACE_BOUND('',#3316,.F.);
#3316 = EDGE_LOOP('',(#3317,#3325,#3331,#3332));
#3317 = ORIENTED_EDGE('',*,*,#3318,.F.);
#3318 = EDGE_CURVE('',#3319,#2863,#3321,.T.);
#3319 = VERTEX_POINT('',#3320);
#3320 = CARTESIAN_POINT('',(-0.725,0.3,0.5));
#3321 = LINE('',#3322,#3323);
#3322 = CARTESIAN_POINT('',(-0.7625,0.3,0.5));
#3323 = VECTOR('',#3324,1.);
#3324 = DIRECTION('',(1.,0.,0.));
#3325 = ORIENTED_EDGE('',*,*,#3326,.T.);
#3326 = EDGE_CURVE('',#3319,#2823,#3327,.T.);
#3327 = LINE('',#3328,#3329);
#3328 = CARTESIAN_POINT('',(-0.725,0.3,0.75));
#3329 = VECTOR('',#3330,1.);
#3330 = DIRECTION('',(-0.,-0.,-1.));
#3331 = ORIENTED_EDGE('',*,*,#2830,.F.);
#3332 = ORIENTED_EDGE('',*,*,#2862,.F.);
#3333 = PLANE('',#3334);
#3334 = AXIS2_PLACEMENT_3D('',#3335,#3336,#3337);
#3335 = CARTESIAN_POINT('',(-0.725,0.3,0.75));
#3336 = DIRECTION('',(0.,-1.,0.));
#3337 = DIRECTION('',(1.,0.,0.));
#3338 = ADVANCED_FACE('',(#3339),#3357,.F.);
#3339 = FACE_BOUND('',#3340,.F.);
#3340 = EDGE_LOOP('',(#3341,#3342,#3350,#3356));
#3341 = ORIENTED_EDGE('',*,*,#3326,.F.);
#3342 = ORIENTED_EDGE('',*,*,#3343,.F.);
#3343 = EDGE_CURVE('',#3344,#3319,#3346,.T.);
#3344 = VERTEX_POINT('',#3345);
#3345 = CARTESIAN_POINT('',(-0.725,0.4,0.5));
#3346 = LINE('',#3347,#3348);
#3347 = CARTESIAN_POINT('',(-0.725,5.E-02,0.5));
#3348 = VECTOR('',#3349,1.);
#3349 = DIRECTION('',(0.,-1.,0.));
#3350 = ORIENTED_EDGE('',*,*,#3351,.F.);
#3351 = EDGE_CURVE('',#2815,#3344,#3352,.T.);
#3352 = LINE('',#3353,#3354);
#3353 = CARTESIAN_POINT('',(-0.725,0.4,0.375));
#3354 = VECTOR('',#3355,1.);
#3355 = DIRECTION('',(0.,0.,1.));
#3356 = ORIENTED_EDGE('',*,*,#2822,.F.);
#3357 = PLANE('',#3358);
#3358 = AXIS2_PLACEMENT_3D('',#3359,#3360,#3361);
#3359 = CARTESIAN_POINT('',(-0.725,0.5,0.75));
#3360 = DIRECTION('',(-1.,0.,0.));
#3361 = DIRECTION('',(0.,-1.,0.));
#3362 = ADVANCED_FACE('',(#3363),#3381,.F.);
#3363 = FACE_BOUND('',#3364,.F.);
#3364 = EDGE_LOOP('',(#3365,#3373,#3379,#3380));
#3365 = ORIENTED_EDGE('',*,*,#3366,.F.);
#3366 = EDGE_CURVE('',#3367,#2896,#3369,.T.);
#3367 = VERTEX_POINT('',#3368);
#3368 = CARTESIAN_POINT('',(-0.725,-0.3,0.5));
#3369 = LINE('',#3370,#3371);
#3370 = CARTESIAN_POINT('',(-0.725,-0.3,0.75));
#3371 = VECTOR('',#3372,1.);
#3372 = DIRECTION('',(-0.,-0.,-1.));
#3373 = ORIENTED_EDGE('',*,*,#3374,.F.);
#3374 = EDGE_CURVE('',#2872,#3367,#3375,.T.);
#3375 = LINE('',#3376,#3377);
#3376 = CARTESIAN_POINT('',(-3.75E-02,-0.3,0.5));
#3377 = VECTOR('',#3378,1.);
#3378 = DIRECTION('',(-1.,0.,0.));
#3379 = ORIENTED_EDGE('',*,*,#2879,.T.);
#3380 = ORIENTED_EDGE('',*,*,#2905,.F.);
#3381 = PLANE('',#3382);
#3382 = AXIS2_PLACEMENT_3D('',#3383,#3384,#3385);
#3383 = CARTESIAN_POINT('',(0.725,-0.3,0.75));
#3384 = DIRECTION('',(0.,1.,0.));
#3385 = DIRECTION('',(-1.,0.,0.));
#3386 = ADVANCED_FACE('',(#3387),#3414,.T.);
#3387 = FACE_BOUND('',#3388,.T.);
#3388 = EDGE_LOOP('',(#3389,#3397,#3403,#3404,#3410,#3411,#3412,#3413));
#3389 = ORIENTED_EDGE('',*,*,#3390,.F.);
#3390 = EDGE_CURVE('',#3391,#3344,#3393,.T.);
#3391 = VERTEX_POINT('',#3392);
#3392 = CARTESIAN_POINT('',(-0.77,0.4,0.5));
#3393 = LINE('',#3394,#3395);
#3394 = CARTESIAN_POINT('',(-0.8,0.4,0.5));
#3395 = VECTOR('',#3396,1.);
#3396 = DIRECTION('',(1.,0.,0.));
#3397 = ORIENTED_EDGE('',*,*,#3398,.F.);
#3398 = EDGE_CURVE('',#2947,#3391,#3399,.T.);
#3399 = LINE('',#3400,#3401);
#3400 = CARTESIAN_POINT('',(-0.77,-0.4,0.5));
#3401 = VECTOR('',#3402,1.);
#3402 = DIRECTION('',(0.,1.,0.));
#3403 = ORIENTED_EDGE('',*,*,#2955,.T.);
#3404 = ORIENTED_EDGE('',*,*,#3405,.F.);
#3405 = EDGE_CURVE('',#3367,#2956,#3406,.T.);
#3406 = LINE('',#3407,#3408);
#3407 = CARTESIAN_POINT('',(-0.725,-0.35,0.5));
#3408 = VECTOR('',#3409,1.);
#3409 = DIRECTION('',(0.,-1.,0.));
#3410 = ORIENTED_EDGE('',*,*,#3374,.F.);
#3411 = ORIENTED_EDGE('',*,*,#2871,.T.);
#3412 = ORIENTED_EDGE('',*,*,#3318,.F.);
#3413 = ORIENTED_EDGE('',*,*,#3343,.F.);
#3414 = PLANE('',#3415);
#3415 = AXIS2_PLACEMENT_3D('',#3416,#3417,#3418);
#3416 = CARTESIAN_POINT('',(-0.8,-0.4,0.5));
#3417 = DIRECTION('',(0.,0.,1.));
#3418 = DIRECTION('',(1.,0.,-0.));
#3419 = ADVANCED_FACE('',(#3420),#3426,.F.);
#3420 = FACE_BOUND('',#3421,.F.);
#3421 = EDGE_LOOP('',(#3422,#3423,#3424,#3425));
#3422 = ORIENTED_EDGE('',*,*,#3405,.F.);
#3423 = ORIENTED_EDGE('',*,*,#3366,.T.);
#3424 = ORIENTED_EDGE('',*,*,#2895,.F.);
#3425 = ORIENTED_EDGE('',*,*,#2963,.T.);
#3426 = PLANE('',#3427);
#3427 = AXIS2_PLACEMENT_3D('',#3428,#3429,#3430);
#3428 = CARTESIAN_POINT('',(-0.725,-0.3,0.75));
#3429 = DIRECTION('',(-1.,0.,0.));
#3430 = DIRECTION('',(0.,-1.,0.));
#3431 = ADVANCED_FACE('',(#3432),#3489,.F.);
#3432 = FACE_BOUND('',#3433,.F.);
#3433 = EDGE_LOOP('',(#3434,#3444,#3450,#3451,#3459,#3467,#3475,#3483));
#3434 = ORIENTED_EDGE('',*,*,#3435,.F.);
#3435 = EDGE_CURVE('',#3436,#3438,#3440,.T.);
#3436 = VERTEX_POINT('',#3437);
#3437 = CARTESIAN_POINT('',(-0.77,0.4,-3.469446951954E-18));
#3438 = VERTEX_POINT('',#3439);
#3439 = CARTESIAN_POINT('',(-0.725,0.4,0.));
#3440 = LINE('',#3441,#3442);
#3441 = CARTESIAN_POINT('',(-0.8,0.4,0.));
#3442 = VECTOR('',#3443,1.);
#3443 = DIRECTION('',(1.,0.,0.));
#3444 = ORIENTED_EDGE('',*,*,#3445,.F.);
#3445 = EDGE_CURVE('',#2920,#3436,#3446,.T.);
#3446 = LINE('',#3447,#3448);
#3447 = CARTESIAN_POINT('',(-0.77,-0.4,-3.469446951954E-18));
#3448 = VECTOR('',#3449,1.);
#3449 = DIRECTION('',(0.,1.,0.));
#3450 = ORIENTED_EDGE('',*,*,#2919,.T.);
#3451 = ORIENTED_EDGE('',*,*,#3452,.F.);
#3452 = EDGE_CURVE('',#3453,#2922,#3455,.T.);
#3453 = VERTEX_POINT('',#3454);
#3454 = CARTESIAN_POINT('',(-0.725,-0.3,0.));
#3455 = LINE('',#3456,#3457);
#3456 = CARTESIAN_POINT('',(-0.725,-0.35,0.));
#3457 = VECTOR('',#3458,1.);
#3458 = DIRECTION('',(0.,-1.,0.));
#3459 = ORIENTED_EDGE('',*,*,#3460,.F.);
#3460 = EDGE_CURVE('',#3461,#3453,#3463,.T.);
#3461 = VERTEX_POINT('',#3462);
#3462 = CARTESIAN_POINT('',(-0.53,-0.3,-3.469446951954E-18));
#3463 = LINE('',#3464,#3465);
#3464 = CARTESIAN_POINT('',(-3.75E-02,-0.3,0.));
#3465 = VECTOR('',#3466,1.);
#3466 = DIRECTION('',(-1.,0.,0.));
#3467 = ORIENTED_EDGE('',*,*,#3468,.T.);
#3468 = EDGE_CURVE('',#3461,#3469,#3471,.T.);
#3469 = VERTEX_POINT('',#3470);
#3470 = CARTESIAN_POINT('',(-0.53,0.3,-3.469446951954E-18));
#3471 = LINE('',#3472,#3473);
#3472 = CARTESIAN_POINT('',(-0.53,-0.4,-3.469446951954E-18));
#3473 = VECTOR('',#3474,1.);
#3474 = DIRECTION('',(0.,1.,0.));
#3475 = ORIENTED_EDGE('',*,*,#3476,.F.);
#3476 = EDGE_CURVE('',#3477,#3469,#3479,.T.);
#3477 = VERTEX_POINT('',#3478);
#3478 = CARTESIAN_POINT('',(-0.725,0.3,0.));
#3479 = LINE('',#3480,#3481);
#3480 = CARTESIAN_POINT('',(-0.7625,0.3,0.));
#3481 = VECTOR('',#3482,1.);
#3482 = DIRECTION('',(1.,0.,0.));
#3483 = ORIENTED_EDGE('',*,*,#3484,.F.);
#3484 = EDGE_CURVE('',#3438,#3477,#3485,.T.);
#3485 = LINE('',#3486,#3487);
#3486 = CARTESIAN_POINT('',(-0.725,5.E-02,0.));
#3487 = VECTOR('',#3488,1.);
#3488 = DIRECTION('',(0.,-1.,0.));
#3489 = PLANE('',#3490);
#3490 = AXIS2_PLACEMENT_3D('',#3491,#3492,#3493);
#3491 = CARTESIAN_POINT('',(-0.8,-0.4,0.));
#3492 = DIRECTION('',(0.,0.,1.));
#3493 = DIRECTION('',(1.,0.,-0.));
#3494 = ADVANCED_FACE('',(#3495),#3514,.T.);
#3495 = FACE_BOUND('',#3496,.T.);
#3496 = EDGE_LOOP('',(#3497,#3505,#3512,#3513));
#3497 = ORIENTED_EDGE('',*,*,#3498,.T.);
#3498 = EDGE_CURVE('',#2930,#3499,#3501,.T.);
#3499 = VERTEX_POINT('',#3500);
#3500 = CARTESIAN_POINT('',(-0.8,0.4,3.E-02));
#3501 = LINE('',#3502,#3503);
#3502 = CARTESIAN_POINT('',(-0.8,-0.4,3.E-02));
#3503 = VECTOR('',#3504,1.);
#3504 = DIRECTION('',(0.,1.,0.));
#3505 = ORIENTED_EDGE('',*,*,#3506,.T.);
#3506 = EDGE_CURVE('',#3499,#3436,#3507,.T.);
#3507 = CIRCLE('',#3508,3.E-02);
#3508 = AXIS2_PLACEMENT_3D('',#3509,#3510,#3511);
#3509 = CARTESIAN_POINT('',(-0.77,0.4,3.E-02));
#3510 = DIRECTION('',(0.,-1.,0.));
#3511 = DIRECTION('',(0.,0.,1.));
#3512 = ORIENTED_EDGE('',*,*,#3445,.F.);
#3513 = ORIENTED_EDGE('',*,*,#2929,.F.);
#3514 = CYLINDRICAL_SURFACE('',#3515,3.E-02);
#3515 = AXIS2_PLACEMENT_3D('',#3516,#3517,#3518);
#3516 = CARTESIAN_POINT('',(-0.77,-0.4,3.E-02));
#3517 = DIRECTION('',(0.,1.,0.));
#3518 = DIRECTION('',(-1.,0.,0.));
#3519 = ADVANCED_FACE('',(#3520),#3531,.F.);
#3520 = FACE_BOUND('',#3521,.F.);
#3521 = EDGE_LOOP('',(#3522,#3523,#3529,#3530));
#3522 = ORIENTED_EDGE('',*,*,#2986,.T.);
#3523 = ORIENTED_EDGE('',*,*,#3524,.T.);
#3524 = EDGE_CURVE('',#2987,#3453,#3525,.T.);
#3525 = LINE('',#3526,#3527);
#3526 = CARTESIAN_POINT('',(-0.725,-0.3,0.75));
#3527 = VECTOR('',#3528,1.);
#3528 = DIRECTION('',(-0.,-0.,-1.));
#3529 = ORIENTED_EDGE('',*,*,#3452,.T.);
#3530 = ORIENTED_EDGE('',*,*,#2972,.T.);
#3531 = PLANE('',#3532);
#3532 = AXIS2_PLACEMENT_3D('',#3533,#3534,#3535);
#3533 = CARTESIAN_POINT('',(-0.725,-0.3,0.75));
#3534 = DIRECTION('',(-1.,0.,0.));
#3535 = DIRECTION('',(0.,-1.,0.));
#3536 = ADVANCED_FACE('',(#3537),#3555,.F.);
#3537 = FACE_BOUND('',#3538,.F.);
#3538 = EDGE_LOOP('',(#3539,#3540,#3541,#3549));
#3539 = ORIENTED_EDGE('',*,*,#2938,.F.);
#3540 = ORIENTED_EDGE('',*,*,#3498,.T.);
#3541 = ORIENTED_EDGE('',*,*,#3542,.T.);
#3542 = EDGE_CURVE('',#3499,#3543,#3545,.T.);
#3543 = VERTEX_POINT('',#3544);
#3544 = CARTESIAN_POINT('',(-0.8,0.4,0.47));
#3545 = LINE('',#3546,#3547);
#3546 = CARTESIAN_POINT('',(-0.8,0.4,0.));
#3547 = VECTOR('',#3548,1.);
#3548 = DIRECTION('',(0.,0.,1.));
#3549 = ORIENTED_EDGE('',*,*,#3550,.F.);
#3550 = EDGE_CURVE('',#2939,#3543,#3551,.T.);
#3551 = LINE('',#3552,#3553);
#3552 = CARTESIAN_POINT('',(-0.8,-0.4,0.47));
#3553 = VECTOR('',#3554,1.);
#3554 = DIRECTION('',(0.,1.,0.));
#3555 = PLANE('',#3556);
#3556 = AXIS2_PLACEMENT_3D('',#3557,#3558,#3559);
#3557 = CARTESIAN_POINT('',(-0.8,-0.4,0.));
#3558 = DIRECTION('',(1.,0.,0.));
#3559 = DIRECTION('',(0.,0.,1.));
#3560 = ADVANCED_FACE('',(#3561),#3573,.T.);
#3561 = FACE_BOUND('',#3562,.T.);
#3562 = EDGE_LOOP('',(#3563,#3564,#3565,#3572));
#3563 = ORIENTED_EDGE('',*,*,#2946,.T.);
#3564 = ORIENTED_EDGE('',*,*,#3398,.T.);
#3565 = ORIENTED_EDGE('',*,*,#3566,.F.);
#3566 = EDGE_CURVE('',#3543,#3391,#3567,.T.);
#3567 = CIRCLE('',#3568,3.E-02);
#3568 = AXIS2_PLACEMENT_3D('',#3569,#3570,#3571);
#3569 = CARTESIAN_POINT('',(-0.77,0.4,0.47));
#3570 = DIRECTION('',(0.,1.,0.));
#3571 = DIRECTION('',(0.,-0.,1.));
#3572 = ORIENTED_EDGE('',*,*,#3550,.F.);
#3573 = CYLINDRICAL_SURFACE('',#3574,3.E-02);
#3574 = AXIS2_PLACEMENT_3D('',#3575,#3576,#3577);
#3575 = CARTESIAN_POINT('',(-0.77,-0.4,0.47));
#3576 = DIRECTION('',(0.,1.,0.));
#3577 = DIRECTION('',(-1.,0.,0.));
#3578 = ADVANCED_FACE('',(#3579),#3591,.F.);
#3579 = FACE_BOUND('',#3580,.F.);
#3580 = EDGE_LOOP('',(#3581,#3582,#3583,#3590));
#3581 = ORIENTED_EDGE('',*,*,#3524,.F.);
#3582 = ORIENTED_EDGE('',*,*,#3067,.T.);
#3583 = ORIENTED_EDGE('',*,*,#3584,.T.);
#3584 = EDGE_CURVE('',#3060,#3461,#3585,.T.);
#3585 = CIRCLE('',#3586,3.E-02);
#3586 = AXIS2_PLACEMENT_3D('',#3587,#3588,#3589);
#3587 = CARTESIAN_POINT('',(-0.53,-0.3,3.E-02));
#3588 = DIRECTION('',(-0.,1.,0.));
#3589 = DIRECTION('',(1.,0.,0.));
#3590 = ORIENTED_EDGE('',*,*,#3460,.T.);
#3591 = PLANE('',#3592);
#3592 = AXIS2_PLACEMENT_3D('',#3593,#3594,#3595);
#3593 = CARTESIAN_POINT('',(0.725,-0.3,0.75));
#3594 = DIRECTION('',(0.,1.,0.));
#3595 = DIRECTION('',(-1.,0.,0.));
#3596 = ADVANCED_FACE('',(#3597),#3609,.T.);
#3597 = FACE_BOUND('',#3598,.T.);
#3598 = EDGE_LOOP('',(#3599,#3600,#3601,#3602));
#3599 = ORIENTED_EDGE('',*,*,#3059,.F.);
#3600 = ORIENTED_EDGE('',*,*,#3584,.T.);
#3601 = ORIENTED_EDGE('',*,*,#3468,.T.);
#3602 = ORIENTED_EDGE('',*,*,#3603,.F.);
#3603 = EDGE_CURVE('',#3052,#3469,#3604,.T.);
#3604 = CIRCLE('',#3605,3.E-02);
#3605 = AXIS2_PLACEMENT_3D('',#3606,#3607,#3608);
#3606 = CARTESIAN_POINT('',(-0.53,0.3,3.E-02));
#3607 = DIRECTION('',(-0.,1.,0.));
#3608 = DIRECTION('',(1.,0.,0.));
#3609 = CYLINDRICAL_SURFACE('',#3610,3.E-02);
#3610 = AXIS2_PLACEMENT_3D('',#3611,#3612,#3613);
#3611 = CARTESIAN_POINT('',(-0.53,-0.4,3.E-02));
#3612 = DIRECTION('',(0.,1.,0.));
#3613 = DIRECTION('',(1.,0.,0.));
#3614 = ADVANCED_FACE('',(#3615),#3626,.F.);
#3615 = FACE_BOUND('',#3616,.F.);
#3616 = EDGE_LOOP('',(#3617,#3618,#3624,#3625));
#3617 = ORIENTED_EDGE('',*,*,#3051,.T.);
#3618 = ORIENTED_EDGE('',*,*,#3619,.T.);
#3619 = EDGE_CURVE('',#3044,#3477,#3620,.T.);
#3620 = LINE('',#3621,#3622);
#3621 = CARTESIAN_POINT('',(-0.725,0.3,0.75));
#3622 = VECTOR('',#3623,1.);
#3623 = DIRECTION('',(-0.,-0.,-1.));
#3624 = ORIENTED_EDGE('',*,*,#3476,.T.);
#3625 = ORIENTED_EDGE('',*,*,#3603,.F.);
#3626 = PLANE('',#3627);
#3627 = AXIS2_PLACEMENT_3D('',#3628,#3629,#3630);
#3628 = CARTESIAN_POINT('',(-0.725,0.3,0.75));
#3629 = DIRECTION('',(0.,-1.,0.));
#3630 = DIRECTION('',(1.,0.,0.));
#3631 = ADVANCED_FACE('',(#3632),#3643,.F.);
#3632 = FACE_BOUND('',#3633,.F.);
#3633 = EDGE_LOOP('',(#3634,#3635,#3636,#3642));
#3634 = ORIENTED_EDGE('',*,*,#3619,.F.);
#3635 = ORIENTED_EDGE('',*,*,#3043,.T.);
#3636 = ORIENTED_EDGE('',*,*,#3637,.F.);
#3637 = EDGE_CURVE('',#3438,#3036,#3638,.T.);
#3638 = LINE('',#3639,#3640);
#3639 = CARTESIAN_POINT('',(-0.725,0.4,0.375));
#3640 = VECTOR('',#3641,1.);
#3641 = DIRECTION('',(0.,0.,1.));
#3642 = ORIENTED_EDGE('',*,*,#3484,.T.);
#3643 = PLANE('',#3644);
#3644 = AXIS2_PLACEMENT_3D('',#3645,#3646,#3647);
#3645 = CARTESIAN_POINT('',(-0.725,0.5,0.75));
#3646 = DIRECTION('',(-1.,0.,0.));
#3647 = DIRECTION('',(0.,-1.,0.));
#3648 = ADVANCED_FACE('',(#3649),#3674,.F.);
#3649 = FACE_BOUND('',#3650,.F.);
#3650 = EDGE_LOOP('',(#3651,#3652,#3660,#3668));
#3651 = ORIENTED_EDGE('',*,*,#3027,.T.);
#3652 = ORIENTED_EDGE('',*,*,#3653,.T.);
#3653 = EDGE_CURVE('',#3020,#3654,#3656,.T.);
#3654 = VERTEX_POINT('',#3655);
#3655 = CARTESIAN_POINT('',(0.725,0.3,0.));
#3656 = LINE('',#3657,#3658);
#3657 = CARTESIAN_POINT('',(0.725,0.3,0.75));
#3658 = VECTOR('',#3659,1.);
#3659 = DIRECTION('',(-0.,-0.,-1.));
#3660 = ORIENTED_EDGE('',*,*,#3661,.T.);
#3661 = EDGE_CURVE('',#3654,#3662,#3664,.T.);
#3662 = VERTEX_POINT('',#3663);
#3663 = CARTESIAN_POINT('',(0.725,0.4,0.));
#3664 = LINE('',#3665,#3666);
#3665 = CARTESIAN_POINT('',(0.725,-5.E-02,0.));
#3666 = VECTOR('',#3667,1.);
#3667 = DIRECTION('',(0.,1.,0.));
#3668 = ORIENTED_EDGE('',*,*,#3669,.F.);
#3669 = EDGE_CURVE('',#3028,#3662,#3670,.T.);
#3670 = LINE('',#3671,#3672);
#3671 = CARTESIAN_POINT('',(0.725,0.4,0.375));
#3672 = VECTOR('',#3673,1.);
#3673 = DIRECTION('',(0.,0.,-1.));
#3674 = PLANE('',#3675);
#3675 = AXIS2_PLACEMENT_3D('',#3676,#3677,#3678);
#3676 = CARTESIAN_POINT('',(0.725,0.3,0.75));
#3677 = DIRECTION('',(1.,0.,0.));
#3678 = DIRECTION('',(-0.,1.,0.));
#3679 = ADVANCED_FACE('',(#3680),#3699,.F.);
#3680 = FACE_BOUND('',#3681,.F.);
#3681 = EDGE_LOOP('',(#3682,#3683,#3684,#3693));
#3682 = ORIENTED_EDGE('',*,*,#3653,.F.);
#3683 = ORIENTED_EDGE('',*,*,#3019,.T.);
#3684 = ORIENTED_EDGE('',*,*,#3685,.F.);
#3685 = EDGE_CURVE('',#3686,#3012,#3688,.T.);
#3686 = VERTEX_POINT('',#3687);
#3687 = CARTESIAN_POINT('',(0.53,0.3,-3.469446951954E-18));
#3688 = CIRCLE('',#3689,3.E-02);
#3689 = AXIS2_PLACEMENT_3D('',#3690,#3691,#3692);
#3690 = CARTESIAN_POINT('',(0.53,0.3,3.E-02));
#3691 = DIRECTION('',(0.,1.,-0.));
#3692 = DIRECTION('',(-1.,0.,0.));
#3693 = ORIENTED_EDGE('',*,*,#3694,.T.);
#3694 = EDGE_CURVE('',#3686,#3654,#3695,.T.);
#3695 = LINE('',#3696,#3697);
#3696 = CARTESIAN_POINT('',(-0.1125,0.3,0.));
#3697 = VECTOR('',#3698,1.);
#3698 = DIRECTION('',(1.,0.,0.));
#3699 = PLANE('',#3700);
#3700 = AXIS2_PLACEMENT_3D('',#3701,#3702,#3703);
#3701 = CARTESIAN_POINT('',(-0.725,0.3,0.75));
#3702 = DIRECTION('',(0.,-1.,0.));
#3703 = DIRECTION('',(1.,0.,0.));
#3704 = ADVANCED_FACE('',(#3705),#3724,.T.);
#3705 = FACE_BOUND('',#3706,.T.);
#3706 = EDGE_LOOP('',(#3707,#3708,#3716,#3723));
#3707 = ORIENTED_EDGE('',*,*,#3685,.F.);
#3708 = ORIENTED_EDGE('',*,*,#3709,.F.);
#3709 = EDGE_CURVE('',#3710,#3686,#3712,.T.);
#3710 = VERTEX_POINT('',#3711);
#3711 = CARTESIAN_POINT('',(0.53,-0.3,-3.469446951954E-18));
#3712 = LINE('',#3713,#3714);
#3713 = CARTESIAN_POINT('',(0.53,-0.4,-3.469446951954E-18));
#3714 = VECTOR('',#3715,1.);
#3715 = DIRECTION('',(0.,1.,0.));
#3716 = ORIENTED_EDGE('',*,*,#3717,.T.);
#3717 = EDGE_CURVE('',#3710,#3004,#3718,.T.);
#3718 = CIRCLE('',#3719,3.E-02);
#3719 = AXIS2_PLACEMENT_3D('',#3720,#3721,#3722);
#3720 = CARTESIAN_POINT('',(0.53,-0.3,3.E-02));
#3721 = DIRECTION('',(0.,1.,-0.));
#3722 = DIRECTION('',(-1.,0.,0.));
#3723 = ORIENTED_EDGE('',*,*,#3011,.T.);
#3724 = CYLINDRICAL_SURFACE('',#3725,3.E-02);
#3725 = AXIS2_PLACEMENT_3D('',#3726,#3727,#3728);
#3726 = CARTESIAN_POINT('',(0.53,-0.4,3.E-02));
#3727 = DIRECTION('',(0.,1.,0.));
#3728 = DIRECTION('',(-1.,0.,0.));
#3729 = ADVANCED_FACE('',(#3730),#3748,.F.);
#3730 = FACE_BOUND('',#3731,.F.);
#3731 = EDGE_LOOP('',(#3732,#3733,#3741,#3747));
#3732 = ORIENTED_EDGE('',*,*,#3003,.T.);
#3733 = ORIENTED_EDGE('',*,*,#3734,.T.);
#3734 = EDGE_CURVE('',#2996,#3735,#3737,.T.);
#3735 = VERTEX_POINT('',#3736);
#3736 = CARTESIAN_POINT('',(0.725,-0.3,0.));
#3737 = LINE('',#3738,#3739);
#3738 = CARTESIAN_POINT('',(0.725,-0.3,0.75));
#3739 = VECTOR('',#3740,1.);
#3740 = DIRECTION('',(-0.,-0.,-1.));
#3741 = ORIENTED_EDGE('',*,*,#3742,.T.);
#3742 = EDGE_CURVE('',#3735,#3710,#3743,.T.);
#3743 = LINE('',#3744,#3745);
#3744 = CARTESIAN_POINT('',(0.6125,-0.3,0.));
#3745 = VECTOR('',#3746,1.);
#3746 = DIRECTION('',(-1.,0.,0.));
#3747 = ORIENTED_EDGE('',*,*,#3717,.T.);
#3748 = PLANE('',#3749);
#3749 = AXIS2_PLACEMENT_3D('',#3750,#3751,#3752);
#3750 = CARTESIAN_POINT('',(0.725,-0.3,0.75));
#3751 = DIRECTION('',(0.,1.,0.));
#3752 = DIRECTION('',(-1.,0.,0.));
#3753 = ADVANCED_FACE('',(#3754),#3765,.F.);
#3754 = FACE_BOUND('',#3755,.F.);
#3755 = EDGE_LOOP('',(#3756,#3757,#3758,#3759));
#3756 = ORIENTED_EDGE('',*,*,#3734,.F.);
#3757 = ORIENTED_EDGE('',*,*,#2995,.T.);
#3758 = ORIENTED_EDGE('',*,*,#3117,.T.);
#3759 = ORIENTED_EDGE('',*,*,#3760,.T.);
#3760 = EDGE_CURVE('',#3108,#3735,#3761,.T.);
#3761 = LINE('',#3762,#3763);
#3762 = CARTESIAN_POINT('',(0.725,-0.45,0.));
#3763 = VECTOR('',#3764,1.);
#3764 = DIRECTION('',(0.,1.,0.));
#3765 = PLANE('',#3766);
#3766 = AXIS2_PLACEMENT_3D('',#3767,#3768,#3769);
#3767 = CARTESIAN_POINT('',(0.725,-0.5,0.75));
#3768 = DIRECTION('',(1.,0.,0.));
#3769 = DIRECTION('',(-0.,1.,0.));
#3770 = ADVANCED_FACE('',(#3771),#3796,.T.);
#3771 = FACE_BOUND('',#3772,.T.);
#3772 = EDGE_LOOP('',(#3773,#3781,#3782,#3790));
#3773 = ORIENTED_EDGE('',*,*,#3774,.T.);
#3774 = EDGE_CURVE('',#3775,#3076,#3777,.T.);
#3775 = VERTEX_POINT('',#3776);
#3776 = CARTESIAN_POINT('',(0.277128129211,0.32,1.5E-02));
#3777 = LINE('',#3778,#3779);
#3778 = CARTESIAN_POINT('',(0.277128129211,0.32,1.5E-02));
#3779 = VECTOR('',#3780,1.);
#3780 = DIRECTION('',(0.,0.,1.));
#3781 = ORIENTED_EDGE('',*,*,#3075,.T.);
#3782 = ORIENTED_EDGE('',*,*,#3783,.F.);
#3783 = EDGE_CURVE('',#3784,#3078,#3786,.T.);
#3784 = VERTEX_POINT('',#3785);
#3785 = CARTESIAN_POINT('',(0.277128129211,-0.32,1.5E-02));
#3786 = LINE('',#3787,#3788);
#3787 = CARTESIAN_POINT('',(0.277128129211,-0.32,1.5E-02));
#3788 = VECTOR('',#3789,1.);
#3789 = DIRECTION('',(0.,0.,1.));
#3790 = ORIENTED_EDGE('',*,*,#3791,.F.);
#3791 = EDGE_CURVE('',#3775,#3784,#3792,.T.);
#3792 = LINE('',#3793,#3794);
#3793 = CARTESIAN_POINT('',(0.277128129211,0.32,1.5E-02));
#3794 = VECTOR('',#3795,1.);
#3795 = DIRECTION('',(0.,-1.,0.));
#3796 = PLANE('',#3797);
#3797 = AXIS2_PLACEMENT_3D('',#3798,#3799,#3800);
#3798 = CARTESIAN_POINT('',(0.277128129211,0.32,1.5E-02));
#3799 = DIRECTION('',(1.,0.,0.));
#3800 = DIRECTION('',(0.,-1.,0.));
#3801 = ADVANCED_FACE('',(#3802),#3820,.T.);
#3802 = FACE_BOUND('',#3803,.T.);
#3803 = EDGE_LOOP('',(#3804,#3812,#3813,#3814));
#3804 = ORIENTED_EDGE('',*,*,#3805,.T.);
#3805 = EDGE_CURVE('',#3806,#3086,#3808,.T.);
#3806 = VERTEX_POINT('',#3807);
#3807 = CARTESIAN_POINT('',(-0.277128129211,0.,1.5E-02));
#3808 = LINE('',#3809,#3810);
#3809 = CARTESIAN_POINT('',(-0.277128129211,0.,1.5E-02));
#3810 = VECTOR('',#3811,1.);
#3811 = DIRECTION('',(0.,0.,1.));
#3812 = ORIENTED_EDGE('',*,*,#3093,.T.);
#3813 = ORIENTED_EDGE('',*,*,#3774,.F.);
#3814 = ORIENTED_EDGE('',*,*,#3815,.F.);
#3815 = EDGE_CURVE('',#3806,#3775,#3816,.T.);
#3816 = LINE('',#3817,#3818);
#3817 = CARTESIAN_POINT('',(-0.277128129211,0.,1.5E-02));
#3818 = VECTOR('',#3819,1.);
#3819 = DIRECTION('',(0.866025403784,0.5,0.));
#3820 = PLANE('',#3821);
#3821 = AXIS2_PLACEMENT_3D('',#3822,#3823,#3824);
#3822 = CARTESIAN_POINT('',(-0.277128129211,0.,1.5E-02));
#3823 = DIRECTION('',(-0.5,0.866025403784,0.));
#3824 = DIRECTION('',(0.866025403784,0.5,0.));
#3825 = ADVANCED_FACE('',(#3826),#3837,.T.);
#3826 = FACE_BOUND('',#3827,.T.);
#3827 = EDGE_LOOP('',(#3828,#3829,#3830,#3831));
#3828 = ORIENTED_EDGE('',*,*,#3783,.T.);
#3829 = ORIENTED_EDGE('',*,*,#3085,.T.);
#3830 = ORIENTED_EDGE('',*,*,#3805,.F.);
#3831 = ORIENTED_EDGE('',*,*,#3832,.F.);
#3832 = EDGE_CURVE('',#3784,#3806,#3833,.T.);
#3833 = LINE('',#3834,#3835);
#3834 = CARTESIAN_POINT('',(0.277128129211,-0.32,1.5E-02));
#3835 = VECTOR('',#3836,1.);
#3836 = DIRECTION('',(-0.866025403784,0.5,0.));
#3837 = PLANE('',#3838);
#3838 = AXIS2_PLACEMENT_3D('',#3839,#3840,#3841);
#3839 = CARTESIAN_POINT('',(0.277128129211,-0.32,1.5E-02));
#3840 = DIRECTION('',(-0.5,-0.866025403784,0.));
#3841 = DIRECTION('',(-0.866025403784,0.5,0.));
#3842 = ADVANCED_FACE('',(#3843),#3865,.F.);
#3843 = FACE_BOUND('',#3844,.F.);
#3844 = EDGE_LOOP('',(#3845,#3853,#3854,#3855,#3856,#3857,#3858,#3859));
#3845 = ORIENTED_EDGE('',*,*,#3846,.F.);
#3846 = EDGE_CURVE('',#3662,#3847,#3849,.T.);
#3847 = VERTEX_POINT('',#3848);
#3848 = CARTESIAN_POINT('',(0.77,0.4,-3.469446951954E-18));
#3849 = LINE('',#3850,#3851);
#3850 = CARTESIAN_POINT('',(0.5,0.4,0.));
#3851 = VECTOR('',#3852,1.);
#3852 = DIRECTION('',(1.,0.,0.));
#3853 = ORIENTED_EDGE('',*,*,#3661,.F.);
#3854 = ORIENTED_EDGE('',*,*,#3694,.F.);
#3855 = ORIENTED_EDGE('',*,*,#3709,.F.);
#3856 = ORIENTED_EDGE('',*,*,#3742,.F.);
#3857 = ORIENTED_EDGE('',*,*,#3760,.F.);
#3858 = ORIENTED_EDGE('',*,*,#3107,.T.);
#3859 = ORIENTED_EDGE('',*,*,#3860,.T.);
#3860 = EDGE_CURVE('',#3110,#3847,#3861,.T.);
#3861 = LINE('',#3862,#3863);
#3862 = CARTESIAN_POINT('',(0.77,-0.4,-3.469446951954E-18));
#3863 = VECTOR('',#3864,1.);
#3864 = DIRECTION('',(0.,1.,0.));
#3865 = PLANE('',#3866);
#3866 = AXIS2_PLACEMENT_3D('',#3867,#3868,#3869);
#3867 = CARTESIAN_POINT('',(0.5,-0.4,0.));
#3868 = DIRECTION('',(0.,0.,1.));
#3869 = DIRECTION('',(1.,0.,-0.));
#3870 = ADVANCED_FACE('',(#3871),#3890,.T.);
#3871 = FACE_BOUND('',#3872,.T.);
#3872 = EDGE_LOOP('',(#3873,#3874,#3875,#3884));
#3873 = ORIENTED_EDGE('',*,*,#3159,.T.);
#3874 = ORIENTED_EDGE('',*,*,#3860,.T.);
#3875 = ORIENTED_EDGE('',*,*,#3876,.F.);
#3876 = EDGE_CURVE('',#3877,#3847,#3879,.T.);
#3877 = VERTEX_POINT('',#3878);
#3878 = CARTESIAN_POINT('',(0.8,0.4,3.E-02));
#3879 = CIRCLE('',#3880,3.E-02);
#3880 = AXIS2_PLACEMENT_3D('',#3881,#3882,#3883);
#3881 = CARTESIAN_POINT('',(0.77,0.4,3.E-02));
#3882 = DIRECTION('',(0.,1.,0.));
#3883 = DIRECTION('',(0.,-0.,1.));
#3884 = ORIENTED_EDGE('',*,*,#3885,.F.);
#3885 = EDGE_CURVE('',#3152,#3877,#3886,.T.);
#3886 = LINE('',#3887,#3888);
#3887 = CARTESIAN_POINT('',(0.8,-0.4,3.E-02));
#3888 = VECTOR('',#3889,1.);
#3889 = DIRECTION('',(0.,1.,0.));
#3890 = CYLINDRICAL_SURFACE('',#3891,3.E-02);
#3891 = AXIS2_PLACEMENT_3D('',#3892,#3893,#3894);
#3892 = CARTESIAN_POINT('',(0.77,-0.4,3.E-02));
#3893 = DIRECTION('',(0.,1.,0.));
#3894 = DIRECTION('',(1.,0.,0.));
#3895 = ADVANCED_FACE('',(#3896),#3914,.T.);
#3896 = FACE_BOUND('',#3897,.T.);
#3897 = EDGE_LOOP('',(#3898,#3899,#3900,#3908));
#3898 = ORIENTED_EDGE('',*,*,#3151,.F.);
#3899 = ORIENTED_EDGE('',*,*,#3885,.T.);
#3900 = ORIENTED_EDGE('',*,*,#3901,.T.);
#3901 = EDGE_CURVE('',#3877,#3902,#3904,.T.);
#3902 = VERTEX_POINT('',#3903);
#3903 = CARTESIAN_POINT('',(0.8,0.4,0.47));
#3904 = LINE('',#3905,#3906);
#3905 = CARTESIAN_POINT('',(0.8,0.4,0.));
#3906 = VECTOR('',#3907,1.);
#3907 = DIRECTION('',(0.,0.,1.));
#3908 = ORIENTED_EDGE('',*,*,#3909,.F.);
#3909 = EDGE_CURVE('',#3143,#3902,#3910,.T.);
#3910 = LINE('',#3911,#3912);
#3911 = CARTESIAN_POINT('',(0.8,-0.4,0.47));
#3912 = VECTOR('',#3913,1.);
#3913 = DIRECTION('',(0.,1.,0.));
#3914 = PLANE('',#3915);
#3915 = AXIS2_PLACEMENT_3D('',#3916,#3917,#3918);
#3916 = CARTESIAN_POINT('',(0.8,-0.4,0.));
#3917 = DIRECTION('',(1.,0.,0.));
#3918 = DIRECTION('',(0.,0.,1.));
#3919 = ADVANCED_FACE('',(#3920),#3939,.T.);
#3920 = FACE_BOUND('',#3921,.T.);
#3921 = EDGE_LOOP('',(#3922,#3923,#3932,#3938));
#3922 = ORIENTED_EDGE('',*,*,#3909,.T.);
#3923 = ORIENTED_EDGE('',*,*,#3924,.T.);
#3924 = EDGE_CURVE('',#3902,#3925,#3927,.T.);
#3925 = VERTEX_POINT('',#3926);
#3926 = CARTESIAN_POINT('',(0.77,0.4,0.5));
#3927 = CIRCLE('',#3928,3.E-02);
#3928 = AXIS2_PLACEMENT_3D('',#3929,#3930,#3931);
#3929 = CARTESIAN_POINT('',(0.77,0.4,0.47));
#3930 = DIRECTION('',(0.,-1.,0.));
#3931 = DIRECTION('',(0.,0.,1.));
#3932 = ORIENTED_EDGE('',*,*,#3933,.F.);
#3933 = EDGE_CURVE('',#3135,#3925,#3934,.T.);
#3934 = LINE('',#3935,#3936);
#3935 = CARTESIAN_POINT('',(0.77,-0.4,0.5));
#3936 = VECTOR('',#3937,1.);
#3937 = DIRECTION('',(0.,1.,0.));
#3938 = ORIENTED_EDGE('',*,*,#3142,.F.);
#3939 = CYLINDRICAL_SURFACE('',#3940,3.E-02);
#3940 = AXIS2_PLACEMENT_3D('',#3941,#3942,#3943);
#3941 = CARTESIAN_POINT('',(0.77,-0.4,0.47));
#3942 = DIRECTION('',(0.,1.,0.));
#3943 = DIRECTION('',(1.,0.,0.));
#3944 = ADVANCED_FACE('',(#3945),#3986,.T.);
#3945 = FACE_BOUND('',#3946,.T.);
#3946 = EDGE_LOOP('',(#3947,#3955,#3963,#3969,#3970,#3978,#3984,#3985));
#3947 = ORIENTED_EDGE('',*,*,#3948,.F.);
#3948 = EDGE_CURVE('',#3949,#3925,#3951,.T.);
#3949 = VERTEX_POINT('',#3950);
#3950 = CARTESIAN_POINT('',(0.725,0.4,0.5));
#3951 = LINE('',#3952,#3953);
#3952 = CARTESIAN_POINT('',(0.5,0.4,0.5));
#3953 = VECTOR('',#3954,1.);
#3954 = DIRECTION('',(1.,0.,0.));
#3955 = ORIENTED_EDGE('',*,*,#3956,.F.);
#3956 = EDGE_CURVE('',#3957,#3949,#3959,.T.);
#3957 = VERTEX_POINT('',#3958);
#3958 = CARTESIAN_POINT('',(0.725,0.3,0.5));
#3959 = LINE('',#3960,#3961);
#3960 = CARTESIAN_POINT('',(0.725,-5.E-02,0.5));
#3961 = VECTOR('',#3962,1.);
#3962 = DIRECTION('',(0.,1.,0.));
#3963 = ORIENTED_EDGE('',*,*,#3964,.F.);
#3964 = EDGE_CURVE('',#3240,#3957,#3965,.T.);
#3965 = LINE('',#3966,#3967);
#3966 = CARTESIAN_POINT('',(-0.1125,0.3,0.5));
#3967 = VECTOR('',#3968,1.);
#3968 = DIRECTION('',(1.,0.,0.));
#3969 = ORIENTED_EDGE('',*,*,#3239,.F.);
#3970 = ORIENTED_EDGE('',*,*,#3971,.F.);
#3971 = EDGE_CURVE('',#3972,#3231,#3974,.T.);
#3972 = VERTEX_POINT('',#3973);
#3973 = CARTESIAN_POINT('',(0.725,-0.3,0.5));
#3974 = LINE('',#3975,#3976);
#3975 = CARTESIAN_POINT('',(0.6125,-0.3,0.5));
#3976 = VECTOR('',#3977,1.);
#3977 = DIRECTION('',(-1.,0.,0.));
#3978 = ORIENTED_EDGE('',*,*,#3979,.F.);
#3979 = EDGE_CURVE('',#3127,#3972,#3980,.T.);
#3980 = LINE('',#3981,#3982);
#3981 = CARTESIAN_POINT('',(0.725,-0.45,0.5));
#3982 = VECTOR('',#3983,1.);
#3983 = DIRECTION('',(0.,1.,0.));
#3984 = ORIENTED_EDGE('',*,*,#3134,.T.);
#3985 = ORIENTED_EDGE('',*,*,#3933,.T.);
#3986 = PLANE('',#3987);
#3987 = AXIS2_PLACEMENT_3D('',#3988,#3989,#3990);
#3988 = CARTESIAN_POINT('',(0.5,-0.4,0.5));
#3989 = DIRECTION('',(0.,0.,1.));
#3990 = DIRECTION('',(1.,0.,-0.));
#3991 = ADVANCED_FACE('',(#3992),#4003,.F.);
#3992 = FACE_BOUND('',#3993,.F.);
#3993 = EDGE_LOOP('',(#3994,#4000,#4001,#4002));
#3994 = ORIENTED_EDGE('',*,*,#3995,.F.);
#3995 = EDGE_CURVE('',#3972,#3175,#3996,.T.);
#3996 = LINE('',#3997,#3998);
#3997 = CARTESIAN_POINT('',(0.725,-0.3,0.75));
#3998 = VECTOR('',#3999,1.);
#3999 = DIRECTION('',(-0.,-0.,-1.));
#4000 = ORIENTED_EDGE('',*,*,#3979,.F.);
#4001 = ORIENTED_EDGE('',*,*,#3126,.T.);
#4002 = ORIENTED_EDGE('',*,*,#3184,.F.);
#4003 = PLANE('',#4004);
#4004 = AXIS2_PLACEMENT_3D('',#4005,#4006,#4007);
#4005 = CARTESIAN_POINT('',(0.725,-0.5,0.75));
#4006 = DIRECTION('',(1.,0.,0.));
#4007 = DIRECTION('',(-0.,1.,0.));
#4008 = ADVANCED_FACE('',(#4009),#4015,.F.);
#4009 = FACE_BOUND('',#4010,.F.);
#4010 = EDGE_LOOP('',(#4011,#4012,#4013,#4014));
#4011 = ORIENTED_EDGE('',*,*,#3971,.F.);
#4012 = ORIENTED_EDGE('',*,*,#3995,.T.);
#4013 = ORIENTED_EDGE('',*,*,#3174,.F.);
#4014 = ORIENTED_EDGE('',*,*,#3230,.T.);
#4015 = PLANE('',#4016);
#4016 = AXIS2_PLACEMENT_3D('',#4017,#4018,#4019);
#4017 = CARTESIAN_POINT('',(0.725,-0.3,0.75));
#4018 = DIRECTION('',(0.,1.,0.));
#4019 = DIRECTION('',(-1.,0.,0.));
#4020 = ADVANCED_FACE('',(#4021),#4037,.F.);
#4021 = FACE_BOUND('',#4022,.F.);
#4022 = EDGE_LOOP('',(#4023,#4024,#4030,#4031));
#4023 = ORIENTED_EDGE('',*,*,#3956,.F.);
#4024 = ORIENTED_EDGE('',*,*,#4025,.T.);
#4025 = EDGE_CURVE('',#3957,#3208,#4026,.T.);
#4026 = LINE('',#4027,#4028);
#4027 = CARTESIAN_POINT('',(0.725,0.3,0.75));
#4028 = VECTOR('',#4029,1.);
#4029 = DIRECTION('',(-0.,-0.,-1.));
#4030 = ORIENTED_EDGE('',*,*,#3215,.F.);
#4031 = ORIENTED_EDGE('',*,*,#4032,.F.);
#4032 = EDGE_CURVE('',#3949,#3199,#4033,.T.);
#4033 = LINE('',#4034,#4035);
#4034 = CARTESIAN_POINT('',(0.725,0.4,0.375));
#4035 = VECTOR('',#4036,1.);
#4036 = DIRECTION('',(0.,0.,-1.));
#4037 = PLANE('',#4038);
#4038 = AXIS2_PLACEMENT_3D('',#4039,#4040,#4041);
#4039 = CARTESIAN_POINT('',(0.725,0.3,0.75));
#4040 = DIRECTION('',(1.,0.,0.));
#4041 = DIRECTION('',(-0.,1.,0.));
#4042 = ADVANCED_FACE('',(#4043),#4049,.F.);
#4043 = FACE_BOUND('',#4044,.F.);
#4044 = EDGE_LOOP('',(#4045,#4046,#4047,#4048));
#4045 = ORIENTED_EDGE('',*,*,#4025,.F.);
#4046 = ORIENTED_EDGE('',*,*,#3964,.F.);
#4047 = ORIENTED_EDGE('',*,*,#3247,.F.);
#4048 = ORIENTED_EDGE('',*,*,#3207,.F.);
#4049 = PLANE('',#4050);
#4050 = AXIS2_PLACEMENT_3D('',#4051,#4052,#4053);
#4051 = CARTESIAN_POINT('',(-0.725,0.3,0.75));
#4052 = DIRECTION('',(0.,-1.,0.));
#4053 = DIRECTION('',(1.,0.,0.));
#4054 = ADVANCED_FACE('',(#4055),#4067,.T.);
#4055 = FACE_BOUND('',#4056,.T.);
#4056 = EDGE_LOOP('',(#4057,#4058,#4059,#4060,#4061,#4062,#4063,#4064,
    #4065,#4066));
#4057 = ORIENTED_EDGE('',*,*,#3435,.F.);
#4058 = ORIENTED_EDGE('',*,*,#3506,.F.);
#4059 = ORIENTED_EDGE('',*,*,#3542,.T.);
#4060 = ORIENTED_EDGE('',*,*,#3566,.T.);
#4061 = ORIENTED_EDGE('',*,*,#3390,.T.);
#4062 = ORIENTED_EDGE('',*,*,#3351,.F.);
#4063 = ORIENTED_EDGE('',*,*,#3278,.F.);
#4064 = ORIENTED_EDGE('',*,*,#3270,.F.);
#4065 = ORIENTED_EDGE('',*,*,#3262,.T.);
#4066 = ORIENTED_EDGE('',*,*,#3637,.F.);
#4067 = PLANE('',#4068);
#4068 = AXIS2_PLACEMENT_3D('',#4069,#4070,#4071);
#4069 = CARTESIAN_POINT('',(-0.8,0.4,0.));
#4070 = DIRECTION('',(0.,1.,0.));
#4071 = DIRECTION('',(0.,-0.,1.));
#4072 = ADVANCED_FACE('',(#4073),#4085,.T.);
#4073 = FACE_BOUND('',#4074,.T.);
#4074 = EDGE_LOOP('',(#4075,#4076,#4077,#4078,#4079,#4080,#4081,#4082,
    #4083,#4084));
#4075 = ORIENTED_EDGE('',*,*,#3846,.F.);
#4076 = ORIENTED_EDGE('',*,*,#3669,.F.);
#4077 = ORIENTED_EDGE('',*,*,#3303,.T.);
#4078 = ORIENTED_EDGE('',*,*,#3295,.T.);
#4079 = ORIENTED_EDGE('',*,*,#3287,.F.);
#4080 = ORIENTED_EDGE('',*,*,#4032,.F.);
#4081 = ORIENTED_EDGE('',*,*,#3948,.T.);
#4082 = ORIENTED_EDGE('',*,*,#3924,.F.);
#4083 = ORIENTED_EDGE('',*,*,#3901,.F.);
#4084 = ORIENTED_EDGE('',*,*,#3876,.T.);
#4085 = PLANE('',#4086);
#4086 = AXIS2_PLACEMENT_3D('',#4087,#4088,#4089);
#4087 = CARTESIAN_POINT('',(0.5,0.4,0.));
#4088 = DIRECTION('',(0.,1.,0.));
#4089 = DIRECTION('',(0.,-0.,1.));
#4090 = ADVANCED_FACE('',(#4091),#4096,.T.);
#4091 = FACE_BOUND('',#4092,.T.);
#4092 = EDGE_LOOP('',(#4093,#4094,#4095));
#4093 = ORIENTED_EDGE('',*,*,#3815,.T.);
#4094 = ORIENTED_EDGE('',*,*,#3791,.T.);
#4095 = ORIENTED_EDGE('',*,*,#3832,.T.);
#4096 = PLANE('',#4097);
#4097 = AXIS2_PLACEMENT_3D('',#4098,#4099,#4100);
#4098 = CARTESIAN_POINT('',(9.237604307034E-02,0.,1.5E-02));
#4099 = DIRECTION('',(-0.,-0.,-1.));
#4100 = DIRECTION('',(-1.,0.,0.));
#4101 = ( GEOMETRIC_REPRESENTATION_CONTEXT(3) 
GLOBAL_UNCERTAINTY_ASSIGNED_CONTEXT((#4105)) 
GLOBAL_UNIT_ASSIGNED_CONTEXT((#4102,#4103,#4104)) REPRESENTATION_CONTEXT
('Context #1','3D Context with UNIT and UNCERTAINTY') );
#4102 = ( LENGTH_UNIT() NAMED_UNIT(*) SI_UNIT(.MILLI.,.METRE.) );
#4103 = ( NAMED_UNIT(*) PLANE_ANGLE_UNIT() SI_UNIT($,.RADIAN.) );
#4104 = ( NAMED_UNIT(*) SI_UNIT($,.STERADIAN.) SOLID_ANGLE_UNIT() );
#4105 = UNCERTAINTY_MEASURE_WITH_UNIT(LENGTH_MEASURE(1.E-07),#4102,
  'distance_accuracy_value','confusion accuracy');
#4106 = CONTEXT_DEPENDENT_SHAPE_REPRESENTATION(#4107,#4109);
#4107 = ( REPRESENTATION_RELATIONSHIP('','',#2577,#10) 
REPRESENTATION_RELATIONSHIP_WITH_TRANSFORMATION(#4108) 
SHAPE_REPRESENTATION_RELATIONSHIP() );
#4108 = ITEM_DEFINED_TRANSFORMATION('','',#11,#35);
#4109 = PRODUCT_DEFINITION_SHAPE('Placement','Placement of an item',
  #4110);
#4110 = NEXT_ASSEMBLY_USAGE_OCCURRENCE('6','D1','',#5,#2572,$);
#4111 = PRODUCT_RELATED_PRODUCT_CATEGORY('part',$,(#2574));
#4112 = CONTEXT_DEPENDENT_SHAPE_REPRESENTATION(#4113,#4115);
#4113 = ( REPRESENTATION_RELATIONSHIP('','',#1699,#10) 
REPRESENTATION_RELATIONSHIP_WITH_TRANSFORMATION(#4114) 
SHAPE_REPRESENTATION_RELATIONSHIP() );
#4114 = ITEM_DEFINED_TRANSFORMATION('','',#11,#39);
#4115 = PRODUCT_DEFINITION_SHAPE('Placement','Placement of an item',
  #4116);
#4116 = NEXT_ASSEMBLY_USAGE_OCCURRENCE('7','C3','',#5,#1694,$);
#4117 = CONTEXT_DEPENDENT_SHAPE_REPRESENTATION(#4118,#4120);
#4118 = ( REPRESENTATION_RELATIONSHIP('','',#108,#10) 
REPRESENTATION_RELATIONSHIP_WITH_TRANSFORMATION(#4119) 
SHAPE_REPRESENTATION_RELATIONSHIP() );
#4119 = ITEM_DEFINED_TRANSFORMATION('','',#11,#43);
#4120 = PRODUCT_DEFINITION_SHAPE('Placement','Placement of an item',
  #4121);
#4121 = NEXT_ASSEMBLY_USAGE_OCCURRENCE('8','R6','',#5,#103,$);
#4122 = CONTEXT_DEPENDENT_SHAPE_REPRESENTATION(#4123,#4125);
#4123 = ( REPRESENTATION_RELATIONSHIP('','',#108,#10) 
REPRESENTATION_RELATIONSHIP_WITH_TRANSFORMATION(#4124) 
SHAPE_REPRESENTATION_RELATIONSHIP() );
#4124 = ITEM_DEFINED_TRANSFORMATION('','',#11,#47);
#4125 = PRODUCT_DEFINITION_SHAPE('Placement','Placement of an item',
  #4126);
#4126 = NEXT_ASSEMBLY_USAGE_OCCURRENCE('9','R5','',#5,#103,$);
#4127 = SHAPE_DEFINITION_REPRESENTATION(#4128,#4134);
#4128 = PRODUCT_DEFINITION_SHAPE('','',#4129);
#4129 = PRODUCT_DEFINITION('design','',#4130,#4133);
#4130 = PRODUCT_DEFINITION_FORMATION('','',#4131);
#4131 = PRODUCT('PinHeader_1x03_P2.54mm_Vertical',
  'PinHeader_1x03_P2.54mm_Vertical','',(#4132));
#4132 = PRODUCT_CONTEXT('',#2,'mechanical');
#4133 = PRODUCT_DEFINITION_CONTEXT('part definition',#2,'design');
#4134 = ADVANCED_BREP_SHAPE_REPRESENTATION('',(#11,#4135),#6241);
#4135 = MANIFOLD_SOLID_BREP('',#4136);
#4136 = CLOSED_SHELL('',(#4137,#4177,#4208,#4239,#4486,#4733,#4750,#4767
    ,#4784,#4801,#4818,#4835,#4852,#4869,#4886,#4903,#4920,#4937,#4954,
    #4971,#4988,#5005,#5017,#5048,#5072,#5096,#5113,#5144,#5168,#5192,
    #5209,#5240,#5264,#5288,#5305,#5336,#5360,#5384,#5401,#5432,#5456,
    #5480,#5497,#5528,#5552,#5576,#5593,#5624,#5648,#5672,#5689,#5720,
    #5744,#5768,#5785,#5816,#5840,#5864,#5881,#5912,#5936,#5960,#5977,
    #6008,#6032,#6056,#6073,#6104,#6128,#6152,#6169,#6181,#6193,#6205,
    #6217,#6229));
#4137 = ADVANCED_FACE('',(#4138),#4172,.F.);
#4138 = FACE_BOUND('',#4139,.F.);
#4139 = EDGE_LOOP('',(#4140,#4150,#4158,#4166));
#4140 = ORIENTED_EDGE('',*,*,#4141,.T.);
#4141 = EDGE_CURVE('',#4142,#4144,#4146,.T.);
#4142 = VERTEX_POINT('',#4143);
#4143 = CARTESIAN_POINT('',(-1.016,1.27,0.));
#4144 = VERTEX_POINT('',#4145);
#4145 = CARTESIAN_POINT('',(-1.016,1.27,2.54));
#4146 = LINE('',#4147,#4148);
#4147 = CARTESIAN_POINT('',(-1.016,1.27,0.));
#4148 = VECTOR('',#4149,1.);
#4149 = DIRECTION('',(0.,0.,1.));
#4150 = ORIENTED_EDGE('',*,*,#4151,.T.);
#4151 = EDGE_CURVE('',#4144,#4152,#4154,.T.);
#4152 = VERTEX_POINT('',#4153);
#4153 = CARTESIAN_POINT('',(-1.27,1.016,2.54));
#4154 = LINE('',#4155,#4156);
#4155 = CARTESIAN_POINT('',(-1.016,1.27,2.54));
#4156 = VECTOR('',#4157,1.);
#4157 = DIRECTION('',(-0.707106781187,-0.707106781187,0.));
#4158 = ORIENTED_EDGE('',*,*,#4159,.F.);
#4159 = EDGE_CURVE('',#4160,#4152,#4162,.T.);
#4160 = VERTEX_POINT('',#4161);
#4161 = CARTESIAN_POINT('',(-1.27,1.016,0.));
#4162 = LINE('',#4163,#4164);
#4163 = CARTESIAN_POINT('',(-1.27,1.016,0.));
#4164 = VECTOR('',#4165,1.);
#4165 = DIRECTION('',(0.,0.,1.));
#4166 = ORIENTED_EDGE('',*,*,#4167,.F.);
#4167 = EDGE_CURVE('',#4142,#4160,#4168,.T.);
#4168 = LINE('',#4169,#4170);
#4169 = CARTESIAN_POINT('',(-1.016,1.27,0.));
#4170 = VECTOR('',#4171,1.);
#4171 = DIRECTION('',(-0.707106781187,-0.707106781187,0.));
#4172 = PLANE('',#4173);
#4173 = AXIS2_PLACEMENT_3D('',#4174,#4175,#4176);
#4174 = CARTESIAN_POINT('',(-1.016,1.27,0.));
#4175 = DIRECTION('',(0.707106781187,-0.707106781187,0.));
#4176 = DIRECTION('',(-0.707106781187,-0.707106781187,0.));
#4177 = ADVANCED_FACE('',(#4178),#4203,.F.);
#4178 = FACE_BOUND('',#4179,.F.);
#4179 = EDGE_LOOP('',(#4180,#4190,#4196,#4197));
#4180 = ORIENTED_EDGE('',*,*,#4181,.T.);
#4181 = EDGE_CURVE('',#4182,#4184,#4186,.T.);
#4182 = VERTEX_POINT('',#4183);
#4183 = CARTESIAN_POINT('',(1.016,1.27,0.));
#4184 = VERTEX_POINT('',#4185);
#4185 = CARTESIAN_POINT('',(1.016,1.27,2.54));
#4186 = LINE('',#4187,#4188);
#4187 = CARTESIAN_POINT('',(1.016,1.27,0.));
#4188 = VECTOR('',#4189,1.);
#4189 = DIRECTION('',(0.,0.,1.));
#4190 = ORIENTED_EDGE('',*,*,#4191,.T.);
#4191 = EDGE_CURVE('',#4184,#4144,#4192,.T.);
#4192 = LINE('',#4193,#4194);
#4193 = CARTESIAN_POINT('',(1.016,1.27,2.54));
#4194 = VECTOR('',#4195,1.);
#4195 = DIRECTION('',(-1.,0.,0.));
#4196 = ORIENTED_EDGE('',*,*,#4141,.F.);
#4197 = ORIENTED_EDGE('',*,*,#4198,.F.);
#4198 = EDGE_CURVE('',#4182,#4142,#4199,.T.);
#4199 = LINE('',#4200,#4201);
#4200 = CARTESIAN_POINT('',(1.016,1.27,0.));
#4201 = VECTOR('',#4202,1.);
#4202 = DIRECTION('',(-1.,0.,0.));
#4203 = PLANE('',#4204);
#4204 = AXIS2_PLACEMENT_3D('',#4205,#4206,#4207);
#4205 = CARTESIAN_POINT('',(1.016,1.27,0.));
#4206 = DIRECTION('',(0.,-1.,0.));
#4207 = DIRECTION('',(-1.,0.,0.));
#4208 = ADVANCED_FACE('',(#4209),#4234,.F.);
#4209 = FACE_BOUND('',#4210,.F.);
#4210 = EDGE_LOOP('',(#4211,#4212,#4220,#4228));
#4211 = ORIENTED_EDGE('',*,*,#4159,.T.);
#4212 = ORIENTED_EDGE('',*,*,#4213,.T.);
#4213 = EDGE_CURVE('',#4152,#4214,#4216,.T.);
#4214 = VERTEX_POINT('',#4215);
#4215 = CARTESIAN_POINT('',(-1.27,-1.016,2.54));
#4216 = LINE('',#4217,#4218);
#4217 = CARTESIAN_POINT('',(-1.27,1.016,2.54));
#4218 = VECTOR('',#4219,1.);
#4219 = DIRECTION('',(0.,-1.,0.));
#4220 = ORIENTED_EDGE('',*,*,#4221,.F.);
#4221 = EDGE_CURVE('',#4222,#4214,#4224,.T.);
#4222 = VERTEX_POINT('',#4223);
#4223 = CARTESIAN_POINT('',(-1.27,-1.016,0.));
#4224 = LINE('',#4225,#4226);
#4225 = CARTESIAN_POINT('',(-1.27,-1.016,0.));
#4226 = VECTOR('',#4227,1.);
#4227 = DIRECTION('',(0.,0.,1.));
#4228 = ORIENTED_EDGE('',*,*,#4229,.F.);
#4229 = EDGE_CURVE('',#4160,#4222,#4230,.T.);
#4230 = LINE('',#4231,#4232);
#4231 = CARTESIAN_POINT('',(-1.27,1.016,0.));
#4232 = VECTOR('',#4233,1.);
#4233 = DIRECTION('',(0.,-1.,0.));
#4234 = PLANE('',#4235);
#4235 = AXIS2_PLACEMENT_3D('',#4236,#4237,#4238);
#4236 = CARTESIAN_POINT('',(-1.27,1.016,0.));
#4237 = DIRECTION('',(1.,0.,0.));
#4238 = DIRECTION('',(0.,-1.,0.));
#4239 = ADVANCED_FACE('',(#4240,#4379,#4413,#4447),#4481,.F.);
#4240 = FACE_BOUND('',#4241,.F.);
#4241 = EDGE_LOOP('',(#4242,#4243,#4244,#4252,#4260,#4268,#4276,#4284,
    #4292,#4300,#4308,#4316,#4324,#4332,#4340,#4348,#4356,#4364,#4372,
    #4378));
#4242 = ORIENTED_EDGE('',*,*,#4167,.T.);
#4243 = ORIENTED_EDGE('',*,*,#4229,.T.);
#4244 = ORIENTED_EDGE('',*,*,#4245,.T.);
#4245 = EDGE_CURVE('',#4222,#4246,#4248,.T.);
#4246 = VERTEX_POINT('',#4247);
#4247 = CARTESIAN_POINT('',(-1.016,-1.27,0.));
#4248 = LINE('',#4249,#4250);
#4249 = CARTESIAN_POINT('',(-1.27,-1.016,0.));
#4250 = VECTOR('',#4251,1.);
#4251 = DIRECTION('',(0.707106781187,-0.707106781187,0.));
#4252 = ORIENTED_EDGE('',*,*,#4253,.T.);
#4253 = EDGE_CURVE('',#4246,#4254,#4256,.T.);
#4254 = VERTEX_POINT('',#4255);
#4255 = CARTESIAN_POINT('',(-1.27,-1.524,0.));
#4256 = LINE('',#4257,#4258);
#4257 = CARTESIAN_POINT('',(-1.016,-1.27,0.));
#4258 = VECTOR('',#4259,1.);
#4259 = DIRECTION('',(-0.707106781187,-0.707106781187,0.));
#4260 = ORIENTED_EDGE('',*,*,#4261,.T.);
#4261 = EDGE_CURVE('',#4254,#4262,#4264,.T.);
#4262 = VERTEX_POINT('',#4263);
#4263 = CARTESIAN_POINT('',(-1.27,-3.556,0.));
#4264 = LINE('',#4265,#4266);
#4265 = CARTESIAN_POINT('',(-1.27,-1.524,0.));
#4266 = VECTOR('',#4267,1.);
#4267 = DIRECTION('',(0.,-1.,0.));
#4268 = ORIENTED_EDGE('',*,*,#4269,.T.);
#4269 = EDGE_CURVE('',#4262,#4270,#4272,.T.);
#4270 = VERTEX_POINT('',#4271);
#4271 = CARTESIAN_POINT('',(-1.016,-3.81,0.));
#4272 = LINE('',#4273,#4274);
#4273 = CARTESIAN_POINT('',(-1.27,-3.556,0.));
#4274 = VECTOR('',#4275,1.);
#4275 = DIRECTION('',(0.707106781187,-0.707106781187,0.));
#4276 = ORIENTED_EDGE('',*,*,#4277,.T.);
#4277 = EDGE_CURVE('',#4270,#4278,#4280,.T.);
#4278 = VERTEX_POINT('',#4279);
#4279 = CARTESIAN_POINT('',(-1.27,-4.064,0.));
#4280 = LINE('',#4281,#4282);
#4281 = CARTESIAN_POINT('',(-1.016,-3.81,0.));
#4282 = VECTOR('',#4283,1.);
#4283 = DIRECTION('',(-0.707106781187,-0.707106781187,0.));
#4284 = ORIENTED_EDGE('',*,*,#4285,.T.);
#4285 = EDGE_CURVE('',#4278,#4286,#4288,.T.);
#4286 = VERTEX_POINT('',#4287);
#4287 = CARTESIAN_POINT('',(-1.27,-6.096,0.));
#4288 = LINE('',#4289,#4290);
#4289 = CARTESIAN_POINT('',(-1.27,-4.064,0.));
#4290 = VECTOR('',#4291,1.);
#4291 = DIRECTION('',(0.,-1.,0.));
#4292 = ORIENTED_EDGE('',*,*,#4293,.T.);
#4293 = EDGE_CURVE('',#4286,#4294,#4296,.T.);
#4294 = VERTEX_POINT('',#4295);
#4295 = CARTESIAN_POINT('',(-1.016,-6.35,0.));
#4296 = LINE('',#4297,#4298);
#4297 = CARTESIAN_POINT('',(-1.27,-6.096,0.));
#4298 = VECTOR('',#4299,1.);
#4299 = DIRECTION('',(0.707106781187,-0.707106781187,0.));
#4300 = ORIENTED_EDGE('',*,*,#4301,.T.);
#4301 = EDGE_CURVE('',#4294,#4302,#4304,.T.);
#4302 = VERTEX_POINT('',#4303);
#4303 = CARTESIAN_POINT('',(1.016,-6.35,0.));
#4304 = LINE('',#4305,#4306);
#4305 = CARTESIAN_POINT('',(-1.016,-6.35,0.));
#4306 = VECTOR('',#4307,1.);
#4307 = DIRECTION('',(1.,0.,0.));
#4308 = ORIENTED_EDGE('',*,*,#4309,.T.);
#4309 = EDGE_CURVE('',#4302,#4310,#4312,.T.);
#4310 = VERTEX_POINT('',#4311);
#4311 = CARTESIAN_POINT('',(1.27,-6.096,0.));
#4312 = LINE('',#4313,#4314);
#4313 = CARTESIAN_POINT('',(1.016,-6.35,0.));
#4314 = VECTOR('',#4315,1.);
#4315 = DIRECTION('',(0.707106781187,0.707106781187,0.));
#4316 = ORIENTED_EDGE('',*,*,#4317,.T.);
#4317 = EDGE_CURVE('',#4310,#4318,#4320,.T.);
#4318 = VERTEX_POINT('',#4319);
#4319 = CARTESIAN_POINT('',(1.27,-4.064,0.));
#4320 = LINE('',#4321,#4322);
#4321 = CARTESIAN_POINT('',(1.27,-6.096,0.));
#4322 = VECTOR('',#4323,1.);
#4323 = DIRECTION('',(0.,1.,0.));
#4324 = ORIENTED_EDGE('',*,*,#4325,.T.);
#4325 = EDGE_CURVE('',#4318,#4326,#4328,.T.);
#4326 = VERTEX_POINT('',#4327);
#4327 = CARTESIAN_POINT('',(1.016,-3.81,0.));
#4328 = LINE('',#4329,#4330);
#4329 = CARTESIAN_POINT('',(1.27,-4.064,0.));
#4330 = VECTOR('',#4331,1.);
#4331 = DIRECTION('',(-0.707106781187,0.707106781187,0.));
#4332 = ORIENTED_EDGE('',*,*,#4333,.T.);
#4333 = EDGE_CURVE('',#4326,#4334,#4336,.T.);
#4334 = VERTEX_POINT('',#4335);
#4335 = CARTESIAN_POINT('',(1.27,-3.556,0.));
#4336 = LINE('',#4337,#4338);
#4337 = CARTESIAN_POINT('',(1.016,-3.81,0.));
#4338 = VECTOR('',#4339,1.);
#4339 = DIRECTION('',(0.707106781187,0.707106781187,0.));
#4340 = ORIENTED_EDGE('',*,*,#4341,.T.);
#4341 = EDGE_CURVE('',#4334,#4342,#4344,.T.);
#4342 = VERTEX_POINT('',#4343);
#4343 = CARTESIAN_POINT('',(1.27,-1.524,0.));
#4344 = LINE('',#4345,#4346);
#4345 = CARTESIAN_POINT('',(1.27,-3.556,0.));
#4346 = VECTOR('',#4347,1.);
#4347 = DIRECTION('',(0.,1.,0.));
#4348 = ORIENTED_EDGE('',*,*,#4349,.T.);
#4349 = EDGE_CURVE('',#4342,#4350,#4352,.T.);
#4350 = VERTEX_POINT('',#4351);
#4351 = CARTESIAN_POINT('',(1.016,-1.27,0.));
#4352 = LINE('',#4353,#4354);
#4353 = CARTESIAN_POINT('',(1.27,-1.524,0.));
#4354 = VECTOR('',#4355,1.);
#4355 = DIRECTION('',(-0.707106781187,0.707106781187,0.));
#4356 = ORIENTED_EDGE('',*,*,#4357,.T.);
#4357 = EDGE_CURVE('',#4350,#4358,#4360,.T.);
#4358 = VERTEX_POINT('',#4359);
#4359 = CARTESIAN_POINT('',(1.27,-1.016,0.));
#4360 = LINE('',#4361,#4362);
#4361 = CARTESIAN_POINT('',(1.016,-1.27,0.));
#4362 = VECTOR('',#4363,1.);
#4363 = DIRECTION('',(0.707106781187,0.707106781187,0.));
#4364 = ORIENTED_EDGE('',*,*,#4365,.T.);
#4365 = EDGE_CURVE('',#4358,#4366,#4368,.T.);
#4366 = VERTEX_POINT('',#4367);
#4367 = CARTESIAN_POINT('',(1.27,1.016,0.));
#4368 = LINE('',#4369,#4370);
#4369 = CARTESIAN_POINT('',(1.27,-1.016,0.));
#4370 = VECTOR('',#4371,1.);
#4371 = DIRECTION('',(0.,1.,0.));
#4372 = ORIENTED_EDGE('',*,*,#4373,.T.);
#4373 = EDGE_CURVE('',#4366,#4182,#4374,.T.);
#4374 = LINE('',#4375,#4376);
#4375 = CARTESIAN_POINT('',(1.27,1.016,0.));
#4376 = VECTOR('',#4377,1.);
#4377 = DIRECTION('',(-0.707106781187,0.707106781187,0.));
#4378 = ORIENTED_EDGE('',*,*,#4198,.T.);
#4379 = FACE_BOUND('',#4380,.F.);
#4380 = EDGE_LOOP('',(#4381,#4391,#4399,#4407));
#4381 = ORIENTED_EDGE('',*,*,#4382,.F.);
#4382 = EDGE_CURVE('',#4383,#4385,#4387,.T.);
#4383 = VERTEX_POINT('',#4384);
#4384 = CARTESIAN_POINT('',(0.32,-0.32,0.));
#4385 = VERTEX_POINT('',#4386);
#4386 = CARTESIAN_POINT('',(0.32,0.32,0.));
#4387 = LINE('',#4388,#4389);
#4388 = CARTESIAN_POINT('',(0.32,-1.43,0.));
#4389 = VECTOR('',#4390,1.);
#4390 = DIRECTION('',(0.,1.,0.));
#4391 = ORIENTED_EDGE('',*,*,#4392,.T.);
#4392 = EDGE_CURVE('',#4383,#4393,#4395,.T.);
#4393 = VERTEX_POINT('',#4394);
#4394 = CARTESIAN_POINT('',(-0.32,-0.32,0.));
#4395 = LINE('',#4396,#4397);
#4396 = CARTESIAN_POINT('',(-0.16,-0.32,0.));
#4397 = VECTOR('',#4398,1.);
#4398 = DIRECTION('',(-1.,0.,0.));
#4399 = ORIENTED_EDGE('',*,*,#4400,.T.);
#4400 = EDGE_CURVE('',#4393,#4401,#4403,.T.);
#4401 = VERTEX_POINT('',#4402);
#4402 = CARTESIAN_POINT('',(-0.32,0.32,0.));
#4403 = LINE('',#4404,#4405);
#4404 = CARTESIAN_POINT('',(-0.32,-1.43,0.));
#4405 = VECTOR('',#4406,1.);
#4406 = DIRECTION('',(0.,1.,0.));
#4407 = ORIENTED_EDGE('',*,*,#4408,.F.);
#4408 = EDGE_CURVE('',#4385,#4401,#4409,.T.);
#4409 = LINE('',#4410,#4411);
#4410 = CARTESIAN_POINT('',(-0.16,0.32,0.));
#4411 = VECTOR('',#4412,1.);
#4412 = DIRECTION('',(-1.,0.,0.));
#4413 = FACE_BOUND('',#4414,.F.);
#4414 = EDGE_LOOP('',(#4415,#4425,#4433,#4441));
#4415 = ORIENTED_EDGE('',*,*,#4416,.T.);
#4416 = EDGE_CURVE('',#4417,#4419,#4421,.T.);
#4417 = VERTEX_POINT('',#4418);
#4418 = CARTESIAN_POINT('',(0.32,-2.86,0.));
#4419 = VERTEX_POINT('',#4420);
#4420 = CARTESIAN_POINT('',(-0.32,-2.86,0.));
#4421 = LINE('',#4422,#4423);
#4422 = CARTESIAN_POINT('',(-0.16,-2.86,0.));
#4423 = VECTOR('',#4424,1.);
#4424 = DIRECTION('',(-1.,0.,0.));
#4425 = ORIENTED_EDGE('',*,*,#4426,.T.);
#4426 = EDGE_CURVE('',#4419,#4427,#4429,.T.);
#4427 = VERTEX_POINT('',#4428);
#4428 = CARTESIAN_POINT('',(-0.32,-2.22,0.));
#4429 = LINE('',#4430,#4431);
#4430 = CARTESIAN_POINT('',(-0.32,-2.7,0.));
#4431 = VECTOR('',#4432,1.);
#4432 = DIRECTION('',(0.,1.,0.));
#4433 = ORIENTED_EDGE('',*,*,#4434,.F.);
#4434 = EDGE_CURVE('',#4435,#4427,#4437,.T.);
#4435 = VERTEX_POINT('',#4436);
#4436 = CARTESIAN_POINT('',(0.32,-2.22,0.));
#4437 = LINE('',#4438,#4439);
#4438 = CARTESIAN_POINT('',(-0.16,-2.22,0.));
#4439 = VECTOR('',#4440,1.);
#4440 = DIRECTION('',(-1.,0.,0.));
#4441 = ORIENTED_EDGE('',*,*,#4442,.F.);
#4442 = EDGE_CURVE('',#4417,#4435,#4443,.T.);
#4443 = LINE('',#4444,#4445);
#4444 = CARTESIAN_POINT('',(0.32,-2.7,0.));
#4445 = VECTOR('',#4446,1.);
#4446 = DIRECTION('',(0.,1.,0.));
#4447 = FACE_BOUND('',#4448,.F.);
#4448 = EDGE_LOOP('',(#4449,#4459,#4467,#4475));
#4449 = ORIENTED_EDGE('',*,*,#4450,.F.);
#4450 = EDGE_CURVE('',#4451,#4453,#4455,.T.);
#4451 = VERTEX_POINT('',#4452);
#4452 = CARTESIAN_POINT('',(0.32,-4.76,0.));
#4453 = VERTEX_POINT('',#4454);
#4454 = CARTESIAN_POINT('',(-0.32,-4.76,0.));
#4455 = LINE('',#4456,#4457);
#4456 = CARTESIAN_POINT('',(-0.16,-4.76,0.));
#4457 = VECTOR('',#4458,1.);
#4458 = DIRECTION('',(-1.,0.,0.));
#4459 = ORIENTED_EDGE('',*,*,#4460,.F.);
#4460 = EDGE_CURVE('',#4461,#4451,#4463,.T.);
#4461 = VERTEX_POINT('',#4462);
#4462 = CARTESIAN_POINT('',(0.32,-5.4,0.));
#4463 = LINE('',#4464,#4465);
#4464 = CARTESIAN_POINT('',(0.32,-3.97,0.));
#4465 = VECTOR('',#4466,1.);
#4466 = DIRECTION('',(0.,1.,0.));
#4467 = ORIENTED_EDGE('',*,*,#4468,.T.);
#4468 = EDGE_CURVE('',#4461,#4469,#4471,.T.);
#4469 = VERTEX_POINT('',#4470);
#4470 = CARTESIAN_POINT('',(-0.32,-5.4,0.));
#4471 = LINE('',#4472,#4473);
#4472 = CARTESIAN_POINT('',(-0.16,-5.4,0.));
#4473 = VECTOR('',#4474,1.);
#4474 = DIRECTION('',(-1.,0.,0.));
#4475 = ORIENTED_EDGE('',*,*,#4476,.T.);
#4476 = EDGE_CURVE('',#4469,#4453,#4477,.T.);
#4477 = LINE('',#4478,#4479);
#4478 = CARTESIAN_POINT('',(-0.32,-3.97,0.));
#4479 = VECTOR('',#4480,1.);
#4480 = DIRECTION('',(0.,1.,0.));
#4481 = PLANE('',#4482);
#4482 = AXIS2_PLACEMENT_3D('',#4483,#4484,#4485);
#4483 = CARTESIAN_POINT('',(5.398204781459E-17,-2.54,0.));
#4484 = DIRECTION('',(0.,0.,1.));
#4485 = DIRECTION('',(1.,0.,-0.));
#4486 = ADVANCED_FACE('',(#4487,#4626,#4660,#4694),#4728,.T.);
#4487 = FACE_BOUND('',#4488,.T.);
#4488 = EDGE_LOOP('',(#4489,#4490,#4491,#4499,#4507,#4515,#4523,#4531,
    #4539,#4547,#4555,#4563,#4571,#4579,#4587,#4595,#4603,#4611,#4619,
    #4625));
#4489 = ORIENTED_EDGE('',*,*,#4151,.T.);
#4490 = ORIENTED_EDGE('',*,*,#4213,.T.);
#4491 = ORIENTED_EDGE('',*,*,#4492,.T.);
#4492 = EDGE_CURVE('',#4214,#4493,#4495,.T.);
#4493 = VERTEX_POINT('',#4494);
#4494 = CARTESIAN_POINT('',(-1.016,-1.27,2.54));
#4495 = LINE('',#4496,#4497);
#4496 = CARTESIAN_POINT('',(-1.27,-1.016,2.54));
#4497 = VECTOR('',#4498,1.);
#4498 = DIRECTION('',(0.707106781187,-0.707106781187,0.));
#4499 = ORIENTED_EDGE('',*,*,#4500,.T.);
#4500 = EDGE_CURVE('',#4493,#4501,#4503,.T.);
#4501 = VERTEX_POINT('',#4502);
#4502 = CARTESIAN_POINT('',(-1.27,-1.524,2.54));
#4503 = LINE('',#4504,#4505);
#4504 = CARTESIAN_POINT('',(-1.016,-1.27,2.54));
#4505 = VECTOR('',#4506,1.);
#4506 = DIRECTION('',(-0.707106781187,-0.707106781187,0.));
#4507 = ORIENTED_EDGE('',*,*,#4508,.T.);
#4508 = EDGE_CURVE('',#4501,#4509,#4511,.T.);
#4509 = VERTEX_POINT('',#4510);
#4510 = CARTESIAN_POINT('',(-1.27,-3.556,2.54));
#4511 = LINE('',#4512,#4513);
#4512 = CARTESIAN_POINT('',(-1.27,-1.524,2.54));
#4513 = VECTOR('',#4514,1.);
#4514 = DIRECTION('',(0.,-1.,0.));
#4515 = ORIENTED_EDGE('',*,*,#4516,.T.);
#4516 = EDGE_CURVE('',#4509,#4517,#4519,.T.);
#4517 = VERTEX_POINT('',#4518);
#4518 = CARTESIAN_POINT('',(-1.016,-3.81,2.54));
#4519 = LINE('',#4520,#4521);
#4520 = CARTESIAN_POINT('',(-1.27,-3.556,2.54));
#4521 = VECTOR('',#4522,1.);
#4522 = DIRECTION('',(0.707106781187,-0.707106781187,0.));
#4523 = ORIENTED_EDGE('',*,*,#4524,.T.);
#4524 = EDGE_CURVE('',#4517,#4525,#4527,.T.);
#4525 = VERTEX_POINT('',#4526);
#4526 = CARTESIAN_POINT('',(-1.27,-4.064,2.54));
#4527 = LINE('',#4528,#4529);
#4528 = CARTESIAN_POINT('',(-1.016,-3.81,2.54));
#4529 = VECTOR('',#4530,1.);
#4530 = DIRECTION('',(-0.707106781187,-0.707106781187,0.));
#4531 = ORIENTED_EDGE('',*,*,#4532,.T.);
#4532 = EDGE_CURVE('',#4525,#4533,#4535,.T.);
#4533 = VERTEX_POINT('',#4534);
#4534 = CARTESIAN_POINT('',(-1.27,-6.096,2.54));
#4535 = LINE('',#4536,#4537);
#4536 = CARTESIAN_POINT('',(-1.27,-4.064,2.54));
#4537 = VECTOR('',#4538,1.);
#4538 = DIRECTION('',(0.,-1.,0.));
#4539 = ORIENTED_EDGE('',*,*,#4540,.T.);
#4540 = EDGE_CURVE('',#4533,#4541,#4543,.T.);
#4541 = VERTEX_POINT('',#4542);
#4542 = CARTESIAN_POINT('',(-1.016,-6.35,2.54));
#4543 = LINE('',#4544,#4545);
#4544 = CARTESIAN_POINT('',(-1.27,-6.096,2.54));
#4545 = VECTOR('',#4546,1.);
#4546 = DIRECTION('',(0.707106781187,-0.707106781187,0.));
#4547 = ORIENTED_EDGE('',*,*,#4548,.T.);
#4548 = EDGE_CURVE('',#4541,#4549,#4551,.T.);
#4549 = VERTEX_POINT('',#4550);
#4550 = CARTESIAN_POINT('',(1.016,-6.35,2.54));
#4551 = LINE('',#4552,#4553);
#4552 = CARTESIAN_POINT('',(-1.016,-6.35,2.54));
#4553 = VECTOR('',#4554,1.);
#4554 = DIRECTION('',(1.,0.,0.));
#4555 = ORIENTED_EDGE('',*,*,#4556,.T.);
#4556 = EDGE_CURVE('',#4549,#4557,#4559,.T.);
#4557 = VERTEX_POINT('',#4558);
#4558 = CARTESIAN_POINT('',(1.27,-6.096,2.54));
#4559 = LINE('',#4560,#4561);
#4560 = CARTESIAN_POINT('',(1.016,-6.35,2.54));
#4561 = VECTOR('',#4562,1.);
#4562 = DIRECTION('',(0.707106781187,0.707106781187,0.));
#4563 = ORIENTED_EDGE('',*,*,#4564,.T.);
#4564 = EDGE_CURVE('',#4557,#4565,#4567,.T.);
#4565 = VERTEX_POINT('',#4566);
#4566 = CARTESIAN_POINT('',(1.27,-4.064,2.54));
#4567 = LINE('',#4568,#4569);
#4568 = CARTESIAN_POINT('',(1.27,-6.096,2.54));
#4569 = VECTOR('',#4570,1.);
#4570 = DIRECTION('',(0.,1.,0.));
#4571 = ORIENTED_EDGE('',*,*,#4572,.T.);
#4572 = EDGE_CURVE('',#4565,#4573,#4575,.T.);
#4573 = VERTEX_POINT('',#4574);
#4574 = CARTESIAN_POINT('',(1.016,-3.81,2.54));
#4575 = LINE('',#4576,#4577);
#4576 = CARTESIAN_POINT('',(1.27,-4.064,2.54));
#4577 = VECTOR('',#4578,1.);
#4578 = DIRECTION('',(-0.707106781187,0.707106781187,0.));
#4579 = ORIENTED_EDGE('',*,*,#4580,.T.);
#4580 = EDGE_CURVE('',#4573,#4581,#4583,.T.);
#4581 = VERTEX_POINT('',#4582);
#4582 = CARTESIAN_POINT('',(1.27,-3.556,2.54));
#4583 = LINE('',#4584,#4585);
#4584 = CARTESIAN_POINT('',(1.016,-3.81,2.54));
#4585 = VECTOR('',#4586,1.);
#4586 = DIRECTION('',(0.707106781187,0.707106781187,0.));
#4587 = ORIENTED_EDGE('',*,*,#4588,.T.);
#4588 = EDGE_CURVE('',#4581,#4589,#4591,.T.);
#4589 = VERTEX_POINT('',#4590);
#4590 = CARTESIAN_POINT('',(1.27,-1.524,2.54));
#4591 = LINE('',#4592,#4593);
#4592 = CARTESIAN_POINT('',(1.27,-3.556,2.54));
#4593 = VECTOR('',#4594,1.);
#4594 = DIRECTION('',(0.,1.,0.));
#4595 = ORIENTED_EDGE('',*,*,#4596,.T.);
#4596 = EDGE_CURVE('',#4589,#4597,#4599,.T.);
#4597 = VERTEX_POINT('',#4598);
#4598 = CARTESIAN_POINT('',(1.016,-1.27,2.54));
#4599 = LINE('',#4600,#4601);
#4600 = CARTESIAN_POINT('',(1.27,-1.524,2.54));
#4601 = VECTOR('',#4602,1.);
#4602 = DIRECTION('',(-0.707106781187,0.707106781187,0.));
#4603 = ORIENTED_EDGE('',*,*,#4604,.T.);
#4604 = EDGE_CURVE('',#4597,#4605,#4607,.T.);
#4605 = VERTEX_POINT('',#4606);
#4606 = CARTESIAN_POINT('',(1.27,-1.016,2.54));
#4607 = LINE('',#4608,#4609);
#4608 = CARTESIAN_POINT('',(1.016,-1.27,2.54));
#4609 = VECTOR('',#4610,1.);
#4610 = DIRECTION('',(0.707106781187,0.707106781187,0.));
#4611 = ORIENTED_EDGE('',*,*,#4612,.T.);
#4612 = EDGE_CURVE('',#4605,#4613,#4615,.T.);
#4613 = VERTEX_POINT('',#4614);
#4614 = CARTESIAN_POINT('',(1.27,1.016,2.54));
#4615 = LINE('',#4616,#4617);
#4616 = CARTESIAN_POINT('',(1.27,-1.016,2.54));
#4617 = VECTOR('',#4618,1.);
#4618 = DIRECTION('',(0.,1.,0.));
#4619 = ORIENTED_EDGE('',*,*,#4620,.T.);
#4620 = EDGE_CURVE('',#4613,#4184,#4621,.T.);
#4621 = LINE('',#4622,#4623);
#4622 = CARTESIAN_POINT('',(1.27,1.016,2.54));
#4623 = VECTOR('',#4624,1.);
#4624 = DIRECTION('',(-0.707106781187,0.707106781187,0.));
#4625 = ORIENTED_EDGE('',*,*,#4191,.T.);
#4626 = FACE_BOUND('',#4627,.T.);
#4627 = EDGE_LOOP('',(#4628,#4638,#4646,#4654));
#4628 = ORIENTED_EDGE('',*,*,#4629,.F.);
#4629 = EDGE_CURVE('',#4630,#4632,#4634,.T.);
#4630 = VERTEX_POINT('',#4631);
#4631 = CARTESIAN_POINT('',(0.32,-0.32,2.54));
#4632 = VERTEX_POINT('',#4633);
#4633 = CARTESIAN_POINT('',(0.32,0.32,2.54));
#4634 = LINE('',#4635,#4636);
#4635 = CARTESIAN_POINT('',(0.32,-1.43,2.54));
#4636 = VECTOR('',#4637,1.);
#4637 = DIRECTION('',(0.,1.,0.));
#4638 = ORIENTED_EDGE('',*,*,#4639,.T.);
#4639 = EDGE_CURVE('',#4630,#4640,#4642,.T.);
#4640 = VERTEX_POINT('',#4641);
#4641 = CARTESIAN_POINT('',(-0.32,-0.32,2.54));
#4642 = LINE('',#4643,#4644);
#4643 = CARTESIAN_POINT('',(-0.16,-0.32,2.54));
#4644 = VECTOR('',#4645,1.);
#4645 = DIRECTION('',(-1.,0.,0.));
#4646 = ORIENTED_EDGE('',*,*,#4647,.T.);
#4647 = EDGE_CURVE('',#4640,#4648,#4650,.T.);
#4648 = VERTEX_POINT('',#4649);
#4649 = CARTESIAN_POINT('',(-0.32,0.32,2.54));
#4650 = LINE('',#4651,#4652);
#4651 = CARTESIAN_POINT('',(-0.32,-1.43,2.54));
#4652 = VECTOR('',#4653,1.);
#4653 = DIRECTION('',(0.,1.,0.));
#4654 = ORIENTED_EDGE('',*,*,#4655,.F.);
#4655 = EDGE_CURVE('',#4632,#4648,#4656,.T.);
#4656 = LINE('',#4657,#4658);
#4657 = CARTESIAN_POINT('',(-0.16,0.32,2.54));
#4658 = VECTOR('',#4659,1.);
#4659 = DIRECTION('',(-1.,0.,0.));
#4660 = FACE_BOUND('',#4661,.T.);
#4661 = EDGE_LOOP('',(#4662,#4672,#4680,#4688));
#4662 = ORIENTED_EDGE('',*,*,#4663,.T.);
#4663 = EDGE_CURVE('',#4664,#4666,#4668,.T.);
#4664 = VERTEX_POINT('',#4665);
#4665 = CARTESIAN_POINT('',(0.32,-2.86,2.54));
#4666 = VERTEX_POINT('',#4667);
#4667 = CARTESIAN_POINT('',(-0.32,-2.86,2.54));
#4668 = LINE('',#4669,#4670);
#4669 = CARTESIAN_POINT('',(-0.16,-2.86,2.54));
#4670 = VECTOR('',#4671,1.);
#4671 = DIRECTION('',(-1.,0.,0.));
#4672 = ORIENTED_EDGE('',*,*,#4673,.T.);
#4673 = EDGE_CURVE('',#4666,#4674,#4676,.T.);
#4674 = VERTEX_POINT('',#4675);
#4675 = CARTESIAN_POINT('',(-0.32,-2.22,2.54));
#4676 = LINE('',#4677,#4678);
#4677 = CARTESIAN_POINT('',(-0.32,-2.7,2.54));
#4678 = VECTOR('',#4679,1.);
#4679 = DIRECTION('',(0.,1.,0.));
#4680 = ORIENTED_EDGE('',*,*,#4681,.F.);
#4681 = EDGE_CURVE('',#4682,#4674,#4684,.T.);
#4682 = VERTEX_POINT('',#4683);
#4683 = CARTESIAN_POINT('',(0.32,-2.22,2.54));
#4684 = LINE('',#4685,#4686);
#4685 = CARTESIAN_POINT('',(-0.16,-2.22,2.54));
#4686 = VECTOR('',#4687,1.);
#4687 = DIRECTION('',(-1.,0.,0.));
#4688 = ORIENTED_EDGE('',*,*,#4689,.F.);
#4689 = EDGE_CURVE('',#4664,#4682,#4690,.T.);
#4690 = LINE('',#4691,#4692);
#4691 = CARTESIAN_POINT('',(0.32,-2.7,2.54));
#4692 = VECTOR('',#4693,1.);
#4693 = DIRECTION('',(0.,1.,0.));
#4694 = FACE_BOUND('',#4695,.T.);
#4695 = EDGE_LOOP('',(#4696,#4706,#4714,#4722));
#4696 = ORIENTED_EDGE('',*,*,#4697,.F.);
#4697 = EDGE_CURVE('',#4698,#4700,#4702,.T.);
#4698 = VERTEX_POINT('',#4699);
#4699 = CARTESIAN_POINT('',(0.32,-4.76,2.54));
#4700 = VERTEX_POINT('',#4701);
#4701 = CARTESIAN_POINT('',(-0.32,-4.76,2.54));
#4702 = LINE('',#4703,#4704);
#4703 = CARTESIAN_POINT('',(-0.16,-4.76,2.54));
#4704 = VECTOR('',#4705,1.);
#4705 = DIRECTION('',(-1.,0.,0.));
#4706 = ORIENTED_EDGE('',*,*,#4707,.F.);
#4707 = EDGE_CURVE('',#4708,#4698,#4710,.T.);
#4708 = VERTEX_POINT('',#4709);
#4709 = CARTESIAN_POINT('',(0.32,-5.4,2.54));
#4710 = LINE('',#4711,#4712);
#4711 = CARTESIAN_POINT('',(0.32,-3.97,2.54));
#4712 = VECTOR('',#4713,1.);
#4713 = DIRECTION('',(0.,1.,0.));
#4714 = ORIENTED_EDGE('',*,*,#4715,.T.);
#4715 = EDGE_CURVE('',#4708,#4716,#4718,.T.);
#4716 = VERTEX_POINT('',#4717);
#4717 = CARTESIAN_POINT('',(-0.32,-5.4,2.54));
#4718 = LINE('',#4719,#4720);
#4719 = CARTESIAN_POINT('',(-0.16,-5.4,2.54));
#4720 = VECTOR('',#4721,1.);
#4721 = DIRECTION('',(-1.,0.,0.));
#4722 = ORIENTED_EDGE('',*,*,#4723,.T.);
#4723 = EDGE_CURVE('',#4716,#4700,#4724,.T.);
#4724 = LINE('',#4725,#4726);
#4725 = CARTESIAN_POINT('',(-0.32,-3.97,2.54));
#4726 = VECTOR('',#4727,1.);
#4727 = DIRECTION('',(0.,1.,0.));
#4728 = PLANE('',#4729);
#4729 = AXIS2_PLACEMENT_3D('',#4730,#4731,#4732);
#4730 = CARTESIAN_POINT('',(5.398204781459E-17,-2.54,2.54));
#4731 = DIRECTION('',(0.,0.,1.));
#4732 = DIRECTION('',(1.,0.,-0.));
#4733 = ADVANCED_FACE('',(#4734),#4745,.F.);
#4734 = FACE_BOUND('',#4735,.F.);
#4735 = EDGE_LOOP('',(#4736,#4742,#4743,#4744));
#4736 = ORIENTED_EDGE('',*,*,#4737,.T.);
#4737 = EDGE_CURVE('',#4366,#4613,#4738,.T.);
#4738 = LINE('',#4739,#4740);
#4739 = CARTESIAN_POINT('',(1.27,1.016,0.));
#4740 = VECTOR('',#4741,1.);
#4741 = DIRECTION('',(0.,0.,1.));
#4742 = ORIENTED_EDGE('',*,*,#4620,.T.);
#4743 = ORIENTED_EDGE('',*,*,#4181,.F.);
#4744 = ORIENTED_EDGE('',*,*,#4373,.F.);
#4745 = PLANE('',#4746);
#4746 = AXIS2_PLACEMENT_3D('',#4747,#4748,#4749);
#4747 = CARTESIAN_POINT('',(1.27,1.016,0.));
#4748 = DIRECTION('',(-0.707106781187,-0.707106781187,0.));
#4749 = DIRECTION('',(-0.707106781187,0.707106781187,0.));
#4750 = ADVANCED_FACE('',(#4751),#4762,.F.);
#4751 = FACE_BOUND('',#4752,.F.);
#4752 = EDGE_LOOP('',(#4753,#4754,#4755,#4761));
#4753 = ORIENTED_EDGE('',*,*,#4221,.T.);
#4754 = ORIENTED_EDGE('',*,*,#4492,.T.);
#4755 = ORIENTED_EDGE('',*,*,#4756,.F.);
#4756 = EDGE_CURVE('',#4246,#4493,#4757,.T.);
#4757 = LINE('',#4758,#4759);
#4758 = CARTESIAN_POINT('',(-1.016,-1.27,0.));
#4759 = VECTOR('',#4760,1.);
#4760 = DIRECTION('',(0.,0.,1.));
#4761 = ORIENTED_EDGE('',*,*,#4245,.F.);
#4762 = PLANE('',#4763);
#4763 = AXIS2_PLACEMENT_3D('',#4764,#4765,#4766);
#4764 = CARTESIAN_POINT('',(-1.27,-1.016,0.));
#4765 = DIRECTION('',(0.707106781187,0.707106781187,0.));
#4766 = DIRECTION('',(0.707106781187,-0.707106781187,0.));
#4767 = ADVANCED_FACE('',(#4768),#4779,.F.);
#4768 = FACE_BOUND('',#4769,.F.);
#4769 = EDGE_LOOP('',(#4770,#4776,#4777,#4778));
#4770 = ORIENTED_EDGE('',*,*,#4771,.T.);
#4771 = EDGE_CURVE('',#4358,#4605,#4772,.T.);
#4772 = LINE('',#4773,#4774);
#4773 = CARTESIAN_POINT('',(1.27,-1.016,0.));
#4774 = VECTOR('',#4775,1.);
#4775 = DIRECTION('',(0.,0.,1.));
#4776 = ORIENTED_EDGE('',*,*,#4612,.T.);
#4777 = ORIENTED_EDGE('',*,*,#4737,.F.);
#4778 = ORIENTED_EDGE('',*,*,#4365,.F.);
#4779 = PLANE('',#4780);
#4780 = AXIS2_PLACEMENT_3D('',#4781,#4782,#4783);
#4781 = CARTESIAN_POINT('',(1.27,-1.016,0.));
#4782 = DIRECTION('',(-1.,0.,0.));
#4783 = DIRECTION('',(0.,1.,0.));
#4784 = ADVANCED_FACE('',(#4785),#4796,.F.);
#4785 = FACE_BOUND('',#4786,.F.);
#4786 = EDGE_LOOP('',(#4787,#4788,#4789,#4795));
#4787 = ORIENTED_EDGE('',*,*,#4756,.T.);
#4788 = ORIENTED_EDGE('',*,*,#4500,.T.);
#4789 = ORIENTED_EDGE('',*,*,#4790,.F.);
#4790 = EDGE_CURVE('',#4254,#4501,#4791,.T.);
#4791 = LINE('',#4792,#4793);
#4792 = CARTESIAN_POINT('',(-1.27,-1.524,0.));
#4793 = VECTOR('',#4794,1.);
#4794 = DIRECTION('',(0.,0.,1.));
#4795 = ORIENTED_EDGE('',*,*,#4253,.F.);
#4796 = PLANE('',#4797);
#4797 = AXIS2_PLACEMENT_3D('',#4798,#4799,#4800);
#4798 = CARTESIAN_POINT('',(-1.016,-1.27,0.));
#4799 = DIRECTION('',(0.707106781187,-0.707106781187,0.));
#4800 = DIRECTION('',(-0.707106781187,-0.707106781187,0.));
#4801 = ADVANCED_FACE('',(#4802),#4813,.F.);
#4802 = FACE_BOUND('',#4803,.F.);
#4803 = EDGE_LOOP('',(#4804,#4810,#4811,#4812));
#4804 = ORIENTED_EDGE('',*,*,#4805,.T.);
#4805 = EDGE_CURVE('',#4350,#4597,#4806,.T.);
#4806 = LINE('',#4807,#4808);
#4807 = CARTESIAN_POINT('',(1.016,-1.27,0.));
#4808 = VECTOR('',#4809,1.);
#4809 = DIRECTION('',(0.,0.,1.));
#4810 = ORIENTED_EDGE('',*,*,#4604,.T.);
#4811 = ORIENTED_EDGE('',*,*,#4771,.F.);
#4812 = ORIENTED_EDGE('',*,*,#4357,.F.);
#4813 = PLANE('',#4814);
#4814 = AXIS2_PLACEMENT_3D('',#4815,#4816,#4817);
#4815 = CARTESIAN_POINT('',(1.016,-1.27,0.));
#4816 = DIRECTION('',(-0.707106781187,0.707106781187,0.));
#4817 = DIRECTION('',(0.707106781187,0.707106781187,0.));
#4818 = ADVANCED_FACE('',(#4819),#4830,.F.);
#4819 = FACE_BOUND('',#4820,.F.);
#4820 = EDGE_LOOP('',(#4821,#4822,#4823,#4829));
#4821 = ORIENTED_EDGE('',*,*,#4790,.T.);
#4822 = ORIENTED_EDGE('',*,*,#4508,.T.);
#4823 = ORIENTED_EDGE('',*,*,#4824,.F.);
#4824 = EDGE_CURVE('',#4262,#4509,#4825,.T.);
#4825 = LINE('',#4826,#4827);
#4826 = CARTESIAN_POINT('',(-1.27,-3.556,0.));
#4827 = VECTOR('',#4828,1.);
#4828 = DIRECTION('',(0.,0.,1.));
#4829 = ORIENTED_EDGE('',*,*,#4261,.F.);
#4830 = PLANE('',#4831);
#4831 = AXIS2_PLACEMENT_3D('',#4832,#4833,#4834);
#4832 = CARTESIAN_POINT('',(-1.27,-1.524,0.));
#4833 = DIRECTION('',(1.,0.,0.));
#4834 = DIRECTION('',(0.,-1.,0.));
#4835 = ADVANCED_FACE('',(#4836),#4847,.F.);
#4836 = FACE_BOUND('',#4837,.F.);
#4837 = EDGE_LOOP('',(#4838,#4844,#4845,#4846));
#4838 = ORIENTED_EDGE('',*,*,#4839,.T.);
#4839 = EDGE_CURVE('',#4342,#4589,#4840,.T.);
#4840 = LINE('',#4841,#4842);
#4841 = CARTESIAN_POINT('',(1.27,-1.524,0.));
#4842 = VECTOR('',#4843,1.);
#4843 = DIRECTION('',(0.,0.,1.));
#4844 = ORIENTED_EDGE('',*,*,#4596,.T.);
#4845 = ORIENTED_EDGE('',*,*,#4805,.F.);
#4846 = ORIENTED_EDGE('',*,*,#4349,.F.);
#4847 = PLANE('',#4848);
#4848 = AXIS2_PLACEMENT_3D('',#4849,#4850,#4851);
#4849 = CARTESIAN_POINT('',(1.27,-1.524,0.));
#4850 = DIRECTION('',(-0.707106781187,-0.707106781187,0.));
#4851 = DIRECTION('',(-0.707106781187,0.707106781187,0.));
#4852 = ADVANCED_FACE('',(#4853),#4864,.F.);
#4853 = FACE_BOUND('',#4854,.F.);
#4854 = EDGE_LOOP('',(#4855,#4856,#4857,#4863));
#4855 = ORIENTED_EDGE('',*,*,#4824,.T.);
#4856 = ORIENTED_EDGE('',*,*,#4516,.T.);
#4857 = ORIENTED_EDGE('',*,*,#4858,.F.);
#4858 = EDGE_CURVE('',#4270,#4517,#4859,.T.);
#4859 = LINE('',#4860,#4861);
#4860 = CARTESIAN_POINT('',(-1.016,-3.81,0.));
#4861 = VECTOR('',#4862,1.);
#4862 = DIRECTION('',(0.,0.,1.));
#4863 = ORIENTED_EDGE('',*,*,#4269,.F.);
#4864 = PLANE('',#4865);
#4865 = AXIS2_PLACEMENT_3D('',#4866,#4867,#4868);
#4866 = CARTESIAN_POINT('',(-1.27,-3.556,0.));
#4867 = DIRECTION('',(0.707106781187,0.707106781187,0.));
#4868 = DIRECTION('',(0.707106781187,-0.707106781187,0.));
#4869 = ADVANCED_FACE('',(#4870),#4881,.F.);
#4870 = FACE_BOUND('',#4871,.F.);
#4871 = EDGE_LOOP('',(#4872,#4878,#4879,#4880));
#4872 = ORIENTED_EDGE('',*,*,#4873,.T.);
#4873 = EDGE_CURVE('',#4334,#4581,#4874,.T.);
#4874 = LINE('',#4875,#4876);
#4875 = CARTESIAN_POINT('',(1.27,-3.556,0.));
#4876 = VECTOR('',#4877,1.);
#4877 = DIRECTION('',(0.,0.,1.));
#4878 = ORIENTED_EDGE('',*,*,#4588,.T.);
#4879 = ORIENTED_EDGE('',*,*,#4839,.F.);
#4880 = ORIENTED_EDGE('',*,*,#4341,.F.);
#4881 = PLANE('',#4882);
#4882 = AXIS2_PLACEMENT_3D('',#4883,#4884,#4885);
#4883 = CARTESIAN_POINT('',(1.27,-3.556,0.));
#4884 = DIRECTION('',(-1.,0.,0.));
#4885 = DIRECTION('',(0.,1.,0.));
#4886 = ADVANCED_FACE('',(#4887),#4898,.F.);
#4887 = FACE_BOUND('',#4888,.F.);
#4888 = EDGE_LOOP('',(#4889,#4890,#4891,#4897));
#4889 = ORIENTED_EDGE('',*,*,#4858,.T.);
#4890 = ORIENTED_EDGE('',*,*,#4524,.T.);
#4891 = ORIENTED_EDGE('',*,*,#4892,.F.);
#4892 = EDGE_CURVE('',#4278,#4525,#4893,.T.);
#4893 = LINE('',#4894,#4895);
#4894 = CARTESIAN_POINT('',(-1.27,-4.064,0.));
#4895 = VECTOR('',#4896,1.);
#4896 = DIRECTION('',(0.,0.,1.));
#4897 = ORIENTED_EDGE('',*,*,#4277,.F.);
#4898 = PLANE('',#4899);
#4899 = AXIS2_PLACEMENT_3D('',#4900,#4901,#4902);
#4900 = CARTESIAN_POINT('',(-1.016,-3.81,0.));
#4901 = DIRECTION('',(0.707106781187,-0.707106781187,0.));
#4902 = DIRECTION('',(-0.707106781187,-0.707106781187,0.));
#4903 = ADVANCED_FACE('',(#4904),#4915,.F.);
#4904 = FACE_BOUND('',#4905,.F.);
#4905 = EDGE_LOOP('',(#4906,#4912,#4913,#4914));
#4906 = ORIENTED_EDGE('',*,*,#4907,.T.);
#4907 = EDGE_CURVE('',#4326,#4573,#4908,.T.);
#4908 = LINE('',#4909,#4910);
#4909 = CARTESIAN_POINT('',(1.016,-3.81,0.));
#4910 = VECTOR('',#4911,1.);
#4911 = DIRECTION('',(0.,0.,1.));
#4912 = ORIENTED_EDGE('',*,*,#4580,.T.);
#4913 = ORIENTED_EDGE('',*,*,#4873,.F.);
#4914 = ORIENTED_EDGE('',*,*,#4333,.F.);
#4915 = PLANE('',#4916);
#4916 = AXIS2_PLACEMENT_3D('',#4917,#4918,#4919);
#4917 = CARTESIAN_POINT('',(1.016,-3.81,0.));
#4918 = DIRECTION('',(-0.707106781187,0.707106781187,0.));
#4919 = DIRECTION('',(0.707106781187,0.707106781187,0.));
#4920 = ADVANCED_FACE('',(#4921),#4932,.F.);
#4921 = FACE_BOUND('',#4922,.F.);
#4922 = EDGE_LOOP('',(#4923,#4924,#4925,#4931));
#4923 = ORIENTED_EDGE('',*,*,#4892,.T.);
#4924 = ORIENTED_EDGE('',*,*,#4532,.T.);
#4925 = ORIENTED_EDGE('',*,*,#4926,.F.);
#4926 = EDGE_CURVE('',#4286,#4533,#4927,.T.);
#4927 = LINE('',#4928,#4929);
#4928 = CARTESIAN_POINT('',(-1.27,-6.096,0.));
#4929 = VECTOR('',#4930,1.);
#4930 = DIRECTION('',(0.,0.,1.));
#4931 = ORIENTED_EDGE('',*,*,#4285,.F.);
#4932 = PLANE('',#4933);
#4933 = AXIS2_PLACEMENT_3D('',#4934,#4935,#4936);
#4934 = CARTESIAN_POINT('',(-1.27,-4.064,0.));
#4935 = DIRECTION('',(1.,0.,0.));
#4936 = DIRECTION('',(0.,-1.,0.));
#4937 = ADVANCED_FACE('',(#4938),#4949,.F.);
#4938 = FACE_BOUND('',#4939,.F.);
#4939 = EDGE_LOOP('',(#4940,#4946,#4947,#4948));
#4940 = ORIENTED_EDGE('',*,*,#4941,.T.);
#4941 = EDGE_CURVE('',#4318,#4565,#4942,.T.);
#4942 = LINE('',#4943,#4944);
#4943 = CARTESIAN_POINT('',(1.27,-4.064,0.));
#4944 = VECTOR('',#4945,1.);
#4945 = DIRECTION('',(0.,0.,1.));
#4946 = ORIENTED_EDGE('',*,*,#4572,.T.);
#4947 = ORIENTED_EDGE('',*,*,#4907,.F.);
#4948 = ORIENTED_EDGE('',*,*,#4325,.F.);
#4949 = PLANE('',#4950);
#4950 = AXIS2_PLACEMENT_3D('',#4951,#4952,#4953);
#4951 = CARTESIAN_POINT('',(1.27,-4.064,0.));
#4952 = DIRECTION('',(-0.707106781187,-0.707106781187,0.));
#4953 = DIRECTION('',(-0.707106781187,0.707106781187,0.));
#4954 = ADVANCED_FACE('',(#4955),#4966,.F.);
#4955 = FACE_BOUND('',#4956,.F.);
#4956 = EDGE_LOOP('',(#4957,#4958,#4959,#4965));
#4957 = ORIENTED_EDGE('',*,*,#4926,.T.);
#4958 = ORIENTED_EDGE('',*,*,#4540,.T.);
#4959 = ORIENTED_EDGE('',*,*,#4960,.F.);
#4960 = EDGE_CURVE('',#4294,#4541,#4961,.T.);
#4961 = LINE('',#4962,#4963);
#4962 = CARTESIAN_POINT('',(-1.016,-6.35,0.));
#4963 = VECTOR('',#4964,1.);
#4964 = DIRECTION('',(0.,0.,1.));
#4965 = ORIENTED_EDGE('',*,*,#4293,.F.);
#4966 = PLANE('',#4967);
#4967 = AXIS2_PLACEMENT_3D('',#4968,#4969,#4970);
#4968 = CARTESIAN_POINT('',(-1.27,-6.096,0.));
#4969 = DIRECTION('',(0.707106781187,0.707106781187,0.));
#4970 = DIRECTION('',(0.707106781187,-0.707106781187,0.));
#4971 = ADVANCED_FACE('',(#4972),#4983,.F.);
#4972 = FACE_BOUND('',#4973,.F.);
#4973 = EDGE_LOOP('',(#4974,#4980,#4981,#4982));
#4974 = ORIENTED_EDGE('',*,*,#4975,.T.);
#4975 = EDGE_CURVE('',#4310,#4557,#4976,.T.);
#4976 = LINE('',#4977,#4978);
#4977 = CARTESIAN_POINT('',(1.27,-6.096,0.));
#4978 = VECTOR('',#4979,1.);
#4979 = DIRECTION('',(0.,0.,1.));
#4980 = ORIENTED_EDGE('',*,*,#4564,.T.);
#4981 = ORIENTED_EDGE('',*,*,#4941,.F.);
#4982 = ORIENTED_EDGE('',*,*,#4317,.F.);
#4983 = PLANE('',#4984);
#4984 = AXIS2_PLACEMENT_3D('',#4985,#4986,#4987);
#4985 = CARTESIAN_POINT('',(1.27,-6.096,0.));
#4986 = DIRECTION('',(-1.,0.,0.));
#4987 = DIRECTION('',(0.,1.,0.));
#4988 = ADVANCED_FACE('',(#4989),#5000,.F.);
#4989 = FACE_BOUND('',#4990,.F.);
#4990 = EDGE_LOOP('',(#4991,#4992,#4993,#4999));
#4991 = ORIENTED_EDGE('',*,*,#4960,.T.);
#4992 = ORIENTED_EDGE('',*,*,#4548,.T.);
#4993 = ORIENTED_EDGE('',*,*,#4994,.F.);
#4994 = EDGE_CURVE('',#4302,#4549,#4995,.T.);
#4995 = LINE('',#4996,#4997);
#4996 = CARTESIAN_POINT('',(1.016,-6.35,0.));
#4997 = VECTOR('',#4998,1.);
#4998 = DIRECTION('',(0.,0.,1.));
#4999 = ORIENTED_EDGE('',*,*,#4301,.F.);
#5000 = PLANE('',#5001);
#5001 = AXIS2_PLACEMENT_3D('',#5002,#5003,#5004);
#5002 = CARTESIAN_POINT('',(-1.016,-6.35,0.));
#5003 = DIRECTION('',(0.,1.,0.));
#5004 = DIRECTION('',(1.,0.,0.));
#5005 = ADVANCED_FACE('',(#5006),#5012,.F.);
#5006 = FACE_BOUND('',#5007,.F.);
#5007 = EDGE_LOOP('',(#5008,#5009,#5010,#5011));
#5008 = ORIENTED_EDGE('',*,*,#4994,.T.);
#5009 = ORIENTED_EDGE('',*,*,#4556,.T.);
#5010 = ORIENTED_EDGE('',*,*,#4975,.F.);
#5011 = ORIENTED_EDGE('',*,*,#4309,.F.);
#5012 = PLANE('',#5013);
#5013 = AXIS2_PLACEMENT_3D('',#5014,#5015,#5016);
#5014 = CARTESIAN_POINT('',(1.016,-6.35,0.));
#5015 = DIRECTION('',(-0.707106781187,0.707106781187,0.));
#5016 = DIRECTION('',(0.707106781187,0.707106781187,0.));
#5017 = ADVANCED_FACE('',(#5018),#5043,.T.);
#5018 = FACE_BOUND('',#5019,.T.);
#5019 = EDGE_LOOP('',(#5020,#5028,#5036,#5042));
#5020 = ORIENTED_EDGE('',*,*,#5021,.F.);
#5021 = EDGE_CURVE('',#5022,#4383,#5024,.T.);
#5022 = VERTEX_POINT('',#5023);
#5023 = CARTESIAN_POINT('',(0.32,-0.32,-2.84));
#5024 = LINE('',#5025,#5026);
#5025 = CARTESIAN_POINT('',(0.32,-0.32,-3.));
#5026 = VECTOR('',#5027,1.);
#5027 = DIRECTION('',(0.,0.,1.));
#5028 = ORIENTED_EDGE('',*,*,#5029,.T.);
#5029 = EDGE_CURVE('',#5022,#5030,#5032,.T.);
#5030 = VERTEX_POINT('',#5031);
#5031 = CARTESIAN_POINT('',(0.32,0.32,-2.84));
#5032 = LINE('',#5033,#5034);
#5033 = CARTESIAN_POINT('',(0.32,-0.32,-2.84));
#5034 = VECTOR('',#5035,1.);
#5035 = DIRECTION('',(0.,1.,0.));
#5036 = ORIENTED_EDGE('',*,*,#5037,.T.);
#5037 = EDGE_CURVE('',#5030,#4385,#5038,.T.);
#5038 = LINE('',#5039,#5040);
#5039 = CARTESIAN_POINT('',(0.32,0.32,-3.));
#5040 = VECTOR('',#5041,1.);
#5041 = DIRECTION('',(0.,0.,1.));
#5042 = ORIENTED_EDGE('',*,*,#4382,.F.);
#5043 = PLANE('',#5044);
#5044 = AXIS2_PLACEMENT_3D('',#5045,#5046,#5047);
#5045 = CARTESIAN_POINT('',(0.32,-0.32,-3.));
#5046 = DIRECTION('',(1.,0.,0.));
#5047 = DIRECTION('',(0.,0.,1.));
#5048 = ADVANCED_FACE('',(#5049),#5067,.T.);
#5049 = FACE_BOUND('',#5050,.T.);
#5050 = EDGE_LOOP('',(#5051,#5052,#5060,#5066));
#5051 = ORIENTED_EDGE('',*,*,#5037,.F.);
#5052 = ORIENTED_EDGE('',*,*,#5053,.F.);
#5053 = EDGE_CURVE('',#5054,#5030,#5056,.T.);
#5054 = VERTEX_POINT('',#5055);
#5055 = CARTESIAN_POINT('',(-0.32,0.32,-2.84));
#5056 = LINE('',#5057,#5058);
#5057 = CARTESIAN_POINT('',(-0.32,0.32,-2.84));
#5058 = VECTOR('',#5059,1.);
#5059 = DIRECTION('',(1.,0.,0.));
#5060 = ORIENTED_EDGE('',*,*,#5061,.T.);
#5061 = EDGE_CURVE('',#5054,#4401,#5062,.T.);
#5062 = LINE('',#5063,#5064);
#5063 = CARTESIAN_POINT('',(-0.32,0.32,-3.));
#5064 = VECTOR('',#5065,1.);
#5065 = DIRECTION('',(0.,0.,1.));
#5066 = ORIENTED_EDGE('',*,*,#4408,.F.);
#5067 = PLANE('',#5068);
#5068 = AXIS2_PLACEMENT_3D('',#5069,#5070,#5071);
#5069 = CARTESIAN_POINT('',(-0.32,0.32,-3.));
#5070 = DIRECTION('',(0.,1.,0.));
#5071 = DIRECTION('',(0.,-0.,1.));
#5072 = ADVANCED_FACE('',(#5073),#5091,.F.);
#5073 = FACE_BOUND('',#5074,.F.);
#5074 = EDGE_LOOP('',(#5075,#5083,#5089,#5090));
#5075 = ORIENTED_EDGE('',*,*,#5076,.F.);
#5076 = EDGE_CURVE('',#5077,#4393,#5079,.T.);
#5077 = VERTEX_POINT('',#5078);
#5078 = CARTESIAN_POINT('',(-0.32,-0.32,-2.84));
#5079 = LINE('',#5080,#5081);
#5080 = CARTESIAN_POINT('',(-0.32,-0.32,-3.));
#5081 = VECTOR('',#5082,1.);
#5082 = DIRECTION('',(0.,0.,1.));
#5083 = ORIENTED_EDGE('',*,*,#5084,.T.);
#5084 = EDGE_CURVE('',#5077,#5054,#5085,.T.);
#5085 = LINE('',#5086,#5087);
#5086 = CARTESIAN_POINT('',(-0.32,-0.32,-2.84));
#5087 = VECTOR('',#5088,1.);
#5088 = DIRECTION('',(0.,1.,0.));
#5089 = ORIENTED_EDGE('',*,*,#5061,.T.);
#5090 = ORIENTED_EDGE('',*,*,#4400,.F.);
#5091 = PLANE('',#5092);
#5092 = AXIS2_PLACEMENT_3D('',#5093,#5094,#5095);
#5093 = CARTESIAN_POINT('',(-0.32,-0.32,-3.));
#5094 = DIRECTION('',(1.,0.,0.));
#5095 = DIRECTION('',(0.,0.,1.));
#5096 = ADVANCED_FACE('',(#5097),#5108,.F.);
#5097 = FACE_BOUND('',#5098,.F.);
#5098 = EDGE_LOOP('',(#5099,#5100,#5106,#5107));
#5099 = ORIENTED_EDGE('',*,*,#5021,.F.);
#5100 = ORIENTED_EDGE('',*,*,#5101,.F.);
#5101 = EDGE_CURVE('',#5077,#5022,#5102,.T.);
#5102 = LINE('',#5103,#5104);
#5103 = CARTESIAN_POINT('',(-0.32,-0.32,-2.84));
#5104 = VECTOR('',#5105,1.);
#5105 = DIRECTION('',(1.,0.,0.));
#5106 = ORIENTED_EDGE('',*,*,#5076,.T.);
#5107 = ORIENTED_EDGE('',*,*,#4392,.F.);
#5108 = PLANE('',#5109);
#5109 = AXIS2_PLACEMENT_3D('',#5110,#5111,#5112);
#5110 = CARTESIAN_POINT('',(-0.32,-0.32,-3.));
#5111 = DIRECTION('',(0.,1.,0.));
#5112 = DIRECTION('',(0.,-0.,1.));
#5113 = ADVANCED_FACE('',(#5114),#5139,.F.);
#5114 = FACE_BOUND('',#5115,.F.);
#5115 = EDGE_LOOP('',(#5116,#5124,#5132,#5138));
#5116 = ORIENTED_EDGE('',*,*,#5117,.F.);
#5117 = EDGE_CURVE('',#5118,#4417,#5120,.T.);
#5118 = VERTEX_POINT('',#5119);
#5119 = CARTESIAN_POINT('',(0.32,-2.86,-2.84));
#5120 = LINE('',#5121,#5122);
#5121 = CARTESIAN_POINT('',(0.32,-2.86,-3.));
#5122 = VECTOR('',#5123,1.);
#5123 = DIRECTION('',(0.,0.,1.));
#5124 = ORIENTED_EDGE('',*,*,#5125,.F.);
#5125 = EDGE_CURVE('',#5126,#5118,#5128,.T.);
#5126 = VERTEX_POINT('',#5127);
#5127 = CARTESIAN_POINT('',(-0.32,-2.86,-2.84));
#5128 = LINE('',#5129,#5130);
#5129 = CARTESIAN_POINT('',(-0.32,-2.86,-2.84));
#5130 = VECTOR('',#5131,1.);
#5131 = DIRECTION('',(1.,0.,0.));
#5132 = ORIENTED_EDGE('',*,*,#5133,.T.);
#5133 = EDGE_CURVE('',#5126,#4419,#5134,.T.);
#5134 = LINE('',#5135,#5136);
#5135 = CARTESIAN_POINT('',(-0.32,-2.86,-3.));
#5136 = VECTOR('',#5137,1.);
#5137 = DIRECTION('',(0.,0.,1.));
#5138 = ORIENTED_EDGE('',*,*,#4416,.F.);
#5139 = PLANE('',#5140);
#5140 = AXIS2_PLACEMENT_3D('',#5141,#5142,#5143);
#5141 = CARTESIAN_POINT('',(-0.32,-2.86,-3.));
#5142 = DIRECTION('',(0.,1.,0.));
#5143 = DIRECTION('',(0.,-0.,1.));
#5144 = ADVANCED_FACE('',(#5145),#5163,.T.);
#5145 = FACE_BOUND('',#5146,.T.);
#5146 = EDGE_LOOP('',(#5147,#5148,#5156,#5162));
#5147 = ORIENTED_EDGE('',*,*,#5117,.F.);
#5148 = ORIENTED_EDGE('',*,*,#5149,.T.);
#5149 = EDGE_CURVE('',#5118,#5150,#5152,.T.);
#5150 = VERTEX_POINT('',#5151);
#5151 = CARTESIAN_POINT('',(0.32,-2.22,-2.84));
#5152 = LINE('',#5153,#5154);
#5153 = CARTESIAN_POINT('',(0.32,-2.86,-2.84));
#5154 = VECTOR('',#5155,1.);
#5155 = DIRECTION('',(0.,1.,0.));
#5156 = ORIENTED_EDGE('',*,*,#5157,.T.);
#5157 = EDGE_CURVE('',#5150,#4435,#5158,.T.);
#5158 = LINE('',#5159,#5160);
#5159 = CARTESIAN_POINT('',(0.32,-2.22,-3.));
#5160 = VECTOR('',#5161,1.);
#5161 = DIRECTION('',(0.,0.,1.));
#5162 = ORIENTED_EDGE('',*,*,#4442,.F.);
#5163 = PLANE('',#5164);
#5164 = AXIS2_PLACEMENT_3D('',#5165,#5166,#5167);
#5165 = CARTESIAN_POINT('',(0.32,-2.86,-3.));
#5166 = DIRECTION('',(1.,0.,0.));
#5167 = DIRECTION('',(0.,0.,1.));
#5168 = ADVANCED_FACE('',(#5169),#5187,.T.);
#5169 = FACE_BOUND('',#5170,.T.);
#5170 = EDGE_LOOP('',(#5171,#5172,#5180,#5186));
#5171 = ORIENTED_EDGE('',*,*,#5157,.F.);
#5172 = ORIENTED_EDGE('',*,*,#5173,.F.);
#5173 = EDGE_CURVE('',#5174,#5150,#5176,.T.);
#5174 = VERTEX_POINT('',#5175);
#5175 = CARTESIAN_POINT('',(-0.32,-2.22,-2.84));
#5176 = LINE('',#5177,#5178);
#5177 = CARTESIAN_POINT('',(-0.32,-2.22,-2.84));
#5178 = VECTOR('',#5179,1.);
#5179 = DIRECTION('',(1.,0.,0.));
#5180 = ORIENTED_EDGE('',*,*,#5181,.T.);
#5181 = EDGE_CURVE('',#5174,#4427,#5182,.T.);
#5182 = LINE('',#5183,#5184);
#5183 = CARTESIAN_POINT('',(-0.32,-2.22,-3.));
#5184 = VECTOR('',#5185,1.);
#5185 = DIRECTION('',(0.,0.,1.));
#5186 = ORIENTED_EDGE('',*,*,#4434,.F.);
#5187 = PLANE('',#5188);
#5188 = AXIS2_PLACEMENT_3D('',#5189,#5190,#5191);
#5189 = CARTESIAN_POINT('',(-0.32,-2.22,-3.));
#5190 = DIRECTION('',(0.,1.,0.));
#5191 = DIRECTION('',(0.,-0.,1.));
#5192 = ADVANCED_FACE('',(#5193),#5204,.F.);
#5193 = FACE_BOUND('',#5194,.F.);
#5194 = EDGE_LOOP('',(#5195,#5196,#5202,#5203));
#5195 = ORIENTED_EDGE('',*,*,#5133,.F.);
#5196 = ORIENTED_EDGE('',*,*,#5197,.T.);
#5197 = EDGE_CURVE('',#5126,#5174,#5198,.T.);
#5198 = LINE('',#5199,#5200);
#5199 = CARTESIAN_POINT('',(-0.32,-2.86,-2.84));
#5200 = VECTOR('',#5201,1.);
#5201 = DIRECTION('',(0.,1.,0.));
#5202 = ORIENTED_EDGE('',*,*,#5181,.T.);
#5203 = ORIENTED_EDGE('',*,*,#4426,.F.);
#5204 = PLANE('',#5205);
#5205 = AXIS2_PLACEMENT_3D('',#5206,#5207,#5208);
#5206 = CARTESIAN_POINT('',(-0.32,-2.86,-3.));
#5207 = DIRECTION('',(1.,0.,0.));
#5208 = DIRECTION('',(0.,0.,1.));
#5209 = ADVANCED_FACE('',(#5210),#5235,.T.);
#5210 = FACE_BOUND('',#5211,.T.);
#5211 = EDGE_LOOP('',(#5212,#5220,#5228,#5234));
#5212 = ORIENTED_EDGE('',*,*,#5213,.F.);
#5213 = EDGE_CURVE('',#5214,#4451,#5216,.T.);
#5214 = VERTEX_POINT('',#5215);
#5215 = CARTESIAN_POINT('',(0.32,-4.76,-2.84));
#5216 = LINE('',#5217,#5218);
#5217 = CARTESIAN_POINT('',(0.32,-4.76,-3.));
#5218 = VECTOR('',#5219,1.);
#5219 = DIRECTION('',(0.,0.,1.));
#5220 = ORIENTED_EDGE('',*,*,#5221,.F.);
#5221 = EDGE_CURVE('',#5222,#5214,#5224,.T.);
#5222 = VERTEX_POINT('',#5223);
#5223 = CARTESIAN_POINT('',(-0.32,-4.76,-2.84));
#5224 = LINE('',#5225,#5226);
#5225 = CARTESIAN_POINT('',(-0.32,-4.76,-2.84));
#5226 = VECTOR('',#5227,1.);
#5227 = DIRECTION('',(1.,0.,0.));
#5228 = ORIENTED_EDGE('',*,*,#5229,.T.);
#5229 = EDGE_CURVE('',#5222,#4453,#5230,.T.);
#5230 = LINE('',#5231,#5232);
#5231 = CARTESIAN_POINT('',(-0.32,-4.76,-3.));
#5232 = VECTOR('',#5233,1.);
#5233 = DIRECTION('',(0.,0.,1.));
#5234 = ORIENTED_EDGE('',*,*,#4450,.F.);
#5235 = PLANE('',#5236);
#5236 = AXIS2_PLACEMENT_3D('',#5237,#5238,#5239);
#5237 = CARTESIAN_POINT('',(-0.32,-4.76,-3.));
#5238 = DIRECTION('',(0.,1.,0.));
#5239 = DIRECTION('',(0.,-0.,1.));
#5240 = ADVANCED_FACE('',(#5241),#5259,.F.);
#5241 = FACE_BOUND('',#5242,.F.);
#5242 = EDGE_LOOP('',(#5243,#5251,#5257,#5258));
#5243 = ORIENTED_EDGE('',*,*,#5244,.F.);
#5244 = EDGE_CURVE('',#5245,#4469,#5247,.T.);
#5245 = VERTEX_POINT('',#5246);
#5246 = CARTESIAN_POINT('',(-0.32,-5.4,-2.84));
#5247 = LINE('',#5248,#5249);
#5248 = CARTESIAN_POINT('',(-0.32,-5.4,-3.));
#5249 = VECTOR('',#5250,1.);
#5250 = DIRECTION('',(0.,0.,1.));
#5251 = ORIENTED_EDGE('',*,*,#5252,.T.);
#5252 = EDGE_CURVE('',#5245,#5222,#5253,.T.);
#5253 = LINE('',#5254,#5255);
#5254 = CARTESIAN_POINT('',(-0.32,-5.4,-2.84));
#5255 = VECTOR('',#5256,1.);
#5256 = DIRECTION('',(0.,1.,0.));
#5257 = ORIENTED_EDGE('',*,*,#5229,.T.);
#5258 = ORIENTED_EDGE('',*,*,#4476,.F.);
#5259 = PLANE('',#5260);
#5260 = AXIS2_PLACEMENT_3D('',#5261,#5262,#5263);
#5261 = CARTESIAN_POINT('',(-0.32,-5.4,-3.));
#5262 = DIRECTION('',(1.,0.,0.));
#5263 = DIRECTION('',(0.,0.,1.));
#5264 = ADVANCED_FACE('',(#5265),#5283,.F.);
#5265 = FACE_BOUND('',#5266,.F.);
#5266 = EDGE_LOOP('',(#5267,#5275,#5281,#5282));
#5267 = ORIENTED_EDGE('',*,*,#5268,.F.);
#5268 = EDGE_CURVE('',#5269,#4461,#5271,.T.);
#5269 = VERTEX_POINT('',#5270);
#5270 = CARTESIAN_POINT('',(0.32,-5.4,-2.84));
#5271 = LINE('',#5272,#5273);
#5272 = CARTESIAN_POINT('',(0.32,-5.4,-3.));
#5273 = VECTOR('',#5274,1.);
#5274 = DIRECTION('',(0.,0.,1.));
#5275 = ORIENTED_EDGE('',*,*,#5276,.F.);
#5276 = EDGE_CURVE('',#5245,#5269,#5277,.T.);
#5277 = LINE('',#5278,#5279);
#5278 = CARTESIAN_POINT('',(-0.32,-5.4,-2.84));
#5279 = VECTOR('',#5280,1.);
#5280 = DIRECTION('',(1.,0.,0.));
#5281 = ORIENTED_EDGE('',*,*,#5244,.T.);
#5282 = ORIENTED_EDGE('',*,*,#4468,.F.);
#5283 = PLANE('',#5284);
#5284 = AXIS2_PLACEMENT_3D('',#5285,#5286,#5287);
#5285 = CARTESIAN_POINT('',(-0.32,-5.4,-3.));
#5286 = DIRECTION('',(0.,1.,0.));
#5287 = DIRECTION('',(0.,-0.,1.));
#5288 = ADVANCED_FACE('',(#5289),#5300,.T.);
#5289 = FACE_BOUND('',#5290,.T.);
#5290 = EDGE_LOOP('',(#5291,#5292,#5298,#5299));
#5291 = ORIENTED_EDGE('',*,*,#5268,.F.);
#5292 = ORIENTED_EDGE('',*,*,#5293,.T.);
#5293 = EDGE_CURVE('',#5269,#5214,#5294,.T.);
#5294 = LINE('',#5295,#5296);
#5295 = CARTESIAN_POINT('',(0.32,-5.4,-2.84));
#5296 = VECTOR('',#5297,1.);
#5297 = DIRECTION('',(0.,1.,0.));
#5298 = ORIENTED_EDGE('',*,*,#5213,.T.);
#5299 = ORIENTED_EDGE('',*,*,#4460,.F.);
#5300 = PLANE('',#5301);
#5301 = AXIS2_PLACEMENT_3D('',#5302,#5303,#5304);
#5302 = CARTESIAN_POINT('',(0.32,-5.4,-3.));
#5303 = DIRECTION('',(1.,0.,0.));
#5304 = DIRECTION('',(0.,0.,1.));
#5305 = ADVANCED_FACE('',(#5306),#5331,.T.);
#5306 = FACE_BOUND('',#5307,.T.);
#5307 = EDGE_LOOP('',(#5308,#5316,#5317,#5325));
#5308 = ORIENTED_EDGE('',*,*,#5309,.F.);
#5309 = EDGE_CURVE('',#4630,#5310,#5312,.T.);
#5310 = VERTEX_POINT('',#5311);
#5311 = CARTESIAN_POINT('',(0.32,-0.32,8.38));
#5312 = LINE('',#5313,#5314);
#5313 = CARTESIAN_POINT('',(0.32,-0.32,-3.));
#5314 = VECTOR('',#5315,1.);
#5315 = DIRECTION('',(0.,0.,1.));
#5316 = ORIENTED_EDGE('',*,*,#4629,.T.);
#5317 = ORIENTED_EDGE('',*,*,#5318,.T.);
#5318 = EDGE_CURVE('',#4632,#5319,#5321,.T.);
#5319 = VERTEX_POINT('',#5320);
#5320 = CARTESIAN_POINT('',(0.32,0.32,8.38));
#5321 = LINE('',#5322,#5323);
#5322 = CARTESIAN_POINT('',(0.32,0.32,-3.));
#5323 = VECTOR('',#5324,1.);
#5324 = DIRECTION('',(0.,0.,1.));
#5325 = ORIENTED_EDGE('',*,*,#5326,.F.);
#5326 = EDGE_CURVE('',#5310,#5319,#5327,.T.);
#5327 = LINE('',#5328,#5329);
#5328 = CARTESIAN_POINT('',(0.32,-0.32,8.38));
#5329 = VECTOR('',#5330,1.);
#5330 = DIRECTION('',(0.,1.,0.));
#5331 = PLANE('',#5332);
#5332 = AXIS2_PLACEMENT_3D('',#5333,#5334,#5335);
#5333 = CARTESIAN_POINT('',(0.32,-0.32,-3.));
#5334 = DIRECTION('',(1.,0.,0.));
#5335 = DIRECTION('',(0.,0.,1.));
#5336 = ADVANCED_FACE('',(#5337),#5355,.T.);
#5337 = FACE_BOUND('',#5338,.T.);
#5338 = EDGE_LOOP('',(#5339,#5340,#5341,#5349));
#5339 = ORIENTED_EDGE('',*,*,#5318,.F.);
#5340 = ORIENTED_EDGE('',*,*,#4655,.T.);
#5341 = ORIENTED_EDGE('',*,*,#5342,.T.);
#5342 = EDGE_CURVE('',#4648,#5343,#5345,.T.);
#5343 = VERTEX_POINT('',#5344);
#5344 = CARTESIAN_POINT('',(-0.32,0.32,8.38));
#5345 = LINE('',#5346,#5347);
#5346 = CARTESIAN_POINT('',(-0.32,0.32,-3.));
#5347 = VECTOR('',#5348,1.);
#5348 = DIRECTION('',(0.,0.,1.));
#5349 = ORIENTED_EDGE('',*,*,#5350,.T.);
#5350 = EDGE_CURVE('',#5343,#5319,#5351,.T.);
#5351 = LINE('',#5352,#5353);
#5352 = CARTESIAN_POINT('',(-0.32,0.32,8.38));
#5353 = VECTOR('',#5354,1.);
#5354 = DIRECTION('',(1.,0.,0.));
#5355 = PLANE('',#5356);
#5356 = AXIS2_PLACEMENT_3D('',#5357,#5358,#5359);
#5357 = CARTESIAN_POINT('',(-0.32,0.32,-3.));
#5358 = DIRECTION('',(0.,1.,0.));
#5359 = DIRECTION('',(0.,-0.,1.));
#5360 = ADVANCED_FACE('',(#5361),#5379,.F.);
#5361 = FACE_BOUND('',#5362,.F.);
#5362 = EDGE_LOOP('',(#5363,#5371,#5372,#5373));
#5363 = ORIENTED_EDGE('',*,*,#5364,.F.);
#5364 = EDGE_CURVE('',#4640,#5365,#5367,.T.);
#5365 = VERTEX_POINT('',#5366);
#5366 = CARTESIAN_POINT('',(-0.32,-0.32,8.38));
#5367 = LINE('',#5368,#5369);
#5368 = CARTESIAN_POINT('',(-0.32,-0.32,-3.));
#5369 = VECTOR('',#5370,1.);
#5370 = DIRECTION('',(0.,0.,1.));
#5371 = ORIENTED_EDGE('',*,*,#4647,.T.);
#5372 = ORIENTED_EDGE('',*,*,#5342,.T.);
#5373 = ORIENTED_EDGE('',*,*,#5374,.F.);
#5374 = EDGE_CURVE('',#5365,#5343,#5375,.T.);
#5375 = LINE('',#5376,#5377);
#5376 = CARTESIAN_POINT('',(-0.32,-0.32,8.38));
#5377 = VECTOR('',#5378,1.);
#5378 = DIRECTION('',(0.,1.,0.));
#5379 = PLANE('',#5380);
#5380 = AXIS2_PLACEMENT_3D('',#5381,#5382,#5383);
#5381 = CARTESIAN_POINT('',(-0.32,-0.32,-3.));
#5382 = DIRECTION('',(1.,0.,0.));
#5383 = DIRECTION('',(0.,0.,1.));
#5384 = ADVANCED_FACE('',(#5385),#5396,.F.);
#5385 = FACE_BOUND('',#5386,.F.);
#5386 = EDGE_LOOP('',(#5387,#5388,#5389,#5390));
#5387 = ORIENTED_EDGE('',*,*,#5309,.F.);
#5388 = ORIENTED_EDGE('',*,*,#4639,.T.);
#5389 = ORIENTED_EDGE('',*,*,#5364,.T.);
#5390 = ORIENTED_EDGE('',*,*,#5391,.T.);
#5391 = EDGE_CURVE('',#5365,#5310,#5392,.T.);
#5392 = LINE('',#5393,#5394);
#5393 = CARTESIAN_POINT('',(-0.32,-0.32,8.38));
#5394 = VECTOR('',#5395,1.);
#5395 = DIRECTION('',(1.,0.,0.));
#5396 = PLANE('',#5397);
#5397 = AXIS2_PLACEMENT_3D('',#5398,#5399,#5400);
#5398 = CARTESIAN_POINT('',(-0.32,-0.32,-3.));
#5399 = DIRECTION('',(0.,1.,0.));
#5400 = DIRECTION('',(0.,-0.,1.));
#5401 = ADVANCED_FACE('',(#5402),#5427,.F.);
#5402 = FACE_BOUND('',#5403,.F.);
#5403 = EDGE_LOOP('',(#5404,#5412,#5413,#5421));
#5404 = ORIENTED_EDGE('',*,*,#5405,.F.);
#5405 = EDGE_CURVE('',#4664,#5406,#5408,.T.);
#5406 = VERTEX_POINT('',#5407);
#5407 = CARTESIAN_POINT('',(0.32,-2.86,8.38));
#5408 = LINE('',#5409,#5410);
#5409 = CARTESIAN_POINT('',(0.32,-2.86,-3.));
#5410 = VECTOR('',#5411,1.);
#5411 = DIRECTION('',(0.,0.,1.));
#5412 = ORIENTED_EDGE('',*,*,#4663,.T.);
#5413 = ORIENTED_EDGE('',*,*,#5414,.T.);
#5414 = EDGE_CURVE('',#4666,#5415,#5417,.T.);
#5415 = VERTEX_POINT('',#5416);
#5416 = CARTESIAN_POINT('',(-0.32,-2.86,8.38));
#5417 = LINE('',#5418,#5419);
#5418 = CARTESIAN_POINT('',(-0.32,-2.86,-3.));
#5419 = VECTOR('',#5420,1.);
#5420 = DIRECTION('',(0.,0.,1.));
#5421 = ORIENTED_EDGE('',*,*,#5422,.T.);
#5422 = EDGE_CURVE('',#5415,#5406,#5423,.T.);
#5423 = LINE('',#5424,#5425);
#5424 = CARTESIAN_POINT('',(-0.32,-2.86,8.38));
#5425 = VECTOR('',#5426,1.);
#5426 = DIRECTION('',(1.,0.,0.));
#5427 = PLANE('',#5428);
#5428 = AXIS2_PLACEMENT_3D('',#5429,#5430,#5431);
#5429 = CARTESIAN_POINT('',(-0.32,-2.86,-3.));
#5430 = DIRECTION('',(0.,1.,0.));
#5431 = DIRECTION('',(0.,-0.,1.));
#5432 = ADVANCED_FACE('',(#5433),#5451,.T.);
#5433 = FACE_BOUND('',#5434,.T.);
#5434 = EDGE_LOOP('',(#5435,#5436,#5437,#5445));
#5435 = ORIENTED_EDGE('',*,*,#5405,.F.);
#5436 = ORIENTED_EDGE('',*,*,#4689,.T.);
#5437 = ORIENTED_EDGE('',*,*,#5438,.T.);
#5438 = EDGE_CURVE('',#4682,#5439,#5441,.T.);
#5439 = VERTEX_POINT('',#5440);
#5440 = CARTESIAN_POINT('',(0.32,-2.22,8.38));
#5441 = LINE('',#5442,#5443);
#5442 = CARTESIAN_POINT('',(0.32,-2.22,-3.));
#5443 = VECTOR('',#5444,1.);
#5444 = DIRECTION('',(0.,0.,1.));
#5445 = ORIENTED_EDGE('',*,*,#5446,.F.);
#5446 = EDGE_CURVE('',#5406,#5439,#5447,.T.);
#5447 = LINE('',#5448,#5449);
#5448 = CARTESIAN_POINT('',(0.32,-2.86,8.38));
#5449 = VECTOR('',#5450,1.);
#5450 = DIRECTION('',(0.,1.,0.));
#5451 = PLANE('',#5452);
#5452 = AXIS2_PLACEMENT_3D('',#5453,#5454,#5455);
#5453 = CARTESIAN_POINT('',(0.32,-2.86,-3.));
#5454 = DIRECTION('',(1.,0.,0.));
#5455 = DIRECTION('',(0.,0.,1.));
#5456 = ADVANCED_FACE('',(#5457),#5475,.T.);
#5457 = FACE_BOUND('',#5458,.T.);
#5458 = EDGE_LOOP('',(#5459,#5460,#5461,#5469));
#5459 = ORIENTED_EDGE('',*,*,#5438,.F.);
#5460 = ORIENTED_EDGE('',*,*,#4681,.T.);
#5461 = ORIENTED_EDGE('',*,*,#5462,.T.);
#5462 = EDGE_CURVE('',#4674,#5463,#5465,.T.);
#5463 = VERTEX_POINT('',#5464);
#5464 = CARTESIAN_POINT('',(-0.32,-2.22,8.38));
#5465 = LINE('',#5466,#5467);
#5466 = CARTESIAN_POINT('',(-0.32,-2.22,-3.));
#5467 = VECTOR('',#5468,1.);
#5468 = DIRECTION('',(0.,0.,1.));
#5469 = ORIENTED_EDGE('',*,*,#5470,.T.);
#5470 = EDGE_CURVE('',#5463,#5439,#5471,.T.);
#5471 = LINE('',#5472,#5473);
#5472 = CARTESIAN_POINT('',(-0.32,-2.22,8.38));
#5473 = VECTOR('',#5474,1.);
#5474 = DIRECTION('',(1.,0.,0.));
#5475 = PLANE('',#5476);
#5476 = AXIS2_PLACEMENT_3D('',#5477,#5478,#5479);
#5477 = CARTESIAN_POINT('',(-0.32,-2.22,-3.));
#5478 = DIRECTION('',(0.,1.,0.));
#5479 = DIRECTION('',(0.,-0.,1.));
#5480 = ADVANCED_FACE('',(#5481),#5492,.F.);
#5481 = FACE_BOUND('',#5482,.F.);
#5482 = EDGE_LOOP('',(#5483,#5484,#5485,#5486));
#5483 = ORIENTED_EDGE('',*,*,#5414,.F.);
#5484 = ORIENTED_EDGE('',*,*,#4673,.T.);
#5485 = ORIENTED_EDGE('',*,*,#5462,.T.);
#5486 = ORIENTED_EDGE('',*,*,#5487,.F.);
#5487 = EDGE_CURVE('',#5415,#5463,#5488,.T.);
#5488 = LINE('',#5489,#5490);
#5489 = CARTESIAN_POINT('',(-0.32,-2.86,8.38));
#5490 = VECTOR('',#5491,1.);
#5491 = DIRECTION('',(0.,1.,0.));
#5492 = PLANE('',#5493);
#5493 = AXIS2_PLACEMENT_3D('',#5494,#5495,#5496);
#5494 = CARTESIAN_POINT('',(-0.32,-2.86,-3.));
#5495 = DIRECTION('',(1.,0.,0.));
#5496 = DIRECTION('',(0.,0.,1.));
#5497 = ADVANCED_FACE('',(#5498),#5523,.T.);
#5498 = FACE_BOUND('',#5499,.T.);
#5499 = EDGE_LOOP('',(#5500,#5508,#5509,#5517));
#5500 = ORIENTED_EDGE('',*,*,#5501,.F.);
#5501 = EDGE_CURVE('',#4698,#5502,#5504,.T.);
#5502 = VERTEX_POINT('',#5503);
#5503 = CARTESIAN_POINT('',(0.32,-4.76,8.38));
#5504 = LINE('',#5505,#5506);
#5505 = CARTESIAN_POINT('',(0.32,-4.76,-3.));
#5506 = VECTOR('',#5507,1.);
#5507 = DIRECTION('',(0.,0.,1.));
#5508 = ORIENTED_EDGE('',*,*,#4697,.T.);
#5509 = ORIENTED_EDGE('',*,*,#5510,.T.);
#5510 = EDGE_CURVE('',#4700,#5511,#5513,.T.);
#5511 = VERTEX_POINT('',#5512);
#5512 = CARTESIAN_POINT('',(-0.32,-4.76,8.38));
#5513 = LINE('',#5514,#5515);
#5514 = CARTESIAN_POINT('',(-0.32,-4.76,-3.));
#5515 = VECTOR('',#5516,1.);
#5516 = DIRECTION('',(0.,0.,1.));
#5517 = ORIENTED_EDGE('',*,*,#5518,.T.);
#5518 = EDGE_CURVE('',#5511,#5502,#5519,.T.);
#5519 = LINE('',#5520,#5521);
#5520 = CARTESIAN_POINT('',(-0.32,-4.76,8.38));
#5521 = VECTOR('',#5522,1.);
#5522 = DIRECTION('',(1.,0.,0.));
#5523 = PLANE('',#5524);
#5524 = AXIS2_PLACEMENT_3D('',#5525,#5526,#5527);
#5525 = CARTESIAN_POINT('',(-0.32,-4.76,-3.));
#5526 = DIRECTION('',(0.,1.,0.));
#5527 = DIRECTION('',(0.,-0.,1.));
#5528 = ADVANCED_FACE('',(#5529),#5547,.F.);
#5529 = FACE_BOUND('',#5530,.F.);
#5530 = EDGE_LOOP('',(#5531,#5539,#5540,#5541));
#5531 = ORIENTED_EDGE('',*,*,#5532,.F.);
#5532 = EDGE_CURVE('',#4716,#5533,#5535,.T.);
#5533 = VERTEX_POINT('',#5534);
#5534 = CARTESIAN_POINT('',(-0.32,-5.4,8.38));
#5535 = LINE('',#5536,#5537);
#5536 = CARTESIAN_POINT('',(-0.32,-5.4,-3.));
#5537 = VECTOR('',#5538,1.);
#5538 = DIRECTION('',(0.,0.,1.));
#5539 = ORIENTED_EDGE('',*,*,#4723,.T.);
#5540 = ORIENTED_EDGE('',*,*,#5510,.T.);
#5541 = ORIENTED_EDGE('',*,*,#5542,.F.);
#5542 = EDGE_CURVE('',#5533,#5511,#5543,.T.);
#5543 = LINE('',#5544,#5545);
#5544 = CARTESIAN_POINT('',(-0.32,-5.4,8.38));
#5545 = VECTOR('',#5546,1.);
#5546 = DIRECTION('',(0.,1.,0.));
#5547 = PLANE('',#5548);
#5548 = AXIS2_PLACEMENT_3D('',#5549,#5550,#5551);
#5549 = CARTESIAN_POINT('',(-0.32,-5.4,-3.));
#5550 = DIRECTION('',(1.,0.,0.));
#5551 = DIRECTION('',(0.,0.,1.));
#5552 = ADVANCED_FACE('',(#5553),#5571,.F.);
#5553 = FACE_BOUND('',#5554,.F.);
#5554 = EDGE_LOOP('',(#5555,#5563,#5564,#5565));
#5555 = ORIENTED_EDGE('',*,*,#5556,.F.);
#5556 = EDGE_CURVE('',#4708,#5557,#5559,.T.);
#5557 = VERTEX_POINT('',#5558);
#5558 = CARTESIAN_POINT('',(0.32,-5.4,8.38));
#5559 = LINE('',#5560,#5561);
#5560 = CARTESIAN_POINT('',(0.32,-5.4,-3.));
#5561 = VECTOR('',#5562,1.);
#5562 = DIRECTION('',(0.,0.,1.));
#5563 = ORIENTED_EDGE('',*,*,#4715,.T.);
#5564 = ORIENTED_EDGE('',*,*,#5532,.T.);
#5565 = ORIENTED_EDGE('',*,*,#5566,.T.);
#5566 = EDGE_CURVE('',#5533,#5557,#5567,.T.);
#5567 = LINE('',#5568,#5569);
#5568 = CARTESIAN_POINT('',(-0.32,-5.4,8.38));
#5569 = VECTOR('',#5570,1.);
#5570 = DIRECTION('',(1.,0.,0.));
#5571 = PLANE('',#5572);
#5572 = AXIS2_PLACEMENT_3D('',#5573,#5574,#5575);
#5573 = CARTESIAN_POINT('',(-0.32,-5.4,-3.));
#5574 = DIRECTION('',(0.,1.,0.));
#5575 = DIRECTION('',(0.,-0.,1.));
#5576 = ADVANCED_FACE('',(#5577),#5588,.T.);
#5577 = FACE_BOUND('',#5578,.T.);
#5578 = EDGE_LOOP('',(#5579,#5580,#5581,#5582));
#5579 = ORIENTED_EDGE('',*,*,#5556,.F.);
#5580 = ORIENTED_EDGE('',*,*,#4707,.T.);
#5581 = ORIENTED_EDGE('',*,*,#5501,.T.);
#5582 = ORIENTED_EDGE('',*,*,#5583,.F.);
#5583 = EDGE_CURVE('',#5557,#5502,#5584,.T.);
#5584 = LINE('',#5585,#5586);
#5585 = CARTESIAN_POINT('',(0.32,-5.4,8.38));
#5586 = VECTOR('',#5587,1.);
#5587 = DIRECTION('',(0.,1.,0.));
#5588 = PLANE('',#5589);
#5589 = AXIS2_PLACEMENT_3D('',#5590,#5591,#5592);
#5590 = CARTESIAN_POINT('',(0.32,-5.4,-3.));
#5591 = DIRECTION('',(1.,0.,0.));
#5592 = DIRECTION('',(0.,0.,1.));
#5593 = ADVANCED_FACE('',(#5594),#5619,.F.);
#5594 = FACE_BOUND('',#5595,.F.);
#5595 = EDGE_LOOP('',(#5596,#5604,#5605,#5613));
#5596 = ORIENTED_EDGE('',*,*,#5597,.F.);
#5597 = EDGE_CURVE('',#5022,#5598,#5600,.T.);
#5598 = VERTEX_POINT('',#5599);
#5599 = CARTESIAN_POINT('',(0.16,-0.16,-3.));
#5600 = LINE('',#5601,#5602);
#5601 = CARTESIAN_POINT('',(0.16,-0.16,-3.));
#5602 = VECTOR('',#5603,1.);
#5603 = DIRECTION('',(-0.57735026919,0.57735026919,-0.57735026919));
#5604 = ORIENTED_EDGE('',*,*,#5029,.T.);
#5605 = ORIENTED_EDGE('',*,*,#5606,.T.);
#5606 = EDGE_CURVE('',#5030,#5607,#5609,.T.);
#5607 = VERTEX_POINT('',#5608);
#5608 = CARTESIAN_POINT('',(0.16,0.16,-3.));
#5609 = LINE('',#5610,#5611);
#5610 = CARTESIAN_POINT('',(5.333333333333E-02,5.333333333333E-02,
    -3.106666666667));
#5611 = VECTOR('',#5612,1.);
#5612 = DIRECTION('',(-0.57735026919,-0.57735026919,-0.57735026919));
#5613 = ORIENTED_EDGE('',*,*,#5614,.F.);
#5614 = EDGE_CURVE('',#5598,#5607,#5615,.T.);
#5615 = LINE('',#5616,#5617);
#5616 = CARTESIAN_POINT('',(0.16,-0.32,-3.));
#5617 = VECTOR('',#5618,1.);
#5618 = DIRECTION('',(0.,1.,0.));
#5619 = PLANE('',#5620);
#5620 = AXIS2_PLACEMENT_3D('',#5621,#5622,#5623);
#5621 = CARTESIAN_POINT('',(0.24,-0.32,-2.92));
#5622 = DIRECTION('',(-0.707106781187,1.735167508357E-18,0.707106781187)
  );
#5623 = DIRECTION('',(1.226948711654E-18,1.,-1.226948711654E-18));
#5624 = ADVANCED_FACE('',(#5625),#5643,.F.);
#5625 = FACE_BOUND('',#5626,.T.);
#5626 = EDGE_LOOP('',(#5627,#5635,#5636,#5637));
#5627 = ORIENTED_EDGE('',*,*,#5628,.F.);
#5628 = EDGE_CURVE('',#5054,#5629,#5631,.T.);
#5629 = VERTEX_POINT('',#5630);
#5630 = CARTESIAN_POINT('',(-0.16,0.16,-3.));
#5631 = LINE('',#5632,#5633);
#5632 = CARTESIAN_POINT('',(-0.16,0.16,-3.));
#5633 = VECTOR('',#5634,1.);
#5634 = DIRECTION('',(0.57735026919,-0.57735026919,-0.57735026919));
#5635 = ORIENTED_EDGE('',*,*,#5053,.T.);
#5636 = ORIENTED_EDGE('',*,*,#5606,.T.);
#5637 = ORIENTED_EDGE('',*,*,#5638,.F.);
#5638 = EDGE_CURVE('',#5629,#5607,#5639,.T.);
#5639 = LINE('',#5640,#5641);
#5640 = CARTESIAN_POINT('',(-0.32,0.16,-3.));
#5641 = VECTOR('',#5642,1.);
#5642 = DIRECTION('',(1.,0.,0.));
#5643 = PLANE('',#5644);
#5644 = AXIS2_PLACEMENT_3D('',#5645,#5646,#5647);
#5645 = CARTESIAN_POINT('',(-0.32,0.24,-2.92));
#5646 = DIRECTION('',(-1.735167508357E-18,-0.707106781187,0.707106781187
    ));
#5647 = DIRECTION('',(-1.,1.226948711654E-18,-1.226948711654E-18));
#5648 = ADVANCED_FACE('',(#5649),#5667,.T.);
#5649 = FACE_BOUND('',#5650,.T.);
#5650 = EDGE_LOOP('',(#5651,#5659,#5660,#5661));
#5651 = ORIENTED_EDGE('',*,*,#5652,.F.);
#5652 = EDGE_CURVE('',#5077,#5653,#5655,.T.);
#5653 = VERTEX_POINT('',#5654);
#5654 = CARTESIAN_POINT('',(-0.16,-0.16,-3.));
#5655 = LINE('',#5656,#5657);
#5656 = CARTESIAN_POINT('',(-0.266666666667,-0.266666666667,
    -2.893333333333));
#5657 = VECTOR('',#5658,1.);
#5658 = DIRECTION('',(0.57735026919,0.57735026919,-0.57735026919));
#5659 = ORIENTED_EDGE('',*,*,#5084,.T.);
#5660 = ORIENTED_EDGE('',*,*,#5628,.T.);
#5661 = ORIENTED_EDGE('',*,*,#5662,.F.);
#5662 = EDGE_CURVE('',#5653,#5629,#5663,.T.);
#5663 = LINE('',#5664,#5665);
#5664 = CARTESIAN_POINT('',(-0.16,-0.32,-3.));
#5665 = VECTOR('',#5666,1.);
#5666 = DIRECTION('',(0.,1.,0.));
#5667 = PLANE('',#5668);
#5668 = AXIS2_PLACEMENT_3D('',#5669,#5670,#5671);
#5669 = CARTESIAN_POINT('',(-0.24,-0.32,-2.92));
#5670 = DIRECTION('',(-0.707106781187,-1.735167508357E-18,
    -0.707106781187));
#5671 = DIRECTION('',(-1.226948711654E-18,1.,-1.226948711654E-18));
#5672 = ADVANCED_FACE('',(#5673),#5684,.T.);
#5673 = FACE_BOUND('',#5674,.F.);
#5674 = EDGE_LOOP('',(#5675,#5676,#5677,#5678));
#5675 = ORIENTED_EDGE('',*,*,#5652,.F.);
#5676 = ORIENTED_EDGE('',*,*,#5101,.T.);
#5677 = ORIENTED_EDGE('',*,*,#5597,.T.);
#5678 = ORIENTED_EDGE('',*,*,#5679,.F.);
#5679 = EDGE_CURVE('',#5653,#5598,#5680,.T.);
#5680 = LINE('',#5681,#5682);
#5681 = CARTESIAN_POINT('',(-0.32,-0.16,-3.));
#5682 = VECTOR('',#5683,1.);
#5683 = DIRECTION('',(1.,0.,0.));
#5684 = PLANE('',#5685);
#5685 = AXIS2_PLACEMENT_3D('',#5686,#5687,#5688);
#5686 = CARTESIAN_POINT('',(-0.32,-0.24,-2.92));
#5687 = DIRECTION('',(1.735167508357E-18,-0.707106781187,-0.707106781187
    ));
#5688 = DIRECTION('',(-1.,-1.226948711654E-18,-1.226948711654E-18));
#5689 = ADVANCED_FACE('',(#5690),#5715,.T.);
#5690 = FACE_BOUND('',#5691,.F.);
#5691 = EDGE_LOOP('',(#5692,#5700,#5701,#5709));
#5692 = ORIENTED_EDGE('',*,*,#5693,.F.);
#5693 = EDGE_CURVE('',#5126,#5694,#5696,.T.);
#5694 = VERTEX_POINT('',#5695);
#5695 = CARTESIAN_POINT('',(-0.16,-2.7,-3.));
#5696 = LINE('',#5697,#5698);
#5697 = CARTESIAN_POINT('',(-0.266666666667,-2.806666666667,
    -2.893333333333));
#5698 = VECTOR('',#5699,1.);
#5699 = DIRECTION('',(0.57735026919,0.57735026919,-0.57735026919));
#5700 = ORIENTED_EDGE('',*,*,#5125,.T.);
#5701 = ORIENTED_EDGE('',*,*,#5702,.T.);
#5702 = EDGE_CURVE('',#5118,#5703,#5705,.T.);
#5703 = VERTEX_POINT('',#5704);
#5704 = CARTESIAN_POINT('',(0.16,-2.7,-3.));
#5705 = LINE('',#5706,#5707);
#5706 = CARTESIAN_POINT('',(0.16,-2.7,-3.));
#5707 = VECTOR('',#5708,1.);
#5708 = DIRECTION('',(-0.57735026919,0.57735026919,-0.57735026919));
#5709 = ORIENTED_EDGE('',*,*,#5710,.F.);
#5710 = EDGE_CURVE('',#5694,#5703,#5711,.T.);
#5711 = LINE('',#5712,#5713);
#5712 = CARTESIAN_POINT('',(-0.32,-2.7,-3.));
#5713 = VECTOR('',#5714,1.);
#5714 = DIRECTION('',(1.,0.,0.));
#5715 = PLANE('',#5716);
#5716 = AXIS2_PLACEMENT_3D('',#5717,#5718,#5719);
#5717 = CARTESIAN_POINT('',(-0.32,-2.78,-2.92));
#5718 = DIRECTION('',(1.735167508357E-18,-0.707106781187,-0.707106781187
    ));
#5719 = DIRECTION('',(-1.,-1.226948711654E-18,-1.226948711654E-18));
#5720 = ADVANCED_FACE('',(#5721),#5739,.F.);
#5721 = FACE_BOUND('',#5722,.F.);
#5722 = EDGE_LOOP('',(#5723,#5724,#5725,#5733));
#5723 = ORIENTED_EDGE('',*,*,#5702,.F.);
#5724 = ORIENTED_EDGE('',*,*,#5149,.T.);
#5725 = ORIENTED_EDGE('',*,*,#5726,.T.);
#5726 = EDGE_CURVE('',#5150,#5727,#5729,.T.);
#5727 = VERTEX_POINT('',#5728);
#5728 = CARTESIAN_POINT('',(0.16,-2.38,-3.));
#5729 = LINE('',#5730,#5731);
#5730 = CARTESIAN_POINT('',(5.333333333333E-02,-2.486666666667,
    -3.106666666667));
#5731 = VECTOR('',#5732,1.);
#5732 = DIRECTION('',(-0.57735026919,-0.57735026919,-0.57735026919));
#5733 = ORIENTED_EDGE('',*,*,#5734,.F.);
#5734 = EDGE_CURVE('',#5703,#5727,#5735,.T.);
#5735 = LINE('',#5736,#5737);
#5736 = CARTESIAN_POINT('',(0.16,-2.86,-3.));
#5737 = VECTOR('',#5738,1.);
#5738 = DIRECTION('',(0.,1.,0.));
#5739 = PLANE('',#5740);
#5740 = AXIS2_PLACEMENT_3D('',#5741,#5742,#5743);
#5741 = CARTESIAN_POINT('',(0.24,-2.86,-2.92));
#5742 = DIRECTION('',(-0.707106781187,1.735167508357E-18,0.707106781187)
  );
#5743 = DIRECTION('',(1.226948711654E-18,1.,-1.226948711654E-18));
#5744 = ADVANCED_FACE('',(#5745),#5763,.F.);
#5745 = FACE_BOUND('',#5746,.T.);
#5746 = EDGE_LOOP('',(#5747,#5755,#5756,#5757));
#5747 = ORIENTED_EDGE('',*,*,#5748,.F.);
#5748 = EDGE_CURVE('',#5174,#5749,#5751,.T.);
#5749 = VERTEX_POINT('',#5750);
#5750 = CARTESIAN_POINT('',(-0.16,-2.38,-3.));
#5751 = LINE('',#5752,#5753);
#5752 = CARTESIAN_POINT('',(-0.16,-2.38,-3.));
#5753 = VECTOR('',#5754,1.);
#5754 = DIRECTION('',(0.57735026919,-0.57735026919,-0.57735026919));
#5755 = ORIENTED_EDGE('',*,*,#5173,.T.);
#5756 = ORIENTED_EDGE('',*,*,#5726,.T.);
#5757 = ORIENTED_EDGE('',*,*,#5758,.F.);
#5758 = EDGE_CURVE('',#5749,#5727,#5759,.T.);
#5759 = LINE('',#5760,#5761);
#5760 = CARTESIAN_POINT('',(-0.32,-2.38,-3.));
#5761 = VECTOR('',#5762,1.);
#5762 = DIRECTION('',(1.,0.,0.));
#5763 = PLANE('',#5764);
#5764 = AXIS2_PLACEMENT_3D('',#5765,#5766,#5767);
#5765 = CARTESIAN_POINT('',(-0.32,-2.3,-2.92));
#5766 = DIRECTION('',(-1.735167508357E-18,-0.707106781187,0.707106781187
    ));
#5767 = DIRECTION('',(-1.,1.226948711654E-18,-1.226948711654E-18));
#5768 = ADVANCED_FACE('',(#5769),#5780,.T.);
#5769 = FACE_BOUND('',#5770,.T.);
#5770 = EDGE_LOOP('',(#5771,#5772,#5773,#5774));
#5771 = ORIENTED_EDGE('',*,*,#5693,.F.);
#5772 = ORIENTED_EDGE('',*,*,#5197,.T.);
#5773 = ORIENTED_EDGE('',*,*,#5748,.T.);
#5774 = ORIENTED_EDGE('',*,*,#5775,.F.);
#5775 = EDGE_CURVE('',#5694,#5749,#5776,.T.);
#5776 = LINE('',#5777,#5778);
#5777 = CARTESIAN_POINT('',(-0.16,-2.86,-3.));
#5778 = VECTOR('',#5779,1.);
#5779 = DIRECTION('',(0.,1.,0.));
#5780 = PLANE('',#5781);
#5781 = AXIS2_PLACEMENT_3D('',#5782,#5783,#5784);
#5782 = CARTESIAN_POINT('',(-0.24,-2.86,-2.92));
#5783 = DIRECTION('',(-0.707106781187,-1.735167508357E-18,
    -0.707106781187));
#5784 = DIRECTION('',(-1.226948711654E-18,1.,-1.226948711654E-18));
#5785 = ADVANCED_FACE('',(#5786),#5811,.F.);
#5786 = FACE_BOUND('',#5787,.T.);
#5787 = EDGE_LOOP('',(#5788,#5796,#5797,#5805));
#5788 = ORIENTED_EDGE('',*,*,#5789,.F.);
#5789 = EDGE_CURVE('',#5222,#5790,#5792,.T.);
#5790 = VERTEX_POINT('',#5791);
#5791 = CARTESIAN_POINT('',(-0.16,-4.92,-3.));
#5792 = LINE('',#5793,#5794);
#5793 = CARTESIAN_POINT('',(-0.16,-4.92,-3.));
#5794 = VECTOR('',#5795,1.);
#5795 = DIRECTION('',(0.57735026919,-0.57735026919,-0.57735026919));
#5796 = ORIENTED_EDGE('',*,*,#5221,.T.);
#5797 = ORIENTED_EDGE('',*,*,#5798,.T.);
#5798 = EDGE_CURVE('',#5214,#5799,#5801,.T.);
#5799 = VERTEX_POINT('',#5800);
#5800 = CARTESIAN_POINT('',(0.16,-4.92,-3.));
#5801 = LINE('',#5802,#5803);
#5802 = CARTESIAN_POINT('',(5.333333333333E-02,-5.026666666667,
    -3.106666666667));
#5803 = VECTOR('',#5804,1.);
#5804 = DIRECTION('',(-0.57735026919,-0.57735026919,-0.57735026919));
#5805 = ORIENTED_EDGE('',*,*,#5806,.F.);
#5806 = EDGE_CURVE('',#5790,#5799,#5807,.T.);
#5807 = LINE('',#5808,#5809);
#5808 = CARTESIAN_POINT('',(-0.32,-4.92,-3.));
#5809 = VECTOR('',#5810,1.);
#5810 = DIRECTION('',(1.,0.,0.));
#5811 = PLANE('',#5812);
#5812 = AXIS2_PLACEMENT_3D('',#5813,#5814,#5815);
#5813 = CARTESIAN_POINT('',(-0.32,-4.84,-2.92));
#5814 = DIRECTION('',(-1.735167508357E-18,-0.707106781187,0.707106781187
    ));
#5815 = DIRECTION('',(-1.,1.226948711654E-18,-1.226948711654E-18));
#5816 = ADVANCED_FACE('',(#5817),#5835,.T.);
#5817 = FACE_BOUND('',#5818,.T.);
#5818 = EDGE_LOOP('',(#5819,#5827,#5828,#5829));
#5819 = ORIENTED_EDGE('',*,*,#5820,.F.);
#5820 = EDGE_CURVE('',#5245,#5821,#5823,.T.);
#5821 = VERTEX_POINT('',#5822);
#5822 = CARTESIAN_POINT('',(-0.16,-5.24,-3.));
#5823 = LINE('',#5824,#5825);
#5824 = CARTESIAN_POINT('',(-0.266666666667,-5.346666666667,
    -2.893333333333));
#5825 = VECTOR('',#5826,1.);
#5826 = DIRECTION('',(0.57735026919,0.57735026919,-0.57735026919));
#5827 = ORIENTED_EDGE('',*,*,#5252,.T.);
#5828 = ORIENTED_EDGE('',*,*,#5789,.T.);
#5829 = ORIENTED_EDGE('',*,*,#5830,.F.);
#5830 = EDGE_CURVE('',#5821,#5790,#5831,.T.);
#5831 = LINE('',#5832,#5833);
#5832 = CARTESIAN_POINT('',(-0.16,-5.4,-3.));
#5833 = VECTOR('',#5834,1.);
#5834 = DIRECTION('',(0.,1.,0.));
#5835 = PLANE('',#5836);
#5836 = AXIS2_PLACEMENT_3D('',#5837,#5838,#5839);
#5837 = CARTESIAN_POINT('',(-0.24,-5.4,-2.92));
#5838 = DIRECTION('',(-0.707106781187,-1.735167508357E-18,
    -0.707106781187));
#5839 = DIRECTION('',(-1.226948711654E-18,1.,-1.226948711654E-18));
#5840 = ADVANCED_FACE('',(#5841),#5859,.T.);
#5841 = FACE_BOUND('',#5842,.F.);
#5842 = EDGE_LOOP('',(#5843,#5844,#5845,#5853));
#5843 = ORIENTED_EDGE('',*,*,#5820,.F.);
#5844 = ORIENTED_EDGE('',*,*,#5276,.T.);
#5845 = ORIENTED_EDGE('',*,*,#5846,.T.);
#5846 = EDGE_CURVE('',#5269,#5847,#5849,.T.);
#5847 = VERTEX_POINT('',#5848);
#5848 = CARTESIAN_POINT('',(0.16,-5.24,-3.));
#5849 = LINE('',#5850,#5851);
#5850 = CARTESIAN_POINT('',(0.16,-5.24,-3.));
#5851 = VECTOR('',#5852,1.);
#5852 = DIRECTION('',(-0.57735026919,0.57735026919,-0.57735026919));
#5853 = ORIENTED_EDGE('',*,*,#5854,.F.);
#5854 = EDGE_CURVE('',#5821,#5847,#5855,.T.);
#5855 = LINE('',#5856,#5857);
#5856 = CARTESIAN_POINT('',(-0.32,-5.24,-3.));
#5857 = VECTOR('',#5858,1.);
#5858 = DIRECTION('',(1.,0.,0.));
#5859 = PLANE('',#5860);
#5860 = AXIS2_PLACEMENT_3D('',#5861,#5862,#5863);
#5861 = CARTESIAN_POINT('',(-0.32,-5.32,-2.92));
#5862 = DIRECTION('',(1.735167508357E-18,-0.707106781187,-0.707106781187
    ));
#5863 = DIRECTION('',(-1.,-1.226948711654E-18,-1.226948711654E-18));
#5864 = ADVANCED_FACE('',(#5865),#5876,.F.);
#5865 = FACE_BOUND('',#5866,.F.);
#5866 = EDGE_LOOP('',(#5867,#5868,#5869,#5870));
#5867 = ORIENTED_EDGE('',*,*,#5846,.F.);
#5868 = ORIENTED_EDGE('',*,*,#5293,.T.);
#5869 = ORIENTED_EDGE('',*,*,#5798,.T.);
#5870 = ORIENTED_EDGE('',*,*,#5871,.F.);
#5871 = EDGE_CURVE('',#5847,#5799,#5872,.T.);
#5872 = LINE('',#5873,#5874);
#5873 = CARTESIAN_POINT('',(0.16,-5.4,-3.));
#5874 = VECTOR('',#5875,1.);
#5875 = DIRECTION('',(0.,1.,0.));
#5876 = PLANE('',#5877);
#5877 = AXIS2_PLACEMENT_3D('',#5878,#5879,#5880);
#5878 = CARTESIAN_POINT('',(0.24,-5.4,-2.92));
#5879 = DIRECTION('',(-0.707106781187,1.735167508357E-18,0.707106781187)
  );
#5880 = DIRECTION('',(1.226948711654E-18,1.,-1.226948711654E-18));
#5881 = ADVANCED_FACE('',(#5882),#5907,.T.);
#5882 = FACE_BOUND('',#5883,.T.);
#5883 = EDGE_LOOP('',(#5884,#5892,#5893,#5901));
#5884 = ORIENTED_EDGE('',*,*,#5885,.F.);
#5885 = EDGE_CURVE('',#5310,#5886,#5888,.T.);
#5886 = VERTEX_POINT('',#5887);
#5887 = CARTESIAN_POINT('',(0.16,-0.16,8.54));
#5888 = LINE('',#5889,#5890);
#5889 = CARTESIAN_POINT('',(0.16,-0.16,8.54));
#5890 = VECTOR('',#5891,1.);
#5891 = DIRECTION('',(-0.57735026919,0.57735026919,0.57735026919));
#5892 = ORIENTED_EDGE('',*,*,#5326,.T.);
#5893 = ORIENTED_EDGE('',*,*,#5894,.T.);
#5894 = EDGE_CURVE('',#5319,#5895,#5897,.T.);
#5895 = VERTEX_POINT('',#5896);
#5896 = CARTESIAN_POINT('',(0.16,0.16,8.54));
#5897 = LINE('',#5898,#5899);
#5898 = CARTESIAN_POINT('',(5.333333333333E-02,5.333333333333E-02,
    8.646666666667));
#5899 = VECTOR('',#5900,1.);
#5900 = DIRECTION('',(-0.57735026919,-0.57735026919,0.57735026919));
#5901 = ORIENTED_EDGE('',*,*,#5902,.F.);
#5902 = EDGE_CURVE('',#5886,#5895,#5903,.T.);
#5903 = LINE('',#5904,#5905);
#5904 = CARTESIAN_POINT('',(0.16,-0.32,8.54));
#5905 = VECTOR('',#5906,1.);
#5906 = DIRECTION('',(0.,1.,0.));
#5907 = PLANE('',#5908);
#5908 = AXIS2_PLACEMENT_3D('',#5909,#5910,#5911);
#5909 = CARTESIAN_POINT('',(0.24,-0.32,8.46));
#5910 = DIRECTION('',(0.707106781187,-1.735167508357E-18,0.707106781187)
  );
#5911 = DIRECTION('',(1.226948711654E-18,1.,1.226948711654E-18));
#5912 = ADVANCED_FACE('',(#5913),#5931,.T.);
#5913 = FACE_BOUND('',#5914,.F.);
#5914 = EDGE_LOOP('',(#5915,#5923,#5924,#5925));
#5915 = ORIENTED_EDGE('',*,*,#5916,.F.);
#5916 = EDGE_CURVE('',#5343,#5917,#5919,.T.);
#5917 = VERTEX_POINT('',#5918);
#5918 = CARTESIAN_POINT('',(-0.16,0.16,8.54));
#5919 = LINE('',#5920,#5921);
#5920 = CARTESIAN_POINT('',(-0.16,0.16,8.54));
#5921 = VECTOR('',#5922,1.);
#5922 = DIRECTION('',(0.57735026919,-0.57735026919,0.57735026919));
#5923 = ORIENTED_EDGE('',*,*,#5350,.T.);
#5924 = ORIENTED_EDGE('',*,*,#5894,.T.);
#5925 = ORIENTED_EDGE('',*,*,#5926,.F.);
#5926 = EDGE_CURVE('',#5917,#5895,#5927,.T.);
#5927 = LINE('',#5928,#5929);
#5928 = CARTESIAN_POINT('',(-0.32,0.16,8.54));
#5929 = VECTOR('',#5930,1.);
#5930 = DIRECTION('',(1.,0.,0.));
#5931 = PLANE('',#5932);
#5932 = AXIS2_PLACEMENT_3D('',#5933,#5934,#5935);
#5933 = CARTESIAN_POINT('',(-0.32,0.24,8.46));
#5934 = DIRECTION('',(1.735167508357E-18,0.707106781187,0.707106781187)
  );
#5935 = DIRECTION('',(-1.,1.226948711654E-18,1.226948711654E-18));
#5936 = ADVANCED_FACE('',(#5937),#5955,.F.);
#5937 = FACE_BOUND('',#5938,.F.);
#5938 = EDGE_LOOP('',(#5939,#5947,#5948,#5949));
#5939 = ORIENTED_EDGE('',*,*,#5940,.F.);
#5940 = EDGE_CURVE('',#5365,#5941,#5943,.T.);
#5941 = VERTEX_POINT('',#5942);
#5942 = CARTESIAN_POINT('',(-0.16,-0.16,8.54));
#5943 = LINE('',#5944,#5945);
#5944 = CARTESIAN_POINT('',(-0.266666666667,-0.266666666667,
    8.433333333333));
#5945 = VECTOR('',#5946,1.);
#5946 = DIRECTION('',(0.57735026919,0.57735026919,0.57735026919));
#5947 = ORIENTED_EDGE('',*,*,#5374,.T.);
#5948 = ORIENTED_EDGE('',*,*,#5916,.T.);
#5949 = ORIENTED_EDGE('',*,*,#5950,.F.);
#5950 = EDGE_CURVE('',#5941,#5917,#5951,.T.);
#5951 = LINE('',#5952,#5953);
#5952 = CARTESIAN_POINT('',(-0.16,-0.32,8.54));
#5953 = VECTOR('',#5954,1.);
#5954 = DIRECTION('',(0.,1.,0.));
#5955 = PLANE('',#5956);
#5956 = AXIS2_PLACEMENT_3D('',#5957,#5958,#5959);
#5957 = CARTESIAN_POINT('',(-0.24,-0.32,8.46));
#5958 = DIRECTION('',(0.707106781187,1.735167508357E-18,-0.707106781187)
  );
#5959 = DIRECTION('',(-1.226948711654E-18,1.,1.226948711654E-18));
#5960 = ADVANCED_FACE('',(#5961),#5972,.F.);
#5961 = FACE_BOUND('',#5962,.T.);
#5962 = EDGE_LOOP('',(#5963,#5964,#5965,#5966));
#5963 = ORIENTED_EDGE('',*,*,#5940,.F.);
#5964 = ORIENTED_EDGE('',*,*,#5391,.T.);
#5965 = ORIENTED_EDGE('',*,*,#5885,.T.);
#5966 = ORIENTED_EDGE('',*,*,#5967,.F.);
#5967 = EDGE_CURVE('',#5941,#5886,#5968,.T.);
#5968 = LINE('',#5969,#5970);
#5969 = CARTESIAN_POINT('',(-0.32,-0.16,8.54));
#5970 = VECTOR('',#5971,1.);
#5971 = DIRECTION('',(1.,0.,0.));
#5972 = PLANE('',#5973);
#5973 = AXIS2_PLACEMENT_3D('',#5974,#5975,#5976);
#5974 = CARTESIAN_POINT('',(-0.32,-0.24,8.46));
#5975 = DIRECTION('',(-1.735167508357E-18,0.707106781187,-0.707106781187
    ));
#5976 = DIRECTION('',(-1.,-1.226948711654E-18,1.226948711654E-18));
#5977 = ADVANCED_FACE('',(#5978),#6003,.F.);
#5978 = FACE_BOUND('',#5979,.T.);
#5979 = EDGE_LOOP('',(#5980,#5988,#5989,#5997));
#5980 = ORIENTED_EDGE('',*,*,#5981,.F.);
#5981 = EDGE_CURVE('',#5415,#5982,#5984,.T.);
#5982 = VERTEX_POINT('',#5983);
#5983 = CARTESIAN_POINT('',(-0.16,-2.7,8.54));
#5984 = LINE('',#5985,#5986);
#5985 = CARTESIAN_POINT('',(-0.266666666667,-2.806666666667,
    8.433333333333));
#5986 = VECTOR('',#5987,1.);
#5987 = DIRECTION('',(0.57735026919,0.57735026919,0.57735026919));
#5988 = ORIENTED_EDGE('',*,*,#5422,.T.);
#5989 = ORIENTED_EDGE('',*,*,#5990,.T.);
#5990 = EDGE_CURVE('',#5406,#5991,#5993,.T.);
#5991 = VERTEX_POINT('',#5992);
#5992 = CARTESIAN_POINT('',(0.16,-2.7,8.54));
#5993 = LINE('',#5994,#5995);
#5994 = CARTESIAN_POINT('',(0.16,-2.7,8.54));
#5995 = VECTOR('',#5996,1.);
#5996 = DIRECTION('',(-0.57735026919,0.57735026919,0.57735026919));
#5997 = ORIENTED_EDGE('',*,*,#5998,.F.);
#5998 = EDGE_CURVE('',#5982,#5991,#5999,.T.);
#5999 = LINE('',#6000,#6001);
#6000 = CARTESIAN_POINT('',(-0.32,-2.7,8.54));
#6001 = VECTOR('',#6002,1.);
#6002 = DIRECTION('',(1.,0.,0.));
#6003 = PLANE('',#6004);
#6004 = AXIS2_PLACEMENT_3D('',#6005,#6006,#6007);
#6005 = CARTESIAN_POINT('',(-0.32,-2.78,8.46));
#6006 = DIRECTION('',(-1.735167508357E-18,0.707106781187,-0.707106781187
    ));
#6007 = DIRECTION('',(-1.,-1.226948711654E-18,1.226948711654E-18));
#6008 = ADVANCED_FACE('',(#6009),#6027,.T.);
#6009 = FACE_BOUND('',#6010,.T.);
#6010 = EDGE_LOOP('',(#6011,#6012,#6013,#6021));
#6011 = ORIENTED_EDGE('',*,*,#5990,.F.);
#6012 = ORIENTED_EDGE('',*,*,#5446,.T.);
#6013 = ORIENTED_EDGE('',*,*,#6014,.T.);
#6014 = EDGE_CURVE('',#5439,#6015,#6017,.T.);
#6015 = VERTEX_POINT('',#6016);
#6016 = CARTESIAN_POINT('',(0.16,-2.38,8.54));
#6017 = LINE('',#6018,#6019);
#6018 = CARTESIAN_POINT('',(5.333333333333E-02,-2.486666666667,
    8.646666666667));
#6019 = VECTOR('',#6020,1.);
#6020 = DIRECTION('',(-0.57735026919,-0.57735026919,0.57735026919));
#6021 = ORIENTED_EDGE('',*,*,#6022,.F.);
#6022 = EDGE_CURVE('',#5991,#6015,#6023,.T.);
#6023 = LINE('',#6024,#6025);
#6024 = CARTESIAN_POINT('',(0.16,-2.86,8.54));
#6025 = VECTOR('',#6026,1.);
#6026 = DIRECTION('',(0.,1.,0.));
#6027 = PLANE('',#6028);
#6028 = AXIS2_PLACEMENT_3D('',#6029,#6030,#6031);
#6029 = CARTESIAN_POINT('',(0.24,-2.86,8.46));
#6030 = DIRECTION('',(0.707106781187,-1.735167508357E-18,0.707106781187)
  );
#6031 = DIRECTION('',(1.226948711654E-18,1.,1.226948711654E-18));
#6032 = ADVANCED_FACE('',(#6033),#6051,.T.);
#6033 = FACE_BOUND('',#6034,.F.);
#6034 = EDGE_LOOP('',(#6035,#6043,#6044,#6045));
#6035 = ORIENTED_EDGE('',*,*,#6036,.F.);
#6036 = EDGE_CURVE('',#5463,#6037,#6039,.T.);
#6037 = VERTEX_POINT('',#6038);
#6038 = CARTESIAN_POINT('',(-0.16,-2.38,8.54));
#6039 = LINE('',#6040,#6041);
#6040 = CARTESIAN_POINT('',(-0.16,-2.38,8.54));
#6041 = VECTOR('',#6042,1.);
#6042 = DIRECTION('',(0.57735026919,-0.57735026919,0.57735026919));
#6043 = ORIENTED_EDGE('',*,*,#5470,.T.);
#6044 = ORIENTED_EDGE('',*,*,#6014,.T.);
#6045 = ORIENTED_EDGE('',*,*,#6046,.F.);
#6046 = EDGE_CURVE('',#6037,#6015,#6047,.T.);
#6047 = LINE('',#6048,#6049);
#6048 = CARTESIAN_POINT('',(-0.32,-2.38,8.54));
#6049 = VECTOR('',#6050,1.);
#6050 = DIRECTION('',(1.,0.,0.));
#6051 = PLANE('',#6052);
#6052 = AXIS2_PLACEMENT_3D('',#6053,#6054,#6055);
#6053 = CARTESIAN_POINT('',(-0.32,-2.3,8.46));
#6054 = DIRECTION('',(1.735167508357E-18,0.707106781187,0.707106781187)
  );
#6055 = DIRECTION('',(-1.,1.226948711654E-18,1.226948711654E-18));
#6056 = ADVANCED_FACE('',(#6057),#6068,.F.);
#6057 = FACE_BOUND('',#6058,.F.);
#6058 = EDGE_LOOP('',(#6059,#6060,#6061,#6062));
#6059 = ORIENTED_EDGE('',*,*,#5981,.F.);
#6060 = ORIENTED_EDGE('',*,*,#5487,.T.);
#6061 = ORIENTED_EDGE('',*,*,#6036,.T.);
#6062 = ORIENTED_EDGE('',*,*,#6063,.F.);
#6063 = EDGE_CURVE('',#5982,#6037,#6064,.T.);
#6064 = LINE('',#6065,#6066);
#6065 = CARTESIAN_POINT('',(-0.16,-2.86,8.54));
#6066 = VECTOR('',#6067,1.);
#6067 = DIRECTION('',(0.,1.,0.));
#6068 = PLANE('',#6069);
#6069 = AXIS2_PLACEMENT_3D('',#6070,#6071,#6072);
#6070 = CARTESIAN_POINT('',(-0.24,-2.86,8.46));
#6071 = DIRECTION('',(0.707106781187,1.735167508357E-18,-0.707106781187)
  );
#6072 = DIRECTION('',(-1.226948711654E-18,1.,1.226948711654E-18));
#6073 = ADVANCED_FACE('',(#6074),#6099,.T.);
#6074 = FACE_BOUND('',#6075,.F.);
#6075 = EDGE_LOOP('',(#6076,#6084,#6085,#6093));
#6076 = ORIENTED_EDGE('',*,*,#6077,.F.);
#6077 = EDGE_CURVE('',#5511,#6078,#6080,.T.);
#6078 = VERTEX_POINT('',#6079);
#6079 = CARTESIAN_POINT('',(-0.16,-4.92,8.54));
#6080 = LINE('',#6081,#6082);
#6081 = CARTESIAN_POINT('',(-0.16,-4.92,8.54));
#6082 = VECTOR('',#6083,1.);
#6083 = DIRECTION('',(0.57735026919,-0.57735026919,0.57735026919));
#6084 = ORIENTED_EDGE('',*,*,#5518,.T.);
#6085 = ORIENTED_EDGE('',*,*,#6086,.T.);
#6086 = EDGE_CURVE('',#5502,#6087,#6089,.T.);
#6087 = VERTEX_POINT('',#6088);
#6088 = CARTESIAN_POINT('',(0.16,-4.92,8.54));
#6089 = LINE('',#6090,#6091);
#6090 = CARTESIAN_POINT('',(5.333333333333E-02,-5.026666666667,
    8.646666666667));
#6091 = VECTOR('',#6092,1.);
#6092 = DIRECTION('',(-0.57735026919,-0.57735026919,0.57735026919));
#6093 = ORIENTED_EDGE('',*,*,#6094,.F.);
#6094 = EDGE_CURVE('',#6078,#6087,#6095,.T.);
#6095 = LINE('',#6096,#6097);
#6096 = CARTESIAN_POINT('',(-0.32,-4.92,8.54));
#6097 = VECTOR('',#6098,1.);
#6098 = DIRECTION('',(1.,0.,0.));
#6099 = PLANE('',#6100);
#6100 = AXIS2_PLACEMENT_3D('',#6101,#6102,#6103);
#6101 = CARTESIAN_POINT('',(-0.32,-4.84,8.46));
#6102 = DIRECTION('',(1.735167508357E-18,0.707106781187,0.707106781187)
  );
#6103 = DIRECTION('',(-1.,1.226948711654E-18,1.226948711654E-18));
#6104 = ADVANCED_FACE('',(#6105),#6123,.F.);
#6105 = FACE_BOUND('',#6106,.F.);
#6106 = EDGE_LOOP('',(#6107,#6115,#6116,#6117));
#6107 = ORIENTED_EDGE('',*,*,#6108,.F.);
#6108 = EDGE_CURVE('',#5533,#6109,#6111,.T.);
#6109 = VERTEX_POINT('',#6110);
#6110 = CARTESIAN_POINT('',(-0.16,-5.24,8.54));
#6111 = LINE('',#6112,#6113);
#6112 = CARTESIAN_POINT('',(-0.266666666667,-5.346666666667,
    8.433333333333));
#6113 = VECTOR('',#6114,1.);
#6114 = DIRECTION('',(0.57735026919,0.57735026919,0.57735026919));
#6115 = ORIENTED_EDGE('',*,*,#5542,.T.);
#6116 = ORIENTED_EDGE('',*,*,#6077,.T.);
#6117 = ORIENTED_EDGE('',*,*,#6118,.F.);
#6118 = EDGE_CURVE('',#6109,#6078,#6119,.T.);
#6119 = LINE('',#6120,#6121);
#6120 = CARTESIAN_POINT('',(-0.16,-5.4,8.54));
#6121 = VECTOR('',#6122,1.);
#6122 = DIRECTION('',(0.,1.,0.));
#6123 = PLANE('',#6124);
#6124 = AXIS2_PLACEMENT_3D('',#6125,#6126,#6127);
#6125 = CARTESIAN_POINT('',(-0.24,-5.4,8.46));
#6126 = DIRECTION('',(0.707106781187,1.735167508357E-18,-0.707106781187)
  );
#6127 = DIRECTION('',(-1.226948711654E-18,1.,1.226948711654E-18));
#6128 = ADVANCED_FACE('',(#6129),#6147,.F.);
#6129 = FACE_BOUND('',#6130,.T.);
#6130 = EDGE_LOOP('',(#6131,#6132,#6133,#6141));
#6131 = ORIENTED_EDGE('',*,*,#6108,.F.);
#6132 = ORIENTED_EDGE('',*,*,#5566,.T.);
#6133 = ORIENTED_EDGE('',*,*,#6134,.T.);
#6134 = EDGE_CURVE('',#5557,#6135,#6137,.T.);
#6135 = VERTEX_POINT('',#6136);
#6136 = CARTESIAN_POINT('',(0.16,-5.24,8.54));
#6137 = LINE('',#6138,#6139);
#6138 = CARTESIAN_POINT('',(0.16,-5.24,8.54));
#6139 = VECTOR('',#6140,1.);
#6140 = DIRECTION('',(-0.57735026919,0.57735026919,0.57735026919));
#6141 = ORIENTED_EDGE('',*,*,#6142,.F.);
#6142 = EDGE_CURVE('',#6109,#6135,#6143,.T.);
#6143 = LINE('',#6144,#6145);
#6144 = CARTESIAN_POINT('',(-0.32,-5.24,8.54));
#6145 = VECTOR('',#6146,1.);
#6146 = DIRECTION('',(1.,0.,0.));
#6147 = PLANE('',#6148);
#6148 = AXIS2_PLACEMENT_3D('',#6149,#6150,#6151);
#6149 = CARTESIAN_POINT('',(-0.32,-5.32,8.46));
#6150 = DIRECTION('',(-1.735167508357E-18,0.707106781187,-0.707106781187
    ));
#6151 = DIRECTION('',(-1.,-1.226948711654E-18,1.226948711654E-18));
#6152 = ADVANCED_FACE('',(#6153),#6164,.T.);
#6153 = FACE_BOUND('',#6154,.T.);
#6154 = EDGE_LOOP('',(#6155,#6156,#6157,#6158));
#6155 = ORIENTED_EDGE('',*,*,#6134,.F.);
#6156 = ORIENTED_EDGE('',*,*,#5583,.T.);
#6157 = ORIENTED_EDGE('',*,*,#6086,.T.);
#6158 = ORIENTED_EDGE('',*,*,#6159,.F.);
#6159 = EDGE_CURVE('',#6135,#6087,#6160,.T.);
#6160 = LINE('',#6161,#6162);
#6161 = CARTESIAN_POINT('',(0.16,-5.4,8.54));
#6162 = VECTOR('',#6163,1.);
#6163 = DIRECTION('',(0.,1.,0.));
#6164 = PLANE('',#6165);
#6165 = AXIS2_PLACEMENT_3D('',#6166,#6167,#6168);
#6166 = CARTESIAN_POINT('',(0.24,-5.4,8.46));
#6167 = DIRECTION('',(0.707106781187,-1.735167508357E-18,0.707106781187)
  );
#6168 = DIRECTION('',(1.226948711654E-18,1.,1.226948711654E-18));
#6169 = ADVANCED_FACE('',(#6170),#6176,.F.);
#6170 = FACE_BOUND('',#6171,.F.);
#6171 = EDGE_LOOP('',(#6172,#6173,#6174,#6175));
#6172 = ORIENTED_EDGE('',*,*,#5638,.F.);
#6173 = ORIENTED_EDGE('',*,*,#5662,.F.);
#6174 = ORIENTED_EDGE('',*,*,#5679,.T.);
#6175 = ORIENTED_EDGE('',*,*,#5614,.T.);
#6176 = PLANE('',#6177);
#6177 = AXIS2_PLACEMENT_3D('',#6178,#6179,#6180);
#6178 = CARTESIAN_POINT('',(-0.32,-0.32,-3.));
#6179 = DIRECTION('',(0.,0.,1.));
#6180 = DIRECTION('',(1.,0.,-0.));
#6181 = ADVANCED_FACE('',(#6182),#6188,.F.);
#6182 = FACE_BOUND('',#6183,.F.);
#6183 = EDGE_LOOP('',(#6184,#6185,#6186,#6187));
#6184 = ORIENTED_EDGE('',*,*,#5758,.F.);
#6185 = ORIENTED_EDGE('',*,*,#5775,.F.);
#6186 = ORIENTED_EDGE('',*,*,#5710,.T.);
#6187 = ORIENTED_EDGE('',*,*,#5734,.T.);
#6188 = PLANE('',#6189);
#6189 = AXIS2_PLACEMENT_3D('',#6190,#6191,#6192);
#6190 = CARTESIAN_POINT('',(-0.32,-2.86,-3.));
#6191 = DIRECTION('',(0.,0.,1.));
#6192 = DIRECTION('',(1.,0.,-0.));
#6193 = ADVANCED_FACE('',(#6194),#6200,.F.);
#6194 = FACE_BOUND('',#6195,.F.);
#6195 = EDGE_LOOP('',(#6196,#6197,#6198,#6199));
#6196 = ORIENTED_EDGE('',*,*,#5806,.F.);
#6197 = ORIENTED_EDGE('',*,*,#5830,.F.);
#6198 = ORIENTED_EDGE('',*,*,#5854,.T.);
#6199 = ORIENTED_EDGE('',*,*,#5871,.T.);
#6200 = PLANE('',#6201);
#6201 = AXIS2_PLACEMENT_3D('',#6202,#6203,#6204);
#6202 = CARTESIAN_POINT('',(-0.32,-5.4,-3.));
#6203 = DIRECTION('',(0.,0.,1.));
#6204 = DIRECTION('',(1.,0.,-0.));
#6205 = ADVANCED_FACE('',(#6206),#6212,.T.);
#6206 = FACE_BOUND('',#6207,.T.);
#6207 = EDGE_LOOP('',(#6208,#6209,#6210,#6211));
#6208 = ORIENTED_EDGE('',*,*,#5967,.T.);
#6209 = ORIENTED_EDGE('',*,*,#5902,.T.);
#6210 = ORIENTED_EDGE('',*,*,#5926,.F.);
#6211 = ORIENTED_EDGE('',*,*,#5950,.F.);
#6212 = PLANE('',#6213);
#6213 = AXIS2_PLACEMENT_3D('',#6214,#6215,#6216);
#6214 = CARTESIAN_POINT('',(-0.32,-0.32,8.54));
#6215 = DIRECTION('',(0.,0.,1.));
#6216 = DIRECTION('',(1.,0.,-0.));
#6217 = ADVANCED_FACE('',(#6218),#6224,.T.);
#6218 = FACE_BOUND('',#6219,.T.);
#6219 = EDGE_LOOP('',(#6220,#6221,#6222,#6223));
#6220 = ORIENTED_EDGE('',*,*,#5998,.T.);
#6221 = ORIENTED_EDGE('',*,*,#6022,.T.);
#6222 = ORIENTED_EDGE('',*,*,#6046,.F.);
#6223 = ORIENTED_EDGE('',*,*,#6063,.F.);
#6224 = PLANE('',#6225);
#6225 = AXIS2_PLACEMENT_3D('',#6226,#6227,#6228);
#6226 = CARTESIAN_POINT('',(-0.32,-2.86,8.54));
#6227 = DIRECTION('',(0.,0.,1.));
#6228 = DIRECTION('',(1.,0.,-0.));
#6229 = ADVANCED_FACE('',(#6230),#6236,.T.);
#6230 = FACE_BOUND('',#6231,.T.);
#6231 = EDGE_LOOP('',(#6232,#6233,#6234,#6235));
#6232 = ORIENTED_EDGE('',*,*,#6142,.T.);
#6233 = ORIENTED_EDGE('',*,*,#6159,.T.);
#6234 = ORIENTED_EDGE('',*,*,#6094,.F.);
#6235 = ORIENTED_EDGE('',*,*,#6118,.F.);
#6236 = PLANE('',#6237);
#6237 = AXIS2_PLACEMENT_3D('',#6238,#6239,#6240);
#6238 = CARTESIAN_POINT('',(-0.32,-5.4,8.54));
#6239 = DIRECTION('',(0.,0.,1.));
#6240 = DIRECTION('',(1.,0.,-0.));
#6241 = ( GEOMETRIC_REPRESENTATION_CONTEXT(3) 
GLOBAL_UNCERTAINTY_ASSIGNED_CONTEXT((#6245)) 
GLOBAL_UNIT_ASSIGNED_CONTEXT((#6242,#6243,#6244)) REPRESENTATION_CONTEXT
('Context #1','3D Context with UNIT and UNCERTAINTY') );
#6242 = ( LENGTH_UNIT() NAMED_UNIT(*) SI_UNIT(.MILLI.,.METRE.) );
#6243 = ( NAMED_UNIT(*) PLANE_ANGLE_UNIT() SI_UNIT($,.RADIAN.) );
#6244 = ( NAMED_UNIT(*) SI_UNIT($,.STERADIAN.) SOLID_ANGLE_UNIT() );
#6245 = UNCERTAINTY_MEASURE_WITH_UNIT(LENGTH_MEASURE(1.E-07),#6242,
  'distance_accuracy_value','confusion accuracy');
#6246 = CONTEXT_DEPENDENT_SHAPE_REPRESENTATION(#6247,#6249);
#6247 = ( REPRESENTATION_RELATIONSHIP('','',#4134,#10) 
REPRESENTATION_RELATIONSHIP_WITH_TRANSFORMATION(#6248) 
SHAPE_REPRESENTATION_RELATIONSHIP() );
#6248 = ITEM_DEFINED_TRANSFORMATION('','',#11,#51);
#6249 = PRODUCT_DEFINITION_SHAPE('Placement','Placement of an item',
  #6250);
#6250 = NEXT_ASSEMBLY_USAGE_OCCURRENCE('10','JP2','',#5,#4129,$);
#6251 = PRODUCT_RELATED_PRODUCT_CATEGORY('part',$,(#4131));
#6252 = SHAPE_DEFINITION_REPRESENTATION(#6253,#6259);
#6253 = PRODUCT_DEFINITION_SHAPE('','',#6254);
#6254 = PRODUCT_DEFINITION('design','',#6255,#6258);
#6255 = PRODUCT_DEFINITION_FORMATION('','',#6256);
#6256 = PRODUCT('JST_EH_B3B-EH-A_1x03_P2.50mm_Vertical',
  'JST_EH_B3B-EH-A_1x03_P2.50mm_Vertical','',(#6257));
#6257 = PRODUCT_CONTEXT('',#2,'mechanical');
#6258 = PRODUCT_DEFINITION_CONTEXT('part definition',#2,'design');
#6259 = ADVANCED_BREP_SHAPE_REPRESENTATION('',(#11,#6260),#9362);
#6260 = MANIFOLD_SOLID_BREP('',#6261);
#6261 = CLOSED_SHELL('',(#6262,#6430,#6461,#6485,#6543,#6567,#6591,#6615
    ,#6673,#6697,#6721,#6745,#6803,#6827,#6851,#6931,#6955,#7019,#7043,
    #7107,#7131,#7204,#7233,#7264,#7320,#7344,#7393,#7424,#7448,#7472,
    #7489,#7520,#7576,#7600,#7649,#7730,#7754,#7949,#7966,#7983,#8000,
    #8012,#8024,#8041,#8058,#8075,#8087,#8104,#8121,#8168,#8194,#8211,
    #8237,#8270,#8301,#8325,#8349,#8366,#8383,#8430,#8456,#8473,#8499,
    #8532,#8549,#8566,#8583,#8600,#8617,#8634,#8646,#8677,#8701,#8725,
    #8742,#8773,#8797,#8821,#8838,#8869,#8893,#8917,#8934,#8951,#8968,
    #8980,#8992,#9009,#9026,#9038,#9069,#9093,#9117,#9134,#9165,#9189,
    #9213,#9230,#9261,#9285,#9309,#9326,#9338,#9350));
#6262 = ADVANCED_FACE('',(#6263),#6425,.F.);
#6263 = FACE_BOUND('',#6264,.F.);
#6264 = EDGE_LOOP('',(#6265,#6275,#6283,#6291,#6299,#6307,#6315,#6323,
    #6331,#6339,#6347,#6355,#6363,#6371,#6379,#6387,#6395,#6403,#6411,
    #6419));
#6265 = ORIENTED_EDGE('',*,*,#6266,.F.);
#6266 = EDGE_CURVE('',#6267,#6269,#6271,.T.);
#6267 = VERTEX_POINT('',#6268);
#6268 = CARTESIAN_POINT('',(-2.5,-2.2,0.));
#6269 = VERTEX_POINT('',#6270);
#6270 = CARTESIAN_POINT('',(-0.75,-2.2,0.));
#6271 = LINE('',#6272,#6273);
#6272 = CARTESIAN_POINT('',(-2.5,-2.2,0.));
#6273 = VECTOR('',#6274,1.);
#6274 = DIRECTION('',(1.,0.,0.));
#6275 = ORIENTED_EDGE('',*,*,#6276,.T.);
#6276 = EDGE_CURVE('',#6267,#6277,#6279,.T.);
#6277 = VERTEX_POINT('',#6278);
#6278 = CARTESIAN_POINT('',(-2.5,-2.2,5.2));
#6279 = LINE('',#6280,#6281);
#6280 = CARTESIAN_POINT('',(-2.5,-2.2,0.));
#6281 = VECTOR('',#6282,1.);
#6282 = DIRECTION('',(0.,0.,1.));
#6283 = ORIENTED_EDGE('',*,*,#6284,.T.);
#6284 = EDGE_CURVE('',#6277,#6285,#6287,.T.);
#6285 = VERTEX_POINT('',#6286);
#6286 = CARTESIAN_POINT('',(-1.5,-2.2,5.2));
#6287 = LINE('',#6288,#6289);
#6288 = CARTESIAN_POINT('',(-2.5,-2.2,5.2));
#6289 = VECTOR('',#6290,1.);
#6290 = DIRECTION('',(1.,0.,0.));
#6291 = ORIENTED_EDGE('',*,*,#6292,.T.);
#6292 = EDGE_CURVE('',#6285,#6293,#6295,.T.);
#6293 = VERTEX_POINT('',#6294);
#6294 = CARTESIAN_POINT('',(-1.5,-2.2,1.1));
#6295 = LINE('',#6296,#6297);
#6296 = CARTESIAN_POINT('',(-1.5,-2.2,1.5));
#6297 = VECTOR('',#6298,1.);
#6298 = DIRECTION('',(0.,0.,-1.));
#6299 = ORIENTED_EDGE('',*,*,#6300,.T.);
#6300 = EDGE_CURVE('',#6293,#6301,#6303,.T.);
#6301 = VERTEX_POINT('',#6302);
#6302 = CARTESIAN_POINT('',(6.5,-2.2,1.1));
#6303 = LINE('',#6304,#6305);
#6304 = CARTESIAN_POINT('',(-1.5,-2.2,1.1));
#6305 = VECTOR('',#6306,1.);
#6306 = DIRECTION('',(1.,0.,0.));
#6307 = ORIENTED_EDGE('',*,*,#6308,.F.);
#6308 = EDGE_CURVE('',#6309,#6301,#6311,.T.);
#6309 = VERTEX_POINT('',#6310);
#6310 = CARTESIAN_POINT('',(6.5,-2.2,5.2));
#6311 = LINE('',#6312,#6313);
#6312 = CARTESIAN_POINT('',(6.5,-2.2,6.));
#6313 = VECTOR('',#6314,1.);
#6314 = DIRECTION('',(-0.,-0.,-1.));
#6315 = ORIENTED_EDGE('',*,*,#6316,.T.);
#6316 = EDGE_CURVE('',#6309,#6317,#6319,.T.);
#6317 = VERTEX_POINT('',#6318);
#6318 = CARTESIAN_POINT('',(7.5,-2.2,5.2));
#6319 = LINE('',#6320,#6321);
#6320 = CARTESIAN_POINT('',(-2.5,-2.2,5.2));
#6321 = VECTOR('',#6322,1.);
#6322 = DIRECTION('',(1.,0.,0.));
#6323 = ORIENTED_EDGE('',*,*,#6324,.F.);
#6324 = EDGE_CURVE('',#6325,#6317,#6327,.T.);
#6325 = VERTEX_POINT('',#6326);
#6326 = CARTESIAN_POINT('',(7.5,-2.2,0.));
#6327 = LINE('',#6328,#6329);
#6328 = CARTESIAN_POINT('',(7.5,-2.2,0.));
#6329 = VECTOR('',#6330,1.);
#6330 = DIRECTION('',(0.,0.,1.));
#6331 = ORIENTED_EDGE('',*,*,#6332,.F.);
#6332 = EDGE_CURVE('',#6333,#6325,#6335,.T.);
#6333 = VERTEX_POINT('',#6334);
#6334 = CARTESIAN_POINT('',(5.75,-2.2,0.));
#6335 = LINE('',#6336,#6337);
#6336 = CARTESIAN_POINT('',(-2.5,-2.2,0.));
#6337 = VECTOR('',#6338,1.);
#6338 = DIRECTION('',(1.,0.,0.));
#6339 = ORIENTED_EDGE('',*,*,#6340,.T.);
#6340 = EDGE_CURVE('',#6333,#6341,#6343,.T.);
#6341 = VERTEX_POINT('',#6342);
#6342 = CARTESIAN_POINT('',(5.75,-2.2,0.3));
#6343 = LINE('',#6344,#6345);
#6344 = CARTESIAN_POINT('',(5.75,-2.2,0.));
#6345 = VECTOR('',#6346,1.);
#6346 = DIRECTION('',(0.,0.,1.));
#6347 = ORIENTED_EDGE('',*,*,#6348,.F.);
#6348 = EDGE_CURVE('',#6349,#6341,#6351,.T.);
#6349 = VERTEX_POINT('',#6350);
#6350 = CARTESIAN_POINT('',(4.25,-2.2,0.3));
#6351 = LINE('',#6352,#6353);
#6352 = CARTESIAN_POINT('',(4.25,-2.2,0.3));
#6353 = VECTOR('',#6354,1.);
#6354 = DIRECTION('',(1.,0.,0.));
#6355 = ORIENTED_EDGE('',*,*,#6356,.F.);
#6356 = EDGE_CURVE('',#6357,#6349,#6359,.T.);
#6357 = VERTEX_POINT('',#6358);
#6358 = CARTESIAN_POINT('',(4.25,-2.2,0.));
#6359 = LINE('',#6360,#6361);
#6360 = CARTESIAN_POINT('',(4.25,-2.2,0.));
#6361 = VECTOR('',#6362,1.);
#6362 = DIRECTION('',(0.,0.,1.));
#6363 = ORIENTED_EDGE('',*,*,#6364,.F.);
#6364 = EDGE_CURVE('',#6365,#6357,#6367,.T.);
#6365 = VERTEX_POINT('',#6366);
#6366 = CARTESIAN_POINT('',(3.25,-2.2,0.));
#6367 = LINE('',#6368,#6369);
#6368 = CARTESIAN_POINT('',(-2.5,-2.2,0.));
#6369 = VECTOR('',#6370,1.);
#6370 = DIRECTION('',(1.,0.,0.));
#6371 = ORIENTED_EDGE('',*,*,#6372,.T.);
#6372 = EDGE_CURVE('',#6365,#6373,#6375,.T.);
#6373 = VERTEX_POINT('',#6374);
#6374 = CARTESIAN_POINT('',(3.25,-2.2,0.3));
#6375 = LINE('',#6376,#6377);
#6376 = CARTESIAN_POINT('',(3.25,-2.2,0.));
#6377 = VECTOR('',#6378,1.);
#6378 = DIRECTION('',(0.,0.,1.));
#6379 = ORIENTED_EDGE('',*,*,#6380,.F.);
#6380 = EDGE_CURVE('',#6381,#6373,#6383,.T.);
#6381 = VERTEX_POINT('',#6382);
#6382 = CARTESIAN_POINT('',(1.75,-2.2,0.3));
#6383 = LINE('',#6384,#6385);
#6384 = CARTESIAN_POINT('',(1.75,-2.2,0.3));
#6385 = VECTOR('',#6386,1.);
#6386 = DIRECTION('',(1.,0.,0.));
#6387 = ORIENTED_EDGE('',*,*,#6388,.F.);
#6388 = EDGE_CURVE('',#6389,#6381,#6391,.T.);
#6389 = VERTEX_POINT('',#6390);
#6390 = CARTESIAN_POINT('',(1.75,-2.2,0.));
#6391 = LINE('',#6392,#6393);
#6392 = CARTESIAN_POINT('',(1.75,-2.2,0.));
#6393 = VECTOR('',#6394,1.);
#6394 = DIRECTION('',(0.,0.,1.));
#6395 = ORIENTED_EDGE('',*,*,#6396,.F.);
#6396 = EDGE_CURVE('',#6397,#6389,#6399,.T.);
#6397 = VERTEX_POINT('',#6398);
#6398 = CARTESIAN_POINT('',(0.75,-2.2,0.));
#6399 = LINE('',#6400,#6401);
#6400 = CARTESIAN_POINT('',(-2.5,-2.2,0.));
#6401 = VECTOR('',#6402,1.);
#6402 = DIRECTION('',(1.,0.,0.));
#6403 = ORIENTED_EDGE('',*,*,#6404,.T.);
#6404 = EDGE_CURVE('',#6397,#6405,#6407,.T.);
#6405 = VERTEX_POINT('',#6406);
#6406 = CARTESIAN_POINT('',(0.75,-2.2,0.3));
#6407 = LINE('',#6408,#6409);
#6408 = CARTESIAN_POINT('',(0.75,-2.2,0.));
#6409 = VECTOR('',#6410,1.);
#6410 = DIRECTION('',(0.,0.,1.));
#6411 = ORIENTED_EDGE('',*,*,#6412,.F.);
#6412 = EDGE_CURVE('',#6413,#6405,#6415,.T.);
#6413 = VERTEX_POINT('',#6414);
#6414 = CARTESIAN_POINT('',(-0.75,-2.2,0.3));
#6415 = LINE('',#6416,#6417);
#6416 = CARTESIAN_POINT('',(-0.75,-2.2,0.3));
#6417 = VECTOR('',#6418,1.);
#6418 = DIRECTION('',(1.,0.,0.));
#6419 = ORIENTED_EDGE('',*,*,#6420,.F.);
#6420 = EDGE_CURVE('',#6269,#6413,#6421,.T.);
#6421 = LINE('',#6422,#6423);
#6422 = CARTESIAN_POINT('',(-0.75,-2.2,0.));
#6423 = VECTOR('',#6424,1.);
#6424 = DIRECTION('',(0.,0.,1.));
#6425 = PLANE('',#6426);
#6426 = AXIS2_PLACEMENT_3D('',#6427,#6428,#6429);
#6427 = CARTESIAN_POINT('',(-2.5,-2.2,0.));
#6428 = DIRECTION('',(0.,1.,0.));
#6429 = DIRECTION('',(1.,0.,0.));
#6430 = ADVANCED_FACE('',(#6431),#6456,.F.);
#6431 = FACE_BOUND('',#6432,.F.);
#6432 = EDGE_LOOP('',(#6433,#6441,#6442,#6450));
#6433 = ORIENTED_EDGE('',*,*,#6434,.T.);
#6434 = EDGE_CURVE('',#6435,#6267,#6437,.T.);
#6435 = VERTEX_POINT('',#6436);
#6436 = CARTESIAN_POINT('',(-2.5,1.6,0.));
#6437 = LINE('',#6438,#6439);
#6438 = CARTESIAN_POINT('',(-2.5,1.6,0.));
#6439 = VECTOR('',#6440,1.);
#6440 = DIRECTION('',(0.,-1.,0.));
#6441 = ORIENTED_EDGE('',*,*,#6266,.T.);
#6442 = ORIENTED_EDGE('',*,*,#6443,.F.);
#6443 = EDGE_CURVE('',#6444,#6269,#6446,.T.);
#6444 = VERTEX_POINT('',#6445);
#6445 = CARTESIAN_POINT('',(-0.75,1.6,0.));
#6446 = LINE('',#6447,#6448);
#6447 = CARTESIAN_POINT('',(-0.75,1.6,0.));
#6448 = VECTOR('',#6449,1.);
#6449 = DIRECTION('',(0.,-1.,0.));
#6450 = ORIENTED_EDGE('',*,*,#6451,.T.);
#6451 = EDGE_CURVE('',#6444,#6435,#6452,.T.);
#6452 = LINE('',#6453,#6454);
#6453 = CARTESIAN_POINT('',(7.5,1.6,0.));
#6454 = VECTOR('',#6455,1.);
#6455 = DIRECTION('',(-1.,0.,0.));
#6456 = PLANE('',#6457);
#6457 = AXIS2_PLACEMENT_3D('',#6458,#6459,#6460);
#6458 = CARTESIAN_POINT('',(2.5,-0.3,0.));
#6459 = DIRECTION('',(0.,0.,1.));
#6460 = DIRECTION('',(1.,0.,-0.));
#6461 = ADVANCED_FACE('',(#6462),#6480,.F.);
#6462 = FACE_BOUND('',#6463,.F.);
#6463 = EDGE_LOOP('',(#6464,#6465,#6473,#6479));
#6464 = ORIENTED_EDGE('',*,*,#6420,.T.);
#6465 = ORIENTED_EDGE('',*,*,#6466,.T.);
#6466 = EDGE_CURVE('',#6413,#6467,#6469,.T.);
#6467 = VERTEX_POINT('',#6468);
#6468 = CARTESIAN_POINT('',(-0.75,1.6,0.3));
#6469 = LINE('',#6470,#6471);
#6470 = CARTESIAN_POINT('',(-0.75,-2.2,0.3));
#6471 = VECTOR('',#6472,1.);
#6472 = DIRECTION('',(0.,1.,0.));
#6473 = ORIENTED_EDGE('',*,*,#6474,.T.);
#6474 = EDGE_CURVE('',#6467,#6444,#6475,.T.);
#6475 = LINE('',#6476,#6477);
#6476 = CARTESIAN_POINT('',(-0.75,1.6,0.3));
#6477 = VECTOR('',#6478,1.);
#6478 = DIRECTION('',(0.,0.,-1.));
#6479 = ORIENTED_EDGE('',*,*,#6443,.T.);
#6480 = PLANE('',#6481);
#6481 = AXIS2_PLACEMENT_3D('',#6482,#6483,#6484);
#6482 = CARTESIAN_POINT('',(-0.75,-0.3,0.15));
#6483 = DIRECTION('',(-1.,-0.,-1.269339193699E-31));
#6484 = DIRECTION('',(1.269339193699E-31,0.,-1.));
#6485 = ADVANCED_FACE('',(#6486,#6504),#6538,.F.);
#6486 = FACE_BOUND('',#6487,.F.);
#6487 = EDGE_LOOP('',(#6488,#6489,#6497,#6503));
#6488 = ORIENTED_EDGE('',*,*,#6412,.T.);
#6489 = ORIENTED_EDGE('',*,*,#6490,.T.);
#6490 = EDGE_CURVE('',#6405,#6491,#6493,.T.);
#6491 = VERTEX_POINT('',#6492);
#6492 = CARTESIAN_POINT('',(0.75,1.6,0.3));
#6493 = LINE('',#6494,#6495);
#6494 = CARTESIAN_POINT('',(0.75,0.5,0.3));
#6495 = VECTOR('',#6496,1.);
#6496 = DIRECTION('',(0.,1.,0.));
#6497 = ORIENTED_EDGE('',*,*,#6498,.F.);
#6498 = EDGE_CURVE('',#6467,#6491,#6499,.T.);
#6499 = LINE('',#6500,#6501);
#6500 = CARTESIAN_POINT('',(-0.75,1.6,0.3));
#6501 = VECTOR('',#6502,1.);
#6502 = DIRECTION('',(1.,0.,0.));
#6503 = ORIENTED_EDGE('',*,*,#6466,.F.);
#6504 = FACE_BOUND('',#6505,.F.);
#6505 = EDGE_LOOP('',(#6506,#6516,#6524,#6532));
#6506 = ORIENTED_EDGE('',*,*,#6507,.T.);
#6507 = EDGE_CURVE('',#6508,#6510,#6512,.T.);
#6508 = VERTEX_POINT('',#6509);
#6509 = CARTESIAN_POINT('',(0.32,-0.32,0.3));
#6510 = VERTEX_POINT('',#6511);
#6511 = CARTESIAN_POINT('',(-0.32,-0.32,0.3));
#6512 = LINE('',#6513,#6514);
#6513 = CARTESIAN_POINT('',(-0.16,-0.32,0.3));
#6514 = VECTOR('',#6515,1.);
#6515 = DIRECTION('',(-1.,0.,0.));
#6516 = ORIENTED_EDGE('',*,*,#6517,.T.);
#6517 = EDGE_CURVE('',#6510,#6518,#6520,.T.);
#6518 = VERTEX_POINT('',#6519);
#6519 = CARTESIAN_POINT('',(-0.32,0.32,0.3));
#6520 = LINE('',#6521,#6522);
#6521 = CARTESIAN_POINT('',(-0.32,-0.171537434396,0.3));
#6522 = VECTOR('',#6523,1.);
#6523 = DIRECTION('',(0.,1.,0.));
#6524 = ORIENTED_EDGE('',*,*,#6525,.T.);
#6525 = EDGE_CURVE('',#6518,#6526,#6528,.T.);
#6526 = VERTEX_POINT('',#6527);
#6527 = CARTESIAN_POINT('',(0.32,0.32,0.3));
#6528 = LINE('',#6529,#6530);
#6529 = CARTESIAN_POINT('',(-0.16,0.32,0.3));
#6530 = VECTOR('',#6531,1.);
#6531 = DIRECTION('',(1.,0.,0.));
#6532 = ORIENTED_EDGE('',*,*,#6533,.F.);
#6533 = EDGE_CURVE('',#6508,#6526,#6534,.T.);
#6534 = LINE('',#6535,#6536);
#6535 = CARTESIAN_POINT('',(0.32,-0.171537434396,0.3));
#6536 = VECTOR('',#6537,1.);
#6537 = DIRECTION('',(0.,1.,0.));
#6538 = PLANE('',#6539);
#6539 = AXIS2_PLACEMENT_3D('',#6540,#6541,#6542);
#6540 = CARTESIAN_POINT('',(0.,-0.3,0.3));
#6541 = DIRECTION('',(0.,0.,1.));
#6542 = DIRECTION('',(1.,0.,-0.));
#6543 = ADVANCED_FACE('',(#6544),#6562,.T.);
#6544 = FACE_BOUND('',#6545,.T.);
#6545 = EDGE_LOOP('',(#6546,#6547,#6548,#6556));
#6546 = ORIENTED_EDGE('',*,*,#6404,.T.);
#6547 = ORIENTED_EDGE('',*,*,#6490,.T.);
#6548 = ORIENTED_EDGE('',*,*,#6549,.T.);
#6549 = EDGE_CURVE('',#6491,#6550,#6552,.T.);
#6550 = VERTEX_POINT('',#6551);
#6551 = CARTESIAN_POINT('',(0.75,1.6,0.));
#6552 = LINE('',#6553,#6554);
#6553 = CARTESIAN_POINT('',(0.75,1.6,0.3));
#6554 = VECTOR('',#6555,1.);
#6555 = DIRECTION('',(0.,0.,-1.));
#6556 = ORIENTED_EDGE('',*,*,#6557,.T.);
#6557 = EDGE_CURVE('',#6550,#6397,#6558,.T.);
#6558 = LINE('',#6559,#6560);
#6559 = CARTESIAN_POINT('',(0.75,1.6,0.));
#6560 = VECTOR('',#6561,1.);
#6561 = DIRECTION('',(0.,-1.,0.));
#6562 = PLANE('',#6563);
#6563 = AXIS2_PLACEMENT_3D('',#6564,#6565,#6566);
#6564 = CARTESIAN_POINT('',(0.75,-0.3,0.15));
#6565 = DIRECTION('',(-1.,-0.,-1.269339193699E-31));
#6566 = DIRECTION('',(1.269339193699E-31,0.,-1.));
#6567 = ADVANCED_FACE('',(#6568),#6586,.F.);
#6568 = FACE_BOUND('',#6569,.F.);
#6569 = EDGE_LOOP('',(#6570,#6578,#6579,#6580));
#6570 = ORIENTED_EDGE('',*,*,#6571,.T.);
#6571 = EDGE_CURVE('',#6572,#6550,#6574,.T.);
#6572 = VERTEX_POINT('',#6573);
#6573 = CARTESIAN_POINT('',(1.75,1.6,0.));
#6574 = LINE('',#6575,#6576);
#6575 = CARTESIAN_POINT('',(7.5,1.6,0.));
#6576 = VECTOR('',#6577,1.);
#6577 = DIRECTION('',(-1.,0.,0.));
#6578 = ORIENTED_EDGE('',*,*,#6557,.T.);
#6579 = ORIENTED_EDGE('',*,*,#6396,.T.);
#6580 = ORIENTED_EDGE('',*,*,#6581,.F.);
#6581 = EDGE_CURVE('',#6572,#6389,#6582,.T.);
#6582 = LINE('',#6583,#6584);
#6583 = CARTESIAN_POINT('',(1.75,1.6,0.));
#6584 = VECTOR('',#6585,1.);
#6585 = DIRECTION('',(0.,-1.,0.));
#6586 = PLANE('',#6587);
#6587 = AXIS2_PLACEMENT_3D('',#6588,#6589,#6590);
#6588 = CARTESIAN_POINT('',(2.5,-0.3,0.));
#6589 = DIRECTION('',(0.,0.,1.));
#6590 = DIRECTION('',(1.,0.,-0.));
#6591 = ADVANCED_FACE('',(#6592),#6610,.F.);
#6592 = FACE_BOUND('',#6593,.F.);
#6593 = EDGE_LOOP('',(#6594,#6595,#6603,#6609));
#6594 = ORIENTED_EDGE('',*,*,#6388,.T.);
#6595 = ORIENTED_EDGE('',*,*,#6596,.T.);
#6596 = EDGE_CURVE('',#6381,#6597,#6599,.T.);
#6597 = VERTEX_POINT('',#6598);
#6598 = CARTESIAN_POINT('',(1.75,1.6,0.3));
#6599 = LINE('',#6600,#6601);
#6600 = CARTESIAN_POINT('',(1.75,-2.2,0.3));
#6601 = VECTOR('',#6602,1.);
#6602 = DIRECTION('',(0.,1.,0.));
#6603 = ORIENTED_EDGE('',*,*,#6604,.T.);
#6604 = EDGE_CURVE('',#6597,#6572,#6605,.T.);
#6605 = LINE('',#6606,#6607);
#6606 = CARTESIAN_POINT('',(1.75,1.6,0.3));
#6607 = VECTOR('',#6608,1.);
#6608 = DIRECTION('',(0.,0.,-1.));
#6609 = ORIENTED_EDGE('',*,*,#6581,.T.);
#6610 = PLANE('',#6611);
#6611 = AXIS2_PLACEMENT_3D('',#6612,#6613,#6614);
#6612 = CARTESIAN_POINT('',(1.75,-0.3,0.15));
#6613 = DIRECTION('',(-1.,-0.,-1.269339193699E-31));
#6614 = DIRECTION('',(1.269339193699E-31,0.,-1.));
#6615 = ADVANCED_FACE('',(#6616,#6634),#6668,.F.);
#6616 = FACE_BOUND('',#6617,.F.);
#6617 = EDGE_LOOP('',(#6618,#6619,#6627,#6633));
#6618 = ORIENTED_EDGE('',*,*,#6380,.T.);
#6619 = ORIENTED_EDGE('',*,*,#6620,.T.);
#6620 = EDGE_CURVE('',#6373,#6621,#6623,.T.);
#6621 = VERTEX_POINT('',#6622);
#6622 = CARTESIAN_POINT('',(3.25,1.6,0.3));
#6623 = LINE('',#6624,#6625);
#6624 = CARTESIAN_POINT('',(3.25,0.5,0.3));
#6625 = VECTOR('',#6626,1.);
#6626 = DIRECTION('',(0.,1.,0.));
#6627 = ORIENTED_EDGE('',*,*,#6628,.F.);
#6628 = EDGE_CURVE('',#6597,#6621,#6629,.T.);
#6629 = LINE('',#6630,#6631);
#6630 = CARTESIAN_POINT('',(1.75,1.6,0.3));
#6631 = VECTOR('',#6632,1.);
#6632 = DIRECTION('',(1.,0.,0.));
#6633 = ORIENTED_EDGE('',*,*,#6596,.F.);
#6634 = FACE_BOUND('',#6635,.F.);
#6635 = EDGE_LOOP('',(#6636,#6646,#6654,#6662));
#6636 = ORIENTED_EDGE('',*,*,#6637,.F.);
#6637 = EDGE_CURVE('',#6638,#6640,#6642,.T.);
#6638 = VERTEX_POINT('',#6639);
#6639 = CARTESIAN_POINT('',(2.82,-0.32,0.3));
#6640 = VERTEX_POINT('',#6641);
#6641 = CARTESIAN_POINT('',(2.82,0.32,0.3));
#6642 = LINE('',#6643,#6644);
#6643 = CARTESIAN_POINT('',(2.82,-0.15,0.3));
#6644 = VECTOR('',#6645,1.);
#6645 = DIRECTION('',(0.,1.,0.));
#6646 = ORIENTED_EDGE('',*,*,#6647,.T.);
#6647 = EDGE_CURVE('',#6638,#6648,#6650,.T.);
#6648 = VERTEX_POINT('',#6649);
#6649 = CARTESIAN_POINT('',(2.18,-0.32,0.3));
#6650 = LINE('',#6651,#6652);
#6651 = CARTESIAN_POINT('',(2.34,-0.32,0.3));
#6652 = VECTOR('',#6653,1.);
#6653 = DIRECTION('',(-1.,0.,0.));
#6654 = ORIENTED_EDGE('',*,*,#6655,.T.);
#6655 = EDGE_CURVE('',#6648,#6656,#6658,.T.);
#6656 = VERTEX_POINT('',#6657);
#6657 = CARTESIAN_POINT('',(2.18,0.32,0.3));
#6658 = LINE('',#6659,#6660);
#6659 = CARTESIAN_POINT('',(2.18,-0.15,0.3));
#6660 = VECTOR('',#6661,1.);
#6661 = DIRECTION('',(0.,1.,0.));
#6662 = ORIENTED_EDGE('',*,*,#6663,.T.);
#6663 = EDGE_CURVE('',#6656,#6640,#6664,.T.);
#6664 = LINE('',#6665,#6666);
#6665 = CARTESIAN_POINT('',(2.34,0.32,0.3));
#6666 = VECTOR('',#6667,1.);
#6667 = DIRECTION('',(1.,0.,0.));
#6668 = PLANE('',#6669);
#6669 = AXIS2_PLACEMENT_3D('',#6670,#6671,#6672);
#6670 = CARTESIAN_POINT('',(2.5,-0.3,0.3));
#6671 = DIRECTION('',(0.,0.,1.));
#6672 = DIRECTION('',(1.,0.,-0.));
#6673 = ADVANCED_FACE('',(#6674),#6692,.T.);
#6674 = FACE_BOUND('',#6675,.T.);
#6675 = EDGE_LOOP('',(#6676,#6677,#6678,#6686));
#6676 = ORIENTED_EDGE('',*,*,#6372,.T.);
#6677 = ORIENTED_EDGE('',*,*,#6620,.T.);
#6678 = ORIENTED_EDGE('',*,*,#6679,.T.);
#6679 = EDGE_CURVE('',#6621,#6680,#6682,.T.);
#6680 = VERTEX_POINT('',#6681);
#6681 = CARTESIAN_POINT('',(3.25,1.6,0.));
#6682 = LINE('',#6683,#6684);
#6683 = CARTESIAN_POINT('',(3.25,1.6,0.3));
#6684 = VECTOR('',#6685,1.);
#6685 = DIRECTION('',(0.,0.,-1.));
#6686 = ORIENTED_EDGE('',*,*,#6687,.T.);
#6687 = EDGE_CURVE('',#6680,#6365,#6688,.T.);
#6688 = LINE('',#6689,#6690);
#6689 = CARTESIAN_POINT('',(3.25,1.6,0.));
#6690 = VECTOR('',#6691,1.);
#6691 = DIRECTION('',(0.,-1.,0.));
#6692 = PLANE('',#6693);
#6693 = AXIS2_PLACEMENT_3D('',#6694,#6695,#6696);
#6694 = CARTESIAN_POINT('',(3.25,-0.3,0.15));
#6695 = DIRECTION('',(-1.,-0.,-1.269339193699E-31));
#6696 = DIRECTION('',(1.269339193699E-31,0.,-1.));
#6697 = ADVANCED_FACE('',(#6698),#6716,.F.);
#6698 = FACE_BOUND('',#6699,.F.);
#6699 = EDGE_LOOP('',(#6700,#6708,#6714,#6715));
#6700 = ORIENTED_EDGE('',*,*,#6701,.F.);
#6701 = EDGE_CURVE('',#6702,#6357,#6704,.T.);
#6702 = VERTEX_POINT('',#6703);
#6703 = CARTESIAN_POINT('',(4.25,1.6,0.));
#6704 = LINE('',#6705,#6706);
#6705 = CARTESIAN_POINT('',(4.25,1.6,0.));
#6706 = VECTOR('',#6707,1.);
#6707 = DIRECTION('',(0.,-1.,0.));
#6708 = ORIENTED_EDGE('',*,*,#6709,.T.);
#6709 = EDGE_CURVE('',#6702,#6680,#6710,.T.);
#6710 = LINE('',#6711,#6712);
#6711 = CARTESIAN_POINT('',(7.5,1.6,0.));
#6712 = VECTOR('',#6713,1.);
#6713 = DIRECTION('',(-1.,0.,0.));
#6714 = ORIENTED_EDGE('',*,*,#6687,.T.);
#6715 = ORIENTED_EDGE('',*,*,#6364,.T.);
#6716 = PLANE('',#6717);
#6717 = AXIS2_PLACEMENT_3D('',#6718,#6719,#6720);
#6718 = CARTESIAN_POINT('',(2.5,-0.3,0.));
#6719 = DIRECTION('',(0.,0.,1.));
#6720 = DIRECTION('',(1.,0.,-0.));
#6721 = ADVANCED_FACE('',(#6722),#6740,.F.);
#6722 = FACE_BOUND('',#6723,.F.);
#6723 = EDGE_LOOP('',(#6724,#6725,#6733,#6739));
#6724 = ORIENTED_EDGE('',*,*,#6356,.T.);
#6725 = ORIENTED_EDGE('',*,*,#6726,.T.);
#6726 = EDGE_CURVE('',#6349,#6727,#6729,.T.);
#6727 = VERTEX_POINT('',#6728);
#6728 = CARTESIAN_POINT('',(4.25,1.6,0.3));
#6729 = LINE('',#6730,#6731);
#6730 = CARTESIAN_POINT('',(4.25,-2.2,0.3));
#6731 = VECTOR('',#6732,1.);
#6732 = DIRECTION('',(0.,1.,0.));
#6733 = ORIENTED_EDGE('',*,*,#6734,.T.);
#6734 = EDGE_CURVE('',#6727,#6702,#6735,.T.);
#6735 = LINE('',#6736,#6737);
#6736 = CARTESIAN_POINT('',(4.25,1.6,0.3));
#6737 = VECTOR('',#6738,1.);
#6738 = DIRECTION('',(0.,0.,-1.));
#6739 = ORIENTED_EDGE('',*,*,#6701,.T.);
#6740 = PLANE('',#6741);
#6741 = AXIS2_PLACEMENT_3D('',#6742,#6743,#6744);
#6742 = CARTESIAN_POINT('',(4.25,-0.3,0.15));
#6743 = DIRECTION('',(-1.,-0.,-1.269339193699E-31));
#6744 = DIRECTION('',(1.269339193699E-31,0.,-1.));
#6745 = ADVANCED_FACE('',(#6746,#6764),#6798,.F.);
#6746 = FACE_BOUND('',#6747,.F.);
#6747 = EDGE_LOOP('',(#6748,#6749,#6757,#6763));
#6748 = ORIENTED_EDGE('',*,*,#6348,.T.);
#6749 = ORIENTED_EDGE('',*,*,#6750,.T.);
#6750 = EDGE_CURVE('',#6341,#6751,#6753,.T.);
#6751 = VERTEX_POINT('',#6752);
#6752 = CARTESIAN_POINT('',(5.75,1.6,0.3));
#6753 = LINE('',#6754,#6755);
#6754 = CARTESIAN_POINT('',(5.75,0.5,0.3));
#6755 = VECTOR('',#6756,1.);
#6756 = DIRECTION('',(0.,1.,0.));
#6757 = ORIENTED_EDGE('',*,*,#6758,.F.);
#6758 = EDGE_CURVE('',#6727,#6751,#6759,.T.);
#6759 = LINE('',#6760,#6761);
#6760 = CARTESIAN_POINT('',(4.25,1.6,0.3));
#6761 = VECTOR('',#6762,1.);
#6762 = DIRECTION('',(1.,0.,0.));
#6763 = ORIENTED_EDGE('',*,*,#6726,.F.);
#6764 = FACE_BOUND('',#6765,.F.);
#6765 = EDGE_LOOP('',(#6766,#6776,#6784,#6792));
#6766 = ORIENTED_EDGE('',*,*,#6767,.T.);
#6767 = EDGE_CURVE('',#6768,#6770,#6772,.T.);
#6768 = VERTEX_POINT('',#6769);
#6769 = CARTESIAN_POINT('',(5.32,-0.32,0.3));
#6770 = VERTEX_POINT('',#6771);
#6771 = CARTESIAN_POINT('',(4.68,-0.32,0.3));
#6772 = LINE('',#6773,#6774);
#6773 = CARTESIAN_POINT('',(4.84,-0.32,0.3));
#6774 = VECTOR('',#6775,1.);
#6775 = DIRECTION('',(-1.,0.,0.));
#6776 = ORIENTED_EDGE('',*,*,#6777,.T.);
#6777 = EDGE_CURVE('',#6770,#6778,#6780,.T.);
#6778 = VERTEX_POINT('',#6779);
#6779 = CARTESIAN_POINT('',(4.68,0.32,0.3));
#6780 = LINE('',#6781,#6782);
#6781 = CARTESIAN_POINT('',(4.68,-0.171537434396,0.3));
#6782 = VECTOR('',#6783,1.);
#6783 = DIRECTION('',(0.,1.,0.));
#6784 = ORIENTED_EDGE('',*,*,#6785,.T.);
#6785 = EDGE_CURVE('',#6778,#6786,#6788,.T.);
#6786 = VERTEX_POINT('',#6787);
#6787 = CARTESIAN_POINT('',(5.32,0.32,0.3));
#6788 = LINE('',#6789,#6790);
#6789 = CARTESIAN_POINT('',(4.84,0.32,0.3));
#6790 = VECTOR('',#6791,1.);
#6791 = DIRECTION('',(1.,0.,0.));
#6792 = ORIENTED_EDGE('',*,*,#6793,.F.);
#6793 = EDGE_CURVE('',#6768,#6786,#6794,.T.);
#6794 = LINE('',#6795,#6796);
#6795 = CARTESIAN_POINT('',(5.32,-0.171537434396,0.3));
#6796 = VECTOR('',#6797,1.);
#6797 = DIRECTION('',(0.,1.,0.));
#6798 = PLANE('',#6799);
#6799 = AXIS2_PLACEMENT_3D('',#6800,#6801,#6802);
#6800 = CARTESIAN_POINT('',(5.,-0.3,0.3));
#6801 = DIRECTION('',(0.,0.,1.));
#6802 = DIRECTION('',(1.,0.,-0.));
#6803 = ADVANCED_FACE('',(#6804),#6822,.T.);
#6804 = FACE_BOUND('',#6805,.T.);
#6805 = EDGE_LOOP('',(#6806,#6807,#6808,#6816));
#6806 = ORIENTED_EDGE('',*,*,#6340,.T.);
#6807 = ORIENTED_EDGE('',*,*,#6750,.T.);
#6808 = ORIENTED_EDGE('',*,*,#6809,.T.);
#6809 = EDGE_CURVE('',#6751,#6810,#6812,.T.);
#6810 = VERTEX_POINT('',#6811);
#6811 = CARTESIAN_POINT('',(5.75,1.6,0.));
#6812 = LINE('',#6813,#6814);
#6813 = CARTESIAN_POINT('',(5.75,1.6,0.3));
#6814 = VECTOR('',#6815,1.);
#6815 = DIRECTION('',(0.,0.,-1.));
#6816 = ORIENTED_EDGE('',*,*,#6817,.T.);
#6817 = EDGE_CURVE('',#6810,#6333,#6818,.T.);
#6818 = LINE('',#6819,#6820);
#6819 = CARTESIAN_POINT('',(5.75,1.6,0.));
#6820 = VECTOR('',#6821,1.);
#6821 = DIRECTION('',(0.,-1.,0.));
#6822 = PLANE('',#6823);
#6823 = AXIS2_PLACEMENT_3D('',#6824,#6825,#6826);
#6824 = CARTESIAN_POINT('',(5.75,-0.3,0.15));
#6825 = DIRECTION('',(-1.,-0.,-1.269339193699E-31));
#6826 = DIRECTION('',(1.269339193699E-31,0.,-1.));
#6827 = ADVANCED_FACE('',(#6828),#6846,.F.);
#6828 = FACE_BOUND('',#6829,.F.);
#6829 = EDGE_LOOP('',(#6830,#6838,#6844,#6845));
#6830 = ORIENTED_EDGE('',*,*,#6831,.T.);
#6831 = EDGE_CURVE('',#6325,#6832,#6834,.T.);
#6832 = VERTEX_POINT('',#6833);
#6833 = CARTESIAN_POINT('',(7.5,1.6,0.));
#6834 = LINE('',#6835,#6836);
#6835 = CARTESIAN_POINT('',(7.5,-2.2,0.));
#6836 = VECTOR('',#6837,1.);
#6837 = DIRECTION('',(0.,1.,0.));
#6838 = ORIENTED_EDGE('',*,*,#6839,.T.);
#6839 = EDGE_CURVE('',#6832,#6810,#6840,.T.);
#6840 = LINE('',#6841,#6842);
#6841 = CARTESIAN_POINT('',(7.5,1.6,0.));
#6842 = VECTOR('',#6843,1.);
#6843 = DIRECTION('',(-1.,0.,0.));
#6844 = ORIENTED_EDGE('',*,*,#6817,.T.);
#6845 = ORIENTED_EDGE('',*,*,#6332,.T.);
#6846 = PLANE('',#6847);
#6847 = AXIS2_PLACEMENT_3D('',#6848,#6849,#6850);
#6848 = CARTESIAN_POINT('',(2.5,-0.3,0.));
#6849 = DIRECTION('',(0.,0.,1.));
#6850 = DIRECTION('',(1.,0.,-0.));
#6851 = ADVANCED_FACE('',(#6852),#6926,.F.);
#6852 = FACE_BOUND('',#6853,.F.);
#6853 = EDGE_LOOP('',(#6854,#6855,#6856,#6864,#6872,#6880,#6888,#6896,
    #6904,#6912,#6920));
#6854 = ORIENTED_EDGE('',*,*,#6831,.F.);
#6855 = ORIENTED_EDGE('',*,*,#6324,.T.);
#6856 = ORIENTED_EDGE('',*,*,#6857,.F.);
#6857 = EDGE_CURVE('',#6858,#6317,#6860,.T.);
#6858 = VERTEX_POINT('',#6859);
#6859 = CARTESIAN_POINT('',(7.5,-1.2,5.2));
#6860 = LINE('',#6861,#6862);
#6861 = CARTESIAN_POINT('',(7.5,-1.2,5.2));
#6862 = VECTOR('',#6863,1.);
#6863 = DIRECTION('',(0.,-1.,0.));
#6864 = ORIENTED_EDGE('',*,*,#6865,.F.);
#6865 = EDGE_CURVE('',#6866,#6858,#6868,.T.);
#6866 = VERTEX_POINT('',#6867);
#6867 = CARTESIAN_POINT('',(7.5,-0.6,4.5));
#6868 = LINE('',#6869,#6870);
#6869 = CARTESIAN_POINT('',(7.5,-0.6,4.5));
#6870 = VECTOR('',#6871,1.);
#6871 = DIRECTION('',(0.,-0.650791373456,0.759256602365));
#6872 = ORIENTED_EDGE('',*,*,#6873,.F.);
#6873 = EDGE_CURVE('',#6874,#6866,#6876,.T.);
#6874 = VERTEX_POINT('',#6875);
#6875 = CARTESIAN_POINT('',(7.5,-0.6,4.3));
#6876 = LINE('',#6877,#6878);
#6877 = CARTESIAN_POINT('',(7.5,-0.6,4.3));
#6878 = VECTOR('',#6879,1.);
#6879 = DIRECTION('',(0.,0.,1.));
#6880 = ORIENTED_EDGE('',*,*,#6881,.F.);
#6881 = EDGE_CURVE('',#6882,#6874,#6884,.T.);
#6882 = VERTEX_POINT('',#6883);
#6883 = CARTESIAN_POINT('',(7.5,-0.9,4.1));
#6884 = LINE('',#6885,#6886);
#6885 = CARTESIAN_POINT('',(7.5,-0.9,4.1));
#6886 = VECTOR('',#6887,1.);
#6887 = DIRECTION('',(0.,0.832050294338,0.554700196225));
#6888 = ORIENTED_EDGE('',*,*,#6889,.F.);
#6889 = EDGE_CURVE('',#6890,#6882,#6892,.T.);
#6890 = VERTEX_POINT('',#6891);
#6891 = CARTESIAN_POINT('',(7.5,-0.6,1.5));
#6892 = LINE('',#6893,#6894);
#6893 = CARTESIAN_POINT('',(7.5,-0.6,1.5));
#6894 = VECTOR('',#6895,1.);
#6895 = DIRECTION('',(0.,-0.114624107985,0.993408935871));
#6896 = ORIENTED_EDGE('',*,*,#6897,.F.);
#6897 = EDGE_CURVE('',#6898,#6890,#6900,.T.);
#6898 = VERTEX_POINT('',#6899);
#6899 = CARTESIAN_POINT('',(7.5,-0.2,1.5));
#6900 = LINE('',#6901,#6902);
#6901 = CARTESIAN_POINT('',(7.5,-0.2,1.5));
#6902 = VECTOR('',#6903,1.);
#6903 = DIRECTION('',(0.,-1.,0.));
#6904 = ORIENTED_EDGE('',*,*,#6905,.F.);
#6905 = EDGE_CURVE('',#6906,#6898,#6908,.T.);
#6906 = VERTEX_POINT('',#6907);
#6907 = CARTESIAN_POINT('',(7.5,-0.2,6.));
#6908 = LINE('',#6909,#6910);
#6909 = CARTESIAN_POINT('',(7.5,-0.2,6.));
#6910 = VECTOR('',#6911,1.);
#6911 = DIRECTION('',(0.,0.,-1.));
#6912 = ORIENTED_EDGE('',*,*,#6913,.T.);
#6913 = EDGE_CURVE('',#6906,#6914,#6916,.T.);
#6914 = VERTEX_POINT('',#6915);
#6915 = CARTESIAN_POINT('',(7.5,1.6,6.));
#6916 = LINE('',#6917,#6918);
#6917 = CARTESIAN_POINT('',(7.5,-2.2,6.));
#6918 = VECTOR('',#6919,1.);
#6919 = DIRECTION('',(0.,1.,0.));
#6920 = ORIENTED_EDGE('',*,*,#6921,.F.);
#6921 = EDGE_CURVE('',#6832,#6914,#6922,.T.);
#6922 = LINE('',#6923,#6924);
#6923 = CARTESIAN_POINT('',(7.5,1.6,0.));
#6924 = VECTOR('',#6925,1.);
#6925 = DIRECTION('',(0.,0.,1.));
#6926 = PLANE('',#6927);
#6927 = AXIS2_PLACEMENT_3D('',#6928,#6929,#6930);
#6928 = CARTESIAN_POINT('',(7.5,-2.2,0.));
#6929 = DIRECTION('',(-1.,0.,0.));
#6930 = DIRECTION('',(0.,1.,0.));
#6931 = ADVANCED_FACE('',(#6932),#6950,.F.);
#6932 = FACE_BOUND('',#6933,.F.);
#6933 = EDGE_LOOP('',(#6934,#6942,#6948,#6949));
#6934 = ORIENTED_EDGE('',*,*,#6935,.F.);
#6935 = EDGE_CURVE('',#6936,#6309,#6938,.T.);
#6936 = VERTEX_POINT('',#6937);
#6937 = CARTESIAN_POINT('',(6.5,-1.2,5.2));
#6938 = LINE('',#6939,#6940);
#6939 = CARTESIAN_POINT('',(6.5,-1.007390335865,5.2));
#6940 = VECTOR('',#6941,1.);
#6941 = DIRECTION('',(8.024334182119E-32,-1.,0.));
#6942 = ORIENTED_EDGE('',*,*,#6943,.T.);
#6943 = EDGE_CURVE('',#6936,#6858,#6944,.T.);
#6944 = LINE('',#6945,#6946);
#6945 = CARTESIAN_POINT('',(-2.5,-1.2,5.2));
#6946 = VECTOR('',#6947,1.);
#6947 = DIRECTION('',(1.,0.,0.));
#6948 = ORIENTED_EDGE('',*,*,#6857,.T.);
#6949 = ORIENTED_EDGE('',*,*,#6316,.F.);
#6950 = PLANE('',#6951);
#6951 = AXIS2_PLACEMENT_3D('',#6952,#6953,#6954);
#6952 = CARTESIAN_POINT('',(-2.5,-1.2,5.2));
#6953 = DIRECTION('',(0.,0.,-1.));
#6954 = DIRECTION('',(0.,-1.,0.));
#6955 = ADVANCED_FACE('',(#6956),#7014,.T.);
#6956 = FACE_BOUND('',#6957,.T.);
#6957 = EDGE_LOOP('',(#6958,#6959,#6960,#6968,#6976,#6984,#6992,#7000,
    #7008));
#6958 = ORIENTED_EDGE('',*,*,#6308,.F.);
#6959 = ORIENTED_EDGE('',*,*,#6935,.F.);
#6960 = ORIENTED_EDGE('',*,*,#6961,.F.);
#6961 = EDGE_CURVE('',#6962,#6936,#6964,.T.);
#6962 = VERTEX_POINT('',#6963);
#6963 = CARTESIAN_POINT('',(6.5,-0.6,4.5));
#6964 = LINE('',#6965,#6966);
#6965 = CARTESIAN_POINT('',(6.5,-0.429990774306,4.301655903357));
#6966 = VECTOR('',#6967,1.);
#6967 = DIRECTION('',(-1.380987533887E-31,-0.650791373456,0.759256602365
    ));
#6968 = ORIENTED_EDGE('',*,*,#6969,.F.);
#6969 = EDGE_CURVE('',#6970,#6962,#6972,.T.);
#6970 = VERTEX_POINT('',#6971);
#6971 = CARTESIAN_POINT('',(6.5,-0.6,4.3));
#6972 = LINE('',#6973,#6974);
#6973 = CARTESIAN_POINT('',(6.5,-0.6,3.963884850592));
#6974 = VECTOR('',#6975,1.);
#6975 = DIRECTION('',(-2.506668067558E-31,0.,1.));
#6976 = ORIENTED_EDGE('',*,*,#6977,.F.);
#6977 = EDGE_CURVE('',#6978,#6970,#6980,.T.);
#6978 = VERTEX_POINT('',#6979);
#6979 = CARTESIAN_POINT('',(6.5,-0.9,4.1));
#6980 = LINE('',#6981,#6982);
#6981 = CARTESIAN_POINT('',(6.5,-0.979477224556,4.047015183629));
#6982 = VECTOR('',#6983,1.);
#6983 = DIRECTION('',(-2.058114230756E-31,0.832050294338,0.554700196225)
  );
#6984 = ORIENTED_EDGE('',*,*,#6985,.F.);
#6985 = EDGE_CURVE('',#6986,#6978,#6988,.T.);
#6986 = VERTEX_POINT('',#6987);
#6987 = CARTESIAN_POINT('',(6.5,-0.6,1.5));
#6988 = LINE('',#6989,#6990);
#6989 = CARTESIAN_POINT('',(6.5,-0.722554060393,2.562135190069));
#6990 = VECTOR('',#6991,1.);
#6991 = DIRECTION('',(-2.398168242795E-31,-0.114624107985,0.993408935871
    ));
#6992 = ORIENTED_EDGE('',*,*,#6993,.F.);
#6993 = EDGE_CURVE('',#6994,#6986,#6996,.T.);
#6994 = VERTEX_POINT('',#6995);
#6995 = CARTESIAN_POINT('',(6.5,-0.8,1.5));
#6996 = LINE('',#6997,#6998);
#6997 = CARTESIAN_POINT('',(6.5,-2.2,1.5));
#6998 = VECTOR('',#6999,1.);
#6999 = DIRECTION('',(0.,1.,0.));
#7000 = ORIENTED_EDGE('',*,*,#7001,.F.);
#7001 = EDGE_CURVE('',#7002,#6994,#7004,.T.);
#7002 = VERTEX_POINT('',#7003);
#7003 = CARTESIAN_POINT('',(6.5,-1.2,1.1));
#7004 = LINE('',#7005,#7006);
#7005 = CARTESIAN_POINT('',(6.5,-1.2,1.1));
#7006 = VECTOR('',#7007,1.);
#7007 = DIRECTION('',(0.,0.707106781187,0.707106781187));
#7008 = ORIENTED_EDGE('',*,*,#7009,.F.);
#7009 = EDGE_CURVE('',#6301,#7002,#7010,.T.);
#7010 = LINE('',#7011,#7012);
#7011 = CARTESIAN_POINT('',(6.5,-2.2,1.1));
#7012 = VECTOR('',#7013,1.);
#7013 = DIRECTION('',(0.,1.,0.));
#7014 = PLANE('',#7015);
#7015 = AXIS2_PLACEMENT_3D('',#7016,#7017,#7018);
#7016 = CARTESIAN_POINT('',(6.5,-0.814780671729,3.627769701184));
#7017 = DIRECTION('',(-1.,-8.024334182119E-32,-2.506668067558E-31));
#7018 = DIRECTION('',(2.506668067558E-31,0.,-1.));
#7019 = ADVANCED_FACE('',(#7020),#7038,.T.);
#7020 = FACE_BOUND('',#7021,.T.);
#7021 = EDGE_LOOP('',(#7022,#7023,#7024,#7032));
#7022 = ORIENTED_EDGE('',*,*,#6300,.T.);
#7023 = ORIENTED_EDGE('',*,*,#7009,.T.);
#7024 = ORIENTED_EDGE('',*,*,#7025,.F.);
#7025 = EDGE_CURVE('',#7026,#7002,#7028,.T.);
#7026 = VERTEX_POINT('',#7027);
#7027 = CARTESIAN_POINT('',(-1.5,-1.2,1.1));
#7028 = LINE('',#7029,#7030);
#7029 = CARTESIAN_POINT('',(-1.5,-1.2,1.1));
#7030 = VECTOR('',#7031,1.);
#7031 = DIRECTION('',(1.,0.,0.));
#7032 = ORIENTED_EDGE('',*,*,#7033,.F.);
#7033 = EDGE_CURVE('',#6293,#7026,#7034,.T.);
#7034 = LINE('',#7035,#7036);
#7035 = CARTESIAN_POINT('',(-1.5,-2.2,1.1));
#7036 = VECTOR('',#7037,1.);
#7037 = DIRECTION('',(0.,1.,0.));
#7038 = PLANE('',#7039);
#7039 = AXIS2_PLACEMENT_3D('',#7040,#7041,#7042);
#7040 = CARTESIAN_POINT('',(-1.5,-2.2,1.1));
#7041 = DIRECTION('',(0.,0.,1.));
#7042 = DIRECTION('',(0.,1.,0.));
#7043 = ADVANCED_FACE('',(#7044),#7102,.T.);
#7044 = FACE_BOUND('',#7045,.T.);
#7045 = EDGE_LOOP('',(#7046,#7047,#7048,#7056,#7064,#7072,#7080,#7088,
    #7096));
#7046 = ORIENTED_EDGE('',*,*,#6292,.T.);
#7047 = ORIENTED_EDGE('',*,*,#7033,.T.);
#7048 = ORIENTED_EDGE('',*,*,#7049,.T.);
#7049 = EDGE_CURVE('',#7026,#7050,#7052,.T.);
#7050 = VERTEX_POINT('',#7051);
#7051 = CARTESIAN_POINT('',(-1.5,-0.8,1.5));
#7052 = LINE('',#7053,#7054);
#7053 = CARTESIAN_POINT('',(-1.5,-1.2,1.1));
#7054 = VECTOR('',#7055,1.);
#7055 = DIRECTION('',(0.,0.707106781187,0.707106781187));
#7056 = ORIENTED_EDGE('',*,*,#7057,.F.);
#7057 = EDGE_CURVE('',#7058,#7050,#7060,.T.);
#7058 = VERTEX_POINT('',#7059);
#7059 = CARTESIAN_POINT('',(-1.5,-0.6,1.5));
#7060 = LINE('',#7061,#7062);
#7061 = CARTESIAN_POINT('',(-1.5,0.65,1.5));
#7062 = VECTOR('',#7063,1.);
#7063 = DIRECTION('',(0.,-1.,0.));
#7064 = ORIENTED_EDGE('',*,*,#7065,.F.);
#7065 = EDGE_CURVE('',#7066,#7058,#7068,.T.);
#7066 = VERTEX_POINT('',#7067);
#7067 = CARTESIAN_POINT('',(-1.5,-0.9,4.1));
#7068 = LINE('',#7069,#7070);
#7069 = CARTESIAN_POINT('',(-1.5,-0.722554060393,2.562135190069));
#7070 = VECTOR('',#7071,1.);
#7071 = DIRECTION('',(-1.804536690617E-32,0.114624107985,-0.993408935871
    ));
#7072 = ORIENTED_EDGE('',*,*,#7073,.F.);
#7073 = EDGE_CURVE('',#7074,#7066,#7076,.T.);
#7074 = VERTEX_POINT('',#7075);
#7075 = CARTESIAN_POINT('',(-1.5,-0.6,4.3));
#7076 = LINE('',#7077,#7078);
#7077 = CARTESIAN_POINT('',(-1.5,-0.979477224556,4.047015183629));
#7078 = VECTOR('',#7079,1.);
#7079 = DIRECTION('',(-5.862902099857E-33,-0.832050294338,
    -0.554700196225));
#7080 = ORIENTED_EDGE('',*,*,#7081,.F.);
#7081 = EDGE_CURVE('',#7082,#7074,#7084,.T.);
#7082 = VERTEX_POINT('',#7083);
#7083 = CARTESIAN_POINT('',(-1.5,-0.6,4.5));
#7084 = LINE('',#7085,#7086);
#7085 = CARTESIAN_POINT('',(-1.5,-0.6,3.963884850592));
#7086 = VECTOR('',#7087,1.);
#7087 = DIRECTION('',(-1.762255155449E-32,-0.,-1.));
#7088 = ORIENTED_EDGE('',*,*,#7089,.F.);
#7089 = EDGE_CURVE('',#7090,#7082,#7092,.T.);
#7090 = VERTEX_POINT('',#7091);
#7091 = CARTESIAN_POINT('',(-1.5,-1.2,5.2));
#7092 = LINE('',#7093,#7094);
#7093 = CARTESIAN_POINT('',(-1.5,-0.429990774306,4.301655903357));
#7094 = VECTOR('',#7095,1.);
#7095 = DIRECTION('',(-1.644008329407E-32,0.650791373456,-0.759256602365
    ));
#7096 = ORIENTED_EDGE('',*,*,#7097,.F.);
#7097 = EDGE_CURVE('',#6285,#7090,#7098,.T.);
#7098 = LINE('',#7099,#7100);
#7099 = CARTESIAN_POINT('',(-1.5,-1.007390335865,5.2));
#7100 = VECTOR('',#7101,1.);
#7101 = DIRECTION('',(-4.702036321642E-33,1.,0.));
#7102 = PLANE('',#7103);
#7103 = AXIS2_PLACEMENT_3D('',#7104,#7105,#7106);
#7104 = CARTESIAN_POINT('',(-1.5,-0.814780671729,3.627769701184));
#7105 = DIRECTION('',(1.,4.702036321642E-33,-1.762255155449E-32));
#7106 = DIRECTION('',(1.762255155449E-32,0.,1.));
#7107 = ADVANCED_FACE('',(#7108),#7126,.F.);
#7108 = FACE_BOUND('',#7109,.F.);
#7109 = EDGE_LOOP('',(#7110,#7118,#7124,#7125));
#7110 = ORIENTED_EDGE('',*,*,#7111,.F.);
#7111 = EDGE_CURVE('',#7112,#6277,#7114,.T.);
#7112 = VERTEX_POINT('',#7113);
#7113 = CARTESIAN_POINT('',(-2.5,-1.2,5.2));
#7114 = LINE('',#7115,#7116);
#7115 = CARTESIAN_POINT('',(-2.5,-1.2,5.2));
#7116 = VECTOR('',#7117,1.);
#7117 = DIRECTION('',(0.,-1.,0.));
#7118 = ORIENTED_EDGE('',*,*,#7119,.T.);
#7119 = EDGE_CURVE('',#7112,#7090,#7120,.T.);
#7120 = LINE('',#7121,#7122);
#7121 = CARTESIAN_POINT('',(-2.5,-1.2,5.2));
#7122 = VECTOR('',#7123,1.);
#7123 = DIRECTION('',(1.,0.,0.));
#7124 = ORIENTED_EDGE('',*,*,#7097,.F.);
#7125 = ORIENTED_EDGE('',*,*,#6284,.F.);
#7126 = PLANE('',#7127);
#7127 = AXIS2_PLACEMENT_3D('',#7128,#7129,#7130);
#7128 = CARTESIAN_POINT('',(-2.5,-1.2,5.2));
#7129 = DIRECTION('',(0.,0.,-1.));
#7130 = DIRECTION('',(0.,-1.,0.));
#7131 = ADVANCED_FACE('',(#7132),#7199,.F.);
#7132 = FACE_BOUND('',#7133,.F.);
#7133 = EDGE_LOOP('',(#7134,#7135,#7143,#7151,#7159,#7167,#7175,#7183,
    #7191,#7197,#7198));
#7134 = ORIENTED_EDGE('',*,*,#6434,.F.);
#7135 = ORIENTED_EDGE('',*,*,#7136,.T.);
#7136 = EDGE_CURVE('',#6435,#7137,#7139,.T.);
#7137 = VERTEX_POINT('',#7138);
#7138 = CARTESIAN_POINT('',(-2.5,1.6,6.));
#7139 = LINE('',#7140,#7141);
#7140 = CARTESIAN_POINT('',(-2.5,1.6,0.));
#7141 = VECTOR('',#7142,1.);
#7142 = DIRECTION('',(0.,0.,1.));
#7143 = ORIENTED_EDGE('',*,*,#7144,.T.);
#7144 = EDGE_CURVE('',#7137,#7145,#7147,.T.);
#7145 = VERTEX_POINT('',#7146);
#7146 = CARTESIAN_POINT('',(-2.5,-0.2,6.));
#7147 = LINE('',#7148,#7149);
#7148 = CARTESIAN_POINT('',(-2.5,1.6,6.));
#7149 = VECTOR('',#7150,1.);
#7150 = DIRECTION('',(0.,-1.,0.));
#7151 = ORIENTED_EDGE('',*,*,#7152,.T.);
#7152 = EDGE_CURVE('',#7145,#7153,#7155,.T.);
#7153 = VERTEX_POINT('',#7154);
#7154 = CARTESIAN_POINT('',(-2.5,-0.2,1.5));
#7155 = LINE('',#7156,#7157);
#7156 = CARTESIAN_POINT('',(-2.5,-0.2,6.));
#7157 = VECTOR('',#7158,1.);
#7158 = DIRECTION('',(0.,0.,-1.));
#7159 = ORIENTED_EDGE('',*,*,#7160,.T.);
#7160 = EDGE_CURVE('',#7153,#7161,#7163,.T.);
#7161 = VERTEX_POINT('',#7162);
#7162 = CARTESIAN_POINT('',(-2.5,-0.6,1.5));
#7163 = LINE('',#7164,#7165);
#7164 = CARTESIAN_POINT('',(-2.5,-0.2,1.5));
#7165 = VECTOR('',#7166,1.);
#7166 = DIRECTION('',(0.,-1.,0.));
#7167 = ORIENTED_EDGE('',*,*,#7168,.T.);
#7168 = EDGE_CURVE('',#7161,#7169,#7171,.T.);
#7169 = VERTEX_POINT('',#7170);
#7170 = CARTESIAN_POINT('',(-2.5,-0.9,4.1));
#7171 = LINE('',#7172,#7173);
#7172 = CARTESIAN_POINT('',(-2.5,-0.6,1.5));
#7173 = VECTOR('',#7174,1.);
#7174 = DIRECTION('',(0.,-0.114624107985,0.993408935871));
#7175 = ORIENTED_EDGE('',*,*,#7176,.T.);
#7176 = EDGE_CURVE('',#7169,#7177,#7179,.T.);
#7177 = VERTEX_POINT('',#7178);
#7178 = CARTESIAN_POINT('',(-2.5,-0.6,4.3));
#7179 = LINE('',#7180,#7181);
#7180 = CARTESIAN_POINT('',(-2.5,-0.9,4.1));
#7181 = VECTOR('',#7182,1.);
#7182 = DIRECTION('',(0.,0.832050294338,0.554700196225));
#7183 = ORIENTED_EDGE('',*,*,#7184,.T.);
#7184 = EDGE_CURVE('',#7177,#7185,#7187,.T.);
#7185 = VERTEX_POINT('',#7186);
#7186 = CARTESIAN_POINT('',(-2.5,-0.6,4.5));
#7187 = LINE('',#7188,#7189);
#7188 = CARTESIAN_POINT('',(-2.5,-0.6,4.3));
#7189 = VECTOR('',#7190,1.);
#7190 = DIRECTION('',(0.,0.,1.));
#7191 = ORIENTED_EDGE('',*,*,#7192,.T.);
#7192 = EDGE_CURVE('',#7185,#7112,#7193,.T.);
#7193 = LINE('',#7194,#7195);
#7194 = CARTESIAN_POINT('',(-2.5,-0.6,4.5));
#7195 = VECTOR('',#7196,1.);
#7196 = DIRECTION('',(0.,-0.650791373456,0.759256602365));
#7197 = ORIENTED_EDGE('',*,*,#7111,.T.);
#7198 = ORIENTED_EDGE('',*,*,#6276,.F.);
#7199 = PLANE('',#7200);
#7200 = AXIS2_PLACEMENT_3D('',#7201,#7202,#7203);
#7201 = CARTESIAN_POINT('',(-2.5,1.6,0.));
#7202 = DIRECTION('',(1.,0.,0.));
#7203 = DIRECTION('',(0.,-1.,0.));
#7204 = ADVANCED_FACE('',(#7205),#7228,.F.);
#7205 = FACE_BOUND('',#7206,.F.);
#7206 = EDGE_LOOP('',(#7207,#7208,#7209,#7215,#7216,#7217,#7218,#7219,
    #7220,#7221,#7222,#7223,#7224,#7225,#7226,#7227));
#7207 = ORIENTED_EDGE('',*,*,#6839,.F.);
#7208 = ORIENTED_EDGE('',*,*,#6921,.T.);
#7209 = ORIENTED_EDGE('',*,*,#7210,.T.);
#7210 = EDGE_CURVE('',#6914,#7137,#7211,.T.);
#7211 = LINE('',#7212,#7213);
#7212 = CARTESIAN_POINT('',(7.5,1.6,6.));
#7213 = VECTOR('',#7214,1.);
#7214 = DIRECTION('',(-1.,0.,0.));
#7215 = ORIENTED_EDGE('',*,*,#7136,.F.);
#7216 = ORIENTED_EDGE('',*,*,#6451,.F.);
#7217 = ORIENTED_EDGE('',*,*,#6474,.F.);
#7218 = ORIENTED_EDGE('',*,*,#6498,.T.);
#7219 = ORIENTED_EDGE('',*,*,#6549,.T.);
#7220 = ORIENTED_EDGE('',*,*,#6571,.F.);
#7221 = ORIENTED_EDGE('',*,*,#6604,.F.);
#7222 = ORIENTED_EDGE('',*,*,#6628,.T.);
#7223 = ORIENTED_EDGE('',*,*,#6679,.T.);
#7224 = ORIENTED_EDGE('',*,*,#6709,.F.);
#7225 = ORIENTED_EDGE('',*,*,#6734,.F.);
#7226 = ORIENTED_EDGE('',*,*,#6758,.T.);
#7227 = ORIENTED_EDGE('',*,*,#6809,.T.);
#7228 = PLANE('',#7229);
#7229 = AXIS2_PLACEMENT_3D('',#7230,#7231,#7232);
#7230 = CARTESIAN_POINT('',(7.5,1.6,0.));
#7231 = DIRECTION('',(0.,-1.,0.));
#7232 = DIRECTION('',(-1.,0.,0.));
#7233 = ADVANCED_FACE('',(#7234),#7259,.F.);
#7234 = FACE_BOUND('',#7235,.F.);
#7235 = EDGE_LOOP('',(#7236,#7244,#7245,#7253));
#7236 = ORIENTED_EDGE('',*,*,#7237,.F.);
#7237 = EDGE_CURVE('',#6510,#7238,#7240,.T.);
#7238 = VERTEX_POINT('',#7239);
#7239 = CARTESIAN_POINT('',(-0.32,-0.32,-0.7));
#7240 = LINE('',#7241,#7242);
#7241 = CARTESIAN_POINT('',(-0.32,-0.32,5.1));
#7242 = VECTOR('',#7243,1.);
#7243 = DIRECTION('',(0.,0.,-1.));
#7244 = ORIENTED_EDGE('',*,*,#6507,.F.);
#7245 = ORIENTED_EDGE('',*,*,#7246,.T.);
#7246 = EDGE_CURVE('',#6508,#7247,#7249,.T.);
#7247 = VERTEX_POINT('',#7248);
#7248 = CARTESIAN_POINT('',(0.32,-0.32,-0.7));
#7249 = LINE('',#7250,#7251);
#7250 = CARTESIAN_POINT('',(0.32,-0.32,5.1));
#7251 = VECTOR('',#7252,1.);
#7252 = DIRECTION('',(0.,0.,-1.));
#7253 = ORIENTED_EDGE('',*,*,#7254,.F.);
#7254 = EDGE_CURVE('',#7238,#7247,#7255,.T.);
#7255 = LINE('',#7256,#7257);
#7256 = CARTESIAN_POINT('',(-0.32,-0.32,-0.7));
#7257 = VECTOR('',#7258,1.);
#7258 = DIRECTION('',(1.,0.,0.));
#7259 = PLANE('',#7260);
#7260 = AXIS2_PLACEMENT_3D('',#7261,#7262,#7263);
#7261 = CARTESIAN_POINT('',(-0.32,-0.32,5.1));
#7262 = DIRECTION('',(0.,1.,0.));
#7263 = DIRECTION('',(0.,0.,-1.));
#7264 = ADVANCED_FACE('',(#7265),#7315,.T.);
#7265 = FACE_BOUND('',#7266,.T.);
#7266 = EDGE_LOOP('',(#7267,#7277,#7285,#7293,#7299,#7300,#7301,#7309));
#7267 = ORIENTED_EDGE('',*,*,#7268,.T.);
#7268 = EDGE_CURVE('',#7269,#7271,#7273,.T.);
#7269 = VERTEX_POINT('',#7270);
#7270 = CARTESIAN_POINT('',(0.32,-0.351578947368,-3.));
#7271 = VERTEX_POINT('',#7272);
#7272 = CARTESIAN_POINT('',(0.32,0.288421052632,-3.));
#7273 = LINE('',#7274,#7275);
#7274 = CARTESIAN_POINT('',(0.32,-0.32,-3.));
#7275 = VECTOR('',#7276,1.);
#7276 = DIRECTION('',(0.,1.,0.));
#7277 = ORIENTED_EDGE('',*,*,#7278,.T.);
#7278 = EDGE_CURVE('',#7271,#7279,#7281,.T.);
#7279 = VERTEX_POINT('',#7280);
#7280 = CARTESIAN_POINT('',(0.32,2.E-02,-1.3));
#7281 = LINE('',#7282,#7283);
#7282 = CARTESIAN_POINT('',(0.32,0.32,-3.2));
#7283 = VECTOR('',#7284,1.);
#7284 = DIRECTION('',(0.,-0.155962573473,0.987762965329));
#7285 = ORIENTED_EDGE('',*,*,#7286,.T.);
#7286 = EDGE_CURVE('',#7279,#7287,#7289,.T.);
#7287 = VERTEX_POINT('',#7288);
#7288 = CARTESIAN_POINT('',(0.32,0.32,-0.7));
#7289 = LINE('',#7290,#7291);
#7290 = CARTESIAN_POINT('',(0.32,2.E-02,-1.3));
#7291 = VECTOR('',#7292,1.);
#7292 = DIRECTION('',(0.,0.4472135955,0.894427191));
#7293 = ORIENTED_EDGE('',*,*,#7294,.T.);
#7294 = EDGE_CURVE('',#7287,#6526,#7295,.T.);
#7295 = LINE('',#7296,#7297);
#7296 = CARTESIAN_POINT('',(0.32,0.32,-0.7));
#7297 = VECTOR('',#7298,1.);
#7298 = DIRECTION('',(0.,0.,1.));
#7299 = ORIENTED_EDGE('',*,*,#6533,.F.);
#7300 = ORIENTED_EDGE('',*,*,#7246,.T.);
#7301 = ORIENTED_EDGE('',*,*,#7302,.T.);
#7302 = EDGE_CURVE('',#7247,#7303,#7305,.T.);
#7303 = VERTEX_POINT('',#7304);
#7304 = CARTESIAN_POINT('',(0.32,-0.62,-1.3));
#7305 = LINE('',#7306,#7307);
#7306 = CARTESIAN_POINT('',(0.32,-0.32,-0.7));
#7307 = VECTOR('',#7308,1.);
#7308 = DIRECTION('',(0.,-0.4472135955,-0.894427191));
#7309 = ORIENTED_EDGE('',*,*,#7310,.T.);
#7310 = EDGE_CURVE('',#7303,#7269,#7311,.T.);
#7311 = LINE('',#7312,#7313);
#7312 = CARTESIAN_POINT('',(0.32,-0.62,-1.3));
#7313 = VECTOR('',#7314,1.);
#7314 = DIRECTION('',(0.,0.155962573473,-0.987762965329));
#7315 = PLANE('',#7316);
#7316 = AXIS2_PLACEMENT_3D('',#7317,#7318,#7319);
#7317 = CARTESIAN_POINT('',(0.32,-4.307486879287E-02,0.926376556288));
#7318 = DIRECTION('',(1.,0.,0.));
#7319 = DIRECTION('',(0.,0.,1.));
#7320 = ADVANCED_FACE('',(#7321),#7339,.F.);
#7321 = FACE_BOUND('',#7322,.F.);
#7322 = EDGE_LOOP('',(#7323,#7331,#7337,#7338));
#7323 = ORIENTED_EDGE('',*,*,#7324,.F.);
#7324 = EDGE_CURVE('',#7325,#6518,#7327,.T.);
#7325 = VERTEX_POINT('',#7326);
#7326 = CARTESIAN_POINT('',(-0.32,0.32,-0.7));
#7327 = LINE('',#7328,#7329);
#7328 = CARTESIAN_POINT('',(-0.32,0.32,-0.7));
#7329 = VECTOR('',#7330,1.);
#7330 = DIRECTION('',(0.,0.,1.));
#7331 = ORIENTED_EDGE('',*,*,#7332,.T.);
#7332 = EDGE_CURVE('',#7325,#7287,#7333,.T.);
#7333 = LINE('',#7334,#7335);
#7334 = CARTESIAN_POINT('',(-0.32,0.32,-0.7));
#7335 = VECTOR('',#7336,1.);
#7336 = DIRECTION('',(1.,0.,0.));
#7337 = ORIENTED_EDGE('',*,*,#7294,.T.);
#7338 = ORIENTED_EDGE('',*,*,#6525,.F.);
#7339 = PLANE('',#7340);
#7340 = AXIS2_PLACEMENT_3D('',#7341,#7342,#7343);
#7341 = CARTESIAN_POINT('',(-0.32,0.32,-0.7));
#7342 = DIRECTION('',(0.,-1.,0.));
#7343 = DIRECTION('',(0.,0.,1.));
#7344 = ADVANCED_FACE('',(#7345),#7388,.F.);
#7345 = FACE_BOUND('',#7346,.F.);
#7346 = EDGE_LOOP('',(#7347,#7357,#7365,#7371,#7372,#7373,#7374,#7382));
#7347 = ORIENTED_EDGE('',*,*,#7348,.T.);
#7348 = EDGE_CURVE('',#7349,#7351,#7353,.T.);
#7349 = VERTEX_POINT('',#7350);
#7350 = CARTESIAN_POINT('',(-0.32,-0.351578947368,-3.));
#7351 = VERTEX_POINT('',#7352);
#7352 = CARTESIAN_POINT('',(-0.32,0.288421052632,-3.));
#7353 = LINE('',#7354,#7355);
#7354 = CARTESIAN_POINT('',(-0.32,-0.32,-3.));
#7355 = VECTOR('',#7356,1.);
#7356 = DIRECTION('',(0.,1.,0.));
#7357 = ORIENTED_EDGE('',*,*,#7358,.T.);
#7358 = EDGE_CURVE('',#7351,#7359,#7361,.T.);
#7359 = VERTEX_POINT('',#7360);
#7360 = CARTESIAN_POINT('',(-0.32,2.E-02,-1.3));
#7361 = LINE('',#7362,#7363);
#7362 = CARTESIAN_POINT('',(-0.32,0.32,-3.2));
#7363 = VECTOR('',#7364,1.);
#7364 = DIRECTION('',(0.,-0.155962573473,0.987762965329));
#7365 = ORIENTED_EDGE('',*,*,#7366,.T.);
#7366 = EDGE_CURVE('',#7359,#7325,#7367,.T.);
#7367 = LINE('',#7368,#7369);
#7368 = CARTESIAN_POINT('',(-0.32,2.E-02,-1.3));
#7369 = VECTOR('',#7370,1.);
#7370 = DIRECTION('',(0.,0.4472135955,0.894427191));
#7371 = ORIENTED_EDGE('',*,*,#7324,.T.);
#7372 = ORIENTED_EDGE('',*,*,#6517,.F.);
#7373 = ORIENTED_EDGE('',*,*,#7237,.T.);
#7374 = ORIENTED_EDGE('',*,*,#7375,.T.);
#7375 = EDGE_CURVE('',#7238,#7376,#7378,.T.);
#7376 = VERTEX_POINT('',#7377);
#7377 = CARTESIAN_POINT('',(-0.32,-0.62,-1.3));
#7378 = LINE('',#7379,#7380);
#7379 = CARTESIAN_POINT('',(-0.32,-0.32,-0.7));
#7380 = VECTOR('',#7381,1.);
#7381 = DIRECTION('',(0.,-0.4472135955,-0.894427191));
#7382 = ORIENTED_EDGE('',*,*,#7383,.T.);
#7383 = EDGE_CURVE('',#7376,#7349,#7384,.T.);
#7384 = LINE('',#7385,#7386);
#7385 = CARTESIAN_POINT('',(-0.32,-0.62,-1.3));
#7386 = VECTOR('',#7387,1.);
#7387 = DIRECTION('',(0.,0.155962573473,-0.987762965329));
#7388 = PLANE('',#7389);
#7389 = AXIS2_PLACEMENT_3D('',#7390,#7391,#7392);
#7390 = CARTESIAN_POINT('',(-0.32,-4.307486879287E-02,0.926376556288));
#7391 = DIRECTION('',(1.,0.,0.));
#7392 = DIRECTION('',(0.,0.,1.));
#7393 = ADVANCED_FACE('',(#7394),#7419,.T.);
#7394 = FACE_BOUND('',#7395,.T.);
#7395 = EDGE_LOOP('',(#7396,#7406,#7412,#7413));
#7396 = ORIENTED_EDGE('',*,*,#7397,.T.);
#7397 = EDGE_CURVE('',#7398,#7400,#7402,.T.);
#7398 = VERTEX_POINT('',#7399);
#7399 = CARTESIAN_POINT('',(2.82,-0.32,-3.));
#7400 = VERTEX_POINT('',#7401);
#7401 = CARTESIAN_POINT('',(2.82,0.32,-3.));
#7402 = LINE('',#7403,#7404);
#7403 = CARTESIAN_POINT('',(2.82,-0.32,-3.));
#7404 = VECTOR('',#7405,1.);
#7405 = DIRECTION('',(0.,1.,0.));
#7406 = ORIENTED_EDGE('',*,*,#7407,.T.);
#7407 = EDGE_CURVE('',#7400,#6640,#7408,.T.);
#7408 = LINE('',#7409,#7410);
#7409 = CARTESIAN_POINT('',(2.82,0.32,-3.2));
#7410 = VECTOR('',#7411,1.);
#7411 = DIRECTION('',(0.,0.,1.));
#7412 = ORIENTED_EDGE('',*,*,#6637,.F.);
#7413 = ORIENTED_EDGE('',*,*,#7414,.T.);
#7414 = EDGE_CURVE('',#6638,#7398,#7415,.T.);
#7415 = LINE('',#7416,#7417);
#7416 = CARTESIAN_POINT('',(2.82,-0.32,5.1));
#7417 = VECTOR('',#7418,1.);
#7418 = DIRECTION('',(0.,0.,-1.));
#7419 = PLANE('',#7420);
#7420 = AXIS2_PLACEMENT_3D('',#7421,#7422,#7423);
#7421 = CARTESIAN_POINT('',(2.82,0.,0.95));
#7422 = DIRECTION('',(1.,0.,0.));
#7423 = DIRECTION('',(0.,0.,1.));
#7424 = ADVANCED_FACE('',(#7425),#7443,.F.);
#7425 = FACE_BOUND('',#7426,.F.);
#7426 = EDGE_LOOP('',(#7427,#7435,#7441,#7442));
#7427 = ORIENTED_EDGE('',*,*,#7428,.F.);
#7428 = EDGE_CURVE('',#7429,#6656,#7431,.T.);
#7429 = VERTEX_POINT('',#7430);
#7430 = CARTESIAN_POINT('',(2.18,0.32,-3.));
#7431 = LINE('',#7432,#7433);
#7432 = CARTESIAN_POINT('',(2.18,0.32,-3.2));
#7433 = VECTOR('',#7434,1.);
#7434 = DIRECTION('',(0.,0.,1.));
#7435 = ORIENTED_EDGE('',*,*,#7436,.T.);
#7436 = EDGE_CURVE('',#7429,#7400,#7437,.T.);
#7437 = LINE('',#7438,#7439);
#7438 = CARTESIAN_POINT('',(2.18,0.32,-3.));
#7439 = VECTOR('',#7440,1.);
#7440 = DIRECTION('',(1.,0.,0.));
#7441 = ORIENTED_EDGE('',*,*,#7407,.T.);
#7442 = ORIENTED_EDGE('',*,*,#6663,.F.);
#7443 = PLANE('',#7444);
#7444 = AXIS2_PLACEMENT_3D('',#7445,#7446,#7447);
#7445 = CARTESIAN_POINT('',(2.18,0.32,-3.2));
#7446 = DIRECTION('',(0.,-1.,0.));
#7447 = DIRECTION('',(0.,0.,1.));
#7448 = ADVANCED_FACE('',(#7449),#7467,.F.);
#7449 = FACE_BOUND('',#7450,.F.);
#7450 = EDGE_LOOP('',(#7451,#7459,#7460,#7461));
#7451 = ORIENTED_EDGE('',*,*,#7452,.T.);
#7452 = EDGE_CURVE('',#7453,#7429,#7455,.T.);
#7453 = VERTEX_POINT('',#7454);
#7454 = CARTESIAN_POINT('',(2.18,-0.32,-3.));
#7455 = LINE('',#7456,#7457);
#7456 = CARTESIAN_POINT('',(2.18,-0.32,-3.));
#7457 = VECTOR('',#7458,1.);
#7458 = DIRECTION('',(0.,1.,0.));
#7459 = ORIENTED_EDGE('',*,*,#7428,.T.);
#7460 = ORIENTED_EDGE('',*,*,#6655,.F.);
#7461 = ORIENTED_EDGE('',*,*,#7462,.T.);
#7462 = EDGE_CURVE('',#6648,#7453,#7463,.T.);
#7463 = LINE('',#7464,#7465);
#7464 = CARTESIAN_POINT('',(2.18,-0.32,5.1));
#7465 = VECTOR('',#7466,1.);
#7466 = DIRECTION('',(0.,0.,-1.));
#7467 = PLANE('',#7468);
#7468 = AXIS2_PLACEMENT_3D('',#7469,#7470,#7471);
#7469 = CARTESIAN_POINT('',(2.18,0.,0.95));
#7470 = DIRECTION('',(1.,0.,0.));
#7471 = DIRECTION('',(0.,0.,1.));
#7472 = ADVANCED_FACE('',(#7473),#7484,.F.);
#7473 = FACE_BOUND('',#7474,.F.);
#7474 = EDGE_LOOP('',(#7475,#7476,#7477,#7478));
#7475 = ORIENTED_EDGE('',*,*,#7462,.F.);
#7476 = ORIENTED_EDGE('',*,*,#6647,.F.);
#7477 = ORIENTED_EDGE('',*,*,#7414,.T.);
#7478 = ORIENTED_EDGE('',*,*,#7479,.F.);
#7479 = EDGE_CURVE('',#7453,#7398,#7480,.T.);
#7480 = LINE('',#7481,#7482);
#7481 = CARTESIAN_POINT('',(2.18,-0.32,-3.));
#7482 = VECTOR('',#7483,1.);
#7483 = DIRECTION('',(1.,0.,0.));
#7484 = PLANE('',#7485);
#7485 = AXIS2_PLACEMENT_3D('',#7486,#7487,#7488);
#7486 = CARTESIAN_POINT('',(2.18,-0.32,5.1));
#7487 = DIRECTION('',(0.,1.,0.));
#7488 = DIRECTION('',(0.,0.,-1.));
#7489 = ADVANCED_FACE('',(#7490),#7515,.F.);
#7490 = FACE_BOUND('',#7491,.F.);
#7491 = EDGE_LOOP('',(#7492,#7500,#7501,#7509));
#7492 = ORIENTED_EDGE('',*,*,#7493,.F.);
#7493 = EDGE_CURVE('',#6770,#7494,#7496,.T.);
#7494 = VERTEX_POINT('',#7495);
#7495 = CARTESIAN_POINT('',(4.68,-0.32,-0.7));
#7496 = LINE('',#7497,#7498);
#7497 = CARTESIAN_POINT('',(4.68,-0.32,5.1));
#7498 = VECTOR('',#7499,1.);
#7499 = DIRECTION('',(0.,0.,-1.));
#7500 = ORIENTED_EDGE('',*,*,#6767,.F.);
#7501 = ORIENTED_EDGE('',*,*,#7502,.T.);
#7502 = EDGE_CURVE('',#6768,#7503,#7505,.T.);
#7503 = VERTEX_POINT('',#7504);
#7504 = CARTESIAN_POINT('',(5.32,-0.32,-0.7));
#7505 = LINE('',#7506,#7507);
#7506 = CARTESIAN_POINT('',(5.32,-0.32,5.1));
#7507 = VECTOR('',#7508,1.);
#7508 = DIRECTION('',(0.,0.,-1.));
#7509 = ORIENTED_EDGE('',*,*,#7510,.F.);
#7510 = EDGE_CURVE('',#7494,#7503,#7511,.T.);
#7511 = LINE('',#7512,#7513);
#7512 = CARTESIAN_POINT('',(4.68,-0.32,-0.7));
#7513 = VECTOR('',#7514,1.);
#7514 = DIRECTION('',(1.,0.,0.));
#7515 = PLANE('',#7516);
#7516 = AXIS2_PLACEMENT_3D('',#7517,#7518,#7519);
#7517 = CARTESIAN_POINT('',(4.68,-0.32,5.1));
#7518 = DIRECTION('',(0.,1.,0.));
#7519 = DIRECTION('',(0.,0.,-1.));
#7520 = ADVANCED_FACE('',(#7521),#7571,.T.);
#7521 = FACE_BOUND('',#7522,.T.);
#7522 = EDGE_LOOP('',(#7523,#7533,#7541,#7549,#7555,#7556,#7557,#7565));
#7523 = ORIENTED_EDGE('',*,*,#7524,.T.);
#7524 = EDGE_CURVE('',#7525,#7527,#7529,.T.);
#7525 = VERTEX_POINT('',#7526);
#7526 = CARTESIAN_POINT('',(5.32,-0.351578947368,-3.));
#7527 = VERTEX_POINT('',#7528);
#7528 = CARTESIAN_POINT('',(5.32,0.288421052632,-3.));
#7529 = LINE('',#7530,#7531);
#7530 = CARTESIAN_POINT('',(5.32,-0.32,-3.));
#7531 = VECTOR('',#7532,1.);
#7532 = DIRECTION('',(0.,1.,0.));
#7533 = ORIENTED_EDGE('',*,*,#7534,.T.);
#7534 = EDGE_CURVE('',#7527,#7535,#7537,.T.);
#7535 = VERTEX_POINT('',#7536);
#7536 = CARTESIAN_POINT('',(5.32,2.E-02,-1.3));
#7537 = LINE('',#7538,#7539);
#7538 = CARTESIAN_POINT('',(5.32,0.32,-3.2));
#7539 = VECTOR('',#7540,1.);
#7540 = DIRECTION('',(0.,-0.155962573473,0.987762965329));
#7541 = ORIENTED_EDGE('',*,*,#7542,.T.);
#7542 = EDGE_CURVE('',#7535,#7543,#7545,.T.);
#7543 = VERTEX_POINT('',#7544);
#7544 = CARTESIAN_POINT('',(5.32,0.32,-0.7));
#7545 = LINE('',#7546,#7547);
#7546 = CARTESIAN_POINT('',(5.32,2.E-02,-1.3));
#7547 = VECTOR('',#7548,1.);
#7548 = DIRECTION('',(0.,0.4472135955,0.894427191));
#7549 = ORIENTED_EDGE('',*,*,#7550,.T.);
#7550 = EDGE_CURVE('',#7543,#6786,#7551,.T.);
#7551 = LINE('',#7552,#7553);
#7552 = CARTESIAN_POINT('',(5.32,0.32,-0.7));
#7553 = VECTOR('',#7554,1.);
#7554 = DIRECTION('',(0.,0.,1.));
#7555 = ORIENTED_EDGE('',*,*,#6793,.F.);
#7556 = ORIENTED_EDGE('',*,*,#7502,.T.);
#7557 = ORIENTED_EDGE('',*,*,#7558,.T.);
#7558 = EDGE_CURVE('',#7503,#7559,#7561,.T.);
#7559 = VERTEX_POINT('',#7560);
#7560 = CARTESIAN_POINT('',(5.32,-0.62,-1.3));
#7561 = LINE('',#7562,#7563);
#7562 = CARTESIAN_POINT('',(5.32,-0.32,-0.7));
#7563 = VECTOR('',#7564,1.);
#7564 = DIRECTION('',(0.,-0.4472135955,-0.894427191));
#7565 = ORIENTED_EDGE('',*,*,#7566,.T.);
#7566 = EDGE_CURVE('',#7559,#7525,#7567,.T.);
#7567 = LINE('',#7568,#7569);
#7568 = CARTESIAN_POINT('',(5.32,-0.62,-1.3));
#7569 = VECTOR('',#7570,1.);
#7570 = DIRECTION('',(0.,0.155962573473,-0.987762965329));
#7571 = PLANE('',#7572);
#7572 = AXIS2_PLACEMENT_3D('',#7573,#7574,#7575);
#7573 = CARTESIAN_POINT('',(5.32,-4.307486879287E-02,0.926376556288));
#7574 = DIRECTION('',(1.,0.,0.));
#7575 = DIRECTION('',(0.,0.,1.));
#7576 = ADVANCED_FACE('',(#7577),#7595,.F.);
#7577 = FACE_BOUND('',#7578,.F.);
#7578 = EDGE_LOOP('',(#7579,#7587,#7593,#7594));
#7579 = ORIENTED_EDGE('',*,*,#7580,.F.);
#7580 = EDGE_CURVE('',#7581,#6778,#7583,.T.);
#7581 = VERTEX_POINT('',#7582);
#7582 = CARTESIAN_POINT('',(4.68,0.32,-0.7));
#7583 = LINE('',#7584,#7585);
#7584 = CARTESIAN_POINT('',(4.68,0.32,-0.7));
#7585 = VECTOR('',#7586,1.);
#7586 = DIRECTION('',(0.,0.,1.));
#7587 = ORIENTED_EDGE('',*,*,#7588,.T.);
#7588 = EDGE_CURVE('',#7581,#7543,#7589,.T.);
#7589 = LINE('',#7590,#7591);
#7590 = CARTESIAN_POINT('',(4.68,0.32,-0.7));
#7591 = VECTOR('',#7592,1.);
#7592 = DIRECTION('',(1.,0.,0.));
#7593 = ORIENTED_EDGE('',*,*,#7550,.T.);
#7594 = ORIENTED_EDGE('',*,*,#6785,.F.);
#7595 = PLANE('',#7596);
#7596 = AXIS2_PLACEMENT_3D('',#7597,#7598,#7599);
#7597 = CARTESIAN_POINT('',(4.68,0.32,-0.7));
#7598 = DIRECTION('',(0.,-1.,0.));
#7599 = DIRECTION('',(0.,0.,1.));
#7600 = ADVANCED_FACE('',(#7601),#7644,.F.);
#7601 = FACE_BOUND('',#7602,.F.);
#7602 = EDGE_LOOP('',(#7603,#7613,#7621,#7627,#7628,#7629,#7630,#7638));
#7603 = ORIENTED_EDGE('',*,*,#7604,.T.);
#7604 = EDGE_CURVE('',#7605,#7607,#7609,.T.);
#7605 = VERTEX_POINT('',#7606);
#7606 = CARTESIAN_POINT('',(4.68,-0.351578947368,-3.));
#7607 = VERTEX_POINT('',#7608);
#7608 = CARTESIAN_POINT('',(4.68,0.288421052632,-3.));
#7609 = LINE('',#7610,#7611);
#7610 = CARTESIAN_POINT('',(4.68,-0.32,-3.));
#7611 = VECTOR('',#7612,1.);
#7612 = DIRECTION('',(0.,1.,0.));
#7613 = ORIENTED_EDGE('',*,*,#7614,.T.);
#7614 = EDGE_CURVE('',#7607,#7615,#7617,.T.);
#7615 = VERTEX_POINT('',#7616);
#7616 = CARTESIAN_POINT('',(4.68,2.E-02,-1.3));
#7617 = LINE('',#7618,#7619);
#7618 = CARTESIAN_POINT('',(4.68,0.32,-3.2));
#7619 = VECTOR('',#7620,1.);
#7620 = DIRECTION('',(0.,-0.155962573473,0.987762965329));
#7621 = ORIENTED_EDGE('',*,*,#7622,.T.);
#7622 = EDGE_CURVE('',#7615,#7581,#7623,.T.);
#7623 = LINE('',#7624,#7625);
#7624 = CARTESIAN_POINT('',(4.68,2.E-02,-1.3));
#7625 = VECTOR('',#7626,1.);
#7626 = DIRECTION('',(0.,0.4472135955,0.894427191));
#7627 = ORIENTED_EDGE('',*,*,#7580,.T.);
#7628 = ORIENTED_EDGE('',*,*,#6777,.F.);
#7629 = ORIENTED_EDGE('',*,*,#7493,.T.);
#7630 = ORIENTED_EDGE('',*,*,#7631,.T.);
#7631 = EDGE_CURVE('',#7494,#7632,#7634,.T.);
#7632 = VERTEX_POINT('',#7633);
#7633 = CARTESIAN_POINT('',(4.68,-0.62,-1.3));
#7634 = LINE('',#7635,#7636);
#7635 = CARTESIAN_POINT('',(4.68,-0.32,-0.7));
#7636 = VECTOR('',#7637,1.);
#7637 = DIRECTION('',(0.,-0.4472135955,-0.894427191));
#7638 = ORIENTED_EDGE('',*,*,#7639,.T.);
#7639 = EDGE_CURVE('',#7632,#7605,#7640,.T.);
#7640 = LINE('',#7641,#7642);
#7641 = CARTESIAN_POINT('',(4.68,-0.62,-1.3));
#7642 = VECTOR('',#7643,1.);
#7643 = DIRECTION('',(0.,0.155962573473,-0.987762965329));
#7644 = PLANE('',#7645);
#7645 = AXIS2_PLACEMENT_3D('',#7646,#7647,#7648);
#7646 = CARTESIAN_POINT('',(4.68,-4.307486879287E-02,0.926376556288));
#7647 = DIRECTION('',(1.,0.,0.));
#7648 = DIRECTION('',(0.,0.,1.));
#7649 = ADVANCED_FACE('',(#7650),#7725,.T.);
#7650 = FACE_BOUND('',#7651,.T.);
#7651 = EDGE_LOOP('',(#7652,#7653,#7654,#7662,#7670,#7678,#7686,#7694,
    #7702,#7710,#7718,#7724));
#7652 = ORIENTED_EDGE('',*,*,#7210,.T.);
#7653 = ORIENTED_EDGE('',*,*,#7144,.T.);
#7654 = ORIENTED_EDGE('',*,*,#7655,.T.);
#7655 = EDGE_CURVE('',#7145,#7656,#7658,.T.);
#7656 = VERTEX_POINT('',#7657);
#7657 = CARTESIAN_POINT('',(-1.5,-0.2,6.));
#7658 = LINE('',#7659,#7660);
#7659 = CARTESIAN_POINT('',(-2.5,-0.2,6.));
#7660 = VECTOR('',#7661,1.);
#7661 = DIRECTION('',(1.,0.,0.));
#7662 = ORIENTED_EDGE('',*,*,#7663,.F.);
#7663 = EDGE_CURVE('',#7664,#7656,#7666,.T.);
#7664 = VERTEX_POINT('',#7665);
#7665 = CARTESIAN_POINT('',(-1.5,0.65,6.));
#7666 = LINE('',#7667,#7668);
#7667 = CARTESIAN_POINT('',(-1.5,0.65,6.));
#7668 = VECTOR('',#7669,1.);
#7669 = DIRECTION('',(0.,-1.,0.));
#7670 = ORIENTED_EDGE('',*,*,#7671,.F.);
#7671 = EDGE_CURVE('',#7672,#7664,#7674,.T.);
#7672 = VERTEX_POINT('',#7673);
#7673 = CARTESIAN_POINT('',(-2.05,0.65,6.));
#7674 = LINE('',#7675,#7676);
#7675 = CARTESIAN_POINT('',(-2.05,0.65,6.));
#7676 = VECTOR('',#7677,1.);
#7677 = DIRECTION('',(1.,0.,0.));
#7678 = ORIENTED_EDGE('',*,*,#7679,.F.);
#7679 = EDGE_CURVE('',#7680,#7672,#7682,.T.);
#7680 = VERTEX_POINT('',#7681);
#7681 = CARTESIAN_POINT('',(-2.05,1.15,6.));
#7682 = LINE('',#7683,#7684);
#7683 = CARTESIAN_POINT('',(-2.05,1.15,6.));
#7684 = VECTOR('',#7685,1.);
#7685 = DIRECTION('',(0.,-1.,0.));
#7686 = ORIENTED_EDGE('',*,*,#7687,.F.);
#7687 = EDGE_CURVE('',#7688,#7680,#7690,.T.);
#7688 = VERTEX_POINT('',#7689);
#7689 = CARTESIAN_POINT('',(7.05,1.15,6.));
#7690 = LINE('',#7691,#7692);
#7691 = CARTESIAN_POINT('',(7.05,1.15,6.));
#7692 = VECTOR('',#7693,1.);
#7693 = DIRECTION('',(-1.,0.,0.));
#7694 = ORIENTED_EDGE('',*,*,#7695,.F.);
#7695 = EDGE_CURVE('',#7696,#7688,#7698,.T.);
#7696 = VERTEX_POINT('',#7697);
#7697 = CARTESIAN_POINT('',(7.05,0.65,6.));
#7698 = LINE('',#7699,#7700);
#7699 = CARTESIAN_POINT('',(7.05,0.65,6.));
#7700 = VECTOR('',#7701,1.);
#7701 = DIRECTION('',(0.,1.,0.));
#7702 = ORIENTED_EDGE('',*,*,#7703,.F.);
#7703 = EDGE_CURVE('',#7704,#7696,#7706,.T.);
#7704 = VERTEX_POINT('',#7705);
#7705 = CARTESIAN_POINT('',(6.5,0.65,6.));
#7706 = LINE('',#7707,#7708);
#7707 = CARTESIAN_POINT('',(6.5,0.65,6.));
#7708 = VECTOR('',#7709,1.);
#7709 = DIRECTION('',(1.,0.,0.));
#7710 = ORIENTED_EDGE('',*,*,#7711,.F.);
#7711 = EDGE_CURVE('',#7712,#7704,#7714,.T.);
#7712 = VERTEX_POINT('',#7713);
#7713 = CARTESIAN_POINT('',(6.5,-0.2,6.));
#7714 = LINE('',#7715,#7716);
#7715 = CARTESIAN_POINT('',(6.5,-2.2,6.));
#7716 = VECTOR('',#7717,1.);
#7717 = DIRECTION('',(0.,1.,0.));
#7718 = ORIENTED_EDGE('',*,*,#7719,.T.);
#7719 = EDGE_CURVE('',#7712,#6906,#7720,.T.);
#7720 = LINE('',#7721,#7722);
#7721 = CARTESIAN_POINT('',(-2.5,-0.2,6.));
#7722 = VECTOR('',#7723,1.);
#7723 = DIRECTION('',(1.,0.,0.));
#7724 = ORIENTED_EDGE('',*,*,#6913,.T.);
#7725 = PLANE('',#7726);
#7726 = AXIS2_PLACEMENT_3D('',#7727,#7728,#7729);
#7727 = CARTESIAN_POINT('',(2.5,-0.3,6.));
#7728 = DIRECTION('',(0.,0.,1.));
#7729 = DIRECTION('',(1.,0.,-0.));
#7730 = ADVANCED_FACE('',(#7731),#7749,.F.);
#7731 = FACE_BOUND('',#7732,.F.);
#7732 = EDGE_LOOP('',(#7733,#7741,#7742,#7743));
#7733 = ORIENTED_EDGE('',*,*,#7734,.F.);
#7734 = EDGE_CURVE('',#7712,#7735,#7737,.T.);
#7735 = VERTEX_POINT('',#7736);
#7736 = CARTESIAN_POINT('',(6.5,-0.2,1.5));
#7737 = LINE('',#7738,#7739);
#7738 = CARTESIAN_POINT('',(6.5,-0.2,4.813884850592));
#7739 = VECTOR('',#7740,1.);
#7740 = DIRECTION('',(2.506668067558E-31,0.,-1.));
#7741 = ORIENTED_EDGE('',*,*,#7719,.T.);
#7742 = ORIENTED_EDGE('',*,*,#6905,.T.);
#7743 = ORIENTED_EDGE('',*,*,#7744,.F.);
#7744 = EDGE_CURVE('',#7735,#6898,#7745,.T.);
#7745 = LINE('',#7746,#7747);
#7746 = CARTESIAN_POINT('',(-2.5,-0.2,1.5));
#7747 = VECTOR('',#7748,1.);
#7748 = DIRECTION('',(1.,0.,0.));
#7749 = PLANE('',#7750);
#7750 = AXIS2_PLACEMENT_3D('',#7751,#7752,#7753);
#7751 = CARTESIAN_POINT('',(-2.5,-0.2,6.));
#7752 = DIRECTION('',(0.,1.,0.));
#7753 = DIRECTION('',(0.,0.,-1.));
#7754 = ADVANCED_FACE('',(#7755,#7842,#7876,#7910),#7944,.T.);
#7755 = FACE_BOUND('',#7756,.T.);
#7756 = EDGE_LOOP('',(#7757,#7763,#7764,#7765,#7773,#7781,#7789,#7797,
    #7805,#7813,#7821,#7827,#7828,#7834,#7835,#7841));
#7757 = ORIENTED_EDGE('',*,*,#7758,.T.);
#7758 = EDGE_CURVE('',#6986,#6890,#7759,.T.);
#7759 = LINE('',#7760,#7761);
#7760 = CARTESIAN_POINT('',(-2.5,-0.6,1.5));
#7761 = VECTOR('',#7762,1.);
#7762 = DIRECTION('',(1.,0.,0.));
#7763 = ORIENTED_EDGE('',*,*,#6897,.F.);
#7764 = ORIENTED_EDGE('',*,*,#7744,.F.);
#7765 = ORIENTED_EDGE('',*,*,#7766,.T.);
#7766 = EDGE_CURVE('',#7735,#7767,#7769,.T.);
#7767 = VERTEX_POINT('',#7768);
#7768 = CARTESIAN_POINT('',(6.5,0.65,1.5));
#7769 = LINE('',#7770,#7771);
#7770 = CARTESIAN_POINT('',(6.5,-2.2,1.5));
#7771 = VECTOR('',#7772,1.);
#7772 = DIRECTION('',(0.,1.,0.));
#7773 = ORIENTED_EDGE('',*,*,#7774,.T.);
#7774 = EDGE_CURVE('',#7767,#7775,#7777,.T.);
#7775 = VERTEX_POINT('',#7776);
#7776 = CARTESIAN_POINT('',(7.05,0.65,1.5));
#7777 = LINE('',#7778,#7779);
#7778 = CARTESIAN_POINT('',(6.5,0.65,1.5));
#7779 = VECTOR('',#7780,1.);
#7780 = DIRECTION('',(1.,0.,0.));
#7781 = ORIENTED_EDGE('',*,*,#7782,.T.);
#7782 = EDGE_CURVE('',#7775,#7783,#7785,.T.);
#7783 = VERTEX_POINT('',#7784);
#7784 = CARTESIAN_POINT('',(7.05,1.15,1.5));
#7785 = LINE('',#7786,#7787);
#7786 = CARTESIAN_POINT('',(7.05,0.65,1.5));
#7787 = VECTOR('',#7788,1.);
#7788 = DIRECTION('',(0.,1.,0.));
#7789 = ORIENTED_EDGE('',*,*,#7790,.T.);
#7790 = EDGE_CURVE('',#7783,#7791,#7793,.T.);
#7791 = VERTEX_POINT('',#7792);
#7792 = CARTESIAN_POINT('',(-2.05,1.15,1.5));
#7793 = LINE('',#7794,#7795);
#7794 = CARTESIAN_POINT('',(7.05,1.15,1.5));
#7795 = VECTOR('',#7796,1.);
#7796 = DIRECTION('',(-1.,0.,0.));
#7797 = ORIENTED_EDGE('',*,*,#7798,.T.);
#7798 = EDGE_CURVE('',#7791,#7799,#7801,.T.);
#7799 = VERTEX_POINT('',#7800);
#7800 = CARTESIAN_POINT('',(-2.05,0.65,1.5));
#7801 = LINE('',#7802,#7803);
#7802 = CARTESIAN_POINT('',(-2.05,1.15,1.5));
#7803 = VECTOR('',#7804,1.);
#7804 = DIRECTION('',(0.,-1.,0.));
#7805 = ORIENTED_EDGE('',*,*,#7806,.T.);
#7806 = EDGE_CURVE('',#7799,#7807,#7809,.T.);
#7807 = VERTEX_POINT('',#7808);
#7808 = CARTESIAN_POINT('',(-1.5,0.65,1.5));
#7809 = LINE('',#7810,#7811);
#7810 = CARTESIAN_POINT('',(-2.05,0.65,1.5));
#7811 = VECTOR('',#7812,1.);
#7812 = DIRECTION('',(1.,0.,0.));
#7813 = ORIENTED_EDGE('',*,*,#7814,.T.);
#7814 = EDGE_CURVE('',#7807,#7815,#7817,.T.);
#7815 = VERTEX_POINT('',#7816);
#7816 = CARTESIAN_POINT('',(-1.5,-0.2,1.5));
#7817 = LINE('',#7818,#7819);
#7818 = CARTESIAN_POINT('',(-1.5,0.65,1.5));
#7819 = VECTOR('',#7820,1.);
#7820 = DIRECTION('',(0.,-1.,0.));
#7821 = ORIENTED_EDGE('',*,*,#7822,.F.);
#7822 = EDGE_CURVE('',#7153,#7815,#7823,.T.);
#7823 = LINE('',#7824,#7825);
#7824 = CARTESIAN_POINT('',(-2.5,-0.2,1.5));
#7825 = VECTOR('',#7826,1.);
#7826 = DIRECTION('',(1.,0.,0.));
#7827 = ORIENTED_EDGE('',*,*,#7160,.T.);
#7828 = ORIENTED_EDGE('',*,*,#7829,.T.);
#7829 = EDGE_CURVE('',#7161,#7058,#7830,.T.);
#7830 = LINE('',#7831,#7832);
#7831 = CARTESIAN_POINT('',(-2.5,-0.6,1.5));
#7832 = VECTOR('',#7833,1.);
#7833 = DIRECTION('',(1.,0.,0.));
#7834 = ORIENTED_EDGE('',*,*,#7057,.T.);
#7835 = ORIENTED_EDGE('',*,*,#7836,.T.);
#7836 = EDGE_CURVE('',#7050,#6994,#7837,.T.);
#7837 = LINE('',#7838,#7839);
#7838 = CARTESIAN_POINT('',(-1.5,-0.8,1.5));
#7839 = VECTOR('',#7840,1.);
#7840 = DIRECTION('',(1.,0.,0.));
#7841 = ORIENTED_EDGE('',*,*,#6993,.T.);
#7842 = FACE_BOUND('',#7843,.T.);
#7843 = EDGE_LOOP('',(#7844,#7854,#7862,#7870));
#7844 = ORIENTED_EDGE('',*,*,#7845,.T.);
#7845 = EDGE_CURVE('',#7846,#7848,#7850,.T.);
#7846 = VERTEX_POINT('',#7847);
#7847 = CARTESIAN_POINT('',(5.32,-0.32,1.5));
#7848 = VERTEX_POINT('',#7849);
#7849 = CARTESIAN_POINT('',(4.68,-0.32,1.5));
#7850 = LINE('',#7851,#7852);
#7851 = CARTESIAN_POINT('',(3.59,-0.32,1.5));
#7852 = VECTOR('',#7853,1.);
#7853 = DIRECTION('',(-1.,0.,-2.435022631619E-32));
#7854 = ORIENTED_EDGE('',*,*,#7855,.T.);
#7855 = EDGE_CURVE('',#7848,#7856,#7858,.T.);
#7856 = VERTEX_POINT('',#7857);
#7857 = CARTESIAN_POINT('',(4.68,0.32,1.5));
#7858 = LINE('',#7859,#7860);
#7859 = CARTESIAN_POINT('',(4.68,5.245681847713E-02,1.5));
#7860 = VECTOR('',#7861,1.);
#7861 = DIRECTION('',(0.,1.,2.163574697384E-31));
#7862 = ORIENTED_EDGE('',*,*,#7863,.T.);
#7863 = EDGE_CURVE('',#7856,#7864,#7866,.T.);
#7864 = VERTEX_POINT('',#7865);
#7865 = CARTESIAN_POINT('',(5.32,0.32,1.5));
#7866 = LINE('',#7867,#7868);
#7867 = CARTESIAN_POINT('',(3.59,0.32,1.5));
#7868 = VECTOR('',#7869,1.);
#7869 = DIRECTION('',(1.,0.,2.435022631619E-32));
#7870 = ORIENTED_EDGE('',*,*,#7871,.F.);
#7871 = EDGE_CURVE('',#7846,#7864,#7872,.T.);
#7872 = LINE('',#7873,#7874);
#7873 = CARTESIAN_POINT('',(5.32,5.245681847713E-02,1.5));
#7874 = VECTOR('',#7875,1.);
#7875 = DIRECTION('',(0.,1.,2.163574697384E-31));
#7876 = FACE_BOUND('',#7877,.T.);
#7877 = EDGE_LOOP('',(#7878,#7888,#7896,#7904));
#7878 = ORIENTED_EDGE('',*,*,#7879,.F.);
#7879 = EDGE_CURVE('',#7880,#7882,#7884,.T.);
#7880 = VERTEX_POINT('',#7881);
#7881 = CARTESIAN_POINT('',(2.82,-0.32,1.5));
#7882 = VERTEX_POINT('',#7883);
#7883 = CARTESIAN_POINT('',(2.82,0.32,1.5));
#7884 = LINE('',#7885,#7886);
#7885 = CARTESIAN_POINT('',(2.82,7.399425287356E-02,1.5));
#7886 = VECTOR('',#7887,1.);
#7887 = DIRECTION('',(0.,1.,2.163574697384E-31));
#7888 = ORIENTED_EDGE('',*,*,#7889,.T.);
#7889 = EDGE_CURVE('',#7880,#7890,#7892,.T.);
#7890 = VERTEX_POINT('',#7891);
#7891 = CARTESIAN_POINT('',(2.18,-0.32,1.5));
#7892 = LINE('',#7893,#7894);
#7893 = CARTESIAN_POINT('',(2.34,-0.32,1.5));
#7894 = VECTOR('',#7895,1.);
#7895 = DIRECTION('',(-1.,0.,-2.435022631619E-32));
#7896 = ORIENTED_EDGE('',*,*,#7897,.T.);
#7897 = EDGE_CURVE('',#7890,#7898,#7900,.T.);
#7898 = VERTEX_POINT('',#7899);
#7899 = CARTESIAN_POINT('',(2.18,0.32,1.5));
#7900 = LINE('',#7901,#7902);
#7901 = CARTESIAN_POINT('',(2.18,7.399425287356E-02,1.5));
#7902 = VECTOR('',#7903,1.);
#7903 = DIRECTION('',(0.,1.,2.163574697384E-31));
#7904 = ORIENTED_EDGE('',*,*,#7905,.T.);
#7905 = EDGE_CURVE('',#7898,#7882,#7906,.T.);
#7906 = LINE('',#7907,#7908);
#7907 = CARTESIAN_POINT('',(2.34,0.32,1.5));
#7908 = VECTOR('',#7909,1.);
#7909 = DIRECTION('',(1.,0.,2.435022631619E-32));
#7910 = FACE_BOUND('',#7911,.T.);
#7911 = EDGE_LOOP('',(#7912,#7922,#7930,#7938));
#7912 = ORIENTED_EDGE('',*,*,#7913,.T.);
#7913 = EDGE_CURVE('',#7914,#7916,#7918,.T.);
#7914 = VERTEX_POINT('',#7915);
#7915 = CARTESIAN_POINT('',(0.32,-0.32,1.5));
#7916 = VERTEX_POINT('',#7917);
#7917 = CARTESIAN_POINT('',(-0.32,-0.32,1.5));
#7918 = LINE('',#7919,#7920);
#7919 = CARTESIAN_POINT('',(1.09,-0.32,1.5));
#7920 = VECTOR('',#7921,1.);
#7921 = DIRECTION('',(-1.,0.,-2.435022631619E-32));
#7922 = ORIENTED_EDGE('',*,*,#7923,.T.);
#7923 = EDGE_CURVE('',#7916,#7924,#7926,.T.);
#7924 = VERTEX_POINT('',#7925);
#7925 = CARTESIAN_POINT('',(-0.32,0.32,1.5));
#7926 = LINE('',#7927,#7928);
#7927 = CARTESIAN_POINT('',(-0.32,5.245681847713E-02,1.5));
#7928 = VECTOR('',#7929,1.);
#7929 = DIRECTION('',(0.,1.,2.163574697384E-31));
#7930 = ORIENTED_EDGE('',*,*,#7931,.T.);
#7931 = EDGE_CURVE('',#7924,#7932,#7934,.T.);
#7932 = VERTEX_POINT('',#7933);
#7933 = CARTESIAN_POINT('',(0.32,0.32,1.5));
#7934 = LINE('',#7935,#7936);
#7935 = CARTESIAN_POINT('',(1.09,0.32,1.5));
#7936 = VECTOR('',#7937,1.);
#7937 = DIRECTION('',(1.,0.,2.435022631619E-32));
#7938 = ORIENTED_EDGE('',*,*,#7939,.F.);
#7939 = EDGE_CURVE('',#7914,#7932,#7940,.T.);
#7940 = LINE('',#7941,#7942);
#7941 = CARTESIAN_POINT('',(0.32,5.245681847713E-02,1.5));
#7942 = VECTOR('',#7943,1.);
#7943 = DIRECTION('',(0.,1.,2.163574697384E-31));
#7944 = PLANE('',#7945);
#7945 = AXIS2_PLACEMENT_3D('',#7946,#7947,#7948);
#7946 = CARTESIAN_POINT('',(2.5,0.147988505747,1.5));
#7947 = DIRECTION('',(-2.435022631619E-32,-2.163574697384E-31,1.));
#7948 = DIRECTION('',(0.,1.,2.163574697384E-31));
#7949 = ADVANCED_FACE('',(#7950),#7961,.F.);
#7950 = FACE_BOUND('',#7951,.F.);
#7951 = EDGE_LOOP('',(#7952,#7953,#7954,#7955));
#7952 = ORIENTED_EDGE('',*,*,#6985,.F.);
#7953 = ORIENTED_EDGE('',*,*,#7758,.T.);
#7954 = ORIENTED_EDGE('',*,*,#6889,.T.);
#7955 = ORIENTED_EDGE('',*,*,#7956,.F.);
#7956 = EDGE_CURVE('',#6978,#6882,#7957,.T.);
#7957 = LINE('',#7958,#7959);
#7958 = CARTESIAN_POINT('',(-2.5,-0.9,4.1));
#7959 = VECTOR('',#7960,1.);
#7960 = DIRECTION('',(1.,0.,0.));
#7961 = PLANE('',#7962);
#7962 = AXIS2_PLACEMENT_3D('',#7963,#7964,#7965);
#7963 = CARTESIAN_POINT('',(-2.5,-0.6,1.5));
#7964 = DIRECTION('',(0.,-0.993408935871,-0.114624107985));
#7965 = DIRECTION('',(0.,-0.114624107985,0.993408935871));
#7966 = ADVANCED_FACE('',(#7967),#7978,.F.);
#7967 = FACE_BOUND('',#7968,.F.);
#7968 = EDGE_LOOP('',(#7969,#7970,#7971,#7972));
#7969 = ORIENTED_EDGE('',*,*,#6977,.F.);
#7970 = ORIENTED_EDGE('',*,*,#7956,.T.);
#7971 = ORIENTED_EDGE('',*,*,#6881,.T.);
#7972 = ORIENTED_EDGE('',*,*,#7973,.F.);
#7973 = EDGE_CURVE('',#6970,#6874,#7974,.T.);
#7974 = LINE('',#7975,#7976);
#7975 = CARTESIAN_POINT('',(-2.5,-0.6,4.3));
#7976 = VECTOR('',#7977,1.);
#7977 = DIRECTION('',(1.,0.,0.));
#7978 = PLANE('',#7979);
#7979 = AXIS2_PLACEMENT_3D('',#7980,#7981,#7982);
#7980 = CARTESIAN_POINT('',(-2.5,-0.9,4.1));
#7981 = DIRECTION('',(0.,-0.554700196225,0.832050294338));
#7982 = DIRECTION('',(0.,0.832050294338,0.554700196225));
#7983 = ADVANCED_FACE('',(#7984),#7995,.F.);
#7984 = FACE_BOUND('',#7985,.F.);
#7985 = EDGE_LOOP('',(#7986,#7987,#7988,#7989));
#7986 = ORIENTED_EDGE('',*,*,#6969,.F.);
#7987 = ORIENTED_EDGE('',*,*,#7973,.T.);
#7988 = ORIENTED_EDGE('',*,*,#6873,.T.);
#7989 = ORIENTED_EDGE('',*,*,#7990,.F.);
#7990 = EDGE_CURVE('',#6962,#6866,#7991,.T.);
#7991 = LINE('',#7992,#7993);
#7992 = CARTESIAN_POINT('',(-2.5,-0.6,4.5));
#7993 = VECTOR('',#7994,1.);
#7994 = DIRECTION('',(1.,0.,0.));
#7995 = PLANE('',#7996);
#7996 = AXIS2_PLACEMENT_3D('',#7997,#7998,#7999);
#7997 = CARTESIAN_POINT('',(-2.5,-0.6,4.3));
#7998 = DIRECTION('',(0.,-1.,0.));
#7999 = DIRECTION('',(0.,0.,1.));
#8000 = ADVANCED_FACE('',(#8001),#8007,.F.);
#8001 = FACE_BOUND('',#8002,.F.);
#8002 = EDGE_LOOP('',(#8003,#8004,#8005,#8006));
#8003 = ORIENTED_EDGE('',*,*,#6961,.F.);
#8004 = ORIENTED_EDGE('',*,*,#7990,.T.);
#8005 = ORIENTED_EDGE('',*,*,#6865,.T.);
#8006 = ORIENTED_EDGE('',*,*,#6943,.F.);
#8007 = PLANE('',#8008);
#8008 = AXIS2_PLACEMENT_3D('',#8009,#8010,#8011);
#8009 = CARTESIAN_POINT('',(-2.5,-0.6,4.5));
#8010 = DIRECTION('',(0.,-0.759256602365,-0.650791373456));
#8011 = DIRECTION('',(0.,-0.650791373456,0.759256602365));
#8012 = ADVANCED_FACE('',(#8013),#8019,.T.);
#8013 = FACE_BOUND('',#8014,.T.);
#8014 = EDGE_LOOP('',(#8015,#8016,#8017,#8018));
#8015 = ORIENTED_EDGE('',*,*,#7025,.T.);
#8016 = ORIENTED_EDGE('',*,*,#7001,.T.);
#8017 = ORIENTED_EDGE('',*,*,#7836,.F.);
#8018 = ORIENTED_EDGE('',*,*,#7049,.F.);
#8019 = PLANE('',#8020);
#8020 = AXIS2_PLACEMENT_3D('',#8021,#8022,#8023);
#8021 = CARTESIAN_POINT('',(-1.5,-1.2,1.1));
#8022 = DIRECTION('',(0.,-0.707106781187,0.707106781187));
#8023 = DIRECTION('',(0.,0.707106781187,0.707106781187));
#8024 = ADVANCED_FACE('',(#8025),#8036,.F.);
#8025 = FACE_BOUND('',#8026,.F.);
#8026 = EDGE_LOOP('',(#8027,#8028,#8034,#8035));
#8027 = ORIENTED_EDGE('',*,*,#7192,.F.);
#8028 = ORIENTED_EDGE('',*,*,#8029,.T.);
#8029 = EDGE_CURVE('',#7185,#7082,#8030,.T.);
#8030 = LINE('',#8031,#8032);
#8031 = CARTESIAN_POINT('',(-2.5,-0.6,4.5));
#8032 = VECTOR('',#8033,1.);
#8033 = DIRECTION('',(1.,0.,0.));
#8034 = ORIENTED_EDGE('',*,*,#7089,.F.);
#8035 = ORIENTED_EDGE('',*,*,#7119,.F.);
#8036 = PLANE('',#8037);
#8037 = AXIS2_PLACEMENT_3D('',#8038,#8039,#8040);
#8038 = CARTESIAN_POINT('',(-2.5,-0.6,4.5));
#8039 = DIRECTION('',(0.,-0.759256602365,-0.650791373456));
#8040 = DIRECTION('',(0.,-0.650791373456,0.759256602365));
#8041 = ADVANCED_FACE('',(#8042),#8053,.F.);
#8042 = FACE_BOUND('',#8043,.F.);
#8043 = EDGE_LOOP('',(#8044,#8045,#8051,#8052));
#8044 = ORIENTED_EDGE('',*,*,#7184,.F.);
#8045 = ORIENTED_EDGE('',*,*,#8046,.T.);
#8046 = EDGE_CURVE('',#7177,#7074,#8047,.T.);
#8047 = LINE('',#8048,#8049);
#8048 = CARTESIAN_POINT('',(-2.5,-0.6,4.3));
#8049 = VECTOR('',#8050,1.);
#8050 = DIRECTION('',(1.,0.,0.));
#8051 = ORIENTED_EDGE('',*,*,#7081,.F.);
#8052 = ORIENTED_EDGE('',*,*,#8029,.F.);
#8053 = PLANE('',#8054);
#8054 = AXIS2_PLACEMENT_3D('',#8055,#8056,#8057);
#8055 = CARTESIAN_POINT('',(-2.5,-0.6,4.3));
#8056 = DIRECTION('',(0.,-1.,0.));
#8057 = DIRECTION('',(0.,0.,1.));
#8058 = ADVANCED_FACE('',(#8059),#8070,.F.);
#8059 = FACE_BOUND('',#8060,.F.);
#8060 = EDGE_LOOP('',(#8061,#8062,#8068,#8069));
#8061 = ORIENTED_EDGE('',*,*,#7176,.F.);
#8062 = ORIENTED_EDGE('',*,*,#8063,.T.);
#8063 = EDGE_CURVE('',#7169,#7066,#8064,.T.);
#8064 = LINE('',#8065,#8066);
#8065 = CARTESIAN_POINT('',(-2.5,-0.9,4.1));
#8066 = VECTOR('',#8067,1.);
#8067 = DIRECTION('',(1.,0.,0.));
#8068 = ORIENTED_EDGE('',*,*,#7073,.F.);
#8069 = ORIENTED_EDGE('',*,*,#8046,.F.);
#8070 = PLANE('',#8071);
#8071 = AXIS2_PLACEMENT_3D('',#8072,#8073,#8074);
#8072 = CARTESIAN_POINT('',(-2.5,-0.9,4.1));
#8073 = DIRECTION('',(0.,-0.554700196225,0.832050294338));
#8074 = DIRECTION('',(0.,0.832050294338,0.554700196225));
#8075 = ADVANCED_FACE('',(#8076),#8082,.F.);
#8076 = FACE_BOUND('',#8077,.F.);
#8077 = EDGE_LOOP('',(#8078,#8079,#8080,#8081));
#8078 = ORIENTED_EDGE('',*,*,#7168,.F.);
#8079 = ORIENTED_EDGE('',*,*,#7829,.T.);
#8080 = ORIENTED_EDGE('',*,*,#7065,.F.);
#8081 = ORIENTED_EDGE('',*,*,#8063,.F.);
#8082 = PLANE('',#8083);
#8083 = AXIS2_PLACEMENT_3D('',#8084,#8085,#8086);
#8084 = CARTESIAN_POINT('',(-2.5,-0.6,1.5));
#8085 = DIRECTION('',(0.,-0.993408935871,-0.114624107985));
#8086 = DIRECTION('',(0.,-0.114624107985,0.993408935871));
#8087 = ADVANCED_FACE('',(#8088),#8099,.F.);
#8088 = FACE_BOUND('',#8089,.F.);
#8089 = EDGE_LOOP('',(#8090,#8091,#8092,#8098));
#8090 = ORIENTED_EDGE('',*,*,#7152,.F.);
#8091 = ORIENTED_EDGE('',*,*,#7655,.T.);
#8092 = ORIENTED_EDGE('',*,*,#8093,.F.);
#8093 = EDGE_CURVE('',#7815,#7656,#8094,.T.);
#8094 = LINE('',#8095,#8096);
#8095 = CARTESIAN_POINT('',(-1.5,-0.2,4.813884850592));
#8096 = VECTOR('',#8097,1.);
#8097 = DIRECTION('',(1.762255155449E-32,0.,1.));
#8098 = ORIENTED_EDGE('',*,*,#7822,.F.);
#8099 = PLANE('',#8100);
#8100 = AXIS2_PLACEMENT_3D('',#8101,#8102,#8103);
#8101 = CARTESIAN_POINT('',(-2.5,-0.2,6.));
#8102 = DIRECTION('',(0.,1.,0.));
#8103 = DIRECTION('',(0.,0.,-1.));
#8104 = ADVANCED_FACE('',(#8105),#8116,.F.);
#8105 = FACE_BOUND('',#8106,.F.);
#8106 = EDGE_LOOP('',(#8107,#8108,#8109,#8115));
#8107 = ORIENTED_EDGE('',*,*,#7254,.T.);
#8108 = ORIENTED_EDGE('',*,*,#7302,.T.);
#8109 = ORIENTED_EDGE('',*,*,#8110,.F.);
#8110 = EDGE_CURVE('',#7376,#7303,#8111,.T.);
#8111 = LINE('',#8112,#8113);
#8112 = CARTESIAN_POINT('',(-0.32,-0.62,-1.3));
#8113 = VECTOR('',#8114,1.);
#8114 = DIRECTION('',(1.,0.,0.));
#8115 = ORIENTED_EDGE('',*,*,#7375,.F.);
#8116 = PLANE('',#8117);
#8117 = AXIS2_PLACEMENT_3D('',#8118,#8119,#8120);
#8118 = CARTESIAN_POINT('',(-0.32,-0.32,-0.7));
#8119 = DIRECTION('',(0.,0.894427191,-0.4472135955));
#8120 = DIRECTION('',(0.,-0.4472135955,-0.894427191));
#8121 = ADVANCED_FACE('',(#8122),#8163,.F.);
#8122 = FACE_BOUND('',#8123,.T.);
#8123 = EDGE_LOOP('',(#8124,#8134,#8142,#8150,#8156,#8157));
#8124 = ORIENTED_EDGE('',*,*,#8125,.F.);
#8125 = EDGE_CURVE('',#8126,#8128,#8130,.T.);
#8126 = VERTEX_POINT('',#8127);
#8127 = CARTESIAN_POINT('',(0.12,-0.12,-3.2));
#8128 = VERTEX_POINT('',#8129);
#8129 = CARTESIAN_POINT('',(0.317552593066,-0.351192514695,
    -3.002447406934));
#8130 = LINE('',#8131,#8132);
#8131 = CARTESIAN_POINT('',(0.153849098111,-0.159613036666,
    -3.166150901889));
#8132 = VECTOR('',#8133,1.);
#8133 = DIRECTION('',(0.544770019249,-0.63753529491,0.544770019249));
#8134 = ORIENTED_EDGE('',*,*,#8135,.T.);
#8135 = EDGE_CURVE('',#8126,#8136,#8138,.T.);
#8136 = VERTEX_POINT('',#8137);
#8137 = CARTESIAN_POINT('',(0.12,0.12,-3.2));
#8138 = LINE('',#8139,#8140);
#8139 = CARTESIAN_POINT('',(0.12,-0.32,-3.2));
#8140 = VECTOR('',#8141,1.);
#8141 = DIRECTION('',(0.,1.,0.));
#8142 = ORIENTED_EDGE('',*,*,#8143,.T.);
#8143 = EDGE_CURVE('',#8136,#8144,#8146,.T.);
#8144 = VERTEX_POINT('',#8145);
#8145 = CARTESIAN_POINT('',(0.317552593066,0.288807485305,
    -3.002447406934));
#8146 = LINE('',#8147,#8148);
#8147 = CARTESIAN_POINT('',(3.848855660758E-02,5.034896900541E-02,
    -3.281511443392));
#8148 = VECTOR('',#8149,1.);
#8149 = DIRECTION('',(0.605209817607,0.517148096144,0.605209817607));
#8150 = ORIENTED_EDGE('',*,*,#8151,.T.);
#8151 = EDGE_CURVE('',#8144,#7271,#8152,.T.);
#8152 = LINE('',#8153,#8154);
#8153 = CARTESIAN_POINT('',(8.569083447332E-02,0.325417236662,
    -3.234309165527));
#8154 = VECTOR('',#8155,1.);
#8155 = DIRECTION('',(0.702740385383,-0.110959008218,0.702740385383));
#8156 = ORIENTED_EDGE('',*,*,#7268,.F.);
#8157 = ORIENTED_EDGE('',*,*,#8158,.F.);
#8158 = EDGE_CURVE('',#8128,#7269,#8159,.T.);
#8159 = LINE('',#8160,#8161);
#8160 = CARTESIAN_POINT('',(0.541586867305,-0.386566347469,
    -2.778413132695));
#8161 = VECTOR('',#8162,1.);
#8162 = DIRECTION('',(0.702740385383,-0.110959008218,0.702740385383));
#8163 = PLANE('',#8164);
#8164 = AXIS2_PLACEMENT_3D('',#8165,#8166,#8167);
#8165 = CARTESIAN_POINT('',(0.22,-0.32,-3.1));
#8166 = DIRECTION('',(-0.707106781187,1.735417226644E-18,0.707106781187)
  );
#8167 = DIRECTION('',(-1.227125289148E-18,-1.,1.227125289148E-18));
#8168 = ADVANCED_FACE('',(#8169),#8189,.F.);
#8169 = FACE_BOUND('',#8170,.F.);
#8170 = EDGE_LOOP('',(#8171,#8172,#8173,#8174,#8175,#8183));
#8171 = ORIENTED_EDGE('',*,*,#7383,.F.);
#8172 = ORIENTED_EDGE('',*,*,#8110,.T.);
#8173 = ORIENTED_EDGE('',*,*,#7310,.T.);
#8174 = ORIENTED_EDGE('',*,*,#8158,.F.);
#8175 = ORIENTED_EDGE('',*,*,#8176,.F.);
#8176 = EDGE_CURVE('',#8177,#8128,#8179,.T.);
#8177 = VERTEX_POINT('',#8178);
#8178 = CARTESIAN_POINT('',(-0.317552593066,-0.351192514695,
    -3.002447406934));
#8179 = LINE('',#8180,#8181);
#8180 = CARTESIAN_POINT('',(-0.32,-0.351192514695,-3.002447406934));
#8181 = VECTOR('',#8182,1.);
#8182 = DIRECTION('',(1.,0.,0.));
#8183 = ORIENTED_EDGE('',*,*,#8184,.T.);
#8184 = EDGE_CURVE('',#8177,#7349,#8185,.T.);
#8185 = LINE('',#8186,#8187);
#8186 = CARTESIAN_POINT('',(-0.699616963064,-0.411518467852,
    -2.620383036936));
#8187 = VECTOR('',#8188,1.);
#8188 = DIRECTION('',(-0.702740385383,-0.110959008218,0.702740385383));
#8189 = PLANE('',#8190);
#8190 = AXIS2_PLACEMENT_3D('',#8191,#8192,#8193);
#8191 = CARTESIAN_POINT('',(-0.32,-0.62,-1.3));
#8192 = DIRECTION('',(0.,0.987762965329,0.155962573473));
#8193 = DIRECTION('',(0.,0.155962573473,-0.987762965329));
#8194 = ADVANCED_FACE('',(#8195),#8206,.F.);
#8195 = FACE_BOUND('',#8196,.F.);
#8196 = EDGE_LOOP('',(#8197,#8203,#8204,#8205));
#8197 = ORIENTED_EDGE('',*,*,#8198,.T.);
#8198 = EDGE_CURVE('',#7359,#7279,#8199,.T.);
#8199 = LINE('',#8200,#8201);
#8200 = CARTESIAN_POINT('',(-0.32,2.E-02,-1.3));
#8201 = VECTOR('',#8202,1.);
#8202 = DIRECTION('',(1.,0.,0.));
#8203 = ORIENTED_EDGE('',*,*,#7286,.T.);
#8204 = ORIENTED_EDGE('',*,*,#7332,.F.);
#8205 = ORIENTED_EDGE('',*,*,#7366,.F.);
#8206 = PLANE('',#8207);
#8207 = AXIS2_PLACEMENT_3D('',#8208,#8209,#8210);
#8208 = CARTESIAN_POINT('',(-0.32,2.E-02,-1.3));
#8209 = DIRECTION('',(0.,-0.894427191,0.4472135955));
#8210 = DIRECTION('',(0.,0.4472135955,0.894427191));
#8211 = ADVANCED_FACE('',(#8212),#8232,.F.);
#8212 = FACE_BOUND('',#8213,.F.);
#8213 = EDGE_LOOP('',(#8214,#8215,#8223,#8229,#8230,#8231));
#8214 = ORIENTED_EDGE('',*,*,#7358,.F.);
#8215 = ORIENTED_EDGE('',*,*,#8216,.F.);
#8216 = EDGE_CURVE('',#8217,#7351,#8219,.T.);
#8217 = VERTEX_POINT('',#8218);
#8218 = CARTESIAN_POINT('',(-0.317552593066,0.288807485305,
    -3.002447406934));
#8219 = LINE('',#8220,#8221);
#8220 = CARTESIAN_POINT('',(-0.243720930233,0.300465116279,
    -3.076279069767));
#8221 = VECTOR('',#8222,1.);
#8222 = DIRECTION('',(-0.702740385383,-0.110959008218,0.702740385383));
#8223 = ORIENTED_EDGE('',*,*,#8224,.T.);
#8224 = EDGE_CURVE('',#8217,#8144,#8225,.T.);
#8225 = LINE('',#8226,#8227);
#8226 = CARTESIAN_POINT('',(-0.32,0.288807485305,-3.002447406934));
#8227 = VECTOR('',#8228,1.);
#8228 = DIRECTION('',(1.,0.,0.));
#8229 = ORIENTED_EDGE('',*,*,#8151,.T.);
#8230 = ORIENTED_EDGE('',*,*,#7278,.T.);
#8231 = ORIENTED_EDGE('',*,*,#8198,.F.);
#8232 = PLANE('',#8233);
#8233 = AXIS2_PLACEMENT_3D('',#8234,#8235,#8236);
#8234 = CARTESIAN_POINT('',(-0.32,0.32,-3.2));
#8235 = DIRECTION('',(0.,-0.987762965329,-0.155962573473));
#8236 = DIRECTION('',(0.,-0.155962573473,0.987762965329));
#8237 = ADVANCED_FACE('',(#8238),#8265,.T.);
#8238 = FACE_BOUND('',#8239,.F.);
#8239 = EDGE_LOOP('',(#8240,#8248,#8256,#8262,#8263,#8264));
#8240 = ORIENTED_EDGE('',*,*,#8241,.F.);
#8241 = EDGE_CURVE('',#8242,#8177,#8244,.T.);
#8242 = VERTEX_POINT('',#8243);
#8243 = CARTESIAN_POINT('',(-0.12,-0.12,-3.2));
#8244 = LINE('',#8245,#8246);
#8245 = CARTESIAN_POINT('',(-0.24881689775,-0.270752273427,
    -3.07118310225));
#8246 = VECTOR('',#8247,1.);
#8247 = DIRECTION('',(-0.544770019249,-0.63753529491,0.544770019249));
#8248 = ORIENTED_EDGE('',*,*,#8249,.T.);
#8249 = EDGE_CURVE('',#8242,#8250,#8252,.T.);
#8250 = VERTEX_POINT('',#8251);
#8251 = CARTESIAN_POINT('',(-0.12,0.12,-3.2));
#8252 = LINE('',#8253,#8254);
#8253 = CARTESIAN_POINT('',(-0.12,-0.32,-3.2));
#8254 = VECTOR('',#8255,1.);
#8255 = DIRECTION('',(0.,1.,0.));
#8256 = ORIENTED_EDGE('',*,*,#8257,.T.);
#8257 = EDGE_CURVE('',#8250,#8217,#8258,.T.);
#8258 = LINE('',#8259,#8260);
#8259 = CARTESIAN_POINT('',(-0.155697812072,0.150503562587,
    -3.164302187928));
#8260 = VECTOR('',#8261,1.);
#8261 = DIRECTION('',(-0.605209817607,0.517148096144,0.605209817607));
#8262 = ORIENTED_EDGE('',*,*,#8216,.T.);
#8263 = ORIENTED_EDGE('',*,*,#7348,.F.);
#8264 = ORIENTED_EDGE('',*,*,#8184,.F.);
#8265 = PLANE('',#8266);
#8266 = AXIS2_PLACEMENT_3D('',#8267,#8268,#8269);
#8267 = CARTESIAN_POINT('',(-0.22,-0.32,-3.1));
#8268 = DIRECTION('',(-0.707106781187,-1.735417226644E-18,
    -0.707106781187));
#8269 = DIRECTION('',(1.227125289148E-18,-1.,1.227125289148E-18));
#8270 = ADVANCED_FACE('',(#8271),#8296,.F.);
#8271 = FACE_BOUND('',#8272,.T.);
#8272 = EDGE_LOOP('',(#8273,#8281,#8289,#8295));
#8273 = ORIENTED_EDGE('',*,*,#8274,.F.);
#8274 = EDGE_CURVE('',#8275,#7398,#8277,.T.);
#8275 = VERTEX_POINT('',#8276);
#8276 = CARTESIAN_POINT('',(2.62,-0.12,-3.2));
#8277 = LINE('',#8278,#8279);
#8278 = CARTESIAN_POINT('',(2.646666666667,-0.146666666667,
    -3.173333333333));
#8279 = VECTOR('',#8280,1.);
#8280 = DIRECTION('',(0.57735026919,-0.57735026919,0.57735026919));
#8281 = ORIENTED_EDGE('',*,*,#8282,.T.);
#8282 = EDGE_CURVE('',#8275,#8283,#8285,.T.);
#8283 = VERTEX_POINT('',#8284);
#8284 = CARTESIAN_POINT('',(2.62,0.12,-3.2));
#8285 = LINE('',#8286,#8287);
#8286 = CARTESIAN_POINT('',(2.62,-0.32,-3.2));
#8287 = VECTOR('',#8288,1.);
#8288 = DIRECTION('',(0.,1.,0.));
#8289 = ORIENTED_EDGE('',*,*,#8290,.T.);
#8290 = EDGE_CURVE('',#8283,#7400,#8291,.T.);
#8291 = LINE('',#8292,#8293);
#8292 = CARTESIAN_POINT('',(2.54,4.E-02,-3.28));
#8293 = VECTOR('',#8294,1.);
#8294 = DIRECTION('',(0.57735026919,0.57735026919,0.57735026919));
#8295 = ORIENTED_EDGE('',*,*,#7397,.F.);
#8296 = PLANE('',#8297);
#8297 = AXIS2_PLACEMENT_3D('',#8298,#8299,#8300);
#8298 = CARTESIAN_POINT('',(2.72,-0.32,-3.1));
#8299 = DIRECTION('',(-0.707106781187,1.735417226644E-18,0.707106781187)
  );
#8300 = DIRECTION('',(-1.227125289148E-18,-1.,1.227125289148E-18));
#8301 = ADVANCED_FACE('',(#8302),#8320,.T.);
#8302 = FACE_BOUND('',#8303,.F.);
#8303 = EDGE_LOOP('',(#8304,#8312,#8318,#8319));
#8304 = ORIENTED_EDGE('',*,*,#8305,.F.);
#8305 = EDGE_CURVE('',#8306,#7429,#8308,.T.);
#8306 = VERTEX_POINT('',#8307);
#8307 = CARTESIAN_POINT('',(2.38,0.12,-3.2));
#8308 = LINE('',#8309,#8310);
#8309 = CARTESIAN_POINT('',(2.353333333333,0.146666666667,
    -3.173333333333));
#8310 = VECTOR('',#8311,1.);
#8311 = DIRECTION('',(-0.57735026919,0.57735026919,0.57735026919));
#8312 = ORIENTED_EDGE('',*,*,#8313,.T.);
#8313 = EDGE_CURVE('',#8306,#8283,#8314,.T.);
#8314 = LINE('',#8315,#8316);
#8315 = CARTESIAN_POINT('',(2.18,0.12,-3.2));
#8316 = VECTOR('',#8317,1.);
#8317 = DIRECTION('',(1.,0.,0.));
#8318 = ORIENTED_EDGE('',*,*,#8290,.T.);
#8319 = ORIENTED_EDGE('',*,*,#7436,.F.);
#8320 = PLANE('',#8321);
#8321 = AXIS2_PLACEMENT_3D('',#8322,#8323,#8324);
#8322 = CARTESIAN_POINT('',(2.18,0.22,-3.1));
#8323 = DIRECTION('',(-1.735417226644E-18,0.707106781187,-0.707106781187
    ));
#8324 = DIRECTION('',(-1.,-1.227125289148E-18,1.227125289148E-18));
#8325 = ADVANCED_FACE('',(#8326),#8344,.T.);
#8326 = FACE_BOUND('',#8327,.F.);
#8327 = EDGE_LOOP('',(#8328,#8336,#8342,#8343));
#8328 = ORIENTED_EDGE('',*,*,#8329,.F.);
#8329 = EDGE_CURVE('',#8330,#7453,#8332,.T.);
#8330 = VERTEX_POINT('',#8331);
#8331 = CARTESIAN_POINT('',(2.38,-0.12,-3.2));
#8332 = LINE('',#8333,#8334);
#8333 = CARTESIAN_POINT('',(2.246666666667,-0.253333333333,
    -3.066666666667));
#8334 = VECTOR('',#8335,1.);
#8335 = DIRECTION('',(-0.57735026919,-0.57735026919,0.57735026919));
#8336 = ORIENTED_EDGE('',*,*,#8337,.T.);
#8337 = EDGE_CURVE('',#8330,#8306,#8338,.T.);
#8338 = LINE('',#8339,#8340);
#8339 = CARTESIAN_POINT('',(2.38,-0.32,-3.2));
#8340 = VECTOR('',#8341,1.);
#8341 = DIRECTION('',(0.,1.,0.));
#8342 = ORIENTED_EDGE('',*,*,#8305,.T.);
#8343 = ORIENTED_EDGE('',*,*,#7452,.F.);
#8344 = PLANE('',#8345);
#8345 = AXIS2_PLACEMENT_3D('',#8346,#8347,#8348);
#8346 = CARTESIAN_POINT('',(2.28,-0.32,-3.1));
#8347 = DIRECTION('',(-0.707106781187,-1.735417226644E-18,
    -0.707106781187));
#8348 = DIRECTION('',(1.227125289148E-18,-1.,1.227125289148E-18));
#8349 = ADVANCED_FACE('',(#8350),#8361,.T.);
#8350 = FACE_BOUND('',#8351,.T.);
#8351 = EDGE_LOOP('',(#8352,#8353,#8359,#8360));
#8352 = ORIENTED_EDGE('',*,*,#8329,.F.);
#8353 = ORIENTED_EDGE('',*,*,#8354,.T.);
#8354 = EDGE_CURVE('',#8330,#8275,#8355,.T.);
#8355 = LINE('',#8356,#8357);
#8356 = CARTESIAN_POINT('',(2.18,-0.12,-3.2));
#8357 = VECTOR('',#8358,1.);
#8358 = DIRECTION('',(1.,0.,0.));
#8359 = ORIENTED_EDGE('',*,*,#8274,.T.);
#8360 = ORIENTED_EDGE('',*,*,#7479,.F.);
#8361 = PLANE('',#8362);
#8362 = AXIS2_PLACEMENT_3D('',#8363,#8364,#8365);
#8363 = CARTESIAN_POINT('',(2.18,-0.22,-3.1));
#8364 = DIRECTION('',(1.735417226644E-18,-0.707106781187,-0.707106781187
    ));
#8365 = DIRECTION('',(1.,1.227125289148E-18,1.227125289148E-18));
#8366 = ADVANCED_FACE('',(#8367),#8378,.F.);
#8367 = FACE_BOUND('',#8368,.F.);
#8368 = EDGE_LOOP('',(#8369,#8370,#8371,#8377));
#8369 = ORIENTED_EDGE('',*,*,#7510,.T.);
#8370 = ORIENTED_EDGE('',*,*,#7558,.T.);
#8371 = ORIENTED_EDGE('',*,*,#8372,.F.);
#8372 = EDGE_CURVE('',#7632,#7559,#8373,.T.);
#8373 = LINE('',#8374,#8375);
#8374 = CARTESIAN_POINT('',(4.68,-0.62,-1.3));
#8375 = VECTOR('',#8376,1.);
#8376 = DIRECTION('',(1.,0.,0.));
#8377 = ORIENTED_EDGE('',*,*,#7631,.F.);
#8378 = PLANE('',#8379);
#8379 = AXIS2_PLACEMENT_3D('',#8380,#8381,#8382);
#8380 = CARTESIAN_POINT('',(4.68,-0.32,-0.7));
#8381 = DIRECTION('',(0.,0.894427191,-0.4472135955));
#8382 = DIRECTION('',(0.,-0.4472135955,-0.894427191));
#8383 = ADVANCED_FACE('',(#8384),#8425,.F.);
#8384 = FACE_BOUND('',#8385,.T.);
#8385 = EDGE_LOOP('',(#8386,#8396,#8404,#8412,#8418,#8419));
#8386 = ORIENTED_EDGE('',*,*,#8387,.F.);
#8387 = EDGE_CURVE('',#8388,#8390,#8392,.T.);
#8388 = VERTEX_POINT('',#8389);
#8389 = CARTESIAN_POINT('',(5.12,-0.12,-3.2));
#8390 = VERTEX_POINT('',#8391);
#8391 = CARTESIAN_POINT('',(5.317552593066,-0.351192514695,
    -3.002447406934));
#8392 = LINE('',#8393,#8394);
#8393 = CARTESIAN_POINT('',(5.153849098111,-0.159613036666,
    -3.166150901889));
#8394 = VECTOR('',#8395,1.);
#8395 = DIRECTION('',(0.544770019249,-0.63753529491,0.544770019249));
#8396 = ORIENTED_EDGE('',*,*,#8397,.T.);
#8397 = EDGE_CURVE('',#8388,#8398,#8400,.T.);
#8398 = VERTEX_POINT('',#8399);
#8399 = CARTESIAN_POINT('',(5.12,0.12,-3.2));
#8400 = LINE('',#8401,#8402);
#8401 = CARTESIAN_POINT('',(5.12,-0.32,-3.2));
#8402 = VECTOR('',#8403,1.);
#8403 = DIRECTION('',(0.,1.,0.));
#8404 = ORIENTED_EDGE('',*,*,#8405,.T.);
#8405 = EDGE_CURVE('',#8398,#8406,#8408,.T.);
#8406 = VERTEX_POINT('',#8407);
#8407 = CARTESIAN_POINT('',(5.317552593066,0.288807485305,
    -3.002447406934));
#8408 = LINE('',#8409,#8410);
#8409 = CARTESIAN_POINT('',(5.038488556608,5.034896900541E-02,
    -3.281511443392));
#8410 = VECTOR('',#8411,1.);
#8411 = DIRECTION('',(0.605209817607,0.517148096144,0.605209817607));
#8412 = ORIENTED_EDGE('',*,*,#8413,.T.);
#8413 = EDGE_CURVE('',#8406,#7527,#8414,.T.);
#8414 = LINE('',#8415,#8416);
#8415 = CARTESIAN_POINT('',(5.085690834473,0.325417236662,
    -3.234309165527));
#8416 = VECTOR('',#8417,1.);
#8417 = DIRECTION('',(0.702740385383,-0.110959008218,0.702740385383));
#8418 = ORIENTED_EDGE('',*,*,#7524,.F.);
#8419 = ORIENTED_EDGE('',*,*,#8420,.F.);
#8420 = EDGE_CURVE('',#8390,#7525,#8421,.T.);
#8421 = LINE('',#8422,#8423);
#8422 = CARTESIAN_POINT('',(5.541586867305,-0.386566347469,
    -2.778413132695));
#8423 = VECTOR('',#8424,1.);
#8424 = DIRECTION('',(0.702740385383,-0.110959008218,0.702740385383));
#8425 = PLANE('',#8426);
#8426 = AXIS2_PLACEMENT_3D('',#8427,#8428,#8429);
#8427 = CARTESIAN_POINT('',(5.22,-0.32,-3.1));
#8428 = DIRECTION('',(-0.707106781187,1.735417226644E-18,0.707106781187)
  );
#8429 = DIRECTION('',(-1.227125289148E-18,-1.,1.227125289148E-18));
#8430 = ADVANCED_FACE('',(#8431),#8451,.F.);
#8431 = FACE_BOUND('',#8432,.F.);
#8432 = EDGE_LOOP('',(#8433,#8434,#8435,#8436,#8437,#8445));
#8433 = ORIENTED_EDGE('',*,*,#7639,.F.);
#8434 = ORIENTED_EDGE('',*,*,#8372,.T.);
#8435 = ORIENTED_EDGE('',*,*,#7566,.T.);
#8436 = ORIENTED_EDGE('',*,*,#8420,.F.);
#8437 = ORIENTED_EDGE('',*,*,#8438,.F.);
#8438 = EDGE_CURVE('',#8439,#8390,#8441,.T.);
#8439 = VERTEX_POINT('',#8440);
#8440 = CARTESIAN_POINT('',(4.682447406934,-0.351192514695,
    -3.002447406934));
#8441 = LINE('',#8442,#8443);
#8442 = CARTESIAN_POINT('',(4.68,-0.351192514695,-3.002447406934));
#8443 = VECTOR('',#8444,1.);
#8444 = DIRECTION('',(1.,0.,0.));
#8445 = ORIENTED_EDGE('',*,*,#8446,.T.);
#8446 = EDGE_CURVE('',#8439,#7605,#8447,.T.);
#8447 = LINE('',#8448,#8449);
#8448 = CARTESIAN_POINT('',(4.300383036936,-0.411518467852,
    -2.620383036936));
#8449 = VECTOR('',#8450,1.);
#8450 = DIRECTION('',(-0.702740385383,-0.110959008218,0.702740385383));
#8451 = PLANE('',#8452);
#8452 = AXIS2_PLACEMENT_3D('',#8453,#8454,#8455);
#8453 = CARTESIAN_POINT('',(4.68,-0.62,-1.3));
#8454 = DIRECTION('',(0.,0.987762965329,0.155962573473));
#8455 = DIRECTION('',(0.,0.155962573473,-0.987762965329));
#8456 = ADVANCED_FACE('',(#8457),#8468,.F.);
#8457 = FACE_BOUND('',#8458,.F.);
#8458 = EDGE_LOOP('',(#8459,#8465,#8466,#8467));
#8459 = ORIENTED_EDGE('',*,*,#8460,.T.);
#8460 = EDGE_CURVE('',#7615,#7535,#8461,.T.);
#8461 = LINE('',#8462,#8463);
#8462 = CARTESIAN_POINT('',(4.68,2.E-02,-1.3));
#8463 = VECTOR('',#8464,1.);
#8464 = DIRECTION('',(1.,0.,0.));
#8465 = ORIENTED_EDGE('',*,*,#7542,.T.);
#8466 = ORIENTED_EDGE('',*,*,#7588,.F.);
#8467 = ORIENTED_EDGE('',*,*,#7622,.F.);
#8468 = PLANE('',#8469);
#8469 = AXIS2_PLACEMENT_3D('',#8470,#8471,#8472);
#8470 = CARTESIAN_POINT('',(4.68,2.E-02,-1.3));
#8471 = DIRECTION('',(0.,-0.894427191,0.4472135955));
#8472 = DIRECTION('',(0.,0.4472135955,0.894427191));
#8473 = ADVANCED_FACE('',(#8474),#8494,.F.);
#8474 = FACE_BOUND('',#8475,.F.);
#8475 = EDGE_LOOP('',(#8476,#8477,#8485,#8491,#8492,#8493));
#8476 = ORIENTED_EDGE('',*,*,#7614,.F.);
#8477 = ORIENTED_EDGE('',*,*,#8478,.F.);
#8478 = EDGE_CURVE('',#8479,#7607,#8481,.T.);
#8479 = VERTEX_POINT('',#8480);
#8480 = CARTESIAN_POINT('',(4.682447406934,0.288807485305,
    -3.002447406934));
#8481 = LINE('',#8482,#8483);
#8482 = CARTESIAN_POINT('',(4.756279069767,0.300465116279,
    -3.076279069767));
#8483 = VECTOR('',#8484,1.);
#8484 = DIRECTION('',(-0.702740385383,-0.110959008218,0.702740385383));
#8485 = ORIENTED_EDGE('',*,*,#8486,.T.);
#8486 = EDGE_CURVE('',#8479,#8406,#8487,.T.);
#8487 = LINE('',#8488,#8489);
#8488 = CARTESIAN_POINT('',(4.68,0.288807485305,-3.002447406934));
#8489 = VECTOR('',#8490,1.);
#8490 = DIRECTION('',(1.,0.,0.));
#8491 = ORIENTED_EDGE('',*,*,#8413,.T.);
#8492 = ORIENTED_EDGE('',*,*,#7534,.T.);
#8493 = ORIENTED_EDGE('',*,*,#8460,.F.);
#8494 = PLANE('',#8495);
#8495 = AXIS2_PLACEMENT_3D('',#8496,#8497,#8498);
#8496 = CARTESIAN_POINT('',(4.68,0.32,-3.2));
#8497 = DIRECTION('',(0.,-0.987762965329,-0.155962573473));
#8498 = DIRECTION('',(0.,-0.155962573473,0.987762965329));
#8499 = ADVANCED_FACE('',(#8500),#8527,.T.);
#8500 = FACE_BOUND('',#8501,.F.);
#8501 = EDGE_LOOP('',(#8502,#8510,#8518,#8524,#8525,#8526));
#8502 = ORIENTED_EDGE('',*,*,#8503,.F.);
#8503 = EDGE_CURVE('',#8504,#8439,#8506,.T.);
#8504 = VERTEX_POINT('',#8505);
#8505 = CARTESIAN_POINT('',(4.88,-0.12,-3.2));
#8506 = LINE('',#8507,#8508);
#8507 = CARTESIAN_POINT('',(4.75118310225,-0.270752273427,-3.07118310225
    ));
#8508 = VECTOR('',#8509,1.);
#8509 = DIRECTION('',(-0.544770019249,-0.63753529491,0.544770019249));
#8510 = ORIENTED_EDGE('',*,*,#8511,.T.);
#8511 = EDGE_CURVE('',#8504,#8512,#8514,.T.);
#8512 = VERTEX_POINT('',#8513);
#8513 = CARTESIAN_POINT('',(4.88,0.12,-3.2));
#8514 = LINE('',#8515,#8516);
#8515 = CARTESIAN_POINT('',(4.88,-0.32,-3.2));
#8516 = VECTOR('',#8517,1.);
#8517 = DIRECTION('',(0.,1.,0.));
#8518 = ORIENTED_EDGE('',*,*,#8519,.T.);
#8519 = EDGE_CURVE('',#8512,#8479,#8520,.T.);
#8520 = LINE('',#8521,#8522);
#8521 = CARTESIAN_POINT('',(4.844302187928,0.150503562587,
    -3.164302187928));
#8522 = VECTOR('',#8523,1.);
#8523 = DIRECTION('',(-0.605209817607,0.517148096144,0.605209817607));
#8524 = ORIENTED_EDGE('',*,*,#8478,.T.);
#8525 = ORIENTED_EDGE('',*,*,#7604,.F.);
#8526 = ORIENTED_EDGE('',*,*,#8446,.F.);
#8527 = PLANE('',#8528);
#8528 = AXIS2_PLACEMENT_3D('',#8529,#8530,#8531);
#8529 = CARTESIAN_POINT('',(4.78,-0.32,-3.1));
#8530 = DIRECTION('',(-0.707106781187,-1.735417226644E-18,
    -0.707106781187));
#8531 = DIRECTION('',(1.227125289148E-18,-1.,1.227125289148E-18));
#8532 = ADVANCED_FACE('',(#8533),#8544,.T.);
#8533 = FACE_BOUND('',#8534,.T.);
#8534 = EDGE_LOOP('',(#8535,#8536,#8537,#8543));
#8535 = ORIENTED_EDGE('',*,*,#7734,.F.);
#8536 = ORIENTED_EDGE('',*,*,#7711,.T.);
#8537 = ORIENTED_EDGE('',*,*,#8538,.T.);
#8538 = EDGE_CURVE('',#7704,#7767,#8539,.T.);
#8539 = LINE('',#8540,#8541);
#8540 = CARTESIAN_POINT('',(6.5,0.65,6.));
#8541 = VECTOR('',#8542,1.);
#8542 = DIRECTION('',(-0.,-0.,-1.));
#8543 = ORIENTED_EDGE('',*,*,#7766,.F.);
#8544 = PLANE('',#8545);
#8545 = AXIS2_PLACEMENT_3D('',#8546,#8547,#8548);
#8546 = CARTESIAN_POINT('',(6.5,-0.814780671729,3.627769701184));
#8547 = DIRECTION('',(-1.,-8.024334182119E-32,-2.506668067558E-31));
#8548 = DIRECTION('',(2.506668067558E-31,0.,-1.));
#8549 = ADVANCED_FACE('',(#8550),#8561,.F.);
#8550 = FACE_BOUND('',#8551,.F.);
#8551 = EDGE_LOOP('',(#8552,#8553,#8554,#8560));
#8552 = ORIENTED_EDGE('',*,*,#8538,.T.);
#8553 = ORIENTED_EDGE('',*,*,#7774,.T.);
#8554 = ORIENTED_EDGE('',*,*,#8555,.F.);
#8555 = EDGE_CURVE('',#7696,#7775,#8556,.T.);
#8556 = LINE('',#8557,#8558);
#8557 = CARTESIAN_POINT('',(7.05,0.65,6.));
#8558 = VECTOR('',#8559,1.);
#8559 = DIRECTION('',(-0.,-0.,-1.));
#8560 = ORIENTED_EDGE('',*,*,#7703,.F.);
#8561 = PLANE('',#8562);
#8562 = AXIS2_PLACEMENT_3D('',#8563,#8564,#8565);
#8563 = CARTESIAN_POINT('',(6.5,0.65,6.));
#8564 = DIRECTION('',(0.,-1.,0.));
#8565 = DIRECTION('',(1.,0.,0.));
#8566 = ADVANCED_FACE('',(#8567),#8578,.F.);
#8567 = FACE_BOUND('',#8568,.F.);
#8568 = EDGE_LOOP('',(#8569,#8570,#8571,#8577));
#8569 = ORIENTED_EDGE('',*,*,#8555,.T.);
#8570 = ORIENTED_EDGE('',*,*,#7782,.T.);
#8571 = ORIENTED_EDGE('',*,*,#8572,.F.);
#8572 = EDGE_CURVE('',#7688,#7783,#8573,.T.);
#8573 = LINE('',#8574,#8575);
#8574 = CARTESIAN_POINT('',(7.05,1.15,6.));
#8575 = VECTOR('',#8576,1.);
#8576 = DIRECTION('',(-0.,-0.,-1.));
#8577 = ORIENTED_EDGE('',*,*,#7695,.F.);
#8578 = PLANE('',#8579);
#8579 = AXIS2_PLACEMENT_3D('',#8580,#8581,#8582);
#8580 = CARTESIAN_POINT('',(7.05,0.65,6.));
#8581 = DIRECTION('',(1.,0.,0.));
#8582 = DIRECTION('',(-0.,1.,0.));
#8583 = ADVANCED_FACE('',(#8584),#8595,.F.);
#8584 = FACE_BOUND('',#8585,.F.);
#8585 = EDGE_LOOP('',(#8586,#8587,#8588,#8594));
#8586 = ORIENTED_EDGE('',*,*,#8572,.T.);
#8587 = ORIENTED_EDGE('',*,*,#7790,.T.);
#8588 = ORIENTED_EDGE('',*,*,#8589,.F.);
#8589 = EDGE_CURVE('',#7680,#7791,#8590,.T.);
#8590 = LINE('',#8591,#8592);
#8591 = CARTESIAN_POINT('',(-2.05,1.15,6.));
#8592 = VECTOR('',#8593,1.);
#8593 = DIRECTION('',(-0.,-0.,-1.));
#8594 = ORIENTED_EDGE('',*,*,#7687,.F.);
#8595 = PLANE('',#8596);
#8596 = AXIS2_PLACEMENT_3D('',#8597,#8598,#8599);
#8597 = CARTESIAN_POINT('',(7.05,1.15,6.));
#8598 = DIRECTION('',(0.,1.,0.));
#8599 = DIRECTION('',(-1.,0.,0.));
#8600 = ADVANCED_FACE('',(#8601),#8612,.F.);
#8601 = FACE_BOUND('',#8602,.F.);
#8602 = EDGE_LOOP('',(#8603,#8604,#8605,#8611));
#8603 = ORIENTED_EDGE('',*,*,#8589,.T.);
#8604 = ORIENTED_EDGE('',*,*,#7798,.T.);
#8605 = ORIENTED_EDGE('',*,*,#8606,.F.);
#8606 = EDGE_CURVE('',#7672,#7799,#8607,.T.);
#8607 = LINE('',#8608,#8609);
#8608 = CARTESIAN_POINT('',(-2.05,0.65,6.));
#8609 = VECTOR('',#8610,1.);
#8610 = DIRECTION('',(-0.,-0.,-1.));
#8611 = ORIENTED_EDGE('',*,*,#7679,.F.);
#8612 = PLANE('',#8613);
#8613 = AXIS2_PLACEMENT_3D('',#8614,#8615,#8616);
#8614 = CARTESIAN_POINT('',(-2.05,1.15,6.));
#8615 = DIRECTION('',(-1.,0.,0.));
#8616 = DIRECTION('',(0.,-1.,0.));
#8617 = ADVANCED_FACE('',(#8618),#8629,.F.);
#8618 = FACE_BOUND('',#8619,.F.);
#8619 = EDGE_LOOP('',(#8620,#8621,#8622,#8628));
#8620 = ORIENTED_EDGE('',*,*,#8606,.T.);
#8621 = ORIENTED_EDGE('',*,*,#7806,.T.);
#8622 = ORIENTED_EDGE('',*,*,#8623,.F.);
#8623 = EDGE_CURVE('',#7664,#7807,#8624,.T.);
#8624 = LINE('',#8625,#8626);
#8625 = CARTESIAN_POINT('',(-1.5,0.65,6.));
#8626 = VECTOR('',#8627,1.);
#8627 = DIRECTION('',(-0.,-0.,-1.));
#8628 = ORIENTED_EDGE('',*,*,#7671,.F.);
#8629 = PLANE('',#8630);
#8630 = AXIS2_PLACEMENT_3D('',#8631,#8632,#8633);
#8631 = CARTESIAN_POINT('',(-2.05,0.65,6.));
#8632 = DIRECTION('',(0.,-1.,0.));
#8633 = DIRECTION('',(1.,0.,0.));
#8634 = ADVANCED_FACE('',(#8635),#8641,.T.);
#8635 = FACE_BOUND('',#8636,.T.);
#8636 = EDGE_LOOP('',(#8637,#8638,#8639,#8640));
#8637 = ORIENTED_EDGE('',*,*,#7663,.T.);
#8638 = ORIENTED_EDGE('',*,*,#8093,.F.);
#8639 = ORIENTED_EDGE('',*,*,#7814,.F.);
#8640 = ORIENTED_EDGE('',*,*,#8623,.F.);
#8641 = PLANE('',#8642);
#8642 = AXIS2_PLACEMENT_3D('',#8643,#8644,#8645);
#8643 = CARTESIAN_POINT('',(-1.5,-0.814780671729,3.627769701184));
#8644 = DIRECTION('',(1.,4.702036321642E-33,-1.762255155449E-32));
#8645 = DIRECTION('',(1.762255155449E-32,0.,1.));
#8646 = ADVANCED_FACE('',(#8647),#8672,.F.);
#8647 = FACE_BOUND('',#8648,.F.);
#8648 = EDGE_LOOP('',(#8649,#8657,#8665,#8671));
#8649 = ORIENTED_EDGE('',*,*,#8650,.F.);
#8650 = EDGE_CURVE('',#8651,#7848,#8653,.T.);
#8651 = VERTEX_POINT('',#8652);
#8652 = CARTESIAN_POINT('',(4.68,-0.32,4.9));
#8653 = LINE('',#8654,#8655);
#8654 = CARTESIAN_POINT('',(4.68,-0.32,5.1));
#8655 = VECTOR('',#8656,1.);
#8656 = DIRECTION('',(0.,0.,-1.));
#8657 = ORIENTED_EDGE('',*,*,#8658,.T.);
#8658 = EDGE_CURVE('',#8651,#8659,#8661,.T.);
#8659 = VERTEX_POINT('',#8660);
#8660 = CARTESIAN_POINT('',(5.32,-0.32,4.9));
#8661 = LINE('',#8662,#8663);
#8662 = CARTESIAN_POINT('',(4.68,-0.32,4.9));
#8663 = VECTOR('',#8664,1.);
#8664 = DIRECTION('',(1.,0.,0.));
#8665 = ORIENTED_EDGE('',*,*,#8666,.T.);
#8666 = EDGE_CURVE('',#8659,#7846,#8667,.T.);
#8667 = LINE('',#8668,#8669);
#8668 = CARTESIAN_POINT('',(5.32,-0.32,5.1));
#8669 = VECTOR('',#8670,1.);
#8670 = DIRECTION('',(0.,0.,-1.));
#8671 = ORIENTED_EDGE('',*,*,#7845,.T.);
#8672 = PLANE('',#8673);
#8673 = AXIS2_PLACEMENT_3D('',#8674,#8675,#8676);
#8674 = CARTESIAN_POINT('',(4.68,-0.32,5.1));
#8675 = DIRECTION('',(0.,1.,0.));
#8676 = DIRECTION('',(0.,0.,-1.));
#8677 = ADVANCED_FACE('',(#8678),#8696,.T.);
#8678 = FACE_BOUND('',#8679,.T.);
#8679 = EDGE_LOOP('',(#8680,#8681,#8689,#8695));
#8680 = ORIENTED_EDGE('',*,*,#7871,.T.);
#8681 = ORIENTED_EDGE('',*,*,#8682,.T.);
#8682 = EDGE_CURVE('',#7864,#8683,#8685,.T.);
#8683 = VERTEX_POINT('',#8684);
#8684 = CARTESIAN_POINT('',(5.32,0.32,4.9));
#8685 = LINE('',#8686,#8687);
#8686 = CARTESIAN_POINT('',(5.32,0.32,-0.7));
#8687 = VECTOR('',#8688,1.);
#8688 = DIRECTION('',(0.,0.,1.));
#8689 = ORIENTED_EDGE('',*,*,#8690,.T.);
#8690 = EDGE_CURVE('',#8683,#8659,#8691,.T.);
#8691 = LINE('',#8692,#8693);
#8692 = CARTESIAN_POINT('',(5.32,0.32,4.9));
#8693 = VECTOR('',#8694,1.);
#8694 = DIRECTION('',(0.,-1.,0.));
#8695 = ORIENTED_EDGE('',*,*,#8666,.T.);
#8696 = PLANE('',#8697);
#8697 = AXIS2_PLACEMENT_3D('',#8698,#8699,#8700);
#8698 = CARTESIAN_POINT('',(5.32,-4.307486879287E-02,0.926376556288));
#8699 = DIRECTION('',(1.,0.,0.));
#8700 = DIRECTION('',(0.,0.,1.));
#8701 = ADVANCED_FACE('',(#8702),#8720,.F.);
#8702 = FACE_BOUND('',#8703,.F.);
#8703 = EDGE_LOOP('',(#8704,#8712,#8713,#8714));
#8704 = ORIENTED_EDGE('',*,*,#8705,.F.);
#8705 = EDGE_CURVE('',#7856,#8706,#8708,.T.);
#8706 = VERTEX_POINT('',#8707);
#8707 = CARTESIAN_POINT('',(4.68,0.32,4.9));
#8708 = LINE('',#8709,#8710);
#8709 = CARTESIAN_POINT('',(4.68,0.32,-0.7));
#8710 = VECTOR('',#8711,1.);
#8711 = DIRECTION('',(0.,0.,1.));
#8712 = ORIENTED_EDGE('',*,*,#7863,.T.);
#8713 = ORIENTED_EDGE('',*,*,#8682,.T.);
#8714 = ORIENTED_EDGE('',*,*,#8715,.F.);
#8715 = EDGE_CURVE('',#8706,#8683,#8716,.T.);
#8716 = LINE('',#8717,#8718);
#8717 = CARTESIAN_POINT('',(4.68,0.32,4.9));
#8718 = VECTOR('',#8719,1.);
#8719 = DIRECTION('',(1.,0.,0.));
#8720 = PLANE('',#8721);
#8721 = AXIS2_PLACEMENT_3D('',#8722,#8723,#8724);
#8722 = CARTESIAN_POINT('',(4.68,0.32,-0.7));
#8723 = DIRECTION('',(0.,-1.,0.));
#8724 = DIRECTION('',(0.,0.,1.));
#8725 = ADVANCED_FACE('',(#8726),#8737,.F.);
#8726 = FACE_BOUND('',#8727,.F.);
#8727 = EDGE_LOOP('',(#8728,#8729,#8730,#8736));
#8728 = ORIENTED_EDGE('',*,*,#7855,.T.);
#8729 = ORIENTED_EDGE('',*,*,#8705,.T.);
#8730 = ORIENTED_EDGE('',*,*,#8731,.T.);
#8731 = EDGE_CURVE('',#8706,#8651,#8732,.T.);
#8732 = LINE('',#8733,#8734);
#8733 = CARTESIAN_POINT('',(4.68,0.32,4.9));
#8734 = VECTOR('',#8735,1.);
#8735 = DIRECTION('',(0.,-1.,0.));
#8736 = ORIENTED_EDGE('',*,*,#8650,.T.);
#8737 = PLANE('',#8738);
#8738 = AXIS2_PLACEMENT_3D('',#8739,#8740,#8741);
#8739 = CARTESIAN_POINT('',(4.68,-4.307486879287E-02,0.926376556288));
#8740 = DIRECTION('',(1.,0.,0.));
#8741 = DIRECTION('',(0.,0.,1.));
#8742 = ADVANCED_FACE('',(#8743),#8768,.T.);
#8743 = FACE_BOUND('',#8744,.T.);
#8744 = EDGE_LOOP('',(#8745,#8746,#8754,#8762));
#8745 = ORIENTED_EDGE('',*,*,#7879,.T.);
#8746 = ORIENTED_EDGE('',*,*,#8747,.T.);
#8747 = EDGE_CURVE('',#7882,#8748,#8750,.T.);
#8748 = VERTEX_POINT('',#8749);
#8749 = CARTESIAN_POINT('',(2.82,0.32,4.9));
#8750 = LINE('',#8751,#8752);
#8751 = CARTESIAN_POINT('',(2.82,0.32,-3.2));
#8752 = VECTOR('',#8753,1.);
#8753 = DIRECTION('',(0.,0.,1.));
#8754 = ORIENTED_EDGE('',*,*,#8755,.T.);
#8755 = EDGE_CURVE('',#8748,#8756,#8758,.T.);
#8756 = VERTEX_POINT('',#8757);
#8757 = CARTESIAN_POINT('',(2.82,-0.32,4.9));
#8758 = LINE('',#8759,#8760);
#8759 = CARTESIAN_POINT('',(2.82,0.32,4.9));
#8760 = VECTOR('',#8761,1.);
#8761 = DIRECTION('',(0.,-1.,0.));
#8762 = ORIENTED_EDGE('',*,*,#8763,.T.);
#8763 = EDGE_CURVE('',#8756,#7880,#8764,.T.);
#8764 = LINE('',#8765,#8766);
#8765 = CARTESIAN_POINT('',(2.82,-0.32,5.1));
#8766 = VECTOR('',#8767,1.);
#8767 = DIRECTION('',(0.,0.,-1.));
#8768 = PLANE('',#8769);
#8769 = AXIS2_PLACEMENT_3D('',#8770,#8771,#8772);
#8770 = CARTESIAN_POINT('',(2.82,0.,0.95));
#8771 = DIRECTION('',(1.,0.,0.));
#8772 = DIRECTION('',(0.,0.,1.));
#8773 = ADVANCED_FACE('',(#8774),#8792,.F.);
#8774 = FACE_BOUND('',#8775,.F.);
#8775 = EDGE_LOOP('',(#8776,#8784,#8785,#8786));
#8776 = ORIENTED_EDGE('',*,*,#8777,.F.);
#8777 = EDGE_CURVE('',#7898,#8778,#8780,.T.);
#8778 = VERTEX_POINT('',#8779);
#8779 = CARTESIAN_POINT('',(2.18,0.32,4.9));
#8780 = LINE('',#8781,#8782);
#8781 = CARTESIAN_POINT('',(2.18,0.32,-3.2));
#8782 = VECTOR('',#8783,1.);
#8783 = DIRECTION('',(0.,0.,1.));
#8784 = ORIENTED_EDGE('',*,*,#7905,.T.);
#8785 = ORIENTED_EDGE('',*,*,#8747,.T.);
#8786 = ORIENTED_EDGE('',*,*,#8787,.F.);
#8787 = EDGE_CURVE('',#8778,#8748,#8788,.T.);
#8788 = LINE('',#8789,#8790);
#8789 = CARTESIAN_POINT('',(2.18,0.32,4.9));
#8790 = VECTOR('',#8791,1.);
#8791 = DIRECTION('',(1.,0.,0.));
#8792 = PLANE('',#8793);
#8793 = AXIS2_PLACEMENT_3D('',#8794,#8795,#8796);
#8794 = CARTESIAN_POINT('',(2.18,0.32,-3.2));
#8795 = DIRECTION('',(0.,-1.,0.));
#8796 = DIRECTION('',(0.,0.,1.));
#8797 = ADVANCED_FACE('',(#8798),#8816,.F.);
#8798 = FACE_BOUND('',#8799,.F.);
#8799 = EDGE_LOOP('',(#8800,#8801,#8802,#8810));
#8800 = ORIENTED_EDGE('',*,*,#7897,.T.);
#8801 = ORIENTED_EDGE('',*,*,#8777,.T.);
#8802 = ORIENTED_EDGE('',*,*,#8803,.T.);
#8803 = EDGE_CURVE('',#8778,#8804,#8806,.T.);
#8804 = VERTEX_POINT('',#8805);
#8805 = CARTESIAN_POINT('',(2.18,-0.32,4.9));
#8806 = LINE('',#8807,#8808);
#8807 = CARTESIAN_POINT('',(2.18,0.32,4.9));
#8808 = VECTOR('',#8809,1.);
#8809 = DIRECTION('',(0.,-1.,0.));
#8810 = ORIENTED_EDGE('',*,*,#8811,.T.);
#8811 = EDGE_CURVE('',#8804,#7890,#8812,.T.);
#8812 = LINE('',#8813,#8814);
#8813 = CARTESIAN_POINT('',(2.18,-0.32,5.1));
#8814 = VECTOR('',#8815,1.);
#8815 = DIRECTION('',(0.,0.,-1.));
#8816 = PLANE('',#8817);
#8817 = AXIS2_PLACEMENT_3D('',#8818,#8819,#8820);
#8818 = CARTESIAN_POINT('',(2.18,0.,0.95));
#8819 = DIRECTION('',(1.,0.,0.));
#8820 = DIRECTION('',(0.,0.,1.));
#8821 = ADVANCED_FACE('',(#8822),#8833,.F.);
#8822 = FACE_BOUND('',#8823,.F.);
#8823 = EDGE_LOOP('',(#8824,#8825,#8831,#8832));
#8824 = ORIENTED_EDGE('',*,*,#8811,.F.);
#8825 = ORIENTED_EDGE('',*,*,#8826,.T.);
#8826 = EDGE_CURVE('',#8804,#8756,#8827,.T.);
#8827 = LINE('',#8828,#8829);
#8828 = CARTESIAN_POINT('',(2.18,-0.32,4.9));
#8829 = VECTOR('',#8830,1.);
#8830 = DIRECTION('',(1.,0.,0.));
#8831 = ORIENTED_EDGE('',*,*,#8763,.T.);
#8832 = ORIENTED_EDGE('',*,*,#7889,.T.);
#8833 = PLANE('',#8834);
#8834 = AXIS2_PLACEMENT_3D('',#8835,#8836,#8837);
#8835 = CARTESIAN_POINT('',(2.18,-0.32,5.1));
#8836 = DIRECTION('',(0.,1.,0.));
#8837 = DIRECTION('',(0.,0.,-1.));
#8838 = ADVANCED_FACE('',(#8839),#8864,.F.);
#8839 = FACE_BOUND('',#8840,.F.);
#8840 = EDGE_LOOP('',(#8841,#8849,#8857,#8863));
#8841 = ORIENTED_EDGE('',*,*,#8842,.F.);
#8842 = EDGE_CURVE('',#8843,#7916,#8845,.T.);
#8843 = VERTEX_POINT('',#8844);
#8844 = CARTESIAN_POINT('',(-0.32,-0.32,4.9));
#8845 = LINE('',#8846,#8847);
#8846 = CARTESIAN_POINT('',(-0.32,-0.32,5.1));
#8847 = VECTOR('',#8848,1.);
#8848 = DIRECTION('',(0.,0.,-1.));
#8849 = ORIENTED_EDGE('',*,*,#8850,.T.);
#8850 = EDGE_CURVE('',#8843,#8851,#8853,.T.);
#8851 = VERTEX_POINT('',#8852);
#8852 = CARTESIAN_POINT('',(0.32,-0.32,4.9));
#8853 = LINE('',#8854,#8855);
#8854 = CARTESIAN_POINT('',(-0.32,-0.32,4.9));
#8855 = VECTOR('',#8856,1.);
#8856 = DIRECTION('',(1.,0.,0.));
#8857 = ORIENTED_EDGE('',*,*,#8858,.T.);
#8858 = EDGE_CURVE('',#8851,#7914,#8859,.T.);
#8859 = LINE('',#8860,#8861);
#8860 = CARTESIAN_POINT('',(0.32,-0.32,5.1));
#8861 = VECTOR('',#8862,1.);
#8862 = DIRECTION('',(0.,0.,-1.));
#8863 = ORIENTED_EDGE('',*,*,#7913,.T.);
#8864 = PLANE('',#8865);
#8865 = AXIS2_PLACEMENT_3D('',#8866,#8867,#8868);
#8866 = CARTESIAN_POINT('',(-0.32,-0.32,5.1));
#8867 = DIRECTION('',(0.,1.,0.));
#8868 = DIRECTION('',(0.,0.,-1.));
#8869 = ADVANCED_FACE('',(#8870),#8888,.T.);
#8870 = FACE_BOUND('',#8871,.T.);
#8871 = EDGE_LOOP('',(#8872,#8873,#8881,#8887));
#8872 = ORIENTED_EDGE('',*,*,#7939,.T.);
#8873 = ORIENTED_EDGE('',*,*,#8874,.T.);
#8874 = EDGE_CURVE('',#7932,#8875,#8877,.T.);
#8875 = VERTEX_POINT('',#8876);
#8876 = CARTESIAN_POINT('',(0.32,0.32,4.9));
#8877 = LINE('',#8878,#8879);
#8878 = CARTESIAN_POINT('',(0.32,0.32,-0.7));
#8879 = VECTOR('',#8880,1.);
#8880 = DIRECTION('',(0.,0.,1.));
#8881 = ORIENTED_EDGE('',*,*,#8882,.T.);
#8882 = EDGE_CURVE('',#8875,#8851,#8883,.T.);
#8883 = LINE('',#8884,#8885);
#8884 = CARTESIAN_POINT('',(0.32,0.32,4.9));
#8885 = VECTOR('',#8886,1.);
#8886 = DIRECTION('',(0.,-1.,0.));
#8887 = ORIENTED_EDGE('',*,*,#8858,.T.);
#8888 = PLANE('',#8889);
#8889 = AXIS2_PLACEMENT_3D('',#8890,#8891,#8892);
#8890 = CARTESIAN_POINT('',(0.32,-4.307486879287E-02,0.926376556288));
#8891 = DIRECTION('',(1.,0.,0.));
#8892 = DIRECTION('',(0.,0.,1.));
#8893 = ADVANCED_FACE('',(#8894),#8912,.F.);
#8894 = FACE_BOUND('',#8895,.F.);
#8895 = EDGE_LOOP('',(#8896,#8904,#8905,#8906));
#8896 = ORIENTED_EDGE('',*,*,#8897,.F.);
#8897 = EDGE_CURVE('',#7924,#8898,#8900,.T.);
#8898 = VERTEX_POINT('',#8899);
#8899 = CARTESIAN_POINT('',(-0.32,0.32,4.9));
#8900 = LINE('',#8901,#8902);
#8901 = CARTESIAN_POINT('',(-0.32,0.32,-0.7));
#8902 = VECTOR('',#8903,1.);
#8903 = DIRECTION('',(0.,0.,1.));
#8904 = ORIENTED_EDGE('',*,*,#7931,.T.);
#8905 = ORIENTED_EDGE('',*,*,#8874,.T.);
#8906 = ORIENTED_EDGE('',*,*,#8907,.F.);
#8907 = EDGE_CURVE('',#8898,#8875,#8908,.T.);
#8908 = LINE('',#8909,#8910);
#8909 = CARTESIAN_POINT('',(-0.32,0.32,4.9));
#8910 = VECTOR('',#8911,1.);
#8911 = DIRECTION('',(1.,0.,0.));
#8912 = PLANE('',#8913);
#8913 = AXIS2_PLACEMENT_3D('',#8914,#8915,#8916);
#8914 = CARTESIAN_POINT('',(-0.32,0.32,-0.7));
#8915 = DIRECTION('',(0.,-1.,0.));
#8916 = DIRECTION('',(0.,0.,1.));
#8917 = ADVANCED_FACE('',(#8918),#8929,.F.);
#8918 = FACE_BOUND('',#8919,.F.);
#8919 = EDGE_LOOP('',(#8920,#8921,#8922,#8928));
#8920 = ORIENTED_EDGE('',*,*,#7923,.T.);
#8921 = ORIENTED_EDGE('',*,*,#8897,.T.);
#8922 = ORIENTED_EDGE('',*,*,#8923,.T.);
#8923 = EDGE_CURVE('',#8898,#8843,#8924,.T.);
#8924 = LINE('',#8925,#8926);
#8925 = CARTESIAN_POINT('',(-0.32,0.32,4.9));
#8926 = VECTOR('',#8927,1.);
#8927 = DIRECTION('',(0.,-1.,0.));
#8928 = ORIENTED_EDGE('',*,*,#8842,.T.);
#8929 = PLANE('',#8930);
#8930 = AXIS2_PLACEMENT_3D('',#8931,#8932,#8933);
#8931 = CARTESIAN_POINT('',(-0.32,-4.307486879287E-02,0.926376556288));
#8932 = DIRECTION('',(1.,0.,0.));
#8933 = DIRECTION('',(0.,0.,1.));
#8934 = ADVANCED_FACE('',(#8935),#8946,.T.);
#8935 = FACE_BOUND('',#8936,.T.);
#8936 = EDGE_LOOP('',(#8937,#8938,#8944,#8945));
#8937 = ORIENTED_EDGE('',*,*,#8241,.F.);
#8938 = ORIENTED_EDGE('',*,*,#8939,.T.);
#8939 = EDGE_CURVE('',#8242,#8126,#8940,.T.);
#8940 = LINE('',#8941,#8942);
#8941 = CARTESIAN_POINT('',(-0.32,-0.12,-3.2));
#8942 = VECTOR('',#8943,1.);
#8943 = DIRECTION('',(1.,0.,0.));
#8944 = ORIENTED_EDGE('',*,*,#8125,.T.);
#8945 = ORIENTED_EDGE('',*,*,#8176,.F.);
#8946 = PLANE('',#8947);
#8947 = AXIS2_PLACEMENT_3D('',#8948,#8949,#8950);
#8948 = CARTESIAN_POINT('',(-0.32,-0.235596257347,-3.101223703467));
#8949 = DIRECTION('',(-3.471050801573E-18,-0.64962967394,-0.760250805153
    ));
#8950 = DIRECTION('',(1.,-2.254897600456E-18,-2.638869166625E-18));
#8951 = ADVANCED_FACE('',(#8952),#8963,.F.);
#8952 = FACE_BOUND('',#8953,.F.);
#8953 = EDGE_LOOP('',(#8954,#8955,#8956,#8957));
#8954 = ORIENTED_EDGE('',*,*,#8249,.F.);
#8955 = ORIENTED_EDGE('',*,*,#8939,.T.);
#8956 = ORIENTED_EDGE('',*,*,#8135,.T.);
#8957 = ORIENTED_EDGE('',*,*,#8958,.F.);
#8958 = EDGE_CURVE('',#8250,#8136,#8959,.T.);
#8959 = LINE('',#8960,#8961);
#8960 = CARTESIAN_POINT('',(-0.32,0.12,-3.2));
#8961 = VECTOR('',#8962,1.);
#8962 = DIRECTION('',(1.,0.,0.));
#8963 = PLANE('',#8964);
#8964 = AXIS2_PLACEMENT_3D('',#8965,#8966,#8967);
#8965 = CARTESIAN_POINT('',(-0.32,-0.32,-3.2));
#8966 = DIRECTION('',(0.,0.,1.));
#8967 = DIRECTION('',(0.,1.,0.));
#8968 = ADVANCED_FACE('',(#8969),#8975,.T.);
#8969 = FACE_BOUND('',#8970,.F.);
#8970 = EDGE_LOOP('',(#8971,#8972,#8973,#8974));
#8971 = ORIENTED_EDGE('',*,*,#8257,.F.);
#8972 = ORIENTED_EDGE('',*,*,#8958,.T.);
#8973 = ORIENTED_EDGE('',*,*,#8143,.T.);
#8974 = ORIENTED_EDGE('',*,*,#8224,.F.);
#8975 = PLANE('',#8976);
#8976 = AXIS2_PLACEMENT_3D('',#8977,#8978,#8979);
#8977 = CARTESIAN_POINT('',(-0.32,0.204403742653,-3.101223703467));
#8978 = DIRECTION('',(0.,0.760250805153,-0.64962967394));
#8979 = DIRECTION('',(-1.,0.,-0.));
#8980 = ADVANCED_FACE('',(#8981),#8987,.F.);
#8981 = FACE_BOUND('',#8982,.F.);
#8982 = EDGE_LOOP('',(#8983,#8984,#8985,#8986));
#8983 = ORIENTED_EDGE('',*,*,#8313,.F.);
#8984 = ORIENTED_EDGE('',*,*,#8337,.F.);
#8985 = ORIENTED_EDGE('',*,*,#8354,.T.);
#8986 = ORIENTED_EDGE('',*,*,#8282,.T.);
#8987 = PLANE('',#8988);
#8988 = AXIS2_PLACEMENT_3D('',#8989,#8990,#8991);
#8989 = CARTESIAN_POINT('',(2.18,-0.32,-3.2));
#8990 = DIRECTION('',(0.,0.,1.));
#8991 = DIRECTION('',(0.,1.,0.));
#8992 = ADVANCED_FACE('',(#8993),#9004,.T.);
#8993 = FACE_BOUND('',#8994,.T.);
#8994 = EDGE_LOOP('',(#8995,#8996,#9002,#9003));
#8995 = ORIENTED_EDGE('',*,*,#8503,.F.);
#8996 = ORIENTED_EDGE('',*,*,#8997,.T.);
#8997 = EDGE_CURVE('',#8504,#8388,#8998,.T.);
#8998 = LINE('',#8999,#9000);
#8999 = CARTESIAN_POINT('',(4.68,-0.12,-3.2));
#9000 = VECTOR('',#9001,1.);
#9001 = DIRECTION('',(1.,0.,0.));
#9002 = ORIENTED_EDGE('',*,*,#8387,.T.);
#9003 = ORIENTED_EDGE('',*,*,#8438,.F.);
#9004 = PLANE('',#9005);
#9005 = AXIS2_PLACEMENT_3D('',#9006,#9007,#9008);
#9006 = CARTESIAN_POINT('',(4.68,-0.235596257347,-3.101223703467));
#9007 = DIRECTION('',(-3.471050801573E-18,-0.64962967394,-0.760250805153
    ));
#9008 = DIRECTION('',(1.,-2.254897600456E-18,-2.638869166625E-18));
#9009 = ADVANCED_FACE('',(#9010),#9021,.F.);
#9010 = FACE_BOUND('',#9011,.F.);
#9011 = EDGE_LOOP('',(#9012,#9013,#9014,#9015));
#9012 = ORIENTED_EDGE('',*,*,#8511,.F.);
#9013 = ORIENTED_EDGE('',*,*,#8997,.T.);
#9014 = ORIENTED_EDGE('',*,*,#8397,.T.);
#9015 = ORIENTED_EDGE('',*,*,#9016,.F.);
#9016 = EDGE_CURVE('',#8512,#8398,#9017,.T.);
#9017 = LINE('',#9018,#9019);
#9018 = CARTESIAN_POINT('',(4.68,0.12,-3.2));
#9019 = VECTOR('',#9020,1.);
#9020 = DIRECTION('',(1.,0.,0.));
#9021 = PLANE('',#9022);
#9022 = AXIS2_PLACEMENT_3D('',#9023,#9024,#9025);
#9023 = CARTESIAN_POINT('',(4.68,-0.32,-3.2));
#9024 = DIRECTION('',(0.,0.,1.));
#9025 = DIRECTION('',(0.,1.,0.));
#9026 = ADVANCED_FACE('',(#9027),#9033,.T.);
#9027 = FACE_BOUND('',#9028,.F.);
#9028 = EDGE_LOOP('',(#9029,#9030,#9031,#9032));
#9029 = ORIENTED_EDGE('',*,*,#8519,.F.);
#9030 = ORIENTED_EDGE('',*,*,#9016,.T.);
#9031 = ORIENTED_EDGE('',*,*,#8405,.T.);
#9032 = ORIENTED_EDGE('',*,*,#8486,.F.);
#9033 = PLANE('',#9034);
#9034 = AXIS2_PLACEMENT_3D('',#9035,#9036,#9037);
#9035 = CARTESIAN_POINT('',(4.68,0.204403742653,-3.101223703467));
#9036 = DIRECTION('',(0.,0.760250805153,-0.64962967394));
#9037 = DIRECTION('',(-1.,0.,-0.));
#9038 = ADVANCED_FACE('',(#9039),#9064,.T.);
#9039 = FACE_BOUND('',#9040,.F.);
#9040 = EDGE_LOOP('',(#9041,#9049,#9057,#9063));
#9041 = ORIENTED_EDGE('',*,*,#9042,.F.);
#9042 = EDGE_CURVE('',#9043,#8651,#9045,.T.);
#9043 = VERTEX_POINT('',#9044);
#9044 = CARTESIAN_POINT('',(4.88,-0.12,5.1));
#9045 = LINE('',#9046,#9047);
#9046 = CARTESIAN_POINT('',(4.853333333333,-0.146666666667,
    5.073333333333));
#9047 = VECTOR('',#9048,1.);
#9048 = DIRECTION('',(-0.57735026919,-0.57735026919,-0.57735026919));
#9049 = ORIENTED_EDGE('',*,*,#9050,.T.);
#9050 = EDGE_CURVE('',#9043,#9051,#9053,.T.);
#9051 = VERTEX_POINT('',#9052);
#9052 = CARTESIAN_POINT('',(5.12,-0.12,5.1));
#9053 = LINE('',#9054,#9055);
#9054 = CARTESIAN_POINT('',(4.68,-0.12,5.1));
#9055 = VECTOR('',#9056,1.);
#9056 = DIRECTION('',(1.,0.,0.));
#9057 = ORIENTED_EDGE('',*,*,#9058,.T.);
#9058 = EDGE_CURVE('',#9051,#8659,#9059,.T.);
#9059 = LINE('',#9060,#9061);
#9060 = CARTESIAN_POINT('',(5.04,-4.E-02,5.18));
#9061 = VECTOR('',#9062,1.);
#9062 = DIRECTION('',(0.57735026919,-0.57735026919,-0.57735026919));
#9063 = ORIENTED_EDGE('',*,*,#8658,.F.);
#9064 = PLANE('',#9065);
#9065 = AXIS2_PLACEMENT_3D('',#9066,#9067,#9068);
#9066 = CARTESIAN_POINT('',(4.68,-0.22,5.));
#9067 = DIRECTION('',(-1.735417226644E-18,-0.707106781187,0.707106781187
    ));
#9068 = DIRECTION('',(-1.,1.227125289148E-18,-1.227125289148E-18));
#9069 = ADVANCED_FACE('',(#9070),#9088,.F.);
#9070 = FACE_BOUND('',#9071,.T.);
#9071 = EDGE_LOOP('',(#9072,#9080,#9086,#9087));
#9072 = ORIENTED_EDGE('',*,*,#9073,.F.);
#9073 = EDGE_CURVE('',#9074,#8683,#9076,.T.);
#9074 = VERTEX_POINT('',#9075);
#9075 = CARTESIAN_POINT('',(5.12,0.12,5.1));
#9076 = LINE('',#9077,#9078);
#9077 = CARTESIAN_POINT('',(5.146666666667,0.146666666667,5.073333333333
    ));
#9078 = VECTOR('',#9079,1.);
#9079 = DIRECTION('',(0.57735026919,0.57735026919,-0.57735026919));
#9080 = ORIENTED_EDGE('',*,*,#9081,.T.);
#9081 = EDGE_CURVE('',#9074,#9051,#9082,.T.);
#9082 = LINE('',#9083,#9084);
#9083 = CARTESIAN_POINT('',(5.12,0.32,5.1));
#9084 = VECTOR('',#9085,1.);
#9085 = DIRECTION('',(0.,-1.,0.));
#9086 = ORIENTED_EDGE('',*,*,#9058,.T.);
#9087 = ORIENTED_EDGE('',*,*,#8690,.F.);
#9088 = PLANE('',#9089);
#9089 = AXIS2_PLACEMENT_3D('',#9090,#9091,#9092);
#9090 = CARTESIAN_POINT('',(5.22,0.32,5.));
#9091 = DIRECTION('',(-0.707106781187,-1.735417226644E-18,
    -0.707106781187));
#9092 = DIRECTION('',(-1.227125289148E-18,1.,-1.227125289148E-18));
#9093 = ADVANCED_FACE('',(#9094),#9112,.T.);
#9094 = FACE_BOUND('',#9095,.F.);
#9095 = EDGE_LOOP('',(#9096,#9104,#9105,#9106));
#9096 = ORIENTED_EDGE('',*,*,#9097,.T.);
#9097 = EDGE_CURVE('',#9098,#8706,#9100,.T.);
#9098 = VERTEX_POINT('',#9099);
#9099 = CARTESIAN_POINT('',(4.88,0.12,5.1));
#9100 = LINE('',#9101,#9102);
#9101 = CARTESIAN_POINT('',(4.746666666667,0.253333333333,4.966666666667
    ));
#9102 = VECTOR('',#9103,1.);
#9103 = DIRECTION('',(-0.57735026919,0.57735026919,-0.57735026919));
#9104 = ORIENTED_EDGE('',*,*,#8715,.T.);
#9105 = ORIENTED_EDGE('',*,*,#9073,.F.);
#9106 = ORIENTED_EDGE('',*,*,#9107,.F.);
#9107 = EDGE_CURVE('',#9098,#9074,#9108,.T.);
#9108 = LINE('',#9109,#9110);
#9109 = CARTESIAN_POINT('',(4.68,0.12,5.1));
#9110 = VECTOR('',#9111,1.);
#9111 = DIRECTION('',(1.,0.,0.));
#9112 = PLANE('',#9113);
#9113 = AXIS2_PLACEMENT_3D('',#9114,#9115,#9116);
#9114 = CARTESIAN_POINT('',(4.68,0.22,5.));
#9115 = DIRECTION('',(1.735417226644E-18,0.707106781187,0.707106781187)
  );
#9116 = DIRECTION('',(-1.,1.227125289148E-18,1.227125289148E-18));
#9117 = ADVANCED_FACE('',(#9118),#9129,.T.);
#9118 = FACE_BOUND('',#9119,.F.);
#9119 = EDGE_LOOP('',(#9120,#9121,#9127,#9128));
#9120 = ORIENTED_EDGE('',*,*,#9097,.F.);
#9121 = ORIENTED_EDGE('',*,*,#9122,.T.);
#9122 = EDGE_CURVE('',#9098,#9043,#9123,.T.);
#9123 = LINE('',#9124,#9125);
#9124 = CARTESIAN_POINT('',(4.88,0.32,5.1));
#9125 = VECTOR('',#9126,1.);
#9126 = DIRECTION('',(0.,-1.,0.));
#9127 = ORIENTED_EDGE('',*,*,#9042,.T.);
#9128 = ORIENTED_EDGE('',*,*,#8731,.F.);
#9129 = PLANE('',#9130);
#9130 = AXIS2_PLACEMENT_3D('',#9131,#9132,#9133);
#9131 = CARTESIAN_POINT('',(4.78,0.32,5.));
#9132 = DIRECTION('',(-0.707106781187,1.735417226644E-18,0.707106781187)
  );
#9133 = DIRECTION('',(1.227125289148E-18,1.,-1.227125289148E-18));
#9134 = ADVANCED_FACE('',(#9135),#9160,.F.);
#9135 = FACE_BOUND('',#9136,.T.);
#9136 = EDGE_LOOP('',(#9137,#9145,#9153,#9159));
#9137 = ORIENTED_EDGE('',*,*,#9138,.F.);
#9138 = EDGE_CURVE('',#9139,#8748,#9141,.T.);
#9139 = VERTEX_POINT('',#9140);
#9140 = CARTESIAN_POINT('',(2.62,0.12,5.1));
#9141 = LINE('',#9142,#9143);
#9142 = CARTESIAN_POINT('',(2.646666666667,0.146666666667,5.073333333333
    ));
#9143 = VECTOR('',#9144,1.);
#9144 = DIRECTION('',(0.57735026919,0.57735026919,-0.57735026919));
#9145 = ORIENTED_EDGE('',*,*,#9146,.T.);
#9146 = EDGE_CURVE('',#9139,#9147,#9149,.T.);
#9147 = VERTEX_POINT('',#9148);
#9148 = CARTESIAN_POINT('',(2.62,-0.12,5.1));
#9149 = LINE('',#9150,#9151);
#9150 = CARTESIAN_POINT('',(2.62,0.32,5.1));
#9151 = VECTOR('',#9152,1.);
#9152 = DIRECTION('',(0.,-1.,0.));
#9153 = ORIENTED_EDGE('',*,*,#9154,.T.);
#9154 = EDGE_CURVE('',#9147,#8756,#9155,.T.);
#9155 = LINE('',#9156,#9157);
#9156 = CARTESIAN_POINT('',(2.54,-4.E-02,5.18));
#9157 = VECTOR('',#9158,1.);
#9158 = DIRECTION('',(0.57735026919,-0.57735026919,-0.57735026919));
#9159 = ORIENTED_EDGE('',*,*,#8755,.F.);
#9160 = PLANE('',#9161);
#9161 = AXIS2_PLACEMENT_3D('',#9162,#9163,#9164);
#9162 = CARTESIAN_POINT('',(2.72,0.32,5.));
#9163 = DIRECTION('',(-0.707106781187,-1.735417226644E-18,
    -0.707106781187));
#9164 = DIRECTION('',(-1.227125289148E-18,1.,-1.227125289148E-18));
#9165 = ADVANCED_FACE('',(#9166),#9184,.T.);
#9166 = FACE_BOUND('',#9167,.F.);
#9167 = EDGE_LOOP('',(#9168,#9176,#9177,#9178));
#9168 = ORIENTED_EDGE('',*,*,#9169,.F.);
#9169 = EDGE_CURVE('',#8778,#9170,#9172,.T.);
#9170 = VERTEX_POINT('',#9171);
#9171 = CARTESIAN_POINT('',(2.38,0.12,5.1));
#9172 = LINE('',#9173,#9174);
#9173 = CARTESIAN_POINT('',(2.246666666667,0.253333333333,4.966666666667
    ));
#9174 = VECTOR('',#9175,1.);
#9175 = DIRECTION('',(0.57735026919,-0.57735026919,0.57735026919));
#9176 = ORIENTED_EDGE('',*,*,#8787,.T.);
#9177 = ORIENTED_EDGE('',*,*,#9138,.F.);
#9178 = ORIENTED_EDGE('',*,*,#9179,.F.);
#9179 = EDGE_CURVE('',#9170,#9139,#9180,.T.);
#9180 = LINE('',#9181,#9182);
#9181 = CARTESIAN_POINT('',(2.18,0.12,5.1));
#9182 = VECTOR('',#9183,1.);
#9183 = DIRECTION('',(1.,0.,0.));
#9184 = PLANE('',#9185);
#9185 = AXIS2_PLACEMENT_3D('',#9186,#9187,#9188);
#9186 = CARTESIAN_POINT('',(2.18,0.22,5.));
#9187 = DIRECTION('',(1.735417226644E-18,0.707106781187,0.707106781187)
  );
#9188 = DIRECTION('',(-1.,1.227125289148E-18,1.227125289148E-18));
#9189 = ADVANCED_FACE('',(#9190),#9208,.T.);
#9190 = FACE_BOUND('',#9191,.F.);
#9191 = EDGE_LOOP('',(#9192,#9193,#9201,#9207));
#9192 = ORIENTED_EDGE('',*,*,#9169,.T.);
#9193 = ORIENTED_EDGE('',*,*,#9194,.T.);
#9194 = EDGE_CURVE('',#9170,#9195,#9197,.T.);
#9195 = VERTEX_POINT('',#9196);
#9196 = CARTESIAN_POINT('',(2.38,-0.12,5.1));
#9197 = LINE('',#9198,#9199);
#9198 = CARTESIAN_POINT('',(2.38,0.32,5.1));
#9199 = VECTOR('',#9200,1.);
#9200 = DIRECTION('',(0.,-1.,0.));
#9201 = ORIENTED_EDGE('',*,*,#9202,.T.);
#9202 = EDGE_CURVE('',#9195,#8804,#9203,.T.);
#9203 = LINE('',#9204,#9205);
#9204 = CARTESIAN_POINT('',(2.353333333333,-0.146666666667,
    5.073333333333));
#9205 = VECTOR('',#9206,1.);
#9206 = DIRECTION('',(-0.57735026919,-0.57735026919,-0.57735026919));
#9207 = ORIENTED_EDGE('',*,*,#8803,.F.);
#9208 = PLANE('',#9209);
#9209 = AXIS2_PLACEMENT_3D('',#9210,#9211,#9212);
#9210 = CARTESIAN_POINT('',(2.28,0.32,5.));
#9211 = DIRECTION('',(-0.707106781187,1.735417226644E-18,0.707106781187)
  );
#9212 = DIRECTION('',(1.227125289148E-18,1.,-1.227125289148E-18));
#9213 = ADVANCED_FACE('',(#9214),#9225,.T.);
#9214 = FACE_BOUND('',#9215,.F.);
#9215 = EDGE_LOOP('',(#9216,#9217,#9223,#9224));
#9216 = ORIENTED_EDGE('',*,*,#9202,.F.);
#9217 = ORIENTED_EDGE('',*,*,#9218,.T.);
#9218 = EDGE_CURVE('',#9195,#9147,#9219,.T.);
#9219 = LINE('',#9220,#9221);
#9220 = CARTESIAN_POINT('',(2.18,-0.12,5.1));
#9221 = VECTOR('',#9222,1.);
#9222 = DIRECTION('',(1.,0.,0.));
#9223 = ORIENTED_EDGE('',*,*,#9154,.T.);
#9224 = ORIENTED_EDGE('',*,*,#8826,.F.);
#9225 = PLANE('',#9226);
#9226 = AXIS2_PLACEMENT_3D('',#9227,#9228,#9229);
#9227 = CARTESIAN_POINT('',(2.18,-0.22,5.));
#9228 = DIRECTION('',(-1.735417226644E-18,-0.707106781187,0.707106781187
    ));
#9229 = DIRECTION('',(-1.,1.227125289148E-18,-1.227125289148E-18));
#9230 = ADVANCED_FACE('',(#9231),#9256,.T.);
#9231 = FACE_BOUND('',#9232,.F.);
#9232 = EDGE_LOOP('',(#9233,#9241,#9249,#9255));
#9233 = ORIENTED_EDGE('',*,*,#9234,.F.);
#9234 = EDGE_CURVE('',#9235,#8843,#9237,.T.);
#9235 = VERTEX_POINT('',#9236);
#9236 = CARTESIAN_POINT('',(-0.12,-0.12,5.1));
#9237 = LINE('',#9238,#9239);
#9238 = CARTESIAN_POINT('',(-0.146666666667,-0.146666666667,
    5.073333333333));
#9239 = VECTOR('',#9240,1.);
#9240 = DIRECTION('',(-0.57735026919,-0.57735026919,-0.57735026919));
#9241 = ORIENTED_EDGE('',*,*,#9242,.T.);
#9242 = EDGE_CURVE('',#9235,#9243,#9245,.T.);
#9243 = VERTEX_POINT('',#9244);
#9244 = CARTESIAN_POINT('',(0.12,-0.12,5.1));
#9245 = LINE('',#9246,#9247);
#9246 = CARTESIAN_POINT('',(-0.32,-0.12,5.1));
#9247 = VECTOR('',#9248,1.);
#9248 = DIRECTION('',(1.,0.,0.));
#9249 = ORIENTED_EDGE('',*,*,#9250,.T.);
#9250 = EDGE_CURVE('',#9243,#8851,#9251,.T.);
#9251 = LINE('',#9252,#9253);
#9252 = CARTESIAN_POINT('',(4.E-02,-4.E-02,5.18));
#9253 = VECTOR('',#9254,1.);
#9254 = DIRECTION('',(0.57735026919,-0.57735026919,-0.57735026919));
#9255 = ORIENTED_EDGE('',*,*,#8850,.F.);
#9256 = PLANE('',#9257);
#9257 = AXIS2_PLACEMENT_3D('',#9258,#9259,#9260);
#9258 = CARTESIAN_POINT('',(-0.32,-0.22,5.));
#9259 = DIRECTION('',(-1.735417226644E-18,-0.707106781187,0.707106781187
    ));
#9260 = DIRECTION('',(-1.,1.227125289148E-18,-1.227125289148E-18));
#9261 = ADVANCED_FACE('',(#9262),#9280,.F.);
#9262 = FACE_BOUND('',#9263,.T.);
#9263 = EDGE_LOOP('',(#9264,#9272,#9278,#9279));
#9264 = ORIENTED_EDGE('',*,*,#9265,.F.);
#9265 = EDGE_CURVE('',#9266,#8875,#9268,.T.);
#9266 = VERTEX_POINT('',#9267);
#9267 = CARTESIAN_POINT('',(0.12,0.12,5.1));
#9268 = LINE('',#9269,#9270);
#9269 = CARTESIAN_POINT('',(0.146666666667,0.146666666667,5.073333333333
    ));
#9270 = VECTOR('',#9271,1.);
#9271 = DIRECTION('',(0.57735026919,0.57735026919,-0.57735026919));
#9272 = ORIENTED_EDGE('',*,*,#9273,.T.);
#9273 = EDGE_CURVE('',#9266,#9243,#9274,.T.);
#9274 = LINE('',#9275,#9276);
#9275 = CARTESIAN_POINT('',(0.12,0.32,5.1));
#9276 = VECTOR('',#9277,1.);
#9277 = DIRECTION('',(0.,-1.,0.));
#9278 = ORIENTED_EDGE('',*,*,#9250,.T.);
#9279 = ORIENTED_EDGE('',*,*,#8882,.F.);
#9280 = PLANE('',#9281);
#9281 = AXIS2_PLACEMENT_3D('',#9282,#9283,#9284);
#9282 = CARTESIAN_POINT('',(0.22,0.32,5.));
#9283 = DIRECTION('',(-0.707106781187,-1.735417226644E-18,
    -0.707106781187));
#9284 = DIRECTION('',(-1.227125289148E-18,1.,-1.227125289148E-18));
#9285 = ADVANCED_FACE('',(#9286),#9304,.T.);
#9286 = FACE_BOUND('',#9287,.F.);
#9287 = EDGE_LOOP('',(#9288,#9296,#9297,#9298));
#9288 = ORIENTED_EDGE('',*,*,#9289,.T.);
#9289 = EDGE_CURVE('',#9290,#8898,#9292,.T.);
#9290 = VERTEX_POINT('',#9291);
#9291 = CARTESIAN_POINT('',(-0.12,0.12,5.1));
#9292 = LINE('',#9293,#9294);
#9293 = CARTESIAN_POINT('',(-0.253333333333,0.253333333333,
    4.966666666667));
#9294 = VECTOR('',#9295,1.);
#9295 = DIRECTION('',(-0.57735026919,0.57735026919,-0.57735026919));
#9296 = ORIENTED_EDGE('',*,*,#8907,.T.);
#9297 = ORIENTED_EDGE('',*,*,#9265,.F.);
#9298 = ORIENTED_EDGE('',*,*,#9299,.F.);
#9299 = EDGE_CURVE('',#9290,#9266,#9300,.T.);
#9300 = LINE('',#9301,#9302);
#9301 = CARTESIAN_POINT('',(-0.32,0.12,5.1));
#9302 = VECTOR('',#9303,1.);
#9303 = DIRECTION('',(1.,0.,0.));
#9304 = PLANE('',#9305);
#9305 = AXIS2_PLACEMENT_3D('',#9306,#9307,#9308);
#9306 = CARTESIAN_POINT('',(-0.32,0.22,5.));
#9307 = DIRECTION('',(1.735417226644E-18,0.707106781187,0.707106781187)
  );
#9308 = DIRECTION('',(-1.,1.227125289148E-18,1.227125289148E-18));
#9309 = ADVANCED_FACE('',(#9310),#9321,.T.);
#9310 = FACE_BOUND('',#9311,.F.);
#9311 = EDGE_LOOP('',(#9312,#9313,#9319,#9320));
#9312 = ORIENTED_EDGE('',*,*,#9289,.F.);
#9313 = ORIENTED_EDGE('',*,*,#9314,.T.);
#9314 = EDGE_CURVE('',#9290,#9235,#9315,.T.);
#9315 = LINE('',#9316,#9317);
#9316 = CARTESIAN_POINT('',(-0.12,0.32,5.1));
#9317 = VECTOR('',#9318,1.);
#9318 = DIRECTION('',(0.,-1.,0.));
#9319 = ORIENTED_EDGE('',*,*,#9234,.T.);
#9320 = ORIENTED_EDGE('',*,*,#8923,.F.);
#9321 = PLANE('',#9322);
#9322 = AXIS2_PLACEMENT_3D('',#9323,#9324,#9325);
#9323 = CARTESIAN_POINT('',(-0.22,0.32,5.));
#9324 = DIRECTION('',(-0.707106781187,1.735417226644E-18,0.707106781187)
  );
#9325 = DIRECTION('',(1.227125289148E-18,1.,-1.227125289148E-18));
#9326 = ADVANCED_FACE('',(#9327),#9333,.F.);
#9327 = FACE_BOUND('',#9328,.F.);
#9328 = EDGE_LOOP('',(#9329,#9330,#9331,#9332));
#9329 = ORIENTED_EDGE('',*,*,#9122,.F.);
#9330 = ORIENTED_EDGE('',*,*,#9107,.T.);
#9331 = ORIENTED_EDGE('',*,*,#9081,.T.);
#9332 = ORIENTED_EDGE('',*,*,#9050,.F.);
#9333 = PLANE('',#9334);
#9334 = AXIS2_PLACEMENT_3D('',#9335,#9336,#9337);
#9335 = CARTESIAN_POINT('',(4.68,0.32,5.1));
#9336 = DIRECTION('',(0.,0.,-1.));
#9337 = DIRECTION('',(0.,-1.,0.));
#9338 = ADVANCED_FACE('',(#9339),#9345,.F.);
#9339 = FACE_BOUND('',#9340,.F.);
#9340 = EDGE_LOOP('',(#9341,#9342,#9343,#9344));
#9341 = ORIENTED_EDGE('',*,*,#9218,.F.);
#9342 = ORIENTED_EDGE('',*,*,#9194,.F.);
#9343 = ORIENTED_EDGE('',*,*,#9179,.T.);
#9344 = ORIENTED_EDGE('',*,*,#9146,.T.);
#9345 = PLANE('',#9346);
#9346 = AXIS2_PLACEMENT_3D('',#9347,#9348,#9349);
#9347 = CARTESIAN_POINT('',(2.18,0.32,5.1));
#9348 = DIRECTION('',(0.,0.,-1.));
#9349 = DIRECTION('',(0.,-1.,0.));
#9350 = ADVANCED_FACE('',(#9351),#9357,.F.);
#9351 = FACE_BOUND('',#9352,.F.);
#9352 = EDGE_LOOP('',(#9353,#9354,#9355,#9356));
#9353 = ORIENTED_EDGE('',*,*,#9314,.F.);
#9354 = ORIENTED_EDGE('',*,*,#9299,.T.);
#9355 = ORIENTED_EDGE('',*,*,#9273,.T.);
#9356 = ORIENTED_EDGE('',*,*,#9242,.F.);
#9357 = PLANE('',#9358);
#9358 = AXIS2_PLACEMENT_3D('',#9359,#9360,#9361);
#9359 = CARTESIAN_POINT('',(-0.32,0.32,5.1));
#9360 = DIRECTION('',(0.,0.,-1.));
#9361 = DIRECTION('',(0.,-1.,0.));
#9362 = ( GEOMETRIC_REPRESENTATION_CONTEXT(3) 
GLOBAL_UNCERTAINTY_ASSIGNED_CONTEXT((#9366)) 
GLOBAL_UNIT_ASSIGNED_CONTEXT((#9363,#9364,#9365)) REPRESENTATION_CONTEXT
('Context #1','3D Context with UNIT and UNCERTAINTY') );
#9363 = ( LENGTH_UNIT() NAMED_UNIT(*) SI_UNIT(.MILLI.,.METRE.) );
#9364 = ( NAMED_UNIT(*) PLANE_ANGLE_UNIT() SI_UNIT($,.RADIAN.) );
#9365 = ( NAMED_UNIT(*) SI_UNIT($,.STERADIAN.) SOLID_ANGLE_UNIT() );
#9366 = UNCERTAINTY_MEASURE_WITH_UNIT(LENGTH_MEASURE(1.E-07),#9363,
  'distance_accuracy_value','confusion accuracy');
#9367 = CONTEXT_DEPENDENT_SHAPE_REPRESENTATION(#9368,#9370);
#9368 = ( REPRESENTATION_RELATIONSHIP('','',#6259,#10) 
REPRESENTATION_RELATIONSHIP_WITH_TRANSFORMATION(#9369) 
SHAPE_REPRESENTATION_RELATIONSHIP() );
#9369 = ITEM_DEFINED_TRANSFORMATION('','',#11,#55);
#9370 = PRODUCT_DEFINITION_SHAPE('Placement','Placement of an item',
  #9371);
#9371 = NEXT_ASSEMBLY_USAGE_OCCURRENCE('11','J1','',#5,#6254,$);
#9372 = PRODUCT_RELATED_PRODUCT_CATEGORY('part',$,(#6256));
#9373 = CONTEXT_DEPENDENT_SHAPE_REPRESENTATION(#9374,#9376);
#9374 = ( REPRESENTATION_RELATIONSHIP('','',#108,#10) 
REPRESENTATION_RELATIONSHIP_WITH_TRANSFORMATION(#9375) 
SHAPE_REPRESENTATION_RELATIONSHIP() );
#9375 = ITEM_DEFINED_TRANSFORMATION('','',#11,#59);
#9376 = PRODUCT_DEFINITION_SHAPE('Placement','Placement of an item',
  #9377);
#9377 = NEXT_ASSEMBLY_USAGE_OCCURRENCE('12','R3','',#5,#103,$);
#9378 = CONTEXT_DEPENDENT_SHAPE_REPRESENTATION(#9379,#9381);
#9379 = ( REPRESENTATION_RELATIONSHIP('','',#4134,#10) 
REPRESENTATION_RELATIONSHIP_WITH_TRANSFORMATION(#9380) 
SHAPE_REPRESENTATION_RELATIONSHIP() );
#9380 = ITEM_DEFINED_TRANSFORMATION('','',#11,#63);
#9381 = PRODUCT_DEFINITION_SHAPE('Placement','Placement of an item',
  #9382);
#9382 = NEXT_ASSEMBLY_USAGE_OCCURRENCE('13','JP1','',#5,#4129,$);
#9383 = CONTEXT_DEPENDENT_SHAPE_REPRESENTATION(#9384,#9386);
#9384 = ( REPRESENTATION_RELATIONSHIP('','',#1699,#10) 
REPRESENTATION_RELATIONSHIP_WITH_TRANSFORMATION(#9385) 
SHAPE_REPRESENTATION_RELATIONSHIP() );
#9385 = ITEM_DEFINED_TRANSFORMATION('','',#11,#67);
#9386 = PRODUCT_DEFINITION_SHAPE('Placement','Placement of an item',
  #9387);
#9387 = NEXT_ASSEMBLY_USAGE_OCCURRENCE('14','C6','',#5,#1694,$);
#9388 = CONTEXT_DEPENDENT_SHAPE_REPRESENTATION(#9389,#9391);
#9389 = ( REPRESENTATION_RELATIONSHIP('','',#1699,#10) 
REPRESENTATION_RELATIONSHIP_WITH_TRANSFORMATION(#9390) 
SHAPE_REPRESENTATION_RELATIONSHIP() );
#9390 = ITEM_DEFINED_TRANSFORMATION('','',#11,#71);
#9391 = PRODUCT_DEFINITION_SHAPE('Placement','Placement of an item',
  #9392);
#9392 = NEXT_ASSEMBLY_USAGE_OCCURRENCE('15','C5','',#5,#1694,$);
#9393 = SHAPE_DEFINITION_REPRESENTATION(#9394,#9400);
#9394 = PRODUCT_DEFINITION_SHAPE('','',#9395);
#9395 = PRODUCT_DEFINITION('design','',#9396,#9399);
#9396 = PRODUCT_DEFINITION_FORMATION('','',#9397);
#9397 = PRODUCT('C_0805_2012Metric','C_0805_2012Metric','',(#9398));
#9398 = PRODUCT_CONTEXT('',#2,'mechanical');
#9399 = PRODUCT_DEFINITION_CONTEXT('part definition',#2,'design');
#9400 = ADVANCED_BREP_SHAPE_REPRESENTATION('',(#11,#9401),#10255);
#9401 = MANIFOLD_SOLID_BREP('',#9402);
#9402 = CLOSED_SHELL('',(#9403,#9479,#9510,#9535,#9560,#9584,#9608,#9633
    ,#9658,#9675,#9761,#9793,#9817,#9842,#9866,#9891,#9915,#9940,#9957,
    #10043,#10074,#10099,#10124,#10148,#10172,#10197,#10222,#10239));
#9403 = ADVANCED_FACE('',(#9404),#9474,.F.);
#9404 = FACE_BOUND('',#9405,.F.);
#9405 = EDGE_LOOP('',(#9406,#9416,#9425,#9433,#9442,#9450,#9459,#9467));
#9406 = ORIENTED_EDGE('',*,*,#9407,.F.);
#9407 = EDGE_CURVE('',#9408,#9410,#9412,.T.);
#9408 = VERTEX_POINT('',#9409);
#9409 = CARTESIAN_POINT('',(-1.,-0.625,4.E-02));
#9410 = VERTEX_POINT('',#9411);
#9411 = CARTESIAN_POINT('',(-1.,-0.625,1.21));
#9412 = LINE('',#9413,#9414);
#9413 = CARTESIAN_POINT('',(-1.,-0.625,0.));
#9414 = VECTOR('',#9415,1.);
#9415 = DIRECTION('',(0.,0.,1.));
#9416 = ORIENTED_EDGE('',*,*,#9417,.T.);
#9417 = EDGE_CURVE('',#9408,#9418,#9420,.T.);
#9418 = VERTEX_POINT('',#9419);
#9419 = CARTESIAN_POINT('',(-1.,-0.585,0.));
#9420 = CIRCLE('',#9421,4.E-02);
#9421 = AXIS2_PLACEMENT_3D('',#9422,#9423,#9424);
#9422 = CARTESIAN_POINT('',(-1.,-0.585,4.E-02));
#9423 = DIRECTION('',(1.,0.,-0.));
#9424 = DIRECTION('',(0.,0.,1.));
#9425 = ORIENTED_EDGE('',*,*,#9426,.T.);
#9426 = EDGE_CURVE('',#9418,#9427,#9429,.T.);
#9427 = VERTEX_POINT('',#9428);
#9428 = CARTESIAN_POINT('',(-1.,0.585,0.));
#9429 = LINE('',#9430,#9431);
#9430 = CARTESIAN_POINT('',(-1.,-0.625,0.));
#9431 = VECTOR('',#9432,1.);
#9432 = DIRECTION('',(0.,1.,0.));
#9433 = ORIENTED_EDGE('',*,*,#9434,.F.);
#9434 = EDGE_CURVE('',#9435,#9427,#9437,.T.);
#9435 = VERTEX_POINT('',#9436);
#9436 = CARTESIAN_POINT('',(-1.,0.625,4.E-02));
#9437 = CIRCLE('',#9438,4.E-02);
#9438 = AXIS2_PLACEMENT_3D('',#9439,#9440,#9441);
#9439 = CARTESIAN_POINT('',(-1.,0.585,4.E-02));
#9440 = DIRECTION('',(-1.,0.,0.));
#9441 = DIRECTION('',(0.,0.,1.));
#9442 = ORIENTED_EDGE('',*,*,#9443,.T.);
#9443 = EDGE_CURVE('',#9435,#9444,#9446,.T.);
#9444 = VERTEX_POINT('',#9445);
#9445 = CARTESIAN_POINT('',(-1.,0.625,1.21));
#9446 = LINE('',#9447,#9448);
#9447 = CARTESIAN_POINT('',(-1.,0.625,0.));
#9448 = VECTOR('',#9449,1.);
#9449 = DIRECTION('',(0.,0.,1.));
#9450 = ORIENTED_EDGE('',*,*,#9451,.T.);
#9451 = EDGE_CURVE('',#9444,#9452,#9454,.T.);
#9452 = VERTEX_POINT('',#9453);
#9453 = CARTESIAN_POINT('',(-1.,0.585,1.25));
#9454 = CIRCLE('',#9455,4.E-02);
#9455 = AXIS2_PLACEMENT_3D('',#9456,#9457,#9458);
#9456 = CARTESIAN_POINT('',(-1.,0.585,1.21));
#9457 = DIRECTION('',(1.,0.,-0.));
#9458 = DIRECTION('',(0.,0.,1.));
#9459 = ORIENTED_EDGE('',*,*,#9460,.F.);
#9460 = EDGE_CURVE('',#9461,#9452,#9463,.T.);
#9461 = VERTEX_POINT('',#9462);
#9462 = CARTESIAN_POINT('',(-1.,-0.585,1.25));
#9463 = LINE('',#9464,#9465);
#9464 = CARTESIAN_POINT('',(-1.,-0.625,1.25));
#9465 = VECTOR('',#9466,1.);
#9466 = DIRECTION('',(0.,1.,0.));
#9467 = ORIENTED_EDGE('',*,*,#9468,.F.);
#9468 = EDGE_CURVE('',#9410,#9461,#9469,.T.);
#9469 = CIRCLE('',#9470,4.E-02);
#9470 = AXIS2_PLACEMENT_3D('',#9471,#9472,#9473);
#9471 = CARTESIAN_POINT('',(-1.,-0.585,1.21));
#9472 = DIRECTION('',(-1.,0.,0.));
#9473 = DIRECTION('',(0.,0.,1.));
#9474 = PLANE('',#9475);
#9475 = AXIS2_PLACEMENT_3D('',#9476,#9477,#9478);
#9476 = CARTESIAN_POINT('',(-1.,-0.625,0.));
#9477 = DIRECTION('',(1.,0.,0.));
#9478 = DIRECTION('',(0.,0.,1.));
#9479 = ADVANCED_FACE('',(#9480),#9505,.F.);
#9480 = FACE_BOUND('',#9481,.F.);
#9481 = EDGE_LOOP('',(#9482,#9492,#9498,#9499));
#9482 = ORIENTED_EDGE('',*,*,#9483,.F.);
#9483 = EDGE_CURVE('',#9484,#9486,#9488,.T.);
#9484 = VERTEX_POINT('',#9485);
#9485 = CARTESIAN_POINT('',(-0.6,-0.625,4.E-02));
#9486 = VERTEX_POINT('',#9487);
#9487 = CARTESIAN_POINT('',(-0.6,-0.625,1.21));
#9488 = LINE('',#9489,#9490);
#9489 = CARTESIAN_POINT('',(-0.6,-0.625,0.));
#9490 = VECTOR('',#9491,1.);
#9491 = DIRECTION('',(0.,0.,1.));
#9492 = ORIENTED_EDGE('',*,*,#9493,.F.);
#9493 = EDGE_CURVE('',#9408,#9484,#9494,.T.);
#9494 = LINE('',#9495,#9496);
#9495 = CARTESIAN_POINT('',(-1.,-0.625,4.E-02));
#9496 = VECTOR('',#9497,1.);
#9497 = DIRECTION('',(1.,0.,0.));
#9498 = ORIENTED_EDGE('',*,*,#9407,.T.);
#9499 = ORIENTED_EDGE('',*,*,#9500,.T.);
#9500 = EDGE_CURVE('',#9410,#9486,#9501,.T.);
#9501 = LINE('',#9502,#9503);
#9502 = CARTESIAN_POINT('',(-1.,-0.625,1.21));
#9503 = VECTOR('',#9504,1.);
#9504 = DIRECTION('',(1.,0.,0.));
#9505 = PLANE('',#9506);
#9506 = AXIS2_PLACEMENT_3D('',#9507,#9508,#9509);
#9507 = CARTESIAN_POINT('',(-1.,-0.625,0.));
#9508 = DIRECTION('',(0.,1.,0.));
#9509 = DIRECTION('',(0.,-0.,1.));
#9510 = ADVANCED_FACE('',(#9511),#9530,.T.);
#9511 = FACE_BOUND('',#9512,.T.);
#9512 = EDGE_LOOP('',(#9513,#9514,#9522,#9529));
#9513 = ORIENTED_EDGE('',*,*,#9417,.T.);
#9514 = ORIENTED_EDGE('',*,*,#9515,.T.);
#9515 = EDGE_CURVE('',#9418,#9516,#9518,.T.);
#9516 = VERTEX_POINT('',#9517);
#9517 = CARTESIAN_POINT('',(-0.6,-0.585,0.));
#9518 = LINE('',#9519,#9520);
#9519 = CARTESIAN_POINT('',(-1.,-0.585,0.));
#9520 = VECTOR('',#9521,1.);
#9521 = DIRECTION('',(1.,0.,0.));
#9522 = ORIENTED_EDGE('',*,*,#9523,.F.);
#9523 = EDGE_CURVE('',#9484,#9516,#9524,.T.);
#9524 = CIRCLE('',#9525,4.E-02);
#9525 = AXIS2_PLACEMENT_3D('',#9526,#9527,#9528);
#9526 = CARTESIAN_POINT('',(-0.6,-0.585,4.E-02));
#9527 = DIRECTION('',(1.,0.,-0.));
#9528 = DIRECTION('',(0.,0.,1.));
#9529 = ORIENTED_EDGE('',*,*,#9493,.F.);
#9530 = CYLINDRICAL_SURFACE('',#9531,4.E-02);
#9531 = AXIS2_PLACEMENT_3D('',#9532,#9533,#9534);
#9532 = CARTESIAN_POINT('',(-1.,-0.585,4.E-02));
#9533 = DIRECTION('',(1.,0.,0.));
#9534 = DIRECTION('',(0.,-1.,0.));
#9535 = ADVANCED_FACE('',(#9536),#9555,.T.);
#9536 = FACE_BOUND('',#9537,.T.);
#9537 = EDGE_LOOP('',(#9538,#9539,#9548,#9554));
#9538 = ORIENTED_EDGE('',*,*,#9500,.T.);
#9539 = ORIENTED_EDGE('',*,*,#9540,.T.);
#9540 = EDGE_CURVE('',#9486,#9541,#9543,.T.);
#9541 = VERTEX_POINT('',#9542);
#9542 = CARTESIAN_POINT('',(-0.6,-0.585,1.25));
#9543 = CIRCLE('',#9544,4.E-02);
#9544 = AXIS2_PLACEMENT_3D('',#9545,#9546,#9547);
#9545 = CARTESIAN_POINT('',(-0.6,-0.585,1.21));
#9546 = DIRECTION('',(-1.,0.,0.));
#9547 = DIRECTION('',(0.,0.,1.));
#9548 = ORIENTED_EDGE('',*,*,#9549,.F.);
#9549 = EDGE_CURVE('',#9461,#9541,#9550,.T.);
#9550 = LINE('',#9551,#9552);
#9551 = CARTESIAN_POINT('',(-1.,-0.585,1.25));
#9552 = VECTOR('',#9553,1.);
#9553 = DIRECTION('',(1.,0.,0.));
#9554 = ORIENTED_EDGE('',*,*,#9468,.F.);
#9555 = CYLINDRICAL_SURFACE('',#9556,4.E-02);
#9556 = AXIS2_PLACEMENT_3D('',#9557,#9558,#9559);
#9557 = CARTESIAN_POINT('',(-1.,-0.585,1.21));
#9558 = DIRECTION('',(1.,0.,0.));
#9559 = DIRECTION('',(0.,-1.,0.));
#9560 = ADVANCED_FACE('',(#9561),#9579,.F.);
#9561 = FACE_BOUND('',#9562,.F.);
#9562 = EDGE_LOOP('',(#9563,#9564,#9565,#9573));
#9563 = ORIENTED_EDGE('',*,*,#9426,.F.);
#9564 = ORIENTED_EDGE('',*,*,#9515,.T.);
#9565 = ORIENTED_EDGE('',*,*,#9566,.T.);
#9566 = EDGE_CURVE('',#9516,#9567,#9569,.T.);
#9567 = VERTEX_POINT('',#9568);
#9568 = CARTESIAN_POINT('',(-0.6,0.585,0.));
#9569 = LINE('',#9570,#9571);
#9570 = CARTESIAN_POINT('',(-0.6,-0.625,0.));
#9571 = VECTOR('',#9572,1.);
#9572 = DIRECTION('',(0.,1.,0.));
#9573 = ORIENTED_EDGE('',*,*,#9574,.F.);
#9574 = EDGE_CURVE('',#9427,#9567,#9575,.T.);
#9575 = LINE('',#9576,#9577);
#9576 = CARTESIAN_POINT('',(-1.,0.585,0.));
#9577 = VECTOR('',#9578,1.);
#9578 = DIRECTION('',(1.,0.,0.));
#9579 = PLANE('',#9580);
#9580 = AXIS2_PLACEMENT_3D('',#9581,#9582,#9583);
#9581 = CARTESIAN_POINT('',(-1.,-0.625,0.));
#9582 = DIRECTION('',(0.,0.,1.));
#9583 = DIRECTION('',(1.,0.,-0.));
#9584 = ADVANCED_FACE('',(#9585),#9603,.T.);
#9585 = FACE_BOUND('',#9586,.T.);
#9586 = EDGE_LOOP('',(#9587,#9588,#9589,#9597));
#9587 = ORIENTED_EDGE('',*,*,#9460,.F.);
#9588 = ORIENTED_EDGE('',*,*,#9549,.T.);
#9589 = ORIENTED_EDGE('',*,*,#9590,.T.);
#9590 = EDGE_CURVE('',#9541,#9591,#9593,.T.);
#9591 = VERTEX_POINT('',#9592);
#9592 = CARTESIAN_POINT('',(-0.6,0.585,1.25));
#9593 = LINE('',#9594,#9595);
#9594 = CARTESIAN_POINT('',(-0.6,-0.625,1.25));
#9595 = VECTOR('',#9596,1.);
#9596 = DIRECTION('',(0.,1.,0.));
#9597 = ORIENTED_EDGE('',*,*,#9598,.F.);
#9598 = EDGE_CURVE('',#9452,#9591,#9599,.T.);
#9599 = LINE('',#9600,#9601);
#9600 = CARTESIAN_POINT('',(-1.,0.585,1.25));
#9601 = VECTOR('',#9602,1.);
#9602 = DIRECTION('',(1.,0.,0.));
#9603 = PLANE('',#9604);
#9604 = AXIS2_PLACEMENT_3D('',#9605,#9606,#9607);
#9605 = CARTESIAN_POINT('',(-1.,-0.625,1.25));
#9606 = DIRECTION('',(0.,0.,1.));
#9607 = DIRECTION('',(1.,0.,-0.));
#9608 = ADVANCED_FACE('',(#9609),#9628,.T.);
#9609 = FACE_BOUND('',#9610,.T.);
#9610 = EDGE_LOOP('',(#9611,#9619,#9626,#9627));
#9611 = ORIENTED_EDGE('',*,*,#9612,.T.);
#9612 = EDGE_CURVE('',#9435,#9613,#9615,.T.);
#9613 = VERTEX_POINT('',#9614);
#9614 = CARTESIAN_POINT('',(-0.6,0.625,4.E-02));
#9615 = LINE('',#9616,#9617);
#9616 = CARTESIAN_POINT('',(-1.,0.625,4.E-02));
#9617 = VECTOR('',#9618,1.);
#9618 = DIRECTION('',(1.,0.,0.));
#9619 = ORIENTED_EDGE('',*,*,#9620,.T.);
#9620 = EDGE_CURVE('',#9613,#9567,#9621,.T.);
#9621 = CIRCLE('',#9622,4.E-02);
#9622 = AXIS2_PLACEMENT_3D('',#9623,#9624,#9625);
#9623 = CARTESIAN_POINT('',(-0.6,0.585,4.E-02));
#9624 = DIRECTION('',(-1.,0.,0.));
#9625 = DIRECTION('',(0.,0.,1.));
#9626 = ORIENTED_EDGE('',*,*,#9574,.F.);
#9627 = ORIENTED_EDGE('',*,*,#9434,.F.);
#9628 = CYLINDRICAL_SURFACE('',#9629,4.E-02);
#9629 = AXIS2_PLACEMENT_3D('',#9630,#9631,#9632);
#9630 = CARTESIAN_POINT('',(-1.,0.585,4.E-02));
#9631 = DIRECTION('',(1.,0.,0.));
#9632 = DIRECTION('',(-0.,1.,0.));
#9633 = ADVANCED_FACE('',(#9634),#9653,.T.);
#9634 = FACE_BOUND('',#9635,.T.);
#9635 = EDGE_LOOP('',(#9636,#9637,#9638,#9647));
#9636 = ORIENTED_EDGE('',*,*,#9451,.T.);
#9637 = ORIENTED_EDGE('',*,*,#9598,.T.);
#9638 = ORIENTED_EDGE('',*,*,#9639,.F.);
#9639 = EDGE_CURVE('',#9640,#9591,#9642,.T.);
#9640 = VERTEX_POINT('',#9641);
#9641 = CARTESIAN_POINT('',(-0.6,0.625,1.21));
#9642 = CIRCLE('',#9643,4.E-02);
#9643 = AXIS2_PLACEMENT_3D('',#9644,#9645,#9646);
#9644 = CARTESIAN_POINT('',(-0.6,0.585,1.21));
#9645 = DIRECTION('',(1.,0.,-0.));
#9646 = DIRECTION('',(0.,0.,1.));
#9647 = ORIENTED_EDGE('',*,*,#9648,.F.);
#9648 = EDGE_CURVE('',#9444,#9640,#9649,.T.);
#9649 = LINE('',#9650,#9651);
#9650 = CARTESIAN_POINT('',(-1.,0.625,1.21));
#9651 = VECTOR('',#9652,1.);
#9652 = DIRECTION('',(1.,0.,0.));
#9653 = CYLINDRICAL_SURFACE('',#9654,4.E-02);
#9654 = AXIS2_PLACEMENT_3D('',#9655,#9656,#9657);
#9655 = CARTESIAN_POINT('',(-1.,0.585,1.21));
#9656 = DIRECTION('',(1.,0.,0.));
#9657 = DIRECTION('',(-0.,1.,0.));
#9658 = ADVANCED_FACE('',(#9659),#9670,.T.);
#9659 = FACE_BOUND('',#9660,.T.);
#9660 = EDGE_LOOP('',(#9661,#9667,#9668,#9669));
#9661 = ORIENTED_EDGE('',*,*,#9662,.F.);
#9662 = EDGE_CURVE('',#9613,#9640,#9663,.T.);
#9663 = LINE('',#9664,#9665);
#9664 = CARTESIAN_POINT('',(-0.6,0.625,0.));
#9665 = VECTOR('',#9666,1.);
#9666 = DIRECTION('',(0.,0.,1.));
#9667 = ORIENTED_EDGE('',*,*,#9612,.F.);
#9668 = ORIENTED_EDGE('',*,*,#9443,.T.);
#9669 = ORIENTED_EDGE('',*,*,#9648,.T.);
#9670 = PLANE('',#9671);
#9671 = AXIS2_PLACEMENT_3D('',#9672,#9673,#9674);
#9672 = CARTESIAN_POINT('',(-1.,0.625,0.));
#9673 = DIRECTION('',(0.,1.,0.));
#9674 = DIRECTION('',(0.,-0.,1.));
#9675 = ADVANCED_FACE('',(#9676,#9686),#9756,.T.);
#9676 = FACE_BOUND('',#9677,.T.);
#9677 = EDGE_LOOP('',(#9678,#9679,#9680,#9681,#9682,#9683,#9684,#9685));
#9678 = ORIENTED_EDGE('',*,*,#9483,.F.);
#9679 = ORIENTED_EDGE('',*,*,#9523,.T.);
#9680 = ORIENTED_EDGE('',*,*,#9566,.T.);
#9681 = ORIENTED_EDGE('',*,*,#9620,.F.);
#9682 = ORIENTED_EDGE('',*,*,#9662,.T.);
#9683 = ORIENTED_EDGE('',*,*,#9639,.T.);
#9684 = ORIENTED_EDGE('',*,*,#9590,.F.);
#9685 = ORIENTED_EDGE('',*,*,#9540,.F.);
#9686 = FACE_BOUND('',#9687,.T.);
#9687 = EDGE_LOOP('',(#9688,#9699,#9707,#9716,#9724,#9733,#9741,#9750));
#9688 = ORIENTED_EDGE('',*,*,#9689,.F.);
#9689 = EDGE_CURVE('',#9690,#9692,#9694,.T.);
#9690 = VERTEX_POINT('',#9691);
#9691 = CARTESIAN_POINT('',(-0.6,-0.585,8.E-02));
#9692 = VERTEX_POINT('',#9693);
#9693 = CARTESIAN_POINT('',(-0.6,-0.545,4.E-02));
#9694 = CIRCLE('',#9695,4.E-02);
#9695 = AXIS2_PLACEMENT_3D('',#9696,#9697,#9698);
#9696 = CARTESIAN_POINT('',(-0.6,-0.545,8.E-02));
#9697 = DIRECTION('',(1.,0.,-0.));
#9698 = DIRECTION('',(0.,0.,1.));
#9699 = ORIENTED_EDGE('',*,*,#9700,.T.);
#9700 = EDGE_CURVE('',#9690,#9701,#9703,.T.);
#9701 = VERTEX_POINT('',#9702);
#9702 = CARTESIAN_POINT('',(-0.6,-0.585,1.17));
#9703 = LINE('',#9704,#9705);
#9704 = CARTESIAN_POINT('',(-0.6,-0.585,4.E-02));
#9705 = VECTOR('',#9706,1.);
#9706 = DIRECTION('',(0.,0.,1.));
#9707 = ORIENTED_EDGE('',*,*,#9708,.T.);
#9708 = EDGE_CURVE('',#9701,#9709,#9711,.T.);
#9709 = VERTEX_POINT('',#9710);
#9710 = CARTESIAN_POINT('',(-0.6,-0.545,1.21));
#9711 = CIRCLE('',#9712,4.E-02);
#9712 = AXIS2_PLACEMENT_3D('',#9713,#9714,#9715);
#9713 = CARTESIAN_POINT('',(-0.6,-0.545,1.17));
#9714 = DIRECTION('',(-1.,0.,0.));
#9715 = DIRECTION('',(0.,0.,1.));
#9716 = ORIENTED_EDGE('',*,*,#9717,.T.);
#9717 = EDGE_CURVE('',#9709,#9718,#9720,.T.);
#9718 = VERTEX_POINT('',#9719);
#9719 = CARTESIAN_POINT('',(-0.6,0.545,1.21));
#9720 = LINE('',#9721,#9722);
#9721 = CARTESIAN_POINT('',(-0.6,-0.585,1.21));
#9722 = VECTOR('',#9723,1.);
#9723 = DIRECTION('',(0.,1.,0.));
#9724 = ORIENTED_EDGE('',*,*,#9725,.F.);
#9725 = EDGE_CURVE('',#9726,#9718,#9728,.T.);
#9726 = VERTEX_POINT('',#9727);
#9727 = CARTESIAN_POINT('',(-0.6,0.585,1.17));
#9728 = CIRCLE('',#9729,4.E-02);
#9729 = AXIS2_PLACEMENT_3D('',#9730,#9731,#9732);
#9730 = CARTESIAN_POINT('',(-0.6,0.545,1.17));
#9731 = DIRECTION('',(1.,0.,-0.));
#9732 = DIRECTION('',(0.,0.,1.));
#9733 = ORIENTED_EDGE('',*,*,#9734,.F.);
#9734 = EDGE_CURVE('',#9735,#9726,#9737,.T.);
#9735 = VERTEX_POINT('',#9736);
#9736 = CARTESIAN_POINT('',(-0.6,0.585,8.E-02));
#9737 = LINE('',#9738,#9739);
#9738 = CARTESIAN_POINT('',(-0.6,0.585,4.E-02));
#9739 = VECTOR('',#9740,1.);
#9740 = DIRECTION('',(0.,0.,1.));
#9741 = ORIENTED_EDGE('',*,*,#9742,.T.);
#9742 = EDGE_CURVE('',#9735,#9743,#9745,.T.);
#9743 = VERTEX_POINT('',#9744);
#9744 = CARTESIAN_POINT('',(-0.6,0.545,4.E-02));
#9745 = CIRCLE('',#9746,4.E-02);
#9746 = AXIS2_PLACEMENT_3D('',#9747,#9748,#9749);
#9747 = CARTESIAN_POINT('',(-0.6,0.545,8.E-02));
#9748 = DIRECTION('',(-1.,0.,0.));
#9749 = DIRECTION('',(0.,0.,1.));
#9750 = ORIENTED_EDGE('',*,*,#9751,.F.);
#9751 = EDGE_CURVE('',#9692,#9743,#9752,.T.);
#9752 = LINE('',#9753,#9754);
#9753 = CARTESIAN_POINT('',(-0.6,-0.585,4.E-02));
#9754 = VECTOR('',#9755,1.);
#9755 = DIRECTION('',(0.,1.,0.));
#9756 = PLANE('',#9757);
#9757 = AXIS2_PLACEMENT_3D('',#9758,#9759,#9760);
#9758 = CARTESIAN_POINT('',(-0.6,-0.625,0.));
#9759 = DIRECTION('',(1.,0.,0.));
#9760 = DIRECTION('',(0.,0.,1.));
#9761 = ADVANCED_FACE('',(#9762),#9788,.T.);
#9762 = FACE_BOUND('',#9763,.T.);
#9763 = EDGE_LOOP('',(#9764,#9765,#9773,#9782));
#9764 = ORIENTED_EDGE('',*,*,#9689,.T.);
#9765 = ORIENTED_EDGE('',*,*,#9766,.T.);
#9766 = EDGE_CURVE('',#9692,#9767,#9769,.T.);
#9767 = VERTEX_POINT('',#9768);
#9768 = CARTESIAN_POINT('',(0.6,-0.545,4.E-02));
#9769 = LINE('',#9770,#9771);
#9770 = CARTESIAN_POINT('',(-0.6,-0.545,4.E-02));
#9771 = VECTOR('',#9772,1.);
#9772 = DIRECTION('',(1.,0.,0.));
#9773 = ORIENTED_EDGE('',*,*,#9774,.F.);
#9774 = EDGE_CURVE('',#9775,#9767,#9777,.T.);
#9775 = VERTEX_POINT('',#9776);
#9776 = CARTESIAN_POINT('',(0.6,-0.585,8.E-02));
#9777 = CIRCLE('',#9778,4.E-02);
#9778 = AXIS2_PLACEMENT_3D('',#9779,#9780,#9781);
#9779 = CARTESIAN_POINT('',(0.6,-0.545,8.E-02));
#9780 = DIRECTION('',(1.,0.,-0.));
#9781 = DIRECTION('',(0.,0.,1.));
#9782 = ORIENTED_EDGE('',*,*,#9783,.F.);
#9783 = EDGE_CURVE('',#9690,#9775,#9784,.T.);
#9784 = LINE('',#9785,#9786);
#9785 = CARTESIAN_POINT('',(-0.6,-0.585,8.E-02));
#9786 = VECTOR('',#9787,1.);
#9787 = DIRECTION('',(1.,0.,0.));
#9788 = CYLINDRICAL_SURFACE('',#9789,4.E-02);
#9789 = AXIS2_PLACEMENT_3D('',#9790,#9791,#9792);
#9790 = CARTESIAN_POINT('',(-0.6,-0.545,8.E-02));
#9791 = DIRECTION('',(1.,0.,0.));
#9792 = DIRECTION('',(0.,-1.,0.));
#9793 = ADVANCED_FACE('',(#9794),#9812,.F.);
#9794 = FACE_BOUND('',#9795,.F.);
#9795 = EDGE_LOOP('',(#9796,#9797,#9798,#9806));
#9796 = ORIENTED_EDGE('',*,*,#9751,.F.);
#9797 = ORIENTED_EDGE('',*,*,#9766,.T.);
#9798 = ORIENTED_EDGE('',*,*,#9799,.T.);
#9799 = EDGE_CURVE('',#9767,#9800,#9802,.T.);
#9800 = VERTEX_POINT('',#9801);
#9801 = CARTESIAN_POINT('',(0.6,0.545,4.E-02));
#9802 = LINE('',#9803,#9804);
#9803 = CARTESIAN_POINT('',(0.6,-0.585,4.E-02));
#9804 = VECTOR('',#9805,1.);
#9805 = DIRECTION('',(0.,1.,0.));
#9806 = ORIENTED_EDGE('',*,*,#9807,.F.);
#9807 = EDGE_CURVE('',#9743,#9800,#9808,.T.);
#9808 = LINE('',#9809,#9810);
#9809 = CARTESIAN_POINT('',(-0.6,0.545,4.E-02));
#9810 = VECTOR('',#9811,1.);
#9811 = DIRECTION('',(1.,0.,0.));
#9812 = PLANE('',#9813);
#9813 = AXIS2_PLACEMENT_3D('',#9814,#9815,#9816);
#9814 = CARTESIAN_POINT('',(-0.6,-0.585,4.E-02));
#9815 = DIRECTION('',(0.,0.,1.));
#9816 = DIRECTION('',(1.,0.,-0.));
#9817 = ADVANCED_FACE('',(#9818),#9837,.T.);
#9818 = FACE_BOUND('',#9819,.T.);
#9819 = EDGE_LOOP('',(#9820,#9828,#9835,#9836));
#9820 = ORIENTED_EDGE('',*,*,#9821,.T.);
#9821 = EDGE_CURVE('',#9735,#9822,#9824,.T.);
#9822 = VERTEX_POINT('',#9823);
#9823 = CARTESIAN_POINT('',(0.6,0.585,8.E-02));
#9824 = LINE('',#9825,#9826);
#9825 = CARTESIAN_POINT('',(-0.6,0.585,8.E-02));
#9826 = VECTOR('',#9827,1.);
#9827 = DIRECTION('',(1.,0.,0.));
#9828 = ORIENTED_EDGE('',*,*,#9829,.T.);
#9829 = EDGE_CURVE('',#9822,#9800,#9830,.T.);
#9830 = CIRCLE('',#9831,4.E-02);
#9831 = AXIS2_PLACEMENT_3D('',#9832,#9833,#9834);
#9832 = CARTESIAN_POINT('',(0.6,0.545,8.E-02));
#9833 = DIRECTION('',(-1.,0.,0.));
#9834 = DIRECTION('',(0.,0.,1.));
#9835 = ORIENTED_EDGE('',*,*,#9807,.F.);
#9836 = ORIENTED_EDGE('',*,*,#9742,.F.);
#9837 = CYLINDRICAL_SURFACE('',#9838,4.E-02);
#9838 = AXIS2_PLACEMENT_3D('',#9839,#9840,#9841);
#9839 = CARTESIAN_POINT('',(-0.6,0.545,8.E-02));
#9840 = DIRECTION('',(1.,0.,0.));
#9841 = DIRECTION('',(-0.,1.,0.));
#9842 = ADVANCED_FACE('',(#9843),#9861,.T.);
#9843 = FACE_BOUND('',#9844,.T.);
#9844 = EDGE_LOOP('',(#9845,#9853,#9854,#9855));
#9845 = ORIENTED_EDGE('',*,*,#9846,.F.);
#9846 = EDGE_CURVE('',#9822,#9847,#9849,.T.);
#9847 = VERTEX_POINT('',#9848);
#9848 = CARTESIAN_POINT('',(0.6,0.585,1.17));
#9849 = LINE('',#9850,#9851);
#9850 = CARTESIAN_POINT('',(0.6,0.585,4.E-02));
#9851 = VECTOR('',#9852,1.);
#9852 = DIRECTION('',(0.,0.,1.));
#9853 = ORIENTED_EDGE('',*,*,#9821,.F.);
#9854 = ORIENTED_EDGE('',*,*,#9734,.T.);
#9855 = ORIENTED_EDGE('',*,*,#9856,.T.);
#9856 = EDGE_CURVE('',#9726,#9847,#9857,.T.);
#9857 = LINE('',#9858,#9859);
#9858 = CARTESIAN_POINT('',(-0.6,0.585,1.17));
#9859 = VECTOR('',#9860,1.);
#9860 = DIRECTION('',(1.,0.,0.));
#9861 = PLANE('',#9862);
#9862 = AXIS2_PLACEMENT_3D('',#9863,#9864,#9865);
#9863 = CARTESIAN_POINT('',(-0.6,0.585,4.E-02));
#9864 = DIRECTION('',(0.,1.,0.));
#9865 = DIRECTION('',(0.,-0.,1.));
#9866 = ADVANCED_FACE('',(#9867),#9886,.T.);
#9867 = FACE_BOUND('',#9868,.T.);
#9868 = EDGE_LOOP('',(#9869,#9870,#9878,#9885));
#9869 = ORIENTED_EDGE('',*,*,#9725,.T.);
#9870 = ORIENTED_EDGE('',*,*,#9871,.T.);
#9871 = EDGE_CURVE('',#9718,#9872,#9874,.T.);
#9872 = VERTEX_POINT('',#9873);
#9873 = CARTESIAN_POINT('',(0.6,0.545,1.21));
#9874 = LINE('',#9875,#9876);
#9875 = CARTESIAN_POINT('',(-0.6,0.545,1.21));
#9876 = VECTOR('',#9877,1.);
#9877 = DIRECTION('',(1.,0.,0.));
#9878 = ORIENTED_EDGE('',*,*,#9879,.F.);
#9879 = EDGE_CURVE('',#9847,#9872,#9880,.T.);
#9880 = CIRCLE('',#9881,4.E-02);
#9881 = AXIS2_PLACEMENT_3D('',#9882,#9883,#9884);
#9882 = CARTESIAN_POINT('',(0.6,0.545,1.17));
#9883 = DIRECTION('',(1.,0.,-0.));
#9884 = DIRECTION('',(0.,0.,1.));
#9885 = ORIENTED_EDGE('',*,*,#9856,.F.);
#9886 = CYLINDRICAL_SURFACE('',#9887,4.E-02);
#9887 = AXIS2_PLACEMENT_3D('',#9888,#9889,#9890);
#9888 = CARTESIAN_POINT('',(-0.6,0.545,1.17));
#9889 = DIRECTION('',(1.,0.,0.));
#9890 = DIRECTION('',(-0.,1.,0.));
#9891 = ADVANCED_FACE('',(#9892),#9910,.T.);
#9892 = FACE_BOUND('',#9893,.T.);
#9893 = EDGE_LOOP('',(#9894,#9895,#9903,#9909));
#9894 = ORIENTED_EDGE('',*,*,#9717,.F.);
#9895 = ORIENTED_EDGE('',*,*,#9896,.T.);
#9896 = EDGE_CURVE('',#9709,#9897,#9899,.T.);
#9897 = VERTEX_POINT('',#9898);
#9898 = CARTESIAN_POINT('',(0.6,-0.545,1.21));
#9899 = LINE('',#9900,#9901);
#9900 = CARTESIAN_POINT('',(-0.6,-0.545,1.21));
#9901 = VECTOR('',#9902,1.);
#9902 = DIRECTION('',(1.,0.,0.));
#9903 = ORIENTED_EDGE('',*,*,#9904,.T.);
#9904 = EDGE_CURVE('',#9897,#9872,#9905,.T.);
#9905 = LINE('',#9906,#9907);
#9906 = CARTESIAN_POINT('',(0.6,-0.585,1.21));
#9907 = VECTOR('',#9908,1.);
#9908 = DIRECTION('',(0.,1.,0.));
#9909 = ORIENTED_EDGE('',*,*,#9871,.F.);
#9910 = PLANE('',#9911);
#9911 = AXIS2_PLACEMENT_3D('',#9912,#9913,#9914);
#9912 = CARTESIAN_POINT('',(-0.6,-0.585,1.21));
#9913 = DIRECTION('',(0.,0.,1.));
#9914 = DIRECTION('',(1.,0.,-0.));
#9915 = ADVANCED_FACE('',(#9916),#9935,.T.);
#9916 = FACE_BOUND('',#9917,.T.);
#9917 = EDGE_LOOP('',(#9918,#9926,#9933,#9934));
#9918 = ORIENTED_EDGE('',*,*,#9919,.T.);
#9919 = EDGE_CURVE('',#9701,#9920,#9922,.T.);
#9920 = VERTEX_POINT('',#9921);
#9921 = CARTESIAN_POINT('',(0.6,-0.585,1.17));
#9922 = LINE('',#9923,#9924);
#9923 = CARTESIAN_POINT('',(-0.6,-0.585,1.17));
#9924 = VECTOR('',#9925,1.);
#9925 = DIRECTION('',(1.,0.,0.));
#9926 = ORIENTED_EDGE('',*,*,#9927,.T.);
#9927 = EDGE_CURVE('',#9920,#9897,#9928,.T.);
#9928 = CIRCLE('',#9929,4.E-02);
#9929 = AXIS2_PLACEMENT_3D('',#9930,#9931,#9932);
#9930 = CARTESIAN_POINT('',(0.6,-0.545,1.17));
#9931 = DIRECTION('',(-1.,0.,0.));
#9932 = DIRECTION('',(0.,0.,1.));
#9933 = ORIENTED_EDGE('',*,*,#9896,.F.);
#9934 = ORIENTED_EDGE('',*,*,#9708,.F.);
#9935 = CYLINDRICAL_SURFACE('',#9936,4.E-02);
#9936 = AXIS2_PLACEMENT_3D('',#9937,#9938,#9939);
#9937 = CARTESIAN_POINT('',(-0.6,-0.545,1.17));
#9938 = DIRECTION('',(1.,0.,0.));
#9939 = DIRECTION('',(0.,-1.,0.));
#9940 = ADVANCED_FACE('',(#9941),#9952,.F.);
#9941 = FACE_BOUND('',#9942,.F.);
#9942 = EDGE_LOOP('',(#9943,#9949,#9950,#9951));
#9943 = ORIENTED_EDGE('',*,*,#9944,.F.);
#9944 = EDGE_CURVE('',#9775,#9920,#9945,.T.);
#9945 = LINE('',#9946,#9947);
#9946 = CARTESIAN_POINT('',(0.6,-0.585,4.E-02));
#9947 = VECTOR('',#9948,1.);
#9948 = DIRECTION('',(0.,0.,1.));
#9949 = ORIENTED_EDGE('',*,*,#9783,.F.);
#9950 = ORIENTED_EDGE('',*,*,#9700,.T.);
#9951 = ORIENTED_EDGE('',*,*,#9919,.T.);
#9952 = PLANE('',#9953);
#9953 = AXIS2_PLACEMENT_3D('',#9954,#9955,#9956);
#9954 = CARTESIAN_POINT('',(-0.6,-0.585,4.E-02));
#9955 = DIRECTION('',(0.,1.,0.));
#9956 = DIRECTION('',(0.,-0.,1.));
#9957 = ADVANCED_FACE('',(#9958,#10028),#10038,.F.);
#9958 = FACE_BOUND('',#9959,.F.);
#9959 = EDGE_LOOP('',(#9960,#9970,#9979,#9987,#9996,#10004,#10013,#10021
    ));
#9960 = ORIENTED_EDGE('',*,*,#9961,.F.);
#9961 = EDGE_CURVE('',#9962,#9964,#9966,.T.);
#9962 = VERTEX_POINT('',#9963);
#9963 = CARTESIAN_POINT('',(0.6,-0.625,4.E-02));
#9964 = VERTEX_POINT('',#9965);
#9965 = CARTESIAN_POINT('',(0.6,-0.625,1.21));
#9966 = LINE('',#9967,#9968);
#9967 = CARTESIAN_POINT('',(0.6,-0.625,0.));
#9968 = VECTOR('',#9969,1.);
#9969 = DIRECTION('',(0.,0.,1.));
#9970 = ORIENTED_EDGE('',*,*,#9971,.T.);
#9971 = EDGE_CURVE('',#9962,#9972,#9974,.T.);
#9972 = VERTEX_POINT('',#9973);
#9973 = CARTESIAN_POINT('',(0.6,-0.585,0.));
#9974 = CIRCLE('',#9975,4.E-02);
#9975 = AXIS2_PLACEMENT_3D('',#9976,#9977,#9978);
#9976 = CARTESIAN_POINT('',(0.6,-0.585,4.E-02));
#9977 = DIRECTION('',(1.,0.,-0.));
#9978 = DIRECTION('',(0.,0.,1.));
#9979 = ORIENTED_EDGE('',*,*,#9980,.T.);
#9980 = EDGE_CURVE('',#9972,#9981,#9983,.T.);
#9981 = VERTEX_POINT('',#9982);
#9982 = CARTESIAN_POINT('',(0.6,0.585,0.));
#9983 = LINE('',#9984,#9985);
#9984 = CARTESIAN_POINT('',(0.6,-0.625,0.));
#9985 = VECTOR('',#9986,1.);
#9986 = DIRECTION('',(0.,1.,0.));
#9987 = ORIENTED_EDGE('',*,*,#9988,.F.);
#9988 = EDGE_CURVE('',#9989,#9981,#9991,.T.);
#9989 = VERTEX_POINT('',#9990);
#9990 = CARTESIAN_POINT('',(0.6,0.625,4.E-02));
#9991 = CIRCLE('',#9992,4.E-02);
#9992 = AXIS2_PLACEMENT_3D('',#9993,#9994,#9995);
#9993 = CARTESIAN_POINT('',(0.6,0.585,4.E-02));
#9994 = DIRECTION('',(-1.,0.,0.));
#9995 = DIRECTION('',(0.,0.,1.));
#9996 = ORIENTED_EDGE('',*,*,#9997,.T.);
#9997 = EDGE_CURVE('',#9989,#9998,#10000,.T.);
#9998 = VERTEX_POINT('',#9999);
#9999 = CARTESIAN_POINT('',(0.6,0.625,1.21));
#10000 = LINE('',#10001,#10002);
#10001 = CARTESIAN_POINT('',(0.6,0.625,0.));
#10002 = VECTOR('',#10003,1.);
#10003 = DIRECTION('',(0.,0.,1.));
#10004 = ORIENTED_EDGE('',*,*,#10005,.T.);
#10005 = EDGE_CURVE('',#9998,#10006,#10008,.T.);
#10006 = VERTEX_POINT('',#10007);
#10007 = CARTESIAN_POINT('',(0.6,0.585,1.25));
#10008 = CIRCLE('',#10009,4.E-02);
#10009 = AXIS2_PLACEMENT_3D('',#10010,#10011,#10012);
#10010 = CARTESIAN_POINT('',(0.6,0.585,1.21));
#10011 = DIRECTION('',(1.,0.,-0.));
#10012 = DIRECTION('',(0.,0.,1.));
#10013 = ORIENTED_EDGE('',*,*,#10014,.F.);
#10014 = EDGE_CURVE('',#10015,#10006,#10017,.T.);
#10015 = VERTEX_POINT('',#10016);
#10016 = CARTESIAN_POINT('',(0.6,-0.585,1.25));
#10017 = LINE('',#10018,#10019);
#10018 = CARTESIAN_POINT('',(0.6,-0.625,1.25));
#10019 = VECTOR('',#10020,1.);
#10020 = DIRECTION('',(0.,1.,0.));
#10021 = ORIENTED_EDGE('',*,*,#10022,.F.);
#10022 = EDGE_CURVE('',#9964,#10015,#10023,.T.);
#10023 = CIRCLE('',#10024,4.E-02);
#10024 = AXIS2_PLACEMENT_3D('',#10025,#10026,#10027);
#10025 = CARTESIAN_POINT('',(0.6,-0.585,1.21));
#10026 = DIRECTION('',(-1.,0.,0.));
#10027 = DIRECTION('',(0.,0.,1.));
#10028 = FACE_BOUND('',#10029,.F.);
#10029 = EDGE_LOOP('',(#10030,#10031,#10032,#10033,#10034,#10035,#10036,
    #10037));
#10030 = ORIENTED_EDGE('',*,*,#9774,.F.);
#10031 = ORIENTED_EDGE('',*,*,#9944,.T.);
#10032 = ORIENTED_EDGE('',*,*,#9927,.T.);
#10033 = ORIENTED_EDGE('',*,*,#9904,.T.);
#10034 = ORIENTED_EDGE('',*,*,#9879,.F.);
#10035 = ORIENTED_EDGE('',*,*,#9846,.F.);
#10036 = ORIENTED_EDGE('',*,*,#9829,.T.);
#10037 = ORIENTED_EDGE('',*,*,#9799,.F.);
#10038 = PLANE('',#10039);
#10039 = AXIS2_PLACEMENT_3D('',#10040,#10041,#10042);
#10040 = CARTESIAN_POINT('',(0.6,-0.625,0.));
#10041 = DIRECTION('',(1.,0.,0.));
#10042 = DIRECTION('',(0.,0.,1.));
#10043 = ADVANCED_FACE('',(#10044),#10069,.F.);
#10044 = FACE_BOUND('',#10045,.F.);
#10045 = EDGE_LOOP('',(#10046,#10056,#10062,#10063));
#10046 = ORIENTED_EDGE('',*,*,#10047,.F.);
#10047 = EDGE_CURVE('',#10048,#10050,#10052,.T.);
#10048 = VERTEX_POINT('',#10049);
#10049 = CARTESIAN_POINT('',(1.,-0.625,4.E-02));
#10050 = VERTEX_POINT('',#10051);
#10051 = CARTESIAN_POINT('',(1.,-0.625,1.21));
#10052 = LINE('',#10053,#10054);
#10053 = CARTESIAN_POINT('',(1.,-0.625,0.));
#10054 = VECTOR('',#10055,1.);
#10055 = DIRECTION('',(0.,0.,1.));
#10056 = ORIENTED_EDGE('',*,*,#10057,.F.);
#10057 = EDGE_CURVE('',#9962,#10048,#10058,.T.);
#10058 = LINE('',#10059,#10060);
#10059 = CARTESIAN_POINT('',(0.6,-0.625,4.E-02));
#10060 = VECTOR('',#10061,1.);
#10061 = DIRECTION('',(1.,0.,0.));
#10062 = ORIENTED_EDGE('',*,*,#9961,.T.);
#10063 = ORIENTED_EDGE('',*,*,#10064,.T.);
#10064 = EDGE_CURVE('',#9964,#10050,#10065,.T.);
#10065 = LINE('',#10066,#10067);
#10066 = CARTESIAN_POINT('',(0.6,-0.625,1.21));
#10067 = VECTOR('',#10068,1.);
#10068 = DIRECTION('',(1.,0.,0.));
#10069 = PLANE('',#10070);
#10070 = AXIS2_PLACEMENT_3D('',#10071,#10072,#10073);
#10071 = CARTESIAN_POINT('',(0.6,-0.625,0.));
#10072 = DIRECTION('',(0.,1.,0.));
#10073 = DIRECTION('',(0.,-0.,1.));
#10074 = ADVANCED_FACE('',(#10075),#10094,.T.);
#10075 = FACE_BOUND('',#10076,.T.);
#10076 = EDGE_LOOP('',(#10077,#10078,#10086,#10093));
#10077 = ORIENTED_EDGE('',*,*,#9971,.T.);
#10078 = ORIENTED_EDGE('',*,*,#10079,.T.);
#10079 = EDGE_CURVE('',#9972,#10080,#10082,.T.);
#10080 = VERTEX_POINT('',#10081);
#10081 = CARTESIAN_POINT('',(1.,-0.585,0.));
#10082 = LINE('',#10083,#10084);
#10083 = CARTESIAN_POINT('',(0.6,-0.585,0.));
#10084 = VECTOR('',#10085,1.);
#10085 = DIRECTION('',(1.,0.,0.));
#10086 = ORIENTED_EDGE('',*,*,#10087,.F.);
#10087 = EDGE_CURVE('',#10048,#10080,#10088,.T.);
#10088 = CIRCLE('',#10089,4.E-02);
#10089 = AXIS2_PLACEMENT_3D('',#10090,#10091,#10092);
#10090 = CARTESIAN_POINT('',(1.,-0.585,4.E-02));
#10091 = DIRECTION('',(1.,0.,-0.));
#10092 = DIRECTION('',(0.,0.,1.));
#10093 = ORIENTED_EDGE('',*,*,#10057,.F.);
#10094 = CYLINDRICAL_SURFACE('',#10095,4.E-02);
#10095 = AXIS2_PLACEMENT_3D('',#10096,#10097,#10098);
#10096 = CARTESIAN_POINT('',(0.6,-0.585,4.E-02));
#10097 = DIRECTION('',(1.,0.,0.));
#10098 = DIRECTION('',(0.,-1.,0.));
#10099 = ADVANCED_FACE('',(#10100),#10119,.T.);
#10100 = FACE_BOUND('',#10101,.T.);
#10101 = EDGE_LOOP('',(#10102,#10103,#10112,#10118));
#10102 = ORIENTED_EDGE('',*,*,#10064,.T.);
#10103 = ORIENTED_EDGE('',*,*,#10104,.T.);
#10104 = EDGE_CURVE('',#10050,#10105,#10107,.T.);
#10105 = VERTEX_POINT('',#10106);
#10106 = CARTESIAN_POINT('',(1.,-0.585,1.25));
#10107 = CIRCLE('',#10108,4.E-02);
#10108 = AXIS2_PLACEMENT_3D('',#10109,#10110,#10111);
#10109 = CARTESIAN_POINT('',(1.,-0.585,1.21));
#10110 = DIRECTION('',(-1.,0.,0.));
#10111 = DIRECTION('',(0.,0.,1.));
#10112 = ORIENTED_EDGE('',*,*,#10113,.F.);
#10113 = EDGE_CURVE('',#10015,#10105,#10114,.T.);
#10114 = LINE('',#10115,#10116);
#10115 = CARTESIAN_POINT('',(0.6,-0.585,1.25));
#10116 = VECTOR('',#10117,1.);
#10117 = DIRECTION('',(1.,0.,0.));
#10118 = ORIENTED_EDGE('',*,*,#10022,.F.);
#10119 = CYLINDRICAL_SURFACE('',#10120,4.E-02);
#10120 = AXIS2_PLACEMENT_3D('',#10121,#10122,#10123);
#10121 = CARTESIAN_POINT('',(0.6,-0.585,1.21));
#10122 = DIRECTION('',(1.,0.,0.));
#10123 = DIRECTION('',(0.,-1.,0.));
#10124 = ADVANCED_FACE('',(#10125),#10143,.F.);
#10125 = FACE_BOUND('',#10126,.F.);
#10126 = EDGE_LOOP('',(#10127,#10128,#10129,#10137));
#10127 = ORIENTED_EDGE('',*,*,#9980,.F.);
#10128 = ORIENTED_EDGE('',*,*,#10079,.T.);
#10129 = ORIENTED_EDGE('',*,*,#10130,.T.);
#10130 = EDGE_CURVE('',#10080,#10131,#10133,.T.);
#10131 = VERTEX_POINT('',#10132);
#10132 = CARTESIAN_POINT('',(1.,0.585,0.));
#10133 = LINE('',#10134,#10135);
#10134 = CARTESIAN_POINT('',(1.,-0.625,0.));
#10135 = VECTOR('',#10136,1.);
#10136 = DIRECTION('',(0.,1.,0.));
#10137 = ORIENTED_EDGE('',*,*,#10138,.F.);
#10138 = EDGE_CURVE('',#9981,#10131,#10139,.T.);
#10139 = LINE('',#10140,#10141);
#10140 = CARTESIAN_POINT('',(0.6,0.585,0.));
#10141 = VECTOR('',#10142,1.);
#10142 = DIRECTION('',(1.,0.,0.));
#10143 = PLANE('',#10144);
#10144 = AXIS2_PLACEMENT_3D('',#10145,#10146,#10147);
#10145 = CARTESIAN_POINT('',(0.6,-0.625,0.));
#10146 = DIRECTION('',(0.,0.,1.));
#10147 = DIRECTION('',(1.,0.,-0.));
#10148 = ADVANCED_FACE('',(#10149),#10167,.T.);
#10149 = FACE_BOUND('',#10150,.T.);
#10150 = EDGE_LOOP('',(#10151,#10152,#10153,#10161));
#10151 = ORIENTED_EDGE('',*,*,#10014,.F.);
#10152 = ORIENTED_EDGE('',*,*,#10113,.T.);
#10153 = ORIENTED_EDGE('',*,*,#10154,.T.);
#10154 = EDGE_CURVE('',#10105,#10155,#10157,.T.);
#10155 = VERTEX_POINT('',#10156);
#10156 = CARTESIAN_POINT('',(1.,0.585,1.25));
#10157 = LINE('',#10158,#10159);
#10158 = CARTESIAN_POINT('',(1.,-0.625,1.25));
#10159 = VECTOR('',#10160,1.);
#10160 = DIRECTION('',(0.,1.,0.));
#10161 = ORIENTED_EDGE('',*,*,#10162,.F.);
#10162 = EDGE_CURVE('',#10006,#10155,#10163,.T.);
#10163 = LINE('',#10164,#10165);
#10164 = CARTESIAN_POINT('',(0.6,0.585,1.25));
#10165 = VECTOR('',#10166,1.);
#10166 = DIRECTION('',(1.,0.,0.));
#10167 = PLANE('',#10168);
#10168 = AXIS2_PLACEMENT_3D('',#10169,#10170,#10171);
#10169 = CARTESIAN_POINT('',(0.6,-0.625,1.25));
#10170 = DIRECTION('',(0.,0.,1.));
#10171 = DIRECTION('',(1.,0.,-0.));
#10172 = ADVANCED_FACE('',(#10173),#10192,.T.);
#10173 = FACE_BOUND('',#10174,.T.);
#10174 = EDGE_LOOP('',(#10175,#10183,#10190,#10191));
#10175 = ORIENTED_EDGE('',*,*,#10176,.T.);
#10176 = EDGE_CURVE('',#9989,#10177,#10179,.T.);
#10177 = VERTEX_POINT('',#10178);
#10178 = CARTESIAN_POINT('',(1.,0.625,4.E-02));
#10179 = LINE('',#10180,#10181);
#10180 = CARTESIAN_POINT('',(0.6,0.625,4.E-02));
#10181 = VECTOR('',#10182,1.);
#10182 = DIRECTION('',(1.,0.,0.));
#10183 = ORIENTED_EDGE('',*,*,#10184,.T.);
#10184 = EDGE_CURVE('',#10177,#10131,#10185,.T.);
#10185 = CIRCLE('',#10186,4.E-02);
#10186 = AXIS2_PLACEMENT_3D('',#10187,#10188,#10189);
#10187 = CARTESIAN_POINT('',(1.,0.585,4.E-02));
#10188 = DIRECTION('',(-1.,0.,0.));
#10189 = DIRECTION('',(0.,0.,1.));
#10190 = ORIENTED_EDGE('',*,*,#10138,.F.);
#10191 = ORIENTED_EDGE('',*,*,#9988,.F.);
#10192 = CYLINDRICAL_SURFACE('',#10193,4.E-02);
#10193 = AXIS2_PLACEMENT_3D('',#10194,#10195,#10196);
#10194 = CARTESIAN_POINT('',(0.6,0.585,4.E-02));
#10195 = DIRECTION('',(1.,0.,0.));
#10196 = DIRECTION('',(-0.,1.,0.));
#10197 = ADVANCED_FACE('',(#10198),#10217,.T.);
#10198 = FACE_BOUND('',#10199,.T.);
#10199 = EDGE_LOOP('',(#10200,#10201,#10202,#10211));
#10200 = ORIENTED_EDGE('',*,*,#10005,.T.);
#10201 = ORIENTED_EDGE('',*,*,#10162,.T.);
#10202 = ORIENTED_EDGE('',*,*,#10203,.F.);
#10203 = EDGE_CURVE('',#10204,#10155,#10206,.T.);
#10204 = VERTEX_POINT('',#10205);
#10205 = CARTESIAN_POINT('',(1.,0.625,1.21));
#10206 = CIRCLE('',#10207,4.E-02);
#10207 = AXIS2_PLACEMENT_3D('',#10208,#10209,#10210);
#10208 = CARTESIAN_POINT('',(1.,0.585,1.21));
#10209 = DIRECTION('',(1.,0.,-0.));
#10210 = DIRECTION('',(0.,0.,1.));
#10211 = ORIENTED_EDGE('',*,*,#10212,.F.);
#10212 = EDGE_CURVE('',#9998,#10204,#10213,.T.);
#10213 = LINE('',#10214,#10215);
#10214 = CARTESIAN_POINT('',(0.6,0.625,1.21));
#10215 = VECTOR('',#10216,1.);
#10216 = DIRECTION('',(1.,0.,0.));
#10217 = CYLINDRICAL_SURFACE('',#10218,4.E-02);
#10218 = AXIS2_PLACEMENT_3D('',#10219,#10220,#10221);
#10219 = CARTESIAN_POINT('',(0.6,0.585,1.21));
#10220 = DIRECTION('',(1.,0.,0.));
#10221 = DIRECTION('',(-0.,1.,0.));
#10222 = ADVANCED_FACE('',(#10223),#10234,.T.);
#10223 = FACE_BOUND('',#10224,.T.);
#10224 = EDGE_LOOP('',(#10225,#10231,#10232,#10233));
#10225 = ORIENTED_EDGE('',*,*,#10226,.F.);
#10226 = EDGE_CURVE('',#10177,#10204,#10227,.T.);
#10227 = LINE('',#10228,#10229);
#10228 = CARTESIAN_POINT('',(1.,0.625,0.));
#10229 = VECTOR('',#10230,1.);
#10230 = DIRECTION('',(0.,0.,1.));
#10231 = ORIENTED_EDGE('',*,*,#10176,.F.);
#10232 = ORIENTED_EDGE('',*,*,#9997,.T.);
#10233 = ORIENTED_EDGE('',*,*,#10212,.T.);
#10234 = PLANE('',#10235);
#10235 = AXIS2_PLACEMENT_3D('',#10236,#10237,#10238);
#10236 = CARTESIAN_POINT('',(0.6,0.625,0.));
#10237 = DIRECTION('',(0.,1.,0.));
#10238 = DIRECTION('',(0.,-0.,1.));
#10239 = ADVANCED_FACE('',(#10240),#10250,.T.);
#10240 = FACE_BOUND('',#10241,.T.);
#10241 = EDGE_LOOP('',(#10242,#10243,#10244,#10245,#10246,#10247,#10248,
    #10249));
#10242 = ORIENTED_EDGE('',*,*,#10047,.F.);
#10243 = ORIENTED_EDGE('',*,*,#10087,.T.);
#10244 = ORIENTED_EDGE('',*,*,#10130,.T.);
#10245 = ORIENTED_EDGE('',*,*,#10184,.F.);
#10246 = ORIENTED_EDGE('',*,*,#10226,.T.);
#10247 = ORIENTED_EDGE('',*,*,#10203,.T.);
#10248 = ORIENTED_EDGE('',*,*,#10154,.F.);
#10249 = ORIENTED_EDGE('',*,*,#10104,.F.);
#10250 = PLANE('',#10251);
#10251 = AXIS2_PLACEMENT_3D('',#10252,#10253,#10254);
#10252 = CARTESIAN_POINT('',(1.,-0.625,0.));
#10253 = DIRECTION('',(1.,0.,0.));
#10254 = DIRECTION('',(0.,0.,1.));
#10255 = ( GEOMETRIC_REPRESENTATION_CONTEXT(3) 
GLOBAL_UNCERTAINTY_ASSIGNED_CONTEXT((#10259)) 
GLOBAL_UNIT_ASSIGNED_CONTEXT((#10256,#10257,#10258)) 
REPRESENTATION_CONTEXT('Context #1',
  '3D Context with UNIT and UNCERTAINTY') );
#10256 = ( LENGTH_UNIT() NAMED_UNIT(*) SI_UNIT(.MILLI.,.METRE.) );
#10257 = ( NAMED_UNIT(*) PLANE_ANGLE_UNIT() SI_UNIT($,.RADIAN.) );
#10258 = ( NAMED_UNIT(*) SI_UNIT($,.STERADIAN.) SOLID_ANGLE_UNIT() );
#10259 = UNCERTAINTY_MEASURE_WITH_UNIT(LENGTH_MEASURE(1.E-07),#10256,
  'distance_accuracy_value','confusion accuracy');
#10260 = CONTEXT_DEPENDENT_SHAPE_REPRESENTATION(#10261,#10263);
#10261 = ( REPRESENTATION_RELATIONSHIP('','',#9400,#10) 
REPRESENTATION_RELATIONSHIP_WITH_TRANSFORMATION(#10262) 
SHAPE_REPRESENTATION_RELATIONSHIP() );
#10262 = ITEM_DEFINED_TRANSFORMATION('','',#11,#75);
#10263 = PRODUCT_DEFINITION_SHAPE('Placement','Placement of an item',
  #10264);
#10264 = NEXT_ASSEMBLY_USAGE_OCCURRENCE('16','C1','',#5,#9395,$);
#10265 = PRODUCT_RELATED_PRODUCT_CATEGORY('part',$,(#9397));
#10266 = CONTEXT_DEPENDENT_SHAPE_REPRESENTATION(#10267,#10269);
#10267 = ( REPRESENTATION_RELATIONSHIP('','',#108,#10) 
REPRESENTATION_RELATIONSHIP_WITH_TRANSFORMATION(#10268) 
SHAPE_REPRESENTATION_RELATIONSHIP() );
#10268 = ITEM_DEFINED_TRANSFORMATION('','',#11,#79);
#10269 = PRODUCT_DEFINITION_SHAPE('Placement','Placement of an item',
  #10270);
#10270 = NEXT_ASSEMBLY_USAGE_OCCURRENCE('17','R1','',#5,#103,$);
#10271 = CONTEXT_DEPENDENT_SHAPE_REPRESENTATION(#10272,#10274);
#10272 = ( REPRESENTATION_RELATIONSHIP('','',#108,#10) 
REPRESENTATION_RELATIONSHIP_WITH_TRANSFORMATION(#10273) 
SHAPE_REPRESENTATION_RELATIONSHIP() );
#10273 = ITEM_DEFINED_TRANSFORMATION('','',#11,#83);
#10274 = PRODUCT_DEFINITION_SHAPE('Placement','Placement of an item',
  #10275);
#10275 = NEXT_ASSEMBLY_USAGE_OCCURRENCE('18','R2','',#5,#103,$);
#10276 = CONTEXT_DEPENDENT_SHAPE_REPRESENTATION(#10277,#10279);
#10277 = ( REPRESENTATION_RELATIONSHIP('','',#9400,#10) 
REPRESENTATION_RELATIONSHIP_WITH_TRANSFORMATION(#10278) 
SHAPE_REPRESENTATION_RELATIONSHIP() );
#10278 = ITEM_DEFINED_TRANSFORMATION('','',#11,#87);
#10279 = PRODUCT_DEFINITION_SHAPE('Placement','Placement of an item',
  #10280);
#10280 = NEXT_ASSEMBLY_USAGE_OCCURRENCE('19','C7','',#5,#9395,$);
#10281 = SHAPE_DEFINITION_REPRESENTATION(#10282,#10288);
#10282 = PRODUCT_DEFINITION_SHAPE('','',#10283);
#10283 = PRODUCT_DEFINITION('design','',#10284,#10287);
#10284 = PRODUCT_DEFINITION_FORMATION('','',#10285);
#10285 = PRODUCT('microphone_PCB','microphone_PCB','',(#10286));
#10286 = PRODUCT_CONTEXT('',#2,'mechanical');
#10287 = PRODUCT_DEFINITION_CONTEXT('part definition',#2,'design');
#10288 = ADVANCED_BREP_SHAPE_REPRESENTATION('',(#11,#10289),#11164);
#10289 = MANIFOLD_SOLID_BREP('',#10290);
#10290 = CLOSED_SHELL('',(#10291,#10333,#10364,#10395,#10612,#10829,
    #10846,#10863,#10880,#10897,#10909,#10926,#10943,#10960,#10977,
    #10994,#11011,#11028,#11045,#11062,#11079,#11096,#11113,#11130,
    #11147));
#10291 = ADVANCED_FACE('',(#10292),#10328,.T.);
#10292 = FACE_BOUND('',#10293,.T.);
#10293 = EDGE_LOOP('',(#10294,#10304,#10313,#10321));
#10294 = ORIENTED_EDGE('',*,*,#10295,.T.);
#10295 = EDGE_CURVE('',#10296,#10298,#10300,.T.);
#10296 = VERTEX_POINT('',#10297);
#10297 = CARTESIAN_POINT('',(68.,-50.,0.));
#10298 = VERTEX_POINT('',#10299);
#10299 = CARTESIAN_POINT('',(68.,-50.,1.51));
#10300 = LINE('',#10301,#10302);
#10301 = CARTESIAN_POINT('',(68.,-50.,0.));
#10302 = VECTOR('',#10303,1.);
#10303 = DIRECTION('',(0.,0.,1.));
#10304 = ORIENTED_EDGE('',*,*,#10305,.T.);
#10305 = EDGE_CURVE('',#10298,#10306,#10308,.T.);
#10306 = VERTEX_POINT('',#10307);
#10307 = CARTESIAN_POINT('',(70.,-52.,1.51));
#10308 = CIRCLE('',#10309,2.000000212955);
#10309 = AXIS2_PLACEMENT_3D('',#10310,#10311,#10312);
#10310 = CARTESIAN_POINT('',(67.999999787045,-52.00000021295,1.51));
#10311 = DIRECTION('',(0.,0.,-1.));
#10312 = DIRECTION('',(1.064773755701E-07,1.,0.));
#10313 = ORIENTED_EDGE('',*,*,#10314,.F.);
#10314 = EDGE_CURVE('',#10315,#10306,#10317,.T.);
#10315 = VERTEX_POINT('',#10316);
#10316 = CARTESIAN_POINT('',(70.,-52.,0.));
#10317 = LINE('',#10318,#10319);
#10318 = CARTESIAN_POINT('',(70.,-52.,0.));
#10319 = VECTOR('',#10320,1.);
#10320 = DIRECTION('',(0.,0.,1.));
#10321 = ORIENTED_EDGE('',*,*,#10322,.F.);
#10322 = EDGE_CURVE('',#10296,#10315,#10323,.T.);
#10323 = CIRCLE('',#10324,2.000000212955);
#10324 = AXIS2_PLACEMENT_3D('',#10325,#10326,#10327);
#10325 = CARTESIAN_POINT('',(67.999999787045,-52.00000021295,0.));
#10326 = DIRECTION('',(0.,0.,-1.));
#10327 = DIRECTION('',(1.064773755701E-07,1.,0.));
#10328 = CYLINDRICAL_SURFACE('',#10329,2.000000212955);
#10329 = AXIS2_PLACEMENT_3D('',#10330,#10331,#10332);
#10330 = CARTESIAN_POINT('',(67.999999787045,-52.00000021295,0.));
#10331 = DIRECTION('',(0.,0.,-1.));
#10332 = DIRECTION('',(1.064773755701E-07,1.,0.));
#10333 = ADVANCED_FACE('',(#10334),#10359,.T.);
#10334 = FACE_BOUND('',#10335,.T.);
#10335 = EDGE_LOOP('',(#10336,#10346,#10352,#10353));
#10336 = ORIENTED_EDGE('',*,*,#10337,.T.);
#10337 = EDGE_CURVE('',#10338,#10340,#10342,.T.);
#10338 = VERTEX_POINT('',#10339);
#10339 = CARTESIAN_POINT('',(52.,-50.,0.));
#10340 = VERTEX_POINT('',#10341);
#10341 = CARTESIAN_POINT('',(52.,-50.,1.51));
#10342 = LINE('',#10343,#10344);
#10343 = CARTESIAN_POINT('',(52.,-50.,0.));
#10344 = VECTOR('',#10345,1.);
#10345 = DIRECTION('',(0.,0.,1.));
#10346 = ORIENTED_EDGE('',*,*,#10347,.T.);
#10347 = EDGE_CURVE('',#10340,#10298,#10348,.T.);
#10348 = LINE('',#10349,#10350);
#10349 = CARTESIAN_POINT('',(52.,-50.,1.51));
#10350 = VECTOR('',#10351,1.);
#10351 = DIRECTION('',(1.,0.,0.));
#10352 = ORIENTED_EDGE('',*,*,#10295,.F.);
#10353 = ORIENTED_EDGE('',*,*,#10354,.F.);
#10354 = EDGE_CURVE('',#10338,#10296,#10355,.T.);
#10355 = LINE('',#10356,#10357);
#10356 = CARTESIAN_POINT('',(52.,-50.,0.));
#10357 = VECTOR('',#10358,1.);
#10358 = DIRECTION('',(1.,0.,0.));
#10359 = PLANE('',#10360);
#10360 = AXIS2_PLACEMENT_3D('',#10361,#10362,#10363);
#10361 = CARTESIAN_POINT('',(52.,-50.,0.));
#10362 = DIRECTION('',(0.,1.,0.));
#10363 = DIRECTION('',(1.,0.,0.));
#10364 = ADVANCED_FACE('',(#10365),#10390,.T.);
#10365 = FACE_BOUND('',#10366,.T.);
#10366 = EDGE_LOOP('',(#10367,#10368,#10376,#10384));
#10367 = ORIENTED_EDGE('',*,*,#10314,.T.);
#10368 = ORIENTED_EDGE('',*,*,#10369,.T.);
#10369 = EDGE_CURVE('',#10306,#10370,#10372,.T.);
#10370 = VERTEX_POINT('',#10371);
#10371 = CARTESIAN_POINT('',(70.,-110.,1.51));
#10372 = LINE('',#10373,#10374);
#10373 = CARTESIAN_POINT('',(70.,-52.,1.51));
#10374 = VECTOR('',#10375,1.);
#10375 = DIRECTION('',(0.,-1.,0.));
#10376 = ORIENTED_EDGE('',*,*,#10377,.F.);
#10377 = EDGE_CURVE('',#10378,#10370,#10380,.T.);
#10378 = VERTEX_POINT('',#10379);
#10379 = CARTESIAN_POINT('',(70.,-110.,0.));
#10380 = LINE('',#10381,#10382);
#10381 = CARTESIAN_POINT('',(70.,-110.,0.));
#10382 = VECTOR('',#10383,1.);
#10383 = DIRECTION('',(0.,0.,1.));
#10384 = ORIENTED_EDGE('',*,*,#10385,.F.);
#10385 = EDGE_CURVE('',#10315,#10378,#10386,.T.);
#10386 = LINE('',#10387,#10388);
#10387 = CARTESIAN_POINT('',(70.,-52.,0.));
#10388 = VECTOR('',#10389,1.);
#10389 = DIRECTION('',(0.,-1.,0.));
#10390 = PLANE('',#10391);
#10391 = AXIS2_PLACEMENT_3D('',#10392,#10393,#10394);
#10392 = CARTESIAN_POINT('',(70.,-52.,0.));
#10393 = DIRECTION('',(1.,0.,-0.));
#10394 = DIRECTION('',(0.,-1.,0.));
#10395 = ADVANCED_FACE('',(#10396,#10442,#10453,#10464,#10475,#10486,
    #10497,#10508,#10519,#10530,#10541,#10552,#10563,#10574,#10585,
    #10596),#10607,.F.);
#10396 = FACE_BOUND('',#10397,.F.);
#10397 = EDGE_LOOP('',(#10398,#10399,#10400,#10409,#10417,#10426,#10434,
    #10441));
#10398 = ORIENTED_EDGE('',*,*,#10322,.F.);
#10399 = ORIENTED_EDGE('',*,*,#10354,.F.);
#10400 = ORIENTED_EDGE('',*,*,#10401,.F.);
#10401 = EDGE_CURVE('',#10402,#10338,#10404,.T.);
#10402 = VERTEX_POINT('',#10403);
#10403 = CARTESIAN_POINT('',(50.,-52.,0.));
#10404 = CIRCLE('',#10405,1.99999850585);
#10405 = AXIS2_PLACEMENT_3D('',#10406,#10407,#10408);
#10406 = CARTESIAN_POINT('',(51.99999850585,-51.99999850585,0.));
#10407 = DIRECTION('',(0.,0.,-1.));
#10408 = DIRECTION('',(-1.,-7.470757420593E-07,-0.));
#10409 = ORIENTED_EDGE('',*,*,#10410,.F.);
#10410 = EDGE_CURVE('',#10411,#10402,#10413,.T.);
#10411 = VERTEX_POINT('',#10412);
#10412 = CARTESIAN_POINT('',(50.,-110.,0.));
#10413 = LINE('',#10414,#10415);
#10414 = CARTESIAN_POINT('',(50.,-110.,0.));
#10415 = VECTOR('',#10416,1.);
#10416 = DIRECTION('',(0.,1.,0.));
#10417 = ORIENTED_EDGE('',*,*,#10418,.F.);
#10418 = EDGE_CURVE('',#10419,#10411,#10421,.T.);
#10419 = VERTEX_POINT('',#10420);
#10420 = CARTESIAN_POINT('',(52.,-112.,0.));
#10421 = CIRCLE('',#10422,2.000000212955);
#10422 = AXIS2_PLACEMENT_3D('',#10423,#10424,#10425);
#10423 = CARTESIAN_POINT('',(52.000000212955,-109.999999787,0.));
#10424 = DIRECTION('',(0.,0.,-1.));
#10425 = DIRECTION('',(-1.064773791228E-07,-1.,-0.));
#10426 = ORIENTED_EDGE('',*,*,#10427,.F.);
#10427 = EDGE_CURVE('',#10428,#10419,#10430,.T.);
#10428 = VERTEX_POINT('',#10429);
#10429 = CARTESIAN_POINT('',(68.,-112.,0.));
#10430 = LINE('',#10431,#10432);
#10431 = CARTESIAN_POINT('',(68.,-112.,0.));
#10432 = VECTOR('',#10433,1.);
#10433 = DIRECTION('',(-1.,0.,0.));
#10434 = ORIENTED_EDGE('',*,*,#10435,.F.);
#10435 = EDGE_CURVE('',#10378,#10428,#10436,.T.);
#10436 = CIRCLE('',#10437,2.000001920065);
#10437 = AXIS2_PLACEMENT_3D('',#10438,#10439,#10440);
#10438 = CARTESIAN_POINT('',(67.999998079936,-109.9999980799,0.));
#10439 = DIRECTION('',(0.,0.,-1.));
#10440 = DIRECTION('',(1.,-9.600311037711E-07,0.));
#10441 = ORIENTED_EDGE('',*,*,#10385,.F.);
#10442 = FACE_BOUND('',#10443,.F.);
#10443 = EDGE_LOOP('',(#10444));
#10444 = ORIENTED_EDGE('',*,*,#10445,.T.);
#10445 = EDGE_CURVE('',#10446,#10446,#10448,.T.);
#10446 = VERTEX_POINT('',#10447);
#10447 = CARTESIAN_POINT('',(57.5,-97.275,0.));
#10448 = CIRCLE('',#10449,0.475);
#10449 = AXIS2_PLACEMENT_3D('',#10450,#10451,#10452);
#10450 = CARTESIAN_POINT('',(57.5,-96.8,0.));
#10451 = DIRECTION('',(-0.,0.,-1.));
#10452 = DIRECTION('',(-0.,-1.,0.));
#10453 = FACE_BOUND('',#10454,.F.);
#10454 = EDGE_LOOP('',(#10455));
#10455 = ORIENTED_EDGE('',*,*,#10456,.T.);
#10456 = EDGE_CURVE('',#10457,#10457,#10459,.T.);
#10457 = VERTEX_POINT('',#10458);
#10458 = CARTESIAN_POINT('',(60.,-108.75,0.));
#10459 = CIRCLE('',#10460,2.75);
#10460 = AXIS2_PLACEMENT_3D('',#10461,#10462,#10463);
#10461 = CARTESIAN_POINT('',(60.,-106.,0.));
#10462 = DIRECTION('',(-0.,0.,-1.));
#10463 = DIRECTION('',(-0.,-1.,0.));
#10464 = FACE_BOUND('',#10465,.F.);
#10465 = EDGE_LOOP('',(#10466));
#10466 = ORIENTED_EDGE('',*,*,#10467,.T.);
#10467 = EDGE_CURVE('',#10468,#10468,#10470,.T.);
#10468 = VERTEX_POINT('',#10469);
#10469 = CARTESIAN_POINT('',(60.,-97.275,0.));
#10470 = CIRCLE('',#10471,0.475);
#10471 = AXIS2_PLACEMENT_3D('',#10472,#10473,#10474);
#10472 = CARTESIAN_POINT('',(60.,-96.8,0.));
#10473 = DIRECTION('',(-0.,0.,-1.));
#10474 = DIRECTION('',(-0.,-1.,0.));
#10475 = FACE_BOUND('',#10476,.F.);
#10476 = EDGE_LOOP('',(#10477));
#10477 = ORIENTED_EDGE('',*,*,#10478,.T.);
#10478 = EDGE_CURVE('',#10479,#10479,#10481,.T.);
#10479 = VERTEX_POINT('',#10480);
#10480 = CARTESIAN_POINT('',(54.5,-91.5,0.));
#10481 = CIRCLE('',#10482,0.5);
#10482 = AXIS2_PLACEMENT_3D('',#10483,#10484,#10485);
#10483 = CARTESIAN_POINT('',(54.5,-91.,0.));
#10484 = DIRECTION('',(-0.,0.,-1.));
#10485 = DIRECTION('',(-0.,-1.,0.));
#10486 = FACE_BOUND('',#10487,.F.);
#10487 = EDGE_LOOP('',(#10488));
#10488 = ORIENTED_EDGE('',*,*,#10489,.T.);
#10489 = EDGE_CURVE('',#10490,#10490,#10492,.T.);
#10490 = VERTEX_POINT('',#10491);
#10491 = CARTESIAN_POINT('',(57.04,-91.5,0.));
#10492 = CIRCLE('',#10493,0.5);
#10493 = AXIS2_PLACEMENT_3D('',#10494,#10495,#10496);
#10494 = CARTESIAN_POINT('',(57.04,-91.,0.));
#10495 = DIRECTION('',(-0.,0.,-1.));
#10496 = DIRECTION('',(-0.,-1.,0.));
#10497 = FACE_BOUND('',#10498,.F.);
#10498 = EDGE_LOOP('',(#10499));
#10499 = ORIENTED_EDGE('',*,*,#10500,.T.);
#10500 = EDGE_CURVE('',#10501,#10501,#10503,.T.);
#10501 = VERTEX_POINT('',#10502);
#10502 = CARTESIAN_POINT('',(54.5,-86.5,0.));
#10503 = CIRCLE('',#10504,0.5);
#10504 = AXIS2_PLACEMENT_3D('',#10505,#10506,#10507);
#10505 = CARTESIAN_POINT('',(54.5,-86.,0.));
#10506 = DIRECTION('',(-0.,0.,-1.));
#10507 = DIRECTION('',(-0.,-1.,0.));
#10508 = FACE_BOUND('',#10509,.F.);
#10509 = EDGE_LOOP('',(#10510));
#10510 = ORIENTED_EDGE('',*,*,#10511,.T.);
#10511 = EDGE_CURVE('',#10512,#10512,#10514,.T.);
#10512 = VERTEX_POINT('',#10513);
#10513 = CARTESIAN_POINT('',(57.04,-86.5,0.));
#10514 = CIRCLE('',#10515,0.5);
#10515 = AXIS2_PLACEMENT_3D('',#10516,#10517,#10518);
#10516 = CARTESIAN_POINT('',(57.04,-86.,0.));
#10517 = DIRECTION('',(-0.,0.,-1.));
#10518 = DIRECTION('',(-0.,-1.,0.));
#10519 = FACE_BOUND('',#10520,.F.);
#10520 = EDGE_LOOP('',(#10521));
#10521 = ORIENTED_EDGE('',*,*,#10522,.T.);
#10522 = EDGE_CURVE('',#10523,#10523,#10525,.T.);
#10523 = VERTEX_POINT('',#10524);
#10524 = CARTESIAN_POINT('',(59.58,-91.5,0.));
#10525 = CIRCLE('',#10526,0.5);
#10526 = AXIS2_PLACEMENT_3D('',#10527,#10528,#10529);
#10527 = CARTESIAN_POINT('',(59.58,-91.,0.));
#10528 = DIRECTION('',(-0.,0.,-1.));
#10529 = DIRECTION('',(-0.,-1.,0.));
#10530 = FACE_BOUND('',#10531,.F.);
#10531 = EDGE_LOOP('',(#10532));
#10532 = ORIENTED_EDGE('',*,*,#10533,.T.);
#10533 = EDGE_CURVE('',#10534,#10534,#10536,.T.);
#10534 = VERTEX_POINT('',#10535);
#10535 = CARTESIAN_POINT('',(59.58,-86.5,0.));
#10536 = CIRCLE('',#10537,0.5);
#10537 = AXIS2_PLACEMENT_3D('',#10538,#10539,#10540);
#10538 = CARTESIAN_POINT('',(59.58,-86.,0.));
#10539 = DIRECTION('',(-0.,0.,-1.));
#10540 = DIRECTION('',(-0.,-1.,0.));
#10541 = FACE_BOUND('',#10542,.F.);
#10542 = EDGE_LOOP('',(#10543));
#10543 = ORIENTED_EDGE('',*,*,#10544,.T.);
#10544 = EDGE_CURVE('',#10545,#10545,#10547,.T.);
#10545 = VERTEX_POINT('',#10546);
#10546 = CARTESIAN_POINT('',(62.5,-97.275,0.));
#10547 = CIRCLE('',#10548,0.475);
#10548 = AXIS2_PLACEMENT_3D('',#10549,#10550,#10551);
#10549 = CARTESIAN_POINT('',(62.5,-96.8,0.));
#10550 = DIRECTION('',(-0.,0.,-1.));
#10551 = DIRECTION('',(-0.,-1.,0.));
#10552 = FACE_BOUND('',#10553,.F.);
#10553 = EDGE_LOOP('',(#10554));
#10554 = ORIENTED_EDGE('',*,*,#10555,.T.);
#10555 = EDGE_CURVE('',#10556,#10556,#10558,.T.);
#10556 = VERTEX_POINT('',#10557);
#10557 = CARTESIAN_POINT('',(65.,-92.5,0.));
#10558 = CIRCLE('',#10559,0.5);
#10559 = AXIS2_PLACEMENT_3D('',#10560,#10561,#10562);
#10560 = CARTESIAN_POINT('',(65.,-92.,0.));
#10561 = DIRECTION('',(-0.,0.,-1.));
#10562 = DIRECTION('',(-0.,-1.,0.));
#10563 = FACE_BOUND('',#10564,.F.);
#10564 = EDGE_LOOP('',(#10565));
#10565 = ORIENTED_EDGE('',*,*,#10566,.T.);
#10566 = EDGE_CURVE('',#10567,#10567,#10569,.T.);
#10567 = VERTEX_POINT('',#10568);
#10568 = CARTESIAN_POINT('',(67.54,-92.5,0.));
#10569 = CIRCLE('',#10570,0.5);
#10570 = AXIS2_PLACEMENT_3D('',#10571,#10572,#10573);
#10571 = CARTESIAN_POINT('',(67.54,-92.,0.));
#10572 = DIRECTION('',(-0.,0.,-1.));
#10573 = DIRECTION('',(-0.,-1.,0.));
#10574 = FACE_BOUND('',#10575,.F.);
#10575 = EDGE_LOOP('',(#10576));
#10576 = ORIENTED_EDGE('',*,*,#10577,.T.);
#10577 = EDGE_CURVE('',#10578,#10578,#10580,.T.);
#10578 = VERTEX_POINT('',#10579);
#10579 = CARTESIAN_POINT('',(58.75,-67.4,0.));
#10580 = CIRCLE('',#10581,0.4);
#10581 = AXIS2_PLACEMENT_3D('',#10582,#10583,#10584);
#10582 = CARTESIAN_POINT('',(58.75,-67.,0.));
#10583 = DIRECTION('',(-0.,0.,-1.));
#10584 = DIRECTION('',(-0.,-1.,0.));
#10585 = FACE_BOUND('',#10586,.F.);
#10586 = EDGE_LOOP('',(#10587));
#10587 = ORIENTED_EDGE('',*,*,#10588,.T.);
#10588 = EDGE_CURVE('',#10589,#10589,#10591,.T.);
#10589 = VERTEX_POINT('',#10590);
#10590 = CARTESIAN_POINT('',(60.,-58.75,0.));
#10591 = CIRCLE('',#10592,2.75);
#10592 = AXIS2_PLACEMENT_3D('',#10593,#10594,#10595);
#10593 = CARTESIAN_POINT('',(60.,-56.,0.));
#10594 = DIRECTION('',(-0.,0.,-1.));
#10595 = DIRECTION('',(-0.,-1.,0.));
#10596 = FACE_BOUND('',#10597,.F.);
#10597 = EDGE_LOOP('',(#10598));
#10598 = ORIENTED_EDGE('',*,*,#10599,.T.);
#10599 = EDGE_CURVE('',#10600,#10600,#10602,.T.);
#10600 = VERTEX_POINT('',#10601);
#10601 = CARTESIAN_POINT('',(61.25,-67.4,0.));
#10602 = CIRCLE('',#10603,0.4);
#10603 = AXIS2_PLACEMENT_3D('',#10604,#10605,#10606);
#10604 = CARTESIAN_POINT('',(61.25,-67.,0.));
#10605 = DIRECTION('',(-0.,0.,-1.));
#10606 = DIRECTION('',(-0.,-1.,0.));
#10607 = PLANE('',#10608);
#10608 = AXIS2_PLACEMENT_3D('',#10609,#10610,#10611);
#10609 = CARTESIAN_POINT('',(0.,0.,0.));
#10610 = DIRECTION('',(0.,0.,1.));
#10611 = DIRECTION('',(1.,0.,-0.));
#10612 = ADVANCED_FACE('',(#10613,#10659,#10670,#10681,#10692,#10703,
    #10714,#10725,#10736,#10747,#10758,#10769,#10780,#10791,#10802,
    #10813),#10824,.T.);
#10613 = FACE_BOUND('',#10614,.T.);
#10614 = EDGE_LOOP('',(#10615,#10616,#10617,#10626,#10634,#10643,#10651,
    #10658));
#10615 = ORIENTED_EDGE('',*,*,#10305,.F.);
#10616 = ORIENTED_EDGE('',*,*,#10347,.F.);
#10617 = ORIENTED_EDGE('',*,*,#10618,.F.);
#10618 = EDGE_CURVE('',#10619,#10340,#10621,.T.);
#10619 = VERTEX_POINT('',#10620);
#10620 = CARTESIAN_POINT('',(50.,-52.,1.51));
#10621 = CIRCLE('',#10622,1.99999850585);
#10622 = AXIS2_PLACEMENT_3D('',#10623,#10624,#10625);
#10623 = CARTESIAN_POINT('',(51.99999850585,-51.99999850585,1.51));
#10624 = DIRECTION('',(0.,0.,-1.));
#10625 = DIRECTION('',(-1.,-7.470757420593E-07,-0.));
#10626 = ORIENTED_EDGE('',*,*,#10627,.F.);
#10627 = EDGE_CURVE('',#10628,#10619,#10630,.T.);
#10628 = VERTEX_POINT('',#10629);
#10629 = CARTESIAN_POINT('',(50.,-110.,1.51));
#10630 = LINE('',#10631,#10632);
#10631 = CARTESIAN_POINT('',(50.,-110.,1.51));
#10632 = VECTOR('',#10633,1.);
#10633 = DIRECTION('',(0.,1.,0.));
#10634 = ORIENTED_EDGE('',*,*,#10635,.F.);
#10635 = EDGE_CURVE('',#10636,#10628,#10638,.T.);
#10636 = VERTEX_POINT('',#10637);
#10637 = CARTESIAN_POINT('',(52.,-112.,1.51));
#10638 = CIRCLE('',#10639,2.000000212955);
#10639 = AXIS2_PLACEMENT_3D('',#10640,#10641,#10642);
#10640 = CARTESIAN_POINT('',(52.000000212955,-109.999999787,1.51));
#10641 = DIRECTION('',(0.,0.,-1.));
#10642 = DIRECTION('',(-1.064773791228E-07,-1.,-0.));
#10643 = ORIENTED_EDGE('',*,*,#10644,.F.);
#10644 = EDGE_CURVE('',#10645,#10636,#10647,.T.);
#10645 = VERTEX_POINT('',#10646);
#10646 = CARTESIAN_POINT('',(68.,-112.,1.51));
#10647 = LINE('',#10648,#10649);
#10648 = CARTESIAN_POINT('',(68.,-112.,1.51));
#10649 = VECTOR('',#10650,1.);
#10650 = DIRECTION('',(-1.,0.,0.));
#10651 = ORIENTED_EDGE('',*,*,#10652,.F.);
#10652 = EDGE_CURVE('',#10370,#10645,#10653,.T.);
#10653 = CIRCLE('',#10654,2.000001920065);
#10654 = AXIS2_PLACEMENT_3D('',#10655,#10656,#10657);
#10655 = CARTESIAN_POINT('',(67.999998079936,-109.9999980799,1.51));
#10656 = DIRECTION('',(0.,0.,-1.));
#10657 = DIRECTION('',(1.,-9.600311037711E-07,0.));
#10658 = ORIENTED_EDGE('',*,*,#10369,.F.);
#10659 = FACE_BOUND('',#10660,.T.);
#10660 = EDGE_LOOP('',(#10661));
#10661 = ORIENTED_EDGE('',*,*,#10662,.T.);
#10662 = EDGE_CURVE('',#10663,#10663,#10665,.T.);
#10663 = VERTEX_POINT('',#10664);
#10664 = CARTESIAN_POINT('',(57.5,-97.275,1.51));
#10665 = CIRCLE('',#10666,0.475);
#10666 = AXIS2_PLACEMENT_3D('',#10667,#10668,#10669);
#10667 = CARTESIAN_POINT('',(57.5,-96.8,1.51));
#10668 = DIRECTION('',(-0.,0.,-1.));
#10669 = DIRECTION('',(-0.,-1.,0.));
#10670 = FACE_BOUND('',#10671,.T.);
#10671 = EDGE_LOOP('',(#10672));
#10672 = ORIENTED_EDGE('',*,*,#10673,.T.);
#10673 = EDGE_CURVE('',#10674,#10674,#10676,.T.);
#10674 = VERTEX_POINT('',#10675);
#10675 = CARTESIAN_POINT('',(60.,-108.75,1.51));
#10676 = CIRCLE('',#10677,2.75);
#10677 = AXIS2_PLACEMENT_3D('',#10678,#10679,#10680);
#10678 = CARTESIAN_POINT('',(60.,-106.,1.51));
#10679 = DIRECTION('',(-0.,0.,-1.));
#10680 = DIRECTION('',(-0.,-1.,0.));
#10681 = FACE_BOUND('',#10682,.T.);
#10682 = EDGE_LOOP('',(#10683));
#10683 = ORIENTED_EDGE('',*,*,#10684,.T.);
#10684 = EDGE_CURVE('',#10685,#10685,#10687,.T.);
#10685 = VERTEX_POINT('',#10686);
#10686 = CARTESIAN_POINT('',(60.,-97.275,1.51));
#10687 = CIRCLE('',#10688,0.475);
#10688 = AXIS2_PLACEMENT_3D('',#10689,#10690,#10691);
#10689 = CARTESIAN_POINT('',(60.,-96.8,1.51));
#10690 = DIRECTION('',(-0.,0.,-1.));
#10691 = DIRECTION('',(-0.,-1.,0.));
#10692 = FACE_BOUND('',#10693,.T.);
#10693 = EDGE_LOOP('',(#10694));
#10694 = ORIENTED_EDGE('',*,*,#10695,.T.);
#10695 = EDGE_CURVE('',#10696,#10696,#10698,.T.);
#10696 = VERTEX_POINT('',#10697);
#10697 = CARTESIAN_POINT('',(54.5,-91.5,1.51));
#10698 = CIRCLE('',#10699,0.5);
#10699 = AXIS2_PLACEMENT_3D('',#10700,#10701,#10702);
#10700 = CARTESIAN_POINT('',(54.5,-91.,1.51));
#10701 = DIRECTION('',(-0.,0.,-1.));
#10702 = DIRECTION('',(-0.,-1.,0.));
#10703 = FACE_BOUND('',#10704,.T.);
#10704 = EDGE_LOOP('',(#10705));
#10705 = ORIENTED_EDGE('',*,*,#10706,.T.);
#10706 = EDGE_CURVE('',#10707,#10707,#10709,.T.);
#10707 = VERTEX_POINT('',#10708);
#10708 = CARTESIAN_POINT('',(57.04,-91.5,1.51));
#10709 = CIRCLE('',#10710,0.5);
#10710 = AXIS2_PLACEMENT_3D('',#10711,#10712,#10713);
#10711 = CARTESIAN_POINT('',(57.04,-91.,1.51));
#10712 = DIRECTION('',(-0.,0.,-1.));
#10713 = DIRECTION('',(-0.,-1.,0.));
#10714 = FACE_BOUND('',#10715,.T.);
#10715 = EDGE_LOOP('',(#10716));
#10716 = ORIENTED_EDGE('',*,*,#10717,.T.);
#10717 = EDGE_CURVE('',#10718,#10718,#10720,.T.);
#10718 = VERTEX_POINT('',#10719);
#10719 = CARTESIAN_POINT('',(54.5,-86.5,1.51));
#10720 = CIRCLE('',#10721,0.5);
#10721 = AXIS2_PLACEMENT_3D('',#10722,#10723,#10724);
#10722 = CARTESIAN_POINT('',(54.5,-86.,1.51));
#10723 = DIRECTION('',(-0.,0.,-1.));
#10724 = DIRECTION('',(-0.,-1.,0.));
#10725 = FACE_BOUND('',#10726,.T.);
#10726 = EDGE_LOOP('',(#10727));
#10727 = ORIENTED_EDGE('',*,*,#10728,.T.);
#10728 = EDGE_CURVE('',#10729,#10729,#10731,.T.);
#10729 = VERTEX_POINT('',#10730);
#10730 = CARTESIAN_POINT('',(57.04,-86.5,1.51));
#10731 = CIRCLE('',#10732,0.5);
#10732 = AXIS2_PLACEMENT_3D('',#10733,#10734,#10735);
#10733 = CARTESIAN_POINT('',(57.04,-86.,1.51));
#10734 = DIRECTION('',(-0.,0.,-1.));
#10735 = DIRECTION('',(-0.,-1.,0.));
#10736 = FACE_BOUND('',#10737,.T.);
#10737 = EDGE_LOOP('',(#10738));
#10738 = ORIENTED_EDGE('',*,*,#10739,.T.);
#10739 = EDGE_CURVE('',#10740,#10740,#10742,.T.);
#10740 = VERTEX_POINT('',#10741);
#10741 = CARTESIAN_POINT('',(59.58,-91.5,1.51));
#10742 = CIRCLE('',#10743,0.5);
#10743 = AXIS2_PLACEMENT_3D('',#10744,#10745,#10746);
#10744 = CARTESIAN_POINT('',(59.58,-91.,1.51));
#10745 = DIRECTION('',(-0.,0.,-1.));
#10746 = DIRECTION('',(-0.,-1.,0.));
#10747 = FACE_BOUND('',#10748,.T.);
#10748 = EDGE_LOOP('',(#10749));
#10749 = ORIENTED_EDGE('',*,*,#10750,.T.);
#10750 = EDGE_CURVE('',#10751,#10751,#10753,.T.);
#10751 = VERTEX_POINT('',#10752);
#10752 = CARTESIAN_POINT('',(59.58,-86.5,1.51));
#10753 = CIRCLE('',#10754,0.5);
#10754 = AXIS2_PLACEMENT_3D('',#10755,#10756,#10757);
#10755 = CARTESIAN_POINT('',(59.58,-86.,1.51));
#10756 = DIRECTION('',(-0.,0.,-1.));
#10757 = DIRECTION('',(-0.,-1.,0.));
#10758 = FACE_BOUND('',#10759,.T.);
#10759 = EDGE_LOOP('',(#10760));
#10760 = ORIENTED_EDGE('',*,*,#10761,.T.);
#10761 = EDGE_CURVE('',#10762,#10762,#10764,.T.);
#10762 = VERTEX_POINT('',#10763);
#10763 = CARTESIAN_POINT('',(62.5,-97.275,1.51));
#10764 = CIRCLE('',#10765,0.475);
#10765 = AXIS2_PLACEMENT_3D('',#10766,#10767,#10768);
#10766 = CARTESIAN_POINT('',(62.5,-96.8,1.51));
#10767 = DIRECTION('',(-0.,0.,-1.));
#10768 = DIRECTION('',(-0.,-1.,0.));
#10769 = FACE_BOUND('',#10770,.T.);
#10770 = EDGE_LOOP('',(#10771));
#10771 = ORIENTED_EDGE('',*,*,#10772,.T.);
#10772 = EDGE_CURVE('',#10773,#10773,#10775,.T.);
#10773 = VERTEX_POINT('',#10774);
#10774 = CARTESIAN_POINT('',(65.,-92.5,1.51));
#10775 = CIRCLE('',#10776,0.5);
#10776 = AXIS2_PLACEMENT_3D('',#10777,#10778,#10779);
#10777 = CARTESIAN_POINT('',(65.,-92.,1.51));
#10778 = DIRECTION('',(-0.,0.,-1.));
#10779 = DIRECTION('',(-0.,-1.,0.));
#10780 = FACE_BOUND('',#10781,.T.);
#10781 = EDGE_LOOP('',(#10782));
#10782 = ORIENTED_EDGE('',*,*,#10783,.T.);
#10783 = EDGE_CURVE('',#10784,#10784,#10786,.T.);
#10784 = VERTEX_POINT('',#10785);
#10785 = CARTESIAN_POINT('',(67.54,-92.5,1.51));
#10786 = CIRCLE('',#10787,0.5);
#10787 = AXIS2_PLACEMENT_3D('',#10788,#10789,#10790);
#10788 = CARTESIAN_POINT('',(67.54,-92.,1.51));
#10789 = DIRECTION('',(-0.,0.,-1.));
#10790 = DIRECTION('',(-0.,-1.,0.));
#10791 = FACE_BOUND('',#10792,.T.);
#10792 = EDGE_LOOP('',(#10793));
#10793 = ORIENTED_EDGE('',*,*,#10794,.T.);
#10794 = EDGE_CURVE('',#10795,#10795,#10797,.T.);
#10795 = VERTEX_POINT('',#10796);
#10796 = CARTESIAN_POINT('',(58.75,-67.4,1.51));
#10797 = CIRCLE('',#10798,0.4);
#10798 = AXIS2_PLACEMENT_3D('',#10799,#10800,#10801);
#10799 = CARTESIAN_POINT('',(58.75,-67.,1.51));
#10800 = DIRECTION('',(-0.,0.,-1.));
#10801 = DIRECTION('',(-0.,-1.,0.));
#10802 = FACE_BOUND('',#10803,.T.);
#10803 = EDGE_LOOP('',(#10804));
#10804 = ORIENTED_EDGE('',*,*,#10805,.T.);
#10805 = EDGE_CURVE('',#10806,#10806,#10808,.T.);
#10806 = VERTEX_POINT('',#10807);
#10807 = CARTESIAN_POINT('',(60.,-58.75,1.51));
#10808 = CIRCLE('',#10809,2.75);
#10809 = AXIS2_PLACEMENT_3D('',#10810,#10811,#10812);
#10810 = CARTESIAN_POINT('',(60.,-56.,1.51));
#10811 = DIRECTION('',(-0.,0.,-1.));
#10812 = DIRECTION('',(-0.,-1.,0.));
#10813 = FACE_BOUND('',#10814,.T.);
#10814 = EDGE_LOOP('',(#10815));
#10815 = ORIENTED_EDGE('',*,*,#10816,.T.);
#10816 = EDGE_CURVE('',#10817,#10817,#10819,.T.);
#10817 = VERTEX_POINT('',#10818);
#10818 = CARTESIAN_POINT('',(61.25,-67.4,1.51));
#10819 = CIRCLE('',#10820,0.4);
#10820 = AXIS2_PLACEMENT_3D('',#10821,#10822,#10823);
#10821 = CARTESIAN_POINT('',(61.25,-67.,1.51));
#10822 = DIRECTION('',(-0.,0.,-1.));
#10823 = DIRECTION('',(-0.,-1.,0.));
#10824 = PLANE('',#10825);
#10825 = AXIS2_PLACEMENT_3D('',#10826,#10827,#10828);
#10826 = CARTESIAN_POINT('',(0.,0.,1.51));
#10827 = DIRECTION('',(0.,0.,1.));
#10828 = DIRECTION('',(1.,0.,-0.));
#10829 = ADVANCED_FACE('',(#10830),#10841,.T.);
#10830 = FACE_BOUND('',#10831,.T.);
#10831 = EDGE_LOOP('',(#10832,#10838,#10839,#10840));
#10832 = ORIENTED_EDGE('',*,*,#10833,.T.);
#10833 = EDGE_CURVE('',#10402,#10619,#10834,.T.);
#10834 = LINE('',#10835,#10836);
#10835 = CARTESIAN_POINT('',(50.,-52.,0.));
#10836 = VECTOR('',#10837,1.);
#10837 = DIRECTION('',(0.,0.,1.));
#10838 = ORIENTED_EDGE('',*,*,#10618,.T.);
#10839 = ORIENTED_EDGE('',*,*,#10337,.F.);
#10840 = ORIENTED_EDGE('',*,*,#10401,.F.);
#10841 = CYLINDRICAL_SURFACE('',#10842,1.99999850585);
#10842 = AXIS2_PLACEMENT_3D('',#10843,#10844,#10845);
#10843 = CARTESIAN_POINT('',(51.99999850585,-51.99999850585,0.));
#10844 = DIRECTION('',(0.,0.,-1.));
#10845 = DIRECTION('',(-1.,-7.470757420593E-07,-0.));
#10846 = ADVANCED_FACE('',(#10847),#10858,.T.);
#10847 = FACE_BOUND('',#10848,.T.);
#10848 = EDGE_LOOP('',(#10849,#10850,#10851,#10857));
#10849 = ORIENTED_EDGE('',*,*,#10377,.T.);
#10850 = ORIENTED_EDGE('',*,*,#10652,.T.);
#10851 = ORIENTED_EDGE('',*,*,#10852,.F.);
#10852 = EDGE_CURVE('',#10428,#10645,#10853,.T.);
#10853 = LINE('',#10854,#10855);
#10854 = CARTESIAN_POINT('',(68.,-112.,0.));
#10855 = VECTOR('',#10856,1.);
#10856 = DIRECTION('',(0.,0.,1.));
#10857 = ORIENTED_EDGE('',*,*,#10435,.F.);
#10858 = CYLINDRICAL_SURFACE('',#10859,2.000001920065);
#10859 = AXIS2_PLACEMENT_3D('',#10860,#10861,#10862);
#10860 = CARTESIAN_POINT('',(67.999998079936,-109.9999980799,0.));
#10861 = DIRECTION('',(0.,0.,-1.));
#10862 = DIRECTION('',(1.,-9.600311037711E-07,0.));
#10863 = ADVANCED_FACE('',(#10864),#10875,.T.);
#10864 = FACE_BOUND('',#10865,.T.);
#10865 = EDGE_LOOP('',(#10866,#10872,#10873,#10874));
#10866 = ORIENTED_EDGE('',*,*,#10867,.T.);
#10867 = EDGE_CURVE('',#10411,#10628,#10868,.T.);
#10868 = LINE('',#10869,#10870);
#10869 = CARTESIAN_POINT('',(50.,-110.,0.));
#10870 = VECTOR('',#10871,1.);
#10871 = DIRECTION('',(0.,0.,1.));
#10872 = ORIENTED_EDGE('',*,*,#10627,.T.);
#10873 = ORIENTED_EDGE('',*,*,#10833,.F.);
#10874 = ORIENTED_EDGE('',*,*,#10410,.F.);
#10875 = PLANE('',#10876);
#10876 = AXIS2_PLACEMENT_3D('',#10877,#10878,#10879);
#10877 = CARTESIAN_POINT('',(50.,-110.,0.));
#10878 = DIRECTION('',(-1.,0.,0.));
#10879 = DIRECTION('',(0.,1.,0.));
#10880 = ADVANCED_FACE('',(#10881),#10892,.T.);
#10881 = FACE_BOUND('',#10882,.T.);
#10882 = EDGE_LOOP('',(#10883,#10884,#10885,#10891));
#10883 = ORIENTED_EDGE('',*,*,#10852,.T.);
#10884 = ORIENTED_EDGE('',*,*,#10644,.T.);
#10885 = ORIENTED_EDGE('',*,*,#10886,.F.);
#10886 = EDGE_CURVE('',#10419,#10636,#10887,.T.);
#10887 = LINE('',#10888,#10889);
#10888 = CARTESIAN_POINT('',(52.,-112.,0.));
#10889 = VECTOR('',#10890,1.);
#10890 = DIRECTION('',(0.,0.,1.));
#10891 = ORIENTED_EDGE('',*,*,#10427,.F.);
#10892 = PLANE('',#10893);
#10893 = AXIS2_PLACEMENT_3D('',#10894,#10895,#10896);
#10894 = CARTESIAN_POINT('',(68.,-112.,0.));
#10895 = DIRECTION('',(0.,-1.,0.));
#10896 = DIRECTION('',(-1.,0.,0.));
#10897 = ADVANCED_FACE('',(#10898),#10904,.T.);
#10898 = FACE_BOUND('',#10899,.T.);
#10899 = EDGE_LOOP('',(#10900,#10901,#10902,#10903));
#10900 = ORIENTED_EDGE('',*,*,#10886,.T.);
#10901 = ORIENTED_EDGE('',*,*,#10635,.T.);
#10902 = ORIENTED_EDGE('',*,*,#10867,.F.);
#10903 = ORIENTED_EDGE('',*,*,#10418,.F.);
#10904 = CYLINDRICAL_SURFACE('',#10905,2.000000212955);
#10905 = AXIS2_PLACEMENT_3D('',#10906,#10907,#10908);
#10906 = CARTESIAN_POINT('',(52.000000212955,-109.999999787,0.));
#10907 = DIRECTION('',(0.,0.,-1.));
#10908 = DIRECTION('',(-1.064773791228E-07,-1.,-0.));
#10909 = ADVANCED_FACE('',(#10910),#10921,.F.);
#10910 = FACE_BOUND('',#10911,.T.);
#10911 = EDGE_LOOP('',(#10912,#10913,#10919,#10920));
#10912 = ORIENTED_EDGE('',*,*,#10445,.T.);
#10913 = ORIENTED_EDGE('',*,*,#10914,.T.);
#10914 = EDGE_CURVE('',#10446,#10663,#10915,.T.);
#10915 = LINE('',#10916,#10917);
#10916 = CARTESIAN_POINT('',(57.5,-97.275,-4.6E-02));
#10917 = VECTOR('',#10918,1.);
#10918 = DIRECTION('',(0.,0.,1.));
#10919 = ORIENTED_EDGE('',*,*,#10662,.F.);
#10920 = ORIENTED_EDGE('',*,*,#10914,.F.);
#10921 = CYLINDRICAL_SURFACE('',#10922,0.475);
#10922 = AXIS2_PLACEMENT_3D('',#10923,#10924,#10925);
#10923 = CARTESIAN_POINT('',(57.5,-96.8,-4.6E-02));
#10924 = DIRECTION('',(-0.,-0.,-1.));
#10925 = DIRECTION('',(-0.,-1.,0.));
#10926 = ADVANCED_FACE('',(#10927),#10938,.F.);
#10927 = FACE_BOUND('',#10928,.T.);
#10928 = EDGE_LOOP('',(#10929,#10930,#10936,#10937));
#10929 = ORIENTED_EDGE('',*,*,#10456,.T.);
#10930 = ORIENTED_EDGE('',*,*,#10931,.T.);
#10931 = EDGE_CURVE('',#10457,#10674,#10932,.T.);
#10932 = LINE('',#10933,#10934);
#10933 = CARTESIAN_POINT('',(60.,-108.75,-4.6E-02));
#10934 = VECTOR('',#10935,1.);
#10935 = DIRECTION('',(0.,0.,1.));
#10936 = ORIENTED_EDGE('',*,*,#10673,.F.);
#10937 = ORIENTED_EDGE('',*,*,#10931,.F.);
#10938 = CYLINDRICAL_SURFACE('',#10939,2.75);
#10939 = AXIS2_PLACEMENT_3D('',#10940,#10941,#10942);
#10940 = CARTESIAN_POINT('',(60.,-106.,-4.6E-02));
#10941 = DIRECTION('',(-0.,-0.,-1.));
#10942 = DIRECTION('',(-0.,-1.,0.));
#10943 = ADVANCED_FACE('',(#10944),#10955,.F.);
#10944 = FACE_BOUND('',#10945,.T.);
#10945 = EDGE_LOOP('',(#10946,#10947,#10953,#10954));
#10946 = ORIENTED_EDGE('',*,*,#10467,.T.);
#10947 = ORIENTED_EDGE('',*,*,#10948,.T.);
#10948 = EDGE_CURVE('',#10468,#10685,#10949,.T.);
#10949 = LINE('',#10950,#10951);
#10950 = CARTESIAN_POINT('',(60.,-97.275,-4.6E-02));
#10951 = VECTOR('',#10952,1.);
#10952 = DIRECTION('',(0.,0.,1.));
#10953 = ORIENTED_EDGE('',*,*,#10684,.F.);
#10954 = ORIENTED_EDGE('',*,*,#10948,.F.);
#10955 = CYLINDRICAL_SURFACE('',#10956,0.475);
#10956 = AXIS2_PLACEMENT_3D('',#10957,#10958,#10959);
#10957 = CARTESIAN_POINT('',(60.,-96.8,-4.6E-02));
#10958 = DIRECTION('',(-0.,-0.,-1.));
#10959 = DIRECTION('',(-0.,-1.,0.));
#10960 = ADVANCED_FACE('',(#10961),#10972,.F.);
#10961 = FACE_BOUND('',#10962,.T.);
#10962 = EDGE_LOOP('',(#10963,#10964,#10970,#10971));
#10963 = ORIENTED_EDGE('',*,*,#10478,.T.);
#10964 = ORIENTED_EDGE('',*,*,#10965,.T.);
#10965 = EDGE_CURVE('',#10479,#10696,#10966,.T.);
#10966 = LINE('',#10967,#10968);
#10967 = CARTESIAN_POINT('',(54.5,-91.5,-4.6E-02));
#10968 = VECTOR('',#10969,1.);
#10969 = DIRECTION('',(0.,0.,1.));
#10970 = ORIENTED_EDGE('',*,*,#10695,.F.);
#10971 = ORIENTED_EDGE('',*,*,#10965,.F.);
#10972 = CYLINDRICAL_SURFACE('',#10973,0.5);
#10973 = AXIS2_PLACEMENT_3D('',#10974,#10975,#10976);
#10974 = CARTESIAN_POINT('',(54.5,-91.,-4.6E-02));
#10975 = DIRECTION('',(-0.,-0.,-1.));
#10976 = DIRECTION('',(-0.,-1.,0.));
#10977 = ADVANCED_FACE('',(#10978),#10989,.F.);
#10978 = FACE_BOUND('',#10979,.T.);
#10979 = EDGE_LOOP('',(#10980,#10981,#10987,#10988));
#10980 = ORIENTED_EDGE('',*,*,#10489,.T.);
#10981 = ORIENTED_EDGE('',*,*,#10982,.T.);
#10982 = EDGE_CURVE('',#10490,#10707,#10983,.T.);
#10983 = LINE('',#10984,#10985);
#10984 = CARTESIAN_POINT('',(57.04,-91.5,-4.6E-02));
#10985 = VECTOR('',#10986,1.);
#10986 = DIRECTION('',(0.,0.,1.));
#10987 = ORIENTED_EDGE('',*,*,#10706,.F.);
#10988 = ORIENTED_EDGE('',*,*,#10982,.F.);
#10989 = CYLINDRICAL_SURFACE('',#10990,0.5);
#10990 = AXIS2_PLACEMENT_3D('',#10991,#10992,#10993);
#10991 = CARTESIAN_POINT('',(57.04,-91.,-4.6E-02));
#10992 = DIRECTION('',(-0.,-0.,-1.));
#10993 = DIRECTION('',(-0.,-1.,0.));
#10994 = ADVANCED_FACE('',(#10995),#11006,.F.);
#10995 = FACE_BOUND('',#10996,.T.);
#10996 = EDGE_LOOP('',(#10997,#10998,#11004,#11005));
#10997 = ORIENTED_EDGE('',*,*,#10500,.T.);
#10998 = ORIENTED_EDGE('',*,*,#10999,.T.);
#10999 = EDGE_CURVE('',#10501,#10718,#11000,.T.);
#11000 = LINE('',#11001,#11002);
#11001 = CARTESIAN_POINT('',(54.5,-86.5,-4.6E-02));
#11002 = VECTOR('',#11003,1.);
#11003 = DIRECTION('',(0.,0.,1.));
#11004 = ORIENTED_EDGE('',*,*,#10717,.F.);
#11005 = ORIENTED_EDGE('',*,*,#10999,.F.);
#11006 = CYLINDRICAL_SURFACE('',#11007,0.5);
#11007 = AXIS2_PLACEMENT_3D('',#11008,#11009,#11010);
#11008 = CARTESIAN_POINT('',(54.5,-86.,-4.6E-02));
#11009 = DIRECTION('',(-0.,-0.,-1.));
#11010 = DIRECTION('',(-0.,-1.,0.));
#11011 = ADVANCED_FACE('',(#11012),#11023,.F.);
#11012 = FACE_BOUND('',#11013,.T.);
#11013 = EDGE_LOOP('',(#11014,#11015,#11021,#11022));
#11014 = ORIENTED_EDGE('',*,*,#10511,.T.);
#11015 = ORIENTED_EDGE('',*,*,#11016,.T.);
#11016 = EDGE_CURVE('',#10512,#10729,#11017,.T.);
#11017 = LINE('',#11018,#11019);
#11018 = CARTESIAN_POINT('',(57.04,-86.5,-4.6E-02));
#11019 = VECTOR('',#11020,1.);
#11020 = DIRECTION('',(0.,0.,1.));
#11021 = ORIENTED_EDGE('',*,*,#10728,.F.);
#11022 = ORIENTED_EDGE('',*,*,#11016,.F.);
#11023 = CYLINDRICAL_SURFACE('',#11024,0.5);
#11024 = AXIS2_PLACEMENT_3D('',#11025,#11026,#11027);
#11025 = CARTESIAN_POINT('',(57.04,-86.,-4.6E-02));
#11026 = DIRECTION('',(-0.,-0.,-1.));
#11027 = DIRECTION('',(-0.,-1.,0.));
#11028 = ADVANCED_FACE('',(#11029),#11040,.F.);
#11029 = FACE_BOUND('',#11030,.T.);
#11030 = EDGE_LOOP('',(#11031,#11032,#11038,#11039));
#11031 = ORIENTED_EDGE('',*,*,#10522,.T.);
#11032 = ORIENTED_EDGE('',*,*,#11033,.T.);
#11033 = EDGE_CURVE('',#10523,#10740,#11034,.T.);
#11034 = LINE('',#11035,#11036);
#11035 = CARTESIAN_POINT('',(59.58,-91.5,-4.6E-02));
#11036 = VECTOR('',#11037,1.);
#11037 = DIRECTION('',(0.,0.,1.));
#11038 = ORIENTED_EDGE('',*,*,#10739,.F.);
#11039 = ORIENTED_EDGE('',*,*,#11033,.F.);
#11040 = CYLINDRICAL_SURFACE('',#11041,0.5);
#11041 = AXIS2_PLACEMENT_3D('',#11042,#11043,#11044);
#11042 = CARTESIAN_POINT('',(59.58,-91.,-4.6E-02));
#11043 = DIRECTION('',(-0.,-0.,-1.));
#11044 = DIRECTION('',(-0.,-1.,0.));
#11045 = ADVANCED_FACE('',(#11046),#11057,.F.);
#11046 = FACE_BOUND('',#11047,.T.);
#11047 = EDGE_LOOP('',(#11048,#11049,#11055,#11056));
#11048 = ORIENTED_EDGE('',*,*,#10533,.T.);
#11049 = ORIENTED_EDGE('',*,*,#11050,.T.);
#11050 = EDGE_CURVE('',#10534,#10751,#11051,.T.);
#11051 = LINE('',#11052,#11053);
#11052 = CARTESIAN_POINT('',(59.58,-86.5,-4.6E-02));
#11053 = VECTOR('',#11054,1.);
#11054 = DIRECTION('',(0.,0.,1.));
#11055 = ORIENTED_EDGE('',*,*,#10750,.F.);
#11056 = ORIENTED_EDGE('',*,*,#11050,.F.);
#11057 = CYLINDRICAL_SURFACE('',#11058,0.5);
#11058 = AXIS2_PLACEMENT_3D('',#11059,#11060,#11061);
#11059 = CARTESIAN_POINT('',(59.58,-86.,-4.6E-02));
#11060 = DIRECTION('',(-0.,-0.,-1.));
#11061 = DIRECTION('',(-0.,-1.,0.));
#11062 = ADVANCED_FACE('',(#11063),#11074,.F.);
#11063 = FACE_BOUND('',#11064,.T.);
#11064 = EDGE_LOOP('',(#11065,#11066,#11072,#11073));
#11065 = ORIENTED_EDGE('',*,*,#10544,.T.);
#11066 = ORIENTED_EDGE('',*,*,#11067,.T.);
#11067 = EDGE_CURVE('',#10545,#10762,#11068,.T.);
#11068 = LINE('',#11069,#11070);
#11069 = CARTESIAN_POINT('',(62.5,-97.275,-4.6E-02));
#11070 = VECTOR('',#11071,1.);
#11071 = DIRECTION('',(0.,0.,1.));
#11072 = ORIENTED_EDGE('',*,*,#10761,.F.);
#11073 = ORIENTED_EDGE('',*,*,#11067,.F.);
#11074 = CYLINDRICAL_SURFACE('',#11075,0.475);
#11075 = AXIS2_PLACEMENT_3D('',#11076,#11077,#11078);
#11076 = CARTESIAN_POINT('',(62.5,-96.8,-4.6E-02));
#11077 = DIRECTION('',(-0.,-0.,-1.));
#11078 = DIRECTION('',(-0.,-1.,0.));
#11079 = ADVANCED_FACE('',(#11080),#11091,.F.);
#11080 = FACE_BOUND('',#11081,.T.);
#11081 = EDGE_LOOP('',(#11082,#11083,#11089,#11090));
#11082 = ORIENTED_EDGE('',*,*,#10555,.T.);
#11083 = ORIENTED_EDGE('',*,*,#11084,.T.);
#11084 = EDGE_CURVE('',#10556,#10773,#11085,.T.);
#11085 = LINE('',#11086,#11087);
#11086 = CARTESIAN_POINT('',(65.,-92.5,-4.6E-02));
#11087 = VECTOR('',#11088,1.);
#11088 = DIRECTION('',(0.,0.,1.));
#11089 = ORIENTED_EDGE('',*,*,#10772,.F.);
#11090 = ORIENTED_EDGE('',*,*,#11084,.F.);
#11091 = CYLINDRICAL_SURFACE('',#11092,0.5);
#11092 = AXIS2_PLACEMENT_3D('',#11093,#11094,#11095);
#11093 = CARTESIAN_POINT('',(65.,-92.,-4.6E-02));
#11094 = DIRECTION('',(-0.,-0.,-1.));
#11095 = DIRECTION('',(-0.,-1.,0.));
#11096 = ADVANCED_FACE('',(#11097),#11108,.F.);
#11097 = FACE_BOUND('',#11098,.T.);
#11098 = EDGE_LOOP('',(#11099,#11100,#11106,#11107));
#11099 = ORIENTED_EDGE('',*,*,#10566,.T.);
#11100 = ORIENTED_EDGE('',*,*,#11101,.T.);
#11101 = EDGE_CURVE('',#10567,#10784,#11102,.T.);
#11102 = LINE('',#11103,#11104);
#11103 = CARTESIAN_POINT('',(67.54,-92.5,-4.6E-02));
#11104 = VECTOR('',#11105,1.);
#11105 = DIRECTION('',(0.,0.,1.));
#11106 = ORIENTED_EDGE('',*,*,#10783,.F.);
#11107 = ORIENTED_EDGE('',*,*,#11101,.F.);
#11108 = CYLINDRICAL_SURFACE('',#11109,0.5);
#11109 = AXIS2_PLACEMENT_3D('',#11110,#11111,#11112);
#11110 = CARTESIAN_POINT('',(67.54,-92.,-4.6E-02));
#11111 = DIRECTION('',(-0.,-0.,-1.));
#11112 = DIRECTION('',(-0.,-1.,0.));
#11113 = ADVANCED_FACE('',(#11114),#11125,.F.);
#11114 = FACE_BOUND('',#11115,.T.);
#11115 = EDGE_LOOP('',(#11116,#11117,#11123,#11124));
#11116 = ORIENTED_EDGE('',*,*,#10577,.T.);
#11117 = ORIENTED_EDGE('',*,*,#11118,.T.);
#11118 = EDGE_CURVE('',#10578,#10795,#11119,.T.);
#11119 = LINE('',#11120,#11121);
#11120 = CARTESIAN_POINT('',(58.75,-67.4,-4.6E-02));
#11121 = VECTOR('',#11122,1.);
#11122 = DIRECTION('',(0.,0.,1.));
#11123 = ORIENTED_EDGE('',*,*,#10794,.F.);
#11124 = ORIENTED_EDGE('',*,*,#11118,.F.);
#11125 = CYLINDRICAL_SURFACE('',#11126,0.4);
#11126 = AXIS2_PLACEMENT_3D('',#11127,#11128,#11129);
#11127 = CARTESIAN_POINT('',(58.75,-67.,-4.6E-02));
#11128 = DIRECTION('',(-0.,-0.,-1.));
#11129 = DIRECTION('',(-0.,-1.,0.));
#11130 = ADVANCED_FACE('',(#11131),#11142,.F.);
#11131 = FACE_BOUND('',#11132,.T.);
#11132 = EDGE_LOOP('',(#11133,#11134,#11140,#11141));
#11133 = ORIENTED_EDGE('',*,*,#10588,.T.);
#11134 = ORIENTED_EDGE('',*,*,#11135,.T.);
#11135 = EDGE_CURVE('',#10589,#10806,#11136,.T.);
#11136 = LINE('',#11137,#11138);
#11137 = CARTESIAN_POINT('',(60.,-58.75,-4.6E-02));
#11138 = VECTOR('',#11139,1.);
#11139 = DIRECTION('',(0.,0.,1.));
#11140 = ORIENTED_EDGE('',*,*,#10805,.F.);
#11141 = ORIENTED_EDGE('',*,*,#11135,.F.);
#11142 = CYLINDRICAL_SURFACE('',#11143,2.75);
#11143 = AXIS2_PLACEMENT_3D('',#11144,#11145,#11146);
#11144 = CARTESIAN_POINT('',(60.,-56.,-4.6E-02));
#11145 = DIRECTION('',(-0.,-0.,-1.));
#11146 = DIRECTION('',(-0.,-1.,0.));
#11147 = ADVANCED_FACE('',(#11148),#11159,.F.);
#11148 = FACE_BOUND('',#11149,.T.);
#11149 = EDGE_LOOP('',(#11150,#11151,#11157,#11158));
#11150 = ORIENTED_EDGE('',*,*,#10599,.T.);
#11151 = ORIENTED_EDGE('',*,*,#11152,.T.);
#11152 = EDGE_CURVE('',#10600,#10817,#11153,.T.);
#11153 = LINE('',#11154,#11155);
#11154 = CARTESIAN_POINT('',(61.25,-67.4,-4.6E-02));
#11155 = VECTOR('',#11156,1.);
#11156 = DIRECTION('',(0.,0.,1.));
#11157 = ORIENTED_EDGE('',*,*,#10816,.F.);
#11158 = ORIENTED_EDGE('',*,*,#11152,.F.);
#11159 = CYLINDRICAL_SURFACE('',#11160,0.4);
#11160 = AXIS2_PLACEMENT_3D('',#11161,#11162,#11163);
#11161 = CARTESIAN_POINT('',(61.25,-67.,-4.6E-02));
#11162 = DIRECTION('',(-0.,-0.,-1.));
#11163 = DIRECTION('',(-0.,-1.,0.));
#11164 = ( GEOMETRIC_REPRESENTATION_CONTEXT(3) 
GLOBAL_UNCERTAINTY_ASSIGNED_CONTEXT((#11168)) 
GLOBAL_UNIT_ASSIGNED_CONTEXT((#11165,#11166,#11167)) 
REPRESENTATION_CONTEXT('Context #1',
  '3D Context with UNIT and UNCERTAINTY') );
#11165 = ( LENGTH_UNIT() NAMED_UNIT(*) SI_UNIT(.MILLI.,.METRE.) );
#11166 = ( NAMED_UNIT(*) PLANE_ANGLE_UNIT() SI_UNIT($,.RADIAN.) );
#11167 = ( NAMED_UNIT(*) SI_UNIT($,.STERADIAN.) SOLID_ANGLE_UNIT() );
#11168 = UNCERTAINTY_MEASURE_WITH_UNIT(LENGTH_MEASURE(1.E-07),#11165,
  'distance_accuracy_value','confusion accuracy');
#11169 = CONTEXT_DEPENDENT_SHAPE_REPRESENTATION(#11170,#11172);
#11170 = ( REPRESENTATION_RELATIONSHIP('','',#10288,#10) 
REPRESENTATION_RELATIONSHIP_WITH_TRANSFORMATION(#11171) 
SHAPE_REPRESENTATION_RELATIONSHIP() );
#11171 = ITEM_DEFINED_TRANSFORMATION('','',#11,#91);
#11172 = PRODUCT_DEFINITION_SHAPE('Placement','Placement of an item',
  #11173);
#11173 = NEXT_ASSEMBLY_USAGE_OCCURRENCE('20','=>[0:1:1:9]','',#5,#10283,
  $);
#11174 = PRODUCT_RELATED_PRODUCT_CATEGORY('part',$,(#10285));
#11175 = MECHANICAL_DESIGN_GEOMETRIC_PRESENTATION_REPRESENTATION('',(
    #11176,#11184,#11191,#11198,#11205,#11212,#11219,#11226,#11233,
    #11240,#11247,#11254,#11261,#11268,#11275,#11282,#11289,#11296,
    #11303,#11310,#11317,#11324,#11331,#11339,#11346,#11353,#11360,
    #11367,#11374,#11381,#11388,#11395,#11402,#11409,#11416,#11423,
    #11430,#11437,#11444,#11451,#11458,#11465,#11472,#11479,#11486,
    #11493,#11500,#11507,#11514,#11521,#11528,#11535,#11542,#11549,
    #11556,#11563,#11570,#11577,#11584,#11591,#11598,#11605,#11612,
    #11619,#11626,#11633,#11640,#11647,#11654,#11661,#11668,#11675,
    #11682,#11689,#11696,#11703),#6241);
#11176 = STYLED_ITEM('color',(#11177),#4137);
#11177 = PRESENTATION_STYLE_ASSIGNMENT((#11178));
#11178 = SURFACE_STYLE_USAGE(.BOTH.,#11179);
#11179 = SURFACE_SIDE_STYLE('',(#11180));
#11180 = SURFACE_STYLE_FILL_AREA(#11181);
#11181 = FILL_AREA_STYLE('',(#11182));
#11182 = FILL_AREA_STYLE_COLOUR('',#11183);
#11183 = COLOUR_RGB('',0.147999998088,0.144999993226,0.144999993226);
#11184 = STYLED_ITEM('color',(#11185),#4177);
#11185 = PRESENTATION_STYLE_ASSIGNMENT((#11186));
#11186 = SURFACE_STYLE_USAGE(.BOTH.,#11187);
#11187 = SURFACE_SIDE_STYLE('',(#11188));
#11188 = SURFACE_STYLE_FILL_AREA(#11189);
#11189 = FILL_AREA_STYLE('',(#11190));
#11190 = FILL_AREA_STYLE_COLOUR('',#11183);
#11191 = STYLED_ITEM('color',(#11192),#4208);
#11192 = PRESENTATION_STYLE_ASSIGNMENT((#11193));
#11193 = SURFACE_STYLE_USAGE(.BOTH.,#11194);
#11194 = SURFACE_SIDE_STYLE('',(#11195));
#11195 = SURFACE_STYLE_FILL_AREA(#11196);
#11196 = FILL_AREA_STYLE('',(#11197));
#11197 = FILL_AREA_STYLE_COLOUR('',#11183);
#11198 = STYLED_ITEM('color',(#11199),#4239);
#11199 = PRESENTATION_STYLE_ASSIGNMENT((#11200));
#11200 = SURFACE_STYLE_USAGE(.BOTH.,#11201);
#11201 = SURFACE_SIDE_STYLE('',(#11202));
#11202 = SURFACE_STYLE_FILL_AREA(#11203);
#11203 = FILL_AREA_STYLE('',(#11204));
#11204 = FILL_AREA_STYLE_COLOUR('',#11183);
#11205 = STYLED_ITEM('color',(#11206),#4486);
#11206 = PRESENTATION_STYLE_ASSIGNMENT((#11207));
#11207 = SURFACE_STYLE_USAGE(.BOTH.,#11208);
#11208 = SURFACE_SIDE_STYLE('',(#11209));
#11209 = SURFACE_STYLE_FILL_AREA(#11210);
#11210 = FILL_AREA_STYLE('',(#11211));
#11211 = FILL_AREA_STYLE_COLOUR('',#11183);
#11212 = STYLED_ITEM('color',(#11213),#4733);
#11213 = PRESENTATION_STYLE_ASSIGNMENT((#11214));
#11214 = SURFACE_STYLE_USAGE(.BOTH.,#11215);
#11215 = SURFACE_SIDE_STYLE('',(#11216));
#11216 = SURFACE_STYLE_FILL_AREA(#11217);
#11217 = FILL_AREA_STYLE('',(#11218));
#11218 = FILL_AREA_STYLE_COLOUR('',#11183);
#11219 = STYLED_ITEM('color',(#11220),#4750);
#11220 = PRESENTATION_STYLE_ASSIGNMENT((#11221));
#11221 = SURFACE_STYLE_USAGE(.BOTH.,#11222);
#11222 = SURFACE_SIDE_STYLE('',(#11223));
#11223 = SURFACE_STYLE_FILL_AREA(#11224);
#11224 = FILL_AREA_STYLE('',(#11225));
#11225 = FILL_AREA_STYLE_COLOUR('',#11183);
#11226 = STYLED_ITEM('color',(#11227),#4767);
#11227 = PRESENTATION_STYLE_ASSIGNMENT((#11228));
#11228 = SURFACE_STYLE_USAGE(.BOTH.,#11229);
#11229 = SURFACE_SIDE_STYLE('',(#11230));
#11230 = SURFACE_STYLE_FILL_AREA(#11231);
#11231 = FILL_AREA_STYLE('',(#11232));
#11232 = FILL_AREA_STYLE_COLOUR('',#11183);
#11233 = STYLED_ITEM('color',(#11234),#4784);
#11234 = PRESENTATION_STYLE_ASSIGNMENT((#11235));
#11235 = SURFACE_STYLE_USAGE(.BOTH.,#11236);
#11236 = SURFACE_SIDE_STYLE('',(#11237));
#11237 = SURFACE_STYLE_FILL_AREA(#11238);
#11238 = FILL_AREA_STYLE('',(#11239));
#11239 = FILL_AREA_STYLE_COLOUR('',#11183);
#11240 = STYLED_ITEM('color',(#11241),#4801);
#11241 = PRESENTATION_STYLE_ASSIGNMENT((#11242));
#11242 = SURFACE_STYLE_USAGE(.BOTH.,#11243);
#11243 = SURFACE_SIDE_STYLE('',(#11244));
#11244 = SURFACE_STYLE_FILL_AREA(#11245);
#11245 = FILL_AREA_STYLE('',(#11246));
#11246 = FILL_AREA_STYLE_COLOUR('',#11183);
#11247 = STYLED_ITEM('color',(#11248),#4818);
#11248 = PRESENTATION_STYLE_ASSIGNMENT((#11249));
#11249 = SURFACE_STYLE_USAGE(.BOTH.,#11250);
#11250 = SURFACE_SIDE_STYLE('',(#11251));
#11251 = SURFACE_STYLE_FILL_AREA(#11252);
#11252 = FILL_AREA_STYLE('',(#11253));
#11253 = FILL_AREA_STYLE_COLOUR('',#11183);
#11254 = STYLED_ITEM('color',(#11255),#4835);
#11255 = PRESENTATION_STYLE_ASSIGNMENT((#11256));
#11256 = SURFACE_STYLE_USAGE(.BOTH.,#11257);
#11257 = SURFACE_SIDE_STYLE('',(#11258));
#11258 = SURFACE_STYLE_FILL_AREA(#11259);
#11259 = FILL_AREA_STYLE('',(#11260));
#11260 = FILL_AREA_STYLE_COLOUR('',#11183);
#11261 = STYLED_ITEM('color',(#11262),#4852);
#11262 = PRESENTATION_STYLE_ASSIGNMENT((#11263));
#11263 = SURFACE_STYLE_USAGE(.BOTH.,#11264);
#11264 = SURFACE_SIDE_STYLE('',(#11265));
#11265 = SURFACE_STYLE_FILL_AREA(#11266);
#11266 = FILL_AREA_STYLE('',(#11267));
#11267 = FILL_AREA_STYLE_COLOUR('',#11183);
#11268 = STYLED_ITEM('color',(#11269),#4869);
#11269 = PRESENTATION_STYLE_ASSIGNMENT((#11270));
#11270 = SURFACE_STYLE_USAGE(.BOTH.,#11271);
#11271 = SURFACE_SIDE_STYLE('',(#11272));
#11272 = SURFACE_STYLE_FILL_AREA(#11273);
#11273 = FILL_AREA_STYLE('',(#11274));
#11274 = FILL_AREA_STYLE_COLOUR('',#11183);
#11275 = STYLED_ITEM('color',(#11276),#4886);
#11276 = PRESENTATION_STYLE_ASSIGNMENT((#11277));
#11277 = SURFACE_STYLE_USAGE(.BOTH.,#11278);
#11278 = SURFACE_SIDE_STYLE('',(#11279));
#11279 = SURFACE_STYLE_FILL_AREA(#11280);
#11280 = FILL_AREA_STYLE('',(#11281));
#11281 = FILL_AREA_STYLE_COLOUR('',#11183);
#11282 = STYLED_ITEM('color',(#11283),#4903);
#11283 = PRESENTATION_STYLE_ASSIGNMENT((#11284));
#11284 = SURFACE_STYLE_USAGE(.BOTH.,#11285);
#11285 = SURFACE_SIDE_STYLE('',(#11286));
#11286 = SURFACE_STYLE_FILL_AREA(#11287);
#11287 = FILL_AREA_STYLE('',(#11288));
#11288 = FILL_AREA_STYLE_COLOUR('',#11183);
#11289 = STYLED_ITEM('color',(#11290),#4920);
#11290 = PRESENTATION_STYLE_ASSIGNMENT((#11291));
#11291 = SURFACE_STYLE_USAGE(.BOTH.,#11292);
#11292 = SURFACE_SIDE_STYLE('',(#11293));
#11293 = SURFACE_STYLE_FILL_AREA(#11294);
#11294 = FILL_AREA_STYLE('',(#11295));
#11295 = FILL_AREA_STYLE_COLOUR('',#11183);
#11296 = STYLED_ITEM('color',(#11297),#4937);
#11297 = PRESENTATION_STYLE_ASSIGNMENT((#11298));
#11298 = SURFACE_STYLE_USAGE(.BOTH.,#11299);
#11299 = SURFACE_SIDE_STYLE('',(#11300));
#11300 = SURFACE_STYLE_FILL_AREA(#11301);
#11301 = FILL_AREA_STYLE('',(#11302));
#11302 = FILL_AREA_STYLE_COLOUR('',#11183);
#11303 = STYLED_ITEM('color',(#11304),#4954);
#11304 = PRESENTATION_STYLE_ASSIGNMENT((#11305));
#11305 = SURFACE_STYLE_USAGE(.BOTH.,#11306);
#11306 = SURFACE_SIDE_STYLE('',(#11307));
#11307 = SURFACE_STYLE_FILL_AREA(#11308);
#11308 = FILL_AREA_STYLE('',(#11309));
#11309 = FILL_AREA_STYLE_COLOUR('',#11183);
#11310 = STYLED_ITEM('color',(#11311),#4971);
#11311 = PRESENTATION_STYLE_ASSIGNMENT((#11312));
#11312 = SURFACE_STYLE_USAGE(.BOTH.,#11313);
#11313 = SURFACE_SIDE_STYLE('',(#11314));
#11314 = SURFACE_STYLE_FILL_AREA(#11315);
#11315 = FILL_AREA_STYLE('',(#11316));
#11316 = FILL_AREA_STYLE_COLOUR('',#11183);
#11317 = STYLED_ITEM('color',(#11318),#4988);
#11318 = PRESENTATION_STYLE_ASSIGNMENT((#11319));
#11319 = SURFACE_STYLE_USAGE(.BOTH.,#11320);
#11320 = SURFACE_SIDE_STYLE('',(#11321));
#11321 = SURFACE_STYLE_FILL_AREA(#11322);
#11322 = FILL_AREA_STYLE('',(#11323));
#11323 = FILL_AREA_STYLE_COLOUR('',#11183);
#11324 = STYLED_ITEM('color',(#11325),#5005);
#11325 = PRESENTATION_STYLE_ASSIGNMENT((#11326));
#11326 = SURFACE_STYLE_USAGE(.BOTH.,#11327);
#11327 = SURFACE_SIDE_STYLE('',(#11328));
#11328 = SURFACE_STYLE_FILL_AREA(#11329);
#11329 = FILL_AREA_STYLE('',(#11330));
#11330 = FILL_AREA_STYLE_COLOUR('',#11183);
#11331 = STYLED_ITEM('color',(#11332),#5017);
#11332 = PRESENTATION_STYLE_ASSIGNMENT((#11333));
#11333 = SURFACE_STYLE_USAGE(.BOTH.,#11334);
#11334 = SURFACE_SIDE_STYLE('',(#11335));
#11335 = SURFACE_STYLE_FILL_AREA(#11336);
#11336 = FILL_AREA_STYLE('',(#11337));
#11337 = FILL_AREA_STYLE_COLOUR('',#11338);
#11338 = COLOUR_RGB('',0.859000020776,0.737999965183,0.495999988746);
#11339 = STYLED_ITEM('color',(#11340),#5048);
#11340 = PRESENTATION_STYLE_ASSIGNMENT((#11341));
#11341 = SURFACE_STYLE_USAGE(.BOTH.,#11342);
#11342 = SURFACE_SIDE_STYLE('',(#11343));
#11343 = SURFACE_STYLE_FILL_AREA(#11344);
#11344 = FILL_AREA_STYLE('',(#11345));
#11345 = FILL_AREA_STYLE_COLOUR('',#11338);
#11346 = STYLED_ITEM('color',(#11347),#5072);
#11347 = PRESENTATION_STYLE_ASSIGNMENT((#11348));
#11348 = SURFACE_STYLE_USAGE(.BOTH.,#11349);
#11349 = SURFACE_SIDE_STYLE('',(#11350));
#11350 = SURFACE_STYLE_FILL_AREA(#11351);
#11351 = FILL_AREA_STYLE('',(#11352));
#11352 = FILL_AREA_STYLE_COLOUR('',#11338);
#11353 = STYLED_ITEM('color',(#11354),#5096);
#11354 = PRESENTATION_STYLE_ASSIGNMENT((#11355));
#11355 = SURFACE_STYLE_USAGE(.BOTH.,#11356);
#11356 = SURFACE_SIDE_STYLE('',(#11357));
#11357 = SURFACE_STYLE_FILL_AREA(#11358);
#11358 = FILL_AREA_STYLE('',(#11359));
#11359 = FILL_AREA_STYLE_COLOUR('',#11338);
#11360 = STYLED_ITEM('color',(#11361),#5113);
#11361 = PRESENTATION_STYLE_ASSIGNMENT((#11362));
#11362 = SURFACE_STYLE_USAGE(.BOTH.,#11363);
#11363 = SURFACE_SIDE_STYLE('',(#11364));
#11364 = SURFACE_STYLE_FILL_AREA(#11365);
#11365 = FILL_AREA_STYLE('',(#11366));
#11366 = FILL_AREA_STYLE_COLOUR('',#11338);
#11367 = STYLED_ITEM('color',(#11368),#5144);
#11368 = PRESENTATION_STYLE_ASSIGNMENT((#11369));
#11369 = SURFACE_STYLE_USAGE(.BOTH.,#11370);
#11370 = SURFACE_SIDE_STYLE('',(#11371));
#11371 = SURFACE_STYLE_FILL_AREA(#11372);
#11372 = FILL_AREA_STYLE('',(#11373));
#11373 = FILL_AREA_STYLE_COLOUR('',#11338);
#11374 = STYLED_ITEM('color',(#11375),#5168);
#11375 = PRESENTATION_STYLE_ASSIGNMENT((#11376));
#11376 = SURFACE_STYLE_USAGE(.BOTH.,#11377);
#11377 = SURFACE_SIDE_STYLE('',(#11378));
#11378 = SURFACE_STYLE_FILL_AREA(#11379);
#11379 = FILL_AREA_STYLE('',(#11380));
#11380 = FILL_AREA_STYLE_COLOUR('',#11338);
#11381 = STYLED_ITEM('color',(#11382),#5192);
#11382 = PRESENTATION_STYLE_ASSIGNMENT((#11383));
#11383 = SURFACE_STYLE_USAGE(.BOTH.,#11384);
#11384 = SURFACE_SIDE_STYLE('',(#11385));
#11385 = SURFACE_STYLE_FILL_AREA(#11386);
#11386 = FILL_AREA_STYLE('',(#11387));
#11387 = FILL_AREA_STYLE_COLOUR('',#11338);
#11388 = STYLED_ITEM('color',(#11389),#5209);
#11389 = PRESENTATION_STYLE_ASSIGNMENT((#11390));
#11390 = SURFACE_STYLE_USAGE(.BOTH.,#11391);
#11391 = SURFACE_SIDE_STYLE('',(#11392));
#11392 = SURFACE_STYLE_FILL_AREA(#11393);
#11393 = FILL_AREA_STYLE('',(#11394));
#11394 = FILL_AREA_STYLE_COLOUR('',#11338);
#11395 = STYLED_ITEM('color',(#11396),#5240);
#11396 = PRESENTATION_STYLE_ASSIGNMENT((#11397));
#11397 = SURFACE_STYLE_USAGE(.BOTH.,#11398);
#11398 = SURFACE_SIDE_STYLE('',(#11399));
#11399 = SURFACE_STYLE_FILL_AREA(#11400);
#11400 = FILL_AREA_STYLE('',(#11401));
#11401 = FILL_AREA_STYLE_COLOUR('',#11338);
#11402 = STYLED_ITEM('color',(#11403),#5264);
#11403 = PRESENTATION_STYLE_ASSIGNMENT((#11404));
#11404 = SURFACE_STYLE_USAGE(.BOTH.,#11405);
#11405 = SURFACE_SIDE_STYLE('',(#11406));
#11406 = SURFACE_STYLE_FILL_AREA(#11407);
#11407 = FILL_AREA_STYLE('',(#11408));
#11408 = FILL_AREA_STYLE_COLOUR('',#11338);
#11409 = STYLED_ITEM('color',(#11410),#5288);
#11410 = PRESENTATION_STYLE_ASSIGNMENT((#11411));
#11411 = SURFACE_STYLE_USAGE(.BOTH.,#11412);
#11412 = SURFACE_SIDE_STYLE('',(#11413));
#11413 = SURFACE_STYLE_FILL_AREA(#11414);
#11414 = FILL_AREA_STYLE('',(#11415));
#11415 = FILL_AREA_STYLE_COLOUR('',#11338);
#11416 = STYLED_ITEM('color',(#11417),#5305);
#11417 = PRESENTATION_STYLE_ASSIGNMENT((#11418));
#11418 = SURFACE_STYLE_USAGE(.BOTH.,#11419);
#11419 = SURFACE_SIDE_STYLE('',(#11420));
#11420 = SURFACE_STYLE_FILL_AREA(#11421);
#11421 = FILL_AREA_STYLE('',(#11422));
#11422 = FILL_AREA_STYLE_COLOUR('',#11338);
#11423 = STYLED_ITEM('color',(#11424),#5336);
#11424 = PRESENTATION_STYLE_ASSIGNMENT((#11425));
#11425 = SURFACE_STYLE_USAGE(.BOTH.,#11426);
#11426 = SURFACE_SIDE_STYLE('',(#11427));
#11427 = SURFACE_STYLE_FILL_AREA(#11428);
#11428 = FILL_AREA_STYLE('',(#11429));
#11429 = FILL_AREA_STYLE_COLOUR('',#11338);
#11430 = STYLED_ITEM('color',(#11431),#5360);
#11431 = PRESENTATION_STYLE_ASSIGNMENT((#11432));
#11432 = SURFACE_STYLE_USAGE(.BOTH.,#11433);
#11433 = SURFACE_SIDE_STYLE('',(#11434));
#11434 = SURFACE_STYLE_FILL_AREA(#11435);
#11435 = FILL_AREA_STYLE('',(#11436));
#11436 = FILL_AREA_STYLE_COLOUR('',#11338);
#11437 = STYLED_ITEM('color',(#11438),#5384);
#11438 = PRESENTATION_STYLE_ASSIGNMENT((#11439));
#11439 = SURFACE_STYLE_USAGE(.BOTH.,#11440);
#11440 = SURFACE_SIDE_STYLE('',(#11441));
#11441 = SURFACE_STYLE_FILL_AREA(#11442);
#11442 = FILL_AREA_STYLE('',(#11443));
#11443 = FILL_AREA_STYLE_COLOUR('',#11338);
#11444 = STYLED_ITEM('color',(#11445),#5401);
#11445 = PRESENTATION_STYLE_ASSIGNMENT((#11446));
#11446 = SURFACE_STYLE_USAGE(.BOTH.,#11447);
#11447 = SURFACE_SIDE_STYLE('',(#11448));
#11448 = SURFACE_STYLE_FILL_AREA(#11449);
#11449 = FILL_AREA_STYLE('',(#11450));
#11450 = FILL_AREA_STYLE_COLOUR('',#11338);
#11451 = STYLED_ITEM('color',(#11452),#5432);
#11452 = PRESENTATION_STYLE_ASSIGNMENT((#11453));
#11453 = SURFACE_STYLE_USAGE(.BOTH.,#11454);
#11454 = SURFACE_SIDE_STYLE('',(#11455));
#11455 = SURFACE_STYLE_FILL_AREA(#11456);
#11456 = FILL_AREA_STYLE('',(#11457));
#11457 = FILL_AREA_STYLE_COLOUR('',#11338);
#11458 = STYLED_ITEM('color',(#11459),#5456);
#11459 = PRESENTATION_STYLE_ASSIGNMENT((#11460));
#11460 = SURFACE_STYLE_USAGE(.BOTH.,#11461);
#11461 = SURFACE_SIDE_STYLE('',(#11462));
#11462 = SURFACE_STYLE_FILL_AREA(#11463);
#11463 = FILL_AREA_STYLE('',(#11464));
#11464 = FILL_AREA_STYLE_COLOUR('',#11338);
#11465 = STYLED_ITEM('color',(#11466),#5480);
#11466 = PRESENTATION_STYLE_ASSIGNMENT((#11467));
#11467 = SURFACE_STYLE_USAGE(.BOTH.,#11468);
#11468 = SURFACE_SIDE_STYLE('',(#11469));
#11469 = SURFACE_STYLE_FILL_AREA(#11470);
#11470 = FILL_AREA_STYLE('',(#11471));
#11471 = FILL_AREA_STYLE_COLOUR('',#11338);
#11472 = STYLED_ITEM('color',(#11473),#5497);
#11473 = PRESENTATION_STYLE_ASSIGNMENT((#11474));
#11474 = SURFACE_STYLE_USAGE(.BOTH.,#11475);
#11475 = SURFACE_SIDE_STYLE('',(#11476));
#11476 = SURFACE_STYLE_FILL_AREA(#11477);
#11477 = FILL_AREA_STYLE('',(#11478));
#11478 = FILL_AREA_STYLE_COLOUR('',#11338);
#11479 = STYLED_ITEM('color',(#11480),#5528);
#11480 = PRESENTATION_STYLE_ASSIGNMENT((#11481));
#11481 = SURFACE_STYLE_USAGE(.BOTH.,#11482);
#11482 = SURFACE_SIDE_STYLE('',(#11483));
#11483 = SURFACE_STYLE_FILL_AREA(#11484);
#11484 = FILL_AREA_STYLE('',(#11485));
#11485 = FILL_AREA_STYLE_COLOUR('',#11338);
#11486 = STYLED_ITEM('color',(#11487),#5552);
#11487 = PRESENTATION_STYLE_ASSIGNMENT((#11488));
#11488 = SURFACE_STYLE_USAGE(.BOTH.,#11489);
#11489 = SURFACE_SIDE_STYLE('',(#11490));
#11490 = SURFACE_STYLE_FILL_AREA(#11491);
#11491 = FILL_AREA_STYLE('',(#11492));
#11492 = FILL_AREA_STYLE_COLOUR('',#11338);
#11493 = STYLED_ITEM('color',(#11494),#5576);
#11494 = PRESENTATION_STYLE_ASSIGNMENT((#11495));
#11495 = SURFACE_STYLE_USAGE(.BOTH.,#11496);
#11496 = SURFACE_SIDE_STYLE('',(#11497));
#11497 = SURFACE_STYLE_FILL_AREA(#11498);
#11498 = FILL_AREA_STYLE('',(#11499));
#11499 = FILL_AREA_STYLE_COLOUR('',#11338);
#11500 = STYLED_ITEM('color',(#11501),#5593);
#11501 = PRESENTATION_STYLE_ASSIGNMENT((#11502));
#11502 = SURFACE_STYLE_USAGE(.BOTH.,#11503);
#11503 = SURFACE_SIDE_STYLE('',(#11504));
#11504 = SURFACE_STYLE_FILL_AREA(#11505);
#11505 = FILL_AREA_STYLE('',(#11506));
#11506 = FILL_AREA_STYLE_COLOUR('',#11338);
#11507 = STYLED_ITEM('color',(#11508),#5624);
#11508 = PRESENTATION_STYLE_ASSIGNMENT((#11509));
#11509 = SURFACE_STYLE_USAGE(.BOTH.,#11510);
#11510 = SURFACE_SIDE_STYLE('',(#11511));
#11511 = SURFACE_STYLE_FILL_AREA(#11512);
#11512 = FILL_AREA_STYLE('',(#11513));
#11513 = FILL_AREA_STYLE_COLOUR('',#11338);
#11514 = STYLED_ITEM('color',(#11515),#5648);
#11515 = PRESENTATION_STYLE_ASSIGNMENT((#11516));
#11516 = SURFACE_STYLE_USAGE(.BOTH.,#11517);
#11517 = SURFACE_SIDE_STYLE('',(#11518));
#11518 = SURFACE_STYLE_FILL_AREA(#11519);
#11519 = FILL_AREA_STYLE('',(#11520));
#11520 = FILL_AREA_STYLE_COLOUR('',#11338);
#11521 = STYLED_ITEM('color',(#11522),#5672);
#11522 = PRESENTATION_STYLE_ASSIGNMENT((#11523));
#11523 = SURFACE_STYLE_USAGE(.BOTH.,#11524);
#11524 = SURFACE_SIDE_STYLE('',(#11525));
#11525 = SURFACE_STYLE_FILL_AREA(#11526);
#11526 = FILL_AREA_STYLE('',(#11527));
#11527 = FILL_AREA_STYLE_COLOUR('',#11338);
#11528 = STYLED_ITEM('color',(#11529),#5689);
#11529 = PRESENTATION_STYLE_ASSIGNMENT((#11530));
#11530 = SURFACE_STYLE_USAGE(.BOTH.,#11531);
#11531 = SURFACE_SIDE_STYLE('',(#11532));
#11532 = SURFACE_STYLE_FILL_AREA(#11533);
#11533 = FILL_AREA_STYLE('',(#11534));
#11534 = FILL_AREA_STYLE_COLOUR('',#11338);
#11535 = STYLED_ITEM('color',(#11536),#5720);
#11536 = PRESENTATION_STYLE_ASSIGNMENT((#11537));
#11537 = SURFACE_STYLE_USAGE(.BOTH.,#11538);
#11538 = SURFACE_SIDE_STYLE('',(#11539));
#11539 = SURFACE_STYLE_FILL_AREA(#11540);
#11540 = FILL_AREA_STYLE('',(#11541));
#11541 = FILL_AREA_STYLE_COLOUR('',#11338);
#11542 = STYLED_ITEM('color',(#11543),#5744);
#11543 = PRESENTATION_STYLE_ASSIGNMENT((#11544));
#11544 = SURFACE_STYLE_USAGE(.BOTH.,#11545);
#11545 = SURFACE_SIDE_STYLE('',(#11546));
#11546 = SURFACE_STYLE_FILL_AREA(#11547);
#11547 = FILL_AREA_STYLE('',(#11548));
#11548 = FILL_AREA_STYLE_COLOUR('',#11338);
#11549 = STYLED_ITEM('color',(#11550),#5768);
#11550 = PRESENTATION_STYLE_ASSIGNMENT((#11551));
#11551 = SURFACE_STYLE_USAGE(.BOTH.,#11552);
#11552 = SURFACE_SIDE_STYLE('',(#11553));
#11553 = SURFACE_STYLE_FILL_AREA(#11554);
#11554 = FILL_AREA_STYLE('',(#11555));
#11555 = FILL_AREA_STYLE_COLOUR('',#11338);
#11556 = STYLED_ITEM('color',(#11557),#5785);
#11557 = PRESENTATION_STYLE_ASSIGNMENT((#11558));
#11558 = SURFACE_STYLE_USAGE(.BOTH.,#11559);
#11559 = SURFACE_SIDE_STYLE('',(#11560));
#11560 = SURFACE_STYLE_FILL_AREA(#11561);
#11561 = FILL_AREA_STYLE('',(#11562));
#11562 = FILL_AREA_STYLE_COLOUR('',#11338);
#11563 = STYLED_ITEM('color',(#11564),#5816);
#11564 = PRESENTATION_STYLE_ASSIGNMENT((#11565));
#11565 = SURFACE_STYLE_USAGE(.BOTH.,#11566);
#11566 = SURFACE_SIDE_STYLE('',(#11567));
#11567 = SURFACE_STYLE_FILL_AREA(#11568);
#11568 = FILL_AREA_STYLE('',(#11569));
#11569 = FILL_AREA_STYLE_COLOUR('',#11338);
#11570 = STYLED_ITEM('color',(#11571),#5840);
#11571 = PRESENTATION_STYLE_ASSIGNMENT((#11572));
#11572 = SURFACE_STYLE_USAGE(.BOTH.,#11573);
#11573 = SURFACE_SIDE_STYLE('',(#11574));
#11574 = SURFACE_STYLE_FILL_AREA(#11575);
#11575 = FILL_AREA_STYLE('',(#11576));
#11576 = FILL_AREA_STYLE_COLOUR('',#11338);
#11577 = STYLED_ITEM('color',(#11578),#5864);
#11578 = PRESENTATION_STYLE_ASSIGNMENT((#11579));
#11579 = SURFACE_STYLE_USAGE(.BOTH.,#11580);
#11580 = SURFACE_SIDE_STYLE('',(#11581));
#11581 = SURFACE_STYLE_FILL_AREA(#11582);
#11582 = FILL_AREA_STYLE('',(#11583));
#11583 = FILL_AREA_STYLE_COLOUR('',#11338);
#11584 = STYLED_ITEM('color',(#11585),#5881);
#11585 = PRESENTATION_STYLE_ASSIGNMENT((#11586));
#11586 = SURFACE_STYLE_USAGE(.BOTH.,#11587);
#11587 = SURFACE_SIDE_STYLE('',(#11588));
#11588 = SURFACE_STYLE_FILL_AREA(#11589);
#11589 = FILL_AREA_STYLE('',(#11590));
#11590 = FILL_AREA_STYLE_COLOUR('',#11338);
#11591 = STYLED_ITEM('color',(#11592),#5912);
#11592 = PRESENTATION_STYLE_ASSIGNMENT((#11593));
#11593 = SURFACE_STYLE_USAGE(.BOTH.,#11594);
#11594 = SURFACE_SIDE_STYLE('',(#11595));
#11595 = SURFACE_STYLE_FILL_AREA(#11596);
#11596 = FILL_AREA_STYLE('',(#11597));
#11597 = FILL_AREA_STYLE_COLOUR('',#11338);
#11598 = STYLED_ITEM('color',(#11599),#5936);
#11599 = PRESENTATION_STYLE_ASSIGNMENT((#11600));
#11600 = SURFACE_STYLE_USAGE(.BOTH.,#11601);
#11601 = SURFACE_SIDE_STYLE('',(#11602));
#11602 = SURFACE_STYLE_FILL_AREA(#11603);
#11603 = FILL_AREA_STYLE('',(#11604));
#11604 = FILL_AREA_STYLE_COLOUR('',#11338);
#11605 = STYLED_ITEM('color',(#11606),#5960);
#11606 = PRESENTATION_STYLE_ASSIGNMENT((#11607));
#11607 = SURFACE_STYLE_USAGE(.BOTH.,#11608);
#11608 = SURFACE_SIDE_STYLE('',(#11609));
#11609 = SURFACE_STYLE_FILL_AREA(#11610);
#11610 = FILL_AREA_STYLE('',(#11611));
#11611 = FILL_AREA_STYLE_COLOUR('',#11338);
#11612 = STYLED_ITEM('color',(#11613),#5977);
#11613 = PRESENTATION_STYLE_ASSIGNMENT((#11614));
#11614 = SURFACE_STYLE_USAGE(.BOTH.,#11615);
#11615 = SURFACE_SIDE_STYLE('',(#11616));
#11616 = SURFACE_STYLE_FILL_AREA(#11617);
#11617 = FILL_AREA_STYLE('',(#11618));
#11618 = FILL_AREA_STYLE_COLOUR('',#11338);
#11619 = STYLED_ITEM('color',(#11620),#6008);
#11620 = PRESENTATION_STYLE_ASSIGNMENT((#11621));
#11621 = SURFACE_STYLE_USAGE(.BOTH.,#11622);
#11622 = SURFACE_SIDE_STYLE('',(#11623));
#11623 = SURFACE_STYLE_FILL_AREA(#11624);
#11624 = FILL_AREA_STYLE('',(#11625));
#11625 = FILL_AREA_STYLE_COLOUR('',#11338);
#11626 = STYLED_ITEM('color',(#11627),#6032);
#11627 = PRESENTATION_STYLE_ASSIGNMENT((#11628));
#11628 = SURFACE_STYLE_USAGE(.BOTH.,#11629);
#11629 = SURFACE_SIDE_STYLE('',(#11630));
#11630 = SURFACE_STYLE_FILL_AREA(#11631);
#11631 = FILL_AREA_STYLE('',(#11632));
#11632 = FILL_AREA_STYLE_COLOUR('',#11338);
#11633 = STYLED_ITEM('color',(#11634),#6056);
#11634 = PRESENTATION_STYLE_ASSIGNMENT((#11635));
#11635 = SURFACE_STYLE_USAGE(.BOTH.,#11636);
#11636 = SURFACE_SIDE_STYLE('',(#11637));
#11637 = SURFACE_STYLE_FILL_AREA(#11638);
#11638 = FILL_AREA_STYLE('',(#11639));
#11639 = FILL_AREA_STYLE_COLOUR('',#11338);
#11640 = STYLED_ITEM('color',(#11641),#6073);
#11641 = PRESENTATION_STYLE_ASSIGNMENT((#11642));
#11642 = SURFACE_STYLE_USAGE(.BOTH.,#11643);
#11643 = SURFACE_SIDE_STYLE('',(#11644));
#11644 = SURFACE_STYLE_FILL_AREA(#11645);
#11645 = FILL_AREA_STYLE('',(#11646));
#11646 = FILL_AREA_STYLE_COLOUR('',#11338);
#11647 = STYLED_ITEM('color',(#11648),#6104);
#11648 = PRESENTATION_STYLE_ASSIGNMENT((#11649));
#11649 = SURFACE_STYLE_USAGE(.BOTH.,#11650);
#11650 = SURFACE_SIDE_STYLE('',(#11651));
#11651 = SURFACE_STYLE_FILL_AREA(#11652);
#11652 = FILL_AREA_STYLE('',(#11653));
#11653 = FILL_AREA_STYLE_COLOUR('',#11338);
#11654 = STYLED_ITEM('color',(#11655),#6128);
#11655 = PRESENTATION_STYLE_ASSIGNMENT((#11656));
#11656 = SURFACE_STYLE_USAGE(.BOTH.,#11657);
#11657 = SURFACE_SIDE_STYLE('',(#11658));
#11658 = SURFACE_STYLE_FILL_AREA(#11659);
#11659 = FILL_AREA_STYLE('',(#11660));
#11660 = FILL_AREA_STYLE_COLOUR('',#11338);
#11661 = STYLED_ITEM('color',(#11662),#6152);
#11662 = PRESENTATION_STYLE_ASSIGNMENT((#11663));
#11663 = SURFACE_STYLE_USAGE(.BOTH.,#11664);
#11664 = SURFACE_SIDE_STYLE('',(#11665));
#11665 = SURFACE_STYLE_FILL_AREA(#11666);
#11666 = FILL_AREA_STYLE('',(#11667));
#11667 = FILL_AREA_STYLE_COLOUR('',#11338);
#11668 = STYLED_ITEM('color',(#11669),#6169);
#11669 = PRESENTATION_STYLE_ASSIGNMENT((#11670));
#11670 = SURFACE_STYLE_USAGE(.BOTH.,#11671);
#11671 = SURFACE_SIDE_STYLE('',(#11672));
#11672 = SURFACE_STYLE_FILL_AREA(#11673);
#11673 = FILL_AREA_STYLE('',(#11674));
#11674 = FILL_AREA_STYLE_COLOUR('',#11338);
#11675 = STYLED_ITEM('color',(#11676),#6181);
#11676 = PRESENTATION_STYLE_ASSIGNMENT((#11677));
#11677 = SURFACE_STYLE_USAGE(.BOTH.,#11678);
#11678 = SURFACE_SIDE_STYLE('',(#11679));
#11679 = SURFACE_STYLE_FILL_AREA(#11680);
#11680 = FILL_AREA_STYLE('',(#11681));
#11681 = FILL_AREA_STYLE_COLOUR('',#11338);
#11682 = STYLED_ITEM('color',(#11683),#6193);
#11683 = PRESENTATION_STYLE_ASSIGNMENT((#11684));
#11684 = SURFACE_STYLE_USAGE(.BOTH.,#11685);
#11685 = SURFACE_SIDE_STYLE('',(#11686));
#11686 = SURFACE_STYLE_FILL_AREA(#11687);
#11687 = FILL_AREA_STYLE('',(#11688));
#11688 = FILL_AREA_STYLE_COLOUR('',#11338);
#11689 = STYLED_ITEM('color',(#11690),#6205);
#11690 = PRESENTATION_STYLE_ASSIGNMENT((#11691));
#11691 = SURFACE_STYLE_USAGE(.BOTH.,#11692);
#11692 = SURFACE_SIDE_STYLE('',(#11693));
#11693 = SURFACE_STYLE_FILL_AREA(#11694);
#11694 = FILL_AREA_STYLE('',(#11695));
#11695 = FILL_AREA_STYLE_COLOUR('',#11338);
#11696 = STYLED_ITEM('color',(#11697),#6217);
#11697 = PRESENTATION_STYLE_ASSIGNMENT((#11698));
#11698 = SURFACE_STYLE_USAGE(.BOTH.,#11699);
#11699 = SURFACE_SIDE_STYLE('',(#11700));
#11700 = SURFACE_STYLE_FILL_AREA(#11701);
#11701 = FILL_AREA_STYLE('',(#11702));
#11702 = FILL_AREA_STYLE_COLOUR('',#11338);
#11703 = STYLED_ITEM('color',(#11704),#6229);
#11704 = PRESENTATION_STYLE_ASSIGNMENT((#11705));
#11705 = SURFACE_STYLE_USAGE(.BOTH.,#11706);
#11706 = SURFACE_SIDE_STYLE('',(#11707));
#11707 = SURFACE_STYLE_FILL_AREA(#11708);
#11708 = FILL_AREA_STYLE('',(#11709));
#11709 = FILL_AREA_STYLE_COLOUR('',#11338);
#11710 = MECHANICAL_DESIGN_GEOMETRIC_PRESENTATION_REPRESENTATION('',(
    #11711,#11719,#11726,#11733,#11740,#11747,#11754,#11761,#11768,
    #11775,#11782,#11790,#11797,#11804,#11811,#11818,#11825,#11832,
    #11839,#11846,#11853,#11860,#11867,#11874,#11881,#11888,#11895,
    #11902),#10255);
#11711 = STYLED_ITEM('color',(#11712),#9403);
#11712 = PRESENTATION_STYLE_ASSIGNMENT((#11713));
#11713 = SURFACE_STYLE_USAGE(.BOTH.,#11714);
#11714 = SURFACE_SIDE_STYLE('',(#11715));
#11715 = SURFACE_STYLE_FILL_AREA(#11716);
#11716 = FILL_AREA_STYLE('',(#11717));
#11717 = FILL_AREA_STYLE_COLOUR('',#11718);
#11718 = COLOUR_RGB('',0.823999987314,0.819999987296,0.781000009244);
#11719 = STYLED_ITEM('color',(#11720),#9479);
#11720 = PRESENTATION_STYLE_ASSIGNMENT((#11721));
#11721 = SURFACE_STYLE_USAGE(.BOTH.,#11722);
#11722 = SURFACE_SIDE_STYLE('',(#11723));
#11723 = SURFACE_STYLE_FILL_AREA(#11724);
#11724 = FILL_AREA_STYLE('',(#11725));
#11725 = FILL_AREA_STYLE_COLOUR('',#11718);
#11726 = STYLED_ITEM('color',(#11727),#9510);
#11727 = PRESENTATION_STYLE_ASSIGNMENT((#11728));
#11728 = SURFACE_STYLE_USAGE(.BOTH.,#11729);
#11729 = SURFACE_SIDE_STYLE('',(#11730));
#11730 = SURFACE_STYLE_FILL_AREA(#11731);
#11731 = FILL_AREA_STYLE('',(#11732));
#11732 = FILL_AREA_STYLE_COLOUR('',#11718);
#11733 = STYLED_ITEM('color',(#11734),#9535);
#11734 = PRESENTATION_STYLE_ASSIGNMENT((#11735));
#11735 = SURFACE_STYLE_USAGE(.BOTH.,#11736);
#11736 = SURFACE_SIDE_STYLE('',(#11737));
#11737 = SURFACE_STYLE_FILL_AREA(#11738);
#11738 = FILL_AREA_STYLE('',(#11739));
#11739 = FILL_AREA_STYLE_COLOUR('',#11718);
#11740 = STYLED_ITEM('color',(#11741),#9560);
#11741 = PRESENTATION_STYLE_ASSIGNMENT((#11742));
#11742 = SURFACE_STYLE_USAGE(.BOTH.,#11743);
#11743 = SURFACE_SIDE_STYLE('',(#11744));
#11744 = SURFACE_STYLE_FILL_AREA(#11745);
#11745 = FILL_AREA_STYLE('',(#11746));
#11746 = FILL_AREA_STYLE_COLOUR('',#11718);
#11747 = STYLED_ITEM('color',(#11748),#9584);
#11748 = PRESENTATION_STYLE_ASSIGNMENT((#11749));
#11749 = SURFACE_STYLE_USAGE(.BOTH.,#11750);
#11750 = SURFACE_SIDE_STYLE('',(#11751));
#11751 = SURFACE_STYLE_FILL_AREA(#11752);
#11752 = FILL_AREA_STYLE('',(#11753));
#11753 = FILL_AREA_STYLE_COLOUR('',#11718);
#11754 = STYLED_ITEM('color',(#11755),#9608);
#11755 = PRESENTATION_STYLE_ASSIGNMENT((#11756));
#11756 = SURFACE_STYLE_USAGE(.BOTH.,#11757);
#11757 = SURFACE_SIDE_STYLE('',(#11758));
#11758 = SURFACE_STYLE_FILL_AREA(#11759);
#11759 = FILL_AREA_STYLE('',(#11760));
#11760 = FILL_AREA_STYLE_COLOUR('',#11718);
#11761 = STYLED_ITEM('color',(#11762),#9633);
#11762 = PRESENTATION_STYLE_ASSIGNMENT((#11763));
#11763 = SURFACE_STYLE_USAGE(.BOTH.,#11764);
#11764 = SURFACE_SIDE_STYLE('',(#11765));
#11765 = SURFACE_STYLE_FILL_AREA(#11766);
#11766 = FILL_AREA_STYLE('',(#11767));
#11767 = FILL_AREA_STYLE_COLOUR('',#11718);
#11768 = STYLED_ITEM('color',(#11769),#9658);
#11769 = PRESENTATION_STYLE_ASSIGNMENT((#11770));
#11770 = SURFACE_STYLE_USAGE(.BOTH.,#11771);
#11771 = SURFACE_SIDE_STYLE('',(#11772));
#11772 = SURFACE_STYLE_FILL_AREA(#11773);
#11773 = FILL_AREA_STYLE('',(#11774));
#11774 = FILL_AREA_STYLE_COLOUR('',#11718);
#11775 = STYLED_ITEM('color',(#11776),#9675);
#11776 = PRESENTATION_STYLE_ASSIGNMENT((#11777));
#11777 = SURFACE_STYLE_USAGE(.BOTH.,#11778);
#11778 = SURFACE_SIDE_STYLE('',(#11779));
#11779 = SURFACE_STYLE_FILL_AREA(#11780);
#11780 = FILL_AREA_STYLE('',(#11781));
#11781 = FILL_AREA_STYLE_COLOUR('',#11718);
#11782 = STYLED_ITEM('color',(#11783),#9761);
#11783 = PRESENTATION_STYLE_ASSIGNMENT((#11784));
#11784 = SURFACE_STYLE_USAGE(.BOTH.,#11785);
#11785 = SURFACE_SIDE_STYLE('',(#11786));
#11786 = SURFACE_STYLE_FILL_AREA(#11787);
#11787 = FILL_AREA_STYLE('',(#11788));
#11788 = FILL_AREA_STYLE_COLOUR('',#11789);
#11789 = COLOUR_RGB('',0.379000005575,0.270000008848,0.214999999939);
#11790 = STYLED_ITEM('color',(#11791),#9793);
#11791 = PRESENTATION_STYLE_ASSIGNMENT((#11792));
#11792 = SURFACE_STYLE_USAGE(.BOTH.,#11793);
#11793 = SURFACE_SIDE_STYLE('',(#11794));
#11794 = SURFACE_STYLE_FILL_AREA(#11795);
#11795 = FILL_AREA_STYLE('',(#11796));
#11796 = FILL_AREA_STYLE_COLOUR('',#11789);
#11797 = STYLED_ITEM('color',(#11798),#9817);
#11798 = PRESENTATION_STYLE_ASSIGNMENT((#11799));
#11799 = SURFACE_STYLE_USAGE(.BOTH.,#11800);
#11800 = SURFACE_SIDE_STYLE('',(#11801));
#11801 = SURFACE_STYLE_FILL_AREA(#11802);
#11802 = FILL_AREA_STYLE('',(#11803));
#11803 = FILL_AREA_STYLE_COLOUR('',#11789);
#11804 = STYLED_ITEM('color',(#11805),#9842);
#11805 = PRESENTATION_STYLE_ASSIGNMENT((#11806));
#11806 = SURFACE_STYLE_USAGE(.BOTH.,#11807);
#11807 = SURFACE_SIDE_STYLE('',(#11808));
#11808 = SURFACE_STYLE_FILL_AREA(#11809);
#11809 = FILL_AREA_STYLE('',(#11810));
#11810 = FILL_AREA_STYLE_COLOUR('',#11789);
#11811 = STYLED_ITEM('color',(#11812),#9866);
#11812 = PRESENTATION_STYLE_ASSIGNMENT((#11813));
#11813 = SURFACE_STYLE_USAGE(.BOTH.,#11814);
#11814 = SURFACE_SIDE_STYLE('',(#11815));
#11815 = SURFACE_STYLE_FILL_AREA(#11816);
#11816 = FILL_AREA_STYLE('',(#11817));
#11817 = FILL_AREA_STYLE_COLOUR('',#11789);
#11818 = STYLED_ITEM('color',(#11819),#9891);
#11819 = PRESENTATION_STYLE_ASSIGNMENT((#11820));
#11820 = SURFACE_STYLE_USAGE(.BOTH.,#11821);
#11821 = SURFACE_SIDE_STYLE('',(#11822));
#11822 = SURFACE_STYLE_FILL_AREA(#11823);
#11823 = FILL_AREA_STYLE('',(#11824));
#11824 = FILL_AREA_STYLE_COLOUR('',#11789);
#11825 = STYLED_ITEM('color',(#11826),#9915);
#11826 = PRESENTATION_STYLE_ASSIGNMENT((#11827));
#11827 = SURFACE_STYLE_USAGE(.BOTH.,#11828);
#11828 = SURFACE_SIDE_STYLE('',(#11829));
#11829 = SURFACE_STYLE_FILL_AREA(#11830);
#11830 = FILL_AREA_STYLE('',(#11831));
#11831 = FILL_AREA_STYLE_COLOUR('',#11789);
#11832 = STYLED_ITEM('color',(#11833),#9940);
#11833 = PRESENTATION_STYLE_ASSIGNMENT((#11834));
#11834 = SURFACE_STYLE_USAGE(.BOTH.,#11835);
#11835 = SURFACE_SIDE_STYLE('',(#11836));
#11836 = SURFACE_STYLE_FILL_AREA(#11837);
#11837 = FILL_AREA_STYLE('',(#11838));
#11838 = FILL_AREA_STYLE_COLOUR('',#11789);
#11839 = STYLED_ITEM('color',(#11840),#9957);
#11840 = PRESENTATION_STYLE_ASSIGNMENT((#11841));
#11841 = SURFACE_STYLE_USAGE(.BOTH.,#11842);
#11842 = SURFACE_SIDE_STYLE('',(#11843));
#11843 = SURFACE_STYLE_FILL_AREA(#11844);
#11844 = FILL_AREA_STYLE('',(#11845));
#11845 = FILL_AREA_STYLE_COLOUR('',#11718);
#11846 = STYLED_ITEM('color',(#11847),#10043);
#11847 = PRESENTATION_STYLE_ASSIGNMENT((#11848));
#11848 = SURFACE_STYLE_USAGE(.BOTH.,#11849);
#11849 = SURFACE_SIDE_STYLE('',(#11850));
#11850 = SURFACE_STYLE_FILL_AREA(#11851);
#11851 = FILL_AREA_STYLE('',(#11852));
#11852 = FILL_AREA_STYLE_COLOUR('',#11718);
#11853 = STYLED_ITEM('color',(#11854),#10074);
#11854 = PRESENTATION_STYLE_ASSIGNMENT((#11855));
#11855 = SURFACE_STYLE_USAGE(.BOTH.,#11856);
#11856 = SURFACE_SIDE_STYLE('',(#11857));
#11857 = SURFACE_STYLE_FILL_AREA(#11858);
#11858 = FILL_AREA_STYLE('',(#11859));
#11859 = FILL_AREA_STYLE_COLOUR('',#11718);
#11860 = STYLED_ITEM('color',(#11861),#10099);
#11861 = PRESENTATION_STYLE_ASSIGNMENT((#11862));
#11862 = SURFACE_STYLE_USAGE(.BOTH.,#11863);
#11863 = SURFACE_SIDE_STYLE('',(#11864));
#11864 = SURFACE_STYLE_FILL_AREA(#11865);
#11865 = FILL_AREA_STYLE('',(#11866));
#11866 = FILL_AREA_STYLE_COLOUR('',#11718);
#11867 = STYLED_ITEM('color',(#11868),#10124);
#11868 = PRESENTATION_STYLE_ASSIGNMENT((#11869));
#11869 = SURFACE_STYLE_USAGE(.BOTH.,#11870);
#11870 = SURFACE_SIDE_STYLE('',(#11871));
#11871 = SURFACE_STYLE_FILL_AREA(#11872);
#11872 = FILL_AREA_STYLE('',(#11873));
#11873 = FILL_AREA_STYLE_COLOUR('',#11718);
#11874 = STYLED_ITEM('color',(#11875),#10148);
#11875 = PRESENTATION_STYLE_ASSIGNMENT((#11876));
#11876 = SURFACE_STYLE_USAGE(.BOTH.,#11877);
#11877 = SURFACE_SIDE_STYLE('',(#11878));
#11878 = SURFACE_STYLE_FILL_AREA(#11879);
#11879 = FILL_AREA_STYLE('',(#11880));
#11880 = FILL_AREA_STYLE_COLOUR('',#11718);
#11881 = STYLED_ITEM('color',(#11882),#10172);
#11882 = PRESENTATION_STYLE_ASSIGNMENT((#11883));
#11883 = SURFACE_STYLE_USAGE(.BOTH.,#11884);
#11884 = SURFACE_SIDE_STYLE('',(#11885));
#11885 = SURFACE_STYLE_FILL_AREA(#11886);
#11886 = FILL_AREA_STYLE('',(#11887));
#11887 = FILL_AREA_STYLE_COLOUR('',#11718);
#11888 = STYLED_ITEM('color',(#11889),#10197);
#11889 = PRESENTATION_STYLE_ASSIGNMENT((#11890));
#11890 = SURFACE_STYLE_USAGE(.BOTH.,#11891);
#11891 = SURFACE_SIDE_STYLE('',(#11892));
#11892 = SURFACE_STYLE_FILL_AREA(#11893);
#11893 = FILL_AREA_STYLE('',(#11894));
#11894 = FILL_AREA_STYLE_COLOUR('',#11718);
#11895 = STYLED_ITEM('color',(#11896),#10222);
#11896 = PRESENTATION_STYLE_ASSIGNMENT((#11897));
#11897 = SURFACE_STYLE_USAGE(.BOTH.,#11898);
#11898 = SURFACE_SIDE_STYLE('',(#11899));
#11899 = SURFACE_STYLE_FILL_AREA(#11900);
#11900 = FILL_AREA_STYLE('',(#11901));
#11901 = FILL_AREA_STYLE_COLOUR('',#11718);
#11902 = STYLED_ITEM('color',(#11903),#10239);
#11903 = PRESENTATION_STYLE_ASSIGNMENT((#11904));
#11904 = SURFACE_STYLE_USAGE(.BOTH.,#11905);
#11905 = SURFACE_SIDE_STYLE('',(#11906));
#11906 = SURFACE_STYLE_FILL_AREA(#11907);
#11907 = FILL_AREA_STYLE('',(#11908));
#11908 = FILL_AREA_STYLE_COLOUR('',#11718);
#11909 = MECHANICAL_DESIGN_GEOMETRIC_PRESENTATION_REPRESENTATION('',(
    #11910,#11918,#11925,#11932,#11939,#11946,#11953,#11960,#11967,
    #11974,#11981,#11988,#11995,#12002,#12009,#12016,#12023,#12030,
    #12037,#12044,#12051,#12058,#12065,#12073,#12080,#12087,#12094,
    #12101,#12108,#12115,#12122,#12129,#12136,#12143,#12150,#12157,
    #12164,#12171,#12178,#12185,#12192,#12199,#12206,#12213,#12220,
    #12227,#12234,#12241,#12248,#12255,#12262,#12269,#12276,#12283,
    #12290,#12297,#12304,#12311,#12318,#12325,#12332,#12339,#12346,
    #12353,#12360,#12367,#12374,#12381,#12388,#12395,#12402,#12409,
    #12416,#12423,#12430,#12437,#12444,#12451,#12458,#12465,#12472,
    #12479,#12486,#12493,#12500,#12507,#12514,#12521,#12528,#12535,
    #12542,#12549,#12556,#12563,#12570,#12577,#12584,#12591,#12598,
    #12605,#12612,#12619,#12626,#12633),#9362);
#11910 = STYLED_ITEM('color',(#11911),#6262);
#11911 = PRESENTATION_STYLE_ASSIGNMENT((#11912));
#11912 = SURFACE_STYLE_USAGE(.BOTH.,#11913);
#11913 = SURFACE_SIDE_STYLE('',(#11914));
#11914 = SURFACE_STYLE_FILL_AREA(#11915);
#11915 = FILL_AREA_STYLE('',(#11916));
#11916 = FILL_AREA_STYLE_COLOUR('',#11917);
#11917 = COLOUR_RGB('',0.894117649055,0.890196087049,0.811764731185);
#11918 = STYLED_ITEM('color',(#11919),#6430);
#11919 = PRESENTATION_STYLE_ASSIGNMENT((#11920));
#11920 = SURFACE_STYLE_USAGE(.BOTH.,#11921);
#11921 = SURFACE_SIDE_STYLE('',(#11922));
#11922 = SURFACE_STYLE_FILL_AREA(#11923);
#11923 = FILL_AREA_STYLE('',(#11924));
#11924 = FILL_AREA_STYLE_COLOUR('',#11917);
#11925 = STYLED_ITEM('color',(#11926),#6461);
#11926 = PRESENTATION_STYLE_ASSIGNMENT((#11927));
#11927 = SURFACE_STYLE_USAGE(.BOTH.,#11928);
#11928 = SURFACE_SIDE_STYLE('',(#11929));
#11929 = SURFACE_STYLE_FILL_AREA(#11930);
#11930 = FILL_AREA_STYLE('',(#11931));
#11931 = FILL_AREA_STYLE_COLOUR('',#11917);
#11932 = STYLED_ITEM('color',(#11933),#6485);
#11933 = PRESENTATION_STYLE_ASSIGNMENT((#11934));
#11934 = SURFACE_STYLE_USAGE(.BOTH.,#11935);
#11935 = SURFACE_SIDE_STYLE('',(#11936));
#11936 = SURFACE_STYLE_FILL_AREA(#11937);
#11937 = FILL_AREA_STYLE('',(#11938));
#11938 = FILL_AREA_STYLE_COLOUR('',#11917);
#11939 = STYLED_ITEM('color',(#11940),#6543);
#11940 = PRESENTATION_STYLE_ASSIGNMENT((#11941));
#11941 = SURFACE_STYLE_USAGE(.BOTH.,#11942);
#11942 = SURFACE_SIDE_STYLE('',(#11943));
#11943 = SURFACE_STYLE_FILL_AREA(#11944);
#11944 = FILL_AREA_STYLE('',(#11945));
#11945 = FILL_AREA_STYLE_COLOUR('',#11917);
#11946 = STYLED_ITEM('color',(#11947),#6567);
#11947 = PRESENTATION_STYLE_ASSIGNMENT((#11948));
#11948 = SURFACE_STYLE_USAGE(.BOTH.,#11949);
#11949 = SURFACE_SIDE_STYLE('',(#11950));
#11950 = SURFACE_STYLE_FILL_AREA(#11951);
#11951 = FILL_AREA_STYLE('',(#11952));
#11952 = FILL_AREA_STYLE_COLOUR('',#11917);
#11953 = STYLED_ITEM('color',(#11954),#6591);
#11954 = PRESENTATION_STYLE_ASSIGNMENT((#11955));
#11955 = SURFACE_STYLE_USAGE(.BOTH.,#11956);
#11956 = SURFACE_SIDE_STYLE('',(#11957));
#11957 = SURFACE_STYLE_FILL_AREA(#11958);
#11958 = FILL_AREA_STYLE('',(#11959));
#11959 = FILL_AREA_STYLE_COLOUR('',#11917);
#11960 = STYLED_ITEM('color',(#11961),#6615);
#11961 = PRESENTATION_STYLE_ASSIGNMENT((#11962));
#11962 = SURFACE_STYLE_USAGE(.BOTH.,#11963);
#11963 = SURFACE_SIDE_STYLE('',(#11964));
#11964 = SURFACE_STYLE_FILL_AREA(#11965);
#11965 = FILL_AREA_STYLE('',(#11966));
#11966 = FILL_AREA_STYLE_COLOUR('',#11917);
#11967 = STYLED_ITEM('color',(#11968),#6673);
#11968 = PRESENTATION_STYLE_ASSIGNMENT((#11969));
#11969 = SURFACE_STYLE_USAGE(.BOTH.,#11970);
#11970 = SURFACE_SIDE_STYLE('',(#11971));
#11971 = SURFACE_STYLE_FILL_AREA(#11972);
#11972 = FILL_AREA_STYLE('',(#11973));
#11973 = FILL_AREA_STYLE_COLOUR('',#11917);
#11974 = STYLED_ITEM('color',(#11975),#6697);
#11975 = PRESENTATION_STYLE_ASSIGNMENT((#11976));
#11976 = SURFACE_STYLE_USAGE(.BOTH.,#11977);
#11977 = SURFACE_SIDE_STYLE('',(#11978));
#11978 = SURFACE_STYLE_FILL_AREA(#11979);
#11979 = FILL_AREA_STYLE('',(#11980));
#11980 = FILL_AREA_STYLE_COLOUR('',#11917);
#11981 = STYLED_ITEM('color',(#11982),#6721);
#11982 = PRESENTATION_STYLE_ASSIGNMENT((#11983));
#11983 = SURFACE_STYLE_USAGE(.BOTH.,#11984);
#11984 = SURFACE_SIDE_STYLE('',(#11985));
#11985 = SURFACE_STYLE_FILL_AREA(#11986);
#11986 = FILL_AREA_STYLE('',(#11987));
#11987 = FILL_AREA_STYLE_COLOUR('',#11917);
#11988 = STYLED_ITEM('color',(#11989),#6745);
#11989 = PRESENTATION_STYLE_ASSIGNMENT((#11990));
#11990 = SURFACE_STYLE_USAGE(.BOTH.,#11991);
#11991 = SURFACE_SIDE_STYLE('',(#11992));
#11992 = SURFACE_STYLE_FILL_AREA(#11993);
#11993 = FILL_AREA_STYLE('',(#11994));
#11994 = FILL_AREA_STYLE_COLOUR('',#11917);
#11995 = STYLED_ITEM('color',(#11996),#6803);
#11996 = PRESENTATION_STYLE_ASSIGNMENT((#11997));
#11997 = SURFACE_STYLE_USAGE(.BOTH.,#11998);
#11998 = SURFACE_SIDE_STYLE('',(#11999));
#11999 = SURFACE_STYLE_FILL_AREA(#12000);
#12000 = FILL_AREA_STYLE('',(#12001));
#12001 = FILL_AREA_STYLE_COLOUR('',#11917);
#12002 = STYLED_ITEM('color',(#12003),#6827);
#12003 = PRESENTATION_STYLE_ASSIGNMENT((#12004));
#12004 = SURFACE_STYLE_USAGE(.BOTH.,#12005);
#12005 = SURFACE_SIDE_STYLE('',(#12006));
#12006 = SURFACE_STYLE_FILL_AREA(#12007);
#12007 = FILL_AREA_STYLE('',(#12008));
#12008 = FILL_AREA_STYLE_COLOUR('',#11917);
#12009 = STYLED_ITEM('color',(#12010),#6851);
#12010 = PRESENTATION_STYLE_ASSIGNMENT((#12011));
#12011 = SURFACE_STYLE_USAGE(.BOTH.,#12012);
#12012 = SURFACE_SIDE_STYLE('',(#12013));
#12013 = SURFACE_STYLE_FILL_AREA(#12014);
#12014 = FILL_AREA_STYLE('',(#12015));
#12015 = FILL_AREA_STYLE_COLOUR('',#11917);
#12016 = STYLED_ITEM('color',(#12017),#6931);
#12017 = PRESENTATION_STYLE_ASSIGNMENT((#12018));
#12018 = SURFACE_STYLE_USAGE(.BOTH.,#12019);
#12019 = SURFACE_SIDE_STYLE('',(#12020));
#12020 = SURFACE_STYLE_FILL_AREA(#12021);
#12021 = FILL_AREA_STYLE('',(#12022));
#12022 = FILL_AREA_STYLE_COLOUR('',#11917);
#12023 = STYLED_ITEM('color',(#12024),#6955);
#12024 = PRESENTATION_STYLE_ASSIGNMENT((#12025));
#12025 = SURFACE_STYLE_USAGE(.BOTH.,#12026);
#12026 = SURFACE_SIDE_STYLE('',(#12027));
#12027 = SURFACE_STYLE_FILL_AREA(#12028);
#12028 = FILL_AREA_STYLE('',(#12029));
#12029 = FILL_AREA_STYLE_COLOUR('',#11917);
#12030 = STYLED_ITEM('color',(#12031),#7019);
#12031 = PRESENTATION_STYLE_ASSIGNMENT((#12032));
#12032 = SURFACE_STYLE_USAGE(.BOTH.,#12033);
#12033 = SURFACE_SIDE_STYLE('',(#12034));
#12034 = SURFACE_STYLE_FILL_AREA(#12035);
#12035 = FILL_AREA_STYLE('',(#12036));
#12036 = FILL_AREA_STYLE_COLOUR('',#11917);
#12037 = STYLED_ITEM('color',(#12038),#7043);
#12038 = PRESENTATION_STYLE_ASSIGNMENT((#12039));
#12039 = SURFACE_STYLE_USAGE(.BOTH.,#12040);
#12040 = SURFACE_SIDE_STYLE('',(#12041));
#12041 = SURFACE_STYLE_FILL_AREA(#12042);
#12042 = FILL_AREA_STYLE('',(#12043));
#12043 = FILL_AREA_STYLE_COLOUR('',#11917);
#12044 = STYLED_ITEM('color',(#12045),#7107);
#12045 = PRESENTATION_STYLE_ASSIGNMENT((#12046));
#12046 = SURFACE_STYLE_USAGE(.BOTH.,#12047);
#12047 = SURFACE_SIDE_STYLE('',(#12048));
#12048 = SURFACE_STYLE_FILL_AREA(#12049);
#12049 = FILL_AREA_STYLE('',(#12050));
#12050 = FILL_AREA_STYLE_COLOUR('',#11917);
#12051 = STYLED_ITEM('color',(#12052),#7131);
#12052 = PRESENTATION_STYLE_ASSIGNMENT((#12053));
#12053 = SURFACE_STYLE_USAGE(.BOTH.,#12054);
#12054 = SURFACE_SIDE_STYLE('',(#12055));
#12055 = SURFACE_STYLE_FILL_AREA(#12056);
#12056 = FILL_AREA_STYLE('',(#12057));
#12057 = FILL_AREA_STYLE_COLOUR('',#11917);
#12058 = STYLED_ITEM('color',(#12059),#7204);
#12059 = PRESENTATION_STYLE_ASSIGNMENT((#12060));
#12060 = SURFACE_STYLE_USAGE(.BOTH.,#12061);
#12061 = SURFACE_SIDE_STYLE('',(#12062));
#12062 = SURFACE_STYLE_FILL_AREA(#12063);
#12063 = FILL_AREA_STYLE('',(#12064));
#12064 = FILL_AREA_STYLE_COLOUR('',#11917);
#12065 = STYLED_ITEM('color',(#12066),#7233);
#12066 = PRESENTATION_STYLE_ASSIGNMENT((#12067));
#12067 = SURFACE_STYLE_USAGE(.BOTH.,#12068);
#12068 = SURFACE_SIDE_STYLE('',(#12069));
#12069 = SURFACE_STYLE_FILL_AREA(#12070);
#12070 = FILL_AREA_STYLE('',(#12071));
#12071 = FILL_AREA_STYLE_COLOUR('',#12072);
#12072 = COLOUR_RGB('',0.823529417451,0.819607860991,0.780392170416);
#12073 = STYLED_ITEM('color',(#12074),#7264);
#12074 = PRESENTATION_STYLE_ASSIGNMENT((#12075));
#12075 = SURFACE_STYLE_USAGE(.BOTH.,#12076);
#12076 = SURFACE_SIDE_STYLE('',(#12077));
#12077 = SURFACE_STYLE_FILL_AREA(#12078);
#12078 = FILL_AREA_STYLE('',(#12079));
#12079 = FILL_AREA_STYLE_COLOUR('',#12072);
#12080 = STYLED_ITEM('color',(#12081),#7320);
#12081 = PRESENTATION_STYLE_ASSIGNMENT((#12082));
#12082 = SURFACE_STYLE_USAGE(.BOTH.,#12083);
#12083 = SURFACE_SIDE_STYLE('',(#12084));
#12084 = SURFACE_STYLE_FILL_AREA(#12085);
#12085 = FILL_AREA_STYLE('',(#12086));
#12086 = FILL_AREA_STYLE_COLOUR('',#12072);
#12087 = STYLED_ITEM('color',(#12088),#7344);
#12088 = PRESENTATION_STYLE_ASSIGNMENT((#12089));
#12089 = SURFACE_STYLE_USAGE(.BOTH.,#12090);
#12090 = SURFACE_SIDE_STYLE('',(#12091));
#12091 = SURFACE_STYLE_FILL_AREA(#12092);
#12092 = FILL_AREA_STYLE('',(#12093));
#12093 = FILL_AREA_STYLE_COLOUR('',#12072);
#12094 = STYLED_ITEM('color',(#12095),#7393);
#12095 = PRESENTATION_STYLE_ASSIGNMENT((#12096));
#12096 = SURFACE_STYLE_USAGE(.BOTH.,#12097);
#12097 = SURFACE_SIDE_STYLE('',(#12098));
#12098 = SURFACE_STYLE_FILL_AREA(#12099);
#12099 = FILL_AREA_STYLE('',(#12100));
#12100 = FILL_AREA_STYLE_COLOUR('',#12072);
#12101 = STYLED_ITEM('color',(#12102),#7424);
#12102 = PRESENTATION_STYLE_ASSIGNMENT((#12103));
#12103 = SURFACE_STYLE_USAGE(.BOTH.,#12104);
#12104 = SURFACE_SIDE_STYLE('',(#12105));
#12105 = SURFACE_STYLE_FILL_AREA(#12106);
#12106 = FILL_AREA_STYLE('',(#12107));
#12107 = FILL_AREA_STYLE_COLOUR('',#12072);
#12108 = STYLED_ITEM('color',(#12109),#7448);
#12109 = PRESENTATION_STYLE_ASSIGNMENT((#12110));
#12110 = SURFACE_STYLE_USAGE(.BOTH.,#12111);
#12111 = SURFACE_SIDE_STYLE('',(#12112));
#12112 = SURFACE_STYLE_FILL_AREA(#12113);
#12113 = FILL_AREA_STYLE('',(#12114));
#12114 = FILL_AREA_STYLE_COLOUR('',#12072);
#12115 = STYLED_ITEM('color',(#12116),#7472);
#12116 = PRESENTATION_STYLE_ASSIGNMENT((#12117));
#12117 = SURFACE_STYLE_USAGE(.BOTH.,#12118);
#12118 = SURFACE_SIDE_STYLE('',(#12119));
#12119 = SURFACE_STYLE_FILL_AREA(#12120);
#12120 = FILL_AREA_STYLE('',(#12121));
#12121 = FILL_AREA_STYLE_COLOUR('',#12072);
#12122 = STYLED_ITEM('color',(#12123),#7489);
#12123 = PRESENTATION_STYLE_ASSIGNMENT((#12124));
#12124 = SURFACE_STYLE_USAGE(.BOTH.,#12125);
#12125 = SURFACE_SIDE_STYLE('',(#12126));
#12126 = SURFACE_STYLE_FILL_AREA(#12127);
#12127 = FILL_AREA_STYLE('',(#12128));
#12128 = FILL_AREA_STYLE_COLOUR('',#12072);
#12129 = STYLED_ITEM('color',(#12130),#7520);
#12130 = PRESENTATION_STYLE_ASSIGNMENT((#12131));
#12131 = SURFACE_STYLE_USAGE(.BOTH.,#12132);
#12132 = SURFACE_SIDE_STYLE('',(#12133));
#12133 = SURFACE_STYLE_FILL_AREA(#12134);
#12134 = FILL_AREA_STYLE('',(#12135));
#12135 = FILL_AREA_STYLE_COLOUR('',#12072);
#12136 = STYLED_ITEM('color',(#12137),#7576);
#12137 = PRESENTATION_STYLE_ASSIGNMENT((#12138));
#12138 = SURFACE_STYLE_USAGE(.BOTH.,#12139);
#12139 = SURFACE_SIDE_STYLE('',(#12140));
#12140 = SURFACE_STYLE_FILL_AREA(#12141);
#12141 = FILL_AREA_STYLE('',(#12142));
#12142 = FILL_AREA_STYLE_COLOUR('',#12072);
#12143 = STYLED_ITEM('color',(#12144),#7600);
#12144 = PRESENTATION_STYLE_ASSIGNMENT((#12145));
#12145 = SURFACE_STYLE_USAGE(.BOTH.,#12146);
#12146 = SURFACE_SIDE_STYLE('',(#12147));
#12147 = SURFACE_STYLE_FILL_AREA(#12148);
#12148 = FILL_AREA_STYLE('',(#12149));
#12149 = FILL_AREA_STYLE_COLOUR('',#12072);
#12150 = STYLED_ITEM('color',(#12151),#7649);
#12151 = PRESENTATION_STYLE_ASSIGNMENT((#12152));
#12152 = SURFACE_STYLE_USAGE(.BOTH.,#12153);
#12153 = SURFACE_SIDE_STYLE('',(#12154));
#12154 = SURFACE_STYLE_FILL_AREA(#12155);
#12155 = FILL_AREA_STYLE('',(#12156));
#12156 = FILL_AREA_STYLE_COLOUR('',#11917);
#12157 = STYLED_ITEM('color',(#12158),#7730);
#12158 = PRESENTATION_STYLE_ASSIGNMENT((#12159));
#12159 = SURFACE_STYLE_USAGE(.BOTH.,#12160);
#12160 = SURFACE_SIDE_STYLE('',(#12161));
#12161 = SURFACE_STYLE_FILL_AREA(#12162);
#12162 = FILL_AREA_STYLE('',(#12163));
#12163 = FILL_AREA_STYLE_COLOUR('',#11917);
#12164 = STYLED_ITEM('color',(#12165),#7754);
#12165 = PRESENTATION_STYLE_ASSIGNMENT((#12166));
#12166 = SURFACE_STYLE_USAGE(.BOTH.,#12167);
#12167 = SURFACE_SIDE_STYLE('',(#12168));
#12168 = SURFACE_STYLE_FILL_AREA(#12169);
#12169 = FILL_AREA_STYLE('',(#12170));
#12170 = FILL_AREA_STYLE_COLOUR('',#11917);
#12171 = STYLED_ITEM('color',(#12172),#7949);
#12172 = PRESENTATION_STYLE_ASSIGNMENT((#12173));
#12173 = SURFACE_STYLE_USAGE(.BOTH.,#12174);
#12174 = SURFACE_SIDE_STYLE('',(#12175));
#12175 = SURFACE_STYLE_FILL_AREA(#12176);
#12176 = FILL_AREA_STYLE('',(#12177));
#12177 = FILL_AREA_STYLE_COLOUR('',#11917);
#12178 = STYLED_ITEM('color',(#12179),#7966);
#12179 = PRESENTATION_STYLE_ASSIGNMENT((#12180));
#12180 = SURFACE_STYLE_USAGE(.BOTH.,#12181);
#12181 = SURFACE_SIDE_STYLE('',(#12182));
#12182 = SURFACE_STYLE_FILL_AREA(#12183);
#12183 = FILL_AREA_STYLE('',(#12184));
#12184 = FILL_AREA_STYLE_COLOUR('',#11917);
#12185 = STYLED_ITEM('color',(#12186),#7983);
#12186 = PRESENTATION_STYLE_ASSIGNMENT((#12187));
#12187 = SURFACE_STYLE_USAGE(.BOTH.,#12188);
#12188 = SURFACE_SIDE_STYLE('',(#12189));
#12189 = SURFACE_STYLE_FILL_AREA(#12190);
#12190 = FILL_AREA_STYLE('',(#12191));
#12191 = FILL_AREA_STYLE_COLOUR('',#11917);
#12192 = STYLED_ITEM('color',(#12193),#8000);
#12193 = PRESENTATION_STYLE_ASSIGNMENT((#12194));
#12194 = SURFACE_STYLE_USAGE(.BOTH.,#12195);
#12195 = SURFACE_SIDE_STYLE('',(#12196));
#12196 = SURFACE_STYLE_FILL_AREA(#12197);
#12197 = FILL_AREA_STYLE('',(#12198));
#12198 = FILL_AREA_STYLE_COLOUR('',#11917);
#12199 = STYLED_ITEM('color',(#12200),#8012);
#12200 = PRESENTATION_STYLE_ASSIGNMENT((#12201));
#12201 = SURFACE_STYLE_USAGE(.BOTH.,#12202);
#12202 = SURFACE_SIDE_STYLE('',(#12203));
#12203 = SURFACE_STYLE_FILL_AREA(#12204);
#12204 = FILL_AREA_STYLE('',(#12205));
#12205 = FILL_AREA_STYLE_COLOUR('',#11917);
#12206 = STYLED_ITEM('color',(#12207),#8024);
#12207 = PRESENTATION_STYLE_ASSIGNMENT((#12208));
#12208 = SURFACE_STYLE_USAGE(.BOTH.,#12209);
#12209 = SURFACE_SIDE_STYLE('',(#12210));
#12210 = SURFACE_STYLE_FILL_AREA(#12211);
#12211 = FILL_AREA_STYLE('',(#12212));
#12212 = FILL_AREA_STYLE_COLOUR('',#11917);
#12213 = STYLED_ITEM('color',(#12214),#8041);
#12214 = PRESENTATION_STYLE_ASSIGNMENT((#12215));
#12215 = SURFACE_STYLE_USAGE(.BOTH.,#12216);
#12216 = SURFACE_SIDE_STYLE('',(#12217));
#12217 = SURFACE_STYLE_FILL_AREA(#12218);
#12218 = FILL_AREA_STYLE('',(#12219));
#12219 = FILL_AREA_STYLE_COLOUR('',#11917);
#12220 = STYLED_ITEM('color',(#12221),#8058);
#12221 = PRESENTATION_STYLE_ASSIGNMENT((#12222));
#12222 = SURFACE_STYLE_USAGE(.BOTH.,#12223);
#12223 = SURFACE_SIDE_STYLE('',(#12224));
#12224 = SURFACE_STYLE_FILL_AREA(#12225);
#12225 = FILL_AREA_STYLE('',(#12226));
#12226 = FILL_AREA_STYLE_COLOUR('',#11917);
#12227 = STYLED_ITEM('color',(#12228),#8075);
#12228 = PRESENTATION_STYLE_ASSIGNMENT((#12229));
#12229 = SURFACE_STYLE_USAGE(.BOTH.,#12230);
#12230 = SURFACE_SIDE_STYLE('',(#12231));
#12231 = SURFACE_STYLE_FILL_AREA(#12232);
#12232 = FILL_AREA_STYLE('',(#12233));
#12233 = FILL_AREA_STYLE_COLOUR('',#11917);
#12234 = STYLED_ITEM('color',(#12235),#8087);
#12235 = PRESENTATION_STYLE_ASSIGNMENT((#12236));
#12236 = SURFACE_STYLE_USAGE(.BOTH.,#12237);
#12237 = SURFACE_SIDE_STYLE('',(#12238));
#12238 = SURFACE_STYLE_FILL_AREA(#12239);
#12239 = FILL_AREA_STYLE('',(#12240));
#12240 = FILL_AREA_STYLE_COLOUR('',#11917);
#12241 = STYLED_ITEM('color',(#12242),#8104);
#12242 = PRESENTATION_STYLE_ASSIGNMENT((#12243));
#12243 = SURFACE_STYLE_USAGE(.BOTH.,#12244);
#12244 = SURFACE_SIDE_STYLE('',(#12245));
#12245 = SURFACE_STYLE_FILL_AREA(#12246);
#12246 = FILL_AREA_STYLE('',(#12247));
#12247 = FILL_AREA_STYLE_COLOUR('',#12072);
#12248 = STYLED_ITEM('color',(#12249),#8121);
#12249 = PRESENTATION_STYLE_ASSIGNMENT((#12250));
#12250 = SURFACE_STYLE_USAGE(.BOTH.,#12251);
#12251 = SURFACE_SIDE_STYLE('',(#12252));
#12252 = SURFACE_STYLE_FILL_AREA(#12253);
#12253 = FILL_AREA_STYLE('',(#12254));
#12254 = FILL_AREA_STYLE_COLOUR('',#12072);
#12255 = STYLED_ITEM('color',(#12256),#8168);
#12256 = PRESENTATION_STYLE_ASSIGNMENT((#12257));
#12257 = SURFACE_STYLE_USAGE(.BOTH.,#12258);
#12258 = SURFACE_SIDE_STYLE('',(#12259));
#12259 = SURFACE_STYLE_FILL_AREA(#12260);
#12260 = FILL_AREA_STYLE('',(#12261));
#12261 = FILL_AREA_STYLE_COLOUR('',#12072);
#12262 = STYLED_ITEM('color',(#12263),#8194);
#12263 = PRESENTATION_STYLE_ASSIGNMENT((#12264));
#12264 = SURFACE_STYLE_USAGE(.BOTH.,#12265);
#12265 = SURFACE_SIDE_STYLE('',(#12266));
#12266 = SURFACE_STYLE_FILL_AREA(#12267);
#12267 = FILL_AREA_STYLE('',(#12268));
#12268 = FILL_AREA_STYLE_COLOUR('',#12072);
#12269 = STYLED_ITEM('color',(#12270),#8211);
#12270 = PRESENTATION_STYLE_ASSIGNMENT((#12271));
#12271 = SURFACE_STYLE_USAGE(.BOTH.,#12272);
#12272 = SURFACE_SIDE_STYLE('',(#12273));
#12273 = SURFACE_STYLE_FILL_AREA(#12274);
#12274 = FILL_AREA_STYLE('',(#12275));
#12275 = FILL_AREA_STYLE_COLOUR('',#12072);
#12276 = STYLED_ITEM('color',(#12277),#8237);
#12277 = PRESENTATION_STYLE_ASSIGNMENT((#12278));
#12278 = SURFACE_STYLE_USAGE(.BOTH.,#12279);
#12279 = SURFACE_SIDE_STYLE('',(#12280));
#12280 = SURFACE_STYLE_FILL_AREA(#12281);
#12281 = FILL_AREA_STYLE('',(#12282));
#12282 = FILL_AREA_STYLE_COLOUR('',#12072);
#12283 = STYLED_ITEM('color',(#12284),#8270);
#12284 = PRESENTATION_STYLE_ASSIGNMENT((#12285));
#12285 = SURFACE_STYLE_USAGE(.BOTH.,#12286);
#12286 = SURFACE_SIDE_STYLE('',(#12287));
#12287 = SURFACE_STYLE_FILL_AREA(#12288);
#12288 = FILL_AREA_STYLE('',(#12289));
#12289 = FILL_AREA_STYLE_COLOUR('',#12072);
#12290 = STYLED_ITEM('color',(#12291),#8301);
#12291 = PRESENTATION_STYLE_ASSIGNMENT((#12292));
#12292 = SURFACE_STYLE_USAGE(.BOTH.,#12293);
#12293 = SURFACE_SIDE_STYLE('',(#12294));
#12294 = SURFACE_STYLE_FILL_AREA(#12295);
#12295 = FILL_AREA_STYLE('',(#12296));
#12296 = FILL_AREA_STYLE_COLOUR('',#12072);
#12297 = STYLED_ITEM('color',(#12298),#8325);
#12298 = PRESENTATION_STYLE_ASSIGNMENT((#12299));
#12299 = SURFACE_STYLE_USAGE(.BOTH.,#12300);
#12300 = SURFACE_SIDE_STYLE('',(#12301));
#12301 = SURFACE_STYLE_FILL_AREA(#12302);
#12302 = FILL_AREA_STYLE('',(#12303));
#12303 = FILL_AREA_STYLE_COLOUR('',#12072);
#12304 = STYLED_ITEM('color',(#12305),#8349);
#12305 = PRESENTATION_STYLE_ASSIGNMENT((#12306));
#12306 = SURFACE_STYLE_USAGE(.BOTH.,#12307);
#12307 = SURFACE_SIDE_STYLE('',(#12308));
#12308 = SURFACE_STYLE_FILL_AREA(#12309);
#12309 = FILL_AREA_STYLE('',(#12310));
#12310 = FILL_AREA_STYLE_COLOUR('',#12072);
#12311 = STYLED_ITEM('color',(#12312),#8366);
#12312 = PRESENTATION_STYLE_ASSIGNMENT((#12313));
#12313 = SURFACE_STYLE_USAGE(.BOTH.,#12314);
#12314 = SURFACE_SIDE_STYLE('',(#12315));
#12315 = SURFACE_STYLE_FILL_AREA(#12316);
#12316 = FILL_AREA_STYLE('',(#12317));
#12317 = FILL_AREA_STYLE_COLOUR('',#12072);
#12318 = STYLED_ITEM('color',(#12319),#8383);
#12319 = PRESENTATION_STYLE_ASSIGNMENT((#12320));
#12320 = SURFACE_STYLE_USAGE(.BOTH.,#12321);
#12321 = SURFACE_SIDE_STYLE('',(#12322));
#12322 = SURFACE_STYLE_FILL_AREA(#12323);
#12323 = FILL_AREA_STYLE('',(#12324));
#12324 = FILL_AREA_STYLE_COLOUR('',#12072);
#12325 = STYLED_ITEM('color',(#12326),#8430);
#12326 = PRESENTATION_STYLE_ASSIGNMENT((#12327));
#12327 = SURFACE_STYLE_USAGE(.BOTH.,#12328);
#12328 = SURFACE_SIDE_STYLE('',(#12329));
#12329 = SURFACE_STYLE_FILL_AREA(#12330);
#12330 = FILL_AREA_STYLE('',(#12331));
#12331 = FILL_AREA_STYLE_COLOUR('',#12072);
#12332 = STYLED_ITEM('color',(#12333),#8456);
#12333 = PRESENTATION_STYLE_ASSIGNMENT((#12334));
#12334 = SURFACE_STYLE_USAGE(.BOTH.,#12335);
#12335 = SURFACE_SIDE_STYLE('',(#12336));
#12336 = SURFACE_STYLE_FILL_AREA(#12337);
#12337 = FILL_AREA_STYLE('',(#12338));
#12338 = FILL_AREA_STYLE_COLOUR('',#12072);
#12339 = STYLED_ITEM('color',(#12340),#8473);
#12340 = PRESENTATION_STYLE_ASSIGNMENT((#12341));
#12341 = SURFACE_STYLE_USAGE(.BOTH.,#12342);
#12342 = SURFACE_SIDE_STYLE('',(#12343));
#12343 = SURFACE_STYLE_FILL_AREA(#12344);
#12344 = FILL_AREA_STYLE('',(#12345));
#12345 = FILL_AREA_STYLE_COLOUR('',#12072);
#12346 = STYLED_ITEM('color',(#12347),#8499);
#12347 = PRESENTATION_STYLE_ASSIGNMENT((#12348));
#12348 = SURFACE_STYLE_USAGE(.BOTH.,#12349);
#12349 = SURFACE_SIDE_STYLE('',(#12350));
#12350 = SURFACE_STYLE_FILL_AREA(#12351);
#12351 = FILL_AREA_STYLE('',(#12352));
#12352 = FILL_AREA_STYLE_COLOUR('',#12072);
#12353 = STYLED_ITEM('color',(#12354),#8532);
#12354 = PRESENTATION_STYLE_ASSIGNMENT((#12355));
#12355 = SURFACE_STYLE_USAGE(.BOTH.,#12356);
#12356 = SURFACE_SIDE_STYLE('',(#12357));
#12357 = SURFACE_STYLE_FILL_AREA(#12358);
#12358 = FILL_AREA_STYLE('',(#12359));
#12359 = FILL_AREA_STYLE_COLOUR('',#11917);
#12360 = STYLED_ITEM('color',(#12361),#8549);
#12361 = PRESENTATION_STYLE_ASSIGNMENT((#12362));
#12362 = SURFACE_STYLE_USAGE(.BOTH.,#12363);
#12363 = SURFACE_SIDE_STYLE('',(#12364));
#12364 = SURFACE_STYLE_FILL_AREA(#12365);
#12365 = FILL_AREA_STYLE('',(#12366));
#12366 = FILL_AREA_STYLE_COLOUR('',#11917);
#12367 = STYLED_ITEM('color',(#12368),#8566);
#12368 = PRESENTATION_STYLE_ASSIGNMENT((#12369));
#12369 = SURFACE_STYLE_USAGE(.BOTH.,#12370);
#12370 = SURFACE_SIDE_STYLE('',(#12371));
#12371 = SURFACE_STYLE_FILL_AREA(#12372);
#12372 = FILL_AREA_STYLE('',(#12373));
#12373 = FILL_AREA_STYLE_COLOUR('',#11917);
#12374 = STYLED_ITEM('color',(#12375),#8583);
#12375 = PRESENTATION_STYLE_ASSIGNMENT((#12376));
#12376 = SURFACE_STYLE_USAGE(.BOTH.,#12377);
#12377 = SURFACE_SIDE_STYLE('',(#12378));
#12378 = SURFACE_STYLE_FILL_AREA(#12379);
#12379 = FILL_AREA_STYLE('',(#12380));
#12380 = FILL_AREA_STYLE_COLOUR('',#11917);
#12381 = STYLED_ITEM('color',(#12382),#8600);
#12382 = PRESENTATION_STYLE_ASSIGNMENT((#12383));
#12383 = SURFACE_STYLE_USAGE(.BOTH.,#12384);
#12384 = SURFACE_SIDE_STYLE('',(#12385));
#12385 = SURFACE_STYLE_FILL_AREA(#12386);
#12386 = FILL_AREA_STYLE('',(#12387));
#12387 = FILL_AREA_STYLE_COLOUR('',#11917);
#12388 = STYLED_ITEM('color',(#12389),#8617);
#12389 = PRESENTATION_STYLE_ASSIGNMENT((#12390));
#12390 = SURFACE_STYLE_USAGE(.BOTH.,#12391);
#12391 = SURFACE_SIDE_STYLE('',(#12392));
#12392 = SURFACE_STYLE_FILL_AREA(#12393);
#12393 = FILL_AREA_STYLE('',(#12394));
#12394 = FILL_AREA_STYLE_COLOUR('',#11917);
#12395 = STYLED_ITEM('color',(#12396),#8634);
#12396 = PRESENTATION_STYLE_ASSIGNMENT((#12397));
#12397 = SURFACE_STYLE_USAGE(.BOTH.,#12398);
#12398 = SURFACE_SIDE_STYLE('',(#12399));
#12399 = SURFACE_STYLE_FILL_AREA(#12400);
#12400 = FILL_AREA_STYLE('',(#12401));
#12401 = FILL_AREA_STYLE_COLOUR('',#11917);
#12402 = STYLED_ITEM('color',(#12403),#8646);
#12403 = PRESENTATION_STYLE_ASSIGNMENT((#12404));
#12404 = SURFACE_STYLE_USAGE(.BOTH.,#12405);
#12405 = SURFACE_SIDE_STYLE('',(#12406));
#12406 = SURFACE_STYLE_FILL_AREA(#12407);
#12407 = FILL_AREA_STYLE('',(#12408));
#12408 = FILL_AREA_STYLE_COLOUR('',#12072);
#12409 = STYLED_ITEM('color',(#12410),#8677);
#12410 = PRESENTATION_STYLE_ASSIGNMENT((#12411));
#12411 = SURFACE_STYLE_USAGE(.BOTH.,#12412);
#12412 = SURFACE_SIDE_STYLE('',(#12413));
#12413 = SURFACE_STYLE_FILL_AREA(#12414);
#12414 = FILL_AREA_STYLE('',(#12415));
#12415 = FILL_AREA_STYLE_COLOUR('',#12072);
#12416 = STYLED_ITEM('color',(#12417),#8701);
#12417 = PRESENTATION_STYLE_ASSIGNMENT((#12418));
#12418 = SURFACE_STYLE_USAGE(.BOTH.,#12419);
#12419 = SURFACE_SIDE_STYLE('',(#12420));
#12420 = SURFACE_STYLE_FILL_AREA(#12421);
#12421 = FILL_AREA_STYLE('',(#12422));
#12422 = FILL_AREA_STYLE_COLOUR('',#12072);
#12423 = STYLED_ITEM('color',(#12424),#8725);
#12424 = PRESENTATION_STYLE_ASSIGNMENT((#12425));
#12425 = SURFACE_STYLE_USAGE(.BOTH.,#12426);
#12426 = SURFACE_SIDE_STYLE('',(#12427));
#12427 = SURFACE_STYLE_FILL_AREA(#12428);
#12428 = FILL_AREA_STYLE('',(#12429));
#12429 = FILL_AREA_STYLE_COLOUR('',#12072);
#12430 = STYLED_ITEM('color',(#12431),#8742);
#12431 = PRESENTATION_STYLE_ASSIGNMENT((#12432));
#12432 = SURFACE_STYLE_USAGE(.BOTH.,#12433);
#12433 = SURFACE_SIDE_STYLE('',(#12434));
#12434 = SURFACE_STYLE_FILL_AREA(#12435);
#12435 = FILL_AREA_STYLE('',(#12436));
#12436 = FILL_AREA_STYLE_COLOUR('',#12072);
#12437 = STYLED_ITEM('color',(#12438),#8773);
#12438 = PRESENTATION_STYLE_ASSIGNMENT((#12439));
#12439 = SURFACE_STYLE_USAGE(.BOTH.,#12440);
#12440 = SURFACE_SIDE_STYLE('',(#12441));
#12441 = SURFACE_STYLE_FILL_AREA(#12442);
#12442 = FILL_AREA_STYLE('',(#12443));
#12443 = FILL_AREA_STYLE_COLOUR('',#12072);
#12444 = STYLED_ITEM('color',(#12445),#8797);
#12445 = PRESENTATION_STYLE_ASSIGNMENT((#12446));
#12446 = SURFACE_STYLE_USAGE(.BOTH.,#12447);
#12447 = SURFACE_SIDE_STYLE('',(#12448));
#12448 = SURFACE_STYLE_FILL_AREA(#12449);
#12449 = FILL_AREA_STYLE('',(#12450));
#12450 = FILL_AREA_STYLE_COLOUR('',#12072);
#12451 = STYLED_ITEM('color',(#12452),#8821);
#12452 = PRESENTATION_STYLE_ASSIGNMENT((#12453));
#12453 = SURFACE_STYLE_USAGE(.BOTH.,#12454);
#12454 = SURFACE_SIDE_STYLE('',(#12455));
#12455 = SURFACE_STYLE_FILL_AREA(#12456);
#12456 = FILL_AREA_STYLE('',(#12457));
#12457 = FILL_AREA_STYLE_COLOUR('',#12072);
#12458 = STYLED_ITEM('color',(#12459),#8838);
#12459 = PRESENTATION_STYLE_ASSIGNMENT((#12460));
#12460 = SURFACE_STYLE_USAGE(.BOTH.,#12461);
#12461 = SURFACE_SIDE_STYLE('',(#12462));
#12462 = SURFACE_STYLE_FILL_AREA(#12463);
#12463 = FILL_AREA_STYLE('',(#12464));
#12464 = FILL_AREA_STYLE_COLOUR('',#12072);
#12465 = STYLED_ITEM('color',(#12466),#8869);
#12466 = PRESENTATION_STYLE_ASSIGNMENT((#12467));
#12467 = SURFACE_STYLE_USAGE(.BOTH.,#12468);
#12468 = SURFACE_SIDE_STYLE('',(#12469));
#12469 = SURFACE_STYLE_FILL_AREA(#12470);
#12470 = FILL_AREA_STYLE('',(#12471));
#12471 = FILL_AREA_STYLE_COLOUR('',#12072);
#12472 = STYLED_ITEM('color',(#12473),#8893);
#12473 = PRESENTATION_STYLE_ASSIGNMENT((#12474));
#12474 = SURFACE_STYLE_USAGE(.BOTH.,#12475);
#12475 = SURFACE_SIDE_STYLE('',(#12476));
#12476 = SURFACE_STYLE_FILL_AREA(#12477);
#12477 = FILL_AREA_STYLE('',(#12478));
#12478 = FILL_AREA_STYLE_COLOUR('',#12072);
#12479 = STYLED_ITEM('color',(#12480),#8917);
#12480 = PRESENTATION_STYLE_ASSIGNMENT((#12481));
#12481 = SURFACE_STYLE_USAGE(.BOTH.,#12482);
#12482 = SURFACE_SIDE_STYLE('',(#12483));
#12483 = SURFACE_STYLE_FILL_AREA(#12484);
#12484 = FILL_AREA_STYLE('',(#12485));
#12485 = FILL_AREA_STYLE_COLOUR('',#12072);
#12486 = STYLED_ITEM('color',(#12487),#8934);
#12487 = PRESENTATION_STYLE_ASSIGNMENT((#12488));
#12488 = SURFACE_STYLE_USAGE(.BOTH.,#12489);
#12489 = SURFACE_SIDE_STYLE('',(#12490));
#12490 = SURFACE_STYLE_FILL_AREA(#12491);
#12491 = FILL_AREA_STYLE('',(#12492));
#12492 = FILL_AREA_STYLE_COLOUR('',#12072);
#12493 = STYLED_ITEM('color',(#12494),#8951);
#12494 = PRESENTATION_STYLE_ASSIGNMENT((#12495));
#12495 = SURFACE_STYLE_USAGE(.BOTH.,#12496);
#12496 = SURFACE_SIDE_STYLE('',(#12497));
#12497 = SURFACE_STYLE_FILL_AREA(#12498);
#12498 = FILL_AREA_STYLE('',(#12499));
#12499 = FILL_AREA_STYLE_COLOUR('',#12072);
#12500 = STYLED_ITEM('color',(#12501),#8968);
#12501 = PRESENTATION_STYLE_ASSIGNMENT((#12502));
#12502 = SURFACE_STYLE_USAGE(.BOTH.,#12503);
#12503 = SURFACE_SIDE_STYLE('',(#12504));
#12504 = SURFACE_STYLE_FILL_AREA(#12505);
#12505 = FILL_AREA_STYLE('',(#12506));
#12506 = FILL_AREA_STYLE_COLOUR('',#12072);
#12507 = STYLED_ITEM('color',(#12508),#8980);
#12508 = PRESENTATION_STYLE_ASSIGNMENT((#12509));
#12509 = SURFACE_STYLE_USAGE(.BOTH.,#12510);
#12510 = SURFACE_SIDE_STYLE('',(#12511));
#12511 = SURFACE_STYLE_FILL_AREA(#12512);
#12512 = FILL_AREA_STYLE('',(#12513));
#12513 = FILL_AREA_STYLE_COLOUR('',#12072);
#12514 = STYLED_ITEM('color',(#12515),#8992);
#12515 = PRESENTATION_STYLE_ASSIGNMENT((#12516));
#12516 = SURFACE_STYLE_USAGE(.BOTH.,#12517);
#12517 = SURFACE_SIDE_STYLE('',(#12518));
#12518 = SURFACE_STYLE_FILL_AREA(#12519);
#12519 = FILL_AREA_STYLE('',(#12520));
#12520 = FILL_AREA_STYLE_COLOUR('',#12072);
#12521 = STYLED_ITEM('color',(#12522),#9009);
#12522 = PRESENTATION_STYLE_ASSIGNMENT((#12523));
#12523 = SURFACE_STYLE_USAGE(.BOTH.,#12524);
#12524 = SURFACE_SIDE_STYLE('',(#12525));
#12525 = SURFACE_STYLE_FILL_AREA(#12526);
#12526 = FILL_AREA_STYLE('',(#12527));
#12527 = FILL_AREA_STYLE_COLOUR('',#12072);
#12528 = STYLED_ITEM('color',(#12529),#9026);
#12529 = PRESENTATION_STYLE_ASSIGNMENT((#12530));
#12530 = SURFACE_STYLE_USAGE(.BOTH.,#12531);
#12531 = SURFACE_SIDE_STYLE('',(#12532));
#12532 = SURFACE_STYLE_FILL_AREA(#12533);
#12533 = FILL_AREA_STYLE('',(#12534));
#12534 = FILL_AREA_STYLE_COLOUR('',#12072);
#12535 = STYLED_ITEM('color',(#12536),#9038);
#12536 = PRESENTATION_STYLE_ASSIGNMENT((#12537));
#12537 = SURFACE_STYLE_USAGE(.BOTH.,#12538);
#12538 = SURFACE_SIDE_STYLE('',(#12539));
#12539 = SURFACE_STYLE_FILL_AREA(#12540);
#12540 = FILL_AREA_STYLE('',(#12541));
#12541 = FILL_AREA_STYLE_COLOUR('',#12072);
#12542 = STYLED_ITEM('color',(#12543),#9069);
#12543 = PRESENTATION_STYLE_ASSIGNMENT((#12544));
#12544 = SURFACE_STYLE_USAGE(.BOTH.,#12545);
#12545 = SURFACE_SIDE_STYLE('',(#12546));
#12546 = SURFACE_STYLE_FILL_AREA(#12547);
#12547 = FILL_AREA_STYLE('',(#12548));
#12548 = FILL_AREA_STYLE_COLOUR('',#12072);
#12549 = STYLED_ITEM('color',(#12550),#9093);
#12550 = PRESENTATION_STYLE_ASSIGNMENT((#12551));
#12551 = SURFACE_STYLE_USAGE(.BOTH.,#12552);
#12552 = SURFACE_SIDE_STYLE('',(#12553));
#12553 = SURFACE_STYLE_FILL_AREA(#12554);
#12554 = FILL_AREA_STYLE('',(#12555));
#12555 = FILL_AREA_STYLE_COLOUR('',#12072);
#12556 = STYLED_ITEM('color',(#12557),#9117);
#12557 = PRESENTATION_STYLE_ASSIGNMENT((#12558));
#12558 = SURFACE_STYLE_USAGE(.BOTH.,#12559);
#12559 = SURFACE_SIDE_STYLE('',(#12560));
#12560 = SURFACE_STYLE_FILL_AREA(#12561);
#12561 = FILL_AREA_STYLE('',(#12562));
#12562 = FILL_AREA_STYLE_COLOUR('',#12072);
#12563 = STYLED_ITEM('color',(#12564),#9134);
#12564 = PRESENTATION_STYLE_ASSIGNMENT((#12565));
#12565 = SURFACE_STYLE_USAGE(.BOTH.,#12566);
#12566 = SURFACE_SIDE_STYLE('',(#12567));
#12567 = SURFACE_STYLE_FILL_AREA(#12568);
#12568 = FILL_AREA_STYLE('',(#12569));
#12569 = FILL_AREA_STYLE_COLOUR('',#12072);
#12570 = STYLED_ITEM('color',(#12571),#9165);
#12571 = PRESENTATION_STYLE_ASSIGNMENT((#12572));
#12572 = SURFACE_STYLE_USAGE(.BOTH.,#12573);
#12573 = SURFACE_SIDE_STYLE('',(#12574));
#12574 = SURFACE_STYLE_FILL_AREA(#12575);
#12575 = FILL_AREA_STYLE('',(#12576));
#12576 = FILL_AREA_STYLE_COLOUR('',#12072);
#12577 = STYLED_ITEM('color',(#12578),#9189);
#12578 = PRESENTATION_STYLE_ASSIGNMENT((#12579));
#12579 = SURFACE_STYLE_USAGE(.BOTH.,#12580);
#12580 = SURFACE_SIDE_STYLE('',(#12581));
#12581 = SURFACE_STYLE_FILL_AREA(#12582);
#12582 = FILL_AREA_STYLE('',(#12583));
#12583 = FILL_AREA_STYLE_COLOUR('',#12072);
#12584 = STYLED_ITEM('color',(#12585),#9213);
#12585 = PRESENTATION_STYLE_ASSIGNMENT((#12586));
#12586 = SURFACE_STYLE_USAGE(.BOTH.,#12587);
#12587 = SURFACE_SIDE_STYLE('',(#12588));
#12588 = SURFACE_STYLE_FILL_AREA(#12589);
#12589 = FILL_AREA_STYLE('',(#12590));
#12590 = FILL_AREA_STYLE_COLOUR('',#12072);
#12591 = STYLED_ITEM('color',(#12592),#9230);
#12592 = PRESENTATION_STYLE_ASSIGNMENT((#12593));
#12593 = SURFACE_STYLE_USAGE(.BOTH.,#12594);
#12594 = SURFACE_SIDE_STYLE('',(#12595));
#12595 = SURFACE_STYLE_FILL_AREA(#12596);
#12596 = FILL_AREA_STYLE('',(#12597));
#12597 = FILL_AREA_STYLE_COLOUR('',#12072);
#12598 = STYLED_ITEM('color',(#12599),#9261);
#12599 = PRESENTATION_STYLE_ASSIGNMENT((#12600));
#12600 = SURFACE_STYLE_USAGE(.BOTH.,#12601);
#12601 = SURFACE_SIDE_STYLE('',(#12602));
#12602 = SURFACE_STYLE_FILL_AREA(#12603);
#12603 = FILL_AREA_STYLE('',(#12604));
#12604 = FILL_AREA_STYLE_COLOUR('',#12072);
#12605 = STYLED_ITEM('color',(#12606),#9285);
#12606 = PRESENTATION_STYLE_ASSIGNMENT((#12607));
#12607 = SURFACE_STYLE_USAGE(.BOTH.,#12608);
#12608 = SURFACE_SIDE_STYLE('',(#12609));
#12609 = SURFACE_STYLE_FILL_AREA(#12610);
#12610 = FILL_AREA_STYLE('',(#12611));
#12611 = FILL_AREA_STYLE_COLOUR('',#12072);
#12612 = STYLED_ITEM('color',(#12613),#9309);
#12613 = PRESENTATION_STYLE_ASSIGNMENT((#12614));
#12614 = SURFACE_STYLE_USAGE(.BOTH.,#12615);
#12615 = SURFACE_SIDE_STYLE('',(#12616));
#12616 = SURFACE_STYLE_FILL_AREA(#12617);
#12617 = FILL_AREA_STYLE('',(#12618));
#12618 = FILL_AREA_STYLE_COLOUR('',#12072);
#12619 = STYLED_ITEM('color',(#12620),#9326);
#12620 = PRESENTATION_STYLE_ASSIGNMENT((#12621));
#12621 = SURFACE_STYLE_USAGE(.BOTH.,#12622);
#12622 = SURFACE_SIDE_STYLE('',(#12623));
#12623 = SURFACE_STYLE_FILL_AREA(#12624);
#12624 = FILL_AREA_STYLE('',(#12625));
#12625 = FILL_AREA_STYLE_COLOUR('',#12072);
#12626 = STYLED_ITEM('color',(#12627),#9338);
#12627 = PRESENTATION_STYLE_ASSIGNMENT((#12628));
#12628 = SURFACE_STYLE_USAGE(.BOTH.,#12629);
#12629 = SURFACE_SIDE_STYLE('',(#12630));
#12630 = SURFACE_STYLE_FILL_AREA(#12631);
#12631 = FILL_AREA_STYLE('',(#12632));
#12632 = FILL_AREA_STYLE_COLOUR('',#12072);
#12633 = STYLED_ITEM('color',(#12634),#9350);
#12634 = PRESENTATION_STYLE_ASSIGNMENT((#12635));
#12635 = SURFACE_STYLE_USAGE(.BOTH.,#12636);
#12636 = SURFACE_SIDE_STYLE('',(#12637));
#12637 = SURFACE_STYLE_FILL_AREA(#12638);
#12638 = FILL_AREA_STYLE('',(#12639));
#12639 = FILL_AREA_STYLE_COLOUR('',#12072);
#12640 = MECHANICAL_DESIGN_GEOMETRIC_PRESENTATION_REPRESENTATION('',(
    #12641),#11164);
#12641 = STYLED_ITEM('color',(#12642),#10289);
#12642 = PRESENTATION_STYLE_ASSIGNMENT((#12643));
#12643 = SURFACE_STYLE_USAGE(.BOTH.,#12644);
#12644 = SURFACE_SIDE_STYLE('',(#12645));
#12645 = SURFACE_STYLE_FILL_AREA(#12646);
#12646 = FILL_AREA_STYLE('',(#12647));
#12647 = FILL_AREA_STYLE_COLOUR('',#12648);
#12648 = COLOUR_RGB('',0.313304153717,0.484529207832,0.410020903123);
#12649 = MECHANICAL_DESIGN_GEOMETRIC_PRESENTATION_REPRESENTATION('',(
    #12650,#12657,#12664,#12671,#12678,#12685,#12692,#12699,#12706,
    #12713,#12720,#12727,#12734,#12741,#12748,#12755,#12762,#12769,
    #12776,#12783,#12790,#12797,#12804,#12811,#12818,#12825,#12832,
    #12839),#2554);
#12650 = STYLED_ITEM('color',(#12651),#1702);
#12651 = PRESENTATION_STYLE_ASSIGNMENT((#12652));
#12652 = SURFACE_STYLE_USAGE(.BOTH.,#12653);
#12653 = SURFACE_SIDE_STYLE('',(#12654));
#12654 = SURFACE_STYLE_FILL_AREA(#12655);
#12655 = FILL_AREA_STYLE('',(#12656));
#12656 = FILL_AREA_STYLE_COLOUR('',#11718);
#12657 = STYLED_ITEM('color',(#12658),#1778);
#12658 = PRESENTATION_STYLE_ASSIGNMENT((#12659));
#12659 = SURFACE_STYLE_USAGE(.BOTH.,#12660);
#12660 = SURFACE_SIDE_STYLE('',(#12661));
#12661 = SURFACE_STYLE_FILL_AREA(#12662);
#12662 = FILL_AREA_STYLE('',(#12663));
#12663 = FILL_AREA_STYLE_COLOUR('',#11718);
#12664 = STYLED_ITEM('color',(#12665),#1809);
#12665 = PRESENTATION_STYLE_ASSIGNMENT((#12666));
#12666 = SURFACE_STYLE_USAGE(.BOTH.,#12667);
#12667 = SURFACE_SIDE_STYLE('',(#12668));
#12668 = SURFACE_STYLE_FILL_AREA(#12669);
#12669 = FILL_AREA_STYLE('',(#12670));
#12670 = FILL_AREA_STYLE_COLOUR('',#11718);
#12671 = STYLED_ITEM('color',(#12672),#1834);
#12672 = PRESENTATION_STYLE_ASSIGNMENT((#12673));
#12673 = SURFACE_STYLE_USAGE(.BOTH.,#12674);
#12674 = SURFACE_SIDE_STYLE('',(#12675));
#12675 = SURFACE_STYLE_FILL_AREA(#12676);
#12676 = FILL_AREA_STYLE('',(#12677));
#12677 = FILL_AREA_STYLE_COLOUR('',#11718);
#12678 = STYLED_ITEM('color',(#12679),#1859);
#12679 = PRESENTATION_STYLE_ASSIGNMENT((#12680));
#12680 = SURFACE_STYLE_USAGE(.BOTH.,#12681);
#12681 = SURFACE_SIDE_STYLE('',(#12682));
#12682 = SURFACE_STYLE_FILL_AREA(#12683);
#12683 = FILL_AREA_STYLE('',(#12684));
#12684 = FILL_AREA_STYLE_COLOUR('',#11718);
#12685 = STYLED_ITEM('color',(#12686),#1883);
#12686 = PRESENTATION_STYLE_ASSIGNMENT((#12687));
#12687 = SURFACE_STYLE_USAGE(.BOTH.,#12688);
#12688 = SURFACE_SIDE_STYLE('',(#12689));
#12689 = SURFACE_STYLE_FILL_AREA(#12690);
#12690 = FILL_AREA_STYLE('',(#12691));
#12691 = FILL_AREA_STYLE_COLOUR('',#11718);
#12692 = STYLED_ITEM('color',(#12693),#1907);
#12693 = PRESENTATION_STYLE_ASSIGNMENT((#12694));
#12694 = SURFACE_STYLE_USAGE(.BOTH.,#12695);
#12695 = SURFACE_SIDE_STYLE('',(#12696));
#12696 = SURFACE_STYLE_FILL_AREA(#12697);
#12697 = FILL_AREA_STYLE('',(#12698));
#12698 = FILL_AREA_STYLE_COLOUR('',#11718);
#12699 = STYLED_ITEM('color',(#12700),#1932);
#12700 = PRESENTATION_STYLE_ASSIGNMENT((#12701));
#12701 = SURFACE_STYLE_USAGE(.BOTH.,#12702);
#12702 = SURFACE_SIDE_STYLE('',(#12703));
#12703 = SURFACE_STYLE_FILL_AREA(#12704);
#12704 = FILL_AREA_STYLE('',(#12705));
#12705 = FILL_AREA_STYLE_COLOUR('',#11718);
#12706 = STYLED_ITEM('color',(#12707),#1957);
#12707 = PRESENTATION_STYLE_ASSIGNMENT((#12708));
#12708 = SURFACE_STYLE_USAGE(.BOTH.,#12709);
#12709 = SURFACE_SIDE_STYLE('',(#12710));
#12710 = SURFACE_STYLE_FILL_AREA(#12711);
#12711 = FILL_AREA_STYLE('',(#12712));
#12712 = FILL_AREA_STYLE_COLOUR('',#11718);
#12713 = STYLED_ITEM('color',(#12714),#1974);
#12714 = PRESENTATION_STYLE_ASSIGNMENT((#12715));
#12715 = SURFACE_STYLE_USAGE(.BOTH.,#12716);
#12716 = SURFACE_SIDE_STYLE('',(#12717));
#12717 = SURFACE_STYLE_FILL_AREA(#12718);
#12718 = FILL_AREA_STYLE('',(#12719));
#12719 = FILL_AREA_STYLE_COLOUR('',#11718);
#12720 = STYLED_ITEM('color',(#12721),#2060);
#12721 = PRESENTATION_STYLE_ASSIGNMENT((#12722));
#12722 = SURFACE_STYLE_USAGE(.BOTH.,#12723);
#12723 = SURFACE_SIDE_STYLE('',(#12724));
#12724 = SURFACE_STYLE_FILL_AREA(#12725);
#12725 = FILL_AREA_STYLE('',(#12726));
#12726 = FILL_AREA_STYLE_COLOUR('',#11789);
#12727 = STYLED_ITEM('color',(#12728),#2092);
#12728 = PRESENTATION_STYLE_ASSIGNMENT((#12729));
#12729 = SURFACE_STYLE_USAGE(.BOTH.,#12730);
#12730 = SURFACE_SIDE_STYLE('',(#12731));
#12731 = SURFACE_STYLE_FILL_AREA(#12732);
#12732 = FILL_AREA_STYLE('',(#12733));
#12733 = FILL_AREA_STYLE_COLOUR('',#11789);
#12734 = STYLED_ITEM('color',(#12735),#2116);
#12735 = PRESENTATION_STYLE_ASSIGNMENT((#12736));
#12736 = SURFACE_STYLE_USAGE(.BOTH.,#12737);
#12737 = SURFACE_SIDE_STYLE('',(#12738));
#12738 = SURFACE_STYLE_FILL_AREA(#12739);
#12739 = FILL_AREA_STYLE('',(#12740));
#12740 = FILL_AREA_STYLE_COLOUR('',#11789);
#12741 = STYLED_ITEM('color',(#12742),#2141);
#12742 = PRESENTATION_STYLE_ASSIGNMENT((#12743));
#12743 = SURFACE_STYLE_USAGE(.BOTH.,#12744);
#12744 = SURFACE_SIDE_STYLE('',(#12745));
#12745 = SURFACE_STYLE_FILL_AREA(#12746);
#12746 = FILL_AREA_STYLE('',(#12747));
#12747 = FILL_AREA_STYLE_COLOUR('',#11789);
#12748 = STYLED_ITEM('color',(#12749),#2165);
#12749 = PRESENTATION_STYLE_ASSIGNMENT((#12750));
#12750 = SURFACE_STYLE_USAGE(.BOTH.,#12751);
#12751 = SURFACE_SIDE_STYLE('',(#12752));
#12752 = SURFACE_STYLE_FILL_AREA(#12753);
#12753 = FILL_AREA_STYLE('',(#12754));
#12754 = FILL_AREA_STYLE_COLOUR('',#11789);
#12755 = STYLED_ITEM('color',(#12756),#2190);
#12756 = PRESENTATION_STYLE_ASSIGNMENT((#12757));
#12757 = SURFACE_STYLE_USAGE(.BOTH.,#12758);
#12758 = SURFACE_SIDE_STYLE('',(#12759));
#12759 = SURFACE_STYLE_FILL_AREA(#12760);
#12760 = FILL_AREA_STYLE('',(#12761));
#12761 = FILL_AREA_STYLE_COLOUR('',#11789);
#12762 = STYLED_ITEM('color',(#12763),#2214);
#12763 = PRESENTATION_STYLE_ASSIGNMENT((#12764));
#12764 = SURFACE_STYLE_USAGE(.BOTH.,#12765);
#12765 = SURFACE_SIDE_STYLE('',(#12766));
#12766 = SURFACE_STYLE_FILL_AREA(#12767);
#12767 = FILL_AREA_STYLE('',(#12768));
#12768 = FILL_AREA_STYLE_COLOUR('',#11789);
#12769 = STYLED_ITEM('color',(#12770),#2239);
#12770 = PRESENTATION_STYLE_ASSIGNMENT((#12771));
#12771 = SURFACE_STYLE_USAGE(.BOTH.,#12772);
#12772 = SURFACE_SIDE_STYLE('',(#12773));
#12773 = SURFACE_STYLE_FILL_AREA(#12774);
#12774 = FILL_AREA_STYLE('',(#12775));
#12775 = FILL_AREA_STYLE_COLOUR('',#11789);
#12776 = STYLED_ITEM('color',(#12777),#2256);
#12777 = PRESENTATION_STYLE_ASSIGNMENT((#12778));
#12778 = SURFACE_STYLE_USAGE(.BOTH.,#12779);
#12779 = SURFACE_SIDE_STYLE('',(#12780));
#12780 = SURFACE_STYLE_FILL_AREA(#12781);
#12781 = FILL_AREA_STYLE('',(#12782));
#12782 = FILL_AREA_STYLE_COLOUR('',#11718);
#12783 = STYLED_ITEM('color',(#12784),#2342);
#12784 = PRESENTATION_STYLE_ASSIGNMENT((#12785));
#12785 = SURFACE_STYLE_USAGE(.BOTH.,#12786);
#12786 = SURFACE_SIDE_STYLE('',(#12787));
#12787 = SURFACE_STYLE_FILL_AREA(#12788);
#12788 = FILL_AREA_STYLE('',(#12789));
#12789 = FILL_AREA_STYLE_COLOUR('',#11718);
#12790 = STYLED_ITEM('color',(#12791),#2373);
#12791 = PRESENTATION_STYLE_ASSIGNMENT((#12792));
#12792 = SURFACE_STYLE_USAGE(.BOTH.,#12793);
#12793 = SURFACE_SIDE_STYLE('',(#12794));
#12794 = SURFACE_STYLE_FILL_AREA(#12795);
#12795 = FILL_AREA_STYLE('',(#12796));
#12796 = FILL_AREA_STYLE_COLOUR('',#11718);
#12797 = STYLED_ITEM('color',(#12798),#2398);
#12798 = PRESENTATION_STYLE_ASSIGNMENT((#12799));
#12799 = SURFACE_STYLE_USAGE(.BOTH.,#12800);
#12800 = SURFACE_SIDE_STYLE('',(#12801));
#12801 = SURFACE_STYLE_FILL_AREA(#12802);
#12802 = FILL_AREA_STYLE('',(#12803));
#12803 = FILL_AREA_STYLE_COLOUR('',#11718);
#12804 = STYLED_ITEM('color',(#12805),#2423);
#12805 = PRESENTATION_STYLE_ASSIGNMENT((#12806));
#12806 = SURFACE_STYLE_USAGE(.BOTH.,#12807);
#12807 = SURFACE_SIDE_STYLE('',(#12808));
#12808 = SURFACE_STYLE_FILL_AREA(#12809);
#12809 = FILL_AREA_STYLE('',(#12810));
#12810 = FILL_AREA_STYLE_COLOUR('',#11718);
#12811 = STYLED_ITEM('color',(#12812),#2447);
#12812 = PRESENTATION_STYLE_ASSIGNMENT((#12813));
#12813 = SURFACE_STYLE_USAGE(.BOTH.,#12814);
#12814 = SURFACE_SIDE_STYLE('',(#12815));
#12815 = SURFACE_STYLE_FILL_AREA(#12816);
#12816 = FILL_AREA_STYLE('',(#12817));
#12817 = FILL_AREA_STYLE_COLOUR('',#11718);
#12818 = STYLED_ITEM('color',(#12819),#2471);
#12819 = PRESENTATION_STYLE_ASSIGNMENT((#12820));
#12820 = SURFACE_STYLE_USAGE(.BOTH.,#12821);
#12821 = SURFACE_SIDE_STYLE('',(#12822));
#12822 = SURFACE_STYLE_FILL_AREA(#12823);
#12823 = FILL_AREA_STYLE('',(#12824));
#12824 = FILL_AREA_STYLE_COLOUR('',#11718);
#12825 = STYLED_ITEM('color',(#12826),#2496);
#12826 = PRESENTATION_STYLE_ASSIGNMENT((#12827));
#12827 = SURFACE_STYLE_USAGE(.BOTH.,#12828);
#12828 = SURFACE_SIDE_STYLE('',(#12829));
#12829 = SURFACE_STYLE_FILL_AREA(#12830);
#12830 = FILL_AREA_STYLE('',(#12831));
#12831 = FILL_AREA_STYLE_COLOUR('',#11718);
#12832 = STYLED_ITEM('color',(#12833),#2521);
#12833 = PRESENTATION_STYLE_ASSIGNMENT((#12834));
#12834 = SURFACE_STYLE_USAGE(.BOTH.,#12835);
#12835 = SURFACE_SIDE_STYLE('',(#12836));
#12836 = SURFACE_STYLE_FILL_AREA(#12837);
#12837 = FILL_AREA_STYLE('',(#12838));
#12838 = FILL_AREA_STYLE_COLOUR('',#11718);
#12839 = STYLED_ITEM('color',(#12840),#2538);
#12840 = PRESENTATION_STYLE_ASSIGNMENT((#12841));
#12841 = SURFACE_STYLE_USAGE(.BOTH.,#12842);
#12842 = SURFACE_SIDE_STYLE('',(#12843));
#12843 = SURFACE_STYLE_FILL_AREA(#12844);
#12844 = FILL_AREA_STYLE('',(#12845));
#12845 = FILL_AREA_STYLE_COLOUR('',#11718);
#12846 = MECHANICAL_DESIGN_GEOMETRIC_PRESENTATION_REPRESENTATION('',(
    #12847,#12854,#12861,#12868,#12875,#12882,#12889,#12896,#12904,
    #12911,#12918,#12925,#12932,#12939,#12947,#12954,#12961,#12968,
    #12975,#12982,#12989,#12996,#13003,#13010,#13017,#13024),#899);
#12847 = STYLED_ITEM('color',(#12848),#111);
#12848 = PRESENTATION_STYLE_ASSIGNMENT((#12849));
#12849 = SURFACE_STYLE_USAGE(.BOTH.,#12850);
#12850 = SURFACE_SIDE_STYLE('',(#12851));
#12851 = SURFACE_STYLE_FILL_AREA(#12852);
#12852 = FILL_AREA_STYLE('',(#12853));
#12853 = FILL_AREA_STYLE_COLOUR('',#11718);
#12854 = STYLED_ITEM('color',(#12855),#151);
#12855 = PRESENTATION_STYLE_ASSIGNMENT((#12856));
#12856 = SURFACE_STYLE_USAGE(.BOTH.,#12857);
#12857 = SURFACE_SIDE_STYLE('',(#12858));
#12858 = SURFACE_STYLE_FILL_AREA(#12859);
#12859 = FILL_AREA_STYLE('',(#12860));
#12860 = FILL_AREA_STYLE_COLOUR('',#11718);
#12861 = STYLED_ITEM('color',(#12862),#234);
#12862 = PRESENTATION_STYLE_ASSIGNMENT((#12863));
#12863 = SURFACE_STYLE_USAGE(.BOTH.,#12864);
#12864 = SURFACE_SIDE_STYLE('',(#12865));
#12865 = SURFACE_STYLE_FILL_AREA(#12866);
#12866 = FILL_AREA_STYLE('',(#12867));
#12867 = FILL_AREA_STYLE_COLOUR('',#11718);
#12868 = STYLED_ITEM('color',(#12869),#259);
#12869 = PRESENTATION_STYLE_ASSIGNMENT((#12870));
#12870 = SURFACE_STYLE_USAGE(.BOTH.,#12871);
#12871 = SURFACE_SIDE_STYLE('',(#12872));
#12872 = SURFACE_STYLE_FILL_AREA(#12873);
#12873 = FILL_AREA_STYLE('',(#12874));
#12874 = FILL_AREA_STYLE_COLOUR('',#11718);
#12875 = STYLED_ITEM('color',(#12876),#284);
#12876 = PRESENTATION_STYLE_ASSIGNMENT((#12877));
#12877 = SURFACE_STYLE_USAGE(.BOTH.,#12878);
#12878 = SURFACE_SIDE_STYLE('',(#12879));
#12879 = SURFACE_STYLE_FILL_AREA(#12880);
#12880 = FILL_AREA_STYLE('',(#12881));
#12881 = FILL_AREA_STYLE_COLOUR('',#11718);
#12882 = STYLED_ITEM('color',(#12883),#351);
#12883 = PRESENTATION_STYLE_ASSIGNMENT((#12884));
#12884 = SURFACE_STYLE_USAGE(.BOTH.,#12885);
#12885 = SURFACE_SIDE_STYLE('',(#12886));
#12886 = SURFACE_STYLE_FILL_AREA(#12887);
#12887 = FILL_AREA_STYLE('',(#12888));
#12888 = FILL_AREA_STYLE_COLOUR('',#11718);
#12889 = STYLED_ITEM('color',(#12890),#368);
#12890 = PRESENTATION_STYLE_ASSIGNMENT((#12891));
#12891 = SURFACE_STYLE_USAGE(.BOTH.,#12892);
#12892 = SURFACE_SIDE_STYLE('',(#12893));
#12893 = SURFACE_STYLE_FILL_AREA(#12894);
#12894 = FILL_AREA_STYLE('',(#12895));
#12895 = FILL_AREA_STYLE_COLOUR('',#11718);
#12896 = STYLED_ITEM('color',(#12897),#385);
#12897 = PRESENTATION_STYLE_ASSIGNMENT((#12898));
#12898 = SURFACE_STYLE_USAGE(.BOTH.,#12899);
#12899 = SURFACE_SIDE_STYLE('',(#12900));
#12900 = SURFACE_STYLE_FILL_AREA(#12901);
#12901 = FILL_AREA_STYLE('',(#12902));
#12902 = FILL_AREA_STYLE_COLOUR('',#12903);
#12903 = COLOUR_RGB('',0.894999966383,0.890999961016,0.813000030345);
#12904 = STYLED_ITEM('color',(#12905),#434);
#12905 = PRESENTATION_STYLE_ASSIGNMENT((#12906));
#12906 = SURFACE_STYLE_USAGE(.BOTH.,#12907);
#12907 = SURFACE_SIDE_STYLE('',(#12908));
#12908 = SURFACE_STYLE_FILL_AREA(#12909);
#12909 = FILL_AREA_STYLE('',(#12910));
#12910 = FILL_AREA_STYLE_COLOUR('',#11718);
#12911 = STYLED_ITEM('color',(#12912),#451);
#12912 = PRESENTATION_STYLE_ASSIGNMENT((#12913));
#12913 = SURFACE_STYLE_USAGE(.BOTH.,#12914);
#12914 = SURFACE_SIDE_STYLE('',(#12915));
#12915 = SURFACE_STYLE_FILL_AREA(#12916);
#12916 = FILL_AREA_STYLE('',(#12917));
#12917 = FILL_AREA_STYLE_COLOUR('',#11718);
#12918 = STYLED_ITEM('color',(#12919),#468);
#12919 = PRESENTATION_STYLE_ASSIGNMENT((#12920));
#12920 = SURFACE_STYLE_USAGE(.BOTH.,#12921);
#12921 = SURFACE_SIDE_STYLE('',(#12922));
#12922 = SURFACE_STYLE_FILL_AREA(#12923);
#12923 = FILL_AREA_STYLE('',(#12924));
#12924 = FILL_AREA_STYLE_COLOUR('',#12903);
#12925 = STYLED_ITEM('color',(#12926),#517);
#12926 = PRESENTATION_STYLE_ASSIGNMENT((#12927));
#12927 = SURFACE_STYLE_USAGE(.BOTH.,#12928);
#12928 = SURFACE_SIDE_STYLE('',(#12929));
#12929 = SURFACE_STYLE_FILL_AREA(#12930);
#12930 = FILL_AREA_STYLE('',(#12931));
#12931 = FILL_AREA_STYLE_COLOUR('',#12903);
#12932 = STYLED_ITEM('color',(#12933),#534);
#12933 = PRESENTATION_STYLE_ASSIGNMENT((#12934));
#12934 = SURFACE_STYLE_USAGE(.BOTH.,#12935);
#12935 = SURFACE_SIDE_STYLE('',(#12936));
#12936 = SURFACE_STYLE_FILL_AREA(#12937);
#12937 = FILL_AREA_STYLE('',(#12938));
#12938 = FILL_AREA_STYLE_COLOUR('',#11718);
#12939 = STYLED_ITEM('color',(#12940),#603);
#12940 = PRESENTATION_STYLE_ASSIGNMENT((#12941));
#12941 = SURFACE_STYLE_USAGE(.BOTH.,#12942);
#12942 = SURFACE_SIDE_STYLE('',(#12943));
#12943 = SURFACE_STYLE_FILL_AREA(#12944);
#12944 = FILL_AREA_STYLE('',(#12945));
#12945 = FILL_AREA_STYLE_COLOUR('',#12946);
#12946 = COLOUR_RGB('',8.200000279077E-02,8.600000121357E-02,
  9.399999706163E-02);
#12947 = STYLED_ITEM('color',(#12948),#634);
#12948 = PRESENTATION_STYLE_ASSIGNMENT((#12949));
#12949 = SURFACE_STYLE_USAGE(.BOTH.,#12950);
#12950 = SURFACE_SIDE_STYLE('',(#12951));
#12951 = SURFACE_STYLE_FILL_AREA(#12952);
#12952 = FILL_AREA_STYLE('',(#12953));
#12953 = FILL_AREA_STYLE_COLOUR('',#12946);
#12954 = STYLED_ITEM('color',(#12955),#658);
#12955 = PRESENTATION_STYLE_ASSIGNMENT((#12956));
#12956 = SURFACE_STYLE_USAGE(.BOTH.,#12957);
#12957 = SURFACE_SIDE_STYLE('',(#12958));
#12958 = SURFACE_STYLE_FILL_AREA(#12959);
#12959 = FILL_AREA_STYLE('',(#12960));
#12960 = FILL_AREA_STYLE_COLOUR('',#11718);
#12961 = STYLED_ITEM('color',(#12962),#727);
#12962 = PRESENTATION_STYLE_ASSIGNMENT((#12963));
#12963 = SURFACE_STYLE_USAGE(.BOTH.,#12964);
#12964 = SURFACE_SIDE_STYLE('',(#12965));
#12965 = SURFACE_STYLE_FILL_AREA(#12966);
#12966 = FILL_AREA_STYLE('',(#12967));
#12967 = FILL_AREA_STYLE_COLOUR('',#12946);
#12968 = STYLED_ITEM('color',(#12969),#751);
#12969 = PRESENTATION_STYLE_ASSIGNMENT((#12970));
#12970 = SURFACE_STYLE_USAGE(.BOTH.,#12971);
#12971 = SURFACE_SIDE_STYLE('',(#12972));
#12972 = SURFACE_STYLE_FILL_AREA(#12973);
#12973 = FILL_AREA_STYLE('',(#12974));
#12974 = FILL_AREA_STYLE_COLOUR('',#11718);
#12975 = STYLED_ITEM('color',(#12976),#768);
#12976 = PRESENTATION_STYLE_ASSIGNMENT((#12977));
#12977 = SURFACE_STYLE_USAGE(.BOTH.,#12978);
#12978 = SURFACE_SIDE_STYLE('',(#12979));
#12979 = SURFACE_STYLE_FILL_AREA(#12980);
#12980 = FILL_AREA_STYLE('',(#12981));
#12981 = FILL_AREA_STYLE_COLOUR('',#11718);
#12982 = STYLED_ITEM('color',(#12983),#785);
#12983 = PRESENTATION_STYLE_ASSIGNMENT((#12984));
#12984 = SURFACE_STYLE_USAGE(.BOTH.,#12985);
#12985 = SURFACE_SIDE_STYLE('',(#12986));
#12986 = SURFACE_STYLE_FILL_AREA(#12987);
#12987 = FILL_AREA_STYLE('',(#12988));
#12988 = FILL_AREA_STYLE_COLOUR('',#11718);
#12989 = STYLED_ITEM('color',(#12990),#802);
#12990 = PRESENTATION_STYLE_ASSIGNMENT((#12991));
#12991 = SURFACE_STYLE_USAGE(.BOTH.,#12992);
#12992 = SURFACE_SIDE_STYLE('',(#12993));
#12993 = SURFACE_STYLE_FILL_AREA(#12994);
#12994 = FILL_AREA_STYLE('',(#12995));
#12995 = FILL_AREA_STYLE_COLOUR('',#11718);
#12996 = STYLED_ITEM('color',(#12997),#819);
#12997 = PRESENTATION_STYLE_ASSIGNMENT((#12998));
#12998 = SURFACE_STYLE_USAGE(.BOTH.,#12999);
#12999 = SURFACE_SIDE_STYLE('',(#13000));
#13000 = SURFACE_STYLE_FILL_AREA(#13001);
#13001 = FILL_AREA_STYLE('',(#13002));
#13002 = FILL_AREA_STYLE_COLOUR('',#11718);
#13003 = STYLED_ITEM('color',(#13004),#836);
#13004 = PRESENTATION_STYLE_ASSIGNMENT((#13005));
#13005 = SURFACE_STYLE_USAGE(.BOTH.,#13006);
#13006 = SURFACE_SIDE_STYLE('',(#13007));
#13007 = SURFACE_STYLE_FILL_AREA(#13008);
#13008 = FILL_AREA_STYLE('',(#13009));
#13009 = FILL_AREA_STYLE_COLOUR('',#11718);
#13010 = STYLED_ITEM('color',(#13011),#853);
#13011 = PRESENTATION_STYLE_ASSIGNMENT((#13012));
#13012 = SURFACE_STYLE_USAGE(.BOTH.,#13013);
#13013 = SURFACE_SIDE_STYLE('',(#13014));
#13014 = SURFACE_STYLE_FILL_AREA(#13015);
#13015 = FILL_AREA_STYLE('',(#13016));
#13016 = FILL_AREA_STYLE_COLOUR('',#11718);
#13017 = STYLED_ITEM('color',(#13018),#870);
#13018 = PRESENTATION_STYLE_ASSIGNMENT((#13019));
#13019 = SURFACE_STYLE_USAGE(.BOTH.,#13020);
#13020 = SURFACE_SIDE_STYLE('',(#13021));
#13021 = SURFACE_STYLE_FILL_AREA(#13022);
#13022 = FILL_AREA_STYLE('',(#13023));
#13023 = FILL_AREA_STYLE_COLOUR('',#12946);
#13024 = STYLED_ITEM('color',(#13025),#887);
#13025 = PRESENTATION_STYLE_ASSIGNMENT((#13026));
#13026 = SURFACE_STYLE_USAGE(.BOTH.,#13027);
#13027 = SURFACE_SIDE_STYLE('',(#13028));
#13028 = SURFACE_STYLE_FILL_AREA(#13029);
#13029 = FILL_AREA_STYLE('',(#13030));
#13030 = FILL_AREA_STYLE_COLOUR('',#12946);
#13031 = MECHANICAL_DESIGN_GEOMETRIC_PRESENTATION_REPRESENTATION('',(
    #13032,#13039,#13046,#13053,#13060,#13067,#13074,#13081,#13088,
    #13095,#13102,#13109,#13116,#13123,#13130,#13137,#13144,#13151,
    #13158,#13165,#13172,#13179,#13186,#13193,#13200,#13207,#13214,
    #13221,#13228,#13235,#13242,#13249,#13256,#13263,#13270,#13277,
    #13285,#13292,#13299,#13306,#13313,#13320,#13327,#13334,#13341,
    #13348,#13355,#13362,#13369,#13376),#4101);
#13032 = STYLED_ITEM('color',(#13033),#2580);
#13033 = PRESENTATION_STYLE_ASSIGNMENT((#13034));
#13034 = SURFACE_STYLE_USAGE(.BOTH.,#13035);
#13035 = SURFACE_SIDE_STYLE('',(#13036));
#13036 = SURFACE_STYLE_FILL_AREA(#13037);
#13037 = FILL_AREA_STYLE('',(#13038));
#13038 = FILL_AREA_STYLE_COLOUR('',#12903);
#13039 = STYLED_ITEM('color',(#13040),#2620);
#13040 = PRESENTATION_STYLE_ASSIGNMENT((#13041));
#13041 = SURFACE_STYLE_USAGE(.BOTH.,#13042);
#13042 = SURFACE_SIDE_STYLE('',(#13043));
#13043 = SURFACE_STYLE_FILL_AREA(#13044);
#13044 = FILL_AREA_STYLE('',(#13045));
#13045 = FILL_AREA_STYLE_COLOUR('',#12903);
#13046 = STYLED_ITEM('color',(#13047),#2667);
#13047 = PRESENTATION_STYLE_ASSIGNMENT((#13048));
#13048 = SURFACE_STYLE_USAGE(.BOTH.,#13049);
#13049 = SURFACE_SIDE_STYLE('',(#13050));
#13050 = SURFACE_STYLE_FILL_AREA(#13051);
#13051 = FILL_AREA_STYLE('',(#13052));
#13052 = FILL_AREA_STYLE_COLOUR('',#12903);
#13053 = STYLED_ITEM('color',(#13054),#2746);
#13054 = PRESENTATION_STYLE_ASSIGNMENT((#13055));
#13055 = SURFACE_STYLE_USAGE(.BOTH.,#13056);
#13056 = SURFACE_SIDE_STYLE('',(#13057));
#13057 = SURFACE_STYLE_FILL_AREA(#13058);
#13058 = FILL_AREA_STYLE('',(#13059));
#13059 = FILL_AREA_STYLE_COLOUR('',#12903);
#13060 = STYLED_ITEM('color',(#13061),#2770);
#13061 = PRESENTATION_STYLE_ASSIGNMENT((#13062));
#13062 = SURFACE_STYLE_USAGE(.BOTH.,#13063);
#13063 = SURFACE_SIDE_STYLE('',(#13064));
#13064 = SURFACE_STYLE_FILL_AREA(#13065);
#13065 = FILL_AREA_STYLE('',(#13066));
#13066 = FILL_AREA_STYLE_COLOUR('',#12903);
#13067 = STYLED_ITEM('color',(#13068),#2810);
#13068 = PRESENTATION_STYLE_ASSIGNMENT((#13069));
#13069 = SURFACE_STYLE_USAGE(.BOTH.,#13070);
#13070 = SURFACE_SIDE_STYLE('',(#13071));
#13071 = SURFACE_STYLE_FILL_AREA(#13072);
#13072 = FILL_AREA_STYLE('',(#13073));
#13073 = FILL_AREA_STYLE_COLOUR('',#12903);
#13074 = STYLED_ITEM('color',(#13075),#2841);
#13075 = PRESENTATION_STYLE_ASSIGNMENT((#13076));
#13076 = SURFACE_STYLE_USAGE(.BOTH.,#13077);
#13077 = SURFACE_SIDE_STYLE('',(#13078));
#13078 = SURFACE_STYLE_FILL_AREA(#13079);
#13079 = FILL_AREA_STYLE('',(#13080));
#13080 = FILL_AREA_STYLE_COLOUR('',#12903);
#13081 = STYLED_ITEM('color',(#13082),#2858);
#13082 = PRESENTATION_STYLE_ASSIGNMENT((#13083));
#13083 = SURFACE_STYLE_USAGE(.BOTH.,#13084);
#13084 = SURFACE_SIDE_STYLE('',(#13085));
#13085 = SURFACE_STYLE_FILL_AREA(#13086);
#13086 = FILL_AREA_STYLE('',(#13087));
#13087 = FILL_AREA_STYLE_COLOUR('',#11338);
#13088 = STYLED_ITEM('color',(#13089),#2891);
#13089 = PRESENTATION_STYLE_ASSIGNMENT((#13090));
#13090 = SURFACE_STYLE_USAGE(.BOTH.,#13091);
#13091 = SURFACE_SIDE_STYLE('',(#13092));
#13092 = SURFACE_STYLE_FILL_AREA(#13093);
#13093 = FILL_AREA_STYLE('',(#13094));
#13094 = FILL_AREA_STYLE_COLOUR('',#12903);
#13095 = STYLED_ITEM('color',(#13096),#2915);
#13096 = PRESENTATION_STYLE_ASSIGNMENT((#13097));
#13097 = SURFACE_STYLE_USAGE(.BOTH.,#13098);
#13098 = SURFACE_SIDE_STYLE('',(#13099));
#13099 = SURFACE_STYLE_FILL_AREA(#13100);
#13100 = FILL_AREA_STYLE('',(#13101));
#13101 = FILL_AREA_STYLE_COLOUR('',#11338);
#13102 = STYLED_ITEM('color',(#13103),#2982);
#13103 = PRESENTATION_STYLE_ASSIGNMENT((#13104));
#13104 = SURFACE_STYLE_USAGE(.BOTH.,#13105);
#13105 = SURFACE_SIDE_STYLE('',(#13106));
#13106 = SURFACE_STYLE_FILL_AREA(#13107);
#13107 = FILL_AREA_STYLE('',(#13108));
#13108 = FILL_AREA_STYLE_COLOUR('',#12903);
#13109 = STYLED_ITEM('color',(#13110),#3103);
#13110 = PRESENTATION_STYLE_ASSIGNMENT((#13111));
#13111 = SURFACE_STYLE_USAGE(.BOTH.,#13112);
#13112 = SURFACE_SIDE_STYLE('',(#13113));
#13113 = SURFACE_STYLE_FILL_AREA(#13114);
#13114 = FILL_AREA_STYLE('',(#13115));
#13115 = FILL_AREA_STYLE_COLOUR('',#11338);
#13116 = STYLED_ITEM('color',(#13117),#3170);
#13117 = PRESENTATION_STYLE_ASSIGNMENT((#13118));
#13118 = SURFACE_STYLE_USAGE(.BOTH.,#13119);
#13119 = SURFACE_SIDE_STYLE('',(#13120));
#13120 = SURFACE_STYLE_FILL_AREA(#13121);
#13121 = FILL_AREA_STYLE('',(#13122));
#13122 = FILL_AREA_STYLE_COLOUR('',#12903);
#13123 = STYLED_ITEM('color',(#13124),#3194);
#13124 = PRESENTATION_STYLE_ASSIGNMENT((#13125));
#13125 = SURFACE_STYLE_USAGE(.BOTH.,#13126);
#13126 = SURFACE_SIDE_STYLE('',(#13127));
#13127 = SURFACE_STYLE_FILL_AREA(#13128);
#13128 = FILL_AREA_STYLE('',(#13129));
#13129 = FILL_AREA_STYLE_COLOUR('',#12903);
#13130 = STYLED_ITEM('color',(#13131),#3225);
#13131 = PRESENTATION_STYLE_ASSIGNMENT((#13132));
#13132 = SURFACE_STYLE_USAGE(.BOTH.,#13133);
#13133 = SURFACE_SIDE_STYLE('',(#13134));
#13134 = SURFACE_STYLE_FILL_AREA(#13135);
#13135 = FILL_AREA_STYLE('',(#13136));
#13136 = FILL_AREA_STYLE_COLOUR('',#11338);
#13137 = STYLED_ITEM('color',(#13138),#3258);
#13138 = PRESENTATION_STYLE_ASSIGNMENT((#13139));
#13139 = SURFACE_STYLE_USAGE(.BOTH.,#13140);
#13140 = SURFACE_SIDE_STYLE('',(#13141));
#13141 = SURFACE_STYLE_FILL_AREA(#13142);
#13142 = FILL_AREA_STYLE('',(#13143));
#13143 = FILL_AREA_STYLE_COLOUR('',#12903);
#13144 = STYLED_ITEM('color',(#13145),#3314);
#13145 = PRESENTATION_STYLE_ASSIGNMENT((#13146));
#13146 = SURFACE_STYLE_USAGE(.BOTH.,#13147);
#13147 = SURFACE_SIDE_STYLE('',(#13148));
#13148 = SURFACE_STYLE_FILL_AREA(#13149);
#13149 = FILL_AREA_STYLE('',(#13150));
#13150 = FILL_AREA_STYLE_COLOUR('',#11338);
#13151 = STYLED_ITEM('color',(#13152),#3338);
#13152 = PRESENTATION_STYLE_ASSIGNMENT((#13153));
#13153 = SURFACE_STYLE_USAGE(.BOTH.,#13154);
#13154 = SURFACE_SIDE_STYLE('',(#13155));
#13155 = SURFACE_STYLE_FILL_AREA(#13156);
#13156 = FILL_AREA_STYLE('',(#13157));
#13157 = FILL_AREA_STYLE_COLOUR('',#11338);
#13158 = STYLED_ITEM('color',(#13159),#3362);
#13159 = PRESENTATION_STYLE_ASSIGNMENT((#13160));
#13160 = SURFACE_STYLE_USAGE(.BOTH.,#13161);
#13161 = SURFACE_SIDE_STYLE('',(#13162));
#13162 = SURFACE_STYLE_FILL_AREA(#13163);
#13163 = FILL_AREA_STYLE('',(#13164));
#13164 = FILL_AREA_STYLE_COLOUR('',#11338);
#13165 = STYLED_ITEM('color',(#13166),#3386);
#13166 = PRESENTATION_STYLE_ASSIGNMENT((#13167));
#13167 = SURFACE_STYLE_USAGE(.BOTH.,#13168);
#13168 = SURFACE_SIDE_STYLE('',(#13169));
#13169 = SURFACE_STYLE_FILL_AREA(#13170);
#13170 = FILL_AREA_STYLE('',(#13171));
#13171 = FILL_AREA_STYLE_COLOUR('',#11338);
#13172 = STYLED_ITEM('color',(#13173),#3419);
#13173 = PRESENTATION_STYLE_ASSIGNMENT((#13174));
#13174 = SURFACE_STYLE_USAGE(.BOTH.,#13175);
#13175 = SURFACE_SIDE_STYLE('',(#13176));
#13176 = SURFACE_STYLE_FILL_AREA(#13177);
#13177 = FILL_AREA_STYLE('',(#13178));
#13178 = FILL_AREA_STYLE_COLOUR('',#11338);
#13179 = STYLED_ITEM('color',(#13180),#3431);
#13180 = PRESENTATION_STYLE_ASSIGNMENT((#13181));
#13181 = SURFACE_STYLE_USAGE(.BOTH.,#13182);
#13182 = SURFACE_SIDE_STYLE('',(#13183));
#13183 = SURFACE_STYLE_FILL_AREA(#13184);
#13184 = FILL_AREA_STYLE('',(#13185));
#13185 = FILL_AREA_STYLE_COLOUR('',#11338);
#13186 = STYLED_ITEM('color',(#13187),#3494);
#13187 = PRESENTATION_STYLE_ASSIGNMENT((#13188));
#13188 = SURFACE_STYLE_USAGE(.BOTH.,#13189);
#13189 = SURFACE_SIDE_STYLE('',(#13190));
#13190 = SURFACE_STYLE_FILL_AREA(#13191);
#13191 = FILL_AREA_STYLE('',(#13192));
#13192 = FILL_AREA_STYLE_COLOUR('',#11338);
#13193 = STYLED_ITEM('color',(#13194),#3519);
#13194 = PRESENTATION_STYLE_ASSIGNMENT((#13195));
#13195 = SURFACE_STYLE_USAGE(.BOTH.,#13196);
#13196 = SURFACE_SIDE_STYLE('',(#13197));
#13197 = SURFACE_STYLE_FILL_AREA(#13198);
#13198 = FILL_AREA_STYLE('',(#13199));
#13199 = FILL_AREA_STYLE_COLOUR('',#11338);
#13200 = STYLED_ITEM('color',(#13201),#3536);
#13201 = PRESENTATION_STYLE_ASSIGNMENT((#13202));
#13202 = SURFACE_STYLE_USAGE(.BOTH.,#13203);
#13203 = SURFACE_SIDE_STYLE('',(#13204));
#13204 = SURFACE_STYLE_FILL_AREA(#13205);
#13205 = FILL_AREA_STYLE('',(#13206));
#13206 = FILL_AREA_STYLE_COLOUR('',#11338);
#13207 = STYLED_ITEM('color',(#13208),#3560);
#13208 = PRESENTATION_STYLE_ASSIGNMENT((#13209));
#13209 = SURFACE_STYLE_USAGE(.BOTH.,#13210);
#13210 = SURFACE_SIDE_STYLE('',(#13211));
#13211 = SURFACE_STYLE_FILL_AREA(#13212);
#13212 = FILL_AREA_STYLE('',(#13213));
#13213 = FILL_AREA_STYLE_COLOUR('',#11338);
#13214 = STYLED_ITEM('color',(#13215),#3578);
#13215 = PRESENTATION_STYLE_ASSIGNMENT((#13216));
#13216 = SURFACE_STYLE_USAGE(.BOTH.,#13217);
#13217 = SURFACE_SIDE_STYLE('',(#13218));
#13218 = SURFACE_STYLE_FILL_AREA(#13219);
#13219 = FILL_AREA_STYLE('',(#13220));
#13220 = FILL_AREA_STYLE_COLOUR('',#11338);
#13221 = STYLED_ITEM('color',(#13222),#3596);
#13222 = PRESENTATION_STYLE_ASSIGNMENT((#13223));
#13223 = SURFACE_STYLE_USAGE(.BOTH.,#13224);
#13224 = SURFACE_SIDE_STYLE('',(#13225));
#13225 = SURFACE_STYLE_FILL_AREA(#13226);
#13226 = FILL_AREA_STYLE('',(#13227));
#13227 = FILL_AREA_STYLE_COLOUR('',#11338);
#13228 = STYLED_ITEM('color',(#13229),#3614);
#13229 = PRESENTATION_STYLE_ASSIGNMENT((#13230));
#13230 = SURFACE_STYLE_USAGE(.BOTH.,#13231);
#13231 = SURFACE_SIDE_STYLE('',(#13232));
#13232 = SURFACE_STYLE_FILL_AREA(#13233);
#13233 = FILL_AREA_STYLE('',(#13234));
#13234 = FILL_AREA_STYLE_COLOUR('',#11338);
#13235 = STYLED_ITEM('color',(#13236),#3631);
#13236 = PRESENTATION_STYLE_ASSIGNMENT((#13237));
#13237 = SURFACE_STYLE_USAGE(.BOTH.,#13238);
#13238 = SURFACE_SIDE_STYLE('',(#13239));
#13239 = SURFACE_STYLE_FILL_AREA(#13240);
#13240 = FILL_AREA_STYLE('',(#13241));
#13241 = FILL_AREA_STYLE_COLOUR('',#11338);
#13242 = STYLED_ITEM('color',(#13243),#3648);
#13243 = PRESENTATION_STYLE_ASSIGNMENT((#13244));
#13244 = SURFACE_STYLE_USAGE(.BOTH.,#13245);
#13245 = SURFACE_SIDE_STYLE('',(#13246));
#13246 = SURFACE_STYLE_FILL_AREA(#13247);
#13247 = FILL_AREA_STYLE('',(#13248));
#13248 = FILL_AREA_STYLE_COLOUR('',#11338);
#13249 = STYLED_ITEM('color',(#13250),#3679);
#13250 = PRESENTATION_STYLE_ASSIGNMENT((#13251));
#13251 = SURFACE_STYLE_USAGE(.BOTH.,#13252);
#13252 = SURFACE_SIDE_STYLE('',(#13253));
#13253 = SURFACE_STYLE_FILL_AREA(#13254);
#13254 = FILL_AREA_STYLE('',(#13255));
#13255 = FILL_AREA_STYLE_COLOUR('',#11338);
#13256 = STYLED_ITEM('color',(#13257),#3704);
#13257 = PRESENTATION_STYLE_ASSIGNMENT((#13258));
#13258 = SURFACE_STYLE_USAGE(.BOTH.,#13259);
#13259 = SURFACE_SIDE_STYLE('',(#13260));
#13260 = SURFACE_STYLE_FILL_AREA(#13261);
#13261 = FILL_AREA_STYLE('',(#13262));
#13262 = FILL_AREA_STYLE_COLOUR('',#11338);
#13263 = STYLED_ITEM('color',(#13264),#3729);
#13264 = PRESENTATION_STYLE_ASSIGNMENT((#13265));
#13265 = SURFACE_STYLE_USAGE(.BOTH.,#13266);
#13266 = SURFACE_SIDE_STYLE('',(#13267));
#13267 = SURFACE_STYLE_FILL_AREA(#13268);
#13268 = FILL_AREA_STYLE('',(#13269));
#13269 = FILL_AREA_STYLE_COLOUR('',#11338);
#13270 = STYLED_ITEM('color',(#13271),#3753);
#13271 = PRESENTATION_STYLE_ASSIGNMENT((#13272));
#13272 = SURFACE_STYLE_USAGE(.BOTH.,#13273);
#13273 = SURFACE_SIDE_STYLE('',(#13274));
#13274 = SURFACE_STYLE_FILL_AREA(#13275);
#13275 = FILL_AREA_STYLE('',(#13276));
#13276 = FILL_AREA_STYLE_COLOUR('',#11338);
#13277 = STYLED_ITEM('color',(#13278),#3770);
#13278 = PRESENTATION_STYLE_ASSIGNMENT((#13279));
#13279 = SURFACE_STYLE_USAGE(.BOTH.,#13280);
#13280 = SURFACE_SIDE_STYLE('',(#13281));
#13281 = SURFACE_STYLE_FILL_AREA(#13282);
#13282 = FILL_AREA_STYLE('',(#13283));
#13283 = FILL_AREA_STYLE_COLOUR('',#13284);
#13284 = COLOUR_RGB('',0.340000006699,0.68000001254,0.444999988852);
#13285 = STYLED_ITEM('color',(#13286),#3801);
#13286 = PRESENTATION_STYLE_ASSIGNMENT((#13287));
#13287 = SURFACE_STYLE_USAGE(.BOTH.,#13288);
#13288 = SURFACE_SIDE_STYLE('',(#13289));
#13289 = SURFACE_STYLE_FILL_AREA(#13290);
#13290 = FILL_AREA_STYLE('',(#13291));
#13291 = FILL_AREA_STYLE_COLOUR('',#13284);
#13292 = STYLED_ITEM('color',(#13293),#3825);
#13293 = PRESENTATION_STYLE_ASSIGNMENT((#13294));
#13294 = SURFACE_STYLE_USAGE(.BOTH.,#13295);
#13295 = SURFACE_SIDE_STYLE('',(#13296));
#13296 = SURFACE_STYLE_FILL_AREA(#13297);
#13297 = FILL_AREA_STYLE('',(#13298));
#13298 = FILL_AREA_STYLE_COLOUR('',#13284);
#13299 = STYLED_ITEM('color',(#13300),#3842);
#13300 = PRESENTATION_STYLE_ASSIGNMENT((#13301));
#13301 = SURFACE_STYLE_USAGE(.BOTH.,#13302);
#13302 = SURFACE_SIDE_STYLE('',(#13303));
#13303 = SURFACE_STYLE_FILL_AREA(#13304);
#13304 = FILL_AREA_STYLE('',(#13305));
#13305 = FILL_AREA_STYLE_COLOUR('',#11338);
#13306 = STYLED_ITEM('color',(#13307),#3870);
#13307 = PRESENTATION_STYLE_ASSIGNMENT((#13308));
#13308 = SURFACE_STYLE_USAGE(.BOTH.,#13309);
#13309 = SURFACE_SIDE_STYLE('',(#13310));
#13310 = SURFACE_STYLE_FILL_AREA(#13311);
#13311 = FILL_AREA_STYLE('',(#13312));
#13312 = FILL_AREA_STYLE_COLOUR('',#11338);
#13313 = STYLED_ITEM('color',(#13314),#3895);
#13314 = PRESENTATION_STYLE_ASSIGNMENT((#13315));
#13315 = SURFACE_STYLE_USAGE(.BOTH.,#13316);
#13316 = SURFACE_SIDE_STYLE('',(#13317));
#13317 = SURFACE_STYLE_FILL_AREA(#13318);
#13318 = FILL_AREA_STYLE('',(#13319));
#13319 = FILL_AREA_STYLE_COLOUR('',#11338);
#13320 = STYLED_ITEM('color',(#13321),#3919);
#13321 = PRESENTATION_STYLE_ASSIGNMENT((#13322));
#13322 = SURFACE_STYLE_USAGE(.BOTH.,#13323);
#13323 = SURFACE_SIDE_STYLE('',(#13324));
#13324 = SURFACE_STYLE_FILL_AREA(#13325);
#13325 = FILL_AREA_STYLE('',(#13326));
#13326 = FILL_AREA_STYLE_COLOUR('',#11338);
#13327 = STYLED_ITEM('color',(#13328),#3944);
#13328 = PRESENTATION_STYLE_ASSIGNMENT((#13329));
#13329 = SURFACE_STYLE_USAGE(.BOTH.,#13330);
#13330 = SURFACE_SIDE_STYLE('',(#13331));
#13331 = SURFACE_STYLE_FILL_AREA(#13332);
#13332 = FILL_AREA_STYLE('',(#13333));
#13333 = FILL_AREA_STYLE_COLOUR('',#11338);
#13334 = STYLED_ITEM('color',(#13335),#3991);
#13335 = PRESENTATION_STYLE_ASSIGNMENT((#13336));
#13336 = SURFACE_STYLE_USAGE(.BOTH.,#13337);
#13337 = SURFACE_SIDE_STYLE('',(#13338));
#13338 = SURFACE_STYLE_FILL_AREA(#13339);
#13339 = FILL_AREA_STYLE('',(#13340));
#13340 = FILL_AREA_STYLE_COLOUR('',#11338);
#13341 = STYLED_ITEM('color',(#13342),#4008);
#13342 = PRESENTATION_STYLE_ASSIGNMENT((#13343));
#13343 = SURFACE_STYLE_USAGE(.BOTH.,#13344);
#13344 = SURFACE_SIDE_STYLE('',(#13345));
#13345 = SURFACE_STYLE_FILL_AREA(#13346);
#13346 = FILL_AREA_STYLE('',(#13347));
#13347 = FILL_AREA_STYLE_COLOUR('',#11338);
#13348 = STYLED_ITEM('color',(#13349),#4020);
#13349 = PRESENTATION_STYLE_ASSIGNMENT((#13350));
#13350 = SURFACE_STYLE_USAGE(.BOTH.,#13351);
#13351 = SURFACE_SIDE_STYLE('',(#13352));
#13352 = SURFACE_STYLE_FILL_AREA(#13353);
#13353 = FILL_AREA_STYLE('',(#13354));
#13354 = FILL_AREA_STYLE_COLOUR('',#11338);
#13355 = STYLED_ITEM('color',(#13356),#4042);
#13356 = PRESENTATION_STYLE_ASSIGNMENT((#13357));
#13357 = SURFACE_STYLE_USAGE(.BOTH.,#13358);
#13358 = SURFACE_SIDE_STYLE('',(#13359));
#13359 = SURFACE_STYLE_FILL_AREA(#13360);
#13360 = FILL_AREA_STYLE('',(#13361));
#13361 = FILL_AREA_STYLE_COLOUR('',#11338);
#13362 = STYLED_ITEM('color',(#13363),#4054);
#13363 = PRESENTATION_STYLE_ASSIGNMENT((#13364));
#13364 = SURFACE_STYLE_USAGE(.BOTH.,#13365);
#13365 = SURFACE_SIDE_STYLE('',(#13366));
#13366 = SURFACE_STYLE_FILL_AREA(#13367);
#13367 = FILL_AREA_STYLE('',(#13368));
#13368 = FILL_AREA_STYLE_COLOUR('',#11338);
#13369 = STYLED_ITEM('color',(#13370),#4072);
#13370 = PRESENTATION_STYLE_ASSIGNMENT((#13371));
#13371 = SURFACE_STYLE_USAGE(.BOTH.,#13372);
#13372 = SURFACE_SIDE_STYLE('',(#13373));
#13373 = SURFACE_STYLE_FILL_AREA(#13374);
#13374 = FILL_AREA_STYLE('',(#13375));
#13375 = FILL_AREA_STYLE_COLOUR('',#11338);
#13376 = STYLED_ITEM('color',(#13377),#4090);
#13377 = PRESENTATION_STYLE_ASSIGNMENT((#13378));
#13378 = SURFACE_STYLE_USAGE(.BOTH.,#13379);
#13379 = SURFACE_SIDE_STYLE('',(#13380));
#13380 = SURFACE_STYLE_FILL_AREA(#13381);
#13381 = FILL_AREA_STYLE('',(#13382));
#13382 = FILL_AREA_STYLE_COLOUR('',#13284);
#13383 = MECHANICAL_DESIGN_GEOMETRIC_PRESENTATION_REPRESENTATION('',(
    #13384,#13391,#13398,#13405,#13412,#13419,#13426,#13433,#13440,
    #13447,#13454,#13461,#13468,#13475,#13482,#13489,#13496,#13503,
    #13510,#13517,#13524,#13531,#13538,#13545,#13552,#13559,#13566,
    #13573),#1676);
#13384 = STYLED_ITEM('color',(#13385),#920);
#13385 = PRESENTATION_STYLE_ASSIGNMENT((#13386));
#13386 = SURFACE_STYLE_USAGE(.BOTH.,#13387);
#13387 = SURFACE_SIDE_STYLE('',(#13388));
#13388 = SURFACE_STYLE_FILL_AREA(#13389);
#13389 = FILL_AREA_STYLE('',(#13390));
#13390 = FILL_AREA_STYLE_COLOUR('',#11183);
#13391 = STYLED_ITEM('color',(#13392),#960);
#13392 = PRESENTATION_STYLE_ASSIGNMENT((#13393));
#13393 = SURFACE_STYLE_USAGE(.BOTH.,#13394);
#13394 = SURFACE_SIDE_STYLE('',(#13395));
#13395 = SURFACE_STYLE_FILL_AREA(#13396);
#13396 = FILL_AREA_STYLE('',(#13397));
#13397 = FILL_AREA_STYLE_COLOUR('',#11183);
#13398 = STYLED_ITEM('color',(#13399),#991);
#13399 = PRESENTATION_STYLE_ASSIGNMENT((#13400));
#13400 = SURFACE_STYLE_USAGE(.BOTH.,#13401);
#13401 = SURFACE_SIDE_STYLE('',(#13402));
#13402 = SURFACE_STYLE_FILL_AREA(#13403);
#13403 = FILL_AREA_STYLE('',(#13404));
#13404 = FILL_AREA_STYLE_COLOUR('',#11183);
#13405 = STYLED_ITEM('color',(#13406),#1022);
#13406 = PRESENTATION_STYLE_ASSIGNMENT((#13407));
#13407 = SURFACE_STYLE_USAGE(.BOTH.,#13408);
#13408 = SURFACE_SIDE_STYLE('',(#13409));
#13409 = SURFACE_STYLE_FILL_AREA(#13410);
#13410 = FILL_AREA_STYLE('',(#13411));
#13411 = FILL_AREA_STYLE_COLOUR('',#11183);
#13412 = STYLED_ITEM('color',(#13413),#1105);
#13413 = PRESENTATION_STYLE_ASSIGNMENT((#13414));
#13414 = SURFACE_STYLE_USAGE(.BOTH.,#13415);
#13415 = SURFACE_SIDE_STYLE('',(#13416));
#13416 = SURFACE_STYLE_FILL_AREA(#13417);
#13417 = FILL_AREA_STYLE('',(#13418));
#13418 = FILL_AREA_STYLE_COLOUR('',#11183);
#13419 = STYLED_ITEM('color',(#13420),#1188);
#13420 = PRESENTATION_STYLE_ASSIGNMENT((#13421));
#13421 = SURFACE_STYLE_USAGE(.BOTH.,#13422);
#13422 = SURFACE_SIDE_STYLE('',(#13423));
#13423 = SURFACE_STYLE_FILL_AREA(#13424);
#13424 = FILL_AREA_STYLE('',(#13425));
#13425 = FILL_AREA_STYLE_COLOUR('',#11183);
#13426 = STYLED_ITEM('color',(#13427),#1205);
#13427 = PRESENTATION_STYLE_ASSIGNMENT((#13428));
#13428 = SURFACE_STYLE_USAGE(.BOTH.,#13429);
#13429 = SURFACE_SIDE_STYLE('',(#13430));
#13430 = SURFACE_STYLE_FILL_AREA(#13431);
#13431 = FILL_AREA_STYLE('',(#13432));
#13432 = FILL_AREA_STYLE_COLOUR('',#11183);
#13433 = STYLED_ITEM('color',(#13434),#1222);
#13434 = PRESENTATION_STYLE_ASSIGNMENT((#13435));
#13435 = SURFACE_STYLE_USAGE(.BOTH.,#13436);
#13436 = SURFACE_SIDE_STYLE('',(#13437));
#13437 = SURFACE_STYLE_FILL_AREA(#13438);
#13438 = FILL_AREA_STYLE('',(#13439));
#13439 = FILL_AREA_STYLE_COLOUR('',#11183);
#13440 = STYLED_ITEM('color',(#13441),#1239);
#13441 = PRESENTATION_STYLE_ASSIGNMENT((#13442));
#13442 = SURFACE_STYLE_USAGE(.BOTH.,#13443);
#13443 = SURFACE_SIDE_STYLE('',(#13444));
#13444 = SURFACE_STYLE_FILL_AREA(#13445);
#13445 = FILL_AREA_STYLE('',(#13446));
#13446 = FILL_AREA_STYLE_COLOUR('',#11183);
#13447 = STYLED_ITEM('color',(#13448),#1256);
#13448 = PRESENTATION_STYLE_ASSIGNMENT((#13449));
#13449 = SURFACE_STYLE_USAGE(.BOTH.,#13450);
#13450 = SURFACE_SIDE_STYLE('',(#13451));
#13451 = SURFACE_STYLE_FILL_AREA(#13452);
#13452 = FILL_AREA_STYLE('',(#13453));
#13453 = FILL_AREA_STYLE_COLOUR('',#11183);
#13454 = STYLED_ITEM('color',(#13455),#1268);
#13455 = PRESENTATION_STYLE_ASSIGNMENT((#13456));
#13456 = SURFACE_STYLE_USAGE(.BOTH.,#13457);
#13457 = SURFACE_SIDE_STYLE('',(#13458));
#13458 = SURFACE_STYLE_FILL_AREA(#13459);
#13459 = FILL_AREA_STYLE('',(#13460));
#13460 = FILL_AREA_STYLE_COLOUR('',#11338);
#13461 = STYLED_ITEM('color',(#13462),#1299);
#13462 = PRESENTATION_STYLE_ASSIGNMENT((#13463));
#13463 = SURFACE_STYLE_USAGE(.BOTH.,#13464);
#13464 = SURFACE_SIDE_STYLE('',(#13465));
#13465 = SURFACE_STYLE_FILL_AREA(#13466);
#13466 = FILL_AREA_STYLE('',(#13467));
#13467 = FILL_AREA_STYLE_COLOUR('',#11338);
#13468 = STYLED_ITEM('color',(#13469),#1323);
#13469 = PRESENTATION_STYLE_ASSIGNMENT((#13470));
#13470 = SURFACE_STYLE_USAGE(.BOTH.,#13471);
#13471 = SURFACE_SIDE_STYLE('',(#13472));
#13472 = SURFACE_STYLE_FILL_AREA(#13473);
#13473 = FILL_AREA_STYLE('',(#13474));
#13474 = FILL_AREA_STYLE_COLOUR('',#11338);
#13475 = STYLED_ITEM('color',(#13476),#1347);
#13476 = PRESENTATION_STYLE_ASSIGNMENT((#13477));
#13477 = SURFACE_STYLE_USAGE(.BOTH.,#13478);
#13478 = SURFACE_SIDE_STYLE('',(#13479));
#13479 = SURFACE_STYLE_FILL_AREA(#13480);
#13480 = FILL_AREA_STYLE('',(#13481));
#13481 = FILL_AREA_STYLE_COLOUR('',#11338);
#13482 = STYLED_ITEM('color',(#13483),#1364);
#13483 = PRESENTATION_STYLE_ASSIGNMENT((#13484));
#13484 = SURFACE_STYLE_USAGE(.BOTH.,#13485);
#13485 = SURFACE_SIDE_STYLE('',(#13486));
#13486 = SURFACE_STYLE_FILL_AREA(#13487);
#13487 = FILL_AREA_STYLE('',(#13488));
#13488 = FILL_AREA_STYLE_COLOUR('',#11338);
#13489 = STYLED_ITEM('color',(#13490),#1395);
#13490 = PRESENTATION_STYLE_ASSIGNMENT((#13491));
#13491 = SURFACE_STYLE_USAGE(.BOTH.,#13492);
#13492 = SURFACE_SIDE_STYLE('',(#13493));
#13493 = SURFACE_STYLE_FILL_AREA(#13494);
#13494 = FILL_AREA_STYLE('',(#13495));
#13495 = FILL_AREA_STYLE_COLOUR('',#11338);
#13496 = STYLED_ITEM('color',(#13497),#1419);
#13497 = PRESENTATION_STYLE_ASSIGNMENT((#13498));
#13498 = SURFACE_STYLE_USAGE(.BOTH.,#13499);
#13499 = SURFACE_SIDE_STYLE('',(#13500));
#13500 = SURFACE_STYLE_FILL_AREA(#13501);
#13501 = FILL_AREA_STYLE('',(#13502));
#13502 = FILL_AREA_STYLE_COLOUR('',#11338);
#13503 = STYLED_ITEM('color',(#13504),#1443);
#13504 = PRESENTATION_STYLE_ASSIGNMENT((#13505));
#13505 = SURFACE_STYLE_USAGE(.BOTH.,#13506);
#13506 = SURFACE_SIDE_STYLE('',(#13507));
#13507 = SURFACE_STYLE_FILL_AREA(#13508);
#13508 = FILL_AREA_STYLE('',(#13509));
#13509 = FILL_AREA_STYLE_COLOUR('',#11338);
#13510 = STYLED_ITEM('color',(#13511),#1460);
#13511 = PRESENTATION_STYLE_ASSIGNMENT((#13512));
#13512 = SURFACE_STYLE_USAGE(.BOTH.,#13513);
#13513 = SURFACE_SIDE_STYLE('',(#13514));
#13514 = SURFACE_STYLE_FILL_AREA(#13515);
#13515 = FILL_AREA_STYLE('',(#13516));
#13516 = FILL_AREA_STYLE_COLOUR('',#11338);
#13517 = STYLED_ITEM('color',(#13518),#1491);
#13518 = PRESENTATION_STYLE_ASSIGNMENT((#13519));
#13519 = SURFACE_STYLE_USAGE(.BOTH.,#13520);
#13520 = SURFACE_SIDE_STYLE('',(#13521));
#13521 = SURFACE_STYLE_FILL_AREA(#13522);
#13522 = FILL_AREA_STYLE('',(#13523));
#13523 = FILL_AREA_STYLE_COLOUR('',#11338);
#13524 = STYLED_ITEM('color',(#13525),#1515);
#13525 = PRESENTATION_STYLE_ASSIGNMENT((#13526));
#13526 = SURFACE_STYLE_USAGE(.BOTH.,#13527);
#13527 = SURFACE_SIDE_STYLE('',(#13528));
#13528 = SURFACE_STYLE_FILL_AREA(#13529);
#13529 = FILL_AREA_STYLE('',(#13530));
#13530 = FILL_AREA_STYLE_COLOUR('',#11338);
#13531 = STYLED_ITEM('color',(#13532),#1539);
#13532 = PRESENTATION_STYLE_ASSIGNMENT((#13533));
#13533 = SURFACE_STYLE_USAGE(.BOTH.,#13534);
#13534 = SURFACE_SIDE_STYLE('',(#13535));
#13535 = SURFACE_STYLE_FILL_AREA(#13536);
#13536 = FILL_AREA_STYLE('',(#13537));
#13537 = FILL_AREA_STYLE_COLOUR('',#11338);
#13538 = STYLED_ITEM('color',(#13539),#1556);
#13539 = PRESENTATION_STYLE_ASSIGNMENT((#13540));
#13540 = SURFACE_STYLE_USAGE(.BOTH.,#13541);
#13541 = SURFACE_SIDE_STYLE('',(#13542));
#13542 = SURFACE_STYLE_FILL_AREA(#13543);
#13543 = FILL_AREA_STYLE('',(#13544));
#13544 = FILL_AREA_STYLE_COLOUR('',#11338);
#13545 = STYLED_ITEM('color',(#13546),#1587);
#13546 = PRESENTATION_STYLE_ASSIGNMENT((#13547));
#13547 = SURFACE_STYLE_USAGE(.BOTH.,#13548);
#13548 = SURFACE_SIDE_STYLE('',(#13549));
#13549 = SURFACE_STYLE_FILL_AREA(#13550);
#13550 = FILL_AREA_STYLE('',(#13551));
#13551 = FILL_AREA_STYLE_COLOUR('',#11338);
#13552 = STYLED_ITEM('color',(#13553),#1611);
#13553 = PRESENTATION_STYLE_ASSIGNMENT((#13554));
#13554 = SURFACE_STYLE_USAGE(.BOTH.,#13555);
#13555 = SURFACE_SIDE_STYLE('',(#13556));
#13556 = SURFACE_STYLE_FILL_AREA(#13557);
#13557 = FILL_AREA_STYLE('',(#13558));
#13558 = FILL_AREA_STYLE_COLOUR('',#11338);
#13559 = STYLED_ITEM('color',(#13560),#1635);
#13560 = PRESENTATION_STYLE_ASSIGNMENT((#13561));
#13561 = SURFACE_STYLE_USAGE(.BOTH.,#13562);
#13562 = SURFACE_SIDE_STYLE('',(#13563));
#13563 = SURFACE_STYLE_FILL_AREA(#13564);
#13564 = FILL_AREA_STYLE('',(#13565));
#13565 = FILL_AREA_STYLE_COLOUR('',#11338);
#13566 = STYLED_ITEM('color',(#13567),#1652);
#13567 = PRESENTATION_STYLE_ASSIGNMENT((#13568));
#13568 = SURFACE_STYLE_USAGE(.BOTH.,#13569);
#13569 = SURFACE_SIDE_STYLE('',(#13570));
#13570 = SURFACE_STYLE_FILL_AREA(#13571);
#13571 = FILL_AREA_STYLE('',(#13572));
#13572 = FILL_AREA_STYLE_COLOUR('',#11338);
#13573 = STYLED_ITEM('color',(#13574),#1664);
#13574 = PRESENTATION_STYLE_ASSIGNMENT((#13575));
#13575 = SURFACE_STYLE_USAGE(.BOTH.,#13576);
#13576 = SURFACE_SIDE_STYLE('',(#13577));
#13577 = SURFACE_STYLE_FILL_AREA(#13578);
#13578 = FILL_AREA_STYLE('',(#13579));
#13579 = FILL_AREA_STYLE_COLOUR('',#11338);
ENDSEC;
END-ISO-10303-21;
