ISO-10303-21;
HEADER;
FILE_DESCRIPTION(('KiCad electronic assembly'),'2;1');
FILE_NAME('voice-thomas.step','2026-10-08T11:51:03',('Pcbnew'),('Kicad')
  ,'Open CASCADE STEP processor 7.9','KiCad to STEP converter','Unknown'
  );
FILE_SCHEMA(('AUTOMOTIVE_DESIGN { 1 0 10303 214 1 1 1 1 }'));
ENDSEC;
DATA;
#1 = APPLICATION_PROTOCOL_DEFINITION('international standard',
  'automotive_design',2000,#2);
#2 = APPLICATION_CONTEXT(
  'core data for automotive mechanical design processes');
#3 = SHAPE_DEFINITION_REPRESENTATION(#4,#10);
#4 = PRODUCT_DEFINITION_SHAPE('','',#5);
#5 = PRODUCT_DEFINITION('design','',#6,#9);
#6 = PRODUCT_DEFINITION_FORMATION('','',#7);
#7 = PRODUCT('voice-thomas 1','voice-thomas 1','',(#8));
#8 = PRODUCT_CONTEXT('',#2,'mechanical');
#9 = PRODUCT_DEFINITION_CONTEXT('part definition',#2,'design');
#10 = SHAPE_REPRESENTATION('',(#11,#15,#19,#23,#27,#31,#35,#39,#43,#47),
  #51);
#11 = AXIS2_PLACEMENT_3D('',#12,#13,#14);
#12 = CARTESIAN_POINT('',(0.,0.,0.));
#13 = DIRECTION('',(0.,0.,1.));
#14 = DIRECTION('',(1.,0.,-0.));
#15 = AXIS2_PLACEMENT_3D('',#16,#17,#18);
#16 = CARTESIAN_POINT('',(57.,-66.,1.595));
#17 = DIRECTION('',(0.,-0.,1.));
#18 = DIRECTION('',(1.110223024625E-16,1.,0.));
#19 = AXIS2_PLACEMENT_3D('',#20,#21,#22);
#20 = CARTESIAN_POINT('',(65.,-89.,1.595));
#21 = DIRECTION('',(0.,0.,1.));
#22 = DIRECTION('',(1.,0.,0.));
#23 = AXIS2_PLACEMENT_3D('',#24,#25,#26);
#24 = CARTESIAN_POINT('',(61.,-55.,1.595));
#25 = DIRECTION('',(0.,0.,1.));
#26 = DIRECTION('',(1.,0.,0.));
#27 = AXIS2_PLACEMENT_3D('',#28,#29,#30);
#28 = CARTESIAN_POINT('',(62.,-76.,1.595));
#29 = DIRECTION('',(0.,0.,1.));
#30 = DIRECTION('',(1.,0.,0.));
#31 = AXIS2_PLACEMENT_3D('',#32,#33,#34);
#32 = CARTESIAN_POINT('',(61.,-60.,1.595));
#33 = DIRECTION('',(0.,0.,1.));
#34 = DIRECTION('',(1.,0.,0.));
#35 = AXIS2_PLACEMENT_3D('',#36,#37,#38);
#36 = CARTESIAN_POINT('',(62.,-67.,1.595));
#37 = DIRECTION('',(0.,0.,1.));
#38 = DIRECTION('',(1.,0.,0.));
#39 = AXIS2_PLACEMENT_3D('',#40,#41,#42);
#40 = CARTESIAN_POINT('',(67.54,-89.,1.595));
#41 = DIRECTION('',(0.,0.,1.));
#42 = DIRECTION('',(1.,0.,0.));
#43 = AXIS2_PLACEMENT_3D('',#44,#45,#46);
#44 = CARTESIAN_POINT('',(55.54,-61.08,-8.5E-02));
#45 = DIRECTION('',(0.,-1.224646799147E-16,-1.));
#46 = DIRECTION('',(1.,0.,0.));
#47 = AXIS2_PLACEMENT_3D('',#48,#49,#50);
#48 = CARTESIAN_POINT('',(0.,0.,0.));
#49 = DIRECTION('',(0.,0.,1.));
#50 = DIRECTION('',(1.,0.,-0.));
#51 = ( GEOMETRIC_REPRESENTATION_CONTEXT(3) 
GLOBAL_UNCERTAINTY_ASSIGNED_CONTEXT((#55)) GLOBAL_UNIT_ASSIGNED_CONTEXT(
(#52,#53,#54)) REPRESENTATION_CONTEXT('Context #1',
  '3D Context with UNIT and UNCERTAINTY') );
#52 = ( LENGTH_UNIT() NAMED_UNIT(*) SI_UNIT(.MILLI.,.METRE.) );
#53 = ( NAMED_UNIT(*) PLANE_ANGLE_UNIT() SI_UNIT($,.RADIAN.) );
#54 = ( NAMED_UNIT(*) SI_UNIT($,.STERADIAN.) SOLID_ANGLE_UNIT() );
#55 = UNCERTAINTY_MEASURE_WITH_UNIT(LENGTH_MEASURE(1.E-07),#52,
  'distance_accuracy_value','confusion accuracy');
#56 = PRODUCT_RELATED_PRODUCT_CATEGORY('part',$,(#7));
#57 = SHAPE_DEFINITION_REPRESENTATION(#58,#64);
#58 = PRODUCT_DEFINITION_SHAPE('','',#59);
#59 = PRODUCT_DEFINITION('design','',#60,#63);
#60 = PRODUCT_DEFINITION_FORMATION('','',#61);
#61 = PRODUCT('R_0603_1608Metric','R_0603_1608Metric','',(#62));
#62 = PRODUCT_CONTEXT('',#2,'mechanical');
#63 = PRODUCT_DEFINITION_CONTEXT('part definition',#2,'design');
#64 = ADVANCED_BREP_SHAPE_REPRESENTATION('',(#11,#65),#855);
#65 = MANIFOLD_SOLID_BREP('',#66);
#66 = CLOSED_SHELL('',(#67,#107,#190,#215,#240,#307,#324,#341,#390,#407,
    #424,#473,#490,#559,#590,#614,#683,#707,#724,#741,#758,#775,#792,
    #809,#826,#843));
#67 = ADVANCED_FACE('',(#68),#102,.F.);
#68 = FACE_BOUND('',#69,.F.);
#69 = EDGE_LOOP('',(#70,#80,#88,#96));
#70 = ORIENTED_EDGE('',*,*,#71,.F.);
#71 = EDGE_CURVE('',#72,#74,#76,.T.);
#72 = VERTEX_POINT('',#73);
#73 = CARTESIAN_POINT('',(-0.8,-0.4,4.5E-02));
#74 = VERTEX_POINT('',#75);
#75 = CARTESIAN_POINT('',(-0.8,-0.4,0.405));
#76 = LINE('',#77,#78);
#77 = CARTESIAN_POINT('',(-0.8,-0.4,0.));
#78 = VECTOR('',#79,1.);
#79 = DIRECTION('',(0.,0.,1.));
#80 = ORIENTED_EDGE('',*,*,#81,.T.);
#81 = EDGE_CURVE('',#72,#82,#84,.T.);
#82 = VERTEX_POINT('',#83);
#83 = CARTESIAN_POINT('',(-0.8,0.4,4.5E-02));
#84 = LINE('',#85,#86);
#85 = CARTESIAN_POINT('',(-0.8,-0.4,4.5E-02));
#86 = VECTOR('',#87,1.);
#87 = DIRECTION('',(0.,1.,0.));
#88 = ORIENTED_EDGE('',*,*,#89,.T.);
#89 = EDGE_CURVE('',#82,#90,#92,.T.);
#90 = VERTEX_POINT('',#91);
#91 = CARTESIAN_POINT('',(-0.8,0.4,0.405));
#92 = LINE('',#93,#94);
#93 = CARTESIAN_POINT('',(-0.8,0.4,0.));
#94 = VECTOR('',#95,1.);
#95 = DIRECTION('',(0.,0.,1.));
#96 = ORIENTED_EDGE('',*,*,#97,.F.);
#97 = EDGE_CURVE('',#74,#90,#98,.T.);
#98 = LINE('',#99,#100);
#99 = CARTESIAN_POINT('',(-0.8,-0.4,0.405));
#100 = VECTOR('',#101,1.);
#101 = DIRECTION('',(0.,1.,0.));
#102 = PLANE('',#103);
#103 = AXIS2_PLACEMENT_3D('',#104,#105,#106);
#104 = CARTESIAN_POINT('',(-0.8,-0.4,0.));
#105 = DIRECTION('',(1.,0.,0.));
#106 = DIRECTION('',(0.,0.,1.));
#107 = ADVANCED_FACE('',(#108),#185,.F.);
#108 = FACE_BOUND('',#109,.F.);
#109 = EDGE_LOOP('',(#110,#120,#127,#128,#137,#145,#154,#162,#170,#178)
  );
#110 = ORIENTED_EDGE('',*,*,#111,.F.);
#111 = EDGE_CURVE('',#112,#114,#116,.T.);
#112 = VERTEX_POINT('',#113);
#113 = CARTESIAN_POINT('',(-0.755,-0.4,-2.775557561563E-17));
#114 = VERTEX_POINT('',#115);
#115 = CARTESIAN_POINT('',(-0.545,-0.4,-2.775557561563E-17));
#116 = LINE('',#117,#118);
#117 = CARTESIAN_POINT('',(-0.8,-0.4,0.));
#118 = VECTOR('',#119,1.);
#119 = DIRECTION('',(1.,0.,0.));
#120 = ORIENTED_EDGE('',*,*,#121,.F.);
#121 = EDGE_CURVE('',#72,#112,#122,.T.);
#122 = CIRCLE('',#123,4.5E-02);
#123 = AXIS2_PLACEMENT_3D('',#124,#125,#126);
#124 = CARTESIAN_POINT('',(-0.755,-0.4,4.5E-02));
#125 = DIRECTION('',(0.,-1.,0.));
#126 = DIRECTION('',(0.,0.,1.));
#127 = ORIENTED_EDGE('',*,*,#71,.T.);
#128 = ORIENTED_EDGE('',*,*,#129,.T.);
#129 = EDGE_CURVE('',#74,#130,#132,.T.);
#130 = VERTEX_POINT('',#131);
#131 = CARTESIAN_POINT('',(-0.755,-0.4,0.45));
#132 = CIRCLE('',#133,4.5E-02);
#133 = AXIS2_PLACEMENT_3D('',#134,#135,#136);
#134 = CARTESIAN_POINT('',(-0.755,-0.4,0.405));
#135 = DIRECTION('',(0.,1.,0.));
#136 = DIRECTION('',(0.,-0.,1.));
#137 = ORIENTED_EDGE('',*,*,#138,.T.);
#138 = EDGE_CURVE('',#130,#139,#141,.T.);
#139 = VERTEX_POINT('',#140);
#140 = CARTESIAN_POINT('',(-0.545,-0.4,0.45));
#141 = LINE('',#142,#143);
#142 = CARTESIAN_POINT('',(-0.8,-0.4,0.45));
#143 = VECTOR('',#144,1.);
#144 = DIRECTION('',(1.,0.,0.));
#145 = ORIENTED_EDGE('',*,*,#146,.F.);
#146 = EDGE_CURVE('',#147,#139,#149,.T.);
#147 = VERTEX_POINT('',#148);
#148 = CARTESIAN_POINT('',(-0.5,-0.4,0.405));
#149 = CIRCLE('',#150,4.5E-02);
#150 = AXIS2_PLACEMENT_3D('',#151,#152,#153);
#151 = CARTESIAN_POINT('',(-0.545,-0.4,0.405));
#152 = DIRECTION('',(0.,-1.,0.));
#153 = DIRECTION('',(0.,0.,1.));
#154 = ORIENTED_EDGE('',*,*,#155,.F.);
#155 = EDGE_CURVE('',#156,#147,#158,.T.);
#156 = VERTEX_POINT('',#157);
#157 = CARTESIAN_POINT('',(-0.755,-0.4,0.405));
#158 = LINE('',#159,#160);
#159 = CARTESIAN_POINT('',(-0.755,-0.4,0.405));
#160 = VECTOR('',#161,1.);
#161 = DIRECTION('',(1.,0.,0.));
#162 = ORIENTED_EDGE('',*,*,#163,.F.);
#163 = EDGE_CURVE('',#164,#156,#166,.T.);
#164 = VERTEX_POINT('',#165);
#165 = CARTESIAN_POINT('',(-0.755,-0.4,4.5E-02));
#166 = LINE('',#167,#168);
#167 = CARTESIAN_POINT('',(-0.755,-0.4,4.5E-02));
#168 = VECTOR('',#169,1.);
#169 = DIRECTION('',(0.,0.,1.));
#170 = ORIENTED_EDGE('',*,*,#171,.T.);
#171 = EDGE_CURVE('',#164,#172,#174,.T.);
#172 = VERTEX_POINT('',#173);
#173 = CARTESIAN_POINT('',(-0.5,-0.4,4.5E-02));
#174 = LINE('',#175,#176);
#175 = CARTESIAN_POINT('',(-0.755,-0.4,4.5E-02));
#176 = VECTOR('',#177,1.);
#177 = DIRECTION('',(1.,0.,0.));
#178 = ORIENTED_EDGE('',*,*,#179,.T.);
#179 = EDGE_CURVE('',#172,#114,#180,.T.);
#180 = CIRCLE('',#181,4.5E-02);
#181 = AXIS2_PLACEMENT_3D('',#182,#183,#184);
#182 = CARTESIAN_POINT('',(-0.545,-0.4,4.5E-02));
#183 = DIRECTION('',(0.,1.,0.));
#184 = DIRECTION('',(0.,-0.,1.));
#185 = PLANE('',#186);
#186 = AXIS2_PLACEMENT_3D('',#187,#188,#189);
#187 = CARTESIAN_POINT('',(-0.8,-0.4,0.));
#188 = DIRECTION('',(0.,1.,0.));
#189 = DIRECTION('',(0.,-0.,1.));
#190 = ADVANCED_FACE('',(#191),#210,.T.);
#191 = FACE_BOUND('',#192,.T.);
#192 = EDGE_LOOP('',(#193,#194,#203,#209));
#193 = ORIENTED_EDGE('',*,*,#81,.T.);
#194 = ORIENTED_EDGE('',*,*,#195,.T.);
#195 = EDGE_CURVE('',#82,#196,#198,.T.);
#196 = VERTEX_POINT('',#197);
#197 = CARTESIAN_POINT('',(-0.755,0.4,-2.775557561563E-17));
#198 = CIRCLE('',#199,4.5E-02);
#199 = AXIS2_PLACEMENT_3D('',#200,#201,#202);
#200 = CARTESIAN_POINT('',(-0.755,0.4,4.5E-02));
#201 = DIRECTION('',(0.,-1.,0.));
#202 = DIRECTION('',(0.,0.,1.));
#203 = ORIENTED_EDGE('',*,*,#204,.F.);
#204 = EDGE_CURVE('',#112,#196,#205,.T.);
#205 = LINE('',#206,#207);
#206 = CARTESIAN_POINT('',(-0.755,-0.4,-2.775557561563E-17));
#207 = VECTOR('',#208,1.);
#208 = DIRECTION('',(0.,1.,0.));
#209 = ORIENTED_EDGE('',*,*,#121,.F.);
#210 = CYLINDRICAL_SURFACE('',#211,4.5E-02);
#211 = AXIS2_PLACEMENT_3D('',#212,#213,#214);
#212 = CARTESIAN_POINT('',(-0.755,-0.4,4.5E-02));
#213 = DIRECTION('',(0.,1.,0.));
#214 = DIRECTION('',(-1.,0.,0.));
#215 = ADVANCED_FACE('',(#216),#235,.T.);
#216 = FACE_BOUND('',#217,.T.);
#217 = EDGE_LOOP('',(#218,#219,#227,#234));
#218 = ORIENTED_EDGE('',*,*,#129,.T.);
#219 = ORIENTED_EDGE('',*,*,#220,.T.);
#220 = EDGE_CURVE('',#130,#221,#223,.T.);
#221 = VERTEX_POINT('',#222);
#222 = CARTESIAN_POINT('',(-0.755,0.4,0.45));
#223 = LINE('',#224,#225);
#224 = CARTESIAN_POINT('',(-0.755,-0.4,0.45));
#225 = VECTOR('',#226,1.);
#226 = DIRECTION('',(0.,1.,0.));
#227 = ORIENTED_EDGE('',*,*,#228,.F.);
#228 = EDGE_CURVE('',#90,#221,#229,.T.);
#229 = CIRCLE('',#230,4.5E-02);
#230 = AXIS2_PLACEMENT_3D('',#231,#232,#233);
#231 = CARTESIAN_POINT('',(-0.755,0.4,0.405));
#232 = DIRECTION('',(0.,1.,0.));
#233 = DIRECTION('',(0.,-0.,1.));
#234 = ORIENTED_EDGE('',*,*,#97,.F.);
#235 = CYLINDRICAL_SURFACE('',#236,4.5E-02);
#236 = AXIS2_PLACEMENT_3D('',#237,#238,#239);
#237 = CARTESIAN_POINT('',(-0.755,-0.4,0.405));
#238 = DIRECTION('',(0.,1.,0.));
#239 = DIRECTION('',(-1.,0.,0.));
#240 = ADVANCED_FACE('',(#241),#302,.T.);
#241 = FACE_BOUND('',#242,.T.);
#242 = EDGE_LOOP('',(#243,#251,#252,#253,#254,#262,#271,#279,#287,#295)
  );
#243 = ORIENTED_EDGE('',*,*,#244,.F.);
#244 = EDGE_CURVE('',#196,#245,#247,.T.);
#245 = VERTEX_POINT('',#246);
#246 = CARTESIAN_POINT('',(-0.545,0.4,-2.775557561563E-17));
#247 = LINE('',#248,#249);
#248 = CARTESIAN_POINT('',(-0.8,0.4,0.));
#249 = VECTOR('',#250,1.);
#250 = DIRECTION('',(1.,0.,0.));
#251 = ORIENTED_EDGE('',*,*,#195,.F.);
#252 = ORIENTED_EDGE('',*,*,#89,.T.);
#253 = ORIENTED_EDGE('',*,*,#228,.T.);
#254 = ORIENTED_EDGE('',*,*,#255,.T.);
#255 = EDGE_CURVE('',#221,#256,#258,.T.);
#256 = VERTEX_POINT('',#257);
#257 = CARTESIAN_POINT('',(-0.545,0.4,0.45));
#258 = LINE('',#259,#260);
#259 = CARTESIAN_POINT('',(-0.8,0.4,0.45));
#260 = VECTOR('',#261,1.);
#261 = DIRECTION('',(1.,0.,0.));
#262 = ORIENTED_EDGE('',*,*,#263,.F.);
#263 = EDGE_CURVE('',#264,#256,#266,.T.);
#264 = VERTEX_POINT('',#265);
#265 = CARTESIAN_POINT('',(-0.5,0.4,0.405));
#266 = CIRCLE('',#267,4.5E-02);
#267 = AXIS2_PLACEMENT_3D('',#268,#269,#270);
#268 = CARTESIAN_POINT('',(-0.545,0.4,0.405));
#269 = DIRECTION('',(0.,-1.,0.));
#270 = DIRECTION('',(0.,0.,1.));
#271 = ORIENTED_EDGE('',*,*,#272,.F.);
#272 = EDGE_CURVE('',#273,#264,#275,.T.);
#273 = VERTEX_POINT('',#274);
#274 = CARTESIAN_POINT('',(-0.755,0.4,0.405));
#275 = LINE('',#276,#277);
#276 = CARTESIAN_POINT('',(-0.755,0.4,0.405));
#277 = VECTOR('',#278,1.);
#278 = DIRECTION('',(1.,0.,0.));
#279 = ORIENTED_EDGE('',*,*,#280,.F.);
#280 = EDGE_CURVE('',#281,#273,#283,.T.);
#281 = VERTEX_POINT('',#282);
#282 = CARTESIAN_POINT('',(-0.755,0.4,4.5E-02));
#283 = LINE('',#284,#285);
#284 = CARTESIAN_POINT('',(-0.755,0.4,4.5E-02));
#285 = VECTOR('',#286,1.);
#286 = DIRECTION('',(0.,0.,1.));
#287 = ORIENTED_EDGE('',*,*,#288,.T.);
#288 = EDGE_CURVE('',#281,#289,#291,.T.);
#289 = VERTEX_POINT('',#290);
#290 = CARTESIAN_POINT('',(-0.5,0.4,4.5E-02));
#291 = LINE('',#292,#293);
#292 = CARTESIAN_POINT('',(-0.755,0.4,4.5E-02));
#293 = VECTOR('',#294,1.);
#294 = DIRECTION('',(1.,0.,0.));
#295 = ORIENTED_EDGE('',*,*,#296,.T.);
#296 = EDGE_CURVE('',#289,#245,#297,.T.);
#297 = CIRCLE('',#298,4.5E-02);
#298 = AXIS2_PLACEMENT_3D('',#299,#300,#301);
#299 = CARTESIAN_POINT('',(-0.545,0.4,4.5E-02));
#300 = DIRECTION('',(0.,1.,0.));
#301 = DIRECTION('',(0.,-0.,1.));
#302 = PLANE('',#303);
#303 = AXIS2_PLACEMENT_3D('',#304,#305,#306);
#304 = CARTESIAN_POINT('',(-0.8,0.4,0.));
#305 = DIRECTION('',(0.,1.,0.));
#306 = DIRECTION('',(0.,-0.,1.));
#307 = ADVANCED_FACE('',(#308),#319,.F.);
#308 = FACE_BOUND('',#309,.F.);
#309 = EDGE_LOOP('',(#310,#311,#312,#313));
#310 = ORIENTED_EDGE('',*,*,#244,.F.);
#311 = ORIENTED_EDGE('',*,*,#204,.F.);
#312 = ORIENTED_EDGE('',*,*,#111,.T.);
#313 = ORIENTED_EDGE('',*,*,#314,.T.);
#314 = EDGE_CURVE('',#114,#245,#315,.T.);
#315 = LINE('',#316,#317);
#316 = CARTESIAN_POINT('',(-0.545,-0.4,-2.775557561563E-17));
#317 = VECTOR('',#318,1.);
#318 = DIRECTION('',(0.,1.,0.));
#319 = PLANE('',#320);
#320 = AXIS2_PLACEMENT_3D('',#321,#322,#323);
#321 = CARTESIAN_POINT('',(-0.8,-0.4,0.));
#322 = DIRECTION('',(0.,0.,1.));
#323 = DIRECTION('',(1.,0.,-0.));
#324 = ADVANCED_FACE('',(#325),#336,.T.);
#325 = FACE_BOUND('',#326,.T.);
#326 = EDGE_LOOP('',(#327,#328,#329,#330));
#327 = ORIENTED_EDGE('',*,*,#179,.T.);
#328 = ORIENTED_EDGE('',*,*,#314,.T.);
#329 = ORIENTED_EDGE('',*,*,#296,.F.);
#330 = ORIENTED_EDGE('',*,*,#331,.F.);
#331 = EDGE_CURVE('',#172,#289,#332,.T.);
#332 = LINE('',#333,#334);
#333 = CARTESIAN_POINT('',(-0.5,-0.4,4.5E-02));
#334 = VECTOR('',#335,1.);
#335 = DIRECTION('',(0.,1.,0.));
#336 = CYLINDRICAL_SURFACE('',#337,4.5E-02);
#337 = AXIS2_PLACEMENT_3D('',#338,#339,#340);
#338 = CARTESIAN_POINT('',(-0.545,-0.4,4.5E-02));
#339 = DIRECTION('',(0.,1.,0.));
#340 = DIRECTION('',(1.,0.,0.));
#341 = ADVANCED_FACE('',(#342),#385,.F.);
#342 = FACE_BOUND('',#343,.F.);
#343 = EDGE_LOOP('',(#344,#345,#346,#347,#355,#363,#371,#379));
#344 = ORIENTED_EDGE('',*,*,#171,.F.);
#345 = ORIENTED_EDGE('',*,*,#163,.T.);
#346 = ORIENTED_EDGE('',*,*,#155,.T.);
#347 = ORIENTED_EDGE('',*,*,#348,.T.);
#348 = EDGE_CURVE('',#147,#349,#351,.T.);
#349 = VERTEX_POINT('',#350);
#350 = CARTESIAN_POINT('',(0.5,-0.4,0.405));
#351 = LINE('',#352,#353);
#352 = CARTESIAN_POINT('',(-0.5,-0.4,0.405));
#353 = VECTOR('',#354,1.);
#354 = DIRECTION('',(1.,0.,0.));
#355 = ORIENTED_EDGE('',*,*,#356,.T.);
#356 = EDGE_CURVE('',#349,#357,#359,.T.);
#357 = VERTEX_POINT('',#358);
#358 = CARTESIAN_POINT('',(0.755,-0.4,0.405));
#359 = LINE('',#360,#361);
#360 = CARTESIAN_POINT('',(-0.755,-0.4,0.405));
#361 = VECTOR('',#362,1.);
#362 = DIRECTION('',(1.,0.,0.));
#363 = ORIENTED_EDGE('',*,*,#364,.F.);
#364 = EDGE_CURVE('',#365,#357,#367,.T.);
#365 = VERTEX_POINT('',#366);
#366 = CARTESIAN_POINT('',(0.755,-0.4,4.5E-02));
#367 = LINE('',#368,#369);
#368 = CARTESIAN_POINT('',(0.755,-0.4,4.5E-02));
#369 = VECTOR('',#370,1.);
#370 = DIRECTION('',(0.,0.,1.));
#371 = ORIENTED_EDGE('',*,*,#372,.F.);
#372 = EDGE_CURVE('',#373,#365,#375,.T.);
#373 = VERTEX_POINT('',#374);
#374 = CARTESIAN_POINT('',(0.5,-0.4,4.5E-02));
#375 = LINE('',#376,#377);
#376 = CARTESIAN_POINT('',(-0.755,-0.4,4.5E-02));
#377 = VECTOR('',#378,1.);
#378 = DIRECTION('',(1.,0.,0.));
#379 = ORIENTED_EDGE('',*,*,#380,.F.);
#380 = EDGE_CURVE('',#172,#373,#381,.T.);
#381 = LINE('',#382,#383);
#382 = CARTESIAN_POINT('',(-0.755,-0.4,4.5E-02));
#383 = VECTOR('',#384,1.);
#384 = DIRECTION('',(1.,0.,0.));
#385 = PLANE('',#386);
#386 = AXIS2_PLACEMENT_3D('',#387,#388,#389);
#387 = CARTESIAN_POINT('',(-0.755,-0.4,4.5E-02));
#388 = DIRECTION('',(0.,1.,0.));
#389 = DIRECTION('',(0.,-0.,1.));
#390 = ADVANCED_FACE('',(#391),#402,.T.);
#391 = FACE_BOUND('',#392,.T.);
#392 = EDGE_LOOP('',(#393,#394,#395,#396));
#393 = ORIENTED_EDGE('',*,*,#255,.F.);
#394 = ORIENTED_EDGE('',*,*,#220,.F.);
#395 = ORIENTED_EDGE('',*,*,#138,.T.);
#396 = ORIENTED_EDGE('',*,*,#397,.T.);
#397 = EDGE_CURVE('',#139,#256,#398,.T.);
#398 = LINE('',#399,#400);
#399 = CARTESIAN_POINT('',(-0.545,-0.4,0.45));
#400 = VECTOR('',#401,1.);
#401 = DIRECTION('',(0.,1.,0.));
#402 = PLANE('',#403);
#403 = AXIS2_PLACEMENT_3D('',#404,#405,#406);
#404 = CARTESIAN_POINT('',(-0.8,-0.4,0.45));
#405 = DIRECTION('',(0.,0.,1.));
#406 = DIRECTION('',(1.,0.,-0.));
#407 = ADVANCED_FACE('',(#408),#419,.T.);
#408 = FACE_BOUND('',#409,.T.);
#409 = EDGE_LOOP('',(#410,#416,#417,#418));
#410 = ORIENTED_EDGE('',*,*,#411,.T.);
#411 = EDGE_CURVE('',#147,#264,#412,.T.);
#412 = LINE('',#413,#414);
#413 = CARTESIAN_POINT('',(-0.5,-0.4,0.405));
#414 = VECTOR('',#415,1.);
#415 = DIRECTION('',(0.,1.,0.));
#416 = ORIENTED_EDGE('',*,*,#263,.T.);
#417 = ORIENTED_EDGE('',*,*,#397,.F.);
#418 = ORIENTED_EDGE('',*,*,#146,.F.);
#419 = CYLINDRICAL_SURFACE('',#420,4.5E-02);
#420 = AXIS2_PLACEMENT_3D('',#421,#422,#423);
#421 = CARTESIAN_POINT('',(-0.545,-0.4,0.405));
#422 = DIRECTION('',(0.,1.,0.));
#423 = DIRECTION('',(1.,0.,0.));
#424 = ADVANCED_FACE('',(#425),#468,.T.);
#425 = FACE_BOUND('',#426,.T.);
#426 = EDGE_LOOP('',(#427,#428,#429,#430,#438,#446,#454,#462));
#427 = ORIENTED_EDGE('',*,*,#288,.F.);
#428 = ORIENTED_EDGE('',*,*,#280,.T.);
#429 = ORIENTED_EDGE('',*,*,#272,.T.);
#430 = ORIENTED_EDGE('',*,*,#431,.T.);
#431 = EDGE_CURVE('',#264,#432,#434,.T.);
#432 = VERTEX_POINT('',#433);
#433 = CARTESIAN_POINT('',(0.5,0.4,0.405));
#434 = LINE('',#435,#436);
#435 = CARTESIAN_POINT('',(-0.5,0.4,0.405));
#436 = VECTOR('',#437,1.);
#437 = DIRECTION('',(1.,0.,0.));
#438 = ORIENTED_EDGE('',*,*,#439,.T.);
#439 = EDGE_CURVE('',#432,#440,#442,.T.);
#440 = VERTEX_POINT('',#441);
#441 = CARTESIAN_POINT('',(0.755,0.4,0.405));
#442 = LINE('',#443,#444);
#443 = CARTESIAN_POINT('',(-0.755,0.4,0.405));
#444 = VECTOR('',#445,1.);
#445 = DIRECTION('',(1.,0.,0.));
#446 = ORIENTED_EDGE('',*,*,#447,.F.);
#447 = EDGE_CURVE('',#448,#440,#450,.T.);
#448 = VERTEX_POINT('',#449);
#449 = CARTESIAN_POINT('',(0.755,0.4,4.5E-02));
#450 = LINE('',#451,#452);
#451 = CARTESIAN_POINT('',(0.755,0.4,4.5E-02));
#452 = VECTOR('',#453,1.);
#453 = DIRECTION('',(0.,0.,1.));
#454 = ORIENTED_EDGE('',*,*,#455,.F.);
#455 = EDGE_CURVE('',#456,#448,#458,.T.);
#456 = VERTEX_POINT('',#457);
#457 = CARTESIAN_POINT('',(0.5,0.4,4.5E-02));
#458 = LINE('',#459,#460);
#459 = CARTESIAN_POINT('',(-0.755,0.4,4.5E-02));
#460 = VECTOR('',#461,1.);
#461 = DIRECTION('',(1.,0.,0.));
#462 = ORIENTED_EDGE('',*,*,#463,.F.);
#463 = EDGE_CURVE('',#289,#456,#464,.T.);
#464 = LINE('',#465,#466);
#465 = CARTESIAN_POINT('',(-0.755,0.4,4.5E-02));
#466 = VECTOR('',#467,1.);
#467 = DIRECTION('',(1.,0.,0.));
#468 = PLANE('',#469);
#469 = AXIS2_PLACEMENT_3D('',#470,#471,#472);
#470 = CARTESIAN_POINT('',(-0.755,0.4,4.5E-02));
#471 = DIRECTION('',(0.,1.,0.));
#472 = DIRECTION('',(0.,-0.,1.));
#473 = ADVANCED_FACE('',(#474),#485,.F.);
#474 = FACE_BOUND('',#475,.F.);
#475 = EDGE_LOOP('',(#476,#477,#478,#484));
#476 = ORIENTED_EDGE('',*,*,#331,.F.);
#477 = ORIENTED_EDGE('',*,*,#380,.T.);
#478 = ORIENTED_EDGE('',*,*,#479,.T.);
#479 = EDGE_CURVE('',#373,#456,#480,.T.);
#480 = LINE('',#481,#482);
#481 = CARTESIAN_POINT('',(0.5,-0.4,4.5E-02));
#482 = VECTOR('',#483,1.);
#483 = DIRECTION('',(0.,1.,0.));
#484 = ORIENTED_EDGE('',*,*,#463,.F.);
#485 = PLANE('',#486);
#486 = AXIS2_PLACEMENT_3D('',#487,#488,#489);
#487 = CARTESIAN_POINT('',(-0.755,-0.4,4.5E-02));
#488 = DIRECTION('',(0.,0.,1.));
#489 = DIRECTION('',(1.,0.,-0.));
#490 = ADVANCED_FACE('',(#491),#554,.F.);
#491 = FACE_BOUND('',#492,.F.);
#492 = EDGE_LOOP('',(#493,#503,#510,#511,#512,#513,#522,#530,#539,#547)
  );
#493 = ORIENTED_EDGE('',*,*,#494,.F.);
#494 = EDGE_CURVE('',#495,#497,#499,.T.);
#495 = VERTEX_POINT('',#496);
#496 = CARTESIAN_POINT('',(0.545,-0.4,-2.775557561563E-17));
#497 = VERTEX_POINT('',#498);
#498 = CARTESIAN_POINT('',(0.755,-0.4,-2.775557561563E-17));
#499 = LINE('',#500,#501);
#500 = CARTESIAN_POINT('',(0.5,-0.4,0.));
#501 = VECTOR('',#502,1.);
#502 = DIRECTION('',(1.,0.,0.));
#503 = ORIENTED_EDGE('',*,*,#504,.F.);
#504 = EDGE_CURVE('',#373,#495,#505,.T.);
#505 = CIRCLE('',#506,4.5E-02);
#506 = AXIS2_PLACEMENT_3D('',#507,#508,#509);
#507 = CARTESIAN_POINT('',(0.545,-0.4,4.5E-02));
#508 = DIRECTION('',(0.,-1.,0.));
#509 = DIRECTION('',(0.,0.,1.));
#510 = ORIENTED_EDGE('',*,*,#372,.T.);
#511 = ORIENTED_EDGE('',*,*,#364,.T.);
#512 = ORIENTED_EDGE('',*,*,#356,.F.);
#513 = ORIENTED_EDGE('',*,*,#514,.T.);
#514 = EDGE_CURVE('',#349,#515,#517,.T.);
#515 = VERTEX_POINT('',#516);
#516 = CARTESIAN_POINT('',(0.545,-0.4,0.45));
#517 = CIRCLE('',#518,4.5E-02);
#518 = AXIS2_PLACEMENT_3D('',#519,#520,#521);
#519 = CARTESIAN_POINT('',(0.545,-0.4,0.405));
#520 = DIRECTION('',(0.,1.,0.));
#521 = DIRECTION('',(0.,-0.,1.));
#522 = ORIENTED_EDGE('',*,*,#523,.T.);
#523 = EDGE_CURVE('',#515,#524,#526,.T.);
#524 = VERTEX_POINT('',#525);
#525 = CARTESIAN_POINT('',(0.755,-0.4,0.45));
#526 = LINE('',#527,#528);
#527 = CARTESIAN_POINT('',(0.5,-0.4,0.45));
#528 = VECTOR('',#529,1.);
#529 = DIRECTION('',(1.,0.,0.));
#530 = ORIENTED_EDGE('',*,*,#531,.F.);
#531 = EDGE_CURVE('',#532,#524,#534,.T.);
#532 = VERTEX_POINT('',#533);
#533 = CARTESIAN_POINT('',(0.8,-0.4,0.405));
#534 = CIRCLE('',#535,4.5E-02);
#535 = AXIS2_PLACEMENT_3D('',#536,#537,#538);
#536 = CARTESIAN_POINT('',(0.755,-0.4,0.405));
#537 = DIRECTION('',(0.,-1.,0.));
#538 = DIRECTION('',(0.,0.,1.));
#539 = ORIENTED_EDGE('',*,*,#540,.F.);
#540 = EDGE_CURVE('',#541,#532,#543,.T.);
#541 = VERTEX_POINT('',#542);
#542 = CARTESIAN_POINT('',(0.8,-0.4,4.5E-02));
#543 = LINE('',#544,#545);
#544 = CARTESIAN_POINT('',(0.8,-0.4,0.));
#545 = VECTOR('',#546,1.);
#546 = DIRECTION('',(0.,0.,1.));
#547 = ORIENTED_EDGE('',*,*,#548,.T.);
#548 = EDGE_CURVE('',#541,#497,#549,.T.);
#549 = CIRCLE('',#550,4.5E-02);
#550 = AXIS2_PLACEMENT_3D('',#551,#552,#553);
#551 = CARTESIAN_POINT('',(0.755,-0.4,4.5E-02));
#552 = DIRECTION('',(0.,1.,0.));
#553 = DIRECTION('',(0.,-0.,1.));
#554 = PLANE('',#555);
#555 = AXIS2_PLACEMENT_3D('',#556,#557,#558);
#556 = CARTESIAN_POINT('',(0.5,-0.4,0.));
#557 = DIRECTION('',(0.,1.,0.));
#558 = DIRECTION('',(0.,-0.,1.));
#559 = ADVANCED_FACE('',(#560),#585,.F.);
#560 = FACE_BOUND('',#561,.F.);
#561 = EDGE_LOOP('',(#562,#563,#571,#579));
#562 = ORIENTED_EDGE('',*,*,#348,.F.);
#563 = ORIENTED_EDGE('',*,*,#564,.T.);
#564 = EDGE_CURVE('',#147,#565,#567,.T.);
#565 = VERTEX_POINT('',#566);
#566 = CARTESIAN_POINT('',(-0.5,-0.4,0.45));
#567 = LINE('',#568,#569);
#568 = CARTESIAN_POINT('',(-0.5,-0.4,0.405));
#569 = VECTOR('',#570,1.);
#570 = DIRECTION('',(0.,0.,1.));
#571 = ORIENTED_EDGE('',*,*,#572,.T.);
#572 = EDGE_CURVE('',#565,#573,#575,.T.);
#573 = VERTEX_POINT('',#574);
#574 = CARTESIAN_POINT('',(0.5,-0.4,0.45));
#575 = LINE('',#576,#577);
#576 = CARTESIAN_POINT('',(-0.5,-0.4,0.45));
#577 = VECTOR('',#578,1.);
#578 = DIRECTION('',(1.,0.,0.));
#579 = ORIENTED_EDGE('',*,*,#580,.F.);
#580 = EDGE_CURVE('',#349,#573,#581,.T.);
#581 = LINE('',#582,#583);
#582 = CARTESIAN_POINT('',(0.5,-0.4,0.405));
#583 = VECTOR('',#584,1.);
#584 = DIRECTION('',(0.,0.,1.));
#585 = PLANE('',#586);
#586 = AXIS2_PLACEMENT_3D('',#587,#588,#589);
#587 = CARTESIAN_POINT('',(-0.5,-0.4,0.405));
#588 = DIRECTION('',(0.,1.,0.));
#589 = DIRECTION('',(0.,-0.,1.));
#590 = ADVANCED_FACE('',(#591),#609,.F.);
#591 = FACE_BOUND('',#592,.F.);
#592 = EDGE_LOOP('',(#593,#594,#595,#603));
#593 = ORIENTED_EDGE('',*,*,#564,.F.);
#594 = ORIENTED_EDGE('',*,*,#411,.T.);
#595 = ORIENTED_EDGE('',*,*,#596,.T.);
#596 = EDGE_CURVE('',#264,#597,#599,.T.);
#597 = VERTEX_POINT('',#598);
#598 = CARTESIAN_POINT('',(-0.5,0.4,0.45));
#599 = LINE('',#600,#601);
#600 = CARTESIAN_POINT('',(-0.5,0.4,0.405));
#601 = VECTOR('',#602,1.);
#602 = DIRECTION('',(0.,0.,1.));
#603 = ORIENTED_EDGE('',*,*,#604,.F.);
#604 = EDGE_CURVE('',#565,#597,#605,.T.);
#605 = LINE('',#606,#607);
#606 = CARTESIAN_POINT('',(-0.5,-0.4,0.45));
#607 = VECTOR('',#608,1.);
#608 = DIRECTION('',(0.,1.,0.));
#609 = PLANE('',#610);
#610 = AXIS2_PLACEMENT_3D('',#611,#612,#613);
#611 = CARTESIAN_POINT('',(-0.5,-0.4,0.405));
#612 = DIRECTION('',(1.,0.,0.));
#613 = DIRECTION('',(0.,0.,1.));
#614 = ADVANCED_FACE('',(#615),#678,.T.);
#615 = FACE_BOUND('',#616,.T.);
#616 = EDGE_LOOP('',(#617,#627,#634,#635,#636,#637,#646,#654,#663,#671)
  );
#617 = ORIENTED_EDGE('',*,*,#618,.F.);
#618 = EDGE_CURVE('',#619,#621,#623,.T.);
#619 = VERTEX_POINT('',#620);
#620 = CARTESIAN_POINT('',(0.545,0.4,-2.775557561563E-17));
#621 = VERTEX_POINT('',#622);
#622 = CARTESIAN_POINT('',(0.755,0.4,-2.775557561563E-17));
#623 = LINE('',#624,#625);
#624 = CARTESIAN_POINT('',(0.5,0.4,0.));
#625 = VECTOR('',#626,1.);
#626 = DIRECTION('',(1.,0.,0.));
#627 = ORIENTED_EDGE('',*,*,#628,.F.);
#628 = EDGE_CURVE('',#456,#619,#629,.T.);
#629 = CIRCLE('',#630,4.5E-02);
#630 = AXIS2_PLACEMENT_3D('',#631,#632,#633);
#631 = CARTESIAN_POINT('',(0.545,0.4,4.5E-02));
#632 = DIRECTION('',(0.,-1.,0.));
#633 = DIRECTION('',(0.,0.,1.));
#634 = ORIENTED_EDGE('',*,*,#455,.T.);
#635 = ORIENTED_EDGE('',*,*,#447,.T.);
#636 = ORIENTED_EDGE('',*,*,#439,.F.);
#637 = ORIENTED_EDGE('',*,*,#638,.T.);
#638 = EDGE_CURVE('',#432,#639,#641,.T.);
#639 = VERTEX_POINT('',#640);
#640 = CARTESIAN_POINT('',(0.545,0.4,0.45));
#641 = CIRCLE('',#642,4.5E-02);
#642 = AXIS2_PLACEMENT_3D('',#643,#644,#645);
#643 = CARTESIAN_POINT('',(0.545,0.4,0.405));
#644 = DIRECTION('',(0.,1.,0.));
#645 = DIRECTION('',(0.,-0.,1.));
#646 = ORIENTED_EDGE('',*,*,#647,.T.);
#647 = EDGE_CURVE('',#639,#648,#650,.T.);
#648 = VERTEX_POINT('',#649);
#649 = CARTESIAN_POINT('',(0.755,0.4,0.45));
#650 = LINE('',#651,#652);
#651 = CARTESIAN_POINT('',(0.5,0.4,0.45));
#652 = VECTOR('',#653,1.);
#653 = DIRECTION('',(1.,0.,0.));
#654 = ORIENTED_EDGE('',*,*,#655,.F.);
#655 = EDGE_CURVE('',#656,#648,#658,.T.);
#656 = VERTEX_POINT('',#657);
#657 = CARTESIAN_POINT('',(0.8,0.4,0.405));
#658 = CIRCLE('',#659,4.5E-02);
#659 = AXIS2_PLACEMENT_3D('',#660,#661,#662);
#660 = CARTESIAN_POINT('',(0.755,0.4,0.405));
#661 = DIRECTION('',(0.,-1.,0.));
#662 = DIRECTION('',(0.,0.,1.));
#663 = ORIENTED_EDGE('',*,*,#664,.F.);
#664 = EDGE_CURVE('',#665,#656,#667,.T.);
#665 = VERTEX_POINT('',#666);
#666 = CARTESIAN_POINT('',(0.8,0.4,4.5E-02));
#667 = LINE('',#668,#669);
#668 = CARTESIAN_POINT('',(0.8,0.4,0.));
#669 = VECTOR('',#670,1.);
#670 = DIRECTION('',(0.,0.,1.));
#671 = ORIENTED_EDGE('',*,*,#672,.T.);
#672 = EDGE_CURVE('',#665,#621,#673,.T.);
#673 = CIRCLE('',#674,4.5E-02);
#674 = AXIS2_PLACEMENT_3D('',#675,#676,#677);
#675 = CARTESIAN_POINT('',(0.755,0.4,4.5E-02));
#676 = DIRECTION('',(0.,1.,0.));
#677 = DIRECTION('',(0.,-0.,1.));
#678 = PLANE('',#679);
#679 = AXIS2_PLACEMENT_3D('',#680,#681,#682);
#680 = CARTESIAN_POINT('',(0.5,0.4,0.));
#681 = DIRECTION('',(0.,1.,0.));
#682 = DIRECTION('',(0.,-0.,1.));
#683 = ADVANCED_FACE('',(#684),#702,.T.);
#684 = FACE_BOUND('',#685,.T.);
#685 = EDGE_LOOP('',(#686,#687,#688,#696));
#686 = ORIENTED_EDGE('',*,*,#431,.F.);
#687 = ORIENTED_EDGE('',*,*,#596,.T.);
#688 = ORIENTED_EDGE('',*,*,#689,.T.);
#689 = EDGE_CURVE('',#597,#690,#692,.T.);
#690 = VERTEX_POINT('',#691);
#691 = CARTESIAN_POINT('',(0.5,0.4,0.45));
#692 = LINE('',#693,#694);
#693 = CARTESIAN_POINT('',(-0.5,0.4,0.45));
#694 = VECTOR('',#695,1.);
#695 = DIRECTION('',(1.,0.,0.));
#696 = ORIENTED_EDGE('',*,*,#697,.F.);
#697 = EDGE_CURVE('',#432,#690,#698,.T.);
#698 = LINE('',#699,#700);
#699 = CARTESIAN_POINT('',(0.5,0.4,0.405));
#700 = VECTOR('',#701,1.);
#701 = DIRECTION('',(0.,0.,1.));
#702 = PLANE('',#703);
#703 = AXIS2_PLACEMENT_3D('',#704,#705,#706);
#704 = CARTESIAN_POINT('',(-0.5,0.4,0.405));
#705 = DIRECTION('',(0.,1.,0.));
#706 = DIRECTION('',(0.,-0.,1.));
#707 = ADVANCED_FACE('',(#708),#719,.T.);
#708 = FACE_BOUND('',#709,.T.);
#709 = EDGE_LOOP('',(#710,#711,#712,#718));
#710 = ORIENTED_EDGE('',*,*,#479,.T.);
#711 = ORIENTED_EDGE('',*,*,#628,.T.);
#712 = ORIENTED_EDGE('',*,*,#713,.F.);
#713 = EDGE_CURVE('',#495,#619,#714,.T.);
#714 = LINE('',#715,#716);
#715 = CARTESIAN_POINT('',(0.545,-0.4,-2.775557561563E-17));
#716 = VECTOR('',#717,1.);
#717 = DIRECTION('',(0.,1.,0.));
#718 = ORIENTED_EDGE('',*,*,#504,.F.);
#719 = CYLINDRICAL_SURFACE('',#720,4.5E-02);
#720 = AXIS2_PLACEMENT_3D('',#721,#722,#723);
#721 = CARTESIAN_POINT('',(0.545,-0.4,4.5E-02));
#722 = DIRECTION('',(0.,1.,0.));
#723 = DIRECTION('',(-1.,0.,0.));
#724 = ADVANCED_FACE('',(#725),#736,.F.);
#725 = FACE_BOUND('',#726,.F.);
#726 = EDGE_LOOP('',(#727,#728,#729,#730));
#727 = ORIENTED_EDGE('',*,*,#618,.F.);
#728 = ORIENTED_EDGE('',*,*,#713,.F.);
#729 = ORIENTED_EDGE('',*,*,#494,.T.);
#730 = ORIENTED_EDGE('',*,*,#731,.T.);
#731 = EDGE_CURVE('',#497,#621,#732,.T.);
#732 = LINE('',#733,#734);
#733 = CARTESIAN_POINT('',(0.755,-0.4,-2.775557561563E-17));
#734 = VECTOR('',#735,1.);
#735 = DIRECTION('',(0.,1.,0.));
#736 = PLANE('',#737);
#737 = AXIS2_PLACEMENT_3D('',#738,#739,#740);
#738 = CARTESIAN_POINT('',(0.5,-0.4,0.));
#739 = DIRECTION('',(0.,0.,1.));
#740 = DIRECTION('',(1.,0.,-0.));
#741 = ADVANCED_FACE('',(#742),#753,.T.);
#742 = FACE_BOUND('',#743,.T.);
#743 = EDGE_LOOP('',(#744,#745,#746,#747));
#744 = ORIENTED_EDGE('',*,*,#548,.T.);
#745 = ORIENTED_EDGE('',*,*,#731,.T.);
#746 = ORIENTED_EDGE('',*,*,#672,.F.);
#747 = ORIENTED_EDGE('',*,*,#748,.F.);
#748 = EDGE_CURVE('',#541,#665,#749,.T.);
#749 = LINE('',#750,#751);
#750 = CARTESIAN_POINT('',(0.8,-0.4,4.5E-02));
#751 = VECTOR('',#752,1.);
#752 = DIRECTION('',(0.,1.,0.));
#753 = CYLINDRICAL_SURFACE('',#754,4.5E-02);
#754 = AXIS2_PLACEMENT_3D('',#755,#756,#757);
#755 = CARTESIAN_POINT('',(0.755,-0.4,4.5E-02));
#756 = DIRECTION('',(0.,1.,0.));
#757 = DIRECTION('',(1.,0.,0.));
#758 = ADVANCED_FACE('',(#759),#770,.T.);
#759 = FACE_BOUND('',#760,.T.);
#760 = EDGE_LOOP('',(#761,#762,#763,#764));
#761 = ORIENTED_EDGE('',*,*,#540,.F.);
#762 = ORIENTED_EDGE('',*,*,#748,.T.);
#763 = ORIENTED_EDGE('',*,*,#664,.T.);
#764 = ORIENTED_EDGE('',*,*,#765,.F.);
#765 = EDGE_CURVE('',#532,#656,#766,.T.);
#766 = LINE('',#767,#768);
#767 = CARTESIAN_POINT('',(0.8,-0.4,0.405));
#768 = VECTOR('',#769,1.);
#769 = DIRECTION('',(0.,1.,0.));
#770 = PLANE('',#771);
#771 = AXIS2_PLACEMENT_3D('',#772,#773,#774);
#772 = CARTESIAN_POINT('',(0.8,-0.4,0.));
#773 = DIRECTION('',(1.,0.,0.));
#774 = DIRECTION('',(0.,0.,1.));
#775 = ADVANCED_FACE('',(#776),#787,.T.);
#776 = FACE_BOUND('',#777,.T.);
#777 = EDGE_LOOP('',(#778,#779,#780,#786));
#778 = ORIENTED_EDGE('',*,*,#765,.T.);
#779 = ORIENTED_EDGE('',*,*,#655,.T.);
#780 = ORIENTED_EDGE('',*,*,#781,.F.);
#781 = EDGE_CURVE('',#524,#648,#782,.T.);
#782 = LINE('',#783,#784);
#783 = CARTESIAN_POINT('',(0.755,-0.4,0.45));
#784 = VECTOR('',#785,1.);
#785 = DIRECTION('',(0.,1.,0.));
#786 = ORIENTED_EDGE('',*,*,#531,.F.);
#787 = CYLINDRICAL_SURFACE('',#788,4.5E-02);
#788 = AXIS2_PLACEMENT_3D('',#789,#790,#791);
#789 = CARTESIAN_POINT('',(0.755,-0.4,0.405));
#790 = DIRECTION('',(0.,1.,0.));
#791 = DIRECTION('',(1.,0.,0.));
#792 = ADVANCED_FACE('',(#793),#804,.T.);
#793 = FACE_BOUND('',#794,.T.);
#794 = EDGE_LOOP('',(#795,#796,#802,#803));
#795 = ORIENTED_EDGE('',*,*,#647,.F.);
#796 = ORIENTED_EDGE('',*,*,#797,.F.);
#797 = EDGE_CURVE('',#515,#639,#798,.T.);
#798 = LINE('',#799,#800);
#799 = CARTESIAN_POINT('',(0.545,-0.4,0.45));
#800 = VECTOR('',#801,1.);
#801 = DIRECTION('',(0.,1.,0.));
#802 = ORIENTED_EDGE('',*,*,#523,.T.);
#803 = ORIENTED_EDGE('',*,*,#781,.T.);
#804 = PLANE('',#805);
#805 = AXIS2_PLACEMENT_3D('',#806,#807,#808);
#806 = CARTESIAN_POINT('',(0.5,-0.4,0.45));
#807 = DIRECTION('',(0.,0.,1.));
#808 = DIRECTION('',(1.,0.,-0.));
#809 = ADVANCED_FACE('',(#810),#821,.T.);
#810 = FACE_BOUND('',#811,.T.);
#811 = EDGE_LOOP('',(#812,#813,#814,#815));
#812 = ORIENTED_EDGE('',*,*,#514,.T.);
#813 = ORIENTED_EDGE('',*,*,#797,.T.);
#814 = ORIENTED_EDGE('',*,*,#638,.F.);
#815 = ORIENTED_EDGE('',*,*,#816,.F.);
#816 = EDGE_CURVE('',#349,#432,#817,.T.);
#817 = LINE('',#818,#819);
#818 = CARTESIAN_POINT('',(0.5,-0.4,0.405));
#819 = VECTOR('',#820,1.);
#820 = DIRECTION('',(0.,1.,0.));
#821 = CYLINDRICAL_SURFACE('',#822,4.5E-02);
#822 = AXIS2_PLACEMENT_3D('',#823,#824,#825);
#823 = CARTESIAN_POINT('',(0.545,-0.4,0.405));
#824 = DIRECTION('',(0.,1.,0.));
#825 = DIRECTION('',(-1.,0.,0.));
#826 = ADVANCED_FACE('',(#827),#838,.T.);
#827 = FACE_BOUND('',#828,.T.);
#828 = EDGE_LOOP('',(#829,#830,#831,#832));
#829 = ORIENTED_EDGE('',*,*,#580,.F.);
#830 = ORIENTED_EDGE('',*,*,#816,.T.);
#831 = ORIENTED_EDGE('',*,*,#697,.T.);
#832 = ORIENTED_EDGE('',*,*,#833,.F.);
#833 = EDGE_CURVE('',#573,#690,#834,.T.);
#834 = LINE('',#835,#836);
#835 = CARTESIAN_POINT('',(0.5,-0.4,0.45));
#836 = VECTOR('',#837,1.);
#837 = DIRECTION('',(0.,1.,0.));
#838 = PLANE('',#839);
#839 = AXIS2_PLACEMENT_3D('',#840,#841,#842);
#840 = CARTESIAN_POINT('',(0.5,-0.4,0.405));
#841 = DIRECTION('',(1.,0.,0.));
#842 = DIRECTION('',(0.,0.,1.));
#843 = ADVANCED_FACE('',(#844),#850,.T.);
#844 = FACE_BOUND('',#845,.T.);
#845 = EDGE_LOOP('',(#846,#847,#848,#849));
#846 = ORIENTED_EDGE('',*,*,#604,.F.);
#847 = ORIENTED_EDGE('',*,*,#572,.T.);
#848 = ORIENTED_EDGE('',*,*,#833,.T.);
#849 = ORIENTED_EDGE('',*,*,#689,.F.);
#850 = PLANE('',#851);
#851 = AXIS2_PLACEMENT_3D('',#852,#853,#854);
#852 = CARTESIAN_POINT('',(-0.5,-0.4,0.45));
#853 = DIRECTION('',(0.,0.,1.));
#854 = DIRECTION('',(1.,0.,-0.));
#855 = ( GEOMETRIC_REPRESENTATION_CONTEXT(3) 
GLOBAL_UNCERTAINTY_ASSIGNED_CONTEXT((#859)) GLOBAL_UNIT_ASSIGNED_CONTEXT
((#856,#857,#858)) REPRESENTATION_CONTEXT('Context #1',
  '3D Context with UNIT and UNCERTAINTY') );
#856 = ( LENGTH_UNIT() NAMED_UNIT(*) SI_UNIT(.MILLI.,.METRE.) );
#857 = ( NAMED_UNIT(*) PLANE_ANGLE_UNIT() SI_UNIT($,.RADIAN.) );
#858 = ( NAMED_UNIT(*) SI_UNIT($,.STERADIAN.) SOLID_ANGLE_UNIT() );
#859 = UNCERTAINTY_MEASURE_WITH_UNIT(LENGTH_MEASURE(1.E-07),#856,
  'distance_accuracy_value','confusion accuracy');
#860 = CONTEXT_DEPENDENT_SHAPE_REPRESENTATION(#861,#863);
#861 = ( REPRESENTATION_RELATIONSHIP('','',#64,#10) 
REPRESENTATION_RELATIONSHIP_WITH_TRANSFORMATION(#862) 
SHAPE_REPRESENTATION_RELATIONSHIP() );
#862 = ITEM_DEFINED_TRANSFORMATION('','',#11,#15);
#863 = PRODUCT_DEFINITION_SHAPE('Placement','Placement of an item',#864
  );
#864 = NEXT_ASSEMBLY_USAGE_OCCURRENCE('1','R3','',#5,#59,$);
#865 = PRODUCT_RELATED_PRODUCT_CATEGORY('part',$,(#61));
#866 = SHAPE_DEFINITION_REPRESENTATION(#867,#873);
#867 = PRODUCT_DEFINITION_SHAPE('','',#868);
#868 = PRODUCT_DEFINITION('design','',#869,#872);
#869 = PRODUCT_DEFINITION_FORMATION('','',#870);
#870 = PRODUCT('PinHeader_1x01_P2.54mm_Vertical',
  'PinHeader_1x01_P2.54mm_Vertical','',(#871));
#871 = PRODUCT_CONTEXT('',#2,'mechanical');
#872 = PRODUCT_DEFINITION_CONTEXT('part definition',#2,'design');
#873 = ADVANCED_BREP_SHAPE_REPRESENTATION('',(#11,#874),#1632);
#874 = MANIFOLD_SOLID_BREP('',#875);
#875 = CLOSED_SHELL('',(#876,#916,#947,#978,#1061,#1144,#1161,#1178,
    #1195,#1212,#1224,#1255,#1279,#1303,#1320,#1351,#1375,#1399,#1416,
    #1447,#1471,#1495,#1512,#1543,#1567,#1591,#1608,#1620));
#876 = ADVANCED_FACE('',(#877),#911,.F.);
#877 = FACE_BOUND('',#878,.F.);
#878 = EDGE_LOOP('',(#879,#889,#897,#905));
#879 = ORIENTED_EDGE('',*,*,#880,.T.);
#880 = EDGE_CURVE('',#881,#883,#885,.T.);
#881 = VERTEX_POINT('',#882);
#882 = CARTESIAN_POINT('',(-1.016,1.27,0.));
#883 = VERTEX_POINT('',#884);
#884 = CARTESIAN_POINT('',(-1.016,1.27,2.54));
#885 = LINE('',#886,#887);
#886 = CARTESIAN_POINT('',(-1.016,1.27,0.));
#887 = VECTOR('',#888,1.);
#888 = DIRECTION('',(0.,0.,1.));
#889 = ORIENTED_EDGE('',*,*,#890,.T.);
#890 = EDGE_CURVE('',#883,#891,#893,.T.);
#891 = VERTEX_POINT('',#892);
#892 = CARTESIAN_POINT('',(-1.27,1.016,2.54));
#893 = LINE('',#894,#895);
#894 = CARTESIAN_POINT('',(-1.016,1.27,2.54));
#895 = VECTOR('',#896,1.);
#896 = DIRECTION('',(-0.707106781187,-0.707106781187,0.));
#897 = ORIENTED_EDGE('',*,*,#898,.F.);
#898 = EDGE_CURVE('',#899,#891,#901,.T.);
#899 = VERTEX_POINT('',#900);
#900 = CARTESIAN_POINT('',(-1.27,1.016,0.));
#901 = LINE('',#902,#903);
#902 = CARTESIAN_POINT('',(-1.27,1.016,0.));
#903 = VECTOR('',#904,1.);
#904 = DIRECTION('',(0.,0.,1.));
#905 = ORIENTED_EDGE('',*,*,#906,.F.);
#906 = EDGE_CURVE('',#881,#899,#907,.T.);
#907 = LINE('',#908,#909);
#908 = CARTESIAN_POINT('',(-1.016,1.27,0.));
#909 = VECTOR('',#910,1.);
#910 = DIRECTION('',(-0.707106781187,-0.707106781187,0.));
#911 = PLANE('',#912);
#912 = AXIS2_PLACEMENT_3D('',#913,#914,#915);
#913 = CARTESIAN_POINT('',(-1.016,1.27,0.));
#914 = DIRECTION('',(0.707106781187,-0.707106781187,0.));
#915 = DIRECTION('',(-0.707106781187,-0.707106781187,0.));
#916 = ADVANCED_FACE('',(#917),#942,.F.);
#917 = FACE_BOUND('',#918,.F.);
#918 = EDGE_LOOP('',(#919,#929,#935,#936));
#919 = ORIENTED_EDGE('',*,*,#920,.T.);
#920 = EDGE_CURVE('',#921,#923,#925,.T.);
#921 = VERTEX_POINT('',#922);
#922 = CARTESIAN_POINT('',(1.016,1.27,0.));
#923 = VERTEX_POINT('',#924);
#924 = CARTESIAN_POINT('',(1.016,1.27,2.54));
#925 = LINE('',#926,#927);
#926 = CARTESIAN_POINT('',(1.016,1.27,0.));
#927 = VECTOR('',#928,1.);
#928 = DIRECTION('',(0.,0.,1.));
#929 = ORIENTED_EDGE('',*,*,#930,.T.);
#930 = EDGE_CURVE('',#923,#883,#931,.T.);
#931 = LINE('',#932,#933);
#932 = CARTESIAN_POINT('',(1.016,1.27,2.54));
#933 = VECTOR('',#934,1.);
#934 = DIRECTION('',(-1.,0.,0.));
#935 = ORIENTED_EDGE('',*,*,#880,.F.);
#936 = ORIENTED_EDGE('',*,*,#937,.F.);
#937 = EDGE_CURVE('',#921,#881,#938,.T.);
#938 = LINE('',#939,#940);
#939 = CARTESIAN_POINT('',(1.016,1.27,0.));
#940 = VECTOR('',#941,1.);
#941 = DIRECTION('',(-1.,0.,0.));
#942 = PLANE('',#943);
#943 = AXIS2_PLACEMENT_3D('',#944,#945,#946);
#944 = CARTESIAN_POINT('',(1.016,1.27,0.));
#945 = DIRECTION('',(0.,-1.,0.));
#946 = DIRECTION('',(-1.,0.,0.));
#947 = ADVANCED_FACE('',(#948),#973,.F.);
#948 = FACE_BOUND('',#949,.F.);
#949 = EDGE_LOOP('',(#950,#951,#959,#967));
#950 = ORIENTED_EDGE('',*,*,#898,.T.);
#951 = ORIENTED_EDGE('',*,*,#952,.T.);
#952 = EDGE_CURVE('',#891,#953,#955,.T.);
#953 = VERTEX_POINT('',#954);
#954 = CARTESIAN_POINT('',(-1.27,-1.016,2.54));
#955 = LINE('',#956,#957);
#956 = CARTESIAN_POINT('',(-1.27,1.016,2.54));
#957 = VECTOR('',#958,1.);
#958 = DIRECTION('',(0.,-1.,0.));
#959 = ORIENTED_EDGE('',*,*,#960,.F.);
#960 = EDGE_CURVE('',#961,#953,#963,.T.);
#961 = VERTEX_POINT('',#962);
#962 = CARTESIAN_POINT('',(-1.27,-1.016,0.));
#963 = LINE('',#964,#965);
#964 = CARTESIAN_POINT('',(-1.27,-1.016,0.));
#965 = VECTOR('',#966,1.);
#966 = DIRECTION('',(0.,0.,1.));
#967 = ORIENTED_EDGE('',*,*,#968,.F.);
#968 = EDGE_CURVE('',#899,#961,#969,.T.);
#969 = LINE('',#970,#971);
#970 = CARTESIAN_POINT('',(-1.27,1.016,0.));
#971 = VECTOR('',#972,1.);
#972 = DIRECTION('',(0.,-1.,0.));
#973 = PLANE('',#974);
#974 = AXIS2_PLACEMENT_3D('',#975,#976,#977);
#975 = CARTESIAN_POINT('',(-1.27,1.016,0.));
#976 = DIRECTION('',(1.,0.,0.));
#977 = DIRECTION('',(0.,-1.,0.));
#978 = ADVANCED_FACE('',(#979,#1022),#1056,.F.);
#979 = FACE_BOUND('',#980,.F.);
#980 = EDGE_LOOP('',(#981,#982,#983,#991,#999,#1007,#1015,#1021));
#981 = ORIENTED_EDGE('',*,*,#906,.T.);
#982 = ORIENTED_EDGE('',*,*,#968,.T.);
#983 = ORIENTED_EDGE('',*,*,#984,.T.);
#984 = EDGE_CURVE('',#961,#985,#987,.T.);
#985 = VERTEX_POINT('',#986);
#986 = CARTESIAN_POINT('',(-1.016,-1.27,0.));
#987 = LINE('',#988,#989);
#988 = CARTESIAN_POINT('',(-1.27,-1.016,0.));
#989 = VECTOR('',#990,1.);
#990 = DIRECTION('',(0.707106781187,-0.707106781187,0.));
#991 = ORIENTED_EDGE('',*,*,#992,.T.);
#992 = EDGE_CURVE('',#985,#993,#995,.T.);
#993 = VERTEX_POINT('',#994);
#994 = CARTESIAN_POINT('',(1.016,-1.27,0.));
#995 = LINE('',#996,#997);
#996 = CARTESIAN_POINT('',(-1.016,-1.27,0.));
#997 = VECTOR('',#998,1.);
#998 = DIRECTION('',(1.,0.,0.));
#999 = ORIENTED_EDGE('',*,*,#1000,.T.);
#1000 = EDGE_CURVE('',#993,#1001,#1003,.T.);
#1001 = VERTEX_POINT('',#1002);
#1002 = CARTESIAN_POINT('',(1.27,-1.016,0.));
#1003 = LINE('',#1004,#1005);
#1004 = CARTESIAN_POINT('',(1.016,-1.27,0.));
#1005 = VECTOR('',#1006,1.);
#1006 = DIRECTION('',(0.707106781187,0.707106781187,0.));
#1007 = ORIENTED_EDGE('',*,*,#1008,.T.);
#1008 = EDGE_CURVE('',#1001,#1009,#1011,.T.);
#1009 = VERTEX_POINT('',#1010);
#1010 = CARTESIAN_POINT('',(1.27,1.016,0.));
#1011 = LINE('',#1012,#1013);
#1012 = CARTESIAN_POINT('',(1.27,-1.016,0.));
#1013 = VECTOR('',#1014,1.);
#1014 = DIRECTION('',(0.,1.,0.));
#1015 = ORIENTED_EDGE('',*,*,#1016,.T.);
#1016 = EDGE_CURVE('',#1009,#921,#1017,.T.);
#1017 = LINE('',#1018,#1019);
#1018 = CARTESIAN_POINT('',(1.27,1.016,0.));
#1019 = VECTOR('',#1020,1.);
#1020 = DIRECTION('',(-0.707106781187,0.707106781187,0.));
#1021 = ORIENTED_EDGE('',*,*,#937,.T.);
#1022 = FACE_BOUND('',#1023,.F.);
#1023 = EDGE_LOOP('',(#1024,#1034,#1042,#1050));
#1024 = ORIENTED_EDGE('',*,*,#1025,.T.);
#1025 = EDGE_CURVE('',#1026,#1028,#1030,.T.);
#1026 = VERTEX_POINT('',#1027);
#1027 = CARTESIAN_POINT('',(0.32,-0.32,0.));
#1028 = VERTEX_POINT('',#1029);
#1029 = CARTESIAN_POINT('',(-0.32,-0.32,0.));
#1030 = LINE('',#1031,#1032);
#1031 = CARTESIAN_POINT('',(-0.16,-0.32,0.));
#1032 = VECTOR('',#1033,1.);
#1033 = DIRECTION('',(-1.,0.,0.));
#1034 = ORIENTED_EDGE('',*,*,#1035,.T.);
#1035 = EDGE_CURVE('',#1028,#1036,#1038,.T.);
#1036 = VERTEX_POINT('',#1037);
#1037 = CARTESIAN_POINT('',(-0.32,0.32,0.));
#1038 = LINE('',#1039,#1040);
#1039 = CARTESIAN_POINT('',(-0.32,-0.16,0.));
#1040 = VECTOR('',#1041,1.);
#1041 = DIRECTION('',(0.,1.,0.));
#1042 = ORIENTED_EDGE('',*,*,#1043,.F.);
#1043 = EDGE_CURVE('',#1044,#1036,#1046,.T.);
#1044 = VERTEX_POINT('',#1045);
#1045 = CARTESIAN_POINT('',(0.32,0.32,0.));
#1046 = LINE('',#1047,#1048);
#1047 = CARTESIAN_POINT('',(-0.16,0.32,0.));
#1048 = VECTOR('',#1049,1.);
#1049 = DIRECTION('',(-1.,0.,0.));
#1050 = ORIENTED_EDGE('',*,*,#1051,.F.);
#1051 = EDGE_CURVE('',#1026,#1044,#1052,.T.);
#1052 = LINE('',#1053,#1054);
#1053 = CARTESIAN_POINT('',(0.32,-0.16,0.));
#1054 = VECTOR('',#1055,1.);
#1055 = DIRECTION('',(0.,1.,0.));
#1056 = PLANE('',#1057);
#1057 = AXIS2_PLACEMENT_3D('',#1058,#1059,#1060);
#1058 = CARTESIAN_POINT('',(2.321466769849E-17,4.642933539699E-17,0.));
#1059 = DIRECTION('',(0.,0.,1.));
#1060 = DIRECTION('',(1.,0.,-0.));
#1061 = ADVANCED_FACE('',(#1062,#1105),#1139,.T.);
#1062 = FACE_BOUND('',#1063,.T.);
#1063 = EDGE_LOOP('',(#1064,#1065,#1066,#1074,#1082,#1090,#1098,#1104));
#1064 = ORIENTED_EDGE('',*,*,#890,.T.);
#1065 = ORIENTED_EDGE('',*,*,#952,.T.);
#1066 = ORIENTED_EDGE('',*,*,#1067,.T.);
#1067 = EDGE_CURVE('',#953,#1068,#1070,.T.);
#1068 = VERTEX_POINT('',#1069);
#1069 = CARTESIAN_POINT('',(-1.016,-1.27,2.54));
#1070 = LINE('',#1071,#1072);
#1071 = CARTESIAN_POINT('',(-1.27,-1.016,2.54));
#1072 = VECTOR('',#1073,1.);
#1073 = DIRECTION('',(0.707106781187,-0.707106781187,0.));
#1074 = ORIENTED_EDGE('',*,*,#1075,.T.);
#1075 = EDGE_CURVE('',#1068,#1076,#1078,.T.);
#1076 = VERTEX_POINT('',#1077);
#1077 = CARTESIAN_POINT('',(1.016,-1.27,2.54));
#1078 = LINE('',#1079,#1080);
#1079 = CARTESIAN_POINT('',(-1.016,-1.27,2.54));
#1080 = VECTOR('',#1081,1.);
#1081 = DIRECTION('',(1.,0.,0.));
#1082 = ORIENTED_EDGE('',*,*,#1083,.T.);
#1083 = EDGE_CURVE('',#1076,#1084,#1086,.T.);
#1084 = VERTEX_POINT('',#1085);
#1085 = CARTESIAN_POINT('',(1.27,-1.016,2.54));
#1086 = LINE('',#1087,#1088);
#1087 = CARTESIAN_POINT('',(1.016,-1.27,2.54));
#1088 = VECTOR('',#1089,1.);
#1089 = DIRECTION('',(0.707106781187,0.707106781187,0.));
#1090 = ORIENTED_EDGE('',*,*,#1091,.T.);
#1091 = EDGE_CURVE('',#1084,#1092,#1094,.T.);
#1092 = VERTEX_POINT('',#1093);
#1093 = CARTESIAN_POINT('',(1.27,1.016,2.54));
#1094 = LINE('',#1095,#1096);
#1095 = CARTESIAN_POINT('',(1.27,-1.016,2.54));
#1096 = VECTOR('',#1097,1.);
#1097 = DIRECTION('',(0.,1.,0.));
#1098 = ORIENTED_EDGE('',*,*,#1099,.T.);
#1099 = EDGE_CURVE('',#1092,#923,#1100,.T.);
#1100 = LINE('',#1101,#1102);
#1101 = CARTESIAN_POINT('',(1.27,1.016,2.54));
#1102 = VECTOR('',#1103,1.);
#1103 = DIRECTION('',(-0.707106781187,0.707106781187,0.));
#1104 = ORIENTED_EDGE('',*,*,#930,.T.);
#1105 = FACE_BOUND('',#1106,.T.);
#1106 = EDGE_LOOP('',(#1107,#1117,#1125,#1133));
#1107 = ORIENTED_EDGE('',*,*,#1108,.T.);
#1108 = EDGE_CURVE('',#1109,#1111,#1113,.T.);
#1109 = VERTEX_POINT('',#1110);
#1110 = CARTESIAN_POINT('',(0.32,-0.32,2.54));
#1111 = VERTEX_POINT('',#1112);
#1112 = CARTESIAN_POINT('',(-0.32,-0.32,2.54));
#1113 = LINE('',#1114,#1115);
#1114 = CARTESIAN_POINT('',(-0.16,-0.32,2.54));
#1115 = VECTOR('',#1116,1.);
#1116 = DIRECTION('',(-1.,0.,0.));
#1117 = ORIENTED_EDGE('',*,*,#1118,.T.);
#1118 = EDGE_CURVE('',#1111,#1119,#1121,.T.);
#1119 = VERTEX_POINT('',#1120);
#1120 = CARTESIAN_POINT('',(-0.32,0.32,2.54));
#1121 = LINE('',#1122,#1123);
#1122 = CARTESIAN_POINT('',(-0.32,-0.16,2.54));
#1123 = VECTOR('',#1124,1.);
#1124 = DIRECTION('',(0.,1.,0.));
#1125 = ORIENTED_EDGE('',*,*,#1126,.F.);
#1126 = EDGE_CURVE('',#1127,#1119,#1129,.T.);
#1127 = VERTEX_POINT('',#1128);
#1128 = CARTESIAN_POINT('',(0.32,0.32,2.54));
#1129 = LINE('',#1130,#1131);
#1130 = CARTESIAN_POINT('',(-0.16,0.32,2.54));
#1131 = VECTOR('',#1132,1.);
#1132 = DIRECTION('',(-1.,0.,0.));
#1133 = ORIENTED_EDGE('',*,*,#1134,.F.);
#1134 = EDGE_CURVE('',#1109,#1127,#1135,.T.);
#1135 = LINE('',#1136,#1137);
#1136 = CARTESIAN_POINT('',(0.32,-0.16,2.54));
#1137 = VECTOR('',#1138,1.);
#1138 = DIRECTION('',(0.,1.,0.));
#1139 = PLANE('',#1140);
#1140 = AXIS2_PLACEMENT_3D('',#1141,#1142,#1143);
#1141 = CARTESIAN_POINT('',(2.321466769849E-17,4.642933539699E-17,2.54)
  );
#1142 = DIRECTION('',(0.,0.,1.));
#1143 = DIRECTION('',(1.,0.,-0.));
#1144 = ADVANCED_FACE('',(#1145),#1156,.F.);
#1145 = FACE_BOUND('',#1146,.F.);
#1146 = EDGE_LOOP('',(#1147,#1153,#1154,#1155));
#1147 = ORIENTED_EDGE('',*,*,#1148,.T.);
#1148 = EDGE_CURVE('',#1009,#1092,#1149,.T.);
#1149 = LINE('',#1150,#1151);
#1150 = CARTESIAN_POINT('',(1.27,1.016,0.));
#1151 = VECTOR('',#1152,1.);
#1152 = DIRECTION('',(0.,0.,1.));
#1153 = ORIENTED_EDGE('',*,*,#1099,.T.);
#1154 = ORIENTED_EDGE('',*,*,#920,.F.);
#1155 = ORIENTED_EDGE('',*,*,#1016,.F.);
#1156 = PLANE('',#1157);
#1157 = AXIS2_PLACEMENT_3D('',#1158,#1159,#1160);
#1158 = CARTESIAN_POINT('',(1.27,1.016,0.));
#1159 = DIRECTION('',(-0.707106781187,-0.707106781187,0.));
#1160 = DIRECTION('',(-0.707106781187,0.707106781187,0.));
#1161 = ADVANCED_FACE('',(#1162),#1173,.F.);
#1162 = FACE_BOUND('',#1163,.F.);
#1163 = EDGE_LOOP('',(#1164,#1165,#1166,#1172));
#1164 = ORIENTED_EDGE('',*,*,#960,.T.);
#1165 = ORIENTED_EDGE('',*,*,#1067,.T.);
#1166 = ORIENTED_EDGE('',*,*,#1167,.F.);
#1167 = EDGE_CURVE('',#985,#1068,#1168,.T.);
#1168 = LINE('',#1169,#1170);
#1169 = CARTESIAN_POINT('',(-1.016,-1.27,0.));
#1170 = VECTOR('',#1171,1.);
#1171 = DIRECTION('',(0.,0.,1.));
#1172 = ORIENTED_EDGE('',*,*,#984,.F.);
#1173 = PLANE('',#1174);
#1174 = AXIS2_PLACEMENT_3D('',#1175,#1176,#1177);
#1175 = CARTESIAN_POINT('',(-1.27,-1.016,0.));
#1176 = DIRECTION('',(0.707106781187,0.707106781187,0.));
#1177 = DIRECTION('',(0.707106781187,-0.707106781187,0.));
#1178 = ADVANCED_FACE('',(#1179),#1190,.F.);
#1179 = FACE_BOUND('',#1180,.F.);
#1180 = EDGE_LOOP('',(#1181,#1187,#1188,#1189));
#1181 = ORIENTED_EDGE('',*,*,#1182,.T.);
#1182 = EDGE_CURVE('',#1001,#1084,#1183,.T.);
#1183 = LINE('',#1184,#1185);
#1184 = CARTESIAN_POINT('',(1.27,-1.016,0.));
#1185 = VECTOR('',#1186,1.);
#1186 = DIRECTION('',(0.,0.,1.));
#1187 = ORIENTED_EDGE('',*,*,#1091,.T.);
#1188 = ORIENTED_EDGE('',*,*,#1148,.F.);
#1189 = ORIENTED_EDGE('',*,*,#1008,.F.);
#1190 = PLANE('',#1191);
#1191 = AXIS2_PLACEMENT_3D('',#1192,#1193,#1194);
#1192 = CARTESIAN_POINT('',(1.27,-1.016,0.));
#1193 = DIRECTION('',(-1.,0.,0.));
#1194 = DIRECTION('',(0.,1.,0.));
#1195 = ADVANCED_FACE('',(#1196),#1207,.F.);
#1196 = FACE_BOUND('',#1197,.F.);
#1197 = EDGE_LOOP('',(#1198,#1199,#1200,#1206));
#1198 = ORIENTED_EDGE('',*,*,#1167,.T.);
#1199 = ORIENTED_EDGE('',*,*,#1075,.T.);
#1200 = ORIENTED_EDGE('',*,*,#1201,.F.);
#1201 = EDGE_CURVE('',#993,#1076,#1202,.T.);
#1202 = LINE('',#1203,#1204);
#1203 = CARTESIAN_POINT('',(1.016,-1.27,0.));
#1204 = VECTOR('',#1205,1.);
#1205 = DIRECTION('',(0.,0.,1.));
#1206 = ORIENTED_EDGE('',*,*,#992,.F.);
#1207 = PLANE('',#1208);
#1208 = AXIS2_PLACEMENT_3D('',#1209,#1210,#1211);
#1209 = CARTESIAN_POINT('',(-1.016,-1.27,0.));
#1210 = DIRECTION('',(0.,1.,0.));
#1211 = DIRECTION('',(1.,0.,0.));
#1212 = ADVANCED_FACE('',(#1213),#1219,.F.);
#1213 = FACE_BOUND('',#1214,.F.);
#1214 = EDGE_LOOP('',(#1215,#1216,#1217,#1218));
#1215 = ORIENTED_EDGE('',*,*,#1201,.T.);
#1216 = ORIENTED_EDGE('',*,*,#1083,.T.);
#1217 = ORIENTED_EDGE('',*,*,#1182,.F.);
#1218 = ORIENTED_EDGE('',*,*,#1000,.F.);
#1219 = PLANE('',#1220);
#1220 = AXIS2_PLACEMENT_3D('',#1221,#1222,#1223);
#1221 = CARTESIAN_POINT('',(1.016,-1.27,0.));
#1222 = DIRECTION('',(-0.707106781187,0.707106781187,0.));
#1223 = DIRECTION('',(0.707106781187,0.707106781187,0.));
#1224 = ADVANCED_FACE('',(#1225),#1250,.F.);
#1225 = FACE_BOUND('',#1226,.F.);
#1226 = EDGE_LOOP('',(#1227,#1235,#1243,#1249));
#1227 = ORIENTED_EDGE('',*,*,#1228,.F.);
#1228 = EDGE_CURVE('',#1229,#1026,#1231,.T.);
#1229 = VERTEX_POINT('',#1230);
#1230 = CARTESIAN_POINT('',(0.32,-0.32,-2.84));
#1231 = LINE('',#1232,#1233);
#1232 = CARTESIAN_POINT('',(0.32,-0.32,-3.));
#1233 = VECTOR('',#1234,1.);
#1234 = DIRECTION('',(0.,0.,1.));
#1235 = ORIENTED_EDGE('',*,*,#1236,.F.);
#1236 = EDGE_CURVE('',#1237,#1229,#1239,.T.);
#1237 = VERTEX_POINT('',#1238);
#1238 = CARTESIAN_POINT('',(-0.32,-0.32,-2.84));
#1239 = LINE('',#1240,#1241);
#1240 = CARTESIAN_POINT('',(-0.32,-0.32,-2.84));
#1241 = VECTOR('',#1242,1.);
#1242 = DIRECTION('',(1.,0.,0.));
#1243 = ORIENTED_EDGE('',*,*,#1244,.T.);
#1244 = EDGE_CURVE('',#1237,#1028,#1245,.T.);
#1245 = LINE('',#1246,#1247);
#1246 = CARTESIAN_POINT('',(-0.32,-0.32,-3.));
#1247 = VECTOR('',#1248,1.);
#1248 = DIRECTION('',(0.,0.,1.));
#1249 = ORIENTED_EDGE('',*,*,#1025,.F.);
#1250 = PLANE('',#1251);
#1251 = AXIS2_PLACEMENT_3D('',#1252,#1253,#1254);
#1252 = CARTESIAN_POINT('',(-0.32,-0.32,-3.));
#1253 = DIRECTION('',(0.,1.,0.));
#1254 = DIRECTION('',(0.,-0.,1.));
#1255 = ADVANCED_FACE('',(#1256),#1274,.T.);
#1256 = FACE_BOUND('',#1257,.T.);
#1257 = EDGE_LOOP('',(#1258,#1259,#1267,#1273));
#1258 = ORIENTED_EDGE('',*,*,#1228,.F.);
#1259 = ORIENTED_EDGE('',*,*,#1260,.T.);
#1260 = EDGE_CURVE('',#1229,#1261,#1263,.T.);
#1261 = VERTEX_POINT('',#1262);
#1262 = CARTESIAN_POINT('',(0.32,0.32,-2.84));
#1263 = LINE('',#1264,#1265);
#1264 = CARTESIAN_POINT('',(0.32,-0.32,-2.84));
#1265 = VECTOR('',#1266,1.);
#1266 = DIRECTION('',(0.,1.,0.));
#1267 = ORIENTED_EDGE('',*,*,#1268,.T.);
#1268 = EDGE_CURVE('',#1261,#1044,#1269,.T.);
#1269 = LINE('',#1270,#1271);
#1270 = CARTESIAN_POINT('',(0.32,0.32,-3.));
#1271 = VECTOR('',#1272,1.);
#1272 = DIRECTION('',(0.,0.,1.));
#1273 = ORIENTED_EDGE('',*,*,#1051,.F.);
#1274 = PLANE('',#1275);
#1275 = AXIS2_PLACEMENT_3D('',#1276,#1277,#1278);
#1276 = CARTESIAN_POINT('',(0.32,-0.32,-3.));
#1277 = DIRECTION('',(1.,0.,0.));
#1278 = DIRECTION('',(0.,0.,1.));
#1279 = ADVANCED_FACE('',(#1280),#1298,.T.);
#1280 = FACE_BOUND('',#1281,.T.);
#1281 = EDGE_LOOP('',(#1282,#1283,#1291,#1297));
#1282 = ORIENTED_EDGE('',*,*,#1268,.F.);
#1283 = ORIENTED_EDGE('',*,*,#1284,.F.);
#1284 = EDGE_CURVE('',#1285,#1261,#1287,.T.);
#1285 = VERTEX_POINT('',#1286);
#1286 = CARTESIAN_POINT('',(-0.32,0.32,-2.84));
#1287 = LINE('',#1288,#1289);
#1288 = CARTESIAN_POINT('',(-0.32,0.32,-2.84));
#1289 = VECTOR('',#1290,1.);
#1290 = DIRECTION('',(1.,0.,0.));
#1291 = ORIENTED_EDGE('',*,*,#1292,.T.);
#1292 = EDGE_CURVE('',#1285,#1036,#1293,.T.);
#1293 = LINE('',#1294,#1295);
#1294 = CARTESIAN_POINT('',(-0.32,0.32,-3.));
#1295 = VECTOR('',#1296,1.);
#1296 = DIRECTION('',(0.,0.,1.));
#1297 = ORIENTED_EDGE('',*,*,#1043,.F.);
#1298 = PLANE('',#1299);
#1299 = AXIS2_PLACEMENT_3D('',#1300,#1301,#1302);
#1300 = CARTESIAN_POINT('',(-0.32,0.32,-3.));
#1301 = DIRECTION('',(0.,1.,0.));
#1302 = DIRECTION('',(0.,-0.,1.));
#1303 = ADVANCED_FACE('',(#1304),#1315,.F.);
#1304 = FACE_BOUND('',#1305,.F.);
#1305 = EDGE_LOOP('',(#1306,#1307,#1313,#1314));
#1306 = ORIENTED_EDGE('',*,*,#1244,.F.);
#1307 = ORIENTED_EDGE('',*,*,#1308,.T.);
#1308 = EDGE_CURVE('',#1237,#1285,#1309,.T.);
#1309 = LINE('',#1310,#1311);
#1310 = CARTESIAN_POINT('',(-0.32,-0.32,-2.84));
#1311 = VECTOR('',#1312,1.);
#1312 = DIRECTION('',(0.,1.,0.));
#1313 = ORIENTED_EDGE('',*,*,#1292,.T.);
#1314 = ORIENTED_EDGE('',*,*,#1035,.F.);
#1315 = PLANE('',#1316);
#1316 = AXIS2_PLACEMENT_3D('',#1317,#1318,#1319);
#1317 = CARTESIAN_POINT('',(-0.32,-0.32,-3.));
#1318 = DIRECTION('',(1.,0.,0.));
#1319 = DIRECTION('',(0.,0.,1.));
#1320 = ADVANCED_FACE('',(#1321),#1346,.F.);
#1321 = FACE_BOUND('',#1322,.F.);
#1322 = EDGE_LOOP('',(#1323,#1331,#1332,#1340));
#1323 = ORIENTED_EDGE('',*,*,#1324,.F.);
#1324 = EDGE_CURVE('',#1109,#1325,#1327,.T.);
#1325 = VERTEX_POINT('',#1326);
#1326 = CARTESIAN_POINT('',(0.32,-0.32,8.38));
#1327 = LINE('',#1328,#1329);
#1328 = CARTESIAN_POINT('',(0.32,-0.32,-3.));
#1329 = VECTOR('',#1330,1.);
#1330 = DIRECTION('',(0.,0.,1.));
#1331 = ORIENTED_EDGE('',*,*,#1108,.T.);
#1332 = ORIENTED_EDGE('',*,*,#1333,.T.);
#1333 = EDGE_CURVE('',#1111,#1334,#1336,.T.);
#1334 = VERTEX_POINT('',#1335);
#1335 = CARTESIAN_POINT('',(-0.32,-0.32,8.38));
#1336 = LINE('',#1337,#1338);
#1337 = CARTESIAN_POINT('',(-0.32,-0.32,-3.));
#1338 = VECTOR('',#1339,1.);
#1339 = DIRECTION('',(0.,0.,1.));
#1340 = ORIENTED_EDGE('',*,*,#1341,.T.);
#1341 = EDGE_CURVE('',#1334,#1325,#1342,.T.);
#1342 = LINE('',#1343,#1344);
#1343 = CARTESIAN_POINT('',(-0.32,-0.32,8.38));
#1344 = VECTOR('',#1345,1.);
#1345 = DIRECTION('',(1.,0.,0.));
#1346 = PLANE('',#1347);
#1347 = AXIS2_PLACEMENT_3D('',#1348,#1349,#1350);
#1348 = CARTESIAN_POINT('',(-0.32,-0.32,-3.));
#1349 = DIRECTION('',(0.,1.,0.));
#1350 = DIRECTION('',(0.,-0.,1.));
#1351 = ADVANCED_FACE('',(#1352),#1370,.T.);
#1352 = FACE_BOUND('',#1353,.T.);
#1353 = EDGE_LOOP('',(#1354,#1355,#1356,#1364));
#1354 = ORIENTED_EDGE('',*,*,#1324,.F.);
#1355 = ORIENTED_EDGE('',*,*,#1134,.T.);
#1356 = ORIENTED_EDGE('',*,*,#1357,.T.);
#1357 = EDGE_CURVE('',#1127,#1358,#1360,.T.);
#1358 = VERTEX_POINT('',#1359);
#1359 = CARTESIAN_POINT('',(0.32,0.32,8.38));
#1360 = LINE('',#1361,#1362);
#1361 = CARTESIAN_POINT('',(0.32,0.32,-3.));
#1362 = VECTOR('',#1363,1.);
#1363 = DIRECTION('',(0.,0.,1.));
#1364 = ORIENTED_EDGE('',*,*,#1365,.F.);
#1365 = EDGE_CURVE('',#1325,#1358,#1366,.T.);
#1366 = LINE('',#1367,#1368);
#1367 = CARTESIAN_POINT('',(0.32,-0.32,8.38));
#1368 = VECTOR('',#1369,1.);
#1369 = DIRECTION('',(0.,1.,0.));
#1370 = PLANE('',#1371);
#1371 = AXIS2_PLACEMENT_3D('',#1372,#1373,#1374);
#1372 = CARTESIAN_POINT('',(0.32,-0.32,-3.));
#1373 = DIRECTION('',(1.,0.,0.));
#1374 = DIRECTION('',(0.,0.,1.));
#1375 = ADVANCED_FACE('',(#1376),#1394,.T.);
#1376 = FACE_BOUND('',#1377,.T.);
#1377 = EDGE_LOOP('',(#1378,#1379,#1380,#1388));
#1378 = ORIENTED_EDGE('',*,*,#1357,.F.);
#1379 = ORIENTED_EDGE('',*,*,#1126,.T.);
#1380 = ORIENTED_EDGE('',*,*,#1381,.T.);
#1381 = EDGE_CURVE('',#1119,#1382,#1384,.T.);
#1382 = VERTEX_POINT('',#1383);
#1383 = CARTESIAN_POINT('',(-0.32,0.32,8.38));
#1384 = LINE('',#1385,#1386);
#1385 = CARTESIAN_POINT('',(-0.32,0.32,-3.));
#1386 = VECTOR('',#1387,1.);
#1387 = DIRECTION('',(0.,0.,1.));
#1388 = ORIENTED_EDGE('',*,*,#1389,.T.);
#1389 = EDGE_CURVE('',#1382,#1358,#1390,.T.);
#1390 = LINE('',#1391,#1392);
#1391 = CARTESIAN_POINT('',(-0.32,0.32,8.38));
#1392 = VECTOR('',#1393,1.);
#1393 = DIRECTION('',(1.,0.,0.));
#1394 = PLANE('',#1395);
#1395 = AXIS2_PLACEMENT_3D('',#1396,#1397,#1398);
#1396 = CARTESIAN_POINT('',(-0.32,0.32,-3.));
#1397 = DIRECTION('',(0.,1.,0.));
#1398 = DIRECTION('',(0.,-0.,1.));
#1399 = ADVANCED_FACE('',(#1400),#1411,.F.);
#1400 = FACE_BOUND('',#1401,.F.);
#1401 = EDGE_LOOP('',(#1402,#1403,#1404,#1405));
#1402 = ORIENTED_EDGE('',*,*,#1333,.F.);
#1403 = ORIENTED_EDGE('',*,*,#1118,.T.);
#1404 = ORIENTED_EDGE('',*,*,#1381,.T.);
#1405 = ORIENTED_EDGE('',*,*,#1406,.F.);
#1406 = EDGE_CURVE('',#1334,#1382,#1407,.T.);
#1407 = LINE('',#1408,#1409);
#1408 = CARTESIAN_POINT('',(-0.32,-0.32,8.38));
#1409 = VECTOR('',#1410,1.);
#1410 = DIRECTION('',(0.,1.,0.));
#1411 = PLANE('',#1412);
#1412 = AXIS2_PLACEMENT_3D('',#1413,#1414,#1415);
#1413 = CARTESIAN_POINT('',(-0.32,-0.32,-3.));
#1414 = DIRECTION('',(1.,0.,0.));
#1415 = DIRECTION('',(0.,0.,1.));
#1416 = ADVANCED_FACE('',(#1417),#1442,.T.);
#1417 = FACE_BOUND('',#1418,.F.);
#1418 = EDGE_LOOP('',(#1419,#1427,#1428,#1436));
#1419 = ORIENTED_EDGE('',*,*,#1420,.F.);
#1420 = EDGE_CURVE('',#1237,#1421,#1423,.T.);
#1421 = VERTEX_POINT('',#1422);
#1422 = CARTESIAN_POINT('',(-0.16,-0.16,-3.));
#1423 = LINE('',#1424,#1425);
#1424 = CARTESIAN_POINT('',(-0.266666666667,-0.266666666667,
    -2.893333333333));
#1425 = VECTOR('',#1426,1.);
#1426 = DIRECTION('',(0.57735026919,0.57735026919,-0.57735026919));
#1427 = ORIENTED_EDGE('',*,*,#1236,.T.);
#1428 = ORIENTED_EDGE('',*,*,#1429,.T.);
#1429 = EDGE_CURVE('',#1229,#1430,#1432,.T.);
#1430 = VERTEX_POINT('',#1431);
#1431 = CARTESIAN_POINT('',(0.16,-0.16,-3.));
#1432 = LINE('',#1433,#1434);
#1433 = CARTESIAN_POINT('',(0.16,-0.16,-3.));
#1434 = VECTOR('',#1435,1.);
#1435 = DIRECTION('',(-0.57735026919,0.57735026919,-0.57735026919));
#1436 = ORIENTED_EDGE('',*,*,#1437,.F.);
#1437 = EDGE_CURVE('',#1421,#1430,#1438,.T.);
#1438 = LINE('',#1439,#1440);
#1439 = CARTESIAN_POINT('',(-0.32,-0.16,-3.));
#1440 = VECTOR('',#1441,1.);
#1441 = DIRECTION('',(1.,0.,0.));
#1442 = PLANE('',#1443);
#1443 = AXIS2_PLACEMENT_3D('',#1444,#1445,#1446);
#1444 = CARTESIAN_POINT('',(-0.32,-0.24,-2.92));
#1445 = DIRECTION('',(1.735167508357E-18,-0.707106781187,-0.707106781187
    ));
#1446 = DIRECTION('',(-1.,-1.226948711654E-18,-1.226948711654E-18));
#1447 = ADVANCED_FACE('',(#1448),#1466,.F.);
#1448 = FACE_BOUND('',#1449,.F.);
#1449 = EDGE_LOOP('',(#1450,#1451,#1452,#1460));
#1450 = ORIENTED_EDGE('',*,*,#1429,.F.);
#1451 = ORIENTED_EDGE('',*,*,#1260,.T.);
#1452 = ORIENTED_EDGE('',*,*,#1453,.T.);
#1453 = EDGE_CURVE('',#1261,#1454,#1456,.T.);
#1454 = VERTEX_POINT('',#1455);
#1455 = CARTESIAN_POINT('',(0.16,0.16,-3.));
#1456 = LINE('',#1457,#1458);
#1457 = CARTESIAN_POINT('',(5.333333333333E-02,5.333333333333E-02,
    -3.106666666667));
#1458 = VECTOR('',#1459,1.);
#1459 = DIRECTION('',(-0.57735026919,-0.57735026919,-0.57735026919));
#1460 = ORIENTED_EDGE('',*,*,#1461,.F.);
#1461 = EDGE_CURVE('',#1430,#1454,#1462,.T.);
#1462 = LINE('',#1463,#1464);
#1463 = CARTESIAN_POINT('',(0.16,-0.32,-3.));
#1464 = VECTOR('',#1465,1.);
#1465 = DIRECTION('',(0.,1.,0.));
#1466 = PLANE('',#1467);
#1467 = AXIS2_PLACEMENT_3D('',#1468,#1469,#1470);
#1468 = CARTESIAN_POINT('',(0.24,-0.32,-2.92));
#1469 = DIRECTION('',(-0.707106781187,1.735167508357E-18,0.707106781187)
  );
#1470 = DIRECTION('',(1.226948711654E-18,1.,-1.226948711654E-18));
#1471 = ADVANCED_FACE('',(#1472),#1490,.F.);
#1472 = FACE_BOUND('',#1473,.T.);
#1473 = EDGE_LOOP('',(#1474,#1482,#1483,#1484));
#1474 = ORIENTED_EDGE('',*,*,#1475,.F.);
#1475 = EDGE_CURVE('',#1285,#1476,#1478,.T.);
#1476 = VERTEX_POINT('',#1477);
#1477 = CARTESIAN_POINT('',(-0.16,0.16,-3.));
#1478 = LINE('',#1479,#1480);
#1479 = CARTESIAN_POINT('',(-0.16,0.16,-3.));
#1480 = VECTOR('',#1481,1.);
#1481 = DIRECTION('',(0.57735026919,-0.57735026919,-0.57735026919));
#1482 = ORIENTED_EDGE('',*,*,#1284,.T.);
#1483 = ORIENTED_EDGE('',*,*,#1453,.T.);
#1484 = ORIENTED_EDGE('',*,*,#1485,.F.);
#1485 = EDGE_CURVE('',#1476,#1454,#1486,.T.);
#1486 = LINE('',#1487,#1488);
#1487 = CARTESIAN_POINT('',(-0.32,0.16,-3.));
#1488 = VECTOR('',#1489,1.);
#1489 = DIRECTION('',(1.,0.,0.));
#1490 = PLANE('',#1491);
#1491 = AXIS2_PLACEMENT_3D('',#1492,#1493,#1494);
#1492 = CARTESIAN_POINT('',(-0.32,0.24,-2.92));
#1493 = DIRECTION('',(-1.735167508357E-18,-0.707106781187,0.707106781187
    ));
#1494 = DIRECTION('',(-1.,1.226948711654E-18,-1.226948711654E-18));
#1495 = ADVANCED_FACE('',(#1496),#1507,.T.);
#1496 = FACE_BOUND('',#1497,.T.);
#1497 = EDGE_LOOP('',(#1498,#1499,#1500,#1501));
#1498 = ORIENTED_EDGE('',*,*,#1420,.F.);
#1499 = ORIENTED_EDGE('',*,*,#1308,.T.);
#1500 = ORIENTED_EDGE('',*,*,#1475,.T.);
#1501 = ORIENTED_EDGE('',*,*,#1502,.F.);
#1502 = EDGE_CURVE('',#1421,#1476,#1503,.T.);
#1503 = LINE('',#1504,#1505);
#1504 = CARTESIAN_POINT('',(-0.16,-0.32,-3.));
#1505 = VECTOR('',#1506,1.);
#1506 = DIRECTION('',(0.,1.,0.));
#1507 = PLANE('',#1508);
#1508 = AXIS2_PLACEMENT_3D('',#1509,#1510,#1511);
#1509 = CARTESIAN_POINT('',(-0.24,-0.32,-2.92));
#1510 = DIRECTION('',(-0.707106781187,-1.735167508357E-18,
    -0.707106781187));
#1511 = DIRECTION('',(-1.226948711654E-18,1.,-1.226948711654E-18));
#1512 = ADVANCED_FACE('',(#1513),#1538,.F.);
#1513 = FACE_BOUND('',#1514,.T.);
#1514 = EDGE_LOOP('',(#1515,#1523,#1524,#1532));
#1515 = ORIENTED_EDGE('',*,*,#1516,.F.);
#1516 = EDGE_CURVE('',#1334,#1517,#1519,.T.);
#1517 = VERTEX_POINT('',#1518);
#1518 = CARTESIAN_POINT('',(-0.16,-0.16,8.54));
#1519 = LINE('',#1520,#1521);
#1520 = CARTESIAN_POINT('',(-0.266666666667,-0.266666666667,
    8.433333333333));
#1521 = VECTOR('',#1522,1.);
#1522 = DIRECTION('',(0.57735026919,0.57735026919,0.57735026919));
#1523 = ORIENTED_EDGE('',*,*,#1341,.T.);
#1524 = ORIENTED_EDGE('',*,*,#1525,.T.);
#1525 = EDGE_CURVE('',#1325,#1526,#1528,.T.);
#1526 = VERTEX_POINT('',#1527);
#1527 = CARTESIAN_POINT('',(0.16,-0.16,8.54));
#1528 = LINE('',#1529,#1530);
#1529 = CARTESIAN_POINT('',(0.16,-0.16,8.54));
#1530 = VECTOR('',#1531,1.);
#1531 = DIRECTION('',(-0.57735026919,0.57735026919,0.57735026919));
#1532 = ORIENTED_EDGE('',*,*,#1533,.F.);
#1533 = EDGE_CURVE('',#1517,#1526,#1534,.T.);
#1534 = LINE('',#1535,#1536);
#1535 = CARTESIAN_POINT('',(-0.32,-0.16,8.54));
#1536 = VECTOR('',#1537,1.);
#1537 = DIRECTION('',(1.,0.,0.));
#1538 = PLANE('',#1539);
#1539 = AXIS2_PLACEMENT_3D('',#1540,#1541,#1542);
#1540 = CARTESIAN_POINT('',(-0.32,-0.24,8.46));
#1541 = DIRECTION('',(-1.735167508357E-18,0.707106781187,-0.707106781187
    ));
#1542 = DIRECTION('',(-1.,-1.226948711654E-18,1.226948711654E-18));
#1543 = ADVANCED_FACE('',(#1544),#1562,.T.);
#1544 = FACE_BOUND('',#1545,.T.);
#1545 = EDGE_LOOP('',(#1546,#1547,#1548,#1556));
#1546 = ORIENTED_EDGE('',*,*,#1525,.F.);
#1547 = ORIENTED_EDGE('',*,*,#1365,.T.);
#1548 = ORIENTED_EDGE('',*,*,#1549,.T.);
#1549 = EDGE_CURVE('',#1358,#1550,#1552,.T.);
#1550 = VERTEX_POINT('',#1551);
#1551 = CARTESIAN_POINT('',(0.16,0.16,8.54));
#1552 = LINE('',#1553,#1554);
#1553 = CARTESIAN_POINT('',(5.333333333333E-02,5.333333333333E-02,
    8.646666666667));
#1554 = VECTOR('',#1555,1.);
#1555 = DIRECTION('',(-0.57735026919,-0.57735026919,0.57735026919));
#1556 = ORIENTED_EDGE('',*,*,#1557,.F.);
#1557 = EDGE_CURVE('',#1526,#1550,#1558,.T.);
#1558 = LINE('',#1559,#1560);
#1559 = CARTESIAN_POINT('',(0.16,-0.32,8.54));
#1560 = VECTOR('',#1561,1.);
#1561 = DIRECTION('',(0.,1.,0.));
#1562 = PLANE('',#1563);
#1563 = AXIS2_PLACEMENT_3D('',#1564,#1565,#1566);
#1564 = CARTESIAN_POINT('',(0.24,-0.32,8.46));
#1565 = DIRECTION('',(0.707106781187,-1.735167508357E-18,0.707106781187)
  );
#1566 = DIRECTION('',(1.226948711654E-18,1.,1.226948711654E-18));
#1567 = ADVANCED_FACE('',(#1568),#1586,.T.);
#1568 = FACE_BOUND('',#1569,.F.);
#1569 = EDGE_LOOP('',(#1570,#1578,#1579,#1580));
#1570 = ORIENTED_EDGE('',*,*,#1571,.F.);
#1571 = EDGE_CURVE('',#1382,#1572,#1574,.T.);
#1572 = VERTEX_POINT('',#1573);
#1573 = CARTESIAN_POINT('',(-0.16,0.16,8.54));
#1574 = LINE('',#1575,#1576);
#1575 = CARTESIAN_POINT('',(-0.16,0.16,8.54));
#1576 = VECTOR('',#1577,1.);
#1577 = DIRECTION('',(0.57735026919,-0.57735026919,0.57735026919));
#1578 = ORIENTED_EDGE('',*,*,#1389,.T.);
#1579 = ORIENTED_EDGE('',*,*,#1549,.T.);
#1580 = ORIENTED_EDGE('',*,*,#1581,.F.);
#1581 = EDGE_CURVE('',#1572,#1550,#1582,.T.);
#1582 = LINE('',#1583,#1584);
#1583 = CARTESIAN_POINT('',(-0.32,0.16,8.54));
#1584 = VECTOR('',#1585,1.);
#1585 = DIRECTION('',(1.,0.,0.));
#1586 = PLANE('',#1587);
#1587 = AXIS2_PLACEMENT_3D('',#1588,#1589,#1590);
#1588 = CARTESIAN_POINT('',(-0.32,0.24,8.46));
#1589 = DIRECTION('',(1.735167508357E-18,0.707106781187,0.707106781187)
  );
#1590 = DIRECTION('',(-1.,1.226948711654E-18,1.226948711654E-18));
#1591 = ADVANCED_FACE('',(#1592),#1603,.F.);
#1592 = FACE_BOUND('',#1593,.F.);
#1593 = EDGE_LOOP('',(#1594,#1595,#1596,#1597));
#1594 = ORIENTED_EDGE('',*,*,#1516,.F.);
#1595 = ORIENTED_EDGE('',*,*,#1406,.T.);
#1596 = ORIENTED_EDGE('',*,*,#1571,.T.);
#1597 = ORIENTED_EDGE('',*,*,#1598,.F.);
#1598 = EDGE_CURVE('',#1517,#1572,#1599,.T.);
#1599 = LINE('',#1600,#1601);
#1600 = CARTESIAN_POINT('',(-0.16,-0.32,8.54));
#1601 = VECTOR('',#1602,1.);
#1602 = DIRECTION('',(0.,1.,0.));
#1603 = PLANE('',#1604);
#1604 = AXIS2_PLACEMENT_3D('',#1605,#1606,#1607);
#1605 = CARTESIAN_POINT('',(-0.24,-0.32,8.46));
#1606 = DIRECTION('',(0.707106781187,1.735167508357E-18,-0.707106781187)
  );
#1607 = DIRECTION('',(-1.226948711654E-18,1.,1.226948711654E-18));
#1608 = ADVANCED_FACE('',(#1609),#1615,.F.);
#1609 = FACE_BOUND('',#1610,.F.);
#1610 = EDGE_LOOP('',(#1611,#1612,#1613,#1614));
#1611 = ORIENTED_EDGE('',*,*,#1485,.F.);
#1612 = ORIENTED_EDGE('',*,*,#1502,.F.);
#1613 = ORIENTED_EDGE('',*,*,#1437,.T.);
#1614 = ORIENTED_EDGE('',*,*,#1461,.T.);
#1615 = PLANE('',#1616);
#1616 = AXIS2_PLACEMENT_3D('',#1617,#1618,#1619);
#1617 = CARTESIAN_POINT('',(-0.32,-0.32,-3.));
#1618 = DIRECTION('',(0.,0.,1.));
#1619 = DIRECTION('',(1.,0.,-0.));
#1620 = ADVANCED_FACE('',(#1621),#1627,.T.);
#1621 = FACE_BOUND('',#1622,.T.);
#1622 = EDGE_LOOP('',(#1623,#1624,#1625,#1626));
#1623 = ORIENTED_EDGE('',*,*,#1557,.T.);
#1624 = ORIENTED_EDGE('',*,*,#1581,.F.);
#1625 = ORIENTED_EDGE('',*,*,#1598,.F.);
#1626 = ORIENTED_EDGE('',*,*,#1533,.T.);
#1627 = PLANE('',#1628);
#1628 = AXIS2_PLACEMENT_3D('',#1629,#1630,#1631);
#1629 = CARTESIAN_POINT('',(-0.32,-0.32,8.54));
#1630 = DIRECTION('',(0.,0.,1.));
#1631 = DIRECTION('',(1.,0.,-0.));
#1632 = ( GEOMETRIC_REPRESENTATION_CONTEXT(3) 
GLOBAL_UNCERTAINTY_ASSIGNED_CONTEXT((#1636)) 
GLOBAL_UNIT_ASSIGNED_CONTEXT((#1633,#1634,#1635)) REPRESENTATION_CONTEXT
('Context #1','3D Context with UNIT and UNCERTAINTY') );
#1633 = ( LENGTH_UNIT() NAMED_UNIT(*) SI_UNIT(.MILLI.,.METRE.) );
#1634 = ( NAMED_UNIT(*) PLANE_ANGLE_UNIT() SI_UNIT($,.RADIAN.) );
#1635 = ( NAMED_UNIT(*) SI_UNIT($,.STERADIAN.) SOLID_ANGLE_UNIT() );
#1636 = UNCERTAINTY_MEASURE_WITH_UNIT(LENGTH_MEASURE(1.E-07),#1633,
  'distance_accuracy_value','confusion accuracy');
#1637 = CONTEXT_DEPENDENT_SHAPE_REPRESENTATION(#1638,#1640);
#1638 = ( REPRESENTATION_RELATIONSHIP('','',#873,#10) 
REPRESENTATION_RELATIONSHIP_WITH_TRANSFORMATION(#1639) 
SHAPE_REPRESENTATION_RELATIONSHIP() );
#1639 = ITEM_DEFINED_TRANSFORMATION('','',#11,#19);
#1640 = PRODUCT_DEFINITION_SHAPE('Placement','Placement of an item',
  #1641);
#1641 = NEXT_ASSEMBLY_USAGE_OCCURRENCE('2','TP4','',#5,#868,$);
#1642 = PRODUCT_RELATED_PRODUCT_CATEGORY('part',$,(#870));
#1643 = SHAPE_DEFINITION_REPRESENTATION(#1644,#1650);
#1644 = PRODUCT_DEFINITION_SHAPE('','',#1645);
#1645 = PRODUCT_DEFINITION('design','',#1646,#1649);
#1646 = PRODUCT_DEFINITION_FORMATION('','',#1647);
#1647 = PRODUCT('R_Axial_DIN0207_L6.3mm_D2.5mm_P7.62mm_Horizontal',
  'R_Axial_DIN0207_L6.3mm_D2.5mm_P7.62mm_Horizontal','',(#1648));
#1648 = PRODUCT_CONTEXT('',#2,'mechanical');
#1649 = PRODUCT_DEFINITION_CONTEXT('part definition',#2,'design');
#1650 = ADVANCED_BREP_SHAPE_REPRESENTATION('',(#11,#1651),#2314);
#1651 = MANIFOLD_SOLID_BREP('',#1652);
#1652 = CLOSED_SHELL('',(#1653,#1686,#1712,#1732,#1915,#1940,#1966,#1986
    ,#2011,#2036,#2045,#2071,#2254,#2280,#2305));
#1653 = ADVANCED_FACE('',(#1654),#1681,.T.);
#1654 = FACE_BOUND('',#1655,.T.);
#1655 = EDGE_LOOP('',(#1656,#1665,#1673,#1680));
#1656 = ORIENTED_EDGE('',*,*,#1657,.T.);
#1657 = EDGE_CURVE('',#1658,#1658,#1660,.T.);
#1658 = VERTEX_POINT('',#1659);
#1659 = CARTESIAN_POINT('',(1.285,1.25,1.25));
#1660 = CIRCLE('',#1661,1.25);
#1661 = AXIS2_PLACEMENT_3D('',#1662,#1663,#1664);
#1662 = CARTESIAN_POINT('',(1.285,0.,1.25));
#1663 = DIRECTION('',(1.,0.,0.));
#1664 = DIRECTION('',(-0.,1.,0.));
#1665 = ORIENTED_EDGE('',*,*,#1666,.T.);
#1666 = EDGE_CURVE('',#1658,#1667,#1669,.T.);
#1667 = VERTEX_POINT('',#1668);
#1668 = CARTESIAN_POINT('',(2.235,1.25,1.25));
#1669 = LINE('',#1670,#1671);
#1670 = CARTESIAN_POINT('',(0.66,1.25,1.25));
#1671 = VECTOR('',#1672,1.);
#1672 = DIRECTION('',(1.,0.,0.));
#1673 = ORIENTED_EDGE('',*,*,#1674,.F.);
#1674 = EDGE_CURVE('',#1667,#1667,#1675,.T.);
#1675 = CIRCLE('',#1676,1.25);
#1676 = AXIS2_PLACEMENT_3D('',#1677,#1678,#1679);
#1677 = CARTESIAN_POINT('',(2.235,0.,1.25));
#1678 = DIRECTION('',(1.,0.,0.));
#1679 = DIRECTION('',(-0.,1.,0.));
#1680 = ORIENTED_EDGE('',*,*,#1666,.F.);
#1681 = CYLINDRICAL_SURFACE('',#1682,1.25);
#1682 = AXIS2_PLACEMENT_3D('',#1683,#1684,#1685);
#1683 = CARTESIAN_POINT('',(0.66,0.,1.25));
#1684 = DIRECTION('',(-1.,-0.,-0.));
#1685 = DIRECTION('',(0.,1.,0.));
#1686 = ADVANCED_FACE('',(#1687),#1707,.T.);
#1687 = FACE_BOUND('',#1688,.T.);
#1688 = EDGE_LOOP('',(#1689,#1698,#1705,#1706));
#1689 = ORIENTED_EDGE('',*,*,#1690,.T.);
#1690 = EDGE_CURVE('',#1691,#1691,#1693,.T.);
#1691 = VERTEX_POINT('',#1692);
#1692 = CARTESIAN_POINT('',(0.66,0.625,1.25));
#1693 = CIRCLE('',#1694,0.625);
#1694 = AXIS2_PLACEMENT_3D('',#1695,#1696,#1697);
#1695 = CARTESIAN_POINT('',(0.66,0.,1.25));
#1696 = DIRECTION('',(1.,0.,0.));
#1697 = DIRECTION('',(-0.,1.,0.));
#1698 = ORIENTED_EDGE('',*,*,#1699,.F.);
#1699 = EDGE_CURVE('',#1658,#1691,#1700,.T.);
#1700 = CIRCLE('',#1701,0.625);
#1701 = AXIS2_PLACEMENT_3D('',#1702,#1703,#1704);
#1702 = CARTESIAN_POINT('',(1.285,0.625,1.25));
#1703 = DIRECTION('',(0.,-0.,1.));
#1704 = DIRECTION('',(0.,1.,0.));
#1705 = ORIENTED_EDGE('',*,*,#1657,.F.);
#1706 = ORIENTED_EDGE('',*,*,#1699,.T.);
#1707 = TOROIDAL_SURFACE('',#1708,0.625,0.625);
#1708 = AXIS2_PLACEMENT_3D('',#1709,#1710,#1711);
#1709 = CARTESIAN_POINT('',(1.285,0.,1.25));
#1710 = DIRECTION('',(-1.,0.,0.));
#1711 = DIRECTION('',(0.,1.,0.));
#1712 = ADVANCED_FACE('',(#1713,#1716),#1727,.F.);
#1713 = FACE_BOUND('',#1714,.F.);
#1714 = EDGE_LOOP('',(#1715));
#1715 = ORIENTED_EDGE('',*,*,#1674,.F.);
#1716 = FACE_BOUND('',#1717,.F.);
#1717 = EDGE_LOOP('',(#1718));
#1718 = ORIENTED_EDGE('',*,*,#1719,.F.);
#1719 = EDGE_CURVE('',#1720,#1720,#1722,.T.);
#1720 = VERTEX_POINT('',#1721);
#1721 = CARTESIAN_POINT('',(2.235,1.125,1.25));
#1722 = CIRCLE('',#1723,1.125);
#1723 = AXIS2_PLACEMENT_3D('',#1724,#1725,#1726);
#1724 = CARTESIAN_POINT('',(2.235,0.,1.25));
#1725 = DIRECTION('',(-1.,0.,0.));
#1726 = DIRECTION('',(0.,1.,0.));
#1727 = PLANE('',#1728);
#1728 = AXIS2_PLACEMENT_3D('',#1729,#1730,#1731);
#1729 = CARTESIAN_POINT('',(2.235,1.25,1.25));
#1730 = DIRECTION('',(-1.,0.,0.));
#1731 = DIRECTION('',(0.,0.,-1.));
#1732 = ADVANCED_FACE('',(#1733,#1736),#1910,.T.);
#1733 = FACE_BOUND('',#1734,.T.);
#1734 = EDGE_LOOP('',(#1735));
#1735 = ORIENTED_EDGE('',*,*,#1690,.F.);
#1736 = FACE_BOUND('',#1737,.T.);
#1737 = EDGE_LOOP('',(#1738));
#1738 = ORIENTED_EDGE('',*,*,#1739,.F.);
#1739 = EDGE_CURVE('',#1740,#1740,#1742,.T.);
#1740 = VERTEX_POINT('',#1741);
#1741 = CARTESIAN_POINT('',(0.66,1.102182119233E-16,0.899909083395));
#1742 = B_SPLINE_CURVE_WITH_KNOTS('',6,(#1743,#1744,#1745,#1746,#1747,
    #1748,#1749,#1750,#1751,#1752,#1753,#1754,#1755,#1756,#1757,#1758,
    #1759,#1760,#1761,#1762,#1763,#1764,#1765,#1766,#1767,#1768,#1769,
    #1770,#1771,#1772,#1773,#1774,#1775,#1776,#1777,#1778,#1779,#1780,
    #1781,#1782,#1783,#1784,#1785,#1786,#1787,#1788,#1789,#1790,#1791,
    #1792,#1793,#1794,#1795,#1796,#1797,#1798,#1799,#1800,#1801,#1802,
    #1803,#1804,#1805,#1806,#1807,#1808,#1809,#1810,#1811,#1812,#1813,
    #1814,#1815,#1816,#1817,#1818,#1819,#1820,#1821,#1822,#1823,#1824,
    #1825,#1826,#1827,#1828,#1829,#1830,#1831,#1832,#1833,#1834,#1835,
    #1836,#1837,#1838,#1839,#1840,#1841,#1842,#1843,#1844,#1845,#1846,
    #1847,#1848,#1849,#1850,#1851,#1852,#1853,#1854,#1855,#1856,#1857,
    #1858,#1859,#1860,#1861,#1862,#1863,#1864,#1865,#1866,#1867,#1868,
    #1869,#1870,#1871,#1872,#1873,#1874,#1875,#1876,#1877,#1878,#1879,
    #1880,#1881,#1882,#1883,#1884,#1885,#1886,#1887,#1888,#1889,#1890,
    #1891,#1892,#1893,#1894,#1895,#1896,#1897,#1898,#1899,#1900,#1901,
    #1902,#1903,#1904,#1905,#1906,#1907,#1908,#1909),.UNSPECIFIED.,.T.,
  .F.,(1,6,5,5,5,5,5,5,5,5,5,5,5,5,5,5,5,5,5,5,5,5,5,5,5,5,5,5,5,5,5,5,5
    ,5,6,1),(-3.7441643477E-02,0.,2.521870323933E-02,5.431496394384E-02,
    8.648919549843E-02,0.120700162351,0.155854554579,0.191019956077,
    0.22552099352,0.258944151729,0.291091798271,0.321919308947,
    0.351475044446,0.379851974729,0.407153625953,0.43347490921,
    0.458900868731,0.483545347382,0.505902822615,0.530283950565,
    0.555351989471,0.581274789002,0.608140584187,0.636038742308,
    0.665070462617,0.695336577837,0.72690990423,0.759792997252,
    0.79386262098,0.828806470397,0.864066503475,0.898816439436,
    0.932013287381,0.962558356523,1.,1.025218703239),.UNSPECIFIED.);
#1743 = CARTESIAN_POINT('',(0.66,0.,0.899909083395));
#1744 = CARTESIAN_POINT('',(0.66,-9.861963323296E-03,0.899909084471));
#1745 = CARTESIAN_POINT('',(0.66,-1.960383099012E-02,0.900333558971));
#1746 = CARTESIAN_POINT('',(0.66,-2.90667633729E-02,0.901163095205));
#1747 = CARTESIAN_POINT('',(0.66,-3.818473840012E-02,0.902336888075));
#1748 = CARTESIAN_POINT('',(0.66,-4.697555886318E-02,0.903805406252));
#1749 = CARTESIAN_POINT('',(0.66,-6.541217845247E-02,0.907588617289));
#1750 = CARTESIAN_POINT('',(0.66,-7.491989955217E-02,0.909985996381));
#1751 = CARTESIAN_POINT('',(0.66,-8.408858685729E-02,0.912709602459));
#1752 = CARTESIAN_POINT('',(0.66,-9.29431150905E-02,0.915726339128));
#1753 = CARTESIAN_POINT('',(0.66,-0.101504886237,0.919011492948));
#1754 = CARTESIAN_POINT('',(0.66,-0.118958160976,0.926453793498));
#1755 = CARTESIAN_POINT('',(0.66,-0.127787740677,0.930666021227));
#1756 = CARTESIAN_POINT('',(0.66,-0.136306213845,0.935155972835));
#1757 = CARTESIAN_POINT('',(0.66,-0.144532125259,0.939904061777));
#1758 = CARTESIAN_POINT('',(0.66,-0.152479834979,0.944895594586));
#1759 = CARTESIAN_POINT('',(0.66,-0.168328675181,0.955672717204));
#1760 = CARTESIAN_POINT('',(0.66,-0.176194628708,0.961488338811));
#1761 = CARTESIAN_POINT('',(0.66,-0.183772627725,0.967551590964));
#1762 = CARTESIAN_POINT('',(0.66,-0.191071921446,0.973851630909));
#1763 = CARTESIAN_POINT('',(0.66,-0.19809849539,0.980379998969));
#1764 = CARTESIAN_POINT('',(0.66,-0.211800252103,0.99406561399));
#1765 = CARTESIAN_POINT('',(0.66,-0.218460183619,1.001235038361));
#1766 = CARTESIAN_POINT('',(0.66,-0.224839916669,1.008630424477));
#1767 = CARTESIAN_POINT('',(0.66,-0.230940302033,1.016245317007));
#1768 = CARTESIAN_POINT('',(0.66,-0.236759778797,1.024074009311));
#1769 = CARTESIAN_POINT('',(0.66,-0.247832030244,1.040150827903));
#1770 = CARTESIAN_POINT('',(0.66,-0.253084597548,1.048398894868));
#1771 = CARTESIAN_POINT('',(0.66,-0.258049056373,1.056850063306));
#1772 = CARTESIAN_POINT('',(0.66,-0.262719990238,1.065498702059));
#1773 = CARTESIAN_POINT('',(0.66,-0.267090249501,1.07433884651));
#1774 = CARTESIAN_POINT('',(0.66,-0.275134936213,1.092219038761));
#1775 = CARTESIAN_POINT('',(0.66,-0.278821023102,1.101251941956));
#1776 = CARTESIAN_POINT('',(0.66,-0.282200792082,1.110456832947));
#1777 = CARTESIAN_POINT('',(0.66,-0.285264705632,1.119826546568));
#1778 = CARTESIAN_POINT('',(0.66,-0.288002108658,1.129352827713));
#1779 = CARTESIAN_POINT('',(0.66,-0.29272539517,1.148397615962));
#1780 = CARTESIAN_POINT('',(0.66,-0.29473218058,1.157906910826));
#1781 = CARTESIAN_POINT('',(0.66,-0.296410836061,1.167545600214));
#1782 = CARTESIAN_POINT('',(0.66,-0.297750151594,1.177303530334));
#1783 = CARTESIAN_POINT('',(0.66,-0.298738455802,1.187169009313));
#1784 = CARTESIAN_POINT('',(0.66,-0.299964918417,1.206708514181));
#1785 = CARTESIAN_POINT('',(0.66,-0.300230384291,1.216375379318));
#1786 = CARTESIAN_POINT('',(0.66,-0.300149186912,1.226117491764));
#1787 = CARTESIAN_POINT('',(0.66,-0.299710710819,1.235921272022));
#1788 = CARTESIAN_POINT('',(0.66,-0.298904551758,1.245771471938));
#1789 = CARTESIAN_POINT('',(0.66,-0.296585103724,1.265125169703));
#1790 = CARTESIAN_POINT('',(0.66,-0.295102339165,1.274626258325));
#1791 = CARTESIAN_POINT('',(0.66,-0.293263240337,1.284139377081));
#1792 = CARTESIAN_POINT('',(0.66,-0.291059628806,1.293647957516));
#1793 = CARTESIAN_POINT('',(0.66,-0.288484130363,1.303133926208));
#1794 = CARTESIAN_POINT('',(0.66,-0.282698083788,1.321631884472));
#1795 = CARTESIAN_POINT('',(0.66,-0.279518227914,1.330647303479));
#1796 = CARTESIAN_POINT('',(0.66,-0.275984860345,1.33960658093));
#1797 = CARTESIAN_POINT('',(0.66,-0.272093455342,1.348491200819));
#1798 = CARTESIAN_POINT('',(0.66,-0.267840708483,1.357281511993));
#1799 = CARTESIAN_POINT('',(0.66,-0.258792476906,1.374285940745));
#1800 = CARTESIAN_POINT('',(0.66,-0.254025481533,1.382509111114));
#1801 = CARTESIAN_POINT('',(0.66,-0.248921768643,1.390607755283));
#1802 = CARTESIAN_POINT('',(0.66,-0.243480982245,1.398562700734));
#1803 = CARTESIAN_POINT('',(0.66,-0.237704192262,1.406354086406));
#1804 = CARTESIAN_POINT('',(0.66,-0.22571513259,1.421280378602));
#1805 = CARTESIAN_POINT('',(0.66,-0.219527706492,1.428429037341));
#1806 = CARTESIAN_POINT('',(0.66,-0.213033892817,1.435388992124));
#1807 = CARTESIAN_POINT('',(0.66,-0.206237433156,1.442141613477));
#1808 = CARTESIAN_POINT('',(0.66,-0.199143534101,1.448667989237));
#1809 = CARTESIAN_POINT('',(0.66,-0.184639374507,1.46100431938));
#1810 = CARTESIAN_POINT('',(0.66,-0.177249666015,1.466831638372));
#1811 = CARTESIAN_POINT('',(0.66,-0.169595736209,1.472413656662));
#1812 = CARTESIAN_POINT('',(0.66,-0.161685054894,1.477733175901));
#1813 = CARTESIAN_POINT('',(0.66,-0.153526567249,1.482773024258));
#1814 = CARTESIAN_POINT('',(0.66,-0.137020407721,1.492097753386));
#1815 = CARTESIAN_POINT('',(0.66,-0.128688747003,1.496402530856));
#1816 = CARTESIAN_POINT('',(0.66,-0.12014499879,1.500414878928));
#1817 = CARTESIAN_POINT('',(0.66,-0.111400259626,1.504119593216));
#1818 = CARTESIAN_POINT('',(0.66,-0.102467435485,1.507501774849));
#1819 = CARTESIAN_POINT('',(0.66,-8.453493192811E-02,1.513498294635));
#1820 = CARTESIAN_POINT('',(0.66,-7.554639694304E-02,1.516132890753));
#1821 = CARTESIAN_POINT('',(0.66,-6.64085144705E-02,1.518437847791));
#1822 = CARTESIAN_POINT('',(0.66,-5.713783351899E-02,1.520400106432));
#1823 = CARTESIAN_POINT('',(0.66,-4.775488525608E-02,1.522007764907));
#1824 = CARTESIAN_POINT('',(0.66,-2.969295309097E-02,1.524379864025));
#1825 = CARTESIAN_POINT('',(0.66,-2.102888075484E-02,1.525208782901));
#1826 = CARTESIAN_POINT('',(0.66,-1.231401679426E-02,1.525730893697));
#1827 = CARTESIAN_POINT('',(0.66,-3.572675622322E-03,1.525941364018));
#1828 = CARTESIAN_POINT('',(0.66,5.168222805428E-03,1.525838983228));
#1829 = CARTESIAN_POINT('',(0.66,2.337847467049E-02,1.524978205181));
#1830 = CARTESIAN_POINT('',(0.66,3.284375814827E-02,1.524161190409));
#1831 = CARTESIAN_POINT('',(0.66,4.224166817951E-02,1.522980309203));
#1832 = CARTESIAN_POINT('',(0.66,5.154498116248E-02,1.52144453626));
#1833 = CARTESIAN_POINT('',(0.66,6.073223707979E-02,1.519565307122));
#1834 = CARTESIAN_POINT('',(0.66,7.909772773064E-02,1.515080653378));
#1835 = CARTESIAN_POINT('',(0.66,8.826753248322E-02,1.512456350085));
#1836 = CARTESIAN_POINT('',(0.66,9.727917108862E-02,1.509494369221));
#1837 = CARTESIAN_POINT('',(0.66,0.106117308319,1.506208374239));
#1838 = CARTESIAN_POINT('',(0.66,0.114768939441,1.502612541932));
#1839 = CARTESIAN_POINT('',(0.66,0.131966117695,1.494697909774));
#1840 = CARTESIAN_POINT('',(0.66,0.140497702999,1.490358571609));
#1841 = CARTESIAN_POINT('',(0.66,0.148806061897,1.485719660214));
#1842 = CARTESIAN_POINT('',(0.66,0.156880650792,1.480797427009));
#1843 = CARTESIAN_POINT('',(0.66,0.164712466725,1.47560826256));
#1844 = CARTESIAN_POINT('',(0.66,0.180151423764,1.464531255078));
#1845 = CARTESIAN_POINT('',(0.66,0.187739958872,1.458624810593));
#1846 = CARTESIAN_POINT('',(0.66,0.195051326582,1.452467732556));
#1847 = CARTESIAN_POINT('',(0.66,0.202078661493,1.446078253645));
#1848 = CARTESIAN_POINT('',(0.66,0.208816558921,1.439474469779));
#1849 = CARTESIAN_POINT('',(0.66,0.221953232148,1.425612904145));
#1850 = CARTESIAN_POINT('',(0.66,0.228328983313,1.41833967682));
#1851 = CARTESIAN_POINT('',(0.66,0.234383958936,1.410874731309));
#1852 = CARTESIAN_POINT('',(0.66,0.240115246881,1.403237638329));
#1853 = CARTESIAN_POINT('',(0.66,0.245521392347,1.395447466144));
#1854 = CARTESIAN_POINT('',(0.66,0.255889855564,1.379276097975));
#1855 = CARTESIAN_POINT('',(0.66,0.260825146013,1.370883681886));
#1856 = CARTESIAN_POINT('',(0.66,0.265408341569,1.362366377835));
#1857 = CARTESIAN_POINT('',(0.66,0.269640849736,1.353744088225));
#1858 = CARTESIAN_POINT('',(0.66,0.273525413156,1.345035772328));
#1859 = CARTESIAN_POINT('',(0.66,0.280757352367,1.327109961101));
#1860 = CARTESIAN_POINT('',(0.66,0.284074759274,1.317886517643));
#1861 = CARTESIAN_POINT('',(0.66,0.287023012024,1.308609403309));
#1862 = CARTESIAN_POINT('',(0.66,0.289607802772,1.299297542852));
#1863 = CARTESIAN_POINT('',(0.66,0.291835834134,1.289968498384));
#1864 = CARTESIAN_POINT('',(0.66,0.295674958709,1.270905470981));
#1865 = CARTESIAN_POINT('',(0.66,0.297255116553,1.261171411794));
#1866 = CARTESIAN_POINT('',(0.66,0.298464074992,1.251454521799));
#1867 = CARTESIAN_POINT('',(0.66,0.299311100714,1.241771401083));
#1868 = CARTESIAN_POINT('',(0.66,0.299805944827,1.232137019844));
#1869 = CARTESIAN_POINT('',(0.66,0.30011808361,1.212595326012));
#1870 = CARTESIAN_POINT('',(0.66,0.299906283631,1.202693348802));
#1871 = CARTESIAN_POINT('',(0.66,0.299334987113,1.192873693594));
#1872 = CARTESIAN_POINT('',(0.66,0.298415571185,1.183149633751));
#1873 = CARTESIAN_POINT('',(0.66,0.297159245916,1.173532809156));
#1874 = CARTESIAN_POINT('',(0.66,0.293937772017,1.154190866917));
#1875 = CARTESIAN_POINT('',(0.66,0.291948568133,1.144474505513));
#1876 = CARTESIAN_POINT('',(0.66,0.289621677512,1.134895129825));
#1877 = CARTESIAN_POINT('',(0.66,0.286968496105,1.125462405282));
#1878 = CARTESIAN_POINT('',(0.66,0.283999580964,1.116184674916));
#1879 = CARTESIAN_POINT('',(0.66,0.277365684897,1.097719334783));
#1880 = CARTESIAN_POINT('',(0.66,0.273684712853,1.08854034335));
#1881 = CARTESIAN_POINT('',(0.66,0.269692176119,1.079539433524));
#1882 = CARTESIAN_POINT('',(0.66,0.265397048483,1.07072335418));
#1883 = CARTESIAN_POINT('',(0.66,0.260806835513,1.062098154612));
#1884 = CARTESIAN_POINT('',(0.66,0.251004164416,1.045163946312));
#1885 = CARTESIAN_POINT('',(0.66,0.245786379559,1.036858764173));
#1886 = CARTESIAN_POINT('',(0.66,0.240280407048,1.028758964174));
#1887 = CARTESIAN_POINT('',(0.66,0.234490342534,1.020870115558));
#1888 = CARTESIAN_POINT('',(0.66,0.228418190257,1.013198030747));
#1889 = CARTESIAN_POINT('',(0.66,0.215801462132,0.998407266407));
#1890 = CARTESIAN_POINT('',(0.66,0.209265037039,0.991282398269));
#1891 = CARTESIAN_POINT('',(0.66,0.202454011648,0.98438004474));
#1892 = CARTESIAN_POINT('',(0.66,0.195365844133,0.977707070031));
#1893 = CARTESIAN_POINT('',(0.66,0.187995125017,0.971271927442));
#1894 = CARTESIAN_POINT('',(0.66,0.173012685338,0.959175110633));
#1895 = CARTESIAN_POINT('',(0.66,0.165426730288,0.953491920673));
#1896 = CARTESIAN_POINT('',(0.66,0.157566473117,0.948044968651));
#1897 = CARTESIAN_POINT('',(0.66,0.149421191466,0.9428457983));
#1898 = CARTESIAN_POINT('',(0.66,0.140976348171,0.937909629891));
#1899 = CARTESIAN_POINT('',(0.66,0.124148062588,0.928975570166));
#1900 = CARTESIAN_POINT('',(0.66,0.115814079383,0.924934455913));
#1901 = CARTESIAN_POINT('',(0.66,0.107194119667,0.921149233675));
#1902 = CARTESIAN_POINT('',(0.66,9.826941158436E-02,0.91763978502));
#1903 = CARTESIAN_POINT('',(0.66,8.901687105598E-02,0.914432779149));
#1904 = CARTESIAN_POINT('',(0.66,6.762842160337E-02,0.908048369916));
#1905 = CARTESIAN_POINT('',(0.66,5.540310162877E-02,0.905067930004));
#1906 = CARTESIAN_POINT('',(0.66,4.253150709481E-02,0.902628405907));
#1907 = CARTESIAN_POINT('',(0.66,2.893757304003E-02,0.900850137762));
#1908 = CARTESIAN_POINT('',(0.66,1.468319780375E-02,0.899909084997));
#1909 = CARTESIAN_POINT('',(0.66,0.,0.899909083395));
#1910 = PLANE('',#1911);
#1911 = AXIS2_PLACEMENT_3D('',#1912,#1913,#1914);
#1912 = CARTESIAN_POINT('',(0.66,1.25,1.25));
#1913 = DIRECTION('',(-1.,0.,0.));
#1914 = DIRECTION('',(0.,0.,-1.));
#1915 = ADVANCED_FACE('',(#1916),#1935,.T.);
#1916 = FACE_BOUND('',#1917,.T.);
#1917 = EDGE_LOOP('',(#1918,#1927,#1933,#1934));
#1918 = ORIENTED_EDGE('',*,*,#1919,.T.);
#1919 = EDGE_CURVE('',#1920,#1920,#1922,.T.);
#1920 = VERTEX_POINT('',#1921);
#1921 = CARTESIAN_POINT('',(5.385,1.125,1.25));
#1922 = CIRCLE('',#1923,1.125);
#1923 = AXIS2_PLACEMENT_3D('',#1924,#1925,#1926);
#1924 = CARTESIAN_POINT('',(5.385,0.,1.25));
#1925 = DIRECTION('',(-1.,0.,0.));
#1926 = DIRECTION('',(0.,1.,0.));
#1927 = ORIENTED_EDGE('',*,*,#1928,.F.);
#1928 = EDGE_CURVE('',#1720,#1920,#1929,.T.);
#1929 = LINE('',#1930,#1931);
#1930 = CARTESIAN_POINT('',(0.66,1.125,1.25));
#1931 = VECTOR('',#1932,1.);
#1932 = DIRECTION('',(1.,0.,0.));
#1933 = ORIENTED_EDGE('',*,*,#1719,.F.);
#1934 = ORIENTED_EDGE('',*,*,#1928,.T.);
#1935 = CYLINDRICAL_SURFACE('',#1936,1.125);
#1936 = AXIS2_PLACEMENT_3D('',#1937,#1938,#1939);
#1937 = CARTESIAN_POINT('',(0.66,0.,1.25));
#1938 = DIRECTION('',(-1.,-0.,-0.));
#1939 = DIRECTION('',(0.,1.,0.));
#1940 = ADVANCED_FACE('',(#1941),#1961,.T.);
#1941 = FACE_BOUND('',#1942,.T.);
#1942 = EDGE_LOOP('',(#1943,#1952,#1959,#1960));
#1943 = ORIENTED_EDGE('',*,*,#1944,.T.);
#1944 = EDGE_CURVE('',#1945,#1945,#1947,.T.);
#1945 = VERTEX_POINT('',#1946);
#1946 = CARTESIAN_POINT('',(0.3,0.,0.35));
#1947 = CIRCLE('',#1948,0.3);
#1948 = AXIS2_PLACEMENT_3D('',#1949,#1950,#1951);
#1949 = CARTESIAN_POINT('',(0.,0.,0.35));
#1950 = DIRECTION('',(0.,0.,1.));
#1951 = DIRECTION('',(1.,0.,-0.));
#1952 = ORIENTED_EDGE('',*,*,#1953,.T.);
#1953 = EDGE_CURVE('',#1945,#1740,#1954,.T.);
#1954 = CIRCLE('',#1955,0.6);
#1955 = AXIS2_PLACEMENT_3D('',#1956,#1957,#1958);
#1956 = CARTESIAN_POINT('',(0.9,1.102182119233E-16,0.35));
#1957 = DIRECTION('',(0.,1.,-0.));
#1958 = DIRECTION('',(-1.,0.,4.93432455389E-16));
#1959 = ORIENTED_EDGE('',*,*,#1739,.T.);
#1960 = ORIENTED_EDGE('',*,*,#1953,.F.);
#1961 = TOROIDAL_SURFACE('',#1962,0.9,0.3);
#1962 = AXIS2_PLACEMENT_3D('',#1963,#1964,#1965);
#1963 = CARTESIAN_POINT('',(0.9,0.,0.35));
#1964 = DIRECTION('',(0.,1.,0.));
#1965 = DIRECTION('',(-1.,0.,4.93432455389E-16));
#1966 = ADVANCED_FACE('',(#1967,#1978),#1981,.T.);
#1967 = FACE_BOUND('',#1968,.T.);
#1968 = EDGE_LOOP('',(#1969));
#1969 = ORIENTED_EDGE('',*,*,#1970,.F.);
#1970 = EDGE_CURVE('',#1971,#1971,#1973,.T.);
#1971 = VERTEX_POINT('',#1972);
#1972 = CARTESIAN_POINT('',(5.385,1.25,1.25));
#1973 = CIRCLE('',#1974,1.25);
#1974 = AXIS2_PLACEMENT_3D('',#1975,#1976,#1977);
#1975 = CARTESIAN_POINT('',(5.385,0.,1.25));
#1976 = DIRECTION('',(1.,0.,0.));
#1977 = DIRECTION('',(-0.,1.,0.));
#1978 = FACE_BOUND('',#1979,.T.);
#1979 = EDGE_LOOP('',(#1980));
#1980 = ORIENTED_EDGE('',*,*,#1919,.F.);
#1981 = PLANE('',#1982);
#1982 = AXIS2_PLACEMENT_3D('',#1983,#1984,#1985);
#1983 = CARTESIAN_POINT('',(5.385,1.25,1.25));
#1984 = DIRECTION('',(-1.,0.,0.));
#1985 = DIRECTION('',(0.,0.,-1.));
#1986 = ADVANCED_FACE('',(#1987),#2006,.T.);
#1987 = FACE_BOUND('',#1988,.T.);
#1988 = EDGE_LOOP('',(#1989,#1997,#1998,#1999));
#1989 = ORIENTED_EDGE('',*,*,#1990,.T.);
#1990 = EDGE_CURVE('',#1991,#1945,#1993,.T.);
#1991 = VERTEX_POINT('',#1992);
#1992 = CARTESIAN_POINT('',(0.3,-7.347880794884E-17,-3.));
#1993 = LINE('',#1994,#1995);
#1994 = CARTESIAN_POINT('',(0.3,0.,-3.));
#1995 = VECTOR('',#1996,1.);
#1996 = DIRECTION('',(0.,0.,1.));
#1997 = ORIENTED_EDGE('',*,*,#1944,.F.);
#1998 = ORIENTED_EDGE('',*,*,#1990,.F.);
#1999 = ORIENTED_EDGE('',*,*,#2000,.T.);
#2000 = EDGE_CURVE('',#1991,#1991,#2001,.T.);
#2001 = CIRCLE('',#2002,0.3);
#2002 = AXIS2_PLACEMENT_3D('',#2003,#2004,#2005);
#2003 = CARTESIAN_POINT('',(0.,0.,-3.));
#2004 = DIRECTION('',(0.,0.,1.));
#2005 = DIRECTION('',(1.,0.,-0.));
#2006 = CYLINDRICAL_SURFACE('',#2007,0.3);
#2007 = AXIS2_PLACEMENT_3D('',#2008,#2009,#2010);
#2008 = CARTESIAN_POINT('',(0.,0.,-3.));
#2009 = DIRECTION('',(0.,0.,1.));
#2010 = DIRECTION('',(1.,0.,-0.));
#2011 = ADVANCED_FACE('',(#2012),#2031,.T.);
#2012 = FACE_BOUND('',#2013,.T.);
#2013 = EDGE_LOOP('',(#2014,#2015,#2023,#2030));
#2014 = ORIENTED_EDGE('',*,*,#1970,.T.);
#2015 = ORIENTED_EDGE('',*,*,#2016,.T.);
#2016 = EDGE_CURVE('',#1971,#2017,#2019,.T.);
#2017 = VERTEX_POINT('',#2018);
#2018 = CARTESIAN_POINT('',(6.335,1.25,1.25));
#2019 = LINE('',#2020,#2021);
#2020 = CARTESIAN_POINT('',(5.385,1.25,1.25));
#2021 = VECTOR('',#2022,1.);
#2022 = DIRECTION('',(1.,0.,0.));
#2023 = ORIENTED_EDGE('',*,*,#2024,.F.);
#2024 = EDGE_CURVE('',#2017,#2017,#2025,.T.);
#2025 = CIRCLE('',#2026,1.25);
#2026 = AXIS2_PLACEMENT_3D('',#2027,#2028,#2029);
#2027 = CARTESIAN_POINT('',(6.335,0.,1.25));
#2028 = DIRECTION('',(1.,0.,0.));
#2029 = DIRECTION('',(-0.,1.,0.));
#2030 = ORIENTED_EDGE('',*,*,#2016,.F.);
#2031 = CYLINDRICAL_SURFACE('',#2032,1.25);
#2032 = AXIS2_PLACEMENT_3D('',#2033,#2034,#2035);
#2033 = CARTESIAN_POINT('',(5.385,0.,1.25));
#2034 = DIRECTION('',(-1.,-0.,-0.));
#2035 = DIRECTION('',(0.,1.,0.));
#2036 = ADVANCED_FACE('',(#2037),#2040,.T.);
#2037 = FACE_BOUND('',#2038,.F.);
#2038 = EDGE_LOOP('',(#2039));
#2039 = ORIENTED_EDGE('',*,*,#2000,.T.);
#2040 = PLANE('',#2041);
#2041 = AXIS2_PLACEMENT_3D('',#2042,#2043,#2044);
#2042 = CARTESIAN_POINT('',(0.3,0.,-3.));
#2043 = DIRECTION('',(0.,0.,-1.));
#2044 = DIRECTION('',(-1.,0.,0.));
#2045 = ADVANCED_FACE('',(#2046),#2066,.T.);
#2046 = FACE_BOUND('',#2047,.T.);
#2047 = EDGE_LOOP('',(#2048,#2057,#2058,#2059));
#2048 = ORIENTED_EDGE('',*,*,#2049,.F.);
#2049 = EDGE_CURVE('',#2017,#2050,#2052,.T.);
#2050 = VERTEX_POINT('',#2051);
#2051 = CARTESIAN_POINT('',(6.96,0.625,1.25));
#2052 = CIRCLE('',#2053,0.625);
#2053 = AXIS2_PLACEMENT_3D('',#2054,#2055,#2056);
#2054 = CARTESIAN_POINT('',(6.335,0.625,1.25));
#2055 = DIRECTION('',(0.,0.,-1.));
#2056 = DIRECTION('',(0.,1.,0.));
#2057 = ORIENTED_EDGE('',*,*,#2024,.T.);
#2058 = ORIENTED_EDGE('',*,*,#2049,.T.);
#2059 = ORIENTED_EDGE('',*,*,#2060,.F.);
#2060 = EDGE_CURVE('',#2050,#2050,#2061,.T.);
#2061 = CIRCLE('',#2062,0.625);
#2062 = AXIS2_PLACEMENT_3D('',#2063,#2064,#2065);
#2063 = CARTESIAN_POINT('',(6.96,0.,1.25));
#2064 = DIRECTION('',(1.,0.,0.));
#2065 = DIRECTION('',(-0.,1.,0.));
#2066 = TOROIDAL_SURFACE('',#2067,0.625,0.625);
#2067 = AXIS2_PLACEMENT_3D('',#2068,#2069,#2070);
#2068 = CARTESIAN_POINT('',(6.335,0.,1.25));
#2069 = DIRECTION('',(1.,0.,0.));
#2070 = DIRECTION('',(-0.,1.,0.));
#2071 = ADVANCED_FACE('',(#2072,#2075),#2249,.F.);
#2072 = FACE_BOUND('',#2073,.F.);
#2073 = EDGE_LOOP('',(#2074));
#2074 = ORIENTED_EDGE('',*,*,#2060,.F.);
#2075 = FACE_BOUND('',#2076,.F.);
#2076 = EDGE_LOOP('',(#2077));
#2077 = ORIENTED_EDGE('',*,*,#2078,.F.);
#2078 = EDGE_CURVE('',#2079,#2079,#2081,.T.);
#2079 = VERTEX_POINT('',#2080);
#2080 = CARTESIAN_POINT('',(6.96,1.102182119233E-16,0.899909083395));
#2081 = B_SPLINE_CURVE_WITH_KNOTS('',6,(#2082,#2083,#2084,#2085,#2086,
    #2087,#2088,#2089,#2090,#2091,#2092,#2093,#2094,#2095,#2096,#2097,
    #2098,#2099,#2100,#2101,#2102,#2103,#2104,#2105,#2106,#2107,#2108,
    #2109,#2110,#2111,#2112,#2113,#2114,#2115,#2116,#2117,#2118,#2119,
    #2120,#2121,#2122,#2123,#2124,#2125,#2126,#2127,#2128,#2129,#2130,
    #2131,#2132,#2133,#2134,#2135,#2136,#2137,#2138,#2139,#2140,#2141,
    #2142,#2143,#2144,#2145,#2146,#2147,#2148,#2149,#2150,#2151,#2152,
    #2153,#2154,#2155,#2156,#2157,#2158,#2159,#2160,#2161,#2162,#2163,
    #2164,#2165,#2166,#2167,#2168,#2169,#2170,#2171,#2172,#2173,#2174,
    #2175,#2176,#2177,#2178,#2179,#2180,#2181,#2182,#2183,#2184,#2185,
    #2186,#2187,#2188,#2189,#2190,#2191,#2192,#2193,#2194,#2195,#2196,
    #2197,#2198,#2199,#2200,#2201,#2202,#2203,#2204,#2205,#2206,#2207,
    #2208,#2209,#2210,#2211,#2212,#2213,#2214,#2215,#2216,#2217,#2218,
    #2219,#2220,#2221,#2222,#2223,#2224,#2225,#2226,#2227,#2228,#2229,
    #2230,#2231,#2232,#2233,#2234,#2235,#2236,#2237,#2238,#2239,#2240,
    #2241,#2242,#2243,#2244,#2245,#2246,#2247,#2248),.UNSPECIFIED.,.T.,
  .F.,(1,6,5,5,5,5,5,5,5,5,5,5,5,5,5,5,5,5,5,5,5,5,5,5,5,5,5,5,5,5,5,5,5
    ,5,6,1),(-3.7454922963E-02,0.,2.522151735631E-02,5.431626764274E-02,
    8.648932873413E-02,0.120698905604,0.15585219498,0.191016701755,
    0.225517033144,0.258939642143,0.291086884381,0.32191412294,
    0.351469698498,0.379846555914,0.407148198058,0.433469525493,
    0.458895614127,0.483540398702,0.505898369155,0.530279933853,
    0.555348100008,0.581270886766,0.608136607836,0.636034631737,
    0.665066137875,0.695331933304,0.726904811218,0.759787311372,
    0.793856187529,0.828799116201,0.864057997078,0.898806507422,
    0.932001552493,0.962545077037,1.,1.025221517356),.UNSPECIFIED.);
#2082 = CARTESIAN_POINT('',(6.96,0.,0.899909083395));
#2083 = CARTESIAN_POINT('',(6.96,-9.860167462582E-03,0.89990896861));
#2084 = CARTESIAN_POINT('',(6.96,-1.96044152314E-02,0.900333777569));
#2085 = CARTESIAN_POINT('',(6.96,-2.906856746895E-02,0.901162791225));
#2086 = CARTESIAN_POINT('',(6.96,-3.818494668051E-02,0.902337445313));
#2087 = CARTESIAN_POINT('',(6.96,-4.697397432956E-02,0.903804960014));
#2088 = CARTESIAN_POINT('',(6.96,-6.54122858756E-02,0.907588661461));
#2089 = CARTESIAN_POINT('',(6.96,-7.491985816654E-02,0.909985989386));
#2090 = CARTESIAN_POINT('',(6.96,-8.408849098391E-02,0.912709553602));
#2091 = CARTESIAN_POINT('',(6.96,-9.294310465939E-02,0.915726321464));
#2092 = CARTESIAN_POINT('',(6.96,-0.10150496885,0.919011549987));
#2093 = CARTESIAN_POINT('',(6.96,-0.118958221281,0.926453836747));
#2094 = CARTESIAN_POINT('',(6.96,-0.127787715696,0.930666010737));
#2095 = CARTESIAN_POINT('',(6.96,-0.136306161655,0.935155928941));
#2096 = CARTESIAN_POINT('',(6.96,-0.144532121634,0.939904049757));
#2097 = CARTESIAN_POINT('',(6.96,-0.152479877126,0.944895641374));
#2098 = CARTESIAN_POINT('',(6.96,-0.168328600516,0.955672815412));
#2099 = CARTESIAN_POINT('',(6.96,-0.176194773963,0.961488214941));
#2100 = CARTESIAN_POINT('',(6.96,-0.183772608747,0.967551566344));
#2101 = CARTESIAN_POINT('',(6.96,-0.191071765541,0.973851742068));
#2102 = CARTESIAN_POINT('',(6.96,-0.198098606692,0.980379951052));
#2103 = CARTESIAN_POINT('',(6.96,-0.211800202804,0.994065659178));
#2104 = CARTESIAN_POINT('',(6.96,-0.218460270558,1.001234983766));
#2105 = CARTESIAN_POINT('',(6.96,-0.224839910615,1.00863041136));
#2106 = CARTESIAN_POINT('',(6.96,-0.230940211566,1.016245364777));
#2107 = CARTESIAN_POINT('',(6.96,-0.236759839456,1.024073990789));
#2108 = CARTESIAN_POINT('',(6.96,-0.247832003876,1.040150861324));
#2109 = CARTESIAN_POINT('',(6.96,-0.253084568675,1.048398903269));
#2110 = CARTESIAN_POINT('',(6.96,-0.258049049185,1.05685004652));
#2111 = CARTESIAN_POINT('',(6.96,-0.2627200155,1.065498685566));
#2112 = CARTESIAN_POINT('',(6.96,-0.267090290802,1.074338848812));
#2113 = CARTESIAN_POINT('',(6.96,-0.275134913375,1.092219064394));
#2114 = CARTESIAN_POINT('',(6.96,-0.278821000575,1.10125194666));
#2115 = CARTESIAN_POINT('',(6.96,-0.282200788118,1.110456818481));
#2116 = CARTESIAN_POINT('',(6.96,-0.285264726102,1.119826534893));
#2117 = CARTESIAN_POINT('',(6.96,-0.288002139566,1.129352832871));
#2118 = CARTESIAN_POINT('',(6.96,-0.292725370416,1.148397637921));
#2119 = CARTESIAN_POINT('',(6.96,-0.29473215882,1.157906911838));
#2120 = CARTESIAN_POINT('',(6.96,-0.296410834199,1.16754558505));
#2121 = CARTESIAN_POINT('',(6.96,-0.297750172302,1.177303521997));
#2122 = CARTESIAN_POINT('',(6.96,-0.298738484134,1.187169019587));
#2123 = CARTESIAN_POINT('',(6.96,-0.29996489055,1.20670853133));
#2124 = CARTESIAN_POINT('',(6.96,-0.300230362775,1.216375375657));
#2125 = CARTESIAN_POINT('',(6.96,-0.300149187552,1.22611747583));
#2126 = CARTESIAN_POINT('',(6.96,-0.299710732489,1.235921267953));
#2127 = CARTESIAN_POINT('',(6.96,-0.298904577874,1.245771488577));
#2128 = CARTESIAN_POINT('',(6.96,-0.296585075031,1.265125180201));
#2129 = CARTESIAN_POINT('',(6.96,-0.295102319855,1.27462625024));
#2130 = CARTESIAN_POINT('',(6.96,-0.293263243612,1.284139361954));
#2131 = CARTESIAN_POINT('',(6.96,-0.29105964956,1.293647958229));
#2132 = CARTESIAN_POINT('',(6.96,-0.288484151749,1.303133947704));
#2133 = CARTESIAN_POINT('',(6.96,-0.282698057797,1.321631888118));
#2134 = CARTESIAN_POINT('',(6.96,-0.279518212828,1.330647292743));
#2135 = CARTESIAN_POINT('',(6.96,-0.275984865526,1.339606568389));
#2136 = CARTESIAN_POINT('',(6.96,-0.27209347283,1.348491205415));
#2137 = CARTESIAN_POINT('',(6.96,-0.26784072321,1.357281534804));
#2138 = CARTESIAN_POINT('',(6.96,-0.258792456003,1.374285939199));
#2139 = CARTESIAN_POINT('',(6.96,-0.254025471274,1.382509099941));
#2140 = CARTESIAN_POINT('',(6.96,-0.248921774536,1.390607746147));
#2141 = CARTESIAN_POINT('',(6.96,-0.24348099529,1.398562707415));
#2142 = CARTESIAN_POINT('',(6.96,-0.237704200488,1.406354107177));
#2143 = CARTESIAN_POINT('',(6.96,-0.225715116467,1.421280374005));
#2144 = CARTESIAN_POINT('',(6.96,-0.219527700064,1.428429026844));
#2145 = CARTESIAN_POINT('',(6.96,-0.213033898729,1.435388985848));
#2146 = CARTESIAN_POINT('',(6.96,-0.206237442407,1.442141620875));
#2147 = CARTESIAN_POINT('',(6.96,-0.199143537578,1.448668007007));
#2148 = CARTESIAN_POINT('',(6.96,-0.184639358866,1.461004311837));
#2149 = CARTESIAN_POINT('',(6.96,-0.177249661366,1.46683162664));
#2150 = CARTESIAN_POINT('',(6.96,-0.169595743404,1.472413651413));
#2151 = CARTESIAN_POINT('',(6.96,-0.161685063001,1.477733185029));
#2152 = CARTESIAN_POINT('',(6.96,-0.153526567552,1.482773042789));
#2153 = CARTESIAN_POINT('',(6.96,-0.137020377957,1.492097733275));
#2154 = CARTESIAN_POINT('',(6.96,-0.128688741655,1.496402506097));
#2155 = CARTESIAN_POINT('',(6.96,-0.120145015698,1.500414870926));
#2156 = CARTESIAN_POINT('',(6.96,-0.111400273136,1.504119613979));
#2157 = CARTESIAN_POINT('',(6.96,-0.102467429294,1.507501811642));
#2158 = CARTESIAN_POINT('',(6.96,-8.453487359643E-02,1.513498183633));
#2159 = CARTESIAN_POINT('',(6.96,-7.554644720911E-02,1.51613308184));
#2160 = CARTESIAN_POINT('',(6.96,-6.640854708582E-02,1.518437839156));
#2161 = CARTESIAN_POINT('',(6.96,-5.713780068804E-02,1.520399910874));
#2162 = CARTESIAN_POINT('',(6.96,-4.775487845774E-02,1.522007893513));
#2163 = CARTESIAN_POINT('',(6.96,-2.969292548283E-02,1.52437977876));
#2164 = CARTESIAN_POINT('',(6.96,-2.102889094976E-02,1.525208924822));
#2165 = CARTESIAN_POINT('',(6.96,-1.231404153143E-02,1.525730890851));
#2166 = CARTESIAN_POINT('',(6.96,-3.572679276074E-03,1.525941220805));
#2167 = CARTESIAN_POINT('',(6.96,5.168243033088E-03,1.52583907475));
#2168 = CARTESIAN_POINT('',(6.96,2.337844678287E-02,1.524978413229));
#2169 = CARTESIAN_POINT('',(6.96,3.284373024997E-02,1.524160868463));
#2170 = CARTESIAN_POINT('',(6.96,4.224172239025E-02,1.522980299422));
#2171 = CARTESIAN_POINT('',(6.96,5.154503802108E-02,1.521444853212));
#2172 = CARTESIAN_POINT('',(6.96,6.073215666605E-02,1.519565119195));
#2173 = CARTESIAN_POINT('',(6.96,7.909771199475E-02,1.515080715405));
#2174 = CARTESIAN_POINT('',(6.96,8.82675531125E-02,1.512456387335));
#2175 = CARTESIAN_POINT('',(6.96,9.727920151967E-02,1.509494357792));
#2176 = CARTESIAN_POINT('',(6.96,0.106117302403,1.506208331254));
#2177 = CARTESIAN_POINT('',(6.96,0.114768890523,1.502612503667));
#2178 = CARTESIAN_POINT('',(6.96,0.1319661163,1.494697932395));
#2179 = CARTESIAN_POINT('',(6.96,0.140497712216,1.490358583428));
#2180 = CARTESIAN_POINT('',(6.96,0.148806071355,1.485719654426));
#2181 = CARTESIAN_POINT('',(6.96,0.156880646133,1.480797412311));
#2182 = CARTESIAN_POINT('',(6.96,0.164712447986,1.475608252032));
#2183 = CARTESIAN_POINT('',(6.96,0.180151425777,1.46453127229));
#2184 = CARTESIAN_POINT('',(6.96,0.187739967164,1.45862481836));
#2185 = CARTESIAN_POINT('',(6.96,0.195051332691,1.452467727028));
#2186 = CARTESIAN_POINT('',(6.96,0.20207865613,1.446078243141));
#2187 = CARTESIAN_POINT('',(6.96,0.208816543867,1.439474464151));
#2188 = CARTESIAN_POINT('',(6.96,0.221953238059,1.425612923524));
#2189 = CARTESIAN_POINT('',(6.96,0.228328994524,1.418339683896));
#2190 = CARTESIAN_POINT('',(6.96,0.234383964852,1.410874723556));
#2191 = CARTESIAN_POINT('',(6.96,0.240115238483,1.403237627432));
#2192 = CARTESIAN_POINT('',(6.96,0.245521373748,1.395447463058));
#2193 = CARTESIAN_POINT('',(6.96,0.25588986733,1.379276120213));
#2194 = CARTESIAN_POINT('',(6.96,0.260825161615,1.370883687614));
#2195 = CARTESIAN_POINT('',(6.96,0.265408347201,1.362366366749));
#2196 = CARTESIAN_POINT('',(6.96,0.269640836772,1.353744077057));
#2197 = CARTESIAN_POINT('',(6.96,0.273525389215,1.345035773446));
#2198 = CARTESIAN_POINT('',(6.96,0.280757370989,1.327109983642));
#2199 = CARTESIAN_POINT('',(6.96,0.284074778857,1.317886520225));
#2200 = CARTESIAN_POINT('',(6.96,0.28702301626,1.308609389122));
#2201 = CARTESIAN_POINT('',(6.96,0.289607785113,1.29929753334));
#2202 = CARTESIAN_POINT('',(6.96,0.291835806202,1.289968505808));
#2203 = CARTESIAN_POINT('',(6.96,0.295674983107,1.270905490066));
#2204 = CARTESIAN_POINT('',(6.96,0.297255138129,1.261171409814));
#2205 = CARTESIAN_POINT('',(6.96,0.298464076807,1.251454505978));
#2206 = CARTESIAN_POINT('',(6.96,0.299311079865,1.241771395371));
#2207 = CARTESIAN_POINT('',(6.96,0.299805916194,1.232137034265));
#2208 = CARTESIAN_POINT('',(6.96,0.300118111197,1.212595339038));
#2209 = CARTESIAN_POINT('',(6.96,0.299906304864,1.202693342182));
#2210 = CARTESIAN_POINT('',(6.96,0.299334986276,1.192873677979));
#2211 = CARTESIAN_POINT('',(6.96,0.298415549391,1.183149632812));
#2212 = CARTESIAN_POINT('',(6.96,0.29715921972,1.173532829284));
#2213 = CARTESIAN_POINT('',(6.96,0.293937801394,1.154190874));
#2214 = CARTESIAN_POINT('',(6.96,0.291948588365,1.144474495238));
#2215 = CARTESIAN_POINT('',(6.96,0.28962167445,1.134895115228));
#2216 = CARTESIAN_POINT('',(6.96,0.286968474246,1.125462408515));
#2217 = CARTESIAN_POINT('',(6.96,0.283999557728,1.116184698885));
#2218 = CARTESIAN_POINT('',(6.96,0.277365720041,1.097719338125));
#2219 = CARTESIAN_POINT('',(6.96,0.273684735103,1.088540329457));
#2220 = CARTESIAN_POINT('',(6.96,0.269692170683,1.079539418357));
#2221 = CARTESIAN_POINT('',(6.96,0.265397023465,1.070723360764));
#2222 = CARTESIAN_POINT('',(6.96,0.260806811571,1.062098183552));
#2223 = CARTESIAN_POINT('',(6.96,0.251004219697,1.045163947022));
#2224 = CARTESIAN_POINT('',(6.96,0.245786411547,1.036858741787));
#2225 = CARTESIAN_POINT('',(6.96,0.240280395782,1.028758943151));
#2226 = CARTESIAN_POINT('',(6.96,0.234490304979,1.02087012779));
#2227 = CARTESIAN_POINT('',(6.96,0.22841815861,1.013198074729));
#2228 = CARTESIAN_POINT('',(6.96,0.215801547815,0.998407234883));
#2229 = CARTESIAN_POINT('',(6.96,0.209264913083,0.99128247471));
#2230 = CARTESIAN_POINT('',(6.96,0.202454000094,0.984380026053));
#2231 = CARTESIAN_POINT('',(6.96,0.195365961507,0.977706983911));
#2232 = CARTESIAN_POINT('',(6.96,0.187995061392,0.971271997058));
#2233 = CARTESIAN_POINT('',(6.96,0.173012837564,0.959175029375));
#2234 = CARTESIAN_POINT('',(6.96,0.165426529007,0.953492099376));
#2235 = CARTESIAN_POINT('',(6.96,0.157566437944,0.948044934321));
#2236 = CARTESIAN_POINT('',(6.96,0.149421373308,0.942845601948));
#2237 = CARTESIAN_POINT('',(6.96,0.140976264593,0.937909781461));
#2238 = CARTESIAN_POINT('',(6.96,0.124148131162,0.928975627958));
#2239 = CARTESIAN_POINT('',(6.96,0.115814071992,0.924934439518));
#2240 = CARTESIAN_POINT('',(6.96,0.107194037794,0.921149181784));
#2241 = CARTESIAN_POINT('',(6.96,9.826937450524E-02,0.917639774974));
#2242 = CARTESIAN_POINT('',(6.96,8.901696421491E-02,0.914432828225));
#2243 = CARTESIAN_POINT('',(6.96,6.762356037127E-02,0.908046964389));
#2244 = CARTESIAN_POINT('',(6.96,5.540377745077E-02,0.905068595899));
#2245 = CARTESIAN_POINT('',(6.96,4.253681255711E-02,0.902629529668));
#2246 = CARTESIAN_POINT('',(6.96,2.893994360873E-02,0.900849442899));
#2247 = CARTESIAN_POINT('',(6.96,1.46772221458E-02,0.899909046356));
#2248 = CARTESIAN_POINT('',(6.96,0.,0.899909083395));
#2249 = PLANE('',#2250);
#2250 = AXIS2_PLACEMENT_3D('',#2251,#2252,#2253);
#2251 = CARTESIAN_POINT('',(6.96,1.25,1.25));
#2252 = DIRECTION('',(-1.,0.,0.));
#2253 = DIRECTION('',(0.,0.,-1.));
#2254 = ADVANCED_FACE('',(#2255),#2275,.T.);
#2255 = FACE_BOUND('',#2256,.T.);
#2256 = EDGE_LOOP('',(#2257,#2258,#2267,#2274));
#2257 = ORIENTED_EDGE('',*,*,#2078,.F.);
#2258 = ORIENTED_EDGE('',*,*,#2259,.T.);
#2259 = EDGE_CURVE('',#2079,#2260,#2262,.T.);
#2260 = VERTEX_POINT('',#2261);
#2261 = CARTESIAN_POINT('',(7.32,0.,0.35));
#2262 = CIRCLE('',#2263,0.6);
#2263 = AXIS2_PLACEMENT_3D('',#2264,#2265,#2266);
#2264 = CARTESIAN_POINT('',(6.72,1.102182119233E-16,0.35));
#2265 = DIRECTION('',(0.,1.,0.));
#2266 = DIRECTION('',(0.,-0.,1.));
#2267 = ORIENTED_EDGE('',*,*,#2268,.T.);
#2268 = EDGE_CURVE('',#2260,#2260,#2269,.T.);
#2269 = CIRCLE('',#2270,0.3);
#2270 = AXIS2_PLACEMENT_3D('',#2271,#2272,#2273);
#2271 = CARTESIAN_POINT('',(7.62,0.,0.35));
#2272 = DIRECTION('',(3.828568698927E-16,-0.,1.));
#2273 = DIRECTION('',(1.,0.,-3.828568698927E-16));
#2274 = ORIENTED_EDGE('',*,*,#2259,.F.);
#2275 = TOROIDAL_SURFACE('',#2276,0.9,0.3);
#2276 = AXIS2_PLACEMENT_3D('',#2277,#2278,#2279);
#2277 = CARTESIAN_POINT('',(6.72,0.,0.35));
#2278 = DIRECTION('',(0.,1.,0.));
#2279 = DIRECTION('',(0.,-0.,1.));
#2280 = ADVANCED_FACE('',(#2281),#2300,.T.);
#2281 = FACE_BOUND('',#2282,.T.);
#2282 = EDGE_LOOP('',(#2283,#2291,#2298,#2299));
#2283 = ORIENTED_EDGE('',*,*,#2284,.T.);
#2284 = EDGE_CURVE('',#2260,#2285,#2287,.T.);
#2285 = VERTEX_POINT('',#2286);
#2286 = CARTESIAN_POINT('',(7.32,-7.347880794884E-17,-3.));
#2287 = LINE('',#2288,#2289);
#2288 = CARTESIAN_POINT('',(7.32,0.,0.35));
#2289 = VECTOR('',#2290,1.);
#2290 = DIRECTION('',(0.,0.,-1.));
#2291 = ORIENTED_EDGE('',*,*,#2292,.F.);
#2292 = EDGE_CURVE('',#2285,#2285,#2293,.T.);
#2293 = CIRCLE('',#2294,0.3);
#2294 = AXIS2_PLACEMENT_3D('',#2295,#2296,#2297);
#2295 = CARTESIAN_POINT('',(7.62,0.,-3.));
#2296 = DIRECTION('',(0.,0.,-1.));
#2297 = DIRECTION('',(-1.,0.,0.));
#2298 = ORIENTED_EDGE('',*,*,#2284,.F.);
#2299 = ORIENTED_EDGE('',*,*,#2268,.F.);
#2300 = CYLINDRICAL_SURFACE('',#2301,0.3);
#2301 = AXIS2_PLACEMENT_3D('',#2302,#2303,#2304);
#2302 = CARTESIAN_POINT('',(7.62,0.,0.35));
#2303 = DIRECTION('',(0.,0.,-1.));
#2304 = DIRECTION('',(-1.,0.,0.));
#2305 = ADVANCED_FACE('',(#2306),#2309,.F.);
#2306 = FACE_BOUND('',#2307,.T.);
#2307 = EDGE_LOOP('',(#2308));
#2308 = ORIENTED_EDGE('',*,*,#2292,.T.);
#2309 = PLANE('',#2310);
#2310 = AXIS2_PLACEMENT_3D('',#2311,#2312,#2313);
#2311 = CARTESIAN_POINT('',(7.32,0.,-3.));
#2312 = DIRECTION('',(0.,0.,1.));
#2313 = DIRECTION('',(1.,0.,-0.));
#2314 = ( GEOMETRIC_REPRESENTATION_CONTEXT(3) 
GLOBAL_UNCERTAINTY_ASSIGNED_CONTEXT((#2318)) 
GLOBAL_UNIT_ASSIGNED_CONTEXT((#2315,#2316,#2317)) REPRESENTATION_CONTEXT
('Context #1','3D Context with UNIT and UNCERTAINTY') );
#2315 = ( LENGTH_UNIT() NAMED_UNIT(*) SI_UNIT(.MILLI.,.METRE.) );
#2316 = ( NAMED_UNIT(*) PLANE_ANGLE_UNIT() SI_UNIT($,.RADIAN.) );
#2317 = ( NAMED_UNIT(*) SI_UNIT($,.STERADIAN.) SOLID_ANGLE_UNIT() );
#2318 = UNCERTAINTY_MEASURE_WITH_UNIT(LENGTH_MEASURE(1.E-07),#2315,
  'distance_accuracy_value','confusion accuracy');
#2319 = CONTEXT_DEPENDENT_SHAPE_REPRESENTATION(#2320,#2322);
#2320 = ( REPRESENTATION_RELATIONSHIP('','',#1650,#10) 
REPRESENTATION_RELATIONSHIP_WITH_TRANSFORMATION(#2321) 
SHAPE_REPRESENTATION_RELATIONSHIP() );
#2321 = ITEM_DEFINED_TRANSFORMATION('','',#11,#23);
#2322 = PRODUCT_DEFINITION_SHAPE('Placement','Placement of an item',
  #2323);
#2323 = NEXT_ASSEMBLY_USAGE_OCCURRENCE('3','R1','',#5,#1645,$);
#2324 = PRODUCT_RELATED_PRODUCT_CATEGORY('part',$,(#1647));
#2325 = SHAPE_DEFINITION_REPRESENTATION(#2326,#2332);
#2326 = PRODUCT_DEFINITION_SHAPE('','',#2327);
#2327 = PRODUCT_DEFINITION('design','',#2328,#2331);
#2328 = PRODUCT_DEFINITION_FORMATION('','',#2329);
#2329 = PRODUCT('C_Rect_L7.0mm_W6.5mm_P5.00mm',
  'C_Rect_L7.0mm_W6.5mm_P5.00mm','',(#2330));
#2330 = PRODUCT_CONTEXT('',#2,'mechanical');
#2331 = PRODUCT_DEFINITION_CONTEXT('part definition',#2,'design');
#2332 = ADVANCED_BREP_SHAPE_REPRESENTATION('',(#11,#2333),#2877);
#2333 = MANIFOLD_SOLID_BREP('',#2334);
#2334 = CLOSED_SHELL('',(#2335,#2375,#2408,#2441,#2522,#2547,#2564,#2588
    ,#2619,#2636,#2660,#2685,#2710,#2727,#2752,#2777,#2795,#2813,#2837,
    #2848,#2859,#2868));
#2335 = ADVANCED_FACE('',(#2336),#2370,.F.);
#2336 = FACE_BOUND('',#2337,.F.);
#2337 = EDGE_LOOP('',(#2338,#2348,#2356,#2364));
#2338 = ORIENTED_EDGE('',*,*,#2339,.F.);
#2339 = EDGE_CURVE('',#2340,#2342,#2344,.T.);
#2340 = VERTEX_POINT('',#2341);
#2341 = CARTESIAN_POINT('',(-1.,-2.6,0.));
#2342 = VERTEX_POINT('',#2343);
#2343 = CARTESIAN_POINT('',(-1.,-2.6,9.35));
#2344 = LINE('',#2345,#2346);
#2345 = CARTESIAN_POINT('',(-1.,-2.6,0.));
#2346 = VECTOR('',#2347,1.);
#2347 = DIRECTION('',(0.,0.,1.));
#2348 = ORIENTED_EDGE('',*,*,#2349,.T.);
#2349 = EDGE_CURVE('',#2340,#2350,#2352,.T.);
#2350 = VERTEX_POINT('',#2351);
#2351 = CARTESIAN_POINT('',(-1.,2.6,0.));
#2352 = LINE('',#2353,#2354);
#2353 = CARTESIAN_POINT('',(-1.,-3.25,0.));
#2354 = VECTOR('',#2355,1.);
#2355 = DIRECTION('',(0.,1.,0.));
#2356 = ORIENTED_EDGE('',*,*,#2357,.T.);
#2357 = EDGE_CURVE('',#2350,#2358,#2360,.T.);
#2358 = VERTEX_POINT('',#2359);
#2359 = CARTESIAN_POINT('',(-1.,2.6,9.35));
#2360 = LINE('',#2361,#2362);
#2361 = CARTESIAN_POINT('',(-1.,2.6,0.));
#2362 = VECTOR('',#2363,1.);
#2363 = DIRECTION('',(0.,0.,1.));
#2364 = ORIENTED_EDGE('',*,*,#2365,.F.);
#2365 = EDGE_CURVE('',#2342,#2358,#2366,.T.);
#2366 = LINE('',#2367,#2368);
#2367 = CARTESIAN_POINT('',(-1.,-2.6,9.35));
#2368 = VECTOR('',#2369,1.);
#2369 = DIRECTION('',(0.,1.,0.));
#2370 = PLANE('',#2371);
#2371 = AXIS2_PLACEMENT_3D('',#2372,#2373,#2374);
#2372 = CARTESIAN_POINT('',(-1.,-3.25,0.));
#2373 = DIRECTION('',(1.,0.,0.));
#2374 = DIRECTION('',(0.,0.,1.));
#2375 = ADVANCED_FACE('',(#2376),#2403,.T.);
#2376 = FACE_BOUND('',#2377,.T.);
#2377 = EDGE_LOOP('',(#2378,#2379,#2388,#2396));
#2378 = ORIENTED_EDGE('',*,*,#2339,.F.);
#2379 = ORIENTED_EDGE('',*,*,#2380,.T.);
#2380 = EDGE_CURVE('',#2340,#2381,#2383,.T.);
#2381 = VERTEX_POINT('',#2382);
#2382 = CARTESIAN_POINT('',(-0.35,-3.25,0.));
#2383 = CIRCLE('',#2384,0.65);
#2384 = AXIS2_PLACEMENT_3D('',#2385,#2386,#2387);
#2385 = CARTESIAN_POINT('',(-0.35,-2.6,0.));
#2386 = DIRECTION('',(-0.,0.,1.));
#2387 = DIRECTION('',(0.,-1.,0.));
#2388 = ORIENTED_EDGE('',*,*,#2389,.T.);
#2389 = EDGE_CURVE('',#2381,#2390,#2392,.T.);
#2390 = VERTEX_POINT('',#2391);
#2391 = CARTESIAN_POINT('',(-0.35,-3.25,9.35));
#2392 = LINE('',#2393,#2394);
#2393 = CARTESIAN_POINT('',(-0.35,-3.25,0.));
#2394 = VECTOR('',#2395,1.);
#2395 = DIRECTION('',(0.,0.,1.));
#2396 = ORIENTED_EDGE('',*,*,#2397,.T.);
#2397 = EDGE_CURVE('',#2390,#2342,#2398,.T.);
#2398 = CIRCLE('',#2399,0.65);
#2399 = AXIS2_PLACEMENT_3D('',#2400,#2401,#2402);
#2400 = CARTESIAN_POINT('',(-0.35,-2.6,9.35));
#2401 = DIRECTION('',(-0.,-0.,-1.));
#2402 = DIRECTION('',(0.,-1.,0.));
#2403 = CYLINDRICAL_SURFACE('',#2404,0.65);
#2404 = AXIS2_PLACEMENT_3D('',#2405,#2406,#2407);
#2405 = CARTESIAN_POINT('',(-0.35,-2.6,0.));
#2406 = DIRECTION('',(0.,0.,1.));
#2407 = DIRECTION('',(-1.,0.,0.));
#2408 = ADVANCED_FACE('',(#2409),#2436,.T.);
#2409 = FACE_BOUND('',#2410,.T.);
#2410 = EDGE_LOOP('',(#2411,#2420,#2428,#2435));
#2411 = ORIENTED_EDGE('',*,*,#2412,.T.);
#2412 = EDGE_CURVE('',#2342,#2413,#2415,.T.);
#2413 = VERTEX_POINT('',#2414);
#2414 = CARTESIAN_POINT('',(-0.35,-2.6,10.));
#2415 = CIRCLE('',#2416,0.65);
#2416 = AXIS2_PLACEMENT_3D('',#2417,#2418,#2419);
#2417 = CARTESIAN_POINT('',(-0.35,-2.6,9.35));
#2418 = DIRECTION('',(0.,1.,-0.));
#2419 = DIRECTION('',(-1.,0.,0.));
#2420 = ORIENTED_EDGE('',*,*,#2421,.T.);
#2421 = EDGE_CURVE('',#2413,#2422,#2424,.T.);
#2422 = VERTEX_POINT('',#2423);
#2423 = CARTESIAN_POINT('',(-0.35,2.6,10.));
#2424 = LINE('',#2425,#2426);
#2425 = CARTESIAN_POINT('',(-0.35,-2.6,10.));
#2426 = VECTOR('',#2427,1.);
#2427 = DIRECTION('',(0.,1.,0.));
#2428 = ORIENTED_EDGE('',*,*,#2429,.F.);
#2429 = EDGE_CURVE('',#2358,#2422,#2430,.T.);
#2430 = CIRCLE('',#2431,0.65);
#2431 = AXIS2_PLACEMENT_3D('',#2432,#2433,#2434);
#2432 = CARTESIAN_POINT('',(-0.35,2.6,9.35));
#2433 = DIRECTION('',(0.,1.,-0.));
#2434 = DIRECTION('',(-1.,0.,0.));
#2435 = ORIENTED_EDGE('',*,*,#2365,.F.);
#2436 = CYLINDRICAL_SURFACE('',#2437,0.65);
#2437 = AXIS2_PLACEMENT_3D('',#2438,#2439,#2440);
#2438 = CARTESIAN_POINT('',(-0.35,-2.6,9.35));
#2439 = DIRECTION('',(0.,1.,0.));
#2440 = DIRECTION('',(-1.,0.,0.));
#2441 = ADVANCED_FACE('',(#2442,#2495,#2506),#2517,.F.);
#2442 = FACE_BOUND('',#2443,.F.);
#2443 = EDGE_LOOP('',(#2444,#2445,#2446,#2454,#2463,#2471,#2480,#2488));
#2444 = ORIENTED_EDGE('',*,*,#2349,.F.);
#2445 = ORIENTED_EDGE('',*,*,#2380,.T.);
#2446 = ORIENTED_EDGE('',*,*,#2447,.T.);
#2447 = EDGE_CURVE('',#2381,#2448,#2450,.T.);
#2448 = VERTEX_POINT('',#2449);
#2449 = CARTESIAN_POINT('',(5.35,-3.25,0.));
#2450 = LINE('',#2451,#2452);
#2451 = CARTESIAN_POINT('',(-1.,-3.25,0.));
#2452 = VECTOR('',#2453,1.);
#2453 = DIRECTION('',(1.,0.,0.));
#2454 = ORIENTED_EDGE('',*,*,#2455,.F.);
#2455 = EDGE_CURVE('',#2456,#2448,#2458,.T.);
#2456 = VERTEX_POINT('',#2457);
#2457 = CARTESIAN_POINT('',(6.,-2.6,0.));
#2458 = CIRCLE('',#2459,0.65);
#2459 = AXIS2_PLACEMENT_3D('',#2460,#2461,#2462);
#2460 = CARTESIAN_POINT('',(5.35,-2.6,0.));
#2461 = DIRECTION('',(-0.,-0.,-1.));
#2462 = DIRECTION('',(0.,-1.,0.));
#2463 = ORIENTED_EDGE('',*,*,#2464,.T.);
#2464 = EDGE_CURVE('',#2456,#2465,#2467,.T.);
#2465 = VERTEX_POINT('',#2466);
#2466 = CARTESIAN_POINT('',(6.,2.6,0.));
#2467 = LINE('',#2468,#2469);
#2468 = CARTESIAN_POINT('',(6.,-3.25,0.));
#2469 = VECTOR('',#2470,1.);
#2470 = DIRECTION('',(0.,1.,0.));
#2471 = ORIENTED_EDGE('',*,*,#2472,.T.);
#2472 = EDGE_CURVE('',#2465,#2473,#2475,.T.);
#2473 = VERTEX_POINT('',#2474);
#2474 = CARTESIAN_POINT('',(5.35,3.25,0.));
#2475 = CIRCLE('',#2476,0.65);
#2476 = AXIS2_PLACEMENT_3D('',#2477,#2478,#2479);
#2477 = CARTESIAN_POINT('',(5.35,2.6,0.));
#2478 = DIRECTION('',(-0.,0.,1.));
#2479 = DIRECTION('',(0.,-1.,0.));
#2480 = ORIENTED_EDGE('',*,*,#2481,.F.);
#2481 = EDGE_CURVE('',#2482,#2473,#2484,.T.);
#2482 = VERTEX_POINT('',#2483);
#2483 = CARTESIAN_POINT('',(-0.35,3.25,0.));
#2484 = LINE('',#2485,#2486);
#2485 = CARTESIAN_POINT('',(-1.,3.25,0.));
#2486 = VECTOR('',#2487,1.);
#2487 = DIRECTION('',(1.,0.,0.));
#2488 = ORIENTED_EDGE('',*,*,#2489,.F.);
#2489 = EDGE_CURVE('',#2350,#2482,#2490,.T.);
#2490 = CIRCLE('',#2491,0.65);
#2491 = AXIS2_PLACEMENT_3D('',#2492,#2493,#2494);
#2492 = CARTESIAN_POINT('',(-0.35,2.6,0.));
#2493 = DIRECTION('',(-0.,-0.,-1.));
#2494 = DIRECTION('',(0.,-1.,0.));
#2495 = FACE_BOUND('',#2496,.F.);
#2496 = EDGE_LOOP('',(#2497));
#2497 = ORIENTED_EDGE('',*,*,#2498,.F.);
#2498 = EDGE_CURVE('',#2499,#2499,#2501,.T.);
#2499 = VERTEX_POINT('',#2500);
#2500 = CARTESIAN_POINT('',(0.3,0.,0.));
#2501 = CIRCLE('',#2502,0.3);
#2502 = AXIS2_PLACEMENT_3D('',#2503,#2504,#2505);
#2503 = CARTESIAN_POINT('',(0.,0.,0.));
#2504 = DIRECTION('',(0.,0.,1.));
#2505 = DIRECTION('',(1.,0.,-0.));
#2506 = FACE_BOUND('',#2507,.F.);
#2507 = EDGE_LOOP('',(#2508));
#2508 = ORIENTED_EDGE('',*,*,#2509,.F.);
#2509 = EDGE_CURVE('',#2510,#2510,#2512,.T.);
#2510 = VERTEX_POINT('',#2511);
#2511 = CARTESIAN_POINT('',(5.3,0.,0.));
#2512 = CIRCLE('',#2513,0.3);
#2513 = AXIS2_PLACEMENT_3D('',#2514,#2515,#2516);
#2514 = CARTESIAN_POINT('',(5.,0.,0.));
#2515 = DIRECTION('',(0.,0.,1.));
#2516 = DIRECTION('',(1.,0.,-0.));
#2517 = PLANE('',#2518);
#2518 = AXIS2_PLACEMENT_3D('',#2519,#2520,#2521);
#2519 = CARTESIAN_POINT('',(-1.,-3.25,0.));
#2520 = DIRECTION('',(0.,0.,1.));
#2521 = DIRECTION('',(1.,0.,-0.));
#2522 = ADVANCED_FACE('',(#2523),#2542,.T.);
#2523 = FACE_BOUND('',#2524,.T.);
#2524 = EDGE_LOOP('',(#2525,#2534,#2540,#2541));
#2525 = ORIENTED_EDGE('',*,*,#2526,.T.);
#2526 = EDGE_CURVE('',#2358,#2527,#2529,.T.);
#2527 = VERTEX_POINT('',#2528);
#2528 = CARTESIAN_POINT('',(-0.35,3.25,9.35));
#2529 = CIRCLE('',#2530,0.65);
#2530 = AXIS2_PLACEMENT_3D('',#2531,#2532,#2533);
#2531 = CARTESIAN_POINT('',(-0.35,2.6,9.35));
#2532 = DIRECTION('',(0.,0.,-1.));
#2533 = DIRECTION('',(-1.,1.366428338E-15,0.));
#2534 = ORIENTED_EDGE('',*,*,#2535,.F.);
#2535 = EDGE_CURVE('',#2482,#2527,#2536,.T.);
#2536 = LINE('',#2537,#2538);
#2537 = CARTESIAN_POINT('',(-0.35,3.25,0.));
#2538 = VECTOR('',#2539,1.);
#2539 = DIRECTION('',(0.,0.,1.));
#2540 = ORIENTED_EDGE('',*,*,#2489,.F.);
#2541 = ORIENTED_EDGE('',*,*,#2357,.T.);
#2542 = CYLINDRICAL_SURFACE('',#2543,0.65);
#2543 = AXIS2_PLACEMENT_3D('',#2544,#2545,#2546);
#2544 = CARTESIAN_POINT('',(-0.35,2.6,0.));
#2545 = DIRECTION('',(0.,0.,1.));
#2546 = DIRECTION('',(-1.,0.,0.));
#2547 = ADVANCED_FACE('',(#2548),#2559,.T.);
#2548 = FACE_BOUND('',#2549,.T.);
#2549 = EDGE_LOOP('',(#2550,#2551,#2552));
#2550 = ORIENTED_EDGE('',*,*,#2412,.F.);
#2551 = ORIENTED_EDGE('',*,*,#2397,.F.);
#2552 = ORIENTED_EDGE('',*,*,#2553,.T.);
#2553 = EDGE_CURVE('',#2390,#2413,#2554,.T.);
#2554 = CIRCLE('',#2555,0.65);
#2555 = AXIS2_PLACEMENT_3D('',#2556,#2557,#2558);
#2556 = CARTESIAN_POINT('',(-0.35,-2.6,9.35));
#2557 = DIRECTION('',(-1.,0.,0.));
#2558 = DIRECTION('',(0.,-1.,0.));
#2559 = SPHERICAL_SURFACE('',#2560,0.65);
#2560 = AXIS2_PLACEMENT_3D('',#2561,#2562,#2563);
#2561 = CARTESIAN_POINT('',(-0.35,-2.6,9.35));
#2562 = DIRECTION('',(0.,0.,1.));
#2563 = DIRECTION('',(0.,-1.,0.));
#2564 = ADVANCED_FACE('',(#2565),#2583,.F.);
#2565 = FACE_BOUND('',#2566,.F.);
#2566 = EDGE_LOOP('',(#2567,#2568,#2576,#2582));
#2567 = ORIENTED_EDGE('',*,*,#2389,.T.);
#2568 = ORIENTED_EDGE('',*,*,#2569,.F.);
#2569 = EDGE_CURVE('',#2570,#2390,#2572,.T.);
#2570 = VERTEX_POINT('',#2571);
#2571 = CARTESIAN_POINT('',(5.35,-3.25,9.35));
#2572 = LINE('',#2573,#2574);
#2573 = CARTESIAN_POINT('',(5.35,-3.25,9.35));
#2574 = VECTOR('',#2575,1.);
#2575 = DIRECTION('',(-1.,-0.,-0.));
#2576 = ORIENTED_EDGE('',*,*,#2577,.F.);
#2577 = EDGE_CURVE('',#2448,#2570,#2578,.T.);
#2578 = LINE('',#2579,#2580);
#2579 = CARTESIAN_POINT('',(5.35,-3.25,0.));
#2580 = VECTOR('',#2581,1.);
#2581 = DIRECTION('',(0.,0.,1.));
#2582 = ORIENTED_EDGE('',*,*,#2447,.F.);
#2583 = PLANE('',#2584);
#2584 = AXIS2_PLACEMENT_3D('',#2585,#2586,#2587);
#2585 = CARTESIAN_POINT('',(-1.,-3.25,0.));
#2586 = DIRECTION('',(0.,1.,0.));
#2587 = DIRECTION('',(0.,-0.,1.));
#2588 = ADVANCED_FACE('',(#2589),#2614,.T.);
#2589 = FACE_BOUND('',#2590,.T.);
#2590 = EDGE_LOOP('',(#2591,#2592,#2600,#2608));
#2591 = ORIENTED_EDGE('',*,*,#2421,.F.);
#2592 = ORIENTED_EDGE('',*,*,#2593,.F.);
#2593 = EDGE_CURVE('',#2594,#2413,#2596,.T.);
#2594 = VERTEX_POINT('',#2595);
#2595 = CARTESIAN_POINT('',(5.35,-2.6,10.));
#2596 = LINE('',#2597,#2598);
#2597 = CARTESIAN_POINT('',(5.35,-2.6,10.));
#2598 = VECTOR('',#2599,1.);
#2599 = DIRECTION('',(-1.,-0.,-0.));
#2600 = ORIENTED_EDGE('',*,*,#2601,.F.);
#2601 = EDGE_CURVE('',#2602,#2594,#2604,.T.);
#2602 = VERTEX_POINT('',#2603);
#2603 = CARTESIAN_POINT('',(5.35,2.6,10.));
#2604 = LINE('',#2605,#2606);
#2605 = CARTESIAN_POINT('',(5.35,2.6,10.));
#2606 = VECTOR('',#2607,1.);
#2607 = DIRECTION('',(-0.,-1.,-0.));
#2608 = ORIENTED_EDGE('',*,*,#2609,.F.);
#2609 = EDGE_CURVE('',#2422,#2602,#2610,.T.);
#2610 = LINE('',#2611,#2612);
#2611 = CARTESIAN_POINT('',(-0.35,2.6,10.));
#2612 = VECTOR('',#2613,1.);
#2613 = DIRECTION('',(1.,0.,0.));
#2614 = PLANE('',#2615);
#2615 = AXIS2_PLACEMENT_3D('',#2616,#2617,#2618);
#2616 = CARTESIAN_POINT('',(-1.,-3.25,10.));
#2617 = DIRECTION('',(0.,0.,1.));
#2618 = DIRECTION('',(1.,0.,-0.));
#2619 = ADVANCED_FACE('',(#2620),#2631,.T.);
#2620 = FACE_BOUND('',#2621,.T.);
#2621 = EDGE_LOOP('',(#2622,#2629,#2630));
#2622 = ORIENTED_EDGE('',*,*,#2623,.F.);
#2623 = EDGE_CURVE('',#2527,#2422,#2624,.T.);
#2624 = CIRCLE('',#2625,0.65);
#2625 = AXIS2_PLACEMENT_3D('',#2626,#2627,#2628);
#2626 = CARTESIAN_POINT('',(-0.35,2.6,9.35));
#2627 = DIRECTION('',(1.,-6.390621832677E-16,0.));
#2628 = DIRECTION('',(6.390621832677E-16,1.,0.));
#2629 = ORIENTED_EDGE('',*,*,#2526,.F.);
#2630 = ORIENTED_EDGE('',*,*,#2429,.T.);
#2631 = SPHERICAL_SURFACE('',#2632,0.65);
#2632 = AXIS2_PLACEMENT_3D('',#2633,#2634,#2635);
#2633 = CARTESIAN_POINT('',(-0.35,2.6,9.35));
#2634 = DIRECTION('',(0.,0.,1.));
#2635 = DIRECTION('',(-1.,1.366428338E-15,0.));
#2636 = ADVANCED_FACE('',(#2637),#2655,.T.);
#2637 = FACE_BOUND('',#2638,.T.);
#2638 = EDGE_LOOP('',(#2639,#2640,#2648,#2654));
#2639 = ORIENTED_EDGE('',*,*,#2535,.T.);
#2640 = ORIENTED_EDGE('',*,*,#2641,.T.);
#2641 = EDGE_CURVE('',#2527,#2642,#2644,.T.);
#2642 = VERTEX_POINT('',#2643);
#2643 = CARTESIAN_POINT('',(5.35,3.25,9.35));
#2644 = LINE('',#2645,#2646);
#2645 = CARTESIAN_POINT('',(-0.35,3.25,9.35));
#2646 = VECTOR('',#2647,1.);
#2647 = DIRECTION('',(1.,0.,0.));
#2648 = ORIENTED_EDGE('',*,*,#2649,.F.);
#2649 = EDGE_CURVE('',#2473,#2642,#2650,.T.);
#2650 = LINE('',#2651,#2652);
#2651 = CARTESIAN_POINT('',(5.35,3.25,0.));
#2652 = VECTOR('',#2653,1.);
#2653 = DIRECTION('',(0.,0.,1.));
#2654 = ORIENTED_EDGE('',*,*,#2481,.F.);
#2655 = PLANE('',#2656);
#2656 = AXIS2_PLACEMENT_3D('',#2657,#2658,#2659);
#2657 = CARTESIAN_POINT('',(-1.,3.25,0.));
#2658 = DIRECTION('',(0.,1.,0.));
#2659 = DIRECTION('',(0.,-0.,1.));
#2660 = ADVANCED_FACE('',(#2661),#2680,.T.);
#2661 = FACE_BOUND('',#2662,.T.);
#2662 = EDGE_LOOP('',(#2663,#2672,#2673,#2674));
#2663 = ORIENTED_EDGE('',*,*,#2664,.T.);
#2664 = EDGE_CURVE('',#2665,#2570,#2667,.T.);
#2665 = VERTEX_POINT('',#2666);
#2666 = CARTESIAN_POINT('',(6.,-2.6,9.35));
#2667 = CIRCLE('',#2668,0.65);
#2668 = AXIS2_PLACEMENT_3D('',#2669,#2670,#2671);
#2669 = CARTESIAN_POINT('',(5.35,-2.6,9.35));
#2670 = DIRECTION('',(0.,0.,-1.));
#2671 = DIRECTION('',(1.,0.,0.));
#2672 = ORIENTED_EDGE('',*,*,#2577,.F.);
#2673 = ORIENTED_EDGE('',*,*,#2455,.F.);
#2674 = ORIENTED_EDGE('',*,*,#2675,.T.);
#2675 = EDGE_CURVE('',#2456,#2665,#2676,.T.);
#2676 = LINE('',#2677,#2678);
#2677 = CARTESIAN_POINT('',(6.,-2.6,0.));
#2678 = VECTOR('',#2679,1.);
#2679 = DIRECTION('',(0.,0.,1.));
#2680 = CYLINDRICAL_SURFACE('',#2681,0.65);
#2681 = AXIS2_PLACEMENT_3D('',#2682,#2683,#2684);
#2682 = CARTESIAN_POINT('',(5.35,-2.6,0.));
#2683 = DIRECTION('',(0.,0.,1.));
#2684 = DIRECTION('',(1.,0.,-0.));
#2685 = ADVANCED_FACE('',(#2686),#2705,.T.);
#2686 = FACE_BOUND('',#2687,.T.);
#2687 = EDGE_LOOP('',(#2688,#2696,#2697,#2698));
#2688 = ORIENTED_EDGE('',*,*,#2689,.F.);
#2689 = EDGE_CURVE('',#2465,#2690,#2692,.T.);
#2690 = VERTEX_POINT('',#2691);
#2691 = CARTESIAN_POINT('',(6.,2.6,9.35));
#2692 = LINE('',#2693,#2694);
#2693 = CARTESIAN_POINT('',(6.,2.6,0.));
#2694 = VECTOR('',#2695,1.);
#2695 = DIRECTION('',(0.,0.,1.));
#2696 = ORIENTED_EDGE('',*,*,#2472,.T.);
#2697 = ORIENTED_EDGE('',*,*,#2649,.T.);
#2698 = ORIENTED_EDGE('',*,*,#2699,.T.);
#2699 = EDGE_CURVE('',#2642,#2690,#2700,.T.);
#2700 = CIRCLE('',#2701,0.65);
#2701 = AXIS2_PLACEMENT_3D('',#2702,#2703,#2704);
#2702 = CARTESIAN_POINT('',(5.35,2.6,9.35));
#2703 = DIRECTION('',(0.,0.,-1.));
#2704 = DIRECTION('',(0.,1.,0.));
#2705 = CYLINDRICAL_SURFACE('',#2706,0.65);
#2706 = AXIS2_PLACEMENT_3D('',#2707,#2708,#2709);
#2707 = CARTESIAN_POINT('',(5.35,2.6,0.));
#2708 = DIRECTION('',(0.,0.,1.));
#2709 = DIRECTION('',(1.,0.,-0.));
#2710 = ADVANCED_FACE('',(#2711),#2722,.T.);
#2711 = FACE_BOUND('',#2712,.T.);
#2712 = EDGE_LOOP('',(#2713,#2714,#2715,#2716));
#2713 = ORIENTED_EDGE('',*,*,#2675,.F.);
#2714 = ORIENTED_EDGE('',*,*,#2464,.T.);
#2715 = ORIENTED_EDGE('',*,*,#2689,.T.);
#2716 = ORIENTED_EDGE('',*,*,#2717,.T.);
#2717 = EDGE_CURVE('',#2690,#2665,#2718,.T.);
#2718 = LINE('',#2719,#2720);
#2719 = CARTESIAN_POINT('',(6.,2.6,9.35));
#2720 = VECTOR('',#2721,1.);
#2721 = DIRECTION('',(-0.,-1.,-0.));
#2722 = PLANE('',#2723);
#2723 = AXIS2_PLACEMENT_3D('',#2724,#2725,#2726);
#2724 = CARTESIAN_POINT('',(6.,-3.25,0.));
#2725 = DIRECTION('',(1.,0.,0.));
#2726 = DIRECTION('',(0.,0.,1.));
#2727 = ADVANCED_FACE('',(#2728),#2747,.T.);
#2728 = FACE_BOUND('',#2729,.T.);
#2729 = EDGE_LOOP('',(#2730,#2731,#2739,#2746));
#2730 = ORIENTED_EDGE('',*,*,#2498,.F.);
#2731 = ORIENTED_EDGE('',*,*,#2732,.T.);
#2732 = EDGE_CURVE('',#2499,#2733,#2735,.T.);
#2733 = VERTEX_POINT('',#2734);
#2734 = CARTESIAN_POINT('',(0.3,0.,-1.9));
#2735 = LINE('',#2736,#2737);
#2736 = CARTESIAN_POINT('',(0.3,0.,0.1));
#2737 = VECTOR('',#2738,1.);
#2738 = DIRECTION('',(-0.,-0.,-1.));
#2739 = ORIENTED_EDGE('',*,*,#2740,.T.);
#2740 = EDGE_CURVE('',#2733,#2733,#2741,.T.);
#2741 = CIRCLE('',#2742,0.3);
#2742 = AXIS2_PLACEMENT_3D('',#2743,#2744,#2745);
#2743 = CARTESIAN_POINT('',(0.,0.,-1.9));
#2744 = DIRECTION('',(0.,0.,1.));
#2745 = DIRECTION('',(1.,0.,-0.));
#2746 = ORIENTED_EDGE('',*,*,#2732,.F.);
#2747 = CYLINDRICAL_SURFACE('',#2748,0.3);
#2748 = AXIS2_PLACEMENT_3D('',#2749,#2750,#2751);
#2749 = CARTESIAN_POINT('',(0.,0.,0.1));
#2750 = DIRECTION('',(0.,0.,1.));
#2751 = DIRECTION('',(1.,0.,-0.));
#2752 = ADVANCED_FACE('',(#2753),#2772,.T.);
#2753 = FACE_BOUND('',#2754,.T.);
#2754 = EDGE_LOOP('',(#2755,#2756,#2764,#2771));
#2755 = ORIENTED_EDGE('',*,*,#2509,.F.);
#2756 = ORIENTED_EDGE('',*,*,#2757,.T.);
#2757 = EDGE_CURVE('',#2510,#2758,#2760,.T.);
#2758 = VERTEX_POINT('',#2759);
#2759 = CARTESIAN_POINT('',(5.3,0.,-1.9));
#2760 = LINE('',#2761,#2762);
#2761 = CARTESIAN_POINT('',(5.3,0.,0.1));
#2762 = VECTOR('',#2763,1.);
#2763 = DIRECTION('',(-0.,-0.,-1.));
#2764 = ORIENTED_EDGE('',*,*,#2765,.T.);
#2765 = EDGE_CURVE('',#2758,#2758,#2766,.T.);
#2766 = CIRCLE('',#2767,0.3);
#2767 = AXIS2_PLACEMENT_3D('',#2768,#2769,#2770);
#2768 = CARTESIAN_POINT('',(5.,0.,-1.9));
#2769 = DIRECTION('',(0.,0.,1.));
#2770 = DIRECTION('',(1.,0.,-0.));
#2771 = ORIENTED_EDGE('',*,*,#2757,.F.);
#2772 = CYLINDRICAL_SURFACE('',#2773,0.3);
#2773 = AXIS2_PLACEMENT_3D('',#2774,#2775,#2776);
#2774 = CARTESIAN_POINT('',(5.,0.,0.1));
#2775 = DIRECTION('',(0.,0.,1.));
#2776 = DIRECTION('',(1.,0.,-0.));
#2777 = ADVANCED_FACE('',(#2778),#2790,.T.);
#2778 = FACE_BOUND('',#2779,.T.);
#2779 = EDGE_LOOP('',(#2780,#2787,#2788,#2789));
#2780 = ORIENTED_EDGE('',*,*,#2781,.T.);
#2781 = EDGE_CURVE('',#2570,#2594,#2782,.T.);
#2782 = CIRCLE('',#2783,0.65);
#2783 = AXIS2_PLACEMENT_3D('',#2784,#2785,#2786);
#2784 = CARTESIAN_POINT('',(5.35,-2.6,9.35));
#2785 = DIRECTION('',(-1.,-6.123233995737E-17,0.));
#2786 = DIRECTION('',(6.123233995737E-17,-1.,0.));
#2787 = ORIENTED_EDGE('',*,*,#2593,.T.);
#2788 = ORIENTED_EDGE('',*,*,#2553,.F.);
#2789 = ORIENTED_EDGE('',*,*,#2569,.F.);
#2790 = CYLINDRICAL_SURFACE('',#2791,0.65);
#2791 = AXIS2_PLACEMENT_3D('',#2792,#2793,#2794);
#2792 = CARTESIAN_POINT('',(5.35,-2.6,9.35));
#2793 = DIRECTION('',(-1.,-0.,-0.));
#2794 = DIRECTION('',(0.,-1.,0.));
#2795 = ADVANCED_FACE('',(#2796),#2808,.T.);
#2796 = FACE_BOUND('',#2797,.T.);
#2797 = EDGE_LOOP('',(#2798,#2799,#2800,#2807));
#2798 = ORIENTED_EDGE('',*,*,#2623,.T.);
#2799 = ORIENTED_EDGE('',*,*,#2609,.T.);
#2800 = ORIENTED_EDGE('',*,*,#2801,.F.);
#2801 = EDGE_CURVE('',#2642,#2602,#2802,.T.);
#2802 = CIRCLE('',#2803,0.65);
#2803 = AXIS2_PLACEMENT_3D('',#2804,#2805,#2806);
#2804 = CARTESIAN_POINT('',(5.35,2.6,9.35));
#2805 = DIRECTION('',(1.,0.,0.));
#2806 = DIRECTION('',(-0.,1.,0.));
#2807 = ORIENTED_EDGE('',*,*,#2641,.F.);
#2808 = CYLINDRICAL_SURFACE('',#2809,0.65);
#2809 = AXIS2_PLACEMENT_3D('',#2810,#2811,#2812);
#2810 = CARTESIAN_POINT('',(-0.35,2.6,9.35));
#2811 = DIRECTION('',(1.,0.,0.));
#2812 = DIRECTION('',(-0.,1.,0.));
#2813 = ADVANCED_FACE('',(#2814),#2832,.T.);
#2814 = FACE_BOUND('',#2815,.T.);
#2815 = EDGE_LOOP('',(#2816,#2823,#2824,#2831));
#2816 = ORIENTED_EDGE('',*,*,#2817,.T.);
#2817 = EDGE_CURVE('',#2690,#2602,#2818,.T.);
#2818 = CIRCLE('',#2819,0.65);
#2819 = AXIS2_PLACEMENT_3D('',#2820,#2821,#2822);
#2820 = CARTESIAN_POINT('',(5.35,2.6,9.35));
#2821 = DIRECTION('',(-6.049014748177E-16,-1.,0.));
#2822 = DIRECTION('',(1.,-6.049014748177E-16,0.));
#2823 = ORIENTED_EDGE('',*,*,#2601,.T.);
#2824 = ORIENTED_EDGE('',*,*,#2825,.F.);
#2825 = EDGE_CURVE('',#2665,#2594,#2826,.T.);
#2826 = CIRCLE('',#2827,0.65);
#2827 = AXIS2_PLACEMENT_3D('',#2828,#2829,#2830);
#2828 = CARTESIAN_POINT('',(5.35,-2.6,9.35));
#2829 = DIRECTION('',(0.,-1.,0.));
#2830 = DIRECTION('',(1.,0.,0.));
#2831 = ORIENTED_EDGE('',*,*,#2717,.F.);
#2832 = CYLINDRICAL_SURFACE('',#2833,0.65);
#2833 = AXIS2_PLACEMENT_3D('',#2834,#2835,#2836);
#2834 = CARTESIAN_POINT('',(5.35,2.6,9.35));
#2835 = DIRECTION('',(-0.,-1.,-0.));
#2836 = DIRECTION('',(1.,-0.,0.));
#2837 = ADVANCED_FACE('',(#2838),#2843,.T.);
#2838 = FACE_BOUND('',#2839,.T.);
#2839 = EDGE_LOOP('',(#2840,#2841,#2842));
#2840 = ORIENTED_EDGE('',*,*,#2781,.F.);
#2841 = ORIENTED_EDGE('',*,*,#2664,.F.);
#2842 = ORIENTED_EDGE('',*,*,#2825,.T.);
#2843 = SPHERICAL_SURFACE('',#2844,0.65);
#2844 = AXIS2_PLACEMENT_3D('',#2845,#2846,#2847);
#2845 = CARTESIAN_POINT('',(5.35,-2.6,9.35));
#2846 = DIRECTION('',(0.,0.,1.));
#2847 = DIRECTION('',(1.,0.,-0.));
#2848 = ADVANCED_FACE('',(#2849),#2854,.T.);
#2849 = FACE_BOUND('',#2850,.T.);
#2850 = EDGE_LOOP('',(#2851,#2852,#2853));
#2851 = ORIENTED_EDGE('',*,*,#2817,.F.);
#2852 = ORIENTED_EDGE('',*,*,#2699,.F.);
#2853 = ORIENTED_EDGE('',*,*,#2801,.T.);
#2854 = SPHERICAL_SURFACE('',#2855,0.65);
#2855 = AXIS2_PLACEMENT_3D('',#2856,#2857,#2858);
#2856 = CARTESIAN_POINT('',(5.35,2.6,9.35));
#2857 = DIRECTION('',(0.,0.,1.));
#2858 = DIRECTION('',(0.,1.,0.));
#2859 = ADVANCED_FACE('',(#2860),#2863,.F.);
#2860 = FACE_BOUND('',#2861,.F.);
#2861 = EDGE_LOOP('',(#2862));
#2862 = ORIENTED_EDGE('',*,*,#2740,.T.);
#2863 = PLANE('',#2864);
#2864 = AXIS2_PLACEMENT_3D('',#2865,#2866,#2867);
#2865 = CARTESIAN_POINT('',(0.,-1.224646799147E-17,-1.9));
#2866 = DIRECTION('',(0.,0.,1.));
#2867 = DIRECTION('',(1.,0.,-0.));
#2868 = ADVANCED_FACE('',(#2869),#2872,.F.);
#2869 = FACE_BOUND('',#2870,.F.);
#2870 = EDGE_LOOP('',(#2871));
#2871 = ORIENTED_EDGE('',*,*,#2765,.T.);
#2872 = PLANE('',#2873);
#2873 = AXIS2_PLACEMENT_3D('',#2874,#2875,#2876);
#2874 = CARTESIAN_POINT('',(5.,-1.224646799147E-17,-1.9));
#2875 = DIRECTION('',(0.,0.,1.));
#2876 = DIRECTION('',(1.,0.,-0.));
#2877 = ( GEOMETRIC_REPRESENTATION_CONTEXT(3) 
GLOBAL_UNCERTAINTY_ASSIGNED_CONTEXT((#2881)) 
GLOBAL_UNIT_ASSIGNED_CONTEXT((#2878,#2879,#2880)) REPRESENTATION_CONTEXT
('Context #1','3D Context with UNIT and UNCERTAINTY') );
#2878 = ( LENGTH_UNIT() NAMED_UNIT(*) SI_UNIT(.MILLI.,.METRE.) );
#2879 = ( NAMED_UNIT(*) PLANE_ANGLE_UNIT() SI_UNIT($,.RADIAN.) );
#2880 = ( NAMED_UNIT(*) SI_UNIT($,.STERADIAN.) SOLID_ANGLE_UNIT() );
#2881 = UNCERTAINTY_MEASURE_WITH_UNIT(LENGTH_MEASURE(1.E-07),#2878,
  'distance_accuracy_value','confusion accuracy');
#2882 = CONTEXT_DEPENDENT_SHAPE_REPRESENTATION(#2883,#2885);
#2883 = ( REPRESENTATION_RELATIONSHIP('','',#2332,#10) 
REPRESENTATION_RELATIONSHIP_WITH_TRANSFORMATION(#2884) 
SHAPE_REPRESENTATION_RELATIONSHIP() );
#2884 = ITEM_DEFINED_TRANSFORMATION('','',#11,#27);
#2885 = PRODUCT_DEFINITION_SHAPE('Placement','Placement of an item',
  #2886);
#2886 = NEXT_ASSEMBLY_USAGE_OCCURRENCE('4','C2','',#5,#2327,$);
#2887 = PRODUCT_RELATED_PRODUCT_CATEGORY('part',$,(#2329));
#2888 = CONTEXT_DEPENDENT_SHAPE_REPRESENTATION(#2889,#2891);
#2889 = ( REPRESENTATION_RELATIONSHIP('','',#1650,#10) 
REPRESENTATION_RELATIONSHIP_WITH_TRANSFORMATION(#2890) 
SHAPE_REPRESENTATION_RELATIONSHIP() );
#2890 = ITEM_DEFINED_TRANSFORMATION('','',#11,#31);
#2891 = PRODUCT_DEFINITION_SHAPE('Placement','Placement of an item',
  #2892);
#2892 = NEXT_ASSEMBLY_USAGE_OCCURRENCE('5','R2','',#5,#1645,$);
#2893 = CONTEXT_DEPENDENT_SHAPE_REPRESENTATION(#2894,#2896);
#2894 = ( REPRESENTATION_RELATIONSHIP('','',#2332,#10) 
REPRESENTATION_RELATIONSHIP_WITH_TRANSFORMATION(#2895) 
SHAPE_REPRESENTATION_RELATIONSHIP() );
#2895 = ITEM_DEFINED_TRANSFORMATION('','',#11,#35);
#2896 = PRODUCT_DEFINITION_SHAPE('Placement','Placement of an item',
  #2897);
#2897 = NEXT_ASSEMBLY_USAGE_OCCURRENCE('6','C1','',#5,#2327,$);
#2898 = CONTEXT_DEPENDENT_SHAPE_REPRESENTATION(#2899,#2901);
#2899 = ( REPRESENTATION_RELATIONSHIP('','',#873,#10) 
REPRESENTATION_RELATIONSHIP_WITH_TRANSFORMATION(#2900) 
SHAPE_REPRESENTATION_RELATIONSHIP() );
#2900 = ITEM_DEFINED_TRANSFORMATION('','',#11,#39);
#2901 = PRODUCT_DEFINITION_SHAPE('Placement','Placement of an item',
  #2902);
#2902 = NEXT_ASSEMBLY_USAGE_OCCURRENCE('7','TP5','',#5,#868,$);
#2903 = SHAPE_DEFINITION_REPRESENTATION(#2904,#2910);
#2904 = PRODUCT_DEFINITION_SHAPE('','',#2905);
#2905 = PRODUCT_DEFINITION('design','',#2906,#2909);
#2906 = PRODUCT_DEFINITION_FORMATION('','',#2907);
#2907 = PRODUCT('PinSocket_2x03_P2.54mm_Vertical',
  'PinSocket_2x03_P2.54mm_Vertical','',(#2908));
#2908 = PRODUCT_CONTEXT('',#2,'mechanical');
#2909 = PRODUCT_DEFINITION_CONTEXT('part definition',#2,'design');
#2910 = ADVANCED_BREP_SHAPE_REPRESENTATION('',(#11,#2911),#7849);
#2911 = MANIFOLD_SOLID_BREP('',#2912);
#2912 = CLOSED_SHELL('',(#2913,#2953,#3016,#3079,#3096,#3317,#3339,#3356
    ,#3769,#3781,#3793,#3824,#3848,#3872,#3889,#3920,#3944,#3968,#3985,
    #4016,#4040,#4064,#4081,#4112,#4136,#4160,#4177,#4208,#4232,#4256,
    #4273,#4304,#4328,#4352,#4369,#4386,#4433,#4450,#4497,#4514,#4561,
    #4578,#4625,#4642,#4689,#4706,#4753,#4770,#4817,#4834,#4881,#4898,
    #4945,#4962,#5009,#5026,#5073,#5090,#5137,#5168,#5224,#5248,#5297,
    #5328,#5384,#5408,#5457,#5488,#5544,#5568,#5617,#5648,#5704,#5728,
    #5777,#5808,#5864,#5888,#5937,#5968,#6024,#6048,#6097,#6114,#6131,
    #6148,#6165,#6177,#6194,#6211,#6228,#6245,#6257,#6274,#6291,#6308,
    #6325,#6337,#6354,#6371,#6388,#6405,#6417,#6434,#6451,#6468,#6485,
    #6497,#6514,#6531,#6548,#6565,#6577,#6594,#6611,#6660,#6684,#6726,
    #6743,#6760,#6777,#6826,#6850,#6892,#6909,#6926,#6943,#6992,#7016,
    #7058,#7075,#7092,#7109,#7158,#7182,#7224,#7241,#7258,#7275,#7324,
    #7348,#7390,#7407,#7424,#7441,#7490,#7514,#7556,#7573,#7590,#7607,
    #7619,#7636,#7653,#7665,#7682,#7699,#7711,#7728,#7745,#7757,#7774,
    #7791,#7803,#7820,#7837));
#2913 = ADVANCED_FACE('',(#2914),#2948,.F.);
#2914 = FACE_BOUND('',#2915,.F.);
#2915 = EDGE_LOOP('',(#2916,#2926,#2934,#2942));
#2916 = ORIENTED_EDGE('',*,*,#2917,.T.);
#2917 = EDGE_CURVE('',#2918,#2920,#2922,.T.);
#2918 = VERTEX_POINT('',#2919);
#2919 = CARTESIAN_POINT('',(1.27,-6.35,0.));
#2920 = VERTEX_POINT('',#2921);
#2921 = CARTESIAN_POINT('',(1.27,-6.35,8.5));
#2922 = LINE('',#2923,#2924);
#2923 = CARTESIAN_POINT('',(1.27,-6.35,0.));
#2924 = VECTOR('',#2925,1.);
#2925 = DIRECTION('',(0.,0.,1.));
#2926 = ORIENTED_EDGE('',*,*,#2927,.T.);
#2927 = EDGE_CURVE('',#2920,#2928,#2930,.T.);
#2928 = VERTEX_POINT('',#2929);
#2929 = CARTESIAN_POINT('',(1.27,1.27,8.5));
#2930 = LINE('',#2931,#2932);
#2931 = CARTESIAN_POINT('',(1.27,-6.35,8.5));
#2932 = VECTOR('',#2933,1.);
#2933 = DIRECTION('',(1.110223024625E-16,1.,0.));
#2934 = ORIENTED_EDGE('',*,*,#2935,.F.);
#2935 = EDGE_CURVE('',#2936,#2928,#2938,.T.);
#2936 = VERTEX_POINT('',#2937);
#2937 = CARTESIAN_POINT('',(1.27,1.27,0.));
#2938 = LINE('',#2939,#2940);
#2939 = CARTESIAN_POINT('',(1.27,1.27,0.));
#2940 = VECTOR('',#2941,1.);
#2941 = DIRECTION('',(0.,0.,1.));
#2942 = ORIENTED_EDGE('',*,*,#2943,.F.);
#2943 = EDGE_CURVE('',#2918,#2936,#2944,.T.);
#2944 = LINE('',#2945,#2946);
#2945 = CARTESIAN_POINT('',(1.27,-6.35,0.));
#2946 = VECTOR('',#2947,1.);
#2947 = DIRECTION('',(1.110223024625E-16,1.,0.));
#2948 = PLANE('',#2949);
#2949 = AXIS2_PLACEMENT_3D('',#2950,#2951,#2952);
#2950 = CARTESIAN_POINT('',(1.27,-6.35,0.));
#2951 = DIRECTION('',(-1.,1.110223024625E-16,0.));
#2952 = DIRECTION('',(1.110223024625E-16,1.,0.));
#2953 = ADVANCED_FACE('',(#2954),#3011,.F.);
#2954 = FACE_BOUND('',#2955,.F.);
#2955 = EDGE_LOOP('',(#2956,#2966,#2974,#2980,#2981,#2989,#2997,#3005));
#2956 = ORIENTED_EDGE('',*,*,#2957,.F.);
#2957 = EDGE_CURVE('',#2958,#2960,#2962,.T.);
#2958 = VERTEX_POINT('',#2959);
#2959 = CARTESIAN_POINT('',(-3.81,-6.35,0.));
#2960 = VERTEX_POINT('',#2961);
#2961 = CARTESIAN_POINT('',(-2.963333333333,-6.35,0.));
#2962 = LINE('',#2963,#2964);
#2963 = CARTESIAN_POINT('',(-3.81,-6.35,0.));
#2964 = VECTOR('',#2965,1.);
#2965 = DIRECTION('',(1.,-1.110223024625E-16,0.));
#2966 = ORIENTED_EDGE('',*,*,#2967,.T.);
#2967 = EDGE_CURVE('',#2958,#2968,#2970,.T.);
#2968 = VERTEX_POINT('',#2969);
#2969 = CARTESIAN_POINT('',(-3.81,-6.35,8.5));
#2970 = LINE('',#2971,#2972);
#2971 = CARTESIAN_POINT('',(-3.81,-6.35,0.));
#2972 = VECTOR('',#2973,1.);
#2973 = DIRECTION('',(0.,0.,1.));
#2974 = ORIENTED_EDGE('',*,*,#2975,.T.);
#2975 = EDGE_CURVE('',#2968,#2920,#2976,.T.);
#2976 = LINE('',#2977,#2978);
#2977 = CARTESIAN_POINT('',(-3.81,-6.35,8.5));
#2978 = VECTOR('',#2979,1.);
#2979 = DIRECTION('',(1.,-1.110223024625E-16,0.));
#2980 = ORIENTED_EDGE('',*,*,#2917,.F.);
#2981 = ORIENTED_EDGE('',*,*,#2982,.F.);
#2982 = EDGE_CURVE('',#2983,#2918,#2985,.T.);
#2983 = VERTEX_POINT('',#2984);
#2984 = CARTESIAN_POINT('',(0.423333333333,-6.35,0.));
#2985 = LINE('',#2986,#2987);
#2986 = CARTESIAN_POINT('',(-3.81,-6.35,0.));
#2987 = VECTOR('',#2988,1.);
#2988 = DIRECTION('',(1.,-1.110223024625E-16,0.));
#2989 = ORIENTED_EDGE('',*,*,#2990,.T.);
#2990 = EDGE_CURVE('',#2983,#2991,#2993,.T.);
#2991 = VERTEX_POINT('',#2992);
#2992 = CARTESIAN_POINT('',(0.423333333333,-6.35,0.2));
#2993 = LINE('',#2994,#2995);
#2994 = CARTESIAN_POINT('',(0.423333333333,-6.35,0.));
#2995 = VECTOR('',#2996,1.);
#2996 = DIRECTION('',(0.,0.,1.));
#2997 = ORIENTED_EDGE('',*,*,#2998,.F.);
#2998 = EDGE_CURVE('',#2999,#2991,#3001,.T.);
#2999 = VERTEX_POINT('',#3000);
#3000 = CARTESIAN_POINT('',(-2.963333333333,-6.35,0.2));
#3001 = LINE('',#3002,#3003);
#3002 = CARTESIAN_POINT('',(-2.963333333333,-6.35,0.2));
#3003 = VECTOR('',#3004,1.);
#3004 = DIRECTION('',(1.,-1.110223024625E-16,0.));
#3005 = ORIENTED_EDGE('',*,*,#3006,.F.);
#3006 = EDGE_CURVE('',#2960,#2999,#3007,.T.);
#3007 = LINE('',#3008,#3009);
#3008 = CARTESIAN_POINT('',(-2.963333333333,-6.35,0.));
#3009 = VECTOR('',#3010,1.);
#3010 = DIRECTION('',(0.,0.,1.));
#3011 = PLANE('',#3012);
#3012 = AXIS2_PLACEMENT_3D('',#3013,#3014,#3015);
#3013 = CARTESIAN_POINT('',(-3.81,-6.35,0.));
#3014 = DIRECTION('',(1.110223024625E-16,1.,0.));
#3015 = DIRECTION('',(1.,-1.110223024625E-16,0.));
#3016 = ADVANCED_FACE('',(#3017),#3074,.F.);
#3017 = FACE_BOUND('',#3018,.F.);
#3018 = EDGE_LOOP('',(#3019,#3027,#3028,#3036,#3044,#3052,#3060,#3068));
#3019 = ORIENTED_EDGE('',*,*,#3020,.F.);
#3020 = EDGE_CURVE('',#2936,#3021,#3023,.T.);
#3021 = VERTEX_POINT('',#3022);
#3022 = CARTESIAN_POINT('',(0.423333333333,1.27,0.));
#3023 = LINE('',#3024,#3025);
#3024 = CARTESIAN_POINT('',(1.27,1.27,0.));
#3025 = VECTOR('',#3026,1.);
#3026 = DIRECTION('',(-1.,1.110223024625E-16,0.));
#3027 = ORIENTED_EDGE('',*,*,#2935,.T.);
#3028 = ORIENTED_EDGE('',*,*,#3029,.T.);
#3029 = EDGE_CURVE('',#2928,#3030,#3032,.T.);
#3030 = VERTEX_POINT('',#3031);
#3031 = CARTESIAN_POINT('',(-3.81,1.27,8.5));
#3032 = LINE('',#3033,#3034);
#3033 = CARTESIAN_POINT('',(1.27,1.27,8.5));
#3034 = VECTOR('',#3035,1.);
#3035 = DIRECTION('',(-1.,1.110223024625E-16,0.));
#3036 = ORIENTED_EDGE('',*,*,#3037,.F.);
#3037 = EDGE_CURVE('',#3038,#3030,#3040,.T.);
#3038 = VERTEX_POINT('',#3039);
#3039 = CARTESIAN_POINT('',(-3.81,1.27,0.));
#3040 = LINE('',#3041,#3042);
#3041 = CARTESIAN_POINT('',(-3.81,1.27,0.));
#3042 = VECTOR('',#3043,1.);
#3043 = DIRECTION('',(0.,0.,1.));
#3044 = ORIENTED_EDGE('',*,*,#3045,.F.);
#3045 = EDGE_CURVE('',#3046,#3038,#3048,.T.);
#3046 = VERTEX_POINT('',#3047);
#3047 = CARTESIAN_POINT('',(-2.963333333333,1.27,0.));
#3048 = LINE('',#3049,#3050);
#3049 = CARTESIAN_POINT('',(1.27,1.27,0.));
#3050 = VECTOR('',#3051,1.);
#3051 = DIRECTION('',(-1.,1.110223024625E-16,0.));
#3052 = ORIENTED_EDGE('',*,*,#3053,.T.);
#3053 = EDGE_CURVE('',#3046,#3054,#3056,.T.);
#3054 = VERTEX_POINT('',#3055);
#3055 = CARTESIAN_POINT('',(-2.963333333333,1.27,0.2));
#3056 = LINE('',#3057,#3058);
#3057 = CARTESIAN_POINT('',(-2.963333333333,1.27,0.));
#3058 = VECTOR('',#3059,1.);
#3059 = DIRECTION('',(0.,0.,1.));
#3060 = ORIENTED_EDGE('',*,*,#3061,.F.);
#3061 = EDGE_CURVE('',#3062,#3054,#3064,.T.);
#3062 = VERTEX_POINT('',#3063);
#3063 = CARTESIAN_POINT('',(0.423333333333,1.27,0.2));
#3064 = LINE('',#3065,#3066);
#3065 = CARTESIAN_POINT('',(0.423333333333,1.27,0.2));
#3066 = VECTOR('',#3067,1.);
#3067 = DIRECTION('',(-1.,1.110223024625E-16,0.));
#3068 = ORIENTED_EDGE('',*,*,#3069,.F.);
#3069 = EDGE_CURVE('',#3021,#3062,#3070,.T.);
#3070 = LINE('',#3071,#3072);
#3071 = CARTESIAN_POINT('',(0.423333333333,1.27,0.));
#3072 = VECTOR('',#3073,1.);
#3073 = DIRECTION('',(0.,0.,1.));
#3074 = PLANE('',#3075);
#3075 = AXIS2_PLACEMENT_3D('',#3076,#3077,#3078);
#3076 = CARTESIAN_POINT('',(1.27,1.27,0.));
#3077 = DIRECTION('',(-1.110223024625E-16,-1.,0.));
#3078 = DIRECTION('',(-1.,1.110223024625E-16,0.));
#3079 = ADVANCED_FACE('',(#3080),#3091,.F.);
#3080 = FACE_BOUND('',#3081,.F.);
#3081 = EDGE_LOOP('',(#3082,#3083,#3084,#3085));
#3082 = ORIENTED_EDGE('',*,*,#2982,.T.);
#3083 = ORIENTED_EDGE('',*,*,#2943,.T.);
#3084 = ORIENTED_EDGE('',*,*,#3020,.T.);
#3085 = ORIENTED_EDGE('',*,*,#3086,.F.);
#3086 = EDGE_CURVE('',#2983,#3021,#3087,.T.);
#3087 = LINE('',#3088,#3089);
#3088 = CARTESIAN_POINT('',(0.423333333333,-6.35,0.));
#3089 = VECTOR('',#3090,1.);
#3090 = DIRECTION('',(1.110223024625E-16,1.,0.));
#3091 = PLANE('',#3092);
#3092 = AXIS2_PLACEMENT_3D('',#3093,#3094,#3095);
#3093 = CARTESIAN_POINT('',(-1.27,-2.54,0.));
#3094 = DIRECTION('',(0.,0.,1.));
#3095 = DIRECTION('',(1.110223024625E-16,1.,-0.));
#3096 = ADVANCED_FACE('',(#3097,#3108,#3142,#3176,#3210,#3244,#3278),
  #3312,.T.);
#3097 = FACE_BOUND('',#3098,.T.);
#3098 = EDGE_LOOP('',(#3099,#3100,#3101,#3107));
#3099 = ORIENTED_EDGE('',*,*,#2927,.T.);
#3100 = ORIENTED_EDGE('',*,*,#3029,.T.);
#3101 = ORIENTED_EDGE('',*,*,#3102,.T.);
#3102 = EDGE_CURVE('',#3030,#2968,#3103,.T.);
#3103 = LINE('',#3104,#3105);
#3104 = CARTESIAN_POINT('',(-3.81,1.27,8.5));
#3105 = VECTOR('',#3106,1.);
#3106 = DIRECTION('',(-1.110223024625E-16,-1.,0.));
#3107 = ORIENTED_EDGE('',*,*,#2975,.T.);
#3108 = FACE_BOUND('',#3109,.T.);
#3109 = EDGE_LOOP('',(#3110,#3120,#3128,#3136));
#3110 = ORIENTED_EDGE('',*,*,#3111,.F.);
#3111 = EDGE_CURVE('',#3112,#3114,#3116,.T.);
#3112 = VERTEX_POINT('',#3113);
#3113 = CARTESIAN_POINT('',(-0.6,-4.48,8.5));
#3114 = VERTEX_POINT('',#3115);
#3115 = CARTESIAN_POINT('',(-0.6,-5.68,8.5));
#3116 = LINE('',#3117,#3118);
#3117 = CARTESIAN_POINT('',(-0.6,-4.48,8.5));
#3118 = VECTOR('',#3119,1.);
#3119 = DIRECTION('',(-2.334869823773E-16,-1.,0.));
#3120 = ORIENTED_EDGE('',*,*,#3121,.F.);
#3121 = EDGE_CURVE('',#3122,#3112,#3124,.T.);
#3122 = VERTEX_POINT('',#3123);
#3123 = CARTESIAN_POINT('',(0.6,-4.48,8.5));
#3124 = LINE('',#3125,#3126);
#3125 = CARTESIAN_POINT('',(0.6,-4.48,8.5));
#3126 = VECTOR('',#3127,1.);
#3127 = DIRECTION('',(-1.,2.334869823773E-16,0.));
#3128 = ORIENTED_EDGE('',*,*,#3129,.F.);
#3129 = EDGE_CURVE('',#3130,#3122,#3132,.T.);
#3130 = VERTEX_POINT('',#3131);
#3131 = CARTESIAN_POINT('',(0.6,-5.68,8.5));
#3132 = LINE('',#3133,#3134);
#3133 = CARTESIAN_POINT('',(0.6,-5.68,8.5));
#3134 = VECTOR('',#3135,1.);
#3135 = DIRECTION('',(2.334869823773E-16,1.,0.));
#3136 = ORIENTED_EDGE('',*,*,#3137,.F.);
#3137 = EDGE_CURVE('',#3114,#3130,#3138,.T.);
#3138 = LINE('',#3139,#3140);
#3139 = CARTESIAN_POINT('',(-0.6,-5.68,8.5));
#3140 = VECTOR('',#3141,1.);
#3141 = DIRECTION('',(1.,-2.334869823773E-16,0.));
#3142 = FACE_BOUND('',#3143,.T.);
#3143 = EDGE_LOOP('',(#3144,#3154,#3162,#3170));
#3144 = ORIENTED_EDGE('',*,*,#3145,.F.);
#3145 = EDGE_CURVE('',#3146,#3148,#3150,.T.);
#3146 = VERTEX_POINT('',#3147);
#3147 = CARTESIAN_POINT('',(-0.6,-1.94,8.5));
#3148 = VERTEX_POINT('',#3149);
#3149 = CARTESIAN_POINT('',(-0.6,-3.14,8.5));
#3150 = LINE('',#3151,#3152);
#3151 = CARTESIAN_POINT('',(-0.6,-1.94,8.5));
#3152 = VECTOR('',#3153,1.);
#3153 = DIRECTION('',(-2.334869823773E-16,-1.,0.));
#3154 = ORIENTED_EDGE('',*,*,#3155,.F.);
#3155 = EDGE_CURVE('',#3156,#3146,#3158,.T.);
#3156 = VERTEX_POINT('',#3157);
#3157 = CARTESIAN_POINT('',(0.6,-1.94,8.5));
#3158 = LINE('',#3159,#3160);
#3159 = CARTESIAN_POINT('',(0.6,-1.94,8.5));
#3160 = VECTOR('',#3161,1.);
#3161 = DIRECTION('',(-1.,2.334869823773E-16,0.));
#3162 = ORIENTED_EDGE('',*,*,#3163,.F.);
#3163 = EDGE_CURVE('',#3164,#3156,#3166,.T.);
#3164 = VERTEX_POINT('',#3165);
#3165 = CARTESIAN_POINT('',(0.6,-3.14,8.5));
#3166 = LINE('',#3167,#3168);
#3167 = CARTESIAN_POINT('',(0.6,-3.14,8.5));
#3168 = VECTOR('',#3169,1.);
#3169 = DIRECTION('',(2.334869823773E-16,1.,0.));
#3170 = ORIENTED_EDGE('',*,*,#3171,.F.);
#3171 = EDGE_CURVE('',#3148,#3164,#3172,.T.);
#3172 = LINE('',#3173,#3174);
#3173 = CARTESIAN_POINT('',(-0.6,-3.14,8.5));
#3174 = VECTOR('',#3175,1.);
#3175 = DIRECTION('',(1.,-2.334869823773E-16,0.));
#3176 = FACE_BOUND('',#3177,.T.);
#3177 = EDGE_LOOP('',(#3178,#3188,#3196,#3204));
#3178 = ORIENTED_EDGE('',*,*,#3179,.F.);
#3179 = EDGE_CURVE('',#3180,#3182,#3184,.T.);
#3180 = VERTEX_POINT('',#3181);
#3181 = CARTESIAN_POINT('',(-0.6,0.6,8.5));
#3182 = VERTEX_POINT('',#3183);
#3183 = CARTESIAN_POINT('',(-0.6,-0.6,8.5));
#3184 = LINE('',#3185,#3186);
#3185 = CARTESIAN_POINT('',(-0.6,0.6,8.5));
#3186 = VECTOR('',#3187,1.);
#3187 = DIRECTION('',(-2.334869823773E-16,-1.,0.));
#3188 = ORIENTED_EDGE('',*,*,#3189,.F.);
#3189 = EDGE_CURVE('',#3190,#3180,#3192,.T.);
#3190 = VERTEX_POINT('',#3191);
#3191 = CARTESIAN_POINT('',(0.6,0.6,8.5));
#3192 = LINE('',#3193,#3194);
#3193 = CARTESIAN_POINT('',(0.6,0.6,8.5));
#3194 = VECTOR('',#3195,1.);
#3195 = DIRECTION('',(-1.,2.334869823773E-16,0.));
#3196 = ORIENTED_EDGE('',*,*,#3197,.F.);
#3197 = EDGE_CURVE('',#3198,#3190,#3200,.T.);
#3198 = VERTEX_POINT('',#3199);
#3199 = CARTESIAN_POINT('',(0.6,-0.6,8.5));
#3200 = LINE('',#3201,#3202);
#3201 = CARTESIAN_POINT('',(0.6,-0.6,8.5));
#3202 = VECTOR('',#3203,1.);
#3203 = DIRECTION('',(2.334869823773E-16,1.,0.));
#3204 = ORIENTED_EDGE('',*,*,#3205,.F.);
#3205 = EDGE_CURVE('',#3182,#3198,#3206,.T.);
#3206 = LINE('',#3207,#3208);
#3207 = CARTESIAN_POINT('',(-0.6,-0.6,8.5));
#3208 = VECTOR('',#3209,1.);
#3209 = DIRECTION('',(1.,-2.334869823773E-16,0.));
#3210 = FACE_BOUND('',#3211,.T.);
#3211 = EDGE_LOOP('',(#3212,#3222,#3230,#3238));
#3212 = ORIENTED_EDGE('',*,*,#3213,.F.);
#3213 = EDGE_CURVE('',#3214,#3216,#3218,.T.);
#3214 = VERTEX_POINT('',#3215);
#3215 = CARTESIAN_POINT('',(-1.94,-5.68,8.5));
#3216 = VERTEX_POINT('',#3217);
#3217 = CARTESIAN_POINT('',(-1.94,-4.48,8.5));
#3218 = LINE('',#3219,#3220);
#3219 = CARTESIAN_POINT('',(-1.94,-5.68,8.5));
#3220 = VECTOR('',#3221,1.);
#3221 = DIRECTION('',(1.110223024625E-16,1.,0.));
#3222 = ORIENTED_EDGE('',*,*,#3223,.F.);
#3223 = EDGE_CURVE('',#3224,#3214,#3226,.T.);
#3224 = VERTEX_POINT('',#3225);
#3225 = CARTESIAN_POINT('',(-3.14,-5.68,8.5));
#3226 = LINE('',#3227,#3228);
#3227 = CARTESIAN_POINT('',(-3.14,-5.68,8.5));
#3228 = VECTOR('',#3229,1.);
#3229 = DIRECTION('',(1.,-1.110223024625E-16,0.));
#3230 = ORIENTED_EDGE('',*,*,#3231,.F.);
#3231 = EDGE_CURVE('',#3232,#3224,#3234,.T.);
#3232 = VERTEX_POINT('',#3233);
#3233 = CARTESIAN_POINT('',(-3.14,-4.48,8.5));
#3234 = LINE('',#3235,#3236);
#3235 = CARTESIAN_POINT('',(-3.14,-4.48,8.5));
#3236 = VECTOR('',#3237,1.);
#3237 = DIRECTION('',(-1.110223024625E-16,-1.,0.));
#3238 = ORIENTED_EDGE('',*,*,#3239,.F.);
#3239 = EDGE_CURVE('',#3216,#3232,#3240,.T.);
#3240 = LINE('',#3241,#3242);
#3241 = CARTESIAN_POINT('',(-1.94,-4.48,8.5));
#3242 = VECTOR('',#3243,1.);
#3243 = DIRECTION('',(-1.,1.110223024625E-16,0.));
#3244 = FACE_BOUND('',#3245,.T.);
#3245 = EDGE_LOOP('',(#3246,#3256,#3264,#3272));
#3246 = ORIENTED_EDGE('',*,*,#3247,.F.);
#3247 = EDGE_CURVE('',#3248,#3250,#3252,.T.);
#3248 = VERTEX_POINT('',#3249);
#3249 = CARTESIAN_POINT('',(-1.94,-3.14,8.5));
#3250 = VERTEX_POINT('',#3251);
#3251 = CARTESIAN_POINT('',(-1.94,-1.94,8.5));
#3252 = LINE('',#3253,#3254);
#3253 = CARTESIAN_POINT('',(-1.94,-3.14,8.5));
#3254 = VECTOR('',#3255,1.);
#3255 = DIRECTION('',(1.110223024625E-16,1.,0.));
#3256 = ORIENTED_EDGE('',*,*,#3257,.F.);
#3257 = EDGE_CURVE('',#3258,#3248,#3260,.T.);
#3258 = VERTEX_POINT('',#3259);
#3259 = CARTESIAN_POINT('',(-3.14,-3.14,8.5));
#3260 = LINE('',#3261,#3262);
#3261 = CARTESIAN_POINT('',(-3.14,-3.14,8.5));
#3262 = VECTOR('',#3263,1.);
#3263 = DIRECTION('',(1.,-1.110223024625E-16,0.));
#3264 = ORIENTED_EDGE('',*,*,#3265,.F.);
#3265 = EDGE_CURVE('',#3266,#3258,#3268,.T.);
#3266 = VERTEX_POINT('',#3267);
#3267 = CARTESIAN_POINT('',(-3.14,-1.94,8.5));
#3268 = LINE('',#3269,#3270);
#3269 = CARTESIAN_POINT('',(-3.14,-1.94,8.5));
#3270 = VECTOR('',#3271,1.);
#3271 = DIRECTION('',(-1.110223024625E-16,-1.,0.));
#3272 = ORIENTED_EDGE('',*,*,#3273,.F.);
#3273 = EDGE_CURVE('',#3250,#3266,#3274,.T.);
#3274 = LINE('',#3275,#3276);
#3275 = CARTESIAN_POINT('',(-1.94,-1.94,8.5));
#3276 = VECTOR('',#3277,1.);
#3277 = DIRECTION('',(-1.,1.110223024625E-16,0.));
#3278 = FACE_BOUND('',#3279,.T.);
#3279 = EDGE_LOOP('',(#3280,#3290,#3298,#3306));
#3280 = ORIENTED_EDGE('',*,*,#3281,.F.);
#3281 = EDGE_CURVE('',#3282,#3284,#3286,.T.);
#3282 = VERTEX_POINT('',#3283);
#3283 = CARTESIAN_POINT('',(-1.94,-0.6,8.5));
#3284 = VERTEX_POINT('',#3285);
#3285 = CARTESIAN_POINT('',(-1.94,0.6,8.5));
#3286 = LINE('',#3287,#3288);
#3287 = CARTESIAN_POINT('',(-1.94,-0.6,8.5));
#3288 = VECTOR('',#3289,1.);
#3289 = DIRECTION('',(1.110223024625E-16,1.,0.));
#3290 = ORIENTED_EDGE('',*,*,#3291,.F.);
#3291 = EDGE_CURVE('',#3292,#3282,#3294,.T.);
#3292 = VERTEX_POINT('',#3293);
#3293 = CARTESIAN_POINT('',(-3.14,-0.6,8.5));
#3294 = LINE('',#3295,#3296);
#3295 = CARTESIAN_POINT('',(-3.14,-0.6,8.5));
#3296 = VECTOR('',#3297,1.);
#3297 = DIRECTION('',(1.,-1.110223024625E-16,0.));
#3298 = ORIENTED_EDGE('',*,*,#3299,.F.);
#3299 = EDGE_CURVE('',#3300,#3292,#3302,.T.);
#3300 = VERTEX_POINT('',#3301);
#3301 = CARTESIAN_POINT('',(-3.14,0.6,8.5));
#3302 = LINE('',#3303,#3304);
#3303 = CARTESIAN_POINT('',(-3.14,0.6,8.5));
#3304 = VECTOR('',#3305,1.);
#3305 = DIRECTION('',(-1.110223024625E-16,-1.,0.));
#3306 = ORIENTED_EDGE('',*,*,#3307,.F.);
#3307 = EDGE_CURVE('',#3284,#3300,#3308,.T.);
#3308 = LINE('',#3309,#3310);
#3309 = CARTESIAN_POINT('',(-1.94,0.6,8.5));
#3310 = VECTOR('',#3311,1.);
#3311 = DIRECTION('',(-1.,1.110223024625E-16,0.));
#3312 = PLANE('',#3313);
#3313 = AXIS2_PLACEMENT_3D('',#3314,#3315,#3316);
#3314 = CARTESIAN_POINT('',(-1.27,-2.54,8.5));
#3315 = DIRECTION('',(0.,0.,1.));
#3316 = DIRECTION('',(1.110223024625E-16,1.,-0.));
#3317 = ADVANCED_FACE('',(#3318),#3334,.F.);
#3318 = FACE_BOUND('',#3319,.F.);
#3319 = EDGE_LOOP('',(#3320,#3321,#3327,#3328));
#3320 = ORIENTED_EDGE('',*,*,#2957,.T.);
#3321 = ORIENTED_EDGE('',*,*,#3322,.F.);
#3322 = EDGE_CURVE('',#3046,#2960,#3323,.T.);
#3323 = LINE('',#3324,#3325);
#3324 = CARTESIAN_POINT('',(-2.963333333333,1.27,0.));
#3325 = VECTOR('',#3326,1.);
#3326 = DIRECTION('',(-1.110223024625E-16,-1.,0.));
#3327 = ORIENTED_EDGE('',*,*,#3045,.T.);
#3328 = ORIENTED_EDGE('',*,*,#3329,.T.);
#3329 = EDGE_CURVE('',#3038,#2958,#3330,.T.);
#3330 = LINE('',#3331,#3332);
#3331 = CARTESIAN_POINT('',(-3.81,1.27,0.));
#3332 = VECTOR('',#3333,1.);
#3333 = DIRECTION('',(-1.110223024625E-16,-1.,0.));
#3334 = PLANE('',#3335);
#3335 = AXIS2_PLACEMENT_3D('',#3336,#3337,#3338);
#3336 = CARTESIAN_POINT('',(-1.27,-2.54,0.));
#3337 = DIRECTION('',(0.,0.,1.));
#3338 = DIRECTION('',(1.110223024625E-16,1.,-0.));
#3339 = ADVANCED_FACE('',(#3340),#3351,.T.);
#3340 = FACE_BOUND('',#3341,.T.);
#3341 = EDGE_LOOP('',(#3342,#3343,#3349,#3350));
#3342 = ORIENTED_EDGE('',*,*,#3053,.T.);
#3343 = ORIENTED_EDGE('',*,*,#3344,.T.);
#3344 = EDGE_CURVE('',#3054,#2999,#3345,.T.);
#3345 = LINE('',#3346,#3347);
#3346 = CARTESIAN_POINT('',(-2.963333333333,1.27,0.2));
#3347 = VECTOR('',#3348,1.);
#3348 = DIRECTION('',(-1.110223024625E-16,-1.,0.));
#3349 = ORIENTED_EDGE('',*,*,#3006,.F.);
#3350 = ORIENTED_EDGE('',*,*,#3322,.F.);
#3351 = PLANE('',#3352);
#3352 = AXIS2_PLACEMENT_3D('',#3353,#3354,#3355);
#3353 = CARTESIAN_POINT('',(-2.963333333333,1.27,0.));
#3354 = DIRECTION('',(1.,-1.110223024625E-16,0.));
#3355 = DIRECTION('',(-1.110223024625E-16,-1.,0.));
#3356 = ADVANCED_FACE('',(#3357,#3368,#3434,#3500,#3566,#3632,#3698),
  #3764,.F.);
#3357 = FACE_BOUND('',#3358,.F.);
#3358 = EDGE_LOOP('',(#3359,#3365,#3366,#3367));
#3359 = ORIENTED_EDGE('',*,*,#3360,.T.);
#3360 = EDGE_CURVE('',#2991,#3062,#3361,.T.);
#3361 = LINE('',#3362,#3363);
#3362 = CARTESIAN_POINT('',(0.423333333333,-6.35,0.2));
#3363 = VECTOR('',#3364,1.);
#3364 = DIRECTION('',(1.110223024625E-16,1.,0.));
#3365 = ORIENTED_EDGE('',*,*,#3061,.T.);
#3366 = ORIENTED_EDGE('',*,*,#3344,.T.);
#3367 = ORIENTED_EDGE('',*,*,#2998,.T.);
#3368 = FACE_BOUND('',#3369,.F.);
#3369 = EDGE_LOOP('',(#3370,#3380,#3388,#3396,#3404,#3412,#3420,#3428));
#3370 = ORIENTED_EDGE('',*,*,#3371,.F.);
#3371 = EDGE_CURVE('',#3372,#3374,#3376,.T.);
#3372 = VERTEX_POINT('',#3373);
#3373 = CARTESIAN_POINT('',(0.1,-4.63,0.2));
#3374 = VERTEX_POINT('',#3375);
#3375 = CARTESIAN_POINT('',(-0.1,-4.63,0.2));
#3376 = LINE('',#3377,#3378);
#3377 = CARTESIAN_POINT('',(0.1,-4.63,0.2));
#3378 = VECTOR('',#3379,1.);
#3379 = DIRECTION('',(-1.,2.334869823773E-16,0.));
#3380 = ORIENTED_EDGE('',*,*,#3381,.T.);
#3381 = EDGE_CURVE('',#3372,#3382,#3384,.T.);
#3382 = VERTEX_POINT('',#3383);
#3383 = CARTESIAN_POINT('',(0.1,-4.78,0.2));
#3384 = LINE('',#3385,#3386);
#3385 = CARTESIAN_POINT('',(0.1,-4.63,0.2));
#3386 = VECTOR('',#3387,1.);
#3387 = DIRECTION('',(-2.334869823773E-16,-1.,0.));
#3388 = ORIENTED_EDGE('',*,*,#3389,.F.);
#3389 = EDGE_CURVE('',#3390,#3382,#3392,.T.);
#3390 = VERTEX_POINT('',#3391);
#3391 = CARTESIAN_POINT('',(0.1,-5.38,0.2));
#3392 = LINE('',#3393,#3394);
#3393 = CARTESIAN_POINT('',(0.1,-3.81,0.2));
#3394 = VECTOR('',#3395,1.);
#3395 = DIRECTION('',(2.334869823773E-16,1.,-0.));
#3396 = ORIENTED_EDGE('',*,*,#3397,.T.);
#3397 = EDGE_CURVE('',#3390,#3398,#3400,.T.);
#3398 = VERTEX_POINT('',#3399);
#3399 = CARTESIAN_POINT('',(0.1,-5.53,0.2));
#3400 = LINE('',#3401,#3402);
#3401 = CARTESIAN_POINT('',(0.1,-4.63,0.2));
#3402 = VECTOR('',#3403,1.);
#3403 = DIRECTION('',(-2.334869823773E-16,-1.,0.));
#3404 = ORIENTED_EDGE('',*,*,#3405,.T.);
#3405 = EDGE_CURVE('',#3398,#3406,#3408,.T.);
#3406 = VERTEX_POINT('',#3407);
#3407 = CARTESIAN_POINT('',(-0.1,-5.53,0.2));
#3408 = LINE('',#3409,#3410);
#3409 = CARTESIAN_POINT('',(0.1,-5.53,0.2));
#3410 = VECTOR('',#3411,1.);
#3411 = DIRECTION('',(-1.,2.334869823773E-16,0.));
#3412 = ORIENTED_EDGE('',*,*,#3413,.T.);
#3413 = EDGE_CURVE('',#3406,#3414,#3416,.T.);
#3414 = VERTEX_POINT('',#3415);
#3415 = CARTESIAN_POINT('',(-0.1,-5.38,0.2));
#3416 = LINE('',#3417,#3418);
#3417 = CARTESIAN_POINT('',(-0.1,-5.53,0.2));
#3418 = VECTOR('',#3419,1.);
#3419 = DIRECTION('',(2.334869823773E-16,1.,0.));
#3420 = ORIENTED_EDGE('',*,*,#3421,.T.);
#3421 = EDGE_CURVE('',#3414,#3422,#3424,.T.);
#3422 = VERTEX_POINT('',#3423);
#3423 = CARTESIAN_POINT('',(-0.1,-4.78,0.2));
#3424 = LINE('',#3425,#3426);
#3425 = CARTESIAN_POINT('',(-0.1,-3.81,0.2));
#3426 = VECTOR('',#3427,1.);
#3427 = DIRECTION('',(2.334869823773E-16,1.,-0.));
#3428 = ORIENTED_EDGE('',*,*,#3429,.T.);
#3429 = EDGE_CURVE('',#3422,#3374,#3430,.T.);
#3430 = LINE('',#3431,#3432);
#3431 = CARTESIAN_POINT('',(-0.1,-5.53,0.2));
#3432 = VECTOR('',#3433,1.);
#3433 = DIRECTION('',(2.334869823773E-16,1.,0.));
#3434 = FACE_BOUND('',#3435,.F.);
#3435 = EDGE_LOOP('',(#3436,#3446,#3454,#3462,#3470,#3478,#3486,#3494));
#3436 = ORIENTED_EDGE('',*,*,#3437,.F.);
#3437 = EDGE_CURVE('',#3438,#3440,#3442,.T.);
#3438 = VERTEX_POINT('',#3439);
#3439 = CARTESIAN_POINT('',(0.1,-2.09,0.2));
#3440 = VERTEX_POINT('',#3441);
#3441 = CARTESIAN_POINT('',(-0.1,-2.09,0.2));
#3442 = LINE('',#3443,#3444);
#3443 = CARTESIAN_POINT('',(0.1,-2.09,0.2));
#3444 = VECTOR('',#3445,1.);
#3445 = DIRECTION('',(-1.,2.334869823773E-16,0.));
#3446 = ORIENTED_EDGE('',*,*,#3447,.T.);
#3447 = EDGE_CURVE('',#3438,#3448,#3450,.T.);
#3448 = VERTEX_POINT('',#3449);
#3449 = CARTESIAN_POINT('',(0.1,-2.24,0.2));
#3450 = LINE('',#3451,#3452);
#3451 = CARTESIAN_POINT('',(0.1,-2.09,0.2));
#3452 = VECTOR('',#3453,1.);
#3453 = DIRECTION('',(-2.334869823773E-16,-1.,0.));
#3454 = ORIENTED_EDGE('',*,*,#3455,.F.);
#3455 = EDGE_CURVE('',#3456,#3448,#3458,.T.);
#3456 = VERTEX_POINT('',#3457);
#3457 = CARTESIAN_POINT('',(0.1,-2.84,0.2));
#3458 = LINE('',#3459,#3460);
#3459 = CARTESIAN_POINT('',(0.1,-2.54,0.2));
#3460 = VECTOR('',#3461,1.);
#3461 = DIRECTION('',(2.334869823773E-16,1.,-0.));
#3462 = ORIENTED_EDGE('',*,*,#3463,.T.);
#3463 = EDGE_CURVE('',#3456,#3464,#3466,.T.);
#3464 = VERTEX_POINT('',#3465);
#3465 = CARTESIAN_POINT('',(0.1,-2.99,0.2));
#3466 = LINE('',#3467,#3468);
#3467 = CARTESIAN_POINT('',(0.1,-2.09,0.2));
#3468 = VECTOR('',#3469,1.);
#3469 = DIRECTION('',(-2.334869823773E-16,-1.,0.));
#3470 = ORIENTED_EDGE('',*,*,#3471,.T.);
#3471 = EDGE_CURVE('',#3464,#3472,#3474,.T.);
#3472 = VERTEX_POINT('',#3473);
#3473 = CARTESIAN_POINT('',(-0.1,-2.99,0.2));
#3474 = LINE('',#3475,#3476);
#3475 = CARTESIAN_POINT('',(0.1,-2.99,0.2));
#3476 = VECTOR('',#3477,1.);
#3477 = DIRECTION('',(-1.,2.334869823773E-16,0.));
#3478 = ORIENTED_EDGE('',*,*,#3479,.T.);
#3479 = EDGE_CURVE('',#3472,#3480,#3482,.T.);
#3480 = VERTEX_POINT('',#3481);
#3481 = CARTESIAN_POINT('',(-0.1,-2.84,0.2));
#3482 = LINE('',#3483,#3484);
#3483 = CARTESIAN_POINT('',(-0.1,-2.99,0.2));
#3484 = VECTOR('',#3485,1.);
#3485 = DIRECTION('',(2.334869823773E-16,1.,0.));
#3486 = ORIENTED_EDGE('',*,*,#3487,.T.);
#3487 = EDGE_CURVE('',#3480,#3488,#3490,.T.);
#3488 = VERTEX_POINT('',#3489);
#3489 = CARTESIAN_POINT('',(-0.1,-2.24,0.2));
#3490 = LINE('',#3491,#3492);
#3491 = CARTESIAN_POINT('',(-0.1,-2.54,0.2));
#3492 = VECTOR('',#3493,1.);
#3493 = DIRECTION('',(2.334869823773E-16,1.,-0.));
#3494 = ORIENTED_EDGE('',*,*,#3495,.T.);
#3495 = EDGE_CURVE('',#3488,#3440,#3496,.T.);
#3496 = LINE('',#3497,#3498);
#3497 = CARTESIAN_POINT('',(-0.1,-2.99,0.2));
#3498 = VECTOR('',#3499,1.);
#3499 = DIRECTION('',(2.334869823773E-16,1.,0.));
#3500 = FACE_BOUND('',#3501,.F.);
#3501 = EDGE_LOOP('',(#3502,#3512,#3520,#3528,#3536,#3544,#3552,#3560));
#3502 = ORIENTED_EDGE('',*,*,#3503,.F.);
#3503 = EDGE_CURVE('',#3504,#3506,#3508,.T.);
#3504 = VERTEX_POINT('',#3505);
#3505 = CARTESIAN_POINT('',(0.1,0.45,0.2));
#3506 = VERTEX_POINT('',#3507);
#3507 = CARTESIAN_POINT('',(-0.1,0.45,0.2));
#3508 = LINE('',#3509,#3510);
#3509 = CARTESIAN_POINT('',(0.1,0.45,0.2));
#3510 = VECTOR('',#3511,1.);
#3511 = DIRECTION('',(-1.,2.334869823773E-16,0.));
#3512 = ORIENTED_EDGE('',*,*,#3513,.T.);
#3513 = EDGE_CURVE('',#3504,#3514,#3516,.T.);
#3514 = VERTEX_POINT('',#3515);
#3515 = CARTESIAN_POINT('',(0.1,0.3,0.2));
#3516 = LINE('',#3517,#3518);
#3517 = CARTESIAN_POINT('',(0.1,0.45,0.2));
#3518 = VECTOR('',#3519,1.);
#3519 = DIRECTION('',(-2.334869823773E-16,-1.,0.));
#3520 = ORIENTED_EDGE('',*,*,#3521,.F.);
#3521 = EDGE_CURVE('',#3522,#3514,#3524,.T.);
#3522 = VERTEX_POINT('',#3523);
#3523 = CARTESIAN_POINT('',(0.1,-0.3,0.2));
#3524 = LINE('',#3525,#3526);
#3525 = CARTESIAN_POINT('',(0.1,-1.27,0.2));
#3526 = VECTOR('',#3527,1.);
#3527 = DIRECTION('',(2.334869823773E-16,1.,-0.));
#3528 = ORIENTED_EDGE('',*,*,#3529,.T.);
#3529 = EDGE_CURVE('',#3522,#3530,#3532,.T.);
#3530 = VERTEX_POINT('',#3531);
#3531 = CARTESIAN_POINT('',(0.1,-0.45,0.2));
#3532 = LINE('',#3533,#3534);
#3533 = CARTESIAN_POINT('',(0.1,0.45,0.2));
#3534 = VECTOR('',#3535,1.);
#3535 = DIRECTION('',(-2.334869823773E-16,-1.,0.));
#3536 = ORIENTED_EDGE('',*,*,#3537,.T.);
#3537 = EDGE_CURVE('',#3530,#3538,#3540,.T.);
#3538 = VERTEX_POINT('',#3539);
#3539 = CARTESIAN_POINT('',(-0.1,-0.45,0.2));
#3540 = LINE('',#3541,#3542);
#3541 = CARTESIAN_POINT('',(0.1,-0.45,0.2));
#3542 = VECTOR('',#3543,1.);
#3543 = DIRECTION('',(-1.,2.334869823773E-16,0.));
#3544 = ORIENTED_EDGE('',*,*,#3545,.T.);
#3545 = EDGE_CURVE('',#3538,#3546,#3548,.T.);
#3546 = VERTEX_POINT('',#3547);
#3547 = CARTESIAN_POINT('',(-0.1,-0.3,0.2));
#3548 = LINE('',#3549,#3550);
#3549 = CARTESIAN_POINT('',(-0.1,-0.45,0.2));
#3550 = VECTOR('',#3551,1.);
#3551 = DIRECTION('',(2.334869823773E-16,1.,0.));
#3552 = ORIENTED_EDGE('',*,*,#3553,.T.);
#3553 = EDGE_CURVE('',#3546,#3554,#3556,.T.);
#3554 = VERTEX_POINT('',#3555);
#3555 = CARTESIAN_POINT('',(-0.1,0.3,0.2));
#3556 = LINE('',#3557,#3558);
#3557 = CARTESIAN_POINT('',(-0.1,-1.27,0.2));
#3558 = VECTOR('',#3559,1.);
#3559 = DIRECTION('',(2.334869823773E-16,1.,-0.));
#3560 = ORIENTED_EDGE('',*,*,#3561,.T.);
#3561 = EDGE_CURVE('',#3554,#3506,#3562,.T.);
#3562 = LINE('',#3563,#3564);
#3563 = CARTESIAN_POINT('',(-0.1,-0.45,0.2));
#3564 = VECTOR('',#3565,1.);
#3565 = DIRECTION('',(2.334869823773E-16,1.,0.));
#3566 = FACE_BOUND('',#3567,.F.);
#3567 = EDGE_LOOP('',(#3568,#3578,#3586,#3594,#3602,#3610,#3618,#3626));
#3568 = ORIENTED_EDGE('',*,*,#3569,.F.);
#3569 = EDGE_CURVE('',#3570,#3572,#3574,.T.);
#3570 = VERTEX_POINT('',#3571);
#3571 = CARTESIAN_POINT('',(-2.64,-5.53,0.2));
#3572 = VERTEX_POINT('',#3573);
#3573 = CARTESIAN_POINT('',(-2.44,-5.53,0.2));
#3574 = LINE('',#3575,#3576);
#3575 = CARTESIAN_POINT('',(-2.64,-5.53,0.2));
#3576 = VECTOR('',#3577,1.);
#3577 = DIRECTION('',(1.,-1.110223024625E-16,0.));
#3578 = ORIENTED_EDGE('',*,*,#3579,.T.);
#3579 = EDGE_CURVE('',#3570,#3580,#3582,.T.);
#3580 = VERTEX_POINT('',#3581);
#3581 = CARTESIAN_POINT('',(-2.64,-5.38,0.2));
#3582 = LINE('',#3583,#3584);
#3583 = CARTESIAN_POINT('',(-2.64,-5.53,0.2));
#3584 = VECTOR('',#3585,1.);
#3585 = DIRECTION('',(1.110223024625E-16,1.,0.));
#3586 = ORIENTED_EDGE('',*,*,#3587,.F.);
#3587 = EDGE_CURVE('',#3588,#3580,#3590,.T.);
#3588 = VERTEX_POINT('',#3589);
#3589 = CARTESIAN_POINT('',(-2.64,-4.78,0.2));
#3590 = LINE('',#3591,#3592);
#3591 = CARTESIAN_POINT('',(-2.64,-3.81,0.2));
#3592 = VECTOR('',#3593,1.);
#3593 = DIRECTION('',(-1.110223024625E-16,-1.,0.));
#3594 = ORIENTED_EDGE('',*,*,#3595,.T.);
#3595 = EDGE_CURVE('',#3588,#3596,#3598,.T.);
#3596 = VERTEX_POINT('',#3597);
#3597 = CARTESIAN_POINT('',(-2.64,-4.63,0.2));
#3598 = LINE('',#3599,#3600);
#3599 = CARTESIAN_POINT('',(-2.64,-5.53,0.2));
#3600 = VECTOR('',#3601,1.);
#3601 = DIRECTION('',(1.110223024625E-16,1.,0.));
#3602 = ORIENTED_EDGE('',*,*,#3603,.T.);
#3603 = EDGE_CURVE('',#3596,#3604,#3606,.T.);
#3604 = VERTEX_POINT('',#3605);
#3605 = CARTESIAN_POINT('',(-2.44,-4.63,0.2));
#3606 = LINE('',#3607,#3608);
#3607 = CARTESIAN_POINT('',(-2.64,-4.63,0.2));
#3608 = VECTOR('',#3609,1.);
#3609 = DIRECTION('',(1.,-1.110223024625E-16,0.));
#3610 = ORIENTED_EDGE('',*,*,#3611,.T.);
#3611 = EDGE_CURVE('',#3604,#3612,#3614,.T.);
#3612 = VERTEX_POINT('',#3613);
#3613 = CARTESIAN_POINT('',(-2.44,-4.78,0.2));
#3614 = LINE('',#3615,#3616);
#3615 = CARTESIAN_POINT('',(-2.44,-4.63,0.2));
#3616 = VECTOR('',#3617,1.);
#3617 = DIRECTION('',(-1.110223024625E-16,-1.,0.));
#3618 = ORIENTED_EDGE('',*,*,#3619,.T.);
#3619 = EDGE_CURVE('',#3612,#3620,#3622,.T.);
#3620 = VERTEX_POINT('',#3621);
#3621 = CARTESIAN_POINT('',(-2.44,-5.38,0.2));
#3622 = LINE('',#3623,#3624);
#3623 = CARTESIAN_POINT('',(-2.44,-3.81,0.2));
#3624 = VECTOR('',#3625,1.);
#3625 = DIRECTION('',(-1.110223024625E-16,-1.,0.));
#3626 = ORIENTED_EDGE('',*,*,#3627,.T.);
#3627 = EDGE_CURVE('',#3620,#3572,#3628,.T.);
#3628 = LINE('',#3629,#3630);
#3629 = CARTESIAN_POINT('',(-2.44,-4.63,0.2));
#3630 = VECTOR('',#3631,1.);
#3631 = DIRECTION('',(-1.110223024625E-16,-1.,0.));
#3632 = FACE_BOUND('',#3633,.F.);
#3633 = EDGE_LOOP('',(#3634,#3644,#3652,#3660,#3668,#3676,#3684,#3692));
#3634 = ORIENTED_EDGE('',*,*,#3635,.F.);
#3635 = EDGE_CURVE('',#3636,#3638,#3640,.T.);
#3636 = VERTEX_POINT('',#3637);
#3637 = CARTESIAN_POINT('',(-2.64,-2.99,0.2));
#3638 = VERTEX_POINT('',#3639);
#3639 = CARTESIAN_POINT('',(-2.44,-2.99,0.2));
#3640 = LINE('',#3641,#3642);
#3641 = CARTESIAN_POINT('',(-2.64,-2.99,0.2));
#3642 = VECTOR('',#3643,1.);
#3643 = DIRECTION('',(1.,-1.110223024625E-16,0.));
#3644 = ORIENTED_EDGE('',*,*,#3645,.T.);
#3645 = EDGE_CURVE('',#3636,#3646,#3648,.T.);
#3646 = VERTEX_POINT('',#3647);
#3647 = CARTESIAN_POINT('',(-2.64,-2.84,0.2));
#3648 = LINE('',#3649,#3650);
#3649 = CARTESIAN_POINT('',(-2.64,-2.99,0.2));
#3650 = VECTOR('',#3651,1.);
#3651 = DIRECTION('',(1.110223024625E-16,1.,0.));
#3652 = ORIENTED_EDGE('',*,*,#3653,.F.);
#3653 = EDGE_CURVE('',#3654,#3646,#3656,.T.);
#3654 = VERTEX_POINT('',#3655);
#3655 = CARTESIAN_POINT('',(-2.64,-2.24,0.2));
#3656 = LINE('',#3657,#3658);
#3657 = CARTESIAN_POINT('',(-2.64,-2.54,0.2));
#3658 = VECTOR('',#3659,1.);
#3659 = DIRECTION('',(-1.110223024625E-16,-1.,0.));
#3660 = ORIENTED_EDGE('',*,*,#3661,.T.);
#3661 = EDGE_CURVE('',#3654,#3662,#3664,.T.);
#3662 = VERTEX_POINT('',#3663);
#3663 = CARTESIAN_POINT('',(-2.64,-2.09,0.2));
#3664 = LINE('',#3665,#3666);
#3665 = CARTESIAN_POINT('',(-2.64,-2.99,0.2));
#3666 = VECTOR('',#3667,1.);
#3667 = DIRECTION('',(1.110223024625E-16,1.,0.));
#3668 = ORIENTED_EDGE('',*,*,#3669,.T.);
#3669 = EDGE_CURVE('',#3662,#3670,#3672,.T.);
#3670 = VERTEX_POINT('',#3671);
#3671 = CARTESIAN_POINT('',(-2.44,-2.09,0.2));
#3672 = LINE('',#3673,#3674);
#3673 = CARTESIAN_POINT('',(-2.64,-2.09,0.2));
#3674 = VECTOR('',#3675,1.);
#3675 = DIRECTION('',(1.,-1.110223024625E-16,0.));
#3676 = ORIENTED_EDGE('',*,*,#3677,.T.);
#3677 = EDGE_CURVE('',#3670,#3678,#3680,.T.);
#3678 = VERTEX_POINT('',#3679);
#3679 = CARTESIAN_POINT('',(-2.44,-2.24,0.2));
#3680 = LINE('',#3681,#3682);
#3681 = CARTESIAN_POINT('',(-2.44,-2.09,0.2));
#3682 = VECTOR('',#3683,1.);
#3683 = DIRECTION('',(-1.110223024625E-16,-1.,0.));
#3684 = ORIENTED_EDGE('',*,*,#3685,.T.);
#3685 = EDGE_CURVE('',#3678,#3686,#3688,.T.);
#3686 = VERTEX_POINT('',#3687);
#3687 = CARTESIAN_POINT('',(-2.44,-2.84,0.2));
#3688 = LINE('',#3689,#3690);
#3689 = CARTESIAN_POINT('',(-2.44,-2.54,0.2));
#3690 = VECTOR('',#3691,1.);
#3691 = DIRECTION('',(-1.110223024625E-16,-1.,0.));
#3692 = ORIENTED_EDGE('',*,*,#3693,.T.);
#3693 = EDGE_CURVE('',#3686,#3638,#3694,.T.);
#3694 = LINE('',#3695,#3696);
#3695 = CARTESIAN_POINT('',(-2.44,-2.09,0.2));
#3696 = VECTOR('',#3697,1.);
#3697 = DIRECTION('',(-1.110223024625E-16,-1.,0.));
#3698 = FACE_BOUND('',#3699,.F.);
#3699 = EDGE_LOOP('',(#3700,#3710,#3718,#3726,#3734,#3742,#3750,#3758));
#3700 = ORIENTED_EDGE('',*,*,#3701,.F.);
#3701 = EDGE_CURVE('',#3702,#3704,#3706,.T.);
#3702 = VERTEX_POINT('',#3703);
#3703 = CARTESIAN_POINT('',(-2.64,-0.45,0.2));
#3704 = VERTEX_POINT('',#3705);
#3705 = CARTESIAN_POINT('',(-2.44,-0.45,0.2));
#3706 = LINE('',#3707,#3708);
#3707 = CARTESIAN_POINT('',(-2.64,-0.45,0.2));
#3708 = VECTOR('',#3709,1.);
#3709 = DIRECTION('',(1.,-1.110223024625E-16,0.));
#3710 = ORIENTED_EDGE('',*,*,#3711,.T.);
#3711 = EDGE_CURVE('',#3702,#3712,#3714,.T.);
#3712 = VERTEX_POINT('',#3713);
#3713 = CARTESIAN_POINT('',(-2.64,-0.3,0.2));
#3714 = LINE('',#3715,#3716);
#3715 = CARTESIAN_POINT('',(-2.64,-0.45,0.2));
#3716 = VECTOR('',#3717,1.);
#3717 = DIRECTION('',(1.110223024625E-16,1.,0.));
#3718 = ORIENTED_EDGE('',*,*,#3719,.F.);
#3719 = EDGE_CURVE('',#3720,#3712,#3722,.T.);
#3720 = VERTEX_POINT('',#3721);
#3721 = CARTESIAN_POINT('',(-2.64,0.3,0.2));
#3722 = LINE('',#3723,#3724);
#3723 = CARTESIAN_POINT('',(-2.64,-1.27,0.2));
#3724 = VECTOR('',#3725,1.);
#3725 = DIRECTION('',(-1.110223024625E-16,-1.,0.));
#3726 = ORIENTED_EDGE('',*,*,#3727,.T.);
#3727 = EDGE_CURVE('',#3720,#3728,#3730,.T.);
#3728 = VERTEX_POINT('',#3729);
#3729 = CARTESIAN_POINT('',(-2.64,0.45,0.2));
#3730 = LINE('',#3731,#3732);
#3731 = CARTESIAN_POINT('',(-2.64,-0.45,0.2));
#3732 = VECTOR('',#3733,1.);
#3733 = DIRECTION('',(1.110223024625E-16,1.,0.));
#3734 = ORIENTED_EDGE('',*,*,#3735,.T.);
#3735 = EDGE_CURVE('',#3728,#3736,#3738,.T.);
#3736 = VERTEX_POINT('',#3737);
#3737 = CARTESIAN_POINT('',(-2.44,0.45,0.2));
#3738 = LINE('',#3739,#3740);
#3739 = CARTESIAN_POINT('',(-2.64,0.45,0.2));
#3740 = VECTOR('',#3741,1.);
#3741 = DIRECTION('',(1.,-1.110223024625E-16,0.));
#3742 = ORIENTED_EDGE('',*,*,#3743,.T.);
#3743 = EDGE_CURVE('',#3736,#3744,#3746,.T.);
#3744 = VERTEX_POINT('',#3745);
#3745 = CARTESIAN_POINT('',(-2.44,0.3,0.2));
#3746 = LINE('',#3747,#3748);
#3747 = CARTESIAN_POINT('',(-2.44,0.45,0.2));
#3748 = VECTOR('',#3749,1.);
#3749 = DIRECTION('',(-1.110223024625E-16,-1.,0.));
#3750 = ORIENTED_EDGE('',*,*,#3751,.T.);
#3751 = EDGE_CURVE('',#3744,#3752,#3754,.T.);
#3752 = VERTEX_POINT('',#3753);
#3753 = CARTESIAN_POINT('',(-2.44,-0.3,0.2));
#3754 = LINE('',#3755,#3756);
#3755 = CARTESIAN_POINT('',(-2.44,-1.27,0.2));
#3756 = VECTOR('',#3757,1.);
#3757 = DIRECTION('',(-1.110223024625E-16,-1.,0.));
#3758 = ORIENTED_EDGE('',*,*,#3759,.T.);
#3759 = EDGE_CURVE('',#3752,#3704,#3760,.T.);
#3760 = LINE('',#3761,#3762);
#3761 = CARTESIAN_POINT('',(-2.44,0.45,0.2));
#3762 = VECTOR('',#3763,1.);
#3763 = DIRECTION('',(-1.110223024625E-16,-1.,0.));
#3764 = PLANE('',#3765);
#3765 = AXIS2_PLACEMENT_3D('',#3766,#3767,#3768);
#3766 = CARTESIAN_POINT('',(-1.27,-2.54,0.2));
#3767 = DIRECTION('',(0.,0.,1.));
#3768 = DIRECTION('',(1.110223024625E-16,1.,-0.));
#3769 = ADVANCED_FACE('',(#3770),#3776,.T.);
#3770 = FACE_BOUND('',#3771,.T.);
#3771 = EDGE_LOOP('',(#3772,#3773,#3774,#3775));
#3772 = ORIENTED_EDGE('',*,*,#2990,.T.);
#3773 = ORIENTED_EDGE('',*,*,#3360,.T.);
#3774 = ORIENTED_EDGE('',*,*,#3069,.F.);
#3775 = ORIENTED_EDGE('',*,*,#3086,.F.);
#3776 = PLANE('',#3777);
#3777 = AXIS2_PLACEMENT_3D('',#3778,#3779,#3780);
#3778 = CARTESIAN_POINT('',(0.423333333333,-6.35,0.));
#3779 = DIRECTION('',(-1.,1.110223024625E-16,0.));
#3780 = DIRECTION('',(1.110223024625E-16,1.,0.));
#3781 = ADVANCED_FACE('',(#3782),#3788,.F.);
#3782 = FACE_BOUND('',#3783,.F.);
#3783 = EDGE_LOOP('',(#3784,#3785,#3786,#3787));
#3784 = ORIENTED_EDGE('',*,*,#3037,.T.);
#3785 = ORIENTED_EDGE('',*,*,#3102,.T.);
#3786 = ORIENTED_EDGE('',*,*,#2967,.F.);
#3787 = ORIENTED_EDGE('',*,*,#3329,.F.);
#3788 = PLANE('',#3789);
#3789 = AXIS2_PLACEMENT_3D('',#3790,#3791,#3792);
#3790 = CARTESIAN_POINT('',(-3.81,1.27,0.));
#3791 = DIRECTION('',(1.,-1.110223024625E-16,0.));
#3792 = DIRECTION('',(-1.110223024625E-16,-1.,0.));
#3793 = ADVANCED_FACE('',(#3794),#3819,.T.);
#3794 = FACE_BOUND('',#3795,.T.);
#3795 = EDGE_LOOP('',(#3796,#3804,#3805,#3813));
#3796 = ORIENTED_EDGE('',*,*,#3797,.F.);
#3797 = EDGE_CURVE('',#3112,#3798,#3800,.T.);
#3798 = VERTEX_POINT('',#3799);
#3799 = CARTESIAN_POINT('',(-0.3,-4.78,8.2));
#3800 = LINE('',#3801,#3802);
#3801 = CARTESIAN_POINT('',(-0.3,-4.78,8.2));
#3802 = VECTOR('',#3803,1.);
#3803 = DIRECTION('',(0.57735026919,-0.57735026919,-0.57735026919));
#3804 = ORIENTED_EDGE('',*,*,#3111,.T.);
#3805 = ORIENTED_EDGE('',*,*,#3806,.T.);
#3806 = EDGE_CURVE('',#3114,#3807,#3809,.T.);
#3807 = VERTEX_POINT('',#3808);
#3808 = CARTESIAN_POINT('',(-0.3,-5.38,8.2));
#3809 = LINE('',#3810,#3811);
#3810 = CARTESIAN_POINT('',(-0.3,-5.38,8.2));
#3811 = VECTOR('',#3812,1.);
#3812 = DIRECTION('',(0.57735026919,0.57735026919,-0.57735026919));
#3813 = ORIENTED_EDGE('',*,*,#3814,.F.);
#3814 = EDGE_CURVE('',#3798,#3807,#3815,.T.);
#3815 = LINE('',#3816,#3817);
#3816 = CARTESIAN_POINT('',(-0.3,-4.48,8.2));
#3817 = VECTOR('',#3818,1.);
#3818 = DIRECTION('',(-2.334869823773E-16,-1.,0.));
#3819 = PLANE('',#3820);
#3820 = AXIS2_PLACEMENT_3D('',#3821,#3822,#3823);
#3821 = CARTESIAN_POINT('',(-0.45,-4.48,8.35));
#3822 = DIRECTION('',(0.707106781187,-1.651002285576E-16,0.707106781187)
  );
#3823 = DIRECTION('',(-2.334869823772E-16,-1.,1.261191372222E-28));
#3824 = ADVANCED_FACE('',(#3825),#3843,.T.);
#3825 = FACE_BOUND('',#3826,.T.);
#3826 = EDGE_LOOP('',(#3827,#3828,#3829,#3837));
#3827 = ORIENTED_EDGE('',*,*,#3806,.F.);
#3828 = ORIENTED_EDGE('',*,*,#3137,.T.);
#3829 = ORIENTED_EDGE('',*,*,#3830,.T.);
#3830 = EDGE_CURVE('',#3130,#3831,#3833,.T.);
#3831 = VERTEX_POINT('',#3832);
#3832 = CARTESIAN_POINT('',(0.3,-5.38,8.2));
#3833 = LINE('',#3834,#3835);
#3834 = CARTESIAN_POINT('',(0.3,-5.38,8.2));
#3835 = VECTOR('',#3836,1.);
#3836 = DIRECTION('',(-0.57735026919,0.57735026919,-0.57735026919));
#3837 = ORIENTED_EDGE('',*,*,#3838,.F.);
#3838 = EDGE_CURVE('',#3807,#3831,#3839,.T.);
#3839 = LINE('',#3840,#3841);
#3840 = CARTESIAN_POINT('',(-0.6,-5.38,8.2));
#3841 = VECTOR('',#3842,1.);
#3842 = DIRECTION('',(1.,-2.334869823773E-16,0.));
#3843 = PLANE('',#3844);
#3844 = AXIS2_PLACEMENT_3D('',#3845,#3846,#3847);
#3845 = CARTESIAN_POINT('',(-0.6,-5.53,8.35));
#3846 = DIRECTION('',(1.651002285576E-16,0.707106781187,0.707106781187)
  );
#3847 = DIRECTION('',(1.,-2.334869823772E-16,1.261191372222E-28));
#3848 = ADVANCED_FACE('',(#3849),#3867,.T.);
#3849 = FACE_BOUND('',#3850,.T.);
#3850 = EDGE_LOOP('',(#3851,#3852,#3853,#3861));
#3851 = ORIENTED_EDGE('',*,*,#3830,.F.);
#3852 = ORIENTED_EDGE('',*,*,#3129,.T.);
#3853 = ORIENTED_EDGE('',*,*,#3854,.T.);
#3854 = EDGE_CURVE('',#3122,#3855,#3857,.T.);
#3855 = VERTEX_POINT('',#3856);
#3856 = CARTESIAN_POINT('',(0.3,-4.78,8.2));
#3857 = LINE('',#3858,#3859);
#3858 = CARTESIAN_POINT('',(0.3,-4.78,8.2));
#3859 = VECTOR('',#3860,1.);
#3860 = DIRECTION('',(-0.57735026919,-0.57735026919,-0.57735026919));
#3861 = ORIENTED_EDGE('',*,*,#3862,.F.);
#3862 = EDGE_CURVE('',#3831,#3855,#3863,.T.);
#3863 = LINE('',#3864,#3865);
#3864 = CARTESIAN_POINT('',(0.3,-5.68,8.2));
#3865 = VECTOR('',#3866,1.);
#3866 = DIRECTION('',(2.334869823773E-16,1.,0.));
#3867 = PLANE('',#3868);
#3868 = AXIS2_PLACEMENT_3D('',#3869,#3870,#3871);
#3869 = CARTESIAN_POINT('',(0.45,-5.68,8.35));
#3870 = DIRECTION('',(-0.707106781187,1.651002285576E-16,0.707106781187)
  );
#3871 = DIRECTION('',(2.334869823772E-16,1.,1.261191372222E-28));
#3872 = ADVANCED_FACE('',(#3873),#3884,.T.);
#3873 = FACE_BOUND('',#3874,.T.);
#3874 = EDGE_LOOP('',(#3875,#3876,#3877,#3878));
#3875 = ORIENTED_EDGE('',*,*,#3854,.F.);
#3876 = ORIENTED_EDGE('',*,*,#3121,.T.);
#3877 = ORIENTED_EDGE('',*,*,#3797,.T.);
#3878 = ORIENTED_EDGE('',*,*,#3879,.F.);
#3879 = EDGE_CURVE('',#3855,#3798,#3880,.T.);
#3880 = LINE('',#3881,#3882);
#3881 = CARTESIAN_POINT('',(0.6,-4.78,8.2));
#3882 = VECTOR('',#3883,1.);
#3883 = DIRECTION('',(-1.,2.334869823773E-16,0.));
#3884 = PLANE('',#3885);
#3885 = AXIS2_PLACEMENT_3D('',#3886,#3887,#3888);
#3886 = CARTESIAN_POINT('',(0.6,-4.63,8.35));
#3887 = DIRECTION('',(-1.651002285576E-16,-0.707106781187,0.707106781187
    ));
#3888 = DIRECTION('',(-1.,2.334869823772E-16,1.261191372222E-28));
#3889 = ADVANCED_FACE('',(#3890),#3915,.T.);
#3890 = FACE_BOUND('',#3891,.T.);
#3891 = EDGE_LOOP('',(#3892,#3900,#3901,#3909));
#3892 = ORIENTED_EDGE('',*,*,#3893,.F.);
#3893 = EDGE_CURVE('',#3146,#3894,#3896,.T.);
#3894 = VERTEX_POINT('',#3895);
#3895 = CARTESIAN_POINT('',(-0.3,-2.24,8.2));
#3896 = LINE('',#3897,#3898);
#3897 = CARTESIAN_POINT('',(-0.3,-2.24,8.2));
#3898 = VECTOR('',#3899,1.);
#3899 = DIRECTION('',(0.57735026919,-0.57735026919,-0.57735026919));
#3900 = ORIENTED_EDGE('',*,*,#3145,.T.);
#3901 = ORIENTED_EDGE('',*,*,#3902,.T.);
#3902 = EDGE_CURVE('',#3148,#3903,#3905,.T.);
#3903 = VERTEX_POINT('',#3904);
#3904 = CARTESIAN_POINT('',(-0.3,-2.84,8.2));
#3905 = LINE('',#3906,#3907);
#3906 = CARTESIAN_POINT('',(-0.3,-2.84,8.2));
#3907 = VECTOR('',#3908,1.);
#3908 = DIRECTION('',(0.57735026919,0.57735026919,-0.57735026919));
#3909 = ORIENTED_EDGE('',*,*,#3910,.F.);
#3910 = EDGE_CURVE('',#3894,#3903,#3911,.T.);
#3911 = LINE('',#3912,#3913);
#3912 = CARTESIAN_POINT('',(-0.3,-1.94,8.2));
#3913 = VECTOR('',#3914,1.);
#3914 = DIRECTION('',(-2.334869823773E-16,-1.,0.));
#3915 = PLANE('',#3916);
#3916 = AXIS2_PLACEMENT_3D('',#3917,#3918,#3919);
#3917 = CARTESIAN_POINT('',(-0.45,-1.94,8.35));
#3918 = DIRECTION('',(0.707106781187,-1.651002285576E-16,0.707106781187)
  );
#3919 = DIRECTION('',(-2.334869823772E-16,-1.,1.261191372222E-28));
#3920 = ADVANCED_FACE('',(#3921),#3939,.T.);
#3921 = FACE_BOUND('',#3922,.T.);
#3922 = EDGE_LOOP('',(#3923,#3924,#3925,#3933));
#3923 = ORIENTED_EDGE('',*,*,#3902,.F.);
#3924 = ORIENTED_EDGE('',*,*,#3171,.T.);
#3925 = ORIENTED_EDGE('',*,*,#3926,.T.);
#3926 = EDGE_CURVE('',#3164,#3927,#3929,.T.);
#3927 = VERTEX_POINT('',#3928);
#3928 = CARTESIAN_POINT('',(0.3,-2.84,8.2));
#3929 = LINE('',#3930,#3931);
#3930 = CARTESIAN_POINT('',(0.3,-2.84,8.2));
#3931 = VECTOR('',#3932,1.);
#3932 = DIRECTION('',(-0.57735026919,0.57735026919,-0.57735026919));
#3933 = ORIENTED_EDGE('',*,*,#3934,.F.);
#3934 = EDGE_CURVE('',#3903,#3927,#3935,.T.);
#3935 = LINE('',#3936,#3937);
#3936 = CARTESIAN_POINT('',(-0.6,-2.84,8.2));
#3937 = VECTOR('',#3938,1.);
#3938 = DIRECTION('',(1.,-2.334869823773E-16,0.));
#3939 = PLANE('',#3940);
#3940 = AXIS2_PLACEMENT_3D('',#3941,#3942,#3943);
#3941 = CARTESIAN_POINT('',(-0.6,-2.99,8.35));
#3942 = DIRECTION('',(1.651002285576E-16,0.707106781187,0.707106781187)
  );
#3943 = DIRECTION('',(1.,-2.334869823772E-16,1.261191372222E-28));
#3944 = ADVANCED_FACE('',(#3945),#3963,.T.);
#3945 = FACE_BOUND('',#3946,.T.);
#3946 = EDGE_LOOP('',(#3947,#3948,#3949,#3957));
#3947 = ORIENTED_EDGE('',*,*,#3926,.F.);
#3948 = ORIENTED_EDGE('',*,*,#3163,.T.);
#3949 = ORIENTED_EDGE('',*,*,#3950,.T.);
#3950 = EDGE_CURVE('',#3156,#3951,#3953,.T.);
#3951 = VERTEX_POINT('',#3952);
#3952 = CARTESIAN_POINT('',(0.3,-2.24,8.2));
#3953 = LINE('',#3954,#3955);
#3954 = CARTESIAN_POINT('',(0.3,-2.24,8.2));
#3955 = VECTOR('',#3956,1.);
#3956 = DIRECTION('',(-0.57735026919,-0.57735026919,-0.57735026919));
#3957 = ORIENTED_EDGE('',*,*,#3958,.F.);
#3958 = EDGE_CURVE('',#3927,#3951,#3959,.T.);
#3959 = LINE('',#3960,#3961);
#3960 = CARTESIAN_POINT('',(0.3,-3.14,8.2));
#3961 = VECTOR('',#3962,1.);
#3962 = DIRECTION('',(2.334869823773E-16,1.,0.));
#3963 = PLANE('',#3964);
#3964 = AXIS2_PLACEMENT_3D('',#3965,#3966,#3967);
#3965 = CARTESIAN_POINT('',(0.45,-3.14,8.35));
#3966 = DIRECTION('',(-0.707106781187,1.651002285576E-16,0.707106781187)
  );
#3967 = DIRECTION('',(2.334869823772E-16,1.,1.261191372222E-28));
#3968 = ADVANCED_FACE('',(#3969),#3980,.T.);
#3969 = FACE_BOUND('',#3970,.T.);
#3970 = EDGE_LOOP('',(#3971,#3972,#3973,#3974));
#3971 = ORIENTED_EDGE('',*,*,#3950,.F.);
#3972 = ORIENTED_EDGE('',*,*,#3155,.T.);
#3973 = ORIENTED_EDGE('',*,*,#3893,.T.);
#3974 = ORIENTED_EDGE('',*,*,#3975,.F.);
#3975 = EDGE_CURVE('',#3951,#3894,#3976,.T.);
#3976 = LINE('',#3977,#3978);
#3977 = CARTESIAN_POINT('',(0.6,-2.24,8.2));
#3978 = VECTOR('',#3979,1.);
#3979 = DIRECTION('',(-1.,2.334869823773E-16,0.));
#3980 = PLANE('',#3981);
#3981 = AXIS2_PLACEMENT_3D('',#3982,#3983,#3984);
#3982 = CARTESIAN_POINT('',(0.6,-2.09,8.35));
#3983 = DIRECTION('',(-1.651002285576E-16,-0.707106781187,0.707106781187
    ));
#3984 = DIRECTION('',(-1.,2.334869823772E-16,1.261191372222E-28));
#3985 = ADVANCED_FACE('',(#3986),#4011,.T.);
#3986 = FACE_BOUND('',#3987,.T.);
#3987 = EDGE_LOOP('',(#3988,#3996,#3997,#4005));
#3988 = ORIENTED_EDGE('',*,*,#3989,.F.);
#3989 = EDGE_CURVE('',#3180,#3990,#3992,.T.);
#3990 = VERTEX_POINT('',#3991);
#3991 = CARTESIAN_POINT('',(-0.3,0.3,8.2));
#3992 = LINE('',#3993,#3994);
#3993 = CARTESIAN_POINT('',(-0.3,0.3,8.2));
#3994 = VECTOR('',#3995,1.);
#3995 = DIRECTION('',(0.57735026919,-0.57735026919,-0.57735026919));
#3996 = ORIENTED_EDGE('',*,*,#3179,.T.);
#3997 = ORIENTED_EDGE('',*,*,#3998,.T.);
#3998 = EDGE_CURVE('',#3182,#3999,#4001,.T.);
#3999 = VERTEX_POINT('',#4000);
#4000 = CARTESIAN_POINT('',(-0.3,-0.3,8.2));
#4001 = LINE('',#4002,#4003);
#4002 = CARTESIAN_POINT('',(-0.3,-0.3,8.2));
#4003 = VECTOR('',#4004,1.);
#4004 = DIRECTION('',(0.57735026919,0.57735026919,-0.57735026919));
#4005 = ORIENTED_EDGE('',*,*,#4006,.F.);
#4006 = EDGE_CURVE('',#3990,#3999,#4007,.T.);
#4007 = LINE('',#4008,#4009);
#4008 = CARTESIAN_POINT('',(-0.3,0.6,8.2));
#4009 = VECTOR('',#4010,1.);
#4010 = DIRECTION('',(-2.334869823773E-16,-1.,0.));
#4011 = PLANE('',#4012);
#4012 = AXIS2_PLACEMENT_3D('',#4013,#4014,#4015);
#4013 = CARTESIAN_POINT('',(-0.45,0.6,8.35));
#4014 = DIRECTION('',(0.707106781187,-1.651002285576E-16,0.707106781187)
  );
#4015 = DIRECTION('',(-2.334869823772E-16,-1.,1.261191372222E-28));
#4016 = ADVANCED_FACE('',(#4017),#4035,.T.);
#4017 = FACE_BOUND('',#4018,.T.);
#4018 = EDGE_LOOP('',(#4019,#4020,#4021,#4029));
#4019 = ORIENTED_EDGE('',*,*,#3998,.F.);
#4020 = ORIENTED_EDGE('',*,*,#3205,.T.);
#4021 = ORIENTED_EDGE('',*,*,#4022,.T.);
#4022 = EDGE_CURVE('',#3198,#4023,#4025,.T.);
#4023 = VERTEX_POINT('',#4024);
#4024 = CARTESIAN_POINT('',(0.3,-0.3,8.2));
#4025 = LINE('',#4026,#4027);
#4026 = CARTESIAN_POINT('',(0.3,-0.3,8.2));
#4027 = VECTOR('',#4028,1.);
#4028 = DIRECTION('',(-0.57735026919,0.57735026919,-0.57735026919));
#4029 = ORIENTED_EDGE('',*,*,#4030,.F.);
#4030 = EDGE_CURVE('',#3999,#4023,#4031,.T.);
#4031 = LINE('',#4032,#4033);
#4032 = CARTESIAN_POINT('',(-0.6,-0.3,8.2));
#4033 = VECTOR('',#4034,1.);
#4034 = DIRECTION('',(1.,-2.334869823773E-16,0.));
#4035 = PLANE('',#4036);
#4036 = AXIS2_PLACEMENT_3D('',#4037,#4038,#4039);
#4037 = CARTESIAN_POINT('',(-0.6,-0.45,8.35));
#4038 = DIRECTION('',(1.651002285576E-16,0.707106781187,0.707106781187)
  );
#4039 = DIRECTION('',(1.,-2.334869823772E-16,1.261191372222E-28));
#4040 = ADVANCED_FACE('',(#4041),#4059,.T.);
#4041 = FACE_BOUND('',#4042,.T.);
#4042 = EDGE_LOOP('',(#4043,#4044,#4045,#4053));
#4043 = ORIENTED_EDGE('',*,*,#4022,.F.);
#4044 = ORIENTED_EDGE('',*,*,#3197,.T.);
#4045 = ORIENTED_EDGE('',*,*,#4046,.T.);
#4046 = EDGE_CURVE('',#3190,#4047,#4049,.T.);
#4047 = VERTEX_POINT('',#4048);
#4048 = CARTESIAN_POINT('',(0.3,0.3,8.2));
#4049 = LINE('',#4050,#4051);
#4050 = CARTESIAN_POINT('',(0.3,0.3,8.2));
#4051 = VECTOR('',#4052,1.);
#4052 = DIRECTION('',(-0.57735026919,-0.57735026919,-0.57735026919));
#4053 = ORIENTED_EDGE('',*,*,#4054,.F.);
#4054 = EDGE_CURVE('',#4023,#4047,#4055,.T.);
#4055 = LINE('',#4056,#4057);
#4056 = CARTESIAN_POINT('',(0.3,-0.6,8.2));
#4057 = VECTOR('',#4058,1.);
#4058 = DIRECTION('',(2.334869823773E-16,1.,0.));
#4059 = PLANE('',#4060);
#4060 = AXIS2_PLACEMENT_3D('',#4061,#4062,#4063);
#4061 = CARTESIAN_POINT('',(0.45,-0.6,8.35));
#4062 = DIRECTION('',(-0.707106781187,1.651002285576E-16,0.707106781187)
  );
#4063 = DIRECTION('',(2.334869823772E-16,1.,1.261191372222E-28));
#4064 = ADVANCED_FACE('',(#4065),#4076,.T.);
#4065 = FACE_BOUND('',#4066,.T.);
#4066 = EDGE_LOOP('',(#4067,#4068,#4069,#4070));
#4067 = ORIENTED_EDGE('',*,*,#4046,.F.);
#4068 = ORIENTED_EDGE('',*,*,#3189,.T.);
#4069 = ORIENTED_EDGE('',*,*,#3989,.T.);
#4070 = ORIENTED_EDGE('',*,*,#4071,.F.);
#4071 = EDGE_CURVE('',#4047,#3990,#4072,.T.);
#4072 = LINE('',#4073,#4074);
#4073 = CARTESIAN_POINT('',(0.6,0.3,8.2));
#4074 = VECTOR('',#4075,1.);
#4075 = DIRECTION('',(-1.,2.334869823773E-16,0.));
#4076 = PLANE('',#4077);
#4077 = AXIS2_PLACEMENT_3D('',#4078,#4079,#4080);
#4078 = CARTESIAN_POINT('',(0.6,0.45,8.35));
#4079 = DIRECTION('',(-1.651002285576E-16,-0.707106781187,0.707106781187
    ));
#4080 = DIRECTION('',(-1.,2.334869823772E-16,1.261191372222E-28));
#4081 = ADVANCED_FACE('',(#4082),#4107,.T.);
#4082 = FACE_BOUND('',#4083,.T.);
#4083 = EDGE_LOOP('',(#4084,#4092,#4093,#4101));
#4084 = ORIENTED_EDGE('',*,*,#4085,.F.);
#4085 = EDGE_CURVE('',#3214,#4086,#4088,.T.);
#4086 = VERTEX_POINT('',#4087);
#4087 = CARTESIAN_POINT('',(-2.24,-5.38,8.2));
#4088 = LINE('',#4089,#4090);
#4089 = CARTESIAN_POINT('',(-2.24,-5.38,8.2));
#4090 = VECTOR('',#4091,1.);
#4091 = DIRECTION('',(-0.57735026919,0.57735026919,-0.57735026919));
#4092 = ORIENTED_EDGE('',*,*,#3213,.T.);
#4093 = ORIENTED_EDGE('',*,*,#4094,.T.);
#4094 = EDGE_CURVE('',#3216,#4095,#4097,.T.);
#4095 = VERTEX_POINT('',#4096);
#4096 = CARTESIAN_POINT('',(-2.24,-4.78,8.2));
#4097 = LINE('',#4098,#4099);
#4098 = CARTESIAN_POINT('',(-2.24,-4.78,8.2));
#4099 = VECTOR('',#4100,1.);
#4100 = DIRECTION('',(-0.57735026919,-0.57735026919,-0.57735026919));
#4101 = ORIENTED_EDGE('',*,*,#4102,.F.);
#4102 = EDGE_CURVE('',#4086,#4095,#4103,.T.);
#4103 = LINE('',#4104,#4105);
#4104 = CARTESIAN_POINT('',(-2.24,-5.68,8.2));
#4105 = VECTOR('',#4106,1.);
#4106 = DIRECTION('',(1.110223024625E-16,1.,0.));
#4107 = PLANE('',#4108);
#4108 = AXIS2_PLACEMENT_3D('',#4109,#4110,#4111);
#4109 = CARTESIAN_POINT('',(-2.09,-5.68,8.35));
#4110 = DIRECTION('',(-0.707106781187,7.850462293414E-17,0.707106781187)
  );
#4111 = DIRECTION('',(1.110223024625E-16,1.,2.680278185005E-29));
#4112 = ADVANCED_FACE('',(#4113),#4131,.T.);
#4113 = FACE_BOUND('',#4114,.T.);
#4114 = EDGE_LOOP('',(#4115,#4116,#4117,#4125));
#4115 = ORIENTED_EDGE('',*,*,#4094,.F.);
#4116 = ORIENTED_EDGE('',*,*,#3239,.T.);
#4117 = ORIENTED_EDGE('',*,*,#4118,.T.);
#4118 = EDGE_CURVE('',#3232,#4119,#4121,.T.);
#4119 = VERTEX_POINT('',#4120);
#4120 = CARTESIAN_POINT('',(-2.84,-4.78,8.2));
#4121 = LINE('',#4122,#4123);
#4122 = CARTESIAN_POINT('',(-2.84,-4.78,8.2));
#4123 = VECTOR('',#4124,1.);
#4124 = DIRECTION('',(0.57735026919,-0.57735026919,-0.57735026919));
#4125 = ORIENTED_EDGE('',*,*,#4126,.F.);
#4126 = EDGE_CURVE('',#4095,#4119,#4127,.T.);
#4127 = LINE('',#4128,#4129);
#4128 = CARTESIAN_POINT('',(-1.94,-4.78,8.2));
#4129 = VECTOR('',#4130,1.);
#4130 = DIRECTION('',(-1.,1.110223024625E-16,0.));
#4131 = PLANE('',#4132);
#4132 = AXIS2_PLACEMENT_3D('',#4133,#4134,#4135);
#4133 = CARTESIAN_POINT('',(-1.94,-4.63,8.35));
#4134 = DIRECTION('',(-7.850462293414E-17,-0.707106781187,0.707106781187
    ));
#4135 = DIRECTION('',(-1.,1.110223024625E-16,2.680278185005E-29));
#4136 = ADVANCED_FACE('',(#4137),#4155,.T.);
#4137 = FACE_BOUND('',#4138,.T.);
#4138 = EDGE_LOOP('',(#4139,#4140,#4141,#4149));
#4139 = ORIENTED_EDGE('',*,*,#4118,.F.);
#4140 = ORIENTED_EDGE('',*,*,#3231,.T.);
#4141 = ORIENTED_EDGE('',*,*,#4142,.T.);
#4142 = EDGE_CURVE('',#3224,#4143,#4145,.T.);
#4143 = VERTEX_POINT('',#4144);
#4144 = CARTESIAN_POINT('',(-2.84,-5.38,8.2));
#4145 = LINE('',#4146,#4147);
#4146 = CARTESIAN_POINT('',(-2.84,-5.38,8.2));
#4147 = VECTOR('',#4148,1.);
#4148 = DIRECTION('',(0.57735026919,0.57735026919,-0.57735026919));
#4149 = ORIENTED_EDGE('',*,*,#4150,.F.);
#4150 = EDGE_CURVE('',#4119,#4143,#4151,.T.);
#4151 = LINE('',#4152,#4153);
#4152 = CARTESIAN_POINT('',(-2.84,-4.48,8.2));
#4153 = VECTOR('',#4154,1.);
#4154 = DIRECTION('',(-1.110223024625E-16,-1.,0.));
#4155 = PLANE('',#4156);
#4156 = AXIS2_PLACEMENT_3D('',#4157,#4158,#4159);
#4157 = CARTESIAN_POINT('',(-2.99,-4.48,8.35));
#4158 = DIRECTION('',(0.707106781187,-7.850462293414E-17,0.707106781187)
  );
#4159 = DIRECTION('',(-1.110223024625E-16,-1.,2.680278185005E-29));
#4160 = ADVANCED_FACE('',(#4161),#4172,.T.);
#4161 = FACE_BOUND('',#4162,.T.);
#4162 = EDGE_LOOP('',(#4163,#4164,#4165,#4166));
#4163 = ORIENTED_EDGE('',*,*,#4142,.F.);
#4164 = ORIENTED_EDGE('',*,*,#3223,.T.);
#4165 = ORIENTED_EDGE('',*,*,#4085,.T.);
#4166 = ORIENTED_EDGE('',*,*,#4167,.F.);
#4167 = EDGE_CURVE('',#4143,#4086,#4168,.T.);
#4168 = LINE('',#4169,#4170);
#4169 = CARTESIAN_POINT('',(-3.14,-5.38,8.2));
#4170 = VECTOR('',#4171,1.);
#4171 = DIRECTION('',(1.,-1.110223024625E-16,0.));
#4172 = PLANE('',#4173);
#4173 = AXIS2_PLACEMENT_3D('',#4174,#4175,#4176);
#4174 = CARTESIAN_POINT('',(-3.14,-5.53,8.35));
#4175 = DIRECTION('',(7.850462293414E-17,0.707106781187,0.707106781187)
  );
#4176 = DIRECTION('',(1.,-1.110223024625E-16,2.680278185005E-29));
#4177 = ADVANCED_FACE('',(#4178),#4203,.T.);
#4178 = FACE_BOUND('',#4179,.T.);
#4179 = EDGE_LOOP('',(#4180,#4188,#4189,#4197));
#4180 = ORIENTED_EDGE('',*,*,#4181,.F.);
#4181 = EDGE_CURVE('',#3248,#4182,#4184,.T.);
#4182 = VERTEX_POINT('',#4183);
#4183 = CARTESIAN_POINT('',(-2.24,-2.84,8.2));
#4184 = LINE('',#4185,#4186);
#4185 = CARTESIAN_POINT('',(-2.24,-2.84,8.2));
#4186 = VECTOR('',#4187,1.);
#4187 = DIRECTION('',(-0.57735026919,0.57735026919,-0.57735026919));
#4188 = ORIENTED_EDGE('',*,*,#3247,.T.);
#4189 = ORIENTED_EDGE('',*,*,#4190,.T.);
#4190 = EDGE_CURVE('',#3250,#4191,#4193,.T.);
#4191 = VERTEX_POINT('',#4192);
#4192 = CARTESIAN_POINT('',(-2.24,-2.24,8.2));
#4193 = LINE('',#4194,#4195);
#4194 = CARTESIAN_POINT('',(-2.24,-2.24,8.2));
#4195 = VECTOR('',#4196,1.);
#4196 = DIRECTION('',(-0.57735026919,-0.57735026919,-0.57735026919));
#4197 = ORIENTED_EDGE('',*,*,#4198,.F.);
#4198 = EDGE_CURVE('',#4182,#4191,#4199,.T.);
#4199 = LINE('',#4200,#4201);
#4200 = CARTESIAN_POINT('',(-2.24,-3.14,8.2));
#4201 = VECTOR('',#4202,1.);
#4202 = DIRECTION('',(1.110223024625E-16,1.,0.));
#4203 = PLANE('',#4204);
#4204 = AXIS2_PLACEMENT_3D('',#4205,#4206,#4207);
#4205 = CARTESIAN_POINT('',(-2.09,-3.14,8.35));
#4206 = DIRECTION('',(-0.707106781187,7.850462293414E-17,0.707106781187)
  );
#4207 = DIRECTION('',(1.110223024625E-16,1.,2.680278185005E-29));
#4208 = ADVANCED_FACE('',(#4209),#4227,.T.);
#4209 = FACE_BOUND('',#4210,.T.);
#4210 = EDGE_LOOP('',(#4211,#4212,#4213,#4221));
#4211 = ORIENTED_EDGE('',*,*,#4190,.F.);
#4212 = ORIENTED_EDGE('',*,*,#3273,.T.);
#4213 = ORIENTED_EDGE('',*,*,#4214,.T.);
#4214 = EDGE_CURVE('',#3266,#4215,#4217,.T.);
#4215 = VERTEX_POINT('',#4216);
#4216 = CARTESIAN_POINT('',(-2.84,-2.24,8.2));
#4217 = LINE('',#4218,#4219);
#4218 = CARTESIAN_POINT('',(-2.84,-2.24,8.2));
#4219 = VECTOR('',#4220,1.);
#4220 = DIRECTION('',(0.57735026919,-0.57735026919,-0.57735026919));
#4221 = ORIENTED_EDGE('',*,*,#4222,.F.);
#4222 = EDGE_CURVE('',#4191,#4215,#4223,.T.);
#4223 = LINE('',#4224,#4225);
#4224 = CARTESIAN_POINT('',(-1.94,-2.24,8.2));
#4225 = VECTOR('',#4226,1.);
#4226 = DIRECTION('',(-1.,1.110223024625E-16,0.));
#4227 = PLANE('',#4228);
#4228 = AXIS2_PLACEMENT_3D('',#4229,#4230,#4231);
#4229 = CARTESIAN_POINT('',(-1.94,-2.09,8.35));
#4230 = DIRECTION('',(-7.850462293414E-17,-0.707106781187,0.707106781187
    ));
#4231 = DIRECTION('',(-1.,1.110223024625E-16,2.680278185005E-29));
#4232 = ADVANCED_FACE('',(#4233),#4251,.T.);
#4233 = FACE_BOUND('',#4234,.T.);
#4234 = EDGE_LOOP('',(#4235,#4236,#4237,#4245));
#4235 = ORIENTED_EDGE('',*,*,#4214,.F.);
#4236 = ORIENTED_EDGE('',*,*,#3265,.T.);
#4237 = ORIENTED_EDGE('',*,*,#4238,.T.);
#4238 = EDGE_CURVE('',#3258,#4239,#4241,.T.);
#4239 = VERTEX_POINT('',#4240);
#4240 = CARTESIAN_POINT('',(-2.84,-2.84,8.2));
#4241 = LINE('',#4242,#4243);
#4242 = CARTESIAN_POINT('',(-2.84,-2.84,8.2));
#4243 = VECTOR('',#4244,1.);
#4244 = DIRECTION('',(0.57735026919,0.57735026919,-0.57735026919));
#4245 = ORIENTED_EDGE('',*,*,#4246,.F.);
#4246 = EDGE_CURVE('',#4215,#4239,#4247,.T.);
#4247 = LINE('',#4248,#4249);
#4248 = CARTESIAN_POINT('',(-2.84,-1.94,8.2));
#4249 = VECTOR('',#4250,1.);
#4250 = DIRECTION('',(-1.110223024625E-16,-1.,0.));
#4251 = PLANE('',#4252);
#4252 = AXIS2_PLACEMENT_3D('',#4253,#4254,#4255);
#4253 = CARTESIAN_POINT('',(-2.99,-1.94,8.35));
#4254 = DIRECTION('',(0.707106781187,-7.850462293414E-17,0.707106781187)
  );
#4255 = DIRECTION('',(-1.110223024625E-16,-1.,2.680278185005E-29));
#4256 = ADVANCED_FACE('',(#4257),#4268,.T.);
#4257 = FACE_BOUND('',#4258,.T.);
#4258 = EDGE_LOOP('',(#4259,#4260,#4261,#4262));
#4259 = ORIENTED_EDGE('',*,*,#4238,.F.);
#4260 = ORIENTED_EDGE('',*,*,#3257,.T.);
#4261 = ORIENTED_EDGE('',*,*,#4181,.T.);
#4262 = ORIENTED_EDGE('',*,*,#4263,.F.);
#4263 = EDGE_CURVE('',#4239,#4182,#4264,.T.);
#4264 = LINE('',#4265,#4266);
#4265 = CARTESIAN_POINT('',(-3.14,-2.84,8.2));
#4266 = VECTOR('',#4267,1.);
#4267 = DIRECTION('',(1.,-1.110223024625E-16,0.));
#4268 = PLANE('',#4269);
#4269 = AXIS2_PLACEMENT_3D('',#4270,#4271,#4272);
#4270 = CARTESIAN_POINT('',(-3.14,-2.99,8.35));
#4271 = DIRECTION('',(7.850462293414E-17,0.707106781187,0.707106781187)
  );
#4272 = DIRECTION('',(1.,-1.110223024625E-16,2.680278185005E-29));
#4273 = ADVANCED_FACE('',(#4274),#4299,.T.);
#4274 = FACE_BOUND('',#4275,.T.);
#4275 = EDGE_LOOP('',(#4276,#4284,#4285,#4293));
#4276 = ORIENTED_EDGE('',*,*,#4277,.F.);
#4277 = EDGE_CURVE('',#3282,#4278,#4280,.T.);
#4278 = VERTEX_POINT('',#4279);
#4279 = CARTESIAN_POINT('',(-2.24,-0.3,8.2));
#4280 = LINE('',#4281,#4282);
#4281 = CARTESIAN_POINT('',(-2.24,-0.3,8.2));
#4282 = VECTOR('',#4283,1.);
#4283 = DIRECTION('',(-0.57735026919,0.57735026919,-0.57735026919));
#4284 = ORIENTED_EDGE('',*,*,#3281,.T.);
#4285 = ORIENTED_EDGE('',*,*,#4286,.T.);
#4286 = EDGE_CURVE('',#3284,#4287,#4289,.T.);
#4287 = VERTEX_POINT('',#4288);
#4288 = CARTESIAN_POINT('',(-2.24,0.3,8.2));
#4289 = LINE('',#4290,#4291);
#4290 = CARTESIAN_POINT('',(-2.24,0.3,8.2));
#4291 = VECTOR('',#4292,1.);
#4292 = DIRECTION('',(-0.57735026919,-0.57735026919,-0.57735026919));
#4293 = ORIENTED_EDGE('',*,*,#4294,.F.);
#4294 = EDGE_CURVE('',#4278,#4287,#4295,.T.);
#4295 = LINE('',#4296,#4297);
#4296 = CARTESIAN_POINT('',(-2.24,-0.6,8.2));
#4297 = VECTOR('',#4298,1.);
#4298 = DIRECTION('',(1.110223024625E-16,1.,0.));
#4299 = PLANE('',#4300);
#4300 = AXIS2_PLACEMENT_3D('',#4301,#4302,#4303);
#4301 = CARTESIAN_POINT('',(-2.09,-0.6,8.35));
#4302 = DIRECTION('',(-0.707106781187,7.850462293414E-17,0.707106781187)
  );
#4303 = DIRECTION('',(1.110223024625E-16,1.,2.680278185005E-29));
#4304 = ADVANCED_FACE('',(#4305),#4323,.T.);
#4305 = FACE_BOUND('',#4306,.T.);
#4306 = EDGE_LOOP('',(#4307,#4308,#4309,#4317));
#4307 = ORIENTED_EDGE('',*,*,#4286,.F.);
#4308 = ORIENTED_EDGE('',*,*,#3307,.T.);
#4309 = ORIENTED_EDGE('',*,*,#4310,.T.);
#4310 = EDGE_CURVE('',#3300,#4311,#4313,.T.);
#4311 = VERTEX_POINT('',#4312);
#4312 = CARTESIAN_POINT('',(-2.84,0.3,8.2));
#4313 = LINE('',#4314,#4315);
#4314 = CARTESIAN_POINT('',(-2.84,0.3,8.2));
#4315 = VECTOR('',#4316,1.);
#4316 = DIRECTION('',(0.57735026919,-0.57735026919,-0.57735026919));
#4317 = ORIENTED_EDGE('',*,*,#4318,.F.);
#4318 = EDGE_CURVE('',#4287,#4311,#4319,.T.);
#4319 = LINE('',#4320,#4321);
#4320 = CARTESIAN_POINT('',(-1.94,0.3,8.2));
#4321 = VECTOR('',#4322,1.);
#4322 = DIRECTION('',(-1.,1.110223024625E-16,0.));
#4323 = PLANE('',#4324);
#4324 = AXIS2_PLACEMENT_3D('',#4325,#4326,#4327);
#4325 = CARTESIAN_POINT('',(-1.94,0.45,8.35));
#4326 = DIRECTION('',(-7.850462293414E-17,-0.707106781187,0.707106781187
    ));
#4327 = DIRECTION('',(-1.,1.110223024625E-16,2.680278185005E-29));
#4328 = ADVANCED_FACE('',(#4329),#4347,.T.);
#4329 = FACE_BOUND('',#4330,.T.);
#4330 = EDGE_LOOP('',(#4331,#4332,#4333,#4341));
#4331 = ORIENTED_EDGE('',*,*,#4310,.F.);
#4332 = ORIENTED_EDGE('',*,*,#3299,.T.);
#4333 = ORIENTED_EDGE('',*,*,#4334,.T.);
#4334 = EDGE_CURVE('',#3292,#4335,#4337,.T.);
#4335 = VERTEX_POINT('',#4336);
#4336 = CARTESIAN_POINT('',(-2.84,-0.3,8.2));
#4337 = LINE('',#4338,#4339);
#4338 = CARTESIAN_POINT('',(-2.84,-0.3,8.2));
#4339 = VECTOR('',#4340,1.);
#4340 = DIRECTION('',(0.57735026919,0.57735026919,-0.57735026919));
#4341 = ORIENTED_EDGE('',*,*,#4342,.F.);
#4342 = EDGE_CURVE('',#4311,#4335,#4343,.T.);
#4343 = LINE('',#4344,#4345);
#4344 = CARTESIAN_POINT('',(-2.84,0.6,8.2));
#4345 = VECTOR('',#4346,1.);
#4346 = DIRECTION('',(-1.110223024625E-16,-1.,0.));
#4347 = PLANE('',#4348);
#4348 = AXIS2_PLACEMENT_3D('',#4349,#4350,#4351);
#4349 = CARTESIAN_POINT('',(-2.99,0.6,8.35));
#4350 = DIRECTION('',(0.707106781187,-7.850462293414E-17,0.707106781187)
  );
#4351 = DIRECTION('',(-1.110223024625E-16,-1.,2.680278185005E-29));
#4352 = ADVANCED_FACE('',(#4353),#4364,.T.);
#4353 = FACE_BOUND('',#4354,.T.);
#4354 = EDGE_LOOP('',(#4355,#4356,#4357,#4358));
#4355 = ORIENTED_EDGE('',*,*,#4334,.F.);
#4356 = ORIENTED_EDGE('',*,*,#3291,.T.);
#4357 = ORIENTED_EDGE('',*,*,#4277,.T.);
#4358 = ORIENTED_EDGE('',*,*,#4359,.F.);
#4359 = EDGE_CURVE('',#4335,#4278,#4360,.T.);
#4360 = LINE('',#4361,#4362);
#4361 = CARTESIAN_POINT('',(-3.14,-0.3,8.2));
#4362 = VECTOR('',#4363,1.);
#4363 = DIRECTION('',(1.,-1.110223024625E-16,0.));
#4364 = PLANE('',#4365);
#4365 = AXIS2_PLACEMENT_3D('',#4366,#4367,#4368);
#4366 = CARTESIAN_POINT('',(-3.14,-0.45,8.35));
#4367 = DIRECTION('',(7.850462293414E-17,0.707106781187,0.707106781187)
  );
#4368 = DIRECTION('',(1.,-1.110223024625E-16,2.680278185005E-29));
#4369 = ADVANCED_FACE('',(#4370),#4381,.T.);
#4370 = FACE_BOUND('',#4371,.T.);
#4371 = EDGE_LOOP('',(#4372,#4373,#4374,#4380));
#4372 = ORIENTED_EDGE('',*,*,#3371,.F.);
#4373 = ORIENTED_EDGE('',*,*,#3381,.T.);
#4374 = ORIENTED_EDGE('',*,*,#4375,.T.);
#4375 = EDGE_CURVE('',#3382,#3422,#4376,.T.);
#4376 = LINE('',#4377,#4378);
#4377 = CARTESIAN_POINT('',(0.1,-4.78,0.2));
#4378 = VECTOR('',#4379,1.);
#4379 = DIRECTION('',(-1.,2.334869823773E-16,0.));
#4380 = ORIENTED_EDGE('',*,*,#3429,.T.);
#4381 = PLANE('',#4382);
#4382 = AXIS2_PLACEMENT_3D('',#4383,#4384,#4385);
#4383 = CARTESIAN_POINT('',(0.1,-4.78,0.2));
#4384 = DIRECTION('',(0.,0.,-1.));
#4385 = DIRECTION('',(2.334869823773E-16,1.,0.));
#4386 = ADVANCED_FACE('',(#4387),#4428,.F.);
#4387 = FACE_BOUND('',#4388,.F.);
#4388 = EDGE_LOOP('',(#4389,#4397,#4398,#4406,#4414,#4422));
#4389 = ORIENTED_EDGE('',*,*,#4390,.T.);
#4390 = EDGE_CURVE('',#4391,#3422,#4393,.T.);
#4391 = VERTEX_POINT('',#4392);
#4392 = CARTESIAN_POINT('',(-0.1,-4.78,-2.5));
#4393 = LINE('',#4394,#4395);
#4394 = CARTESIAN_POINT('',(-0.1,-4.78,-2.5));
#4395 = VECTOR('',#4396,1.);
#4396 = DIRECTION('',(0.,0.,1.));
#4397 = ORIENTED_EDGE('',*,*,#3421,.F.);
#4398 = ORIENTED_EDGE('',*,*,#4399,.T.);
#4399 = EDGE_CURVE('',#3414,#4400,#4402,.T.);
#4400 = VERTEX_POINT('',#4401);
#4401 = CARTESIAN_POINT('',(-0.1,-5.38,-2.5));
#4402 = LINE('',#4403,#4404);
#4403 = CARTESIAN_POINT('',(-0.1,-5.38,0.2));
#4404 = VECTOR('',#4405,1.);
#4405 = DIRECTION('',(-0.,0.,-1.));
#4406 = ORIENTED_EDGE('',*,*,#4407,.T.);
#4407 = EDGE_CURVE('',#4400,#4408,#4410,.T.);
#4408 = VERTEX_POINT('',#4409);
#4409 = CARTESIAN_POINT('',(-0.1,-5.23,-3.1));
#4410 = LINE('',#4411,#4412);
#4411 = CARTESIAN_POINT('',(-0.1,-5.38,-2.5));
#4412 = VECTOR('',#4413,1.);
#4413 = DIRECTION('',(5.662891120873E-17,0.242535625036,-0.970142500145)
  );
#4414 = ORIENTED_EDGE('',*,*,#4415,.T.);
#4415 = EDGE_CURVE('',#4408,#4416,#4418,.T.);
#4416 = VERTEX_POINT('',#4417);
#4417 = CARTESIAN_POINT('',(-0.1,-4.93,-3.1));
#4418 = LINE('',#4419,#4420);
#4419 = CARTESIAN_POINT('',(-0.1,-5.23,-3.1));
#4420 = VECTOR('',#4421,1.);
#4421 = DIRECTION('',(2.334869823773E-16,1.,0.));
#4422 = ORIENTED_EDGE('',*,*,#4423,.T.);
#4423 = EDGE_CURVE('',#4416,#4391,#4424,.T.);
#4424 = LINE('',#4425,#4426);
#4425 = CARTESIAN_POINT('',(-0.1,-4.93,-3.1));
#4426 = VECTOR('',#4427,1.);
#4427 = DIRECTION('',(5.662891120873E-17,0.242535625036,0.970142500145)
  );
#4428 = PLANE('',#4429);
#4429 = AXIS2_PLACEMENT_3D('',#4430,#4431,#4432);
#4430 = CARTESIAN_POINT('',(-0.1,-5.08,3.911477598424));
#4431 = DIRECTION('',(1.,-2.334869823773E-16,0.));
#4432 = DIRECTION('',(0.,0.,1.));
#4433 = ADVANCED_FACE('',(#4434),#4445,.T.);
#4434 = FACE_BOUND('',#4435,.T.);
#4435 = EDGE_LOOP('',(#4436,#4442,#4443,#4444));
#4436 = ORIENTED_EDGE('',*,*,#4437,.F.);
#4437 = EDGE_CURVE('',#3390,#3414,#4438,.T.);
#4438 = LINE('',#4439,#4440);
#4439 = CARTESIAN_POINT('',(0.1,-5.38,0.2));
#4440 = VECTOR('',#4441,1.);
#4441 = DIRECTION('',(-1.,2.334869823773E-16,0.));
#4442 = ORIENTED_EDGE('',*,*,#3397,.T.);
#4443 = ORIENTED_EDGE('',*,*,#3405,.T.);
#4444 = ORIENTED_EDGE('',*,*,#3413,.T.);
#4445 = PLANE('',#4446);
#4446 = AXIS2_PLACEMENT_3D('',#4447,#4448,#4449);
#4447 = CARTESIAN_POINT('',(0.1,-4.78,0.2));
#4448 = DIRECTION('',(0.,0.,-1.));
#4449 = DIRECTION('',(2.334869823773E-16,1.,0.));
#4450 = ADVANCED_FACE('',(#4451),#4492,.T.);
#4451 = FACE_BOUND('',#4452,.T.);
#4452 = EDGE_LOOP('',(#4453,#4461,#4462,#4470,#4478,#4486));
#4453 = ORIENTED_EDGE('',*,*,#4454,.T.);
#4454 = EDGE_CURVE('',#4455,#3382,#4457,.T.);
#4455 = VERTEX_POINT('',#4456);
#4456 = CARTESIAN_POINT('',(0.1,-4.78,-2.5));
#4457 = LINE('',#4458,#4459);
#4458 = CARTESIAN_POINT('',(0.1,-4.78,-2.5));
#4459 = VECTOR('',#4460,1.);
#4460 = DIRECTION('',(0.,0.,1.));
#4461 = ORIENTED_EDGE('',*,*,#3389,.F.);
#4462 = ORIENTED_EDGE('',*,*,#4463,.T.);
#4463 = EDGE_CURVE('',#3390,#4464,#4466,.T.);
#4464 = VERTEX_POINT('',#4465);
#4465 = CARTESIAN_POINT('',(0.1,-5.38,-2.5));
#4466 = LINE('',#4467,#4468);
#4467 = CARTESIAN_POINT('',(0.1,-5.38,0.2));
#4468 = VECTOR('',#4469,1.);
#4469 = DIRECTION('',(-0.,0.,-1.));
#4470 = ORIENTED_EDGE('',*,*,#4471,.T.);
#4471 = EDGE_CURVE('',#4464,#4472,#4474,.T.);
#4472 = VERTEX_POINT('',#4473);
#4473 = CARTESIAN_POINT('',(0.1,-5.23,-3.1));
#4474 = LINE('',#4475,#4476);
#4475 = CARTESIAN_POINT('',(0.1,-5.38,-2.5));
#4476 = VECTOR('',#4477,1.);
#4477 = DIRECTION('',(5.662891120873E-17,0.242535625036,-0.970142500145)
  );
#4478 = ORIENTED_EDGE('',*,*,#4479,.F.);
#4479 = EDGE_CURVE('',#4480,#4472,#4482,.T.);
#4480 = VERTEX_POINT('',#4481);
#4481 = CARTESIAN_POINT('',(0.1,-4.93,-3.1));
#4482 = LINE('',#4483,#4484);
#4483 = CARTESIAN_POINT('',(0.1,-4.93,-3.1));
#4484 = VECTOR('',#4485,1.);
#4485 = DIRECTION('',(-2.334869823773E-16,-1.,0.));
#4486 = ORIENTED_EDGE('',*,*,#4487,.T.);
#4487 = EDGE_CURVE('',#4480,#4455,#4488,.T.);
#4488 = LINE('',#4489,#4490);
#4489 = CARTESIAN_POINT('',(0.1,-4.93,-3.1));
#4490 = VECTOR('',#4491,1.);
#4491 = DIRECTION('',(5.662891120873E-17,0.242535625036,0.970142500145)
  );
#4492 = PLANE('',#4493);
#4493 = AXIS2_PLACEMENT_3D('',#4494,#4495,#4496);
#4494 = CARTESIAN_POINT('',(0.1,-5.08,3.911477598424));
#4495 = DIRECTION('',(1.,-2.334869823773E-16,0.));
#4496 = DIRECTION('',(0.,0.,1.));
#4497 = ADVANCED_FACE('',(#4498),#4509,.T.);
#4498 = FACE_BOUND('',#4499,.T.);
#4499 = EDGE_LOOP('',(#4500,#4501,#4502,#4508));
#4500 = ORIENTED_EDGE('',*,*,#3437,.F.);
#4501 = ORIENTED_EDGE('',*,*,#3447,.T.);
#4502 = ORIENTED_EDGE('',*,*,#4503,.T.);
#4503 = EDGE_CURVE('',#3448,#3488,#4504,.T.);
#4504 = LINE('',#4505,#4506);
#4505 = CARTESIAN_POINT('',(0.1,-2.24,0.2));
#4506 = VECTOR('',#4507,1.);
#4507 = DIRECTION('',(-1.,2.334869823773E-16,0.));
#4508 = ORIENTED_EDGE('',*,*,#3495,.T.);
#4509 = PLANE('',#4510);
#4510 = AXIS2_PLACEMENT_3D('',#4511,#4512,#4513);
#4511 = CARTESIAN_POINT('',(0.1,-2.24,0.2));
#4512 = DIRECTION('',(0.,0.,-1.));
#4513 = DIRECTION('',(2.334869823773E-16,1.,0.));
#4514 = ADVANCED_FACE('',(#4515),#4556,.F.);
#4515 = FACE_BOUND('',#4516,.F.);
#4516 = EDGE_LOOP('',(#4517,#4525,#4526,#4534,#4542,#4550));
#4517 = ORIENTED_EDGE('',*,*,#4518,.T.);
#4518 = EDGE_CURVE('',#4519,#3488,#4521,.T.);
#4519 = VERTEX_POINT('',#4520);
#4520 = CARTESIAN_POINT('',(-0.1,-2.24,-2.5));
#4521 = LINE('',#4522,#4523);
#4522 = CARTESIAN_POINT('',(-0.1,-2.24,-2.5));
#4523 = VECTOR('',#4524,1.);
#4524 = DIRECTION('',(0.,0.,1.));
#4525 = ORIENTED_EDGE('',*,*,#3487,.F.);
#4526 = ORIENTED_EDGE('',*,*,#4527,.T.);
#4527 = EDGE_CURVE('',#3480,#4528,#4530,.T.);
#4528 = VERTEX_POINT('',#4529);
#4529 = CARTESIAN_POINT('',(-0.1,-2.84,-2.5));
#4530 = LINE('',#4531,#4532);
#4531 = CARTESIAN_POINT('',(-0.1,-2.84,0.2));
#4532 = VECTOR('',#4533,1.);
#4533 = DIRECTION('',(-0.,0.,-1.));
#4534 = ORIENTED_EDGE('',*,*,#4535,.T.);
#4535 = EDGE_CURVE('',#4528,#4536,#4538,.T.);
#4536 = VERTEX_POINT('',#4537);
#4537 = CARTESIAN_POINT('',(-0.1,-2.69,-3.1));
#4538 = LINE('',#4539,#4540);
#4539 = CARTESIAN_POINT('',(-0.1,-2.84,-2.5));
#4540 = VECTOR('',#4541,1.);
#4541 = DIRECTION('',(5.662891120873E-17,0.242535625036,-0.970142500145)
  );
#4542 = ORIENTED_EDGE('',*,*,#4543,.T.);
#4543 = EDGE_CURVE('',#4536,#4544,#4546,.T.);
#4544 = VERTEX_POINT('',#4545);
#4545 = CARTESIAN_POINT('',(-0.1,-2.39,-3.1));
#4546 = LINE('',#4547,#4548);
#4547 = CARTESIAN_POINT('',(-0.1,-2.69,-3.1));
#4548 = VECTOR('',#4549,1.);
#4549 = DIRECTION('',(2.334869823773E-16,1.,0.));
#4550 = ORIENTED_EDGE('',*,*,#4551,.T.);
#4551 = EDGE_CURVE('',#4544,#4519,#4552,.T.);
#4552 = LINE('',#4553,#4554);
#4553 = CARTESIAN_POINT('',(-0.1,-2.39,-3.1));
#4554 = VECTOR('',#4555,1.);
#4555 = DIRECTION('',(5.662891120873E-17,0.242535625036,0.970142500145)
  );
#4556 = PLANE('',#4557);
#4557 = AXIS2_PLACEMENT_3D('',#4558,#4559,#4560);
#4558 = CARTESIAN_POINT('',(-0.1,-2.54,3.911477598424));
#4559 = DIRECTION('',(1.,-2.334869823773E-16,0.));
#4560 = DIRECTION('',(0.,0.,1.));
#4561 = ADVANCED_FACE('',(#4562),#4573,.T.);
#4562 = FACE_BOUND('',#4563,.T.);
#4563 = EDGE_LOOP('',(#4564,#4570,#4571,#4572));
#4564 = ORIENTED_EDGE('',*,*,#4565,.F.);
#4565 = EDGE_CURVE('',#3456,#3480,#4566,.T.);
#4566 = LINE('',#4567,#4568);
#4567 = CARTESIAN_POINT('',(0.1,-2.84,0.2));
#4568 = VECTOR('',#4569,1.);
#4569 = DIRECTION('',(-1.,2.334869823773E-16,0.));
#4570 = ORIENTED_EDGE('',*,*,#3463,.T.);
#4571 = ORIENTED_EDGE('',*,*,#3471,.T.);
#4572 = ORIENTED_EDGE('',*,*,#3479,.T.);
#4573 = PLANE('',#4574);
#4574 = AXIS2_PLACEMENT_3D('',#4575,#4576,#4577);
#4575 = CARTESIAN_POINT('',(0.1,-2.24,0.2));
#4576 = DIRECTION('',(0.,0.,-1.));
#4577 = DIRECTION('',(2.334869823773E-16,1.,0.));
#4578 = ADVANCED_FACE('',(#4579),#4620,.T.);
#4579 = FACE_BOUND('',#4580,.T.);
#4580 = EDGE_LOOP('',(#4581,#4589,#4590,#4598,#4606,#4614));
#4581 = ORIENTED_EDGE('',*,*,#4582,.T.);
#4582 = EDGE_CURVE('',#4583,#3448,#4585,.T.);
#4583 = VERTEX_POINT('',#4584);
#4584 = CARTESIAN_POINT('',(0.1,-2.24,-2.5));
#4585 = LINE('',#4586,#4587);
#4586 = CARTESIAN_POINT('',(0.1,-2.24,-2.5));
#4587 = VECTOR('',#4588,1.);
#4588 = DIRECTION('',(0.,0.,1.));
#4589 = ORIENTED_EDGE('',*,*,#3455,.F.);
#4590 = ORIENTED_EDGE('',*,*,#4591,.T.);
#4591 = EDGE_CURVE('',#3456,#4592,#4594,.T.);
#4592 = VERTEX_POINT('',#4593);
#4593 = CARTESIAN_POINT('',(0.1,-2.84,-2.5));
#4594 = LINE('',#4595,#4596);
#4595 = CARTESIAN_POINT('',(0.1,-2.84,0.2));
#4596 = VECTOR('',#4597,1.);
#4597 = DIRECTION('',(-0.,0.,-1.));
#4598 = ORIENTED_EDGE('',*,*,#4599,.T.);
#4599 = EDGE_CURVE('',#4592,#4600,#4602,.T.);
#4600 = VERTEX_POINT('',#4601);
#4601 = CARTESIAN_POINT('',(0.1,-2.69,-3.1));
#4602 = LINE('',#4603,#4604);
#4603 = CARTESIAN_POINT('',(0.1,-2.84,-2.5));
#4604 = VECTOR('',#4605,1.);
#4605 = DIRECTION('',(5.662891120873E-17,0.242535625036,-0.970142500145)
  );
#4606 = ORIENTED_EDGE('',*,*,#4607,.F.);
#4607 = EDGE_CURVE('',#4608,#4600,#4610,.T.);
#4608 = VERTEX_POINT('',#4609);
#4609 = CARTESIAN_POINT('',(0.1,-2.39,-3.1));
#4610 = LINE('',#4611,#4612);
#4611 = CARTESIAN_POINT('',(0.1,-2.39,-3.1));
#4612 = VECTOR('',#4613,1.);
#4613 = DIRECTION('',(-2.334869823773E-16,-1.,0.));
#4614 = ORIENTED_EDGE('',*,*,#4615,.T.);
#4615 = EDGE_CURVE('',#4608,#4583,#4616,.T.);
#4616 = LINE('',#4617,#4618);
#4617 = CARTESIAN_POINT('',(0.1,-2.39,-3.1));
#4618 = VECTOR('',#4619,1.);
#4619 = DIRECTION('',(5.662891120873E-17,0.242535625036,0.970142500145)
  );
#4620 = PLANE('',#4621);
#4621 = AXIS2_PLACEMENT_3D('',#4622,#4623,#4624);
#4622 = CARTESIAN_POINT('',(0.1,-2.54,3.911477598424));
#4623 = DIRECTION('',(1.,-2.334869823773E-16,0.));
#4624 = DIRECTION('',(0.,0.,1.));
#4625 = ADVANCED_FACE('',(#4626),#4637,.T.);
#4626 = FACE_BOUND('',#4627,.T.);
#4627 = EDGE_LOOP('',(#4628,#4629,#4630,#4636));
#4628 = ORIENTED_EDGE('',*,*,#3503,.F.);
#4629 = ORIENTED_EDGE('',*,*,#3513,.T.);
#4630 = ORIENTED_EDGE('',*,*,#4631,.T.);
#4631 = EDGE_CURVE('',#3514,#3554,#4632,.T.);
#4632 = LINE('',#4633,#4634);
#4633 = CARTESIAN_POINT('',(0.1,0.3,0.2));
#4634 = VECTOR('',#4635,1.);
#4635 = DIRECTION('',(-1.,2.334869823773E-16,0.));
#4636 = ORIENTED_EDGE('',*,*,#3561,.T.);
#4637 = PLANE('',#4638);
#4638 = AXIS2_PLACEMENT_3D('',#4639,#4640,#4641);
#4639 = CARTESIAN_POINT('',(0.1,0.3,0.2));
#4640 = DIRECTION('',(0.,0.,-1.));
#4641 = DIRECTION('',(2.334869823773E-16,1.,0.));
#4642 = ADVANCED_FACE('',(#4643),#4684,.F.);
#4643 = FACE_BOUND('',#4644,.F.);
#4644 = EDGE_LOOP('',(#4645,#4653,#4654,#4662,#4670,#4678));
#4645 = ORIENTED_EDGE('',*,*,#4646,.T.);
#4646 = EDGE_CURVE('',#4647,#3554,#4649,.T.);
#4647 = VERTEX_POINT('',#4648);
#4648 = CARTESIAN_POINT('',(-0.1,0.3,-2.5));
#4649 = LINE('',#4650,#4651);
#4650 = CARTESIAN_POINT('',(-0.1,0.3,-2.5));
#4651 = VECTOR('',#4652,1.);
#4652 = DIRECTION('',(0.,0.,1.));
#4653 = ORIENTED_EDGE('',*,*,#3553,.F.);
#4654 = ORIENTED_EDGE('',*,*,#4655,.T.);
#4655 = EDGE_CURVE('',#3546,#4656,#4658,.T.);
#4656 = VERTEX_POINT('',#4657);
#4657 = CARTESIAN_POINT('',(-0.1,-0.3,-2.5));
#4658 = LINE('',#4659,#4660);
#4659 = CARTESIAN_POINT('',(-0.1,-0.3,0.2));
#4660 = VECTOR('',#4661,1.);
#4661 = DIRECTION('',(-0.,0.,-1.));
#4662 = ORIENTED_EDGE('',*,*,#4663,.T.);
#4663 = EDGE_CURVE('',#4656,#4664,#4666,.T.);
#4664 = VERTEX_POINT('',#4665);
#4665 = CARTESIAN_POINT('',(-0.1,-0.15,-3.1));
#4666 = LINE('',#4667,#4668);
#4667 = CARTESIAN_POINT('',(-0.1,-0.3,-2.5));
#4668 = VECTOR('',#4669,1.);
#4669 = DIRECTION('',(5.662891120873E-17,0.242535625036,-0.970142500145)
  );
#4670 = ORIENTED_EDGE('',*,*,#4671,.T.);
#4671 = EDGE_CURVE('',#4664,#4672,#4674,.T.);
#4672 = VERTEX_POINT('',#4673);
#4673 = CARTESIAN_POINT('',(-0.1,0.15,-3.1));
#4674 = LINE('',#4675,#4676);
#4675 = CARTESIAN_POINT('',(-0.1,-0.15,-3.1));
#4676 = VECTOR('',#4677,1.);
#4677 = DIRECTION('',(2.334869823773E-16,1.,0.));
#4678 = ORIENTED_EDGE('',*,*,#4679,.T.);
#4679 = EDGE_CURVE('',#4672,#4647,#4680,.T.);
#4680 = LINE('',#4681,#4682);
#4681 = CARTESIAN_POINT('',(-0.1,0.15,-3.1));
#4682 = VECTOR('',#4683,1.);
#4683 = DIRECTION('',(5.662891120873E-17,0.242535625036,0.970142500145)
  );
#4684 = PLANE('',#4685);
#4685 = AXIS2_PLACEMENT_3D('',#4686,#4687,#4688);
#4686 = CARTESIAN_POINT('',(-0.1,1.110223024625E-17,3.911477598424));
#4687 = DIRECTION('',(1.,-2.334869823773E-16,0.));
#4688 = DIRECTION('',(0.,0.,1.));
#4689 = ADVANCED_FACE('',(#4690),#4701,.T.);
#4690 = FACE_BOUND('',#4691,.T.);
#4691 = EDGE_LOOP('',(#4692,#4698,#4699,#4700));
#4692 = ORIENTED_EDGE('',*,*,#4693,.F.);
#4693 = EDGE_CURVE('',#3522,#3546,#4694,.T.);
#4694 = LINE('',#4695,#4696);
#4695 = CARTESIAN_POINT('',(0.1,-0.3,0.2));
#4696 = VECTOR('',#4697,1.);
#4697 = DIRECTION('',(-1.,2.334869823773E-16,0.));
#4698 = ORIENTED_EDGE('',*,*,#3529,.T.);
#4699 = ORIENTED_EDGE('',*,*,#3537,.T.);
#4700 = ORIENTED_EDGE('',*,*,#3545,.T.);
#4701 = PLANE('',#4702);
#4702 = AXIS2_PLACEMENT_3D('',#4703,#4704,#4705);
#4703 = CARTESIAN_POINT('',(0.1,0.3,0.2));
#4704 = DIRECTION('',(0.,0.,-1.));
#4705 = DIRECTION('',(2.334869823773E-16,1.,0.));
#4706 = ADVANCED_FACE('',(#4707),#4748,.T.);
#4707 = FACE_BOUND('',#4708,.T.);
#4708 = EDGE_LOOP('',(#4709,#4717,#4718,#4726,#4734,#4742));
#4709 = ORIENTED_EDGE('',*,*,#4710,.T.);
#4710 = EDGE_CURVE('',#4711,#3514,#4713,.T.);
#4711 = VERTEX_POINT('',#4712);
#4712 = CARTESIAN_POINT('',(0.1,0.3,-2.5));
#4713 = LINE('',#4714,#4715);
#4714 = CARTESIAN_POINT('',(0.1,0.3,-2.5));
#4715 = VECTOR('',#4716,1.);
#4716 = DIRECTION('',(0.,0.,1.));
#4717 = ORIENTED_EDGE('',*,*,#3521,.F.);
#4718 = ORIENTED_EDGE('',*,*,#4719,.T.);
#4719 = EDGE_CURVE('',#3522,#4720,#4722,.T.);
#4720 = VERTEX_POINT('',#4721);
#4721 = CARTESIAN_POINT('',(0.1,-0.3,-2.5));
#4722 = LINE('',#4723,#4724);
#4723 = CARTESIAN_POINT('',(0.1,-0.3,0.2));
#4724 = VECTOR('',#4725,1.);
#4725 = DIRECTION('',(-0.,0.,-1.));
#4726 = ORIENTED_EDGE('',*,*,#4727,.T.);
#4727 = EDGE_CURVE('',#4720,#4728,#4730,.T.);
#4728 = VERTEX_POINT('',#4729);
#4729 = CARTESIAN_POINT('',(0.1,-0.15,-3.1));
#4730 = LINE('',#4731,#4732);
#4731 = CARTESIAN_POINT('',(0.1,-0.3,-2.5));
#4732 = VECTOR('',#4733,1.);
#4733 = DIRECTION('',(5.662891120873E-17,0.242535625036,-0.970142500145)
  );
#4734 = ORIENTED_EDGE('',*,*,#4735,.F.);
#4735 = EDGE_CURVE('',#4736,#4728,#4738,.T.);
#4736 = VERTEX_POINT('',#4737);
#4737 = CARTESIAN_POINT('',(0.1,0.15,-3.1));
#4738 = LINE('',#4739,#4740);
#4739 = CARTESIAN_POINT('',(0.1,0.15,-3.1));
#4740 = VECTOR('',#4741,1.);
#4741 = DIRECTION('',(-2.334869823773E-16,-1.,0.));
#4742 = ORIENTED_EDGE('',*,*,#4743,.T.);
#4743 = EDGE_CURVE('',#4736,#4711,#4744,.T.);
#4744 = LINE('',#4745,#4746);
#4745 = CARTESIAN_POINT('',(0.1,0.15,-3.1));
#4746 = VECTOR('',#4747,1.);
#4747 = DIRECTION('',(5.662891120873E-17,0.242535625036,0.970142500145)
  );
#4748 = PLANE('',#4749);
#4749 = AXIS2_PLACEMENT_3D('',#4750,#4751,#4752);
#4750 = CARTESIAN_POINT('',(0.1,-1.110223024625E-17,3.911477598424));
#4751 = DIRECTION('',(1.,-2.334869823773E-16,0.));
#4752 = DIRECTION('',(0.,0.,1.));
#4753 = ADVANCED_FACE('',(#4754),#4765,.T.);
#4754 = FACE_BOUND('',#4755,.T.);
#4755 = EDGE_LOOP('',(#4756,#4757,#4758,#4764));
#4756 = ORIENTED_EDGE('',*,*,#3569,.F.);
#4757 = ORIENTED_EDGE('',*,*,#3579,.T.);
#4758 = ORIENTED_EDGE('',*,*,#4759,.T.);
#4759 = EDGE_CURVE('',#3580,#3620,#4760,.T.);
#4760 = LINE('',#4761,#4762);
#4761 = CARTESIAN_POINT('',(-2.64,-5.38,0.2));
#4762 = VECTOR('',#4763,1.);
#4763 = DIRECTION('',(1.,-1.110223024625E-16,0.));
#4764 = ORIENTED_EDGE('',*,*,#3627,.T.);
#4765 = PLANE('',#4766);
#4766 = AXIS2_PLACEMENT_3D('',#4767,#4768,#4769);
#4767 = CARTESIAN_POINT('',(-2.64,-5.38,0.2));
#4768 = DIRECTION('',(0.,-0.,-1.));
#4769 = DIRECTION('',(-1.110223024625E-16,-1.,0.));
#4770 = ADVANCED_FACE('',(#4771),#4812,.F.);
#4771 = FACE_BOUND('',#4772,.F.);
#4772 = EDGE_LOOP('',(#4773,#4781,#4782,#4790,#4798,#4806));
#4773 = ORIENTED_EDGE('',*,*,#4774,.T.);
#4774 = EDGE_CURVE('',#4775,#3620,#4777,.T.);
#4775 = VERTEX_POINT('',#4776);
#4776 = CARTESIAN_POINT('',(-2.44,-5.38,-2.5));
#4777 = LINE('',#4778,#4779);
#4778 = CARTESIAN_POINT('',(-2.44,-5.38,-2.5));
#4779 = VECTOR('',#4780,1.);
#4780 = DIRECTION('',(0.,0.,1.));
#4781 = ORIENTED_EDGE('',*,*,#3619,.F.);
#4782 = ORIENTED_EDGE('',*,*,#4783,.T.);
#4783 = EDGE_CURVE('',#3612,#4784,#4786,.T.);
#4784 = VERTEX_POINT('',#4785);
#4785 = CARTESIAN_POINT('',(-2.44,-4.78,-2.5));
#4786 = LINE('',#4787,#4788);
#4787 = CARTESIAN_POINT('',(-2.44,-4.78,0.2));
#4788 = VECTOR('',#4789,1.);
#4789 = DIRECTION('',(0.,0.,-1.));
#4790 = ORIENTED_EDGE('',*,*,#4791,.T.);
#4791 = EDGE_CURVE('',#4784,#4792,#4794,.T.);
#4792 = VERTEX_POINT('',#4793);
#4793 = CARTESIAN_POINT('',(-2.44,-4.93,-3.1));
#4794 = LINE('',#4795,#4796);
#4795 = CARTESIAN_POINT('',(-2.44,-4.78,-2.5));
#4796 = VECTOR('',#4797,1.);
#4797 = DIRECTION('',(-2.692686352073E-17,-0.242535625036,
    -0.970142500145));
#4798 = ORIENTED_EDGE('',*,*,#4799,.T.);
#4799 = EDGE_CURVE('',#4792,#4800,#4802,.T.);
#4800 = VERTEX_POINT('',#4801);
#4801 = CARTESIAN_POINT('',(-2.44,-5.23,-3.1));
#4802 = LINE('',#4803,#4804);
#4803 = CARTESIAN_POINT('',(-2.44,-4.93,-3.1));
#4804 = VECTOR('',#4805,1.);
#4805 = DIRECTION('',(-1.110223024625E-16,-1.,0.));
#4806 = ORIENTED_EDGE('',*,*,#4807,.T.);
#4807 = EDGE_CURVE('',#4800,#4775,#4808,.T.);
#4808 = LINE('',#4809,#4810);
#4809 = CARTESIAN_POINT('',(-2.44,-5.23,-3.1));
#4810 = VECTOR('',#4811,1.);
#4811 = DIRECTION('',(-2.692686352073E-17,-0.242535625036,0.970142500145
    ));
#4812 = PLANE('',#4813);
#4813 = AXIS2_PLACEMENT_3D('',#4814,#4815,#4816);
#4814 = CARTESIAN_POINT('',(-2.44,-5.08,3.911477598424));
#4815 = DIRECTION('',(-1.,1.110223024625E-16,0.));
#4816 = DIRECTION('',(0.,0.,1.));
#4817 = ADVANCED_FACE('',(#4818),#4829,.T.);
#4818 = FACE_BOUND('',#4819,.T.);
#4819 = EDGE_LOOP('',(#4820,#4826,#4827,#4828));
#4820 = ORIENTED_EDGE('',*,*,#4821,.F.);
#4821 = EDGE_CURVE('',#3588,#3612,#4822,.T.);
#4822 = LINE('',#4823,#4824);
#4823 = CARTESIAN_POINT('',(-2.64,-4.78,0.2));
#4824 = VECTOR('',#4825,1.);
#4825 = DIRECTION('',(1.,-1.110223024625E-16,0.));
#4826 = ORIENTED_EDGE('',*,*,#3595,.T.);
#4827 = ORIENTED_EDGE('',*,*,#3603,.T.);
#4828 = ORIENTED_EDGE('',*,*,#3611,.T.);
#4829 = PLANE('',#4830);
#4830 = AXIS2_PLACEMENT_3D('',#4831,#4832,#4833);
#4831 = CARTESIAN_POINT('',(-2.64,-5.38,0.2));
#4832 = DIRECTION('',(0.,-0.,-1.));
#4833 = DIRECTION('',(-1.110223024625E-16,-1.,0.));
#4834 = ADVANCED_FACE('',(#4835),#4876,.T.);
#4835 = FACE_BOUND('',#4836,.T.);
#4836 = EDGE_LOOP('',(#4837,#4845,#4846,#4854,#4862,#4870));
#4837 = ORIENTED_EDGE('',*,*,#4838,.T.);
#4838 = EDGE_CURVE('',#4839,#3580,#4841,.T.);
#4839 = VERTEX_POINT('',#4840);
#4840 = CARTESIAN_POINT('',(-2.64,-5.38,-2.5));
#4841 = LINE('',#4842,#4843);
#4842 = CARTESIAN_POINT('',(-2.64,-5.38,-2.5));
#4843 = VECTOR('',#4844,1.);
#4844 = DIRECTION('',(0.,0.,1.));
#4845 = ORIENTED_EDGE('',*,*,#3587,.F.);
#4846 = ORIENTED_EDGE('',*,*,#4847,.T.);
#4847 = EDGE_CURVE('',#3588,#4848,#4850,.T.);
#4848 = VERTEX_POINT('',#4849);
#4849 = CARTESIAN_POINT('',(-2.64,-4.78,-2.5));
#4850 = LINE('',#4851,#4852);
#4851 = CARTESIAN_POINT('',(-2.64,-4.78,0.2));
#4852 = VECTOR('',#4853,1.);
#4853 = DIRECTION('',(0.,0.,-1.));
#4854 = ORIENTED_EDGE('',*,*,#4855,.T.);
#4855 = EDGE_CURVE('',#4848,#4856,#4858,.T.);
#4856 = VERTEX_POINT('',#4857);
#4857 = CARTESIAN_POINT('',(-2.64,-4.93,-3.1));
#4858 = LINE('',#4859,#4860);
#4859 = CARTESIAN_POINT('',(-2.64,-4.78,-2.5));
#4860 = VECTOR('',#4861,1.);
#4861 = DIRECTION('',(-2.692686352073E-17,-0.242535625036,
    -0.970142500145));
#4862 = ORIENTED_EDGE('',*,*,#4863,.F.);
#4863 = EDGE_CURVE('',#4864,#4856,#4866,.T.);
#4864 = VERTEX_POINT('',#4865);
#4865 = CARTESIAN_POINT('',(-2.64,-5.23,-3.1));
#4866 = LINE('',#4867,#4868);
#4867 = CARTESIAN_POINT('',(-2.64,-5.23,-3.1));
#4868 = VECTOR('',#4869,1.);
#4869 = DIRECTION('',(1.110223024625E-16,1.,0.));
#4870 = ORIENTED_EDGE('',*,*,#4871,.T.);
#4871 = EDGE_CURVE('',#4864,#4839,#4872,.T.);
#4872 = LINE('',#4873,#4874);
#4873 = CARTESIAN_POINT('',(-2.64,-5.23,-3.1));
#4874 = VECTOR('',#4875,1.);
#4875 = DIRECTION('',(-2.692686352073E-17,-0.242535625036,0.970142500145
    ));
#4876 = PLANE('',#4877);
#4877 = AXIS2_PLACEMENT_3D('',#4878,#4879,#4880);
#4878 = CARTESIAN_POINT('',(-2.64,-5.08,3.911477598424));
#4879 = DIRECTION('',(-1.,1.110223024625E-16,0.));
#4880 = DIRECTION('',(0.,0.,1.));
#4881 = ADVANCED_FACE('',(#4882),#4893,.T.);
#4882 = FACE_BOUND('',#4883,.T.);
#4883 = EDGE_LOOP('',(#4884,#4885,#4886,#4892));
#4884 = ORIENTED_EDGE('',*,*,#3635,.F.);
#4885 = ORIENTED_EDGE('',*,*,#3645,.T.);
#4886 = ORIENTED_EDGE('',*,*,#4887,.T.);
#4887 = EDGE_CURVE('',#3646,#3686,#4888,.T.);
#4888 = LINE('',#4889,#4890);
#4889 = CARTESIAN_POINT('',(-2.64,-2.84,0.2));
#4890 = VECTOR('',#4891,1.);
#4891 = DIRECTION('',(1.,-1.110223024625E-16,0.));
#4892 = ORIENTED_EDGE('',*,*,#3693,.T.);
#4893 = PLANE('',#4894);
#4894 = AXIS2_PLACEMENT_3D('',#4895,#4896,#4897);
#4895 = CARTESIAN_POINT('',(-2.64,-2.84,0.2));
#4896 = DIRECTION('',(0.,-0.,-1.));
#4897 = DIRECTION('',(-1.110223024625E-16,-1.,0.));
#4898 = ADVANCED_FACE('',(#4899),#4940,.F.);
#4899 = FACE_BOUND('',#4900,.F.);
#4900 = EDGE_LOOP('',(#4901,#4909,#4910,#4918,#4926,#4934));
#4901 = ORIENTED_EDGE('',*,*,#4902,.T.);
#4902 = EDGE_CURVE('',#4903,#3686,#4905,.T.);
#4903 = VERTEX_POINT('',#4904);
#4904 = CARTESIAN_POINT('',(-2.44,-2.84,-2.5));
#4905 = LINE('',#4906,#4907);
#4906 = CARTESIAN_POINT('',(-2.44,-2.84,-2.5));
#4907 = VECTOR('',#4908,1.);
#4908 = DIRECTION('',(0.,0.,1.));
#4909 = ORIENTED_EDGE('',*,*,#3685,.F.);
#4910 = ORIENTED_EDGE('',*,*,#4911,.T.);
#4911 = EDGE_CURVE('',#3678,#4912,#4914,.T.);
#4912 = VERTEX_POINT('',#4913);
#4913 = CARTESIAN_POINT('',(-2.44,-2.24,-2.5));
#4914 = LINE('',#4915,#4916);
#4915 = CARTESIAN_POINT('',(-2.44,-2.24,0.2));
#4916 = VECTOR('',#4917,1.);
#4917 = DIRECTION('',(0.,0.,-1.));
#4918 = ORIENTED_EDGE('',*,*,#4919,.T.);
#4919 = EDGE_CURVE('',#4912,#4920,#4922,.T.);
#4920 = VERTEX_POINT('',#4921);
#4921 = CARTESIAN_POINT('',(-2.44,-2.39,-3.1));
#4922 = LINE('',#4923,#4924);
#4923 = CARTESIAN_POINT('',(-2.44,-2.24,-2.5));
#4924 = VECTOR('',#4925,1.);
#4925 = DIRECTION('',(-2.692686352073E-17,-0.242535625036,
    -0.970142500145));
#4926 = ORIENTED_EDGE('',*,*,#4927,.T.);
#4927 = EDGE_CURVE('',#4920,#4928,#4930,.T.);
#4928 = VERTEX_POINT('',#4929);
#4929 = CARTESIAN_POINT('',(-2.44,-2.69,-3.1));
#4930 = LINE('',#4931,#4932);
#4931 = CARTESIAN_POINT('',(-2.44,-2.39,-3.1));
#4932 = VECTOR('',#4933,1.);
#4933 = DIRECTION('',(-1.110223024625E-16,-1.,0.));
#4934 = ORIENTED_EDGE('',*,*,#4935,.T.);
#4935 = EDGE_CURVE('',#4928,#4903,#4936,.T.);
#4936 = LINE('',#4937,#4938);
#4937 = CARTESIAN_POINT('',(-2.44,-2.69,-3.1));
#4938 = VECTOR('',#4939,1.);
#4939 = DIRECTION('',(-2.692686352073E-17,-0.242535625036,0.970142500145
    ));
#4940 = PLANE('',#4941);
#4941 = AXIS2_PLACEMENT_3D('',#4942,#4943,#4944);
#4942 = CARTESIAN_POINT('',(-2.44,-2.54,3.911477598424));
#4943 = DIRECTION('',(-1.,1.110223024625E-16,0.));
#4944 = DIRECTION('',(0.,0.,1.));
#4945 = ADVANCED_FACE('',(#4946),#4957,.T.);
#4946 = FACE_BOUND('',#4947,.T.);
#4947 = EDGE_LOOP('',(#4948,#4954,#4955,#4956));
#4948 = ORIENTED_EDGE('',*,*,#4949,.F.);
#4949 = EDGE_CURVE('',#3654,#3678,#4950,.T.);
#4950 = LINE('',#4951,#4952);
#4951 = CARTESIAN_POINT('',(-2.64,-2.24,0.2));
#4952 = VECTOR('',#4953,1.);
#4953 = DIRECTION('',(1.,-1.110223024625E-16,0.));
#4954 = ORIENTED_EDGE('',*,*,#3661,.T.);
#4955 = ORIENTED_EDGE('',*,*,#3669,.T.);
#4956 = ORIENTED_EDGE('',*,*,#3677,.T.);
#4957 = PLANE('',#4958);
#4958 = AXIS2_PLACEMENT_3D('',#4959,#4960,#4961);
#4959 = CARTESIAN_POINT('',(-2.64,-2.84,0.2));
#4960 = DIRECTION('',(0.,-0.,-1.));
#4961 = DIRECTION('',(-1.110223024625E-16,-1.,0.));
#4962 = ADVANCED_FACE('',(#4963),#5004,.T.);
#4963 = FACE_BOUND('',#4964,.T.);
#4964 = EDGE_LOOP('',(#4965,#4973,#4974,#4982,#4990,#4998));
#4965 = ORIENTED_EDGE('',*,*,#4966,.T.);
#4966 = EDGE_CURVE('',#4967,#3646,#4969,.T.);
#4967 = VERTEX_POINT('',#4968);
#4968 = CARTESIAN_POINT('',(-2.64,-2.84,-2.5));
#4969 = LINE('',#4970,#4971);
#4970 = CARTESIAN_POINT('',(-2.64,-2.84,-2.5));
#4971 = VECTOR('',#4972,1.);
#4972 = DIRECTION('',(0.,0.,1.));
#4973 = ORIENTED_EDGE('',*,*,#3653,.F.);
#4974 = ORIENTED_EDGE('',*,*,#4975,.T.);
#4975 = EDGE_CURVE('',#3654,#4976,#4978,.T.);
#4976 = VERTEX_POINT('',#4977);
#4977 = CARTESIAN_POINT('',(-2.64,-2.24,-2.5));
#4978 = LINE('',#4979,#4980);
#4979 = CARTESIAN_POINT('',(-2.64,-2.24,0.2));
#4980 = VECTOR('',#4981,1.);
#4981 = DIRECTION('',(0.,0.,-1.));
#4982 = ORIENTED_EDGE('',*,*,#4983,.T.);
#4983 = EDGE_CURVE('',#4976,#4984,#4986,.T.);
#4984 = VERTEX_POINT('',#4985);
#4985 = CARTESIAN_POINT('',(-2.64,-2.39,-3.1));
#4986 = LINE('',#4987,#4988);
#4987 = CARTESIAN_POINT('',(-2.64,-2.24,-2.5));
#4988 = VECTOR('',#4989,1.);
#4989 = DIRECTION('',(-2.692686352073E-17,-0.242535625036,
    -0.970142500145));
#4990 = ORIENTED_EDGE('',*,*,#4991,.F.);
#4991 = EDGE_CURVE('',#4992,#4984,#4994,.T.);
#4992 = VERTEX_POINT('',#4993);
#4993 = CARTESIAN_POINT('',(-2.64,-2.69,-3.1));
#4994 = LINE('',#4995,#4996);
#4995 = CARTESIAN_POINT('',(-2.64,-2.69,-3.1));
#4996 = VECTOR('',#4997,1.);
#4997 = DIRECTION('',(1.110223024625E-16,1.,0.));
#4998 = ORIENTED_EDGE('',*,*,#4999,.T.);
#4999 = EDGE_CURVE('',#4992,#4967,#5000,.T.);
#5000 = LINE('',#5001,#5002);
#5001 = CARTESIAN_POINT('',(-2.64,-2.69,-3.1));
#5002 = VECTOR('',#5003,1.);
#5003 = DIRECTION('',(-2.692686352073E-17,-0.242535625036,0.970142500145
    ));
#5004 = PLANE('',#5005);
#5005 = AXIS2_PLACEMENT_3D('',#5006,#5007,#5008);
#5006 = CARTESIAN_POINT('',(-2.64,-2.54,3.911477598424));
#5007 = DIRECTION('',(-1.,1.110223024625E-16,0.));
#5008 = DIRECTION('',(0.,0.,1.));
#5009 = ADVANCED_FACE('',(#5010),#5021,.T.);
#5010 = FACE_BOUND('',#5011,.T.);
#5011 = EDGE_LOOP('',(#5012,#5013,#5014,#5020));
#5012 = ORIENTED_EDGE('',*,*,#3701,.F.);
#5013 = ORIENTED_EDGE('',*,*,#3711,.T.);
#5014 = ORIENTED_EDGE('',*,*,#5015,.T.);
#5015 = EDGE_CURVE('',#3712,#3752,#5016,.T.);
#5016 = LINE('',#5017,#5018);
#5017 = CARTESIAN_POINT('',(-2.64,-0.3,0.2));
#5018 = VECTOR('',#5019,1.);
#5019 = DIRECTION('',(1.,-1.110223024625E-16,0.));
#5020 = ORIENTED_EDGE('',*,*,#3759,.T.);
#5021 = PLANE('',#5022);
#5022 = AXIS2_PLACEMENT_3D('',#5023,#5024,#5025);
#5023 = CARTESIAN_POINT('',(-2.64,-0.3,0.2));
#5024 = DIRECTION('',(0.,-0.,-1.));
#5025 = DIRECTION('',(-1.110223024625E-16,-1.,0.));
#5026 = ADVANCED_FACE('',(#5027),#5068,.F.);
#5027 = FACE_BOUND('',#5028,.F.);
#5028 = EDGE_LOOP('',(#5029,#5037,#5038,#5046,#5054,#5062));
#5029 = ORIENTED_EDGE('',*,*,#5030,.T.);
#5030 = EDGE_CURVE('',#5031,#3752,#5033,.T.);
#5031 = VERTEX_POINT('',#5032);
#5032 = CARTESIAN_POINT('',(-2.44,-0.3,-2.5));
#5033 = LINE('',#5034,#5035);
#5034 = CARTESIAN_POINT('',(-2.44,-0.3,-2.5));
#5035 = VECTOR('',#5036,1.);
#5036 = DIRECTION('',(0.,0.,1.));
#5037 = ORIENTED_EDGE('',*,*,#3751,.F.);
#5038 = ORIENTED_EDGE('',*,*,#5039,.T.);
#5039 = EDGE_CURVE('',#3744,#5040,#5042,.T.);
#5040 = VERTEX_POINT('',#5041);
#5041 = CARTESIAN_POINT('',(-2.44,0.3,-2.5));
#5042 = LINE('',#5043,#5044);
#5043 = CARTESIAN_POINT('',(-2.44,0.3,0.2));
#5044 = VECTOR('',#5045,1.);
#5045 = DIRECTION('',(0.,0.,-1.));
#5046 = ORIENTED_EDGE('',*,*,#5047,.T.);
#5047 = EDGE_CURVE('',#5040,#5048,#5050,.T.);
#5048 = VERTEX_POINT('',#5049);
#5049 = CARTESIAN_POINT('',(-2.44,0.15,-3.1));
#5050 = LINE('',#5051,#5052);
#5051 = CARTESIAN_POINT('',(-2.44,0.3,-2.5));
#5052 = VECTOR('',#5053,1.);
#5053 = DIRECTION('',(-2.692686352073E-17,-0.242535625036,
    -0.970142500145));
#5054 = ORIENTED_EDGE('',*,*,#5055,.T.);
#5055 = EDGE_CURVE('',#5048,#5056,#5058,.T.);
#5056 = VERTEX_POINT('',#5057);
#5057 = CARTESIAN_POINT('',(-2.44,-0.15,-3.1));
#5058 = LINE('',#5059,#5060);
#5059 = CARTESIAN_POINT('',(-2.44,0.15,-3.1));
#5060 = VECTOR('',#5061,1.);
#5061 = DIRECTION('',(-1.110223024625E-16,-1.,0.));
#5062 = ORIENTED_EDGE('',*,*,#5063,.T.);
#5063 = EDGE_CURVE('',#5056,#5031,#5064,.T.);
#5064 = LINE('',#5065,#5066);
#5065 = CARTESIAN_POINT('',(-2.44,-0.15,-3.1));
#5066 = VECTOR('',#5067,1.);
#5067 = DIRECTION('',(-2.692686352073E-17,-0.242535625036,0.970142500145
    ));
#5068 = PLANE('',#5069);
#5069 = AXIS2_PLACEMENT_3D('',#5070,#5071,#5072);
#5070 = CARTESIAN_POINT('',(-2.44,2.708944180085E-16,3.911477598424));
#5071 = DIRECTION('',(-1.,1.110223024625E-16,0.));
#5072 = DIRECTION('',(0.,0.,1.));
#5073 = ADVANCED_FACE('',(#5074),#5085,.T.);
#5074 = FACE_BOUND('',#5075,.T.);
#5075 = EDGE_LOOP('',(#5076,#5082,#5083,#5084));
#5076 = ORIENTED_EDGE('',*,*,#5077,.F.);
#5077 = EDGE_CURVE('',#3720,#3744,#5078,.T.);
#5078 = LINE('',#5079,#5080);
#5079 = CARTESIAN_POINT('',(-2.64,0.3,0.2));
#5080 = VECTOR('',#5081,1.);
#5081 = DIRECTION('',(1.,-1.110223024625E-16,0.));
#5082 = ORIENTED_EDGE('',*,*,#3727,.T.);
#5083 = ORIENTED_EDGE('',*,*,#3735,.T.);
#5084 = ORIENTED_EDGE('',*,*,#3743,.T.);
#5085 = PLANE('',#5086);
#5086 = AXIS2_PLACEMENT_3D('',#5087,#5088,#5089);
#5087 = CARTESIAN_POINT('',(-2.64,-0.3,0.2));
#5088 = DIRECTION('',(0.,-0.,-1.));
#5089 = DIRECTION('',(-1.110223024625E-16,-1.,0.));
#5090 = ADVANCED_FACE('',(#5091),#5132,.T.);
#5091 = FACE_BOUND('',#5092,.T.);
#5092 = EDGE_LOOP('',(#5093,#5101,#5102,#5110,#5118,#5126));
#5093 = ORIENTED_EDGE('',*,*,#5094,.T.);
#5094 = EDGE_CURVE('',#5095,#3712,#5097,.T.);
#5095 = VERTEX_POINT('',#5096);
#5096 = CARTESIAN_POINT('',(-2.64,-0.3,-2.5));
#5097 = LINE('',#5098,#5099);
#5098 = CARTESIAN_POINT('',(-2.64,-0.3,-2.5));
#5099 = VECTOR('',#5100,1.);
#5100 = DIRECTION('',(0.,0.,1.));
#5101 = ORIENTED_EDGE('',*,*,#3719,.F.);
#5102 = ORIENTED_EDGE('',*,*,#5103,.T.);
#5103 = EDGE_CURVE('',#3720,#5104,#5106,.T.);
#5104 = VERTEX_POINT('',#5105);
#5105 = CARTESIAN_POINT('',(-2.64,0.3,-2.5));
#5106 = LINE('',#5107,#5108);
#5107 = CARTESIAN_POINT('',(-2.64,0.3,0.2));
#5108 = VECTOR('',#5109,1.);
#5109 = DIRECTION('',(0.,0.,-1.));
#5110 = ORIENTED_EDGE('',*,*,#5111,.T.);
#5111 = EDGE_CURVE('',#5104,#5112,#5114,.T.);
#5112 = VERTEX_POINT('',#5113);
#5113 = CARTESIAN_POINT('',(-2.64,0.15,-3.1));
#5114 = LINE('',#5115,#5116);
#5115 = CARTESIAN_POINT('',(-2.64,0.3,-2.5));
#5116 = VECTOR('',#5117,1.);
#5117 = DIRECTION('',(-2.692686352073E-17,-0.242535625036,
    -0.970142500145));
#5118 = ORIENTED_EDGE('',*,*,#5119,.F.);
#5119 = EDGE_CURVE('',#5120,#5112,#5122,.T.);
#5120 = VERTEX_POINT('',#5121);
#5121 = CARTESIAN_POINT('',(-2.64,-0.15,-3.1));
#5122 = LINE('',#5123,#5124);
#5123 = CARTESIAN_POINT('',(-2.64,-0.15,-3.1));
#5124 = VECTOR('',#5125,1.);
#5125 = DIRECTION('',(1.110223024625E-16,1.,0.));
#5126 = ORIENTED_EDGE('',*,*,#5127,.T.);
#5127 = EDGE_CURVE('',#5120,#5095,#5128,.T.);
#5128 = LINE('',#5129,#5130);
#5129 = CARTESIAN_POINT('',(-2.64,-0.15,-3.1));
#5130 = VECTOR('',#5131,1.);
#5131 = DIRECTION('',(-2.692686352073E-17,-0.242535625036,0.970142500145
    ));
#5132 = PLANE('',#5133);
#5133 = AXIS2_PLACEMENT_3D('',#5134,#5135,#5136);
#5134 = CARTESIAN_POINT('',(-2.64,2.93098878501E-16,3.911477598424));
#5135 = DIRECTION('',(-1.,1.110223024625E-16,0.));
#5136 = DIRECTION('',(0.,0.,1.));
#5137 = ADVANCED_FACE('',(#5138),#5163,.F.);
#5138 = FACE_BOUND('',#5139,.F.);
#5139 = EDGE_LOOP('',(#5140,#5148,#5156,#5162));
#5140 = ORIENTED_EDGE('',*,*,#5141,.T.);
#5141 = EDGE_CURVE('',#3798,#5142,#5144,.T.);
#5142 = VERTEX_POINT('',#5143);
#5143 = CARTESIAN_POINT('',(-0.3,-4.78,0.9));
#5144 = LINE('',#5145,#5146);
#5145 = CARTESIAN_POINT('',(-0.3,-4.78,8.2));
#5146 = VECTOR('',#5147,1.);
#5147 = DIRECTION('',(0.,0.,-1.));
#5148 = ORIENTED_EDGE('',*,*,#5149,.T.);
#5149 = EDGE_CURVE('',#5142,#5150,#5152,.T.);
#5150 = VERTEX_POINT('',#5151);
#5151 = CARTESIAN_POINT('',(-0.3,-5.38,0.9));
#5152 = LINE('',#5153,#5154);
#5153 = CARTESIAN_POINT('',(-0.3,-4.78,0.9));
#5154 = VECTOR('',#5155,1.);
#5155 = DIRECTION('',(-2.334869823773E-16,-1.,0.));
#5156 = ORIENTED_EDGE('',*,*,#5157,.F.);
#5157 = EDGE_CURVE('',#3807,#5150,#5158,.T.);
#5158 = LINE('',#5159,#5160);
#5159 = CARTESIAN_POINT('',(-0.3,-5.38,8.2));
#5160 = VECTOR('',#5161,1.);
#5161 = DIRECTION('',(0.,0.,-1.));
#5162 = ORIENTED_EDGE('',*,*,#3814,.F.);
#5163 = PLANE('',#5164);
#5164 = AXIS2_PLACEMENT_3D('',#5165,#5166,#5167);
#5165 = CARTESIAN_POINT('',(-0.3,-4.78,8.2));
#5166 = DIRECTION('',(-1.,2.334869823773E-16,0.));
#5167 = DIRECTION('',(-2.334869823773E-16,-1.,0.));
#5168 = ADVANCED_FACE('',(#5169),#5219,.F.);
#5169 = FACE_BOUND('',#5170,.F.);
#5170 = EDGE_LOOP('',(#5171,#5172,#5173,#5181,#5189,#5197,#5205,#5213));
#5171 = ORIENTED_EDGE('',*,*,#3838,.F.);
#5172 = ORIENTED_EDGE('',*,*,#5157,.T.);
#5173 = ORIENTED_EDGE('',*,*,#5174,.T.);
#5174 = EDGE_CURVE('',#5150,#5175,#5177,.T.);
#5175 = VERTEX_POINT('',#5176);
#5176 = CARTESIAN_POINT('',(-0.1,-5.38,0.9));
#5177 = LINE('',#5178,#5179);
#5178 = CARTESIAN_POINT('',(-0.3,-5.38,0.9));
#5179 = VECTOR('',#5180,1.);
#5180 = DIRECTION('',(1.,-2.334869823773E-16,0.));
#5181 = ORIENTED_EDGE('',*,*,#5182,.T.);
#5182 = EDGE_CURVE('',#5175,#5183,#5185,.T.);
#5183 = VERTEX_POINT('',#5184);
#5184 = CARTESIAN_POINT('',(-0.1,-5.38,7.4));
#5185 = LINE('',#5186,#5187);
#5186 = CARTESIAN_POINT('',(-0.1,-5.38,6.055738799212));
#5187 = VECTOR('',#5188,1.);
#5188 = DIRECTION('',(0.,0.,1.));
#5189 = ORIENTED_EDGE('',*,*,#5190,.F.);
#5190 = EDGE_CURVE('',#5191,#5183,#5193,.T.);
#5191 = VERTEX_POINT('',#5192);
#5192 = CARTESIAN_POINT('',(0.1,-5.38,7.4));
#5193 = LINE('',#5194,#5195);
#5194 = CARTESIAN_POINT('',(0.1,-5.38,7.4));
#5195 = VECTOR('',#5196,1.);
#5196 = DIRECTION('',(-1.,2.334869823773E-16,0.));
#5197 = ORIENTED_EDGE('',*,*,#5198,.F.);
#5198 = EDGE_CURVE('',#5199,#5191,#5201,.T.);
#5199 = VERTEX_POINT('',#5200);
#5200 = CARTESIAN_POINT('',(0.1,-5.38,0.9));
#5201 = LINE('',#5202,#5203);
#5202 = CARTESIAN_POINT('',(0.1,-5.38,6.055738799212));
#5203 = VECTOR('',#5204,1.);
#5204 = DIRECTION('',(0.,0.,1.));
#5205 = ORIENTED_EDGE('',*,*,#5206,.T.);
#5206 = EDGE_CURVE('',#5199,#5207,#5209,.T.);
#5207 = VERTEX_POINT('',#5208);
#5208 = CARTESIAN_POINT('',(0.3,-5.38,0.9));
#5209 = LINE('',#5210,#5211);
#5210 = CARTESIAN_POINT('',(-0.3,-5.38,0.9));
#5211 = VECTOR('',#5212,1.);
#5212 = DIRECTION('',(1.,-2.334869823773E-16,0.));
#5213 = ORIENTED_EDGE('',*,*,#5214,.F.);
#5214 = EDGE_CURVE('',#3831,#5207,#5215,.T.);
#5215 = LINE('',#5216,#5217);
#5216 = CARTESIAN_POINT('',(0.3,-5.38,8.2));
#5217 = VECTOR('',#5218,1.);
#5218 = DIRECTION('',(0.,0.,-1.));
#5219 = PLANE('',#5220);
#5220 = AXIS2_PLACEMENT_3D('',#5221,#5222,#5223);
#5221 = CARTESIAN_POINT('',(-0.3,-5.38,8.2));
#5222 = DIRECTION('',(-2.334869823773E-16,-1.,0.));
#5223 = DIRECTION('',(1.,-2.334869823773E-16,0.));
#5224 = ADVANCED_FACE('',(#5225),#5243,.F.);
#5225 = FACE_BOUND('',#5226,.F.);
#5226 = EDGE_LOOP('',(#5227,#5228,#5236,#5242));
#5227 = ORIENTED_EDGE('',*,*,#5214,.T.);
#5228 = ORIENTED_EDGE('',*,*,#5229,.T.);
#5229 = EDGE_CURVE('',#5207,#5230,#5232,.T.);
#5230 = VERTEX_POINT('',#5231);
#5231 = CARTESIAN_POINT('',(0.3,-4.78,0.9));
#5232 = LINE('',#5233,#5234);
#5233 = CARTESIAN_POINT('',(0.3,-5.38,0.9));
#5234 = VECTOR('',#5235,1.);
#5235 = DIRECTION('',(2.334869823773E-16,1.,0.));
#5236 = ORIENTED_EDGE('',*,*,#5237,.F.);
#5237 = EDGE_CURVE('',#3855,#5230,#5238,.T.);
#5238 = LINE('',#5239,#5240);
#5239 = CARTESIAN_POINT('',(0.3,-4.78,8.2));
#5240 = VECTOR('',#5241,1.);
#5241 = DIRECTION('',(0.,0.,-1.));
#5242 = ORIENTED_EDGE('',*,*,#3862,.F.);
#5243 = PLANE('',#5244);
#5244 = AXIS2_PLACEMENT_3D('',#5245,#5246,#5247);
#5245 = CARTESIAN_POINT('',(0.3,-5.38,8.2));
#5246 = DIRECTION('',(1.,-2.334869823773E-16,0.));
#5247 = DIRECTION('',(2.334869823773E-16,1.,0.));
#5248 = ADVANCED_FACE('',(#5249),#5292,.F.);
#5249 = FACE_BOUND('',#5250,.F.);
#5250 = EDGE_LOOP('',(#5251,#5252,#5253,#5261,#5269,#5277,#5285,#5291));
#5251 = ORIENTED_EDGE('',*,*,#3879,.F.);
#5252 = ORIENTED_EDGE('',*,*,#5237,.T.);
#5253 = ORIENTED_EDGE('',*,*,#5254,.T.);
#5254 = EDGE_CURVE('',#5230,#5255,#5257,.T.);
#5255 = VERTEX_POINT('',#5256);
#5256 = CARTESIAN_POINT('',(0.1,-4.78,0.9));
#5257 = LINE('',#5258,#5259);
#5258 = CARTESIAN_POINT('',(0.3,-4.78,0.9));
#5259 = VECTOR('',#5260,1.);
#5260 = DIRECTION('',(-1.,2.334869823773E-16,0.));
#5261 = ORIENTED_EDGE('',*,*,#5262,.F.);
#5262 = EDGE_CURVE('',#5263,#5255,#5265,.T.);
#5263 = VERTEX_POINT('',#5264);
#5264 = CARTESIAN_POINT('',(0.1,-4.78,7.4));
#5265 = LINE('',#5266,#5267);
#5266 = CARTESIAN_POINT('',(0.1,-4.78,6.055738799212));
#5267 = VECTOR('',#5268,1.);
#5268 = DIRECTION('',(0.,0.,-1.));
#5269 = ORIENTED_EDGE('',*,*,#5270,.T.);
#5270 = EDGE_CURVE('',#5263,#5271,#5273,.T.);
#5271 = VERTEX_POINT('',#5272);
#5272 = CARTESIAN_POINT('',(-0.1,-4.78,7.4));
#5273 = LINE('',#5274,#5275);
#5274 = CARTESIAN_POINT('',(0.1,-4.78,7.4));
#5275 = VECTOR('',#5276,1.);
#5276 = DIRECTION('',(-1.,2.334869823773E-16,0.));
#5277 = ORIENTED_EDGE('',*,*,#5278,.T.);
#5278 = EDGE_CURVE('',#5271,#5279,#5281,.T.);
#5279 = VERTEX_POINT('',#5280);
#5280 = CARTESIAN_POINT('',(-0.1,-4.78,0.9));
#5281 = LINE('',#5282,#5283);
#5282 = CARTESIAN_POINT('',(-0.1,-4.78,6.055738799212));
#5283 = VECTOR('',#5284,1.);
#5284 = DIRECTION('',(0.,0.,-1.));
#5285 = ORIENTED_EDGE('',*,*,#5286,.T.);
#5286 = EDGE_CURVE('',#5279,#5142,#5287,.T.);
#5287 = LINE('',#5288,#5289);
#5288 = CARTESIAN_POINT('',(0.3,-4.78,0.9));
#5289 = VECTOR('',#5290,1.);
#5290 = DIRECTION('',(-1.,2.334869823773E-16,0.));
#5291 = ORIENTED_EDGE('',*,*,#5141,.F.);
#5292 = PLANE('',#5293);
#5293 = AXIS2_PLACEMENT_3D('',#5294,#5295,#5296);
#5294 = CARTESIAN_POINT('',(0.3,-4.78,8.2));
#5295 = DIRECTION('',(2.334869823773E-16,1.,0.));
#5296 = DIRECTION('',(-1.,2.334869823773E-16,0.));
#5297 = ADVANCED_FACE('',(#5298),#5323,.F.);
#5298 = FACE_BOUND('',#5299,.F.);
#5299 = EDGE_LOOP('',(#5300,#5308,#5316,#5322));
#5300 = ORIENTED_EDGE('',*,*,#5301,.T.);
#5301 = EDGE_CURVE('',#3894,#5302,#5304,.T.);
#5302 = VERTEX_POINT('',#5303);
#5303 = CARTESIAN_POINT('',(-0.3,-2.24,0.9));
#5304 = LINE('',#5305,#5306);
#5305 = CARTESIAN_POINT('',(-0.3,-2.24,8.2));
#5306 = VECTOR('',#5307,1.);
#5307 = DIRECTION('',(0.,0.,-1.));
#5308 = ORIENTED_EDGE('',*,*,#5309,.T.);
#5309 = EDGE_CURVE('',#5302,#5310,#5312,.T.);
#5310 = VERTEX_POINT('',#5311);
#5311 = CARTESIAN_POINT('',(-0.3,-2.84,0.9));
#5312 = LINE('',#5313,#5314);
#5313 = CARTESIAN_POINT('',(-0.3,-2.24,0.9));
#5314 = VECTOR('',#5315,1.);
#5315 = DIRECTION('',(-2.334869823773E-16,-1.,0.));
#5316 = ORIENTED_EDGE('',*,*,#5317,.F.);
#5317 = EDGE_CURVE('',#3903,#5310,#5318,.T.);
#5318 = LINE('',#5319,#5320);
#5319 = CARTESIAN_POINT('',(-0.3,-2.84,8.2));
#5320 = VECTOR('',#5321,1.);
#5321 = DIRECTION('',(0.,0.,-1.));
#5322 = ORIENTED_EDGE('',*,*,#3910,.F.);
#5323 = PLANE('',#5324);
#5324 = AXIS2_PLACEMENT_3D('',#5325,#5326,#5327);
#5325 = CARTESIAN_POINT('',(-0.3,-2.24,8.2));
#5326 = DIRECTION('',(-1.,2.334869823773E-16,0.));
#5327 = DIRECTION('',(-2.334869823773E-16,-1.,0.));
#5328 = ADVANCED_FACE('',(#5329),#5379,.F.);
#5329 = FACE_BOUND('',#5330,.F.);
#5330 = EDGE_LOOP('',(#5331,#5332,#5333,#5341,#5349,#5357,#5365,#5373));
#5331 = ORIENTED_EDGE('',*,*,#3934,.F.);
#5332 = ORIENTED_EDGE('',*,*,#5317,.T.);
#5333 = ORIENTED_EDGE('',*,*,#5334,.T.);
#5334 = EDGE_CURVE('',#5310,#5335,#5337,.T.);
#5335 = VERTEX_POINT('',#5336);
#5336 = CARTESIAN_POINT('',(-0.1,-2.84,0.9));
#5337 = LINE('',#5338,#5339);
#5338 = CARTESIAN_POINT('',(-0.3,-2.84,0.9));
#5339 = VECTOR('',#5340,1.);
#5340 = DIRECTION('',(1.,-2.334869823773E-16,0.));
#5341 = ORIENTED_EDGE('',*,*,#5342,.T.);
#5342 = EDGE_CURVE('',#5335,#5343,#5345,.T.);
#5343 = VERTEX_POINT('',#5344);
#5344 = CARTESIAN_POINT('',(-0.1,-2.84,7.4));
#5345 = LINE('',#5346,#5347);
#5346 = CARTESIAN_POINT('',(-0.1,-2.84,6.055738799212));
#5347 = VECTOR('',#5348,1.);
#5348 = DIRECTION('',(0.,0.,1.));
#5349 = ORIENTED_EDGE('',*,*,#5350,.F.);
#5350 = EDGE_CURVE('',#5351,#5343,#5353,.T.);
#5351 = VERTEX_POINT('',#5352);
#5352 = CARTESIAN_POINT('',(0.1,-2.84,7.4));
#5353 = LINE('',#5354,#5355);
#5354 = CARTESIAN_POINT('',(0.1,-2.84,7.4));
#5355 = VECTOR('',#5356,1.);
#5356 = DIRECTION('',(-1.,2.334869823773E-16,0.));
#5357 = ORIENTED_EDGE('',*,*,#5358,.F.);
#5358 = EDGE_CURVE('',#5359,#5351,#5361,.T.);
#5359 = VERTEX_POINT('',#5360);
#5360 = CARTESIAN_POINT('',(0.1,-2.84,0.9));
#5361 = LINE('',#5362,#5363);
#5362 = CARTESIAN_POINT('',(0.1,-2.84,6.055738799212));
#5363 = VECTOR('',#5364,1.);
#5364 = DIRECTION('',(0.,0.,1.));
#5365 = ORIENTED_EDGE('',*,*,#5366,.T.);
#5366 = EDGE_CURVE('',#5359,#5367,#5369,.T.);
#5367 = VERTEX_POINT('',#5368);
#5368 = CARTESIAN_POINT('',(0.3,-2.84,0.9));
#5369 = LINE('',#5370,#5371);
#5370 = CARTESIAN_POINT('',(-0.3,-2.84,0.9));
#5371 = VECTOR('',#5372,1.);
#5372 = DIRECTION('',(1.,-2.334869823773E-16,0.));
#5373 = ORIENTED_EDGE('',*,*,#5374,.F.);
#5374 = EDGE_CURVE('',#3927,#5367,#5375,.T.);
#5375 = LINE('',#5376,#5377);
#5376 = CARTESIAN_POINT('',(0.3,-2.84,8.2));
#5377 = VECTOR('',#5378,1.);
#5378 = DIRECTION('',(0.,0.,-1.));
#5379 = PLANE('',#5380);
#5380 = AXIS2_PLACEMENT_3D('',#5381,#5382,#5383);
#5381 = CARTESIAN_POINT('',(-0.3,-2.84,8.2));
#5382 = DIRECTION('',(-2.334869823773E-16,-1.,0.));
#5383 = DIRECTION('',(1.,-2.334869823773E-16,0.));
#5384 = ADVANCED_FACE('',(#5385),#5403,.F.);
#5385 = FACE_BOUND('',#5386,.F.);
#5386 = EDGE_LOOP('',(#5387,#5388,#5396,#5402));
#5387 = ORIENTED_EDGE('',*,*,#5374,.T.);
#5388 = ORIENTED_EDGE('',*,*,#5389,.T.);
#5389 = EDGE_CURVE('',#5367,#5390,#5392,.T.);
#5390 = VERTEX_POINT('',#5391);
#5391 = CARTESIAN_POINT('',(0.3,-2.24,0.9));
#5392 = LINE('',#5393,#5394);
#5393 = CARTESIAN_POINT('',(0.3,-2.84,0.9));
#5394 = VECTOR('',#5395,1.);
#5395 = DIRECTION('',(2.334869823773E-16,1.,0.));
#5396 = ORIENTED_EDGE('',*,*,#5397,.F.);
#5397 = EDGE_CURVE('',#3951,#5390,#5398,.T.);
#5398 = LINE('',#5399,#5400);
#5399 = CARTESIAN_POINT('',(0.3,-2.24,8.2));
#5400 = VECTOR('',#5401,1.);
#5401 = DIRECTION('',(0.,0.,-1.));
#5402 = ORIENTED_EDGE('',*,*,#3958,.F.);
#5403 = PLANE('',#5404);
#5404 = AXIS2_PLACEMENT_3D('',#5405,#5406,#5407);
#5405 = CARTESIAN_POINT('',(0.3,-2.84,8.2));
#5406 = DIRECTION('',(1.,-2.334869823773E-16,0.));
#5407 = DIRECTION('',(2.334869823773E-16,1.,0.));
#5408 = ADVANCED_FACE('',(#5409),#5452,.F.);
#5409 = FACE_BOUND('',#5410,.F.);
#5410 = EDGE_LOOP('',(#5411,#5412,#5413,#5421,#5429,#5437,#5445,#5451));
#5411 = ORIENTED_EDGE('',*,*,#3975,.F.);
#5412 = ORIENTED_EDGE('',*,*,#5397,.T.);
#5413 = ORIENTED_EDGE('',*,*,#5414,.T.);
#5414 = EDGE_CURVE('',#5390,#5415,#5417,.T.);
#5415 = VERTEX_POINT('',#5416);
#5416 = CARTESIAN_POINT('',(0.1,-2.24,0.9));
#5417 = LINE('',#5418,#5419);
#5418 = CARTESIAN_POINT('',(0.3,-2.24,0.9));
#5419 = VECTOR('',#5420,1.);
#5420 = DIRECTION('',(-1.,2.334869823773E-16,0.));
#5421 = ORIENTED_EDGE('',*,*,#5422,.F.);
#5422 = EDGE_CURVE('',#5423,#5415,#5425,.T.);
#5423 = VERTEX_POINT('',#5424);
#5424 = CARTESIAN_POINT('',(0.1,-2.24,7.4));
#5425 = LINE('',#5426,#5427);
#5426 = CARTESIAN_POINT('',(0.1,-2.24,6.055738799212));
#5427 = VECTOR('',#5428,1.);
#5428 = DIRECTION('',(0.,0.,-1.));
#5429 = ORIENTED_EDGE('',*,*,#5430,.T.);
#5430 = EDGE_CURVE('',#5423,#5431,#5433,.T.);
#5431 = VERTEX_POINT('',#5432);
#5432 = CARTESIAN_POINT('',(-0.1,-2.24,7.4));
#5433 = LINE('',#5434,#5435);
#5434 = CARTESIAN_POINT('',(0.1,-2.24,7.4));
#5435 = VECTOR('',#5436,1.);
#5436 = DIRECTION('',(-1.,2.334869823773E-16,0.));
#5437 = ORIENTED_EDGE('',*,*,#5438,.T.);
#5438 = EDGE_CURVE('',#5431,#5439,#5441,.T.);
#5439 = VERTEX_POINT('',#5440);
#5440 = CARTESIAN_POINT('',(-0.1,-2.24,0.9));
#5441 = LINE('',#5442,#5443);
#5442 = CARTESIAN_POINT('',(-0.1,-2.24,6.055738799212));
#5443 = VECTOR('',#5444,1.);
#5444 = DIRECTION('',(0.,0.,-1.));
#5445 = ORIENTED_EDGE('',*,*,#5446,.T.);
#5446 = EDGE_CURVE('',#5439,#5302,#5447,.T.);
#5447 = LINE('',#5448,#5449);
#5448 = CARTESIAN_POINT('',(0.3,-2.24,0.9));
#5449 = VECTOR('',#5450,1.);
#5450 = DIRECTION('',(-1.,2.334869823773E-16,0.));
#5451 = ORIENTED_EDGE('',*,*,#5301,.F.);
#5452 = PLANE('',#5453);
#5453 = AXIS2_PLACEMENT_3D('',#5454,#5455,#5456);
#5454 = CARTESIAN_POINT('',(0.3,-2.24,8.2));
#5455 = DIRECTION('',(2.334869823773E-16,1.,0.));
#5456 = DIRECTION('',(-1.,2.334869823773E-16,0.));
#5457 = ADVANCED_FACE('',(#5458),#5483,.F.);
#5458 = FACE_BOUND('',#5459,.F.);
#5459 = EDGE_LOOP('',(#5460,#5468,#5476,#5482));
#5460 = ORIENTED_EDGE('',*,*,#5461,.T.);
#5461 = EDGE_CURVE('',#3990,#5462,#5464,.T.);
#5462 = VERTEX_POINT('',#5463);
#5463 = CARTESIAN_POINT('',(-0.3,0.3,0.9));
#5464 = LINE('',#5465,#5466);
#5465 = CARTESIAN_POINT('',(-0.3,0.3,8.2));
#5466 = VECTOR('',#5467,1.);
#5467 = DIRECTION('',(0.,0.,-1.));
#5468 = ORIENTED_EDGE('',*,*,#5469,.T.);
#5469 = EDGE_CURVE('',#5462,#5470,#5472,.T.);
#5470 = VERTEX_POINT('',#5471);
#5471 = CARTESIAN_POINT('',(-0.3,-0.3,0.9));
#5472 = LINE('',#5473,#5474);
#5473 = CARTESIAN_POINT('',(-0.3,0.3,0.9));
#5474 = VECTOR('',#5475,1.);
#5475 = DIRECTION('',(-2.334869823773E-16,-1.,0.));
#5476 = ORIENTED_EDGE('',*,*,#5477,.F.);
#5477 = EDGE_CURVE('',#3999,#5470,#5478,.T.);
#5478 = LINE('',#5479,#5480);
#5479 = CARTESIAN_POINT('',(-0.3,-0.3,8.2));
#5480 = VECTOR('',#5481,1.);
#5481 = DIRECTION('',(0.,0.,-1.));
#5482 = ORIENTED_EDGE('',*,*,#4006,.F.);
#5483 = PLANE('',#5484);
#5484 = AXIS2_PLACEMENT_3D('',#5485,#5486,#5487);
#5485 = CARTESIAN_POINT('',(-0.3,0.3,8.2));
#5486 = DIRECTION('',(-1.,2.334869823773E-16,0.));
#5487 = DIRECTION('',(-2.334869823773E-16,-1.,0.));
#5488 = ADVANCED_FACE('',(#5489),#5539,.F.);
#5489 = FACE_BOUND('',#5490,.F.);
#5490 = EDGE_LOOP('',(#5491,#5492,#5493,#5501,#5509,#5517,#5525,#5533));
#5491 = ORIENTED_EDGE('',*,*,#4030,.F.);
#5492 = ORIENTED_EDGE('',*,*,#5477,.T.);
#5493 = ORIENTED_EDGE('',*,*,#5494,.T.);
#5494 = EDGE_CURVE('',#5470,#5495,#5497,.T.);
#5495 = VERTEX_POINT('',#5496);
#5496 = CARTESIAN_POINT('',(-0.1,-0.3,0.9));
#5497 = LINE('',#5498,#5499);
#5498 = CARTESIAN_POINT('',(-0.3,-0.3,0.9));
#5499 = VECTOR('',#5500,1.);
#5500 = DIRECTION('',(1.,-2.334869823773E-16,0.));
#5501 = ORIENTED_EDGE('',*,*,#5502,.T.);
#5502 = EDGE_CURVE('',#5495,#5503,#5505,.T.);
#5503 = VERTEX_POINT('',#5504);
#5504 = CARTESIAN_POINT('',(-0.1,-0.3,7.4));
#5505 = LINE('',#5506,#5507);
#5506 = CARTESIAN_POINT('',(-0.1,-0.3,6.055738799212));
#5507 = VECTOR('',#5508,1.);
#5508 = DIRECTION('',(0.,0.,1.));
#5509 = ORIENTED_EDGE('',*,*,#5510,.F.);
#5510 = EDGE_CURVE('',#5511,#5503,#5513,.T.);
#5511 = VERTEX_POINT('',#5512);
#5512 = CARTESIAN_POINT('',(0.1,-0.3,7.4));
#5513 = LINE('',#5514,#5515);
#5514 = CARTESIAN_POINT('',(0.1,-0.3,7.4));
#5515 = VECTOR('',#5516,1.);
#5516 = DIRECTION('',(-1.,2.334869823773E-16,0.));
#5517 = ORIENTED_EDGE('',*,*,#5518,.F.);
#5518 = EDGE_CURVE('',#5519,#5511,#5521,.T.);
#5519 = VERTEX_POINT('',#5520);
#5520 = CARTESIAN_POINT('',(0.1,-0.3,0.9));
#5521 = LINE('',#5522,#5523);
#5522 = CARTESIAN_POINT('',(0.1,-0.3,6.055738799212));
#5523 = VECTOR('',#5524,1.);
#5524 = DIRECTION('',(0.,0.,1.));
#5525 = ORIENTED_EDGE('',*,*,#5526,.T.);
#5526 = EDGE_CURVE('',#5519,#5527,#5529,.T.);
#5527 = VERTEX_POINT('',#5528);
#5528 = CARTESIAN_POINT('',(0.3,-0.3,0.9));
#5529 = LINE('',#5530,#5531);
#5530 = CARTESIAN_POINT('',(-0.3,-0.3,0.9));
#5531 = VECTOR('',#5532,1.);
#5532 = DIRECTION('',(1.,-2.334869823773E-16,0.));
#5533 = ORIENTED_EDGE('',*,*,#5534,.F.);
#5534 = EDGE_CURVE('',#4023,#5527,#5535,.T.);
#5535 = LINE('',#5536,#5537);
#5536 = CARTESIAN_POINT('',(0.3,-0.3,8.2));
#5537 = VECTOR('',#5538,1.);
#5538 = DIRECTION('',(0.,0.,-1.));
#5539 = PLANE('',#5540);
#5540 = AXIS2_PLACEMENT_3D('',#5541,#5542,#5543);
#5541 = CARTESIAN_POINT('',(-0.3,-0.3,8.2));
#5542 = DIRECTION('',(-2.334869823773E-16,-1.,0.));
#5543 = DIRECTION('',(1.,-2.334869823773E-16,0.));
#5544 = ADVANCED_FACE('',(#5545),#5563,.F.);
#5545 = FACE_BOUND('',#5546,.F.);
#5546 = EDGE_LOOP('',(#5547,#5548,#5556,#5562));
#5547 = ORIENTED_EDGE('',*,*,#5534,.T.);
#5548 = ORIENTED_EDGE('',*,*,#5549,.T.);
#5549 = EDGE_CURVE('',#5527,#5550,#5552,.T.);
#5550 = VERTEX_POINT('',#5551);
#5551 = CARTESIAN_POINT('',(0.3,0.3,0.9));
#5552 = LINE('',#5553,#5554);
#5553 = CARTESIAN_POINT('',(0.3,-0.3,0.9));
#5554 = VECTOR('',#5555,1.);
#5555 = DIRECTION('',(2.334869823773E-16,1.,0.));
#5556 = ORIENTED_EDGE('',*,*,#5557,.F.);
#5557 = EDGE_CURVE('',#4047,#5550,#5558,.T.);
#5558 = LINE('',#5559,#5560);
#5559 = CARTESIAN_POINT('',(0.3,0.3,8.2));
#5560 = VECTOR('',#5561,1.);
#5561 = DIRECTION('',(0.,0.,-1.));
#5562 = ORIENTED_EDGE('',*,*,#4054,.F.);
#5563 = PLANE('',#5564);
#5564 = AXIS2_PLACEMENT_3D('',#5565,#5566,#5567);
#5565 = CARTESIAN_POINT('',(0.3,-0.3,8.2));
#5566 = DIRECTION('',(1.,-2.334869823773E-16,0.));
#5567 = DIRECTION('',(2.334869823773E-16,1.,0.));
#5568 = ADVANCED_FACE('',(#5569),#5612,.F.);
#5569 = FACE_BOUND('',#5570,.F.);
#5570 = EDGE_LOOP('',(#5571,#5572,#5573,#5581,#5589,#5597,#5605,#5611));
#5571 = ORIENTED_EDGE('',*,*,#4071,.F.);
#5572 = ORIENTED_EDGE('',*,*,#5557,.T.);
#5573 = ORIENTED_EDGE('',*,*,#5574,.T.);
#5574 = EDGE_CURVE('',#5550,#5575,#5577,.T.);
#5575 = VERTEX_POINT('',#5576);
#5576 = CARTESIAN_POINT('',(0.1,0.3,0.9));
#5577 = LINE('',#5578,#5579);
#5578 = CARTESIAN_POINT('',(0.3,0.3,0.9));
#5579 = VECTOR('',#5580,1.);
#5580 = DIRECTION('',(-1.,2.334869823773E-16,0.));
#5581 = ORIENTED_EDGE('',*,*,#5582,.F.);
#5582 = EDGE_CURVE('',#5583,#5575,#5585,.T.);
#5583 = VERTEX_POINT('',#5584);
#5584 = CARTESIAN_POINT('',(0.1,0.3,7.4));
#5585 = LINE('',#5586,#5587);
#5586 = CARTESIAN_POINT('',(0.1,0.3,6.055738799212));
#5587 = VECTOR('',#5588,1.);
#5588 = DIRECTION('',(0.,0.,-1.));
#5589 = ORIENTED_EDGE('',*,*,#5590,.T.);
#5590 = EDGE_CURVE('',#5583,#5591,#5593,.T.);
#5591 = VERTEX_POINT('',#5592);
#5592 = CARTESIAN_POINT('',(-0.1,0.3,7.4));
#5593 = LINE('',#5594,#5595);
#5594 = CARTESIAN_POINT('',(0.1,0.3,7.4));
#5595 = VECTOR('',#5596,1.);
#5596 = DIRECTION('',(-1.,2.334869823773E-16,0.));
#5597 = ORIENTED_EDGE('',*,*,#5598,.T.);
#5598 = EDGE_CURVE('',#5591,#5599,#5601,.T.);
#5599 = VERTEX_POINT('',#5600);
#5600 = CARTESIAN_POINT('',(-0.1,0.3,0.9));
#5601 = LINE('',#5602,#5603);
#5602 = CARTESIAN_POINT('',(-0.1,0.3,6.055738799212));
#5603 = VECTOR('',#5604,1.);
#5604 = DIRECTION('',(0.,0.,-1.));
#5605 = ORIENTED_EDGE('',*,*,#5606,.T.);
#5606 = EDGE_CURVE('',#5599,#5462,#5607,.T.);
#5607 = LINE('',#5608,#5609);
#5608 = CARTESIAN_POINT('',(0.3,0.3,0.9));
#5609 = VECTOR('',#5610,1.);
#5610 = DIRECTION('',(-1.,2.334869823773E-16,0.));
#5611 = ORIENTED_EDGE('',*,*,#5461,.F.);
#5612 = PLANE('',#5613);
#5613 = AXIS2_PLACEMENT_3D('',#5614,#5615,#5616);
#5614 = CARTESIAN_POINT('',(0.3,0.3,8.2));
#5615 = DIRECTION('',(2.334869823773E-16,1.,0.));
#5616 = DIRECTION('',(-1.,2.334869823773E-16,0.));
#5617 = ADVANCED_FACE('',(#5618),#5643,.F.);
#5618 = FACE_BOUND('',#5619,.F.);
#5619 = EDGE_LOOP('',(#5620,#5628,#5636,#5642));
#5620 = ORIENTED_EDGE('',*,*,#5621,.T.);
#5621 = EDGE_CURVE('',#4086,#5622,#5624,.T.);
#5622 = VERTEX_POINT('',#5623);
#5623 = CARTESIAN_POINT('',(-2.24,-5.38,0.9));
#5624 = LINE('',#5625,#5626);
#5625 = CARTESIAN_POINT('',(-2.24,-5.38,8.2));
#5626 = VECTOR('',#5627,1.);
#5627 = DIRECTION('',(0.,-0.,-1.));
#5628 = ORIENTED_EDGE('',*,*,#5629,.T.);
#5629 = EDGE_CURVE('',#5622,#5630,#5632,.T.);
#5630 = VERTEX_POINT('',#5631);
#5631 = CARTESIAN_POINT('',(-2.24,-4.78,0.9));
#5632 = LINE('',#5633,#5634);
#5633 = CARTESIAN_POINT('',(-2.24,-5.38,0.9));
#5634 = VECTOR('',#5635,1.);
#5635 = DIRECTION('',(1.110223024625E-16,1.,0.));
#5636 = ORIENTED_EDGE('',*,*,#5637,.F.);
#5637 = EDGE_CURVE('',#4095,#5630,#5638,.T.);
#5638 = LINE('',#5639,#5640);
#5639 = CARTESIAN_POINT('',(-2.24,-4.78,8.2));
#5640 = VECTOR('',#5641,1.);
#5641 = DIRECTION('',(0.,-0.,-1.));
#5642 = ORIENTED_EDGE('',*,*,#4102,.F.);
#5643 = PLANE('',#5644);
#5644 = AXIS2_PLACEMENT_3D('',#5645,#5646,#5647);
#5645 = CARTESIAN_POINT('',(-2.24,-5.38,8.2));
#5646 = DIRECTION('',(1.,-1.110223024625E-16,0.));
#5647 = DIRECTION('',(1.110223024625E-16,1.,0.));
#5648 = ADVANCED_FACE('',(#5649),#5699,.F.);
#5649 = FACE_BOUND('',#5650,.F.);
#5650 = EDGE_LOOP('',(#5651,#5652,#5653,#5661,#5669,#5677,#5685,#5693));
#5651 = ORIENTED_EDGE('',*,*,#4126,.F.);
#5652 = ORIENTED_EDGE('',*,*,#5637,.T.);
#5653 = ORIENTED_EDGE('',*,*,#5654,.T.);
#5654 = EDGE_CURVE('',#5630,#5655,#5657,.T.);
#5655 = VERTEX_POINT('',#5656);
#5656 = CARTESIAN_POINT('',(-2.44,-4.78,0.9));
#5657 = LINE('',#5658,#5659);
#5658 = CARTESIAN_POINT('',(-2.24,-4.78,0.9));
#5659 = VECTOR('',#5660,1.);
#5660 = DIRECTION('',(-1.,1.110223024625E-16,0.));
#5661 = ORIENTED_EDGE('',*,*,#5662,.T.);
#5662 = EDGE_CURVE('',#5655,#5663,#5665,.T.);
#5663 = VERTEX_POINT('',#5664);
#5664 = CARTESIAN_POINT('',(-2.44,-4.78,7.4));
#5665 = LINE('',#5666,#5667);
#5666 = CARTESIAN_POINT('',(-2.44,-4.78,6.055738799212));
#5667 = VECTOR('',#5668,1.);
#5668 = DIRECTION('',(0.,-0.,1.));
#5669 = ORIENTED_EDGE('',*,*,#5670,.F.);
#5670 = EDGE_CURVE('',#5671,#5663,#5673,.T.);
#5671 = VERTEX_POINT('',#5672);
#5672 = CARTESIAN_POINT('',(-2.64,-4.78,7.4));
#5673 = LINE('',#5674,#5675);
#5674 = CARTESIAN_POINT('',(-2.64,-4.78,7.4));
#5675 = VECTOR('',#5676,1.);
#5676 = DIRECTION('',(1.,-1.110223024625E-16,0.));
#5677 = ORIENTED_EDGE('',*,*,#5678,.F.);
#5678 = EDGE_CURVE('',#5679,#5671,#5681,.T.);
#5679 = VERTEX_POINT('',#5680);
#5680 = CARTESIAN_POINT('',(-2.64,-4.78,0.9));
#5681 = LINE('',#5682,#5683);
#5682 = CARTESIAN_POINT('',(-2.64,-4.78,6.055738799212));
#5683 = VECTOR('',#5684,1.);
#5684 = DIRECTION('',(0.,-0.,1.));
#5685 = ORIENTED_EDGE('',*,*,#5686,.T.);
#5686 = EDGE_CURVE('',#5679,#5687,#5689,.T.);
#5687 = VERTEX_POINT('',#5688);
#5688 = CARTESIAN_POINT('',(-2.84,-4.78,0.9));
#5689 = LINE('',#5690,#5691);
#5690 = CARTESIAN_POINT('',(-2.24,-4.78,0.9));
#5691 = VECTOR('',#5692,1.);
#5692 = DIRECTION('',(-1.,1.110223024625E-16,0.));
#5693 = ORIENTED_EDGE('',*,*,#5694,.F.);
#5694 = EDGE_CURVE('',#4119,#5687,#5695,.T.);
#5695 = LINE('',#5696,#5697);
#5696 = CARTESIAN_POINT('',(-2.84,-4.78,8.2));
#5697 = VECTOR('',#5698,1.);
#5698 = DIRECTION('',(0.,-0.,-1.));
#5699 = PLANE('',#5700);
#5700 = AXIS2_PLACEMENT_3D('',#5701,#5702,#5703);
#5701 = CARTESIAN_POINT('',(-2.24,-4.78,8.2));
#5702 = DIRECTION('',(1.110223024625E-16,1.,0.));
#5703 = DIRECTION('',(-1.,1.110223024625E-16,0.));
#5704 = ADVANCED_FACE('',(#5705),#5723,.F.);
#5705 = FACE_BOUND('',#5706,.F.);
#5706 = EDGE_LOOP('',(#5707,#5708,#5716,#5722));
#5707 = ORIENTED_EDGE('',*,*,#5694,.T.);
#5708 = ORIENTED_EDGE('',*,*,#5709,.T.);
#5709 = EDGE_CURVE('',#5687,#5710,#5712,.T.);
#5710 = VERTEX_POINT('',#5711);
#5711 = CARTESIAN_POINT('',(-2.84,-5.38,0.9));
#5712 = LINE('',#5713,#5714);
#5713 = CARTESIAN_POINT('',(-2.84,-4.78,0.9));
#5714 = VECTOR('',#5715,1.);
#5715 = DIRECTION('',(-1.110223024625E-16,-1.,0.));
#5716 = ORIENTED_EDGE('',*,*,#5717,.F.);
#5717 = EDGE_CURVE('',#4143,#5710,#5718,.T.);
#5718 = LINE('',#5719,#5720);
#5719 = CARTESIAN_POINT('',(-2.84,-5.38,8.2));
#5720 = VECTOR('',#5721,1.);
#5721 = DIRECTION('',(0.,-0.,-1.));
#5722 = ORIENTED_EDGE('',*,*,#4150,.F.);
#5723 = PLANE('',#5724);
#5724 = AXIS2_PLACEMENT_3D('',#5725,#5726,#5727);
#5725 = CARTESIAN_POINT('',(-2.84,-4.78,8.2));
#5726 = DIRECTION('',(-1.,1.110223024625E-16,0.));
#5727 = DIRECTION('',(-1.110223024625E-16,-1.,0.));
#5728 = ADVANCED_FACE('',(#5729),#5772,.F.);
#5729 = FACE_BOUND('',#5730,.F.);
#5730 = EDGE_LOOP('',(#5731,#5732,#5733,#5741,#5749,#5757,#5765,#5771));
#5731 = ORIENTED_EDGE('',*,*,#4167,.F.);
#5732 = ORIENTED_EDGE('',*,*,#5717,.T.);
#5733 = ORIENTED_EDGE('',*,*,#5734,.T.);
#5734 = EDGE_CURVE('',#5710,#5735,#5737,.T.);
#5735 = VERTEX_POINT('',#5736);
#5736 = CARTESIAN_POINT('',(-2.64,-5.38,0.9));
#5737 = LINE('',#5738,#5739);
#5738 = CARTESIAN_POINT('',(-2.84,-5.38,0.9));
#5739 = VECTOR('',#5740,1.);
#5740 = DIRECTION('',(1.,-1.110223024625E-16,0.));
#5741 = ORIENTED_EDGE('',*,*,#5742,.F.);
#5742 = EDGE_CURVE('',#5743,#5735,#5745,.T.);
#5743 = VERTEX_POINT('',#5744);
#5744 = CARTESIAN_POINT('',(-2.64,-5.38,7.4));
#5745 = LINE('',#5746,#5747);
#5746 = CARTESIAN_POINT('',(-2.64,-5.38,6.055738799212));
#5747 = VECTOR('',#5748,1.);
#5748 = DIRECTION('',(-0.,0.,-1.));
#5749 = ORIENTED_EDGE('',*,*,#5750,.T.);
#5750 = EDGE_CURVE('',#5743,#5751,#5753,.T.);
#5751 = VERTEX_POINT('',#5752);
#5752 = CARTESIAN_POINT('',(-2.44,-5.38,7.4));
#5753 = LINE('',#5754,#5755);
#5754 = CARTESIAN_POINT('',(-2.64,-5.38,7.4));
#5755 = VECTOR('',#5756,1.);
#5756 = DIRECTION('',(1.,-1.110223024625E-16,0.));
#5757 = ORIENTED_EDGE('',*,*,#5758,.T.);
#5758 = EDGE_CURVE('',#5751,#5759,#5761,.T.);
#5759 = VERTEX_POINT('',#5760);
#5760 = CARTESIAN_POINT('',(-2.44,-5.38,0.9));
#5761 = LINE('',#5762,#5763);
#5762 = CARTESIAN_POINT('',(-2.44,-5.38,6.055738799212));
#5763 = VECTOR('',#5764,1.);
#5764 = DIRECTION('',(-0.,0.,-1.));
#5765 = ORIENTED_EDGE('',*,*,#5766,.T.);
#5766 = EDGE_CURVE('',#5759,#5622,#5767,.T.);
#5767 = LINE('',#5768,#5769);
#5768 = CARTESIAN_POINT('',(-2.84,-5.38,0.9));
#5769 = VECTOR('',#5770,1.);
#5770 = DIRECTION('',(1.,-1.110223024625E-16,0.));
#5771 = ORIENTED_EDGE('',*,*,#5621,.F.);
#5772 = PLANE('',#5773);
#5773 = AXIS2_PLACEMENT_3D('',#5774,#5775,#5776);
#5774 = CARTESIAN_POINT('',(-2.84,-5.38,8.2));
#5775 = DIRECTION('',(-1.110223024625E-16,-1.,0.));
#5776 = DIRECTION('',(1.,-1.110223024625E-16,0.));
#5777 = ADVANCED_FACE('',(#5778),#5803,.F.);
#5778 = FACE_BOUND('',#5779,.F.);
#5779 = EDGE_LOOP('',(#5780,#5788,#5796,#5802));
#5780 = ORIENTED_EDGE('',*,*,#5781,.T.);
#5781 = EDGE_CURVE('',#4182,#5782,#5784,.T.);
#5782 = VERTEX_POINT('',#5783);
#5783 = CARTESIAN_POINT('',(-2.24,-2.84,0.9));
#5784 = LINE('',#5785,#5786);
#5785 = CARTESIAN_POINT('',(-2.24,-2.84,8.2));
#5786 = VECTOR('',#5787,1.);
#5787 = DIRECTION('',(0.,-0.,-1.));
#5788 = ORIENTED_EDGE('',*,*,#5789,.T.);
#5789 = EDGE_CURVE('',#5782,#5790,#5792,.T.);
#5790 = VERTEX_POINT('',#5791);
#5791 = CARTESIAN_POINT('',(-2.24,-2.24,0.9));
#5792 = LINE('',#5793,#5794);
#5793 = CARTESIAN_POINT('',(-2.24,-2.84,0.9));
#5794 = VECTOR('',#5795,1.);
#5795 = DIRECTION('',(1.110223024625E-16,1.,0.));
#5796 = ORIENTED_EDGE('',*,*,#5797,.F.);
#5797 = EDGE_CURVE('',#4191,#5790,#5798,.T.);
#5798 = LINE('',#5799,#5800);
#5799 = CARTESIAN_POINT('',(-2.24,-2.24,8.2));
#5800 = VECTOR('',#5801,1.);
#5801 = DIRECTION('',(0.,-0.,-1.));
#5802 = ORIENTED_EDGE('',*,*,#4198,.F.);
#5803 = PLANE('',#5804);
#5804 = AXIS2_PLACEMENT_3D('',#5805,#5806,#5807);
#5805 = CARTESIAN_POINT('',(-2.24,-2.84,8.2));
#5806 = DIRECTION('',(1.,-1.110223024625E-16,0.));
#5807 = DIRECTION('',(1.110223024625E-16,1.,0.));
#5808 = ADVANCED_FACE('',(#5809),#5859,.F.);
#5809 = FACE_BOUND('',#5810,.F.);
#5810 = EDGE_LOOP('',(#5811,#5812,#5813,#5821,#5829,#5837,#5845,#5853));
#5811 = ORIENTED_EDGE('',*,*,#4222,.F.);
#5812 = ORIENTED_EDGE('',*,*,#5797,.T.);
#5813 = ORIENTED_EDGE('',*,*,#5814,.T.);
#5814 = EDGE_CURVE('',#5790,#5815,#5817,.T.);
#5815 = VERTEX_POINT('',#5816);
#5816 = CARTESIAN_POINT('',(-2.44,-2.24,0.9));
#5817 = LINE('',#5818,#5819);
#5818 = CARTESIAN_POINT('',(-2.24,-2.24,0.9));
#5819 = VECTOR('',#5820,1.);
#5820 = DIRECTION('',(-1.,1.110223024625E-16,0.));
#5821 = ORIENTED_EDGE('',*,*,#5822,.T.);
#5822 = EDGE_CURVE('',#5815,#5823,#5825,.T.);
#5823 = VERTEX_POINT('',#5824);
#5824 = CARTESIAN_POINT('',(-2.44,-2.24,7.4));
#5825 = LINE('',#5826,#5827);
#5826 = CARTESIAN_POINT('',(-2.44,-2.24,6.055738799212));
#5827 = VECTOR('',#5828,1.);
#5828 = DIRECTION('',(0.,-0.,1.));
#5829 = ORIENTED_EDGE('',*,*,#5830,.F.);
#5830 = EDGE_CURVE('',#5831,#5823,#5833,.T.);
#5831 = VERTEX_POINT('',#5832);
#5832 = CARTESIAN_POINT('',(-2.64,-2.24,7.4));
#5833 = LINE('',#5834,#5835);
#5834 = CARTESIAN_POINT('',(-2.64,-2.24,7.4));
#5835 = VECTOR('',#5836,1.);
#5836 = DIRECTION('',(1.,-1.110223024625E-16,0.));
#5837 = ORIENTED_EDGE('',*,*,#5838,.F.);
#5838 = EDGE_CURVE('',#5839,#5831,#5841,.T.);
#5839 = VERTEX_POINT('',#5840);
#5840 = CARTESIAN_POINT('',(-2.64,-2.24,0.9));
#5841 = LINE('',#5842,#5843);
#5842 = CARTESIAN_POINT('',(-2.64,-2.24,6.055738799212));
#5843 = VECTOR('',#5844,1.);
#5844 = DIRECTION('',(0.,-0.,1.));
#5845 = ORIENTED_EDGE('',*,*,#5846,.T.);
#5846 = EDGE_CURVE('',#5839,#5847,#5849,.T.);
#5847 = VERTEX_POINT('',#5848);
#5848 = CARTESIAN_POINT('',(-2.84,-2.24,0.9));
#5849 = LINE('',#5850,#5851);
#5850 = CARTESIAN_POINT('',(-2.24,-2.24,0.9));
#5851 = VECTOR('',#5852,1.);
#5852 = DIRECTION('',(-1.,1.110223024625E-16,0.));
#5853 = ORIENTED_EDGE('',*,*,#5854,.F.);
#5854 = EDGE_CURVE('',#4215,#5847,#5855,.T.);
#5855 = LINE('',#5856,#5857);
#5856 = CARTESIAN_POINT('',(-2.84,-2.24,8.2));
#5857 = VECTOR('',#5858,1.);
#5858 = DIRECTION('',(0.,-0.,-1.));
#5859 = PLANE('',#5860);
#5860 = AXIS2_PLACEMENT_3D('',#5861,#5862,#5863);
#5861 = CARTESIAN_POINT('',(-2.24,-2.24,8.2));
#5862 = DIRECTION('',(1.110223024625E-16,1.,0.));
#5863 = DIRECTION('',(-1.,1.110223024625E-16,0.));
#5864 = ADVANCED_FACE('',(#5865),#5883,.F.);
#5865 = FACE_BOUND('',#5866,.F.);
#5866 = EDGE_LOOP('',(#5867,#5868,#5876,#5882));
#5867 = ORIENTED_EDGE('',*,*,#5854,.T.);
#5868 = ORIENTED_EDGE('',*,*,#5869,.T.);
#5869 = EDGE_CURVE('',#5847,#5870,#5872,.T.);
#5870 = VERTEX_POINT('',#5871);
#5871 = CARTESIAN_POINT('',(-2.84,-2.84,0.9));
#5872 = LINE('',#5873,#5874);
#5873 = CARTESIAN_POINT('',(-2.84,-2.24,0.9));
#5874 = VECTOR('',#5875,1.);
#5875 = DIRECTION('',(-1.110223024625E-16,-1.,0.));
#5876 = ORIENTED_EDGE('',*,*,#5877,.F.);
#5877 = EDGE_CURVE('',#4239,#5870,#5878,.T.);
#5878 = LINE('',#5879,#5880);
#5879 = CARTESIAN_POINT('',(-2.84,-2.84,8.2));
#5880 = VECTOR('',#5881,1.);
#5881 = DIRECTION('',(0.,-0.,-1.));
#5882 = ORIENTED_EDGE('',*,*,#4246,.F.);
#5883 = PLANE('',#5884);
#5884 = AXIS2_PLACEMENT_3D('',#5885,#5886,#5887);
#5885 = CARTESIAN_POINT('',(-2.84,-2.24,8.2));
#5886 = DIRECTION('',(-1.,1.110223024625E-16,0.));
#5887 = DIRECTION('',(-1.110223024625E-16,-1.,0.));
#5888 = ADVANCED_FACE('',(#5889),#5932,.F.);
#5889 = FACE_BOUND('',#5890,.F.);
#5890 = EDGE_LOOP('',(#5891,#5892,#5893,#5901,#5909,#5917,#5925,#5931));
#5891 = ORIENTED_EDGE('',*,*,#4263,.F.);
#5892 = ORIENTED_EDGE('',*,*,#5877,.T.);
#5893 = ORIENTED_EDGE('',*,*,#5894,.T.);
#5894 = EDGE_CURVE('',#5870,#5895,#5897,.T.);
#5895 = VERTEX_POINT('',#5896);
#5896 = CARTESIAN_POINT('',(-2.64,-2.84,0.9));
#5897 = LINE('',#5898,#5899);
#5898 = CARTESIAN_POINT('',(-2.84,-2.84,0.9));
#5899 = VECTOR('',#5900,1.);
#5900 = DIRECTION('',(1.,-1.110223024625E-16,0.));
#5901 = ORIENTED_EDGE('',*,*,#5902,.F.);
#5902 = EDGE_CURVE('',#5903,#5895,#5905,.T.);
#5903 = VERTEX_POINT('',#5904);
#5904 = CARTESIAN_POINT('',(-2.64,-2.84,7.4));
#5905 = LINE('',#5906,#5907);
#5906 = CARTESIAN_POINT('',(-2.64,-2.84,6.055738799212));
#5907 = VECTOR('',#5908,1.);
#5908 = DIRECTION('',(-0.,0.,-1.));
#5909 = ORIENTED_EDGE('',*,*,#5910,.T.);
#5910 = EDGE_CURVE('',#5903,#5911,#5913,.T.);
#5911 = VERTEX_POINT('',#5912);
#5912 = CARTESIAN_POINT('',(-2.44,-2.84,7.4));
#5913 = LINE('',#5914,#5915);
#5914 = CARTESIAN_POINT('',(-2.64,-2.84,7.4));
#5915 = VECTOR('',#5916,1.);
#5916 = DIRECTION('',(1.,-1.110223024625E-16,0.));
#5917 = ORIENTED_EDGE('',*,*,#5918,.T.);
#5918 = EDGE_CURVE('',#5911,#5919,#5921,.T.);
#5919 = VERTEX_POINT('',#5920);
#5920 = CARTESIAN_POINT('',(-2.44,-2.84,0.9));
#5921 = LINE('',#5922,#5923);
#5922 = CARTESIAN_POINT('',(-2.44,-2.84,6.055738799212));
#5923 = VECTOR('',#5924,1.);
#5924 = DIRECTION('',(-0.,0.,-1.));
#5925 = ORIENTED_EDGE('',*,*,#5926,.T.);
#5926 = EDGE_CURVE('',#5919,#5782,#5927,.T.);
#5927 = LINE('',#5928,#5929);
#5928 = CARTESIAN_POINT('',(-2.84,-2.84,0.9));
#5929 = VECTOR('',#5930,1.);
#5930 = DIRECTION('',(1.,-1.110223024625E-16,0.));
#5931 = ORIENTED_EDGE('',*,*,#5781,.F.);
#5932 = PLANE('',#5933);
#5933 = AXIS2_PLACEMENT_3D('',#5934,#5935,#5936);
#5934 = CARTESIAN_POINT('',(-2.84,-2.84,8.2));
#5935 = DIRECTION('',(-1.110223024625E-16,-1.,0.));
#5936 = DIRECTION('',(1.,-1.110223024625E-16,0.));
#5937 = ADVANCED_FACE('',(#5938),#5963,.F.);
#5938 = FACE_BOUND('',#5939,.F.);
#5939 = EDGE_LOOP('',(#5940,#5948,#5956,#5962));
#5940 = ORIENTED_EDGE('',*,*,#5941,.T.);
#5941 = EDGE_CURVE('',#4278,#5942,#5944,.T.);
#5942 = VERTEX_POINT('',#5943);
#5943 = CARTESIAN_POINT('',(-2.24,-0.3,0.9));
#5944 = LINE('',#5945,#5946);
#5945 = CARTESIAN_POINT('',(-2.24,-0.3,8.2));
#5946 = VECTOR('',#5947,1.);
#5947 = DIRECTION('',(0.,-0.,-1.));
#5948 = ORIENTED_EDGE('',*,*,#5949,.T.);
#5949 = EDGE_CURVE('',#5942,#5950,#5952,.T.);
#5950 = VERTEX_POINT('',#5951);
#5951 = CARTESIAN_POINT('',(-2.24,0.3,0.9));
#5952 = LINE('',#5953,#5954);
#5953 = CARTESIAN_POINT('',(-2.24,-0.3,0.9));
#5954 = VECTOR('',#5955,1.);
#5955 = DIRECTION('',(1.110223024625E-16,1.,0.));
#5956 = ORIENTED_EDGE('',*,*,#5957,.F.);
#5957 = EDGE_CURVE('',#4287,#5950,#5958,.T.);
#5958 = LINE('',#5959,#5960);
#5959 = CARTESIAN_POINT('',(-2.24,0.3,8.2));
#5960 = VECTOR('',#5961,1.);
#5961 = DIRECTION('',(0.,-0.,-1.));
#5962 = ORIENTED_EDGE('',*,*,#4294,.F.);
#5963 = PLANE('',#5964);
#5964 = AXIS2_PLACEMENT_3D('',#5965,#5966,#5967);
#5965 = CARTESIAN_POINT('',(-2.24,-0.3,8.2));
#5966 = DIRECTION('',(1.,-1.110223024625E-16,0.));
#5967 = DIRECTION('',(1.110223024625E-16,1.,0.));
#5968 = ADVANCED_FACE('',(#5969),#6019,.F.);
#5969 = FACE_BOUND('',#5970,.F.);
#5970 = EDGE_LOOP('',(#5971,#5972,#5973,#5981,#5989,#5997,#6005,#6013));
#5971 = ORIENTED_EDGE('',*,*,#4318,.F.);
#5972 = ORIENTED_EDGE('',*,*,#5957,.T.);
#5973 = ORIENTED_EDGE('',*,*,#5974,.T.);
#5974 = EDGE_CURVE('',#5950,#5975,#5977,.T.);
#5975 = VERTEX_POINT('',#5976);
#5976 = CARTESIAN_POINT('',(-2.44,0.3,0.9));
#5977 = LINE('',#5978,#5979);
#5978 = CARTESIAN_POINT('',(-2.24,0.3,0.9));
#5979 = VECTOR('',#5980,1.);
#5980 = DIRECTION('',(-1.,1.110223024625E-16,0.));
#5981 = ORIENTED_EDGE('',*,*,#5982,.T.);
#5982 = EDGE_CURVE('',#5975,#5983,#5985,.T.);
#5983 = VERTEX_POINT('',#5984);
#5984 = CARTESIAN_POINT('',(-2.44,0.3,7.4));
#5985 = LINE('',#5986,#5987);
#5986 = CARTESIAN_POINT('',(-2.44,0.3,6.055738799212));
#5987 = VECTOR('',#5988,1.);
#5988 = DIRECTION('',(0.,-0.,1.));
#5989 = ORIENTED_EDGE('',*,*,#5990,.F.);
#5990 = EDGE_CURVE('',#5991,#5983,#5993,.T.);
#5991 = VERTEX_POINT('',#5992);
#5992 = CARTESIAN_POINT('',(-2.64,0.3,7.4));
#5993 = LINE('',#5994,#5995);
#5994 = CARTESIAN_POINT('',(-2.64,0.3,7.4));
#5995 = VECTOR('',#5996,1.);
#5996 = DIRECTION('',(1.,-1.110223024625E-16,0.));
#5997 = ORIENTED_EDGE('',*,*,#5998,.F.);
#5998 = EDGE_CURVE('',#5999,#5991,#6001,.T.);
#5999 = VERTEX_POINT('',#6000);
#6000 = CARTESIAN_POINT('',(-2.64,0.3,0.9));
#6001 = LINE('',#6002,#6003);
#6002 = CARTESIAN_POINT('',(-2.64,0.3,6.055738799212));
#6003 = VECTOR('',#6004,1.);
#6004 = DIRECTION('',(0.,-0.,1.));
#6005 = ORIENTED_EDGE('',*,*,#6006,.T.);
#6006 = EDGE_CURVE('',#5999,#6007,#6009,.T.);
#6007 = VERTEX_POINT('',#6008);
#6008 = CARTESIAN_POINT('',(-2.84,0.3,0.9));
#6009 = LINE('',#6010,#6011);
#6010 = CARTESIAN_POINT('',(-2.24,0.3,0.9));
#6011 = VECTOR('',#6012,1.);
#6012 = DIRECTION('',(-1.,1.110223024625E-16,0.));
#6013 = ORIENTED_EDGE('',*,*,#6014,.F.);
#6014 = EDGE_CURVE('',#4311,#6007,#6015,.T.);
#6015 = LINE('',#6016,#6017);
#6016 = CARTESIAN_POINT('',(-2.84,0.3,8.2));
#6017 = VECTOR('',#6018,1.);
#6018 = DIRECTION('',(0.,-0.,-1.));
#6019 = PLANE('',#6020);
#6020 = AXIS2_PLACEMENT_3D('',#6021,#6022,#6023);
#6021 = CARTESIAN_POINT('',(-2.24,0.3,8.2));
#6022 = DIRECTION('',(1.110223024625E-16,1.,0.));
#6023 = DIRECTION('',(-1.,1.110223024625E-16,0.));
#6024 = ADVANCED_FACE('',(#6025),#6043,.F.);
#6025 = FACE_BOUND('',#6026,.F.);
#6026 = EDGE_LOOP('',(#6027,#6028,#6036,#6042));
#6027 = ORIENTED_EDGE('',*,*,#6014,.T.);
#6028 = ORIENTED_EDGE('',*,*,#6029,.T.);
#6029 = EDGE_CURVE('',#6007,#6030,#6032,.T.);
#6030 = VERTEX_POINT('',#6031);
#6031 = CARTESIAN_POINT('',(-2.84,-0.3,0.9));
#6032 = LINE('',#6033,#6034);
#6033 = CARTESIAN_POINT('',(-2.84,0.3,0.9));
#6034 = VECTOR('',#6035,1.);
#6035 = DIRECTION('',(-1.110223024625E-16,-1.,0.));
#6036 = ORIENTED_EDGE('',*,*,#6037,.F.);
#6037 = EDGE_CURVE('',#4335,#6030,#6038,.T.);
#6038 = LINE('',#6039,#6040);
#6039 = CARTESIAN_POINT('',(-2.84,-0.3,8.2));
#6040 = VECTOR('',#6041,1.);
#6041 = DIRECTION('',(0.,-0.,-1.));
#6042 = ORIENTED_EDGE('',*,*,#4342,.F.);
#6043 = PLANE('',#6044);
#6044 = AXIS2_PLACEMENT_3D('',#6045,#6046,#6047);
#6045 = CARTESIAN_POINT('',(-2.84,0.3,8.2));
#6046 = DIRECTION('',(-1.,1.110223024625E-16,0.));
#6047 = DIRECTION('',(-1.110223024625E-16,-1.,0.));
#6048 = ADVANCED_FACE('',(#6049),#6092,.F.);
#6049 = FACE_BOUND('',#6050,.F.);
#6050 = EDGE_LOOP('',(#6051,#6052,#6053,#6061,#6069,#6077,#6085,#6091));
#6051 = ORIENTED_EDGE('',*,*,#4359,.F.);
#6052 = ORIENTED_EDGE('',*,*,#6037,.T.);
#6053 = ORIENTED_EDGE('',*,*,#6054,.T.);
#6054 = EDGE_CURVE('',#6030,#6055,#6057,.T.);
#6055 = VERTEX_POINT('',#6056);
#6056 = CARTESIAN_POINT('',(-2.64,-0.3,0.9));
#6057 = LINE('',#6058,#6059);
#6058 = CARTESIAN_POINT('',(-2.84,-0.3,0.9));
#6059 = VECTOR('',#6060,1.);
#6060 = DIRECTION('',(1.,-1.110223024625E-16,0.));
#6061 = ORIENTED_EDGE('',*,*,#6062,.F.);
#6062 = EDGE_CURVE('',#6063,#6055,#6065,.T.);
#6063 = VERTEX_POINT('',#6064);
#6064 = CARTESIAN_POINT('',(-2.64,-0.3,7.4));
#6065 = LINE('',#6066,#6067);
#6066 = CARTESIAN_POINT('',(-2.64,-0.3,6.055738799212));
#6067 = VECTOR('',#6068,1.);
#6068 = DIRECTION('',(-0.,0.,-1.));
#6069 = ORIENTED_EDGE('',*,*,#6070,.T.);
#6070 = EDGE_CURVE('',#6063,#6071,#6073,.T.);
#6071 = VERTEX_POINT('',#6072);
#6072 = CARTESIAN_POINT('',(-2.44,-0.3,7.4));
#6073 = LINE('',#6074,#6075);
#6074 = CARTESIAN_POINT('',(-2.64,-0.3,7.4));
#6075 = VECTOR('',#6076,1.);
#6076 = DIRECTION('',(1.,-1.110223024625E-16,0.));
#6077 = ORIENTED_EDGE('',*,*,#6078,.T.);
#6078 = EDGE_CURVE('',#6071,#6079,#6081,.T.);
#6079 = VERTEX_POINT('',#6080);
#6080 = CARTESIAN_POINT('',(-2.44,-0.3,0.9));
#6081 = LINE('',#6082,#6083);
#6082 = CARTESIAN_POINT('',(-2.44,-0.3,6.055738799212));
#6083 = VECTOR('',#6084,1.);
#6084 = DIRECTION('',(-0.,0.,-1.));
#6085 = ORIENTED_EDGE('',*,*,#6086,.T.);
#6086 = EDGE_CURVE('',#6079,#5942,#6087,.T.);
#6087 = LINE('',#6088,#6089);
#6088 = CARTESIAN_POINT('',(-2.84,-0.3,0.9));
#6089 = VECTOR('',#6090,1.);
#6090 = DIRECTION('',(1.,-1.110223024625E-16,0.));
#6091 = ORIENTED_EDGE('',*,*,#5941,.F.);
#6092 = PLANE('',#6093);
#6093 = AXIS2_PLACEMENT_3D('',#6094,#6095,#6096);
#6094 = CARTESIAN_POINT('',(-2.84,-0.3,8.2));
#6095 = DIRECTION('',(-1.110223024625E-16,-1.,0.));
#6096 = DIRECTION('',(1.,-1.110223024625E-16,0.));
#6097 = ADVANCED_FACE('',(#6098),#6109,.T.);
#6098 = FACE_BOUND('',#6099,.T.);
#6099 = EDGE_LOOP('',(#6100,#6106,#6107,#6108));
#6100 = ORIENTED_EDGE('',*,*,#6101,.T.);
#6101 = EDGE_CURVE('',#4455,#4391,#6102,.T.);
#6102 = LINE('',#6103,#6104);
#6103 = CARTESIAN_POINT('',(0.1,-4.78,-2.5));
#6104 = VECTOR('',#6105,1.);
#6105 = DIRECTION('',(-1.,2.334869823773E-16,0.));
#6106 = ORIENTED_EDGE('',*,*,#4390,.T.);
#6107 = ORIENTED_EDGE('',*,*,#4375,.F.);
#6108 = ORIENTED_EDGE('',*,*,#4454,.F.);
#6109 = PLANE('',#6110);
#6110 = AXIS2_PLACEMENT_3D('',#6111,#6112,#6113);
#6111 = CARTESIAN_POINT('',(0.1,-4.78,-2.5));
#6112 = DIRECTION('',(2.334869823773E-16,1.,0.));
#6113 = DIRECTION('',(0.,-0.,1.));
#6114 = ADVANCED_FACE('',(#6115),#6126,.T.);
#6115 = FACE_BOUND('',#6116,.T.);
#6116 = EDGE_LOOP('',(#6117,#6123,#6124,#6125));
#6117 = ORIENTED_EDGE('',*,*,#6118,.T.);
#6118 = EDGE_CURVE('',#4480,#4416,#6119,.T.);
#6119 = LINE('',#6120,#6121);
#6120 = CARTESIAN_POINT('',(0.1,-4.93,-3.1));
#6121 = VECTOR('',#6122,1.);
#6122 = DIRECTION('',(-1.,2.334869823773E-16,0.));
#6123 = ORIENTED_EDGE('',*,*,#4423,.T.);
#6124 = ORIENTED_EDGE('',*,*,#6101,.F.);
#6125 = ORIENTED_EDGE('',*,*,#4487,.F.);
#6126 = PLANE('',#6127);
#6127 = AXIS2_PLACEMENT_3D('',#6128,#6129,#6130);
#6128 = CARTESIAN_POINT('',(0.1,-4.93,-3.1));
#6129 = DIRECTION('',(2.26515644835E-16,0.970142500145,-0.242535625036)
  );
#6130 = DIRECTION('',(5.662891120873E-17,0.242535625036,0.970142500145)
  );
#6131 = ADVANCED_FACE('',(#6132),#6143,.T.);
#6132 = FACE_BOUND('',#6133,.T.);
#6133 = EDGE_LOOP('',(#6134,#6140,#6141,#6142));
#6134 = ORIENTED_EDGE('',*,*,#6135,.T.);
#6135 = EDGE_CURVE('',#4472,#4408,#6136,.T.);
#6136 = LINE('',#6137,#6138);
#6137 = CARTESIAN_POINT('',(0.1,-5.23,-3.1));
#6138 = VECTOR('',#6139,1.);
#6139 = DIRECTION('',(-1.,2.334869823773E-16,0.));
#6140 = ORIENTED_EDGE('',*,*,#4415,.T.);
#6141 = ORIENTED_EDGE('',*,*,#6118,.F.);
#6142 = ORIENTED_EDGE('',*,*,#4479,.T.);
#6143 = PLANE('',#6144);
#6144 = AXIS2_PLACEMENT_3D('',#6145,#6146,#6147);
#6145 = CARTESIAN_POINT('',(0.1,-5.23,-3.1));
#6146 = DIRECTION('',(0.,0.,-1.));
#6147 = DIRECTION('',(2.334869823773E-16,1.,0.));
#6148 = ADVANCED_FACE('',(#6149),#6160,.T.);
#6149 = FACE_BOUND('',#6150,.T.);
#6150 = EDGE_LOOP('',(#6151,#6157,#6158,#6159));
#6151 = ORIENTED_EDGE('',*,*,#6152,.T.);
#6152 = EDGE_CURVE('',#4464,#4400,#6153,.T.);
#6153 = LINE('',#6154,#6155);
#6154 = CARTESIAN_POINT('',(0.1,-5.38,-2.5));
#6155 = VECTOR('',#6156,1.);
#6156 = DIRECTION('',(-1.,2.334869823773E-16,0.));
#6157 = ORIENTED_EDGE('',*,*,#4407,.T.);
#6158 = ORIENTED_EDGE('',*,*,#6135,.F.);
#6159 = ORIENTED_EDGE('',*,*,#4471,.F.);
#6160 = PLANE('',#6161);
#6161 = AXIS2_PLACEMENT_3D('',#6162,#6163,#6164);
#6162 = CARTESIAN_POINT('',(0.1,-5.38,-2.5));
#6163 = DIRECTION('',(-2.26515644835E-16,-0.970142500145,-0.242535625036
    ));
#6164 = DIRECTION('',(5.662891120873E-17,0.242535625036,-0.970142500145)
  );
#6165 = ADVANCED_FACE('',(#6166),#6172,.T.);
#6166 = FACE_BOUND('',#6167,.T.);
#6167 = EDGE_LOOP('',(#6168,#6169,#6170,#6171));
#6168 = ORIENTED_EDGE('',*,*,#4437,.T.);
#6169 = ORIENTED_EDGE('',*,*,#4399,.T.);
#6170 = ORIENTED_EDGE('',*,*,#6152,.F.);
#6171 = ORIENTED_EDGE('',*,*,#4463,.F.);
#6172 = PLANE('',#6173);
#6173 = AXIS2_PLACEMENT_3D('',#6174,#6175,#6176);
#6174 = CARTESIAN_POINT('',(0.1,-5.38,0.2));
#6175 = DIRECTION('',(-2.334869823773E-16,-1.,0.));
#6176 = DIRECTION('',(-0.,0.,-1.));
#6177 = ADVANCED_FACE('',(#6178),#6189,.T.);
#6178 = FACE_BOUND('',#6179,.T.);
#6179 = EDGE_LOOP('',(#6180,#6186,#6187,#6188));
#6180 = ORIENTED_EDGE('',*,*,#6181,.T.);
#6181 = EDGE_CURVE('',#4583,#4519,#6182,.T.);
#6182 = LINE('',#6183,#6184);
#6183 = CARTESIAN_POINT('',(0.1,-2.24,-2.5));
#6184 = VECTOR('',#6185,1.);
#6185 = DIRECTION('',(-1.,2.334869823773E-16,0.));
#6186 = ORIENTED_EDGE('',*,*,#4518,.T.);
#6187 = ORIENTED_EDGE('',*,*,#4503,.F.);
#6188 = ORIENTED_EDGE('',*,*,#4582,.F.);
#6189 = PLANE('',#6190);
#6190 = AXIS2_PLACEMENT_3D('',#6191,#6192,#6193);
#6191 = CARTESIAN_POINT('',(0.1,-2.24,-2.5));
#6192 = DIRECTION('',(2.334869823773E-16,1.,0.));
#6193 = DIRECTION('',(0.,-0.,1.));
#6194 = ADVANCED_FACE('',(#6195),#6206,.T.);
#6195 = FACE_BOUND('',#6196,.T.);
#6196 = EDGE_LOOP('',(#6197,#6203,#6204,#6205));
#6197 = ORIENTED_EDGE('',*,*,#6198,.T.);
#6198 = EDGE_CURVE('',#4608,#4544,#6199,.T.);
#6199 = LINE('',#6200,#6201);
#6200 = CARTESIAN_POINT('',(0.1,-2.39,-3.1));
#6201 = VECTOR('',#6202,1.);
#6202 = DIRECTION('',(-1.,2.334869823773E-16,0.));
#6203 = ORIENTED_EDGE('',*,*,#4551,.T.);
#6204 = ORIENTED_EDGE('',*,*,#6181,.F.);
#6205 = ORIENTED_EDGE('',*,*,#4615,.F.);
#6206 = PLANE('',#6207);
#6207 = AXIS2_PLACEMENT_3D('',#6208,#6209,#6210);
#6208 = CARTESIAN_POINT('',(0.1,-2.39,-3.1));
#6209 = DIRECTION('',(2.26515644835E-16,0.970142500145,-0.242535625036)
  );
#6210 = DIRECTION('',(5.662891120873E-17,0.242535625036,0.970142500145)
  );
#6211 = ADVANCED_FACE('',(#6212),#6223,.T.);
#6212 = FACE_BOUND('',#6213,.T.);
#6213 = EDGE_LOOP('',(#6214,#6220,#6221,#6222));
#6214 = ORIENTED_EDGE('',*,*,#6215,.T.);
#6215 = EDGE_CURVE('',#4600,#4536,#6216,.T.);
#6216 = LINE('',#6217,#6218);
#6217 = CARTESIAN_POINT('',(0.1,-2.69,-3.1));
#6218 = VECTOR('',#6219,1.);
#6219 = DIRECTION('',(-1.,2.334869823773E-16,0.));
#6220 = ORIENTED_EDGE('',*,*,#4543,.T.);
#6221 = ORIENTED_EDGE('',*,*,#6198,.F.);
#6222 = ORIENTED_EDGE('',*,*,#4607,.T.);
#6223 = PLANE('',#6224);
#6224 = AXIS2_PLACEMENT_3D('',#6225,#6226,#6227);
#6225 = CARTESIAN_POINT('',(0.1,-2.69,-3.1));
#6226 = DIRECTION('',(0.,0.,-1.));
#6227 = DIRECTION('',(2.334869823773E-16,1.,0.));
#6228 = ADVANCED_FACE('',(#6229),#6240,.T.);
#6229 = FACE_BOUND('',#6230,.T.);
#6230 = EDGE_LOOP('',(#6231,#6237,#6238,#6239));
#6231 = ORIENTED_EDGE('',*,*,#6232,.T.);
#6232 = EDGE_CURVE('',#4592,#4528,#6233,.T.);
#6233 = LINE('',#6234,#6235);
#6234 = CARTESIAN_POINT('',(0.1,-2.84,-2.5));
#6235 = VECTOR('',#6236,1.);
#6236 = DIRECTION('',(-1.,2.334869823773E-16,0.));
#6237 = ORIENTED_EDGE('',*,*,#4535,.T.);
#6238 = ORIENTED_EDGE('',*,*,#6215,.F.);
#6239 = ORIENTED_EDGE('',*,*,#4599,.F.);
#6240 = PLANE('',#6241);
#6241 = AXIS2_PLACEMENT_3D('',#6242,#6243,#6244);
#6242 = CARTESIAN_POINT('',(0.1,-2.84,-2.5));
#6243 = DIRECTION('',(-2.26515644835E-16,-0.970142500145,-0.242535625036
    ));
#6244 = DIRECTION('',(5.662891120873E-17,0.242535625036,-0.970142500145)
  );
#6245 = ADVANCED_FACE('',(#6246),#6252,.T.);
#6246 = FACE_BOUND('',#6247,.T.);
#6247 = EDGE_LOOP('',(#6248,#6249,#6250,#6251));
#6248 = ORIENTED_EDGE('',*,*,#4565,.T.);
#6249 = ORIENTED_EDGE('',*,*,#4527,.T.);
#6250 = ORIENTED_EDGE('',*,*,#6232,.F.);
#6251 = ORIENTED_EDGE('',*,*,#4591,.F.);
#6252 = PLANE('',#6253);
#6253 = AXIS2_PLACEMENT_3D('',#6254,#6255,#6256);
#6254 = CARTESIAN_POINT('',(0.1,-2.84,0.2));
#6255 = DIRECTION('',(-2.334869823773E-16,-1.,0.));
#6256 = DIRECTION('',(-0.,0.,-1.));
#6257 = ADVANCED_FACE('',(#6258),#6269,.T.);
#6258 = FACE_BOUND('',#6259,.T.);
#6259 = EDGE_LOOP('',(#6260,#6266,#6267,#6268));
#6260 = ORIENTED_EDGE('',*,*,#6261,.T.);
#6261 = EDGE_CURVE('',#4711,#4647,#6262,.T.);
#6262 = LINE('',#6263,#6264);
#6263 = CARTESIAN_POINT('',(0.1,0.3,-2.5));
#6264 = VECTOR('',#6265,1.);
#6265 = DIRECTION('',(-1.,2.334869823773E-16,0.));
#6266 = ORIENTED_EDGE('',*,*,#4646,.T.);
#6267 = ORIENTED_EDGE('',*,*,#4631,.F.);
#6268 = ORIENTED_EDGE('',*,*,#4710,.F.);
#6269 = PLANE('',#6270);
#6270 = AXIS2_PLACEMENT_3D('',#6271,#6272,#6273);
#6271 = CARTESIAN_POINT('',(0.1,0.3,-2.5));
#6272 = DIRECTION('',(2.334869823773E-16,1.,0.));
#6273 = DIRECTION('',(0.,-0.,1.));
#6274 = ADVANCED_FACE('',(#6275),#6286,.T.);
#6275 = FACE_BOUND('',#6276,.T.);
#6276 = EDGE_LOOP('',(#6277,#6283,#6284,#6285));
#6277 = ORIENTED_EDGE('',*,*,#6278,.T.);
#6278 = EDGE_CURVE('',#4736,#4672,#6279,.T.);
#6279 = LINE('',#6280,#6281);
#6280 = CARTESIAN_POINT('',(0.1,0.15,-3.1));
#6281 = VECTOR('',#6282,1.);
#6282 = DIRECTION('',(-1.,2.334869823773E-16,0.));
#6283 = ORIENTED_EDGE('',*,*,#4679,.T.);
#6284 = ORIENTED_EDGE('',*,*,#6261,.F.);
#6285 = ORIENTED_EDGE('',*,*,#4743,.F.);
#6286 = PLANE('',#6287);
#6287 = AXIS2_PLACEMENT_3D('',#6288,#6289,#6290);
#6288 = CARTESIAN_POINT('',(0.1,0.15,-3.1));
#6289 = DIRECTION('',(2.26515644835E-16,0.970142500145,-0.242535625036)
  );
#6290 = DIRECTION('',(5.662891120873E-17,0.242535625036,0.970142500145)
  );
#6291 = ADVANCED_FACE('',(#6292),#6303,.T.);
#6292 = FACE_BOUND('',#6293,.T.);
#6293 = EDGE_LOOP('',(#6294,#6300,#6301,#6302));
#6294 = ORIENTED_EDGE('',*,*,#6295,.T.);
#6295 = EDGE_CURVE('',#4728,#4664,#6296,.T.);
#6296 = LINE('',#6297,#6298);
#6297 = CARTESIAN_POINT('',(0.1,-0.15,-3.1));
#6298 = VECTOR('',#6299,1.);
#6299 = DIRECTION('',(-1.,2.334869823773E-16,0.));
#6300 = ORIENTED_EDGE('',*,*,#4671,.T.);
#6301 = ORIENTED_EDGE('',*,*,#6278,.F.);
#6302 = ORIENTED_EDGE('',*,*,#4735,.T.);
#6303 = PLANE('',#6304);
#6304 = AXIS2_PLACEMENT_3D('',#6305,#6306,#6307);
#6305 = CARTESIAN_POINT('',(0.1,-0.15,-3.1));
#6306 = DIRECTION('',(0.,0.,-1.));
#6307 = DIRECTION('',(2.334869823773E-16,1.,0.));
#6308 = ADVANCED_FACE('',(#6309),#6320,.T.);
#6309 = FACE_BOUND('',#6310,.T.);
#6310 = EDGE_LOOP('',(#6311,#6317,#6318,#6319));
#6311 = ORIENTED_EDGE('',*,*,#6312,.T.);
#6312 = EDGE_CURVE('',#4720,#4656,#6313,.T.);
#6313 = LINE('',#6314,#6315);
#6314 = CARTESIAN_POINT('',(0.1,-0.3,-2.5));
#6315 = VECTOR('',#6316,1.);
#6316 = DIRECTION('',(-1.,2.334869823773E-16,0.));
#6317 = ORIENTED_EDGE('',*,*,#4663,.T.);
#6318 = ORIENTED_EDGE('',*,*,#6295,.F.);
#6319 = ORIENTED_EDGE('',*,*,#4727,.F.);
#6320 = PLANE('',#6321);
#6321 = AXIS2_PLACEMENT_3D('',#6322,#6323,#6324);
#6322 = CARTESIAN_POINT('',(0.1,-0.3,-2.5));
#6323 = DIRECTION('',(-2.26515644835E-16,-0.970142500145,-0.242535625036
    ));
#6324 = DIRECTION('',(5.662891120873E-17,0.242535625036,-0.970142500145)
  );
#6325 = ADVANCED_FACE('',(#6326),#6332,.T.);
#6326 = FACE_BOUND('',#6327,.T.);
#6327 = EDGE_LOOP('',(#6328,#6329,#6330,#6331));
#6328 = ORIENTED_EDGE('',*,*,#4693,.T.);
#6329 = ORIENTED_EDGE('',*,*,#4655,.T.);
#6330 = ORIENTED_EDGE('',*,*,#6312,.F.);
#6331 = ORIENTED_EDGE('',*,*,#4719,.F.);
#6332 = PLANE('',#6333);
#6333 = AXIS2_PLACEMENT_3D('',#6334,#6335,#6336);
#6334 = CARTESIAN_POINT('',(0.1,-0.3,0.2));
#6335 = DIRECTION('',(-2.334869823773E-16,-1.,0.));
#6336 = DIRECTION('',(-0.,0.,-1.));
#6337 = ADVANCED_FACE('',(#6338),#6349,.T.);
#6338 = FACE_BOUND('',#6339,.T.);
#6339 = EDGE_LOOP('',(#6340,#6346,#6347,#6348));
#6340 = ORIENTED_EDGE('',*,*,#6341,.T.);
#6341 = EDGE_CURVE('',#4839,#4775,#6342,.T.);
#6342 = LINE('',#6343,#6344);
#6343 = CARTESIAN_POINT('',(-2.64,-5.38,-2.5));
#6344 = VECTOR('',#6345,1.);
#6345 = DIRECTION('',(1.,-1.110223024625E-16,0.));
#6346 = ORIENTED_EDGE('',*,*,#4774,.T.);
#6347 = ORIENTED_EDGE('',*,*,#4759,.F.);
#6348 = ORIENTED_EDGE('',*,*,#4838,.F.);
#6349 = PLANE('',#6350);
#6350 = AXIS2_PLACEMENT_3D('',#6351,#6352,#6353);
#6351 = CARTESIAN_POINT('',(-2.64,-5.38,-2.5));
#6352 = DIRECTION('',(-1.110223024625E-16,-1.,0.));
#6353 = DIRECTION('',(0.,0.,1.));
#6354 = ADVANCED_FACE('',(#6355),#6366,.T.);
#6355 = FACE_BOUND('',#6356,.T.);
#6356 = EDGE_LOOP('',(#6357,#6363,#6364,#6365));
#6357 = ORIENTED_EDGE('',*,*,#6358,.T.);
#6358 = EDGE_CURVE('',#4864,#4800,#6359,.T.);
#6359 = LINE('',#6360,#6361);
#6360 = CARTESIAN_POINT('',(-2.64,-5.23,-3.1));
#6361 = VECTOR('',#6362,1.);
#6362 = DIRECTION('',(1.,-1.110223024625E-16,0.));
#6363 = ORIENTED_EDGE('',*,*,#4807,.T.);
#6364 = ORIENTED_EDGE('',*,*,#6341,.F.);
#6365 = ORIENTED_EDGE('',*,*,#4871,.F.);
#6366 = PLANE('',#6367);
#6367 = AXIS2_PLACEMENT_3D('',#6368,#6369,#6370);
#6368 = CARTESIAN_POINT('',(-2.64,-5.23,-3.1));
#6369 = DIRECTION('',(-1.077074540829E-16,-0.970142500145,
    -0.242535625036));
#6370 = DIRECTION('',(-2.692686352073E-17,-0.242535625036,0.970142500145
    ));
#6371 = ADVANCED_FACE('',(#6372),#6383,.T.);
#6372 = FACE_BOUND('',#6373,.T.);
#6373 = EDGE_LOOP('',(#6374,#6380,#6381,#6382));
#6374 = ORIENTED_EDGE('',*,*,#6375,.T.);
#6375 = EDGE_CURVE('',#4856,#4792,#6376,.T.);
#6376 = LINE('',#6377,#6378);
#6377 = CARTESIAN_POINT('',(-2.64,-4.93,-3.1));
#6378 = VECTOR('',#6379,1.);
#6379 = DIRECTION('',(1.,-1.110223024625E-16,0.));
#6380 = ORIENTED_EDGE('',*,*,#4799,.T.);
#6381 = ORIENTED_EDGE('',*,*,#6358,.F.);
#6382 = ORIENTED_EDGE('',*,*,#4863,.T.);
#6383 = PLANE('',#6384);
#6384 = AXIS2_PLACEMENT_3D('',#6385,#6386,#6387);
#6385 = CARTESIAN_POINT('',(-2.64,-4.93,-3.1));
#6386 = DIRECTION('',(0.,-0.,-1.));
#6387 = DIRECTION('',(-1.110223024625E-16,-1.,0.));
#6388 = ADVANCED_FACE('',(#6389),#6400,.T.);
#6389 = FACE_BOUND('',#6390,.T.);
#6390 = EDGE_LOOP('',(#6391,#6397,#6398,#6399));
#6391 = ORIENTED_EDGE('',*,*,#6392,.T.);
#6392 = EDGE_CURVE('',#4848,#4784,#6393,.T.);
#6393 = LINE('',#6394,#6395);
#6394 = CARTESIAN_POINT('',(-2.64,-4.78,-2.5));
#6395 = VECTOR('',#6396,1.);
#6396 = DIRECTION('',(1.,-1.110223024625E-16,0.));
#6397 = ORIENTED_EDGE('',*,*,#4791,.T.);
#6398 = ORIENTED_EDGE('',*,*,#6375,.F.);
#6399 = ORIENTED_EDGE('',*,*,#4855,.F.);
#6400 = PLANE('',#6401);
#6401 = AXIS2_PLACEMENT_3D('',#6402,#6403,#6404);
#6402 = CARTESIAN_POINT('',(-2.64,-4.78,-2.5));
#6403 = DIRECTION('',(1.077074540829E-16,0.970142500145,-0.242535625036)
  );
#6404 = DIRECTION('',(-2.692686352073E-17,-0.242535625036,
    -0.970142500145));
#6405 = ADVANCED_FACE('',(#6406),#6412,.T.);
#6406 = FACE_BOUND('',#6407,.T.);
#6407 = EDGE_LOOP('',(#6408,#6409,#6410,#6411));
#6408 = ORIENTED_EDGE('',*,*,#4821,.T.);
#6409 = ORIENTED_EDGE('',*,*,#4783,.T.);
#6410 = ORIENTED_EDGE('',*,*,#6392,.F.);
#6411 = ORIENTED_EDGE('',*,*,#4847,.F.);
#6412 = PLANE('',#6413);
#6413 = AXIS2_PLACEMENT_3D('',#6414,#6415,#6416);
#6414 = CARTESIAN_POINT('',(-2.64,-4.78,0.2));
#6415 = DIRECTION('',(1.110223024625E-16,1.,0.));
#6416 = DIRECTION('',(0.,0.,-1.));
#6417 = ADVANCED_FACE('',(#6418),#6429,.T.);
#6418 = FACE_BOUND('',#6419,.T.);
#6419 = EDGE_LOOP('',(#6420,#6426,#6427,#6428));
#6420 = ORIENTED_EDGE('',*,*,#6421,.T.);
#6421 = EDGE_CURVE('',#4967,#4903,#6422,.T.);
#6422 = LINE('',#6423,#6424);
#6423 = CARTESIAN_POINT('',(-2.64,-2.84,-2.5));
#6424 = VECTOR('',#6425,1.);
#6425 = DIRECTION('',(1.,-1.110223024625E-16,0.));
#6426 = ORIENTED_EDGE('',*,*,#4902,.T.);
#6427 = ORIENTED_EDGE('',*,*,#4887,.F.);
#6428 = ORIENTED_EDGE('',*,*,#4966,.F.);
#6429 = PLANE('',#6430);
#6430 = AXIS2_PLACEMENT_3D('',#6431,#6432,#6433);
#6431 = CARTESIAN_POINT('',(-2.64,-2.84,-2.5));
#6432 = DIRECTION('',(-1.110223024625E-16,-1.,0.));
#6433 = DIRECTION('',(0.,0.,1.));
#6434 = ADVANCED_FACE('',(#6435),#6446,.T.);
#6435 = FACE_BOUND('',#6436,.T.);
#6436 = EDGE_LOOP('',(#6437,#6443,#6444,#6445));
#6437 = ORIENTED_EDGE('',*,*,#6438,.T.);
#6438 = EDGE_CURVE('',#4992,#4928,#6439,.T.);
#6439 = LINE('',#6440,#6441);
#6440 = CARTESIAN_POINT('',(-2.64,-2.69,-3.1));
#6441 = VECTOR('',#6442,1.);
#6442 = DIRECTION('',(1.,-1.110223024625E-16,0.));
#6443 = ORIENTED_EDGE('',*,*,#4935,.T.);
#6444 = ORIENTED_EDGE('',*,*,#6421,.F.);
#6445 = ORIENTED_EDGE('',*,*,#4999,.F.);
#6446 = PLANE('',#6447);
#6447 = AXIS2_PLACEMENT_3D('',#6448,#6449,#6450);
#6448 = CARTESIAN_POINT('',(-2.64,-2.69,-3.1));
#6449 = DIRECTION('',(-1.077074540829E-16,-0.970142500145,
    -0.242535625036));
#6450 = DIRECTION('',(-2.692686352073E-17,-0.242535625036,0.970142500145
    ));
#6451 = ADVANCED_FACE('',(#6452),#6463,.T.);
#6452 = FACE_BOUND('',#6453,.T.);
#6453 = EDGE_LOOP('',(#6454,#6460,#6461,#6462));
#6454 = ORIENTED_EDGE('',*,*,#6455,.T.);
#6455 = EDGE_CURVE('',#4984,#4920,#6456,.T.);
#6456 = LINE('',#6457,#6458);
#6457 = CARTESIAN_POINT('',(-2.64,-2.39,-3.1));
#6458 = VECTOR('',#6459,1.);
#6459 = DIRECTION('',(1.,-1.110223024625E-16,0.));
#6460 = ORIENTED_EDGE('',*,*,#4927,.T.);
#6461 = ORIENTED_EDGE('',*,*,#6438,.F.);
#6462 = ORIENTED_EDGE('',*,*,#4991,.T.);
#6463 = PLANE('',#6464);
#6464 = AXIS2_PLACEMENT_3D('',#6465,#6466,#6467);
#6465 = CARTESIAN_POINT('',(-2.64,-2.39,-3.1));
#6466 = DIRECTION('',(0.,-0.,-1.));
#6467 = DIRECTION('',(-1.110223024625E-16,-1.,0.));
#6468 = ADVANCED_FACE('',(#6469),#6480,.T.);
#6469 = FACE_BOUND('',#6470,.T.);
#6470 = EDGE_LOOP('',(#6471,#6477,#6478,#6479));
#6471 = ORIENTED_EDGE('',*,*,#6472,.T.);
#6472 = EDGE_CURVE('',#4976,#4912,#6473,.T.);
#6473 = LINE('',#6474,#6475);
#6474 = CARTESIAN_POINT('',(-2.64,-2.24,-2.5));
#6475 = VECTOR('',#6476,1.);
#6476 = DIRECTION('',(1.,-1.110223024625E-16,0.));
#6477 = ORIENTED_EDGE('',*,*,#4919,.T.);
#6478 = ORIENTED_EDGE('',*,*,#6455,.F.);
#6479 = ORIENTED_EDGE('',*,*,#4983,.F.);
#6480 = PLANE('',#6481);
#6481 = AXIS2_PLACEMENT_3D('',#6482,#6483,#6484);
#6482 = CARTESIAN_POINT('',(-2.64,-2.24,-2.5));
#6483 = DIRECTION('',(1.077074540829E-16,0.970142500145,-0.242535625036)
  );
#6484 = DIRECTION('',(-2.692686352073E-17,-0.242535625036,
    -0.970142500145));
#6485 = ADVANCED_FACE('',(#6486),#6492,.T.);
#6486 = FACE_BOUND('',#6487,.T.);
#6487 = EDGE_LOOP('',(#6488,#6489,#6490,#6491));
#6488 = ORIENTED_EDGE('',*,*,#4949,.T.);
#6489 = ORIENTED_EDGE('',*,*,#4911,.T.);
#6490 = ORIENTED_EDGE('',*,*,#6472,.F.);
#6491 = ORIENTED_EDGE('',*,*,#4975,.F.);
#6492 = PLANE('',#6493);
#6493 = AXIS2_PLACEMENT_3D('',#6494,#6495,#6496);
#6494 = CARTESIAN_POINT('',(-2.64,-2.24,0.2));
#6495 = DIRECTION('',(1.110223024625E-16,1.,0.));
#6496 = DIRECTION('',(0.,0.,-1.));
#6497 = ADVANCED_FACE('',(#6498),#6509,.T.);
#6498 = FACE_BOUND('',#6499,.T.);
#6499 = EDGE_LOOP('',(#6500,#6506,#6507,#6508));
#6500 = ORIENTED_EDGE('',*,*,#6501,.T.);
#6501 = EDGE_CURVE('',#5095,#5031,#6502,.T.);
#6502 = LINE('',#6503,#6504);
#6503 = CARTESIAN_POINT('',(-2.64,-0.3,-2.5));
#6504 = VECTOR('',#6505,1.);
#6505 = DIRECTION('',(1.,-1.110223024625E-16,0.));
#6506 = ORIENTED_EDGE('',*,*,#5030,.T.);
#6507 = ORIENTED_EDGE('',*,*,#5015,.F.);
#6508 = ORIENTED_EDGE('',*,*,#5094,.F.);
#6509 = PLANE('',#6510);
#6510 = AXIS2_PLACEMENT_3D('',#6511,#6512,#6513);
#6511 = CARTESIAN_POINT('',(-2.64,-0.3,-2.5));
#6512 = DIRECTION('',(-1.110223024625E-16,-1.,0.));
#6513 = DIRECTION('',(0.,0.,1.));
#6514 = ADVANCED_FACE('',(#6515),#6526,.T.);
#6515 = FACE_BOUND('',#6516,.T.);
#6516 = EDGE_LOOP('',(#6517,#6523,#6524,#6525));
#6517 = ORIENTED_EDGE('',*,*,#6518,.T.);
#6518 = EDGE_CURVE('',#5120,#5056,#6519,.T.);
#6519 = LINE('',#6520,#6521);
#6520 = CARTESIAN_POINT('',(-2.64,-0.15,-3.1));
#6521 = VECTOR('',#6522,1.);
#6522 = DIRECTION('',(1.,-1.110223024625E-16,0.));
#6523 = ORIENTED_EDGE('',*,*,#5063,.T.);
#6524 = ORIENTED_EDGE('',*,*,#6501,.F.);
#6525 = ORIENTED_EDGE('',*,*,#5127,.F.);
#6526 = PLANE('',#6527);
#6527 = AXIS2_PLACEMENT_3D('',#6528,#6529,#6530);
#6528 = CARTESIAN_POINT('',(-2.64,-0.15,-3.1));
#6529 = DIRECTION('',(-1.077074540829E-16,-0.970142500145,
    -0.242535625036));
#6530 = DIRECTION('',(-2.692686352073E-17,-0.242535625036,0.970142500145
    ));
#6531 = ADVANCED_FACE('',(#6532),#6543,.T.);
#6532 = FACE_BOUND('',#6533,.T.);
#6533 = EDGE_LOOP('',(#6534,#6540,#6541,#6542));
#6534 = ORIENTED_EDGE('',*,*,#6535,.T.);
#6535 = EDGE_CURVE('',#5112,#5048,#6536,.T.);
#6536 = LINE('',#6537,#6538);
#6537 = CARTESIAN_POINT('',(-2.64,0.15,-3.1));
#6538 = VECTOR('',#6539,1.);
#6539 = DIRECTION('',(1.,-1.110223024625E-16,0.));
#6540 = ORIENTED_EDGE('',*,*,#5055,.T.);
#6541 = ORIENTED_EDGE('',*,*,#6518,.F.);
#6542 = ORIENTED_EDGE('',*,*,#5119,.T.);
#6543 = PLANE('',#6544);
#6544 = AXIS2_PLACEMENT_3D('',#6545,#6546,#6547);
#6545 = CARTESIAN_POINT('',(-2.64,0.15,-3.1));
#6546 = DIRECTION('',(0.,-0.,-1.));
#6547 = DIRECTION('',(-1.110223024625E-16,-1.,0.));
#6548 = ADVANCED_FACE('',(#6549),#6560,.T.);
#6549 = FACE_BOUND('',#6550,.T.);
#6550 = EDGE_LOOP('',(#6551,#6557,#6558,#6559));
#6551 = ORIENTED_EDGE('',*,*,#6552,.T.);
#6552 = EDGE_CURVE('',#5104,#5040,#6553,.T.);
#6553 = LINE('',#6554,#6555);
#6554 = CARTESIAN_POINT('',(-2.64,0.3,-2.5));
#6555 = VECTOR('',#6556,1.);
#6556 = DIRECTION('',(1.,-1.110223024625E-16,0.));
#6557 = ORIENTED_EDGE('',*,*,#5047,.T.);
#6558 = ORIENTED_EDGE('',*,*,#6535,.F.);
#6559 = ORIENTED_EDGE('',*,*,#5111,.F.);
#6560 = PLANE('',#6561);
#6561 = AXIS2_PLACEMENT_3D('',#6562,#6563,#6564);
#6562 = CARTESIAN_POINT('',(-2.64,0.3,-2.5));
#6563 = DIRECTION('',(1.077074540829E-16,0.970142500145,-0.242535625036)
  );
#6564 = DIRECTION('',(-2.692686352073E-17,-0.242535625036,
    -0.970142500145));
#6565 = ADVANCED_FACE('',(#6566),#6572,.T.);
#6566 = FACE_BOUND('',#6567,.T.);
#6567 = EDGE_LOOP('',(#6568,#6569,#6570,#6571));
#6568 = ORIENTED_EDGE('',*,*,#5077,.T.);
#6569 = ORIENTED_EDGE('',*,*,#5039,.T.);
#6570 = ORIENTED_EDGE('',*,*,#6552,.F.);
#6571 = ORIENTED_EDGE('',*,*,#5103,.F.);
#6572 = PLANE('',#6573);
#6573 = AXIS2_PLACEMENT_3D('',#6574,#6575,#6576);
#6574 = CARTESIAN_POINT('',(-2.64,0.3,0.2));
#6575 = DIRECTION('',(1.110223024625E-16,1.,0.));
#6576 = DIRECTION('',(0.,0.,-1.));
#6577 = ADVANCED_FACE('',(#6578),#6589,.T.);
#6578 = FACE_BOUND('',#6579,.T.);
#6579 = EDGE_LOOP('',(#6580,#6581,#6582,#6583));
#6580 = ORIENTED_EDGE('',*,*,#5286,.T.);
#6581 = ORIENTED_EDGE('',*,*,#5149,.T.);
#6582 = ORIENTED_EDGE('',*,*,#5174,.T.);
#6583 = ORIENTED_EDGE('',*,*,#6584,.T.);
#6584 = EDGE_CURVE('',#5175,#5279,#6585,.T.);
#6585 = LINE('',#6586,#6587);
#6586 = CARTESIAN_POINT('',(-0.1,-5.08,0.9));
#6587 = VECTOR('',#6588,1.);
#6588 = DIRECTION('',(2.334869823773E-16,1.,-0.));
#6589 = PLANE('',#6590);
#6590 = AXIS2_PLACEMENT_3D('',#6591,#6592,#6593);
#6591 = CARTESIAN_POINT('',(-7.860379014346E-16,-5.08,0.9));
#6592 = DIRECTION('',(0.,0.,1.));
#6593 = DIRECTION('',(-2.334869823773E-16,-1.,0.));
#6594 = ADVANCED_FACE('',(#6595),#6606,.T.);
#6595 = FACE_BOUND('',#6596,.T.);
#6596 = EDGE_LOOP('',(#6597,#6598,#6604,#6605));
#6597 = ORIENTED_EDGE('',*,*,#5254,.T.);
#6598 = ORIENTED_EDGE('',*,*,#6599,.F.);
#6599 = EDGE_CURVE('',#5199,#5255,#6600,.T.);
#6600 = LINE('',#6601,#6602);
#6601 = CARTESIAN_POINT('',(0.1,-5.08,0.9));
#6602 = VECTOR('',#6603,1.);
#6603 = DIRECTION('',(2.334869823773E-16,1.,-0.));
#6604 = ORIENTED_EDGE('',*,*,#5206,.T.);
#6605 = ORIENTED_EDGE('',*,*,#5229,.T.);
#6606 = PLANE('',#6607);
#6607 = AXIS2_PLACEMENT_3D('',#6608,#6609,#6610);
#6608 = CARTESIAN_POINT('',(-7.860379014346E-16,-5.08,0.9));
#6609 = DIRECTION('',(0.,0.,1.));
#6610 = DIRECTION('',(-2.334869823773E-16,-1.,0.));
#6611 = ADVANCED_FACE('',(#6612),#6655,.T.);
#6612 = FACE_BOUND('',#6613,.T.);
#6613 = EDGE_LOOP('',(#6614,#6615,#6623,#6631,#6639,#6647,#6653,#6654));
#6614 = ORIENTED_EDGE('',*,*,#5262,.F.);
#6615 = ORIENTED_EDGE('',*,*,#6616,.T.);
#6616 = EDGE_CURVE('',#5263,#6617,#6619,.T.);
#6617 = VERTEX_POINT('',#6618);
#6618 = CARTESIAN_POINT('',(0.1,-4.83,7.35));
#6619 = LINE('',#6620,#6621);
#6620 = CARTESIAN_POINT('',(0.1,-4.78,7.4));
#6621 = VECTOR('',#6622,1.);
#6622 = DIRECTION('',(-1.651002285576E-16,-0.707106781187,
    -0.707106781187));
#6623 = ORIENTED_EDGE('',*,*,#6624,.T.);
#6624 = EDGE_CURVE('',#6617,#6625,#6627,.T.);
#6625 = VERTEX_POINT('',#6626);
#6626 = CARTESIAN_POINT('',(0.1,-4.83,1.25));
#6627 = LINE('',#6628,#6629);
#6628 = CARTESIAN_POINT('',(0.1,-4.83,7.35));
#6629 = VECTOR('',#6630,1.);
#6630 = DIRECTION('',(-0.,0.,-1.));
#6631 = ORIENTED_EDGE('',*,*,#6632,.T.);
#6632 = EDGE_CURVE('',#6625,#6633,#6635,.T.);
#6633 = VERTEX_POINT('',#6634);
#6634 = CARTESIAN_POINT('',(0.1,-5.33,1.25));
#6635 = LINE('',#6636,#6637);
#6636 = CARTESIAN_POINT('',(0.1,-4.83,1.25));
#6637 = VECTOR('',#6638,1.);
#6638 = DIRECTION('',(-2.334869823773E-16,-1.,0.));
#6639 = ORIENTED_EDGE('',*,*,#6640,.T.);
#6640 = EDGE_CURVE('',#6633,#6641,#6643,.T.);
#6641 = VERTEX_POINT('',#6642);
#6642 = CARTESIAN_POINT('',(0.1,-5.33,7.35));
#6643 = LINE('',#6644,#6645);
#6644 = CARTESIAN_POINT('',(0.1,-5.33,1.25));
#6645 = VECTOR('',#6646,1.);
#6646 = DIRECTION('',(0.,0.,1.));
#6647 = ORIENTED_EDGE('',*,*,#6648,.T.);
#6648 = EDGE_CURVE('',#6641,#5191,#6649,.T.);
#6649 = LINE('',#6650,#6651);
#6650 = CARTESIAN_POINT('',(0.1,-5.33,7.35));
#6651 = VECTOR('',#6652,1.);
#6652 = DIRECTION('',(-1.651002285576E-16,-0.707106781187,0.707106781187
    ));
#6653 = ORIENTED_EDGE('',*,*,#5198,.F.);
#6654 = ORIENTED_EDGE('',*,*,#6599,.T.);
#6655 = PLANE('',#6656);
#6656 = AXIS2_PLACEMENT_3D('',#6657,#6658,#6659);
#6657 = CARTESIAN_POINT('',(0.1,-5.08,3.911477598424));
#6658 = DIRECTION('',(1.,-2.334869823773E-16,0.));
#6659 = DIRECTION('',(0.,0.,1.));
#6660 = ADVANCED_FACE('',(#6661),#6679,.T.);
#6661 = FACE_BOUND('',#6662,.T.);
#6662 = EDGE_LOOP('',(#6663,#6671,#6677,#6678));
#6663 = ORIENTED_EDGE('',*,*,#6664,.T.);
#6664 = EDGE_CURVE('',#6641,#6665,#6667,.T.);
#6665 = VERTEX_POINT('',#6666);
#6666 = CARTESIAN_POINT('',(-0.1,-5.33,7.35));
#6667 = LINE('',#6668,#6669);
#6668 = CARTESIAN_POINT('',(0.1,-5.33,7.35));
#6669 = VECTOR('',#6670,1.);
#6670 = DIRECTION('',(-1.,2.334869823773E-16,0.));
#6671 = ORIENTED_EDGE('',*,*,#6672,.T.);
#6672 = EDGE_CURVE('',#6665,#5183,#6673,.T.);
#6673 = LINE('',#6674,#6675);
#6674 = CARTESIAN_POINT('',(-0.1,-5.33,7.35));
#6675 = VECTOR('',#6676,1.);
#6676 = DIRECTION('',(-1.651002285576E-16,-0.707106781187,0.707106781187
    ));
#6677 = ORIENTED_EDGE('',*,*,#5190,.F.);
#6678 = ORIENTED_EDGE('',*,*,#6648,.F.);
#6679 = PLANE('',#6680);
#6680 = AXIS2_PLACEMENT_3D('',#6681,#6682,#6683);
#6681 = CARTESIAN_POINT('',(0.1,-5.33,7.35));
#6682 = DIRECTION('',(1.651002285576E-16,0.707106781187,0.707106781187)
  );
#6683 = DIRECTION('',(-1.651002285576E-16,-0.707106781187,0.707106781187
    ));
#6684 = ADVANCED_FACE('',(#6685),#6721,.F.);
#6685 = FACE_BOUND('',#6686,.F.);
#6686 = EDGE_LOOP('',(#6687,#6688,#6696,#6704,#6712,#6718,#6719,#6720));
#6687 = ORIENTED_EDGE('',*,*,#5278,.F.);
#6688 = ORIENTED_EDGE('',*,*,#6689,.T.);
#6689 = EDGE_CURVE('',#5271,#6690,#6692,.T.);
#6690 = VERTEX_POINT('',#6691);
#6691 = CARTESIAN_POINT('',(-0.1,-4.83,7.35));
#6692 = LINE('',#6693,#6694);
#6693 = CARTESIAN_POINT('',(-0.1,-4.78,7.4));
#6694 = VECTOR('',#6695,1.);
#6695 = DIRECTION('',(-1.651002285576E-16,-0.707106781187,
    -0.707106781187));
#6696 = ORIENTED_EDGE('',*,*,#6697,.T.);
#6697 = EDGE_CURVE('',#6690,#6698,#6700,.T.);
#6698 = VERTEX_POINT('',#6699);
#6699 = CARTESIAN_POINT('',(-0.1,-4.83,1.25));
#6700 = LINE('',#6701,#6702);
#6701 = CARTESIAN_POINT('',(-0.1,-4.83,7.35));
#6702 = VECTOR('',#6703,1.);
#6703 = DIRECTION('',(-0.,0.,-1.));
#6704 = ORIENTED_EDGE('',*,*,#6705,.T.);
#6705 = EDGE_CURVE('',#6698,#6706,#6708,.T.);
#6706 = VERTEX_POINT('',#6707);
#6707 = CARTESIAN_POINT('',(-0.1,-5.33,1.25));
#6708 = LINE('',#6709,#6710);
#6709 = CARTESIAN_POINT('',(-0.1,-4.83,1.25));
#6710 = VECTOR('',#6711,1.);
#6711 = DIRECTION('',(-2.334869823773E-16,-1.,0.));
#6712 = ORIENTED_EDGE('',*,*,#6713,.T.);
#6713 = EDGE_CURVE('',#6706,#6665,#6714,.T.);
#6714 = LINE('',#6715,#6716);
#6715 = CARTESIAN_POINT('',(-0.1,-5.33,1.25));
#6716 = VECTOR('',#6717,1.);
#6717 = DIRECTION('',(0.,0.,1.));
#6718 = ORIENTED_EDGE('',*,*,#6672,.T.);
#6719 = ORIENTED_EDGE('',*,*,#5182,.F.);
#6720 = ORIENTED_EDGE('',*,*,#6584,.T.);
#6721 = PLANE('',#6722);
#6722 = AXIS2_PLACEMENT_3D('',#6723,#6724,#6725);
#6723 = CARTESIAN_POINT('',(-0.1,-5.08,3.911477598424));
#6724 = DIRECTION('',(1.,-2.334869823773E-16,0.));
#6725 = DIRECTION('',(0.,0.,1.));
#6726 = ADVANCED_FACE('',(#6727),#6738,.T.);
#6727 = FACE_BOUND('',#6728,.T.);
#6728 = EDGE_LOOP('',(#6729,#6730,#6731,#6737));
#6729 = ORIENTED_EDGE('',*,*,#5270,.T.);
#6730 = ORIENTED_EDGE('',*,*,#6689,.T.);
#6731 = ORIENTED_EDGE('',*,*,#6732,.F.);
#6732 = EDGE_CURVE('',#6617,#6690,#6733,.T.);
#6733 = LINE('',#6734,#6735);
#6734 = CARTESIAN_POINT('',(0.1,-4.83,7.35));
#6735 = VECTOR('',#6736,1.);
#6736 = DIRECTION('',(-1.,2.334869823773E-16,0.));
#6737 = ORIENTED_EDGE('',*,*,#6616,.F.);
#6738 = PLANE('',#6739);
#6739 = AXIS2_PLACEMENT_3D('',#6740,#6741,#6742);
#6740 = CARTESIAN_POINT('',(0.1,-4.78,7.4));
#6741 = DIRECTION('',(-1.651002285576E-16,-0.707106781187,0.707106781187
    ));
#6742 = DIRECTION('',(-1.651002285576E-16,-0.707106781187,
    -0.707106781187));
#6743 = ADVANCED_FACE('',(#6744),#6755,.T.);
#6744 = FACE_BOUND('',#6745,.T.);
#6745 = EDGE_LOOP('',(#6746,#6747,#6748,#6749));
#6746 = ORIENTED_EDGE('',*,*,#5446,.T.);
#6747 = ORIENTED_EDGE('',*,*,#5309,.T.);
#6748 = ORIENTED_EDGE('',*,*,#5334,.T.);
#6749 = ORIENTED_EDGE('',*,*,#6750,.T.);
#6750 = EDGE_CURVE('',#5335,#5439,#6751,.T.);
#6751 = LINE('',#6752,#6753);
#6752 = CARTESIAN_POINT('',(-0.1,-2.54,0.9));
#6753 = VECTOR('',#6754,1.);
#6754 = DIRECTION('',(2.334869823773E-16,1.,-0.));
#6755 = PLANE('',#6756);
#6756 = AXIS2_PLACEMENT_3D('',#6757,#6758,#6759);
#6757 = CARTESIAN_POINT('',(-2.819966482548E-16,-2.54,0.9));
#6758 = DIRECTION('',(0.,0.,1.));
#6759 = DIRECTION('',(-2.334869823773E-16,-1.,0.));
#6760 = ADVANCED_FACE('',(#6761),#6772,.T.);
#6761 = FACE_BOUND('',#6762,.T.);
#6762 = EDGE_LOOP('',(#6763,#6764,#6770,#6771));
#6763 = ORIENTED_EDGE('',*,*,#5414,.T.);
#6764 = ORIENTED_EDGE('',*,*,#6765,.F.);
#6765 = EDGE_CURVE('',#5359,#5415,#6766,.T.);
#6766 = LINE('',#6767,#6768);
#6767 = CARTESIAN_POINT('',(0.1,-2.54,0.9));
#6768 = VECTOR('',#6769,1.);
#6769 = DIRECTION('',(2.334869823773E-16,1.,-0.));
#6770 = ORIENTED_EDGE('',*,*,#5366,.T.);
#6771 = ORIENTED_EDGE('',*,*,#5389,.T.);
#6772 = PLANE('',#6773);
#6773 = AXIS2_PLACEMENT_3D('',#6774,#6775,#6776);
#6774 = CARTESIAN_POINT('',(-2.819966482548E-16,-2.54,0.9));
#6775 = DIRECTION('',(0.,0.,1.));
#6776 = DIRECTION('',(-2.334869823773E-16,-1.,0.));
#6777 = ADVANCED_FACE('',(#6778),#6821,.T.);
#6778 = FACE_BOUND('',#6779,.T.);
#6779 = EDGE_LOOP('',(#6780,#6781,#6789,#6797,#6805,#6813,#6819,#6820));
#6780 = ORIENTED_EDGE('',*,*,#5422,.F.);
#6781 = ORIENTED_EDGE('',*,*,#6782,.T.);
#6782 = EDGE_CURVE('',#5423,#6783,#6785,.T.);
#6783 = VERTEX_POINT('',#6784);
#6784 = CARTESIAN_POINT('',(0.1,-2.29,7.35));
#6785 = LINE('',#6786,#6787);
#6786 = CARTESIAN_POINT('',(0.1,-2.24,7.4));
#6787 = VECTOR('',#6788,1.);
#6788 = DIRECTION('',(-1.651002285576E-16,-0.707106781187,
    -0.707106781187));
#6789 = ORIENTED_EDGE('',*,*,#6790,.T.);
#6790 = EDGE_CURVE('',#6783,#6791,#6793,.T.);
#6791 = VERTEX_POINT('',#6792);
#6792 = CARTESIAN_POINT('',(0.1,-2.29,1.25));
#6793 = LINE('',#6794,#6795);
#6794 = CARTESIAN_POINT('',(0.1,-2.29,7.35));
#6795 = VECTOR('',#6796,1.);
#6796 = DIRECTION('',(-0.,0.,-1.));
#6797 = ORIENTED_EDGE('',*,*,#6798,.T.);
#6798 = EDGE_CURVE('',#6791,#6799,#6801,.T.);
#6799 = VERTEX_POINT('',#6800);
#6800 = CARTESIAN_POINT('',(0.1,-2.79,1.25));
#6801 = LINE('',#6802,#6803);
#6802 = CARTESIAN_POINT('',(0.1,-2.29,1.25));
#6803 = VECTOR('',#6804,1.);
#6804 = DIRECTION('',(-2.334869823773E-16,-1.,0.));
#6805 = ORIENTED_EDGE('',*,*,#6806,.T.);
#6806 = EDGE_CURVE('',#6799,#6807,#6809,.T.);
#6807 = VERTEX_POINT('',#6808);
#6808 = CARTESIAN_POINT('',(0.1,-2.79,7.35));
#6809 = LINE('',#6810,#6811);
#6810 = CARTESIAN_POINT('',(0.1,-2.79,1.25));
#6811 = VECTOR('',#6812,1.);
#6812 = DIRECTION('',(0.,0.,1.));
#6813 = ORIENTED_EDGE('',*,*,#6814,.T.);
#6814 = EDGE_CURVE('',#6807,#5351,#6815,.T.);
#6815 = LINE('',#6816,#6817);
#6816 = CARTESIAN_POINT('',(0.1,-2.79,7.35));
#6817 = VECTOR('',#6818,1.);
#6818 = DIRECTION('',(-1.651002285576E-16,-0.707106781187,0.707106781187
    ));
#6819 = ORIENTED_EDGE('',*,*,#5358,.F.);
#6820 = ORIENTED_EDGE('',*,*,#6765,.T.);
#6821 = PLANE('',#6822);
#6822 = AXIS2_PLACEMENT_3D('',#6823,#6824,#6825);
#6823 = CARTESIAN_POINT('',(0.1,-2.54,3.911477598424));
#6824 = DIRECTION('',(1.,-2.334869823773E-16,0.));
#6825 = DIRECTION('',(0.,0.,1.));
#6826 = ADVANCED_FACE('',(#6827),#6845,.T.);
#6827 = FACE_BOUND('',#6828,.T.);
#6828 = EDGE_LOOP('',(#6829,#6837,#6843,#6844));
#6829 = ORIENTED_EDGE('',*,*,#6830,.T.);
#6830 = EDGE_CURVE('',#6807,#6831,#6833,.T.);
#6831 = VERTEX_POINT('',#6832);
#6832 = CARTESIAN_POINT('',(-0.1,-2.79,7.35));
#6833 = LINE('',#6834,#6835);
#6834 = CARTESIAN_POINT('',(0.1,-2.79,7.35));
#6835 = VECTOR('',#6836,1.);
#6836 = DIRECTION('',(-1.,2.334869823773E-16,0.));
#6837 = ORIENTED_EDGE('',*,*,#6838,.T.);
#6838 = EDGE_CURVE('',#6831,#5343,#6839,.T.);
#6839 = LINE('',#6840,#6841);
#6840 = CARTESIAN_POINT('',(-0.1,-2.79,7.35));
#6841 = VECTOR('',#6842,1.);
#6842 = DIRECTION('',(-1.651002285576E-16,-0.707106781187,0.707106781187
    ));
#6843 = ORIENTED_EDGE('',*,*,#5350,.F.);
#6844 = ORIENTED_EDGE('',*,*,#6814,.F.);
#6845 = PLANE('',#6846);
#6846 = AXIS2_PLACEMENT_3D('',#6847,#6848,#6849);
#6847 = CARTESIAN_POINT('',(0.1,-2.79,7.35));
#6848 = DIRECTION('',(1.651002285576E-16,0.707106781187,0.707106781187)
  );
#6849 = DIRECTION('',(-1.651002285576E-16,-0.707106781187,0.707106781187
    ));
#6850 = ADVANCED_FACE('',(#6851),#6887,.F.);
#6851 = FACE_BOUND('',#6852,.F.);
#6852 = EDGE_LOOP('',(#6853,#6854,#6862,#6870,#6878,#6884,#6885,#6886));
#6853 = ORIENTED_EDGE('',*,*,#5438,.F.);
#6854 = ORIENTED_EDGE('',*,*,#6855,.T.);
#6855 = EDGE_CURVE('',#5431,#6856,#6858,.T.);
#6856 = VERTEX_POINT('',#6857);
#6857 = CARTESIAN_POINT('',(-0.1,-2.29,7.35));
#6858 = LINE('',#6859,#6860);
#6859 = CARTESIAN_POINT('',(-0.1,-2.24,7.4));
#6860 = VECTOR('',#6861,1.);
#6861 = DIRECTION('',(-1.651002285576E-16,-0.707106781187,
    -0.707106781187));
#6862 = ORIENTED_EDGE('',*,*,#6863,.T.);
#6863 = EDGE_CURVE('',#6856,#6864,#6866,.T.);
#6864 = VERTEX_POINT('',#6865);
#6865 = CARTESIAN_POINT('',(-0.1,-2.29,1.25));
#6866 = LINE('',#6867,#6868);
#6867 = CARTESIAN_POINT('',(-0.1,-2.29,7.35));
#6868 = VECTOR('',#6869,1.);
#6869 = DIRECTION('',(-0.,0.,-1.));
#6870 = ORIENTED_EDGE('',*,*,#6871,.T.);
#6871 = EDGE_CURVE('',#6864,#6872,#6874,.T.);
#6872 = VERTEX_POINT('',#6873);
#6873 = CARTESIAN_POINT('',(-0.1,-2.79,1.25));
#6874 = LINE('',#6875,#6876);
#6875 = CARTESIAN_POINT('',(-0.1,-2.29,1.25));
#6876 = VECTOR('',#6877,1.);
#6877 = DIRECTION('',(-2.334869823773E-16,-1.,0.));
#6878 = ORIENTED_EDGE('',*,*,#6879,.T.);
#6879 = EDGE_CURVE('',#6872,#6831,#6880,.T.);
#6880 = LINE('',#6881,#6882);
#6881 = CARTESIAN_POINT('',(-0.1,-2.79,1.25));
#6882 = VECTOR('',#6883,1.);
#6883 = DIRECTION('',(0.,0.,1.));
#6884 = ORIENTED_EDGE('',*,*,#6838,.T.);
#6885 = ORIENTED_EDGE('',*,*,#5342,.F.);
#6886 = ORIENTED_EDGE('',*,*,#6750,.T.);
#6887 = PLANE('',#6888);
#6888 = AXIS2_PLACEMENT_3D('',#6889,#6890,#6891);
#6889 = CARTESIAN_POINT('',(-0.1,-2.54,3.911477598424));
#6890 = DIRECTION('',(1.,-2.334869823773E-16,0.));
#6891 = DIRECTION('',(0.,0.,1.));
#6892 = ADVANCED_FACE('',(#6893),#6904,.T.);
#6893 = FACE_BOUND('',#6894,.T.);
#6894 = EDGE_LOOP('',(#6895,#6896,#6897,#6903));
#6895 = ORIENTED_EDGE('',*,*,#5430,.T.);
#6896 = ORIENTED_EDGE('',*,*,#6855,.T.);
#6897 = ORIENTED_EDGE('',*,*,#6898,.F.);
#6898 = EDGE_CURVE('',#6783,#6856,#6899,.T.);
#6899 = LINE('',#6900,#6901);
#6900 = CARTESIAN_POINT('',(0.1,-2.29,7.35));
#6901 = VECTOR('',#6902,1.);
#6902 = DIRECTION('',(-1.,2.334869823773E-16,0.));
#6903 = ORIENTED_EDGE('',*,*,#6782,.F.);
#6904 = PLANE('',#6905);
#6905 = AXIS2_PLACEMENT_3D('',#6906,#6907,#6908);
#6906 = CARTESIAN_POINT('',(0.1,-2.24,7.4));
#6907 = DIRECTION('',(-1.651002285576E-16,-0.707106781187,0.707106781187
    ));
#6908 = DIRECTION('',(-1.651002285576E-16,-0.707106781187,
    -0.707106781187));
#6909 = ADVANCED_FACE('',(#6910),#6921,.T.);
#6910 = FACE_BOUND('',#6911,.T.);
#6911 = EDGE_LOOP('',(#6912,#6913,#6914,#6915));
#6912 = ORIENTED_EDGE('',*,*,#5606,.T.);
#6913 = ORIENTED_EDGE('',*,*,#5469,.T.);
#6914 = ORIENTED_EDGE('',*,*,#5494,.T.);
#6915 = ORIENTED_EDGE('',*,*,#6916,.T.);
#6916 = EDGE_CURVE('',#5495,#5599,#6917,.T.);
#6917 = LINE('',#6918,#6919);
#6918 = CARTESIAN_POINT('',(-0.1,-2.04819140683E-16,0.9));
#6919 = VECTOR('',#6920,1.);
#6920 = DIRECTION('',(2.334869823773E-16,1.,-0.));
#6921 = PLANE('',#6922);
#6922 = AXIS2_PLACEMENT_3D('',#6923,#6924,#6925);
#6923 = CARTESIAN_POINT('',(2.22044604925E-16,-4.440892098501E-16,0.9));
#6924 = DIRECTION('',(0.,0.,1.));
#6925 = DIRECTION('',(-2.334869823773E-16,-1.,0.));
#6926 = ADVANCED_FACE('',(#6927),#6938,.T.);
#6927 = FACE_BOUND('',#6928,.T.);
#6928 = EDGE_LOOP('',(#6929,#6930,#6936,#6937));
#6929 = ORIENTED_EDGE('',*,*,#5574,.T.);
#6930 = ORIENTED_EDGE('',*,*,#6931,.F.);
#6931 = EDGE_CURVE('',#5519,#5575,#6932,.T.);
#6932 = LINE('',#6933,#6934);
#6933 = CARTESIAN_POINT('',(0.1,-2.39270069167E-16,0.9));
#6934 = VECTOR('',#6935,1.);
#6935 = DIRECTION('',(2.334869823773E-16,1.,-0.));
#6936 = ORIENTED_EDGE('',*,*,#5526,.T.);
#6937 = ORIENTED_EDGE('',*,*,#5549,.T.);
#6938 = PLANE('',#6939);
#6939 = AXIS2_PLACEMENT_3D('',#6940,#6941,#6942);
#6940 = CARTESIAN_POINT('',(2.22044604925E-16,-4.440892098501E-16,0.9));
#6941 = DIRECTION('',(0.,0.,1.));
#6942 = DIRECTION('',(-2.334869823773E-16,-1.,0.));
#6943 = ADVANCED_FACE('',(#6944),#6987,.T.);
#6944 = FACE_BOUND('',#6945,.T.);
#6945 = EDGE_LOOP('',(#6946,#6947,#6955,#6963,#6971,#6979,#6985,#6986));
#6946 = ORIENTED_EDGE('',*,*,#5582,.F.);
#6947 = ORIENTED_EDGE('',*,*,#6948,.T.);
#6948 = EDGE_CURVE('',#5583,#6949,#6951,.T.);
#6949 = VERTEX_POINT('',#6950);
#6950 = CARTESIAN_POINT('',(0.1,0.25,7.35));
#6951 = LINE('',#6952,#6953);
#6952 = CARTESIAN_POINT('',(0.1,0.3,7.4));
#6953 = VECTOR('',#6954,1.);
#6954 = DIRECTION('',(-1.651002285576E-16,-0.707106781187,
    -0.707106781187));
#6955 = ORIENTED_EDGE('',*,*,#6956,.T.);
#6956 = EDGE_CURVE('',#6949,#6957,#6959,.T.);
#6957 = VERTEX_POINT('',#6958);
#6958 = CARTESIAN_POINT('',(0.1,0.25,1.25));
#6959 = LINE('',#6960,#6961);
#6960 = CARTESIAN_POINT('',(0.1,0.25,7.35));
#6961 = VECTOR('',#6962,1.);
#6962 = DIRECTION('',(-0.,0.,-1.));
#6963 = ORIENTED_EDGE('',*,*,#6964,.T.);
#6964 = EDGE_CURVE('',#6957,#6965,#6967,.T.);
#6965 = VERTEX_POINT('',#6966);
#6966 = CARTESIAN_POINT('',(0.1,-0.25,1.25));
#6967 = LINE('',#6968,#6969);
#6968 = CARTESIAN_POINT('',(0.1,0.25,1.25));
#6969 = VECTOR('',#6970,1.);
#6970 = DIRECTION('',(-2.334869823773E-16,-1.,0.));
#6971 = ORIENTED_EDGE('',*,*,#6972,.T.);
#6972 = EDGE_CURVE('',#6965,#6973,#6975,.T.);
#6973 = VERTEX_POINT('',#6974);
#6974 = CARTESIAN_POINT('',(0.1,-0.25,7.35));
#6975 = LINE('',#6976,#6977);
#6976 = CARTESIAN_POINT('',(0.1,-0.25,1.25));
#6977 = VECTOR('',#6978,1.);
#6978 = DIRECTION('',(0.,0.,1.));
#6979 = ORIENTED_EDGE('',*,*,#6980,.T.);
#6980 = EDGE_CURVE('',#6973,#5511,#6981,.T.);
#6981 = LINE('',#6982,#6983);
#6982 = CARTESIAN_POINT('',(0.1,-0.25,7.35));
#6983 = VECTOR('',#6984,1.);
#6984 = DIRECTION('',(-1.651002285576E-16,-0.707106781187,0.707106781187
    ));
#6985 = ORIENTED_EDGE('',*,*,#5518,.F.);
#6986 = ORIENTED_EDGE('',*,*,#6931,.T.);
#6987 = PLANE('',#6988);
#6988 = AXIS2_PLACEMENT_3D('',#6989,#6990,#6991);
#6989 = CARTESIAN_POINT('',(0.1,-1.110223024625E-17,3.911477598424));
#6990 = DIRECTION('',(1.,-2.334869823773E-16,0.));
#6991 = DIRECTION('',(0.,0.,1.));
#6992 = ADVANCED_FACE('',(#6993),#7011,.T.);
#6993 = FACE_BOUND('',#6994,.T.);
#6994 = EDGE_LOOP('',(#6995,#7003,#7009,#7010));
#6995 = ORIENTED_EDGE('',*,*,#6996,.T.);
#6996 = EDGE_CURVE('',#6973,#6997,#6999,.T.);
#6997 = VERTEX_POINT('',#6998);
#6998 = CARTESIAN_POINT('',(-0.1,-0.25,7.35));
#6999 = LINE('',#7000,#7001);
#7000 = CARTESIAN_POINT('',(0.1,-0.25,7.35));
#7001 = VECTOR('',#7002,1.);
#7002 = DIRECTION('',(-1.,2.334869823773E-16,0.));
#7003 = ORIENTED_EDGE('',*,*,#7004,.T.);
#7004 = EDGE_CURVE('',#6997,#5503,#7005,.T.);
#7005 = LINE('',#7006,#7007);
#7006 = CARTESIAN_POINT('',(-0.1,-0.25,7.35));
#7007 = VECTOR('',#7008,1.);
#7008 = DIRECTION('',(-1.651002285576E-16,-0.707106781187,0.707106781187
    ));
#7009 = ORIENTED_EDGE('',*,*,#5510,.F.);
#7010 = ORIENTED_EDGE('',*,*,#6980,.F.);
#7011 = PLANE('',#7012);
#7012 = AXIS2_PLACEMENT_3D('',#7013,#7014,#7015);
#7013 = CARTESIAN_POINT('',(0.1,-0.25,7.35));
#7014 = DIRECTION('',(1.651002285576E-16,0.707106781187,0.707106781187)
  );
#7015 = DIRECTION('',(-1.651002285576E-16,-0.707106781187,0.707106781187
    ));
#7016 = ADVANCED_FACE('',(#7017),#7053,.F.);
#7017 = FACE_BOUND('',#7018,.F.);
#7018 = EDGE_LOOP('',(#7019,#7020,#7028,#7036,#7044,#7050,#7051,#7052));
#7019 = ORIENTED_EDGE('',*,*,#5598,.F.);
#7020 = ORIENTED_EDGE('',*,*,#7021,.T.);
#7021 = EDGE_CURVE('',#5591,#7022,#7024,.T.);
#7022 = VERTEX_POINT('',#7023);
#7023 = CARTESIAN_POINT('',(-0.1,0.25,7.35));
#7024 = LINE('',#7025,#7026);
#7025 = CARTESIAN_POINT('',(-0.1,0.3,7.4));
#7026 = VECTOR('',#7027,1.);
#7027 = DIRECTION('',(-1.651002285576E-16,-0.707106781187,
    -0.707106781187));
#7028 = ORIENTED_EDGE('',*,*,#7029,.T.);
#7029 = EDGE_CURVE('',#7022,#7030,#7032,.T.);
#7030 = VERTEX_POINT('',#7031);
#7031 = CARTESIAN_POINT('',(-0.1,0.25,1.25));
#7032 = LINE('',#7033,#7034);
#7033 = CARTESIAN_POINT('',(-0.1,0.25,7.35));
#7034 = VECTOR('',#7035,1.);
#7035 = DIRECTION('',(-0.,0.,-1.));
#7036 = ORIENTED_EDGE('',*,*,#7037,.T.);
#7037 = EDGE_CURVE('',#7030,#7038,#7040,.T.);
#7038 = VERTEX_POINT('',#7039);
#7039 = CARTESIAN_POINT('',(-0.1,-0.25,1.25));
#7040 = LINE('',#7041,#7042);
#7041 = CARTESIAN_POINT('',(-0.1,0.25,1.25));
#7042 = VECTOR('',#7043,1.);
#7043 = DIRECTION('',(-2.334869823773E-16,-1.,0.));
#7044 = ORIENTED_EDGE('',*,*,#7045,.T.);
#7045 = EDGE_CURVE('',#7038,#6997,#7046,.T.);
#7046 = LINE('',#7047,#7048);
#7047 = CARTESIAN_POINT('',(-0.1,-0.25,1.25));
#7048 = VECTOR('',#7049,1.);
#7049 = DIRECTION('',(0.,0.,1.));
#7050 = ORIENTED_EDGE('',*,*,#7004,.T.);
#7051 = ORIENTED_EDGE('',*,*,#5502,.F.);
#7052 = ORIENTED_EDGE('',*,*,#6916,.T.);
#7053 = PLANE('',#7054);
#7054 = AXIS2_PLACEMENT_3D('',#7055,#7056,#7057);
#7055 = CARTESIAN_POINT('',(-0.1,1.110223024625E-17,3.911477598424));
#7056 = DIRECTION('',(1.,-2.334869823773E-16,0.));
#7057 = DIRECTION('',(0.,0.,1.));
#7058 = ADVANCED_FACE('',(#7059),#7070,.T.);
#7059 = FACE_BOUND('',#7060,.T.);
#7060 = EDGE_LOOP('',(#7061,#7062,#7063,#7069));
#7061 = ORIENTED_EDGE('',*,*,#5590,.T.);
#7062 = ORIENTED_EDGE('',*,*,#7021,.T.);
#7063 = ORIENTED_EDGE('',*,*,#7064,.F.);
#7064 = EDGE_CURVE('',#6949,#7022,#7065,.T.);
#7065 = LINE('',#7066,#7067);
#7066 = CARTESIAN_POINT('',(0.1,0.25,7.35));
#7067 = VECTOR('',#7068,1.);
#7068 = DIRECTION('',(-1.,2.334869823773E-16,0.));
#7069 = ORIENTED_EDGE('',*,*,#6948,.F.);
#7070 = PLANE('',#7071);
#7071 = AXIS2_PLACEMENT_3D('',#7072,#7073,#7074);
#7072 = CARTESIAN_POINT('',(0.1,0.3,7.4));
#7073 = DIRECTION('',(-1.651002285576E-16,-0.707106781187,0.707106781187
    ));
#7074 = DIRECTION('',(-1.651002285576E-16,-0.707106781187,
    -0.707106781187));
#7075 = ADVANCED_FACE('',(#7076),#7087,.T.);
#7076 = FACE_BOUND('',#7077,.T.);
#7077 = EDGE_LOOP('',(#7078,#7079,#7080,#7081));
#7078 = ORIENTED_EDGE('',*,*,#5766,.T.);
#7079 = ORIENTED_EDGE('',*,*,#5629,.T.);
#7080 = ORIENTED_EDGE('',*,*,#5654,.T.);
#7081 = ORIENTED_EDGE('',*,*,#7082,.T.);
#7082 = EDGE_CURVE('',#5655,#5759,#7083,.T.);
#7083 = LINE('',#7084,#7085);
#7084 = CARTESIAN_POINT('',(-2.44,-5.08,0.9));
#7085 = VECTOR('',#7086,1.);
#7086 = DIRECTION('',(-1.110223024625E-16,-1.,0.));
#7087 = PLANE('',#7088);
#7088 = AXIS2_PLACEMENT_3D('',#7089,#7090,#7091);
#7089 = CARTESIAN_POINT('',(-2.54,-5.08,0.9));
#7090 = DIRECTION('',(0.,0.,1.));
#7091 = DIRECTION('',(1.110223024625E-16,1.,-0.));
#7092 = ADVANCED_FACE('',(#7093),#7104,.T.);
#7093 = FACE_BOUND('',#7094,.T.);
#7094 = EDGE_LOOP('',(#7095,#7096,#7102,#7103));
#7095 = ORIENTED_EDGE('',*,*,#5734,.T.);
#7096 = ORIENTED_EDGE('',*,*,#7097,.F.);
#7097 = EDGE_CURVE('',#5679,#5735,#7098,.T.);
#7098 = LINE('',#7099,#7100);
#7099 = CARTESIAN_POINT('',(-2.64,-5.08,0.9));
#7100 = VECTOR('',#7101,1.);
#7101 = DIRECTION('',(-1.110223024625E-16,-1.,0.));
#7102 = ORIENTED_EDGE('',*,*,#5686,.T.);
#7103 = ORIENTED_EDGE('',*,*,#5709,.T.);
#7104 = PLANE('',#7105);
#7105 = AXIS2_PLACEMENT_3D('',#7106,#7107,#7108);
#7106 = CARTESIAN_POINT('',(-2.54,-5.08,0.9));
#7107 = DIRECTION('',(0.,0.,1.));
#7108 = DIRECTION('',(1.110223024625E-16,1.,-0.));
#7109 = ADVANCED_FACE('',(#7110),#7153,.T.);
#7110 = FACE_BOUND('',#7111,.T.);
#7111 = EDGE_LOOP('',(#7112,#7113,#7121,#7129,#7137,#7145,#7151,#7152));
#7112 = ORIENTED_EDGE('',*,*,#5742,.F.);
#7113 = ORIENTED_EDGE('',*,*,#7114,.T.);
#7114 = EDGE_CURVE('',#5743,#7115,#7117,.T.);
#7115 = VERTEX_POINT('',#7116);
#7116 = CARTESIAN_POINT('',(-2.64,-5.33,7.35));
#7117 = LINE('',#7118,#7119);
#7118 = CARTESIAN_POINT('',(-2.64,-5.38,7.4));
#7119 = VECTOR('',#7120,1.);
#7120 = DIRECTION('',(7.850462293414E-17,0.707106781187,-0.707106781187)
  );
#7121 = ORIENTED_EDGE('',*,*,#7122,.T.);
#7122 = EDGE_CURVE('',#7115,#7123,#7125,.T.);
#7123 = VERTEX_POINT('',#7124);
#7124 = CARTESIAN_POINT('',(-2.64,-5.33,1.25));
#7125 = LINE('',#7126,#7127);
#7126 = CARTESIAN_POINT('',(-2.64,-5.33,7.35));
#7127 = VECTOR('',#7128,1.);
#7128 = DIRECTION('',(0.,0.,-1.));
#7129 = ORIENTED_EDGE('',*,*,#7130,.T.);
#7130 = EDGE_CURVE('',#7123,#7131,#7133,.T.);
#7131 = VERTEX_POINT('',#7132);
#7132 = CARTESIAN_POINT('',(-2.64,-4.83,1.25));
#7133 = LINE('',#7134,#7135);
#7134 = CARTESIAN_POINT('',(-2.64,-5.33,1.25));
#7135 = VECTOR('',#7136,1.);
#7136 = DIRECTION('',(1.110223024625E-16,1.,0.));
#7137 = ORIENTED_EDGE('',*,*,#7138,.T.);
#7138 = EDGE_CURVE('',#7131,#7139,#7141,.T.);
#7139 = VERTEX_POINT('',#7140);
#7140 = CARTESIAN_POINT('',(-2.64,-4.83,7.35));
#7141 = LINE('',#7142,#7143);
#7142 = CARTESIAN_POINT('',(-2.64,-4.83,1.25));
#7143 = VECTOR('',#7144,1.);
#7144 = DIRECTION('',(0.,0.,1.));
#7145 = ORIENTED_EDGE('',*,*,#7146,.T.);
#7146 = EDGE_CURVE('',#7139,#5671,#7147,.T.);
#7147 = LINE('',#7148,#7149);
#7148 = CARTESIAN_POINT('',(-2.64,-4.83,7.35));
#7149 = VECTOR('',#7150,1.);
#7150 = DIRECTION('',(7.850462293414E-17,0.707106781187,0.707106781187)
  );
#7151 = ORIENTED_EDGE('',*,*,#5678,.F.);
#7152 = ORIENTED_EDGE('',*,*,#7097,.T.);
#7153 = PLANE('',#7154);
#7154 = AXIS2_PLACEMENT_3D('',#7155,#7156,#7157);
#7155 = CARTESIAN_POINT('',(-2.64,-5.08,3.911477598424));
#7156 = DIRECTION('',(-1.,1.110223024625E-16,0.));
#7157 = DIRECTION('',(0.,0.,1.));
#7158 = ADVANCED_FACE('',(#7159),#7177,.T.);
#7159 = FACE_BOUND('',#7160,.T.);
#7160 = EDGE_LOOP('',(#7161,#7169,#7175,#7176));
#7161 = ORIENTED_EDGE('',*,*,#7162,.T.);
#7162 = EDGE_CURVE('',#7139,#7163,#7165,.T.);
#7163 = VERTEX_POINT('',#7164);
#7164 = CARTESIAN_POINT('',(-2.44,-4.83,7.35));
#7165 = LINE('',#7166,#7167);
#7166 = CARTESIAN_POINT('',(-2.64,-4.83,7.35));
#7167 = VECTOR('',#7168,1.);
#7168 = DIRECTION('',(1.,-1.110223024625E-16,0.));
#7169 = ORIENTED_EDGE('',*,*,#7170,.T.);
#7170 = EDGE_CURVE('',#7163,#5663,#7171,.T.);
#7171 = LINE('',#7172,#7173);
#7172 = CARTESIAN_POINT('',(-2.44,-4.83,7.35));
#7173 = VECTOR('',#7174,1.);
#7174 = DIRECTION('',(7.850462293414E-17,0.707106781187,0.707106781187)
  );
#7175 = ORIENTED_EDGE('',*,*,#5670,.F.);
#7176 = ORIENTED_EDGE('',*,*,#7146,.F.);
#7177 = PLANE('',#7178);
#7178 = AXIS2_PLACEMENT_3D('',#7179,#7180,#7181);
#7179 = CARTESIAN_POINT('',(-2.64,-4.83,7.35));
#7180 = DIRECTION('',(-7.850462293414E-17,-0.707106781187,0.707106781187
    ));
#7181 = DIRECTION('',(7.850462293414E-17,0.707106781187,0.707106781187)
  );
#7182 = ADVANCED_FACE('',(#7183),#7219,.F.);
#7183 = FACE_BOUND('',#7184,.F.);
#7184 = EDGE_LOOP('',(#7185,#7186,#7194,#7202,#7210,#7216,#7217,#7218));
#7185 = ORIENTED_EDGE('',*,*,#5758,.F.);
#7186 = ORIENTED_EDGE('',*,*,#7187,.T.);
#7187 = EDGE_CURVE('',#5751,#7188,#7190,.T.);
#7188 = VERTEX_POINT('',#7189);
#7189 = CARTESIAN_POINT('',(-2.44,-5.33,7.35));
#7190 = LINE('',#7191,#7192);
#7191 = CARTESIAN_POINT('',(-2.44,-5.38,7.4));
#7192 = VECTOR('',#7193,1.);
#7193 = DIRECTION('',(7.850462293414E-17,0.707106781187,-0.707106781187)
  );
#7194 = ORIENTED_EDGE('',*,*,#7195,.T.);
#7195 = EDGE_CURVE('',#7188,#7196,#7198,.T.);
#7196 = VERTEX_POINT('',#7197);
#7197 = CARTESIAN_POINT('',(-2.44,-5.33,1.25));
#7198 = LINE('',#7199,#7200);
#7199 = CARTESIAN_POINT('',(-2.44,-5.33,7.35));
#7200 = VECTOR('',#7201,1.);
#7201 = DIRECTION('',(0.,0.,-1.));
#7202 = ORIENTED_EDGE('',*,*,#7203,.T.);
#7203 = EDGE_CURVE('',#7196,#7204,#7206,.T.);
#7204 = VERTEX_POINT('',#7205);
#7205 = CARTESIAN_POINT('',(-2.44,-4.83,1.25));
#7206 = LINE('',#7207,#7208);
#7207 = CARTESIAN_POINT('',(-2.44,-5.33,1.25));
#7208 = VECTOR('',#7209,1.);
#7209 = DIRECTION('',(1.110223024625E-16,1.,0.));
#7210 = ORIENTED_EDGE('',*,*,#7211,.T.);
#7211 = EDGE_CURVE('',#7204,#7163,#7212,.T.);
#7212 = LINE('',#7213,#7214);
#7213 = CARTESIAN_POINT('',(-2.44,-4.83,1.25));
#7214 = VECTOR('',#7215,1.);
#7215 = DIRECTION('',(0.,0.,1.));
#7216 = ORIENTED_EDGE('',*,*,#7170,.T.);
#7217 = ORIENTED_EDGE('',*,*,#5662,.F.);
#7218 = ORIENTED_EDGE('',*,*,#7082,.T.);
#7219 = PLANE('',#7220);
#7220 = AXIS2_PLACEMENT_3D('',#7221,#7222,#7223);
#7221 = CARTESIAN_POINT('',(-2.44,-5.08,3.911477598424));
#7222 = DIRECTION('',(-1.,1.110223024625E-16,0.));
#7223 = DIRECTION('',(0.,0.,1.));
#7224 = ADVANCED_FACE('',(#7225),#7236,.T.);
#7225 = FACE_BOUND('',#7226,.T.);
#7226 = EDGE_LOOP('',(#7227,#7228,#7229,#7235));
#7227 = ORIENTED_EDGE('',*,*,#5750,.T.);
#7228 = ORIENTED_EDGE('',*,*,#7187,.T.);
#7229 = ORIENTED_EDGE('',*,*,#7230,.F.);
#7230 = EDGE_CURVE('',#7115,#7188,#7231,.T.);
#7231 = LINE('',#7232,#7233);
#7232 = CARTESIAN_POINT('',(-2.64,-5.33,7.35));
#7233 = VECTOR('',#7234,1.);
#7234 = DIRECTION('',(1.,-1.110223024625E-16,0.));
#7235 = ORIENTED_EDGE('',*,*,#7114,.F.);
#7236 = PLANE('',#7237);
#7237 = AXIS2_PLACEMENT_3D('',#7238,#7239,#7240);
#7238 = CARTESIAN_POINT('',(-2.64,-5.38,7.4));
#7239 = DIRECTION('',(7.850462293414E-17,0.707106781187,0.707106781187)
  );
#7240 = DIRECTION('',(7.850462293414E-17,0.707106781187,-0.707106781187)
  );
#7241 = ADVANCED_FACE('',(#7242),#7253,.T.);
#7242 = FACE_BOUND('',#7243,.T.);
#7243 = EDGE_LOOP('',(#7244,#7245,#7246,#7247));
#7244 = ORIENTED_EDGE('',*,*,#5926,.T.);
#7245 = ORIENTED_EDGE('',*,*,#5789,.T.);
#7246 = ORIENTED_EDGE('',*,*,#5814,.T.);
#7247 = ORIENTED_EDGE('',*,*,#7248,.T.);
#7248 = EDGE_CURVE('',#5815,#5919,#7249,.T.);
#7249 = LINE('',#7250,#7251);
#7250 = CARTESIAN_POINT('',(-2.44,-2.54,0.9));
#7251 = VECTOR('',#7252,1.);
#7252 = DIRECTION('',(-1.110223024625E-16,-1.,0.));
#7253 = PLANE('',#7254);
#7254 = AXIS2_PLACEMENT_3D('',#7255,#7256,#7257);
#7255 = CARTESIAN_POINT('',(-2.54,-2.54,0.9));
#7256 = DIRECTION('',(0.,0.,1.));
#7257 = DIRECTION('',(1.110223024625E-16,1.,-0.));
#7258 = ADVANCED_FACE('',(#7259),#7270,.T.);
#7259 = FACE_BOUND('',#7260,.T.);
#7260 = EDGE_LOOP('',(#7261,#7262,#7268,#7269));
#7261 = ORIENTED_EDGE('',*,*,#5894,.T.);
#7262 = ORIENTED_EDGE('',*,*,#7263,.F.);
#7263 = EDGE_CURVE('',#5839,#5895,#7264,.T.);
#7264 = LINE('',#7265,#7266);
#7265 = CARTESIAN_POINT('',(-2.64,-2.54,0.9));
#7266 = VECTOR('',#7267,1.);
#7267 = DIRECTION('',(-1.110223024625E-16,-1.,0.));
#7268 = ORIENTED_EDGE('',*,*,#5846,.T.);
#7269 = ORIENTED_EDGE('',*,*,#5869,.T.);
#7270 = PLANE('',#7271);
#7271 = AXIS2_PLACEMENT_3D('',#7272,#7273,#7274);
#7272 = CARTESIAN_POINT('',(-2.54,-2.54,0.9));
#7273 = DIRECTION('',(0.,0.,1.));
#7274 = DIRECTION('',(1.110223024625E-16,1.,-0.));
#7275 = ADVANCED_FACE('',(#7276),#7319,.T.);
#7276 = FACE_BOUND('',#7277,.T.);
#7277 = EDGE_LOOP('',(#7278,#7279,#7287,#7295,#7303,#7311,#7317,#7318));
#7278 = ORIENTED_EDGE('',*,*,#5902,.F.);
#7279 = ORIENTED_EDGE('',*,*,#7280,.T.);
#7280 = EDGE_CURVE('',#5903,#7281,#7283,.T.);
#7281 = VERTEX_POINT('',#7282);
#7282 = CARTESIAN_POINT('',(-2.64,-2.79,7.35));
#7283 = LINE('',#7284,#7285);
#7284 = CARTESIAN_POINT('',(-2.64,-2.84,7.4));
#7285 = VECTOR('',#7286,1.);
#7286 = DIRECTION('',(7.850462293414E-17,0.707106781187,-0.707106781187)
  );
#7287 = ORIENTED_EDGE('',*,*,#7288,.T.);
#7288 = EDGE_CURVE('',#7281,#7289,#7291,.T.);
#7289 = VERTEX_POINT('',#7290);
#7290 = CARTESIAN_POINT('',(-2.64,-2.79,1.25));
#7291 = LINE('',#7292,#7293);
#7292 = CARTESIAN_POINT('',(-2.64,-2.79,7.35));
#7293 = VECTOR('',#7294,1.);
#7294 = DIRECTION('',(0.,0.,-1.));
#7295 = ORIENTED_EDGE('',*,*,#7296,.T.);
#7296 = EDGE_CURVE('',#7289,#7297,#7299,.T.);
#7297 = VERTEX_POINT('',#7298);
#7298 = CARTESIAN_POINT('',(-2.64,-2.29,1.25));
#7299 = LINE('',#7300,#7301);
#7300 = CARTESIAN_POINT('',(-2.64,-2.79,1.25));
#7301 = VECTOR('',#7302,1.);
#7302 = DIRECTION('',(1.110223024625E-16,1.,0.));
#7303 = ORIENTED_EDGE('',*,*,#7304,.T.);
#7304 = EDGE_CURVE('',#7297,#7305,#7307,.T.);
#7305 = VERTEX_POINT('',#7306);
#7306 = CARTESIAN_POINT('',(-2.64,-2.29,7.35));
#7307 = LINE('',#7308,#7309);
#7308 = CARTESIAN_POINT('',(-2.64,-2.29,1.25));
#7309 = VECTOR('',#7310,1.);
#7310 = DIRECTION('',(0.,0.,1.));
#7311 = ORIENTED_EDGE('',*,*,#7312,.T.);
#7312 = EDGE_CURVE('',#7305,#5831,#7313,.T.);
#7313 = LINE('',#7314,#7315);
#7314 = CARTESIAN_POINT('',(-2.64,-2.29,7.35));
#7315 = VECTOR('',#7316,1.);
#7316 = DIRECTION('',(7.850462293414E-17,0.707106781187,0.707106781187)
  );
#7317 = ORIENTED_EDGE('',*,*,#5838,.F.);
#7318 = ORIENTED_EDGE('',*,*,#7263,.T.);
#7319 = PLANE('',#7320);
#7320 = AXIS2_PLACEMENT_3D('',#7321,#7322,#7323);
#7321 = CARTESIAN_POINT('',(-2.64,-2.54,3.911477598424));
#7322 = DIRECTION('',(-1.,1.110223024625E-16,0.));
#7323 = DIRECTION('',(0.,0.,1.));
#7324 = ADVANCED_FACE('',(#7325),#7343,.T.);
#7325 = FACE_BOUND('',#7326,.T.);
#7326 = EDGE_LOOP('',(#7327,#7335,#7341,#7342));
#7327 = ORIENTED_EDGE('',*,*,#7328,.T.);
#7328 = EDGE_CURVE('',#7305,#7329,#7331,.T.);
#7329 = VERTEX_POINT('',#7330);
#7330 = CARTESIAN_POINT('',(-2.44,-2.29,7.35));
#7331 = LINE('',#7332,#7333);
#7332 = CARTESIAN_POINT('',(-2.64,-2.29,7.35));
#7333 = VECTOR('',#7334,1.);
#7334 = DIRECTION('',(1.,-1.110223024625E-16,0.));
#7335 = ORIENTED_EDGE('',*,*,#7336,.T.);
#7336 = EDGE_CURVE('',#7329,#5823,#7337,.T.);
#7337 = LINE('',#7338,#7339);
#7338 = CARTESIAN_POINT('',(-2.44,-2.29,7.35));
#7339 = VECTOR('',#7340,1.);
#7340 = DIRECTION('',(7.850462293414E-17,0.707106781187,0.707106781187)
  );
#7341 = ORIENTED_EDGE('',*,*,#5830,.F.);
#7342 = ORIENTED_EDGE('',*,*,#7312,.F.);
#7343 = PLANE('',#7344);
#7344 = AXIS2_PLACEMENT_3D('',#7345,#7346,#7347);
#7345 = CARTESIAN_POINT('',(-2.64,-2.29,7.35));
#7346 = DIRECTION('',(-7.850462293414E-17,-0.707106781187,0.707106781187
    ));
#7347 = DIRECTION('',(7.850462293414E-17,0.707106781187,0.707106781187)
  );
#7348 = ADVANCED_FACE('',(#7349),#7385,.F.);
#7349 = FACE_BOUND('',#7350,.F.);
#7350 = EDGE_LOOP('',(#7351,#7352,#7360,#7368,#7376,#7382,#7383,#7384));
#7351 = ORIENTED_EDGE('',*,*,#5918,.F.);
#7352 = ORIENTED_EDGE('',*,*,#7353,.T.);
#7353 = EDGE_CURVE('',#5911,#7354,#7356,.T.);
#7354 = VERTEX_POINT('',#7355);
#7355 = CARTESIAN_POINT('',(-2.44,-2.79,7.35));
#7356 = LINE('',#7357,#7358);
#7357 = CARTESIAN_POINT('',(-2.44,-2.84,7.4));
#7358 = VECTOR('',#7359,1.);
#7359 = DIRECTION('',(7.850462293414E-17,0.707106781187,-0.707106781187)
  );
#7360 = ORIENTED_EDGE('',*,*,#7361,.T.);
#7361 = EDGE_CURVE('',#7354,#7362,#7364,.T.);
#7362 = VERTEX_POINT('',#7363);
#7363 = CARTESIAN_POINT('',(-2.44,-2.79,1.25));
#7364 = LINE('',#7365,#7366);
#7365 = CARTESIAN_POINT('',(-2.44,-2.79,7.35));
#7366 = VECTOR('',#7367,1.);
#7367 = DIRECTION('',(0.,0.,-1.));
#7368 = ORIENTED_EDGE('',*,*,#7369,.T.);
#7369 = EDGE_CURVE('',#7362,#7370,#7372,.T.);
#7370 = VERTEX_POINT('',#7371);
#7371 = CARTESIAN_POINT('',(-2.44,-2.29,1.25));
#7372 = LINE('',#7373,#7374);
#7373 = CARTESIAN_POINT('',(-2.44,-2.79,1.25));
#7374 = VECTOR('',#7375,1.);
#7375 = DIRECTION('',(1.110223024625E-16,1.,0.));
#7376 = ORIENTED_EDGE('',*,*,#7377,.T.);
#7377 = EDGE_CURVE('',#7370,#7329,#7378,.T.);
#7378 = LINE('',#7379,#7380);
#7379 = CARTESIAN_POINT('',(-2.44,-2.29,1.25));
#7380 = VECTOR('',#7381,1.);
#7381 = DIRECTION('',(0.,0.,1.));
#7382 = ORIENTED_EDGE('',*,*,#7336,.T.);
#7383 = ORIENTED_EDGE('',*,*,#5822,.F.);
#7384 = ORIENTED_EDGE('',*,*,#7248,.T.);
#7385 = PLANE('',#7386);
#7386 = AXIS2_PLACEMENT_3D('',#7387,#7388,#7389);
#7387 = CARTESIAN_POINT('',(-2.44,-2.54,3.911477598424));
#7388 = DIRECTION('',(-1.,1.110223024625E-16,0.));
#7389 = DIRECTION('',(0.,0.,1.));
#7390 = ADVANCED_FACE('',(#7391),#7402,.T.);
#7391 = FACE_BOUND('',#7392,.T.);
#7392 = EDGE_LOOP('',(#7393,#7394,#7395,#7401));
#7393 = ORIENTED_EDGE('',*,*,#5910,.T.);
#7394 = ORIENTED_EDGE('',*,*,#7353,.T.);
#7395 = ORIENTED_EDGE('',*,*,#7396,.F.);
#7396 = EDGE_CURVE('',#7281,#7354,#7397,.T.);
#7397 = LINE('',#7398,#7399);
#7398 = CARTESIAN_POINT('',(-2.64,-2.79,7.35));
#7399 = VECTOR('',#7400,1.);
#7400 = DIRECTION('',(1.,-1.110223024625E-16,0.));
#7401 = ORIENTED_EDGE('',*,*,#7280,.F.);
#7402 = PLANE('',#7403);
#7403 = AXIS2_PLACEMENT_3D('',#7404,#7405,#7406);
#7404 = CARTESIAN_POINT('',(-2.64,-2.84,7.4));
#7405 = DIRECTION('',(7.850462293414E-17,0.707106781187,0.707106781187)
  );
#7406 = DIRECTION('',(7.850462293414E-17,0.707106781187,-0.707106781187)
  );
#7407 = ADVANCED_FACE('',(#7408),#7419,.T.);
#7408 = FACE_BOUND('',#7409,.T.);
#7409 = EDGE_LOOP('',(#7410,#7411,#7412,#7413));
#7410 = ORIENTED_EDGE('',*,*,#6086,.T.);
#7411 = ORIENTED_EDGE('',*,*,#5949,.T.);
#7412 = ORIENTED_EDGE('',*,*,#5974,.T.);
#7413 = ORIENTED_EDGE('',*,*,#7414,.T.);
#7414 = EDGE_CURVE('',#5975,#6079,#7415,.T.);
#7415 = LINE('',#7416,#7417);
#7416 = CARTESIAN_POINT('',(-2.44,4.929390229336E-16,0.9));
#7417 = VECTOR('',#7418,1.);
#7418 = DIRECTION('',(-1.110223024625E-16,-1.,0.));
#7419 = PLANE('',#7420);
#7420 = AXIS2_PLACEMENT_3D('',#7421,#7422,#7423);
#7421 = CARTESIAN_POINT('',(-2.54,7.260858581049E-16,0.9));
#7422 = DIRECTION('',(0.,0.,1.));
#7423 = DIRECTION('',(1.110223024625E-16,1.,-0.));
#7424 = ADVANCED_FACE('',(#7425),#7436,.T.);
#7425 = FACE_BOUND('',#7426,.T.);
#7426 = EDGE_LOOP('',(#7427,#7428,#7434,#7435));
#7427 = ORIENTED_EDGE('',*,*,#6054,.T.);
#7428 = ORIENTED_EDGE('',*,*,#7429,.F.);
#7429 = EDGE_CURVE('',#5999,#6055,#7430,.T.);
#7430 = LINE('',#7431,#7432);
#7431 = CARTESIAN_POINT('',(-2.64,5.151434834261E-16,0.9));
#7432 = VECTOR('',#7433,1.);
#7433 = DIRECTION('',(-1.110223024625E-16,-1.,0.));
#7434 = ORIENTED_EDGE('',*,*,#6006,.T.);
#7435 = ORIENTED_EDGE('',*,*,#6029,.T.);
#7436 = PLANE('',#7437);
#7437 = AXIS2_PLACEMENT_3D('',#7438,#7439,#7440);
#7438 = CARTESIAN_POINT('',(-2.54,7.260858581049E-16,0.9));
#7439 = DIRECTION('',(0.,0.,1.));
#7440 = DIRECTION('',(1.110223024625E-16,1.,-0.));
#7441 = ADVANCED_FACE('',(#7442),#7485,.T.);
#7442 = FACE_BOUND('',#7443,.T.);
#7443 = EDGE_LOOP('',(#7444,#7445,#7453,#7461,#7469,#7477,#7483,#7484));
#7444 = ORIENTED_EDGE('',*,*,#6062,.F.);
#7445 = ORIENTED_EDGE('',*,*,#7446,.T.);
#7446 = EDGE_CURVE('',#6063,#7447,#7449,.T.);
#7447 = VERTEX_POINT('',#7448);
#7448 = CARTESIAN_POINT('',(-2.64,-0.25,7.35));
#7449 = LINE('',#7450,#7451);
#7450 = CARTESIAN_POINT('',(-2.64,-0.3,7.4));
#7451 = VECTOR('',#7452,1.);
#7452 = DIRECTION('',(7.850462293414E-17,0.707106781187,-0.707106781187)
  );
#7453 = ORIENTED_EDGE('',*,*,#7454,.T.);
#7454 = EDGE_CURVE('',#7447,#7455,#7457,.T.);
#7455 = VERTEX_POINT('',#7456);
#7456 = CARTESIAN_POINT('',(-2.64,-0.25,1.25));
#7457 = LINE('',#7458,#7459);
#7458 = CARTESIAN_POINT('',(-2.64,-0.25,7.35));
#7459 = VECTOR('',#7460,1.);
#7460 = DIRECTION('',(0.,0.,-1.));
#7461 = ORIENTED_EDGE('',*,*,#7462,.T.);
#7462 = EDGE_CURVE('',#7455,#7463,#7465,.T.);
#7463 = VERTEX_POINT('',#7464);
#7464 = CARTESIAN_POINT('',(-2.64,0.25,1.25));
#7465 = LINE('',#7466,#7467);
#7466 = CARTESIAN_POINT('',(-2.64,-0.25,1.25));
#7467 = VECTOR('',#7468,1.);
#7468 = DIRECTION('',(1.110223024625E-16,1.,0.));
#7469 = ORIENTED_EDGE('',*,*,#7470,.T.);
#7470 = EDGE_CURVE('',#7463,#7471,#7473,.T.);
#7471 = VERTEX_POINT('',#7472);
#7472 = CARTESIAN_POINT('',(-2.64,0.25,7.35));
#7473 = LINE('',#7474,#7475);
#7474 = CARTESIAN_POINT('',(-2.64,0.25,1.25));
#7475 = VECTOR('',#7476,1.);
#7476 = DIRECTION('',(0.,0.,1.));
#7477 = ORIENTED_EDGE('',*,*,#7478,.T.);
#7478 = EDGE_CURVE('',#7471,#5991,#7479,.T.);
#7479 = LINE('',#7480,#7481);
#7480 = CARTESIAN_POINT('',(-2.64,0.25,7.35));
#7481 = VECTOR('',#7482,1.);
#7482 = DIRECTION('',(7.850462293414E-17,0.707106781187,0.707106781187)
  );
#7483 = ORIENTED_EDGE('',*,*,#5998,.F.);
#7484 = ORIENTED_EDGE('',*,*,#7429,.T.);
#7485 = PLANE('',#7486);
#7486 = AXIS2_PLACEMENT_3D('',#7487,#7488,#7489);
#7487 = CARTESIAN_POINT('',(-2.64,2.93098878501E-16,3.911477598424));
#7488 = DIRECTION('',(-1.,1.110223024625E-16,0.));
#7489 = DIRECTION('',(0.,0.,1.));
#7490 = ADVANCED_FACE('',(#7491),#7509,.T.);
#7491 = FACE_BOUND('',#7492,.T.);
#7492 = EDGE_LOOP('',(#7493,#7501,#7507,#7508));
#7493 = ORIENTED_EDGE('',*,*,#7494,.T.);
#7494 = EDGE_CURVE('',#7471,#7495,#7497,.T.);
#7495 = VERTEX_POINT('',#7496);
#7496 = CARTESIAN_POINT('',(-2.44,0.25,7.35));
#7497 = LINE('',#7498,#7499);
#7498 = CARTESIAN_POINT('',(-2.64,0.25,7.35));
#7499 = VECTOR('',#7500,1.);
#7500 = DIRECTION('',(1.,-1.110223024625E-16,0.));
#7501 = ORIENTED_EDGE('',*,*,#7502,.T.);
#7502 = EDGE_CURVE('',#7495,#5983,#7503,.T.);
#7503 = LINE('',#7504,#7505);
#7504 = CARTESIAN_POINT('',(-2.44,0.25,7.35));
#7505 = VECTOR('',#7506,1.);
#7506 = DIRECTION('',(7.850462293414E-17,0.707106781187,0.707106781187)
  );
#7507 = ORIENTED_EDGE('',*,*,#5990,.F.);
#7508 = ORIENTED_EDGE('',*,*,#7478,.F.);
#7509 = PLANE('',#7510);
#7510 = AXIS2_PLACEMENT_3D('',#7511,#7512,#7513);
#7511 = CARTESIAN_POINT('',(-2.64,0.25,7.35));
#7512 = DIRECTION('',(-7.850462293414E-17,-0.707106781187,0.707106781187
    ));
#7513 = DIRECTION('',(7.850462293414E-17,0.707106781187,0.707106781187)
  );
#7514 = ADVANCED_FACE('',(#7515),#7551,.F.);
#7515 = FACE_BOUND('',#7516,.F.);
#7516 = EDGE_LOOP('',(#7517,#7518,#7526,#7534,#7542,#7548,#7549,#7550));
#7517 = ORIENTED_EDGE('',*,*,#6078,.F.);
#7518 = ORIENTED_EDGE('',*,*,#7519,.T.);
#7519 = EDGE_CURVE('',#6071,#7520,#7522,.T.);
#7520 = VERTEX_POINT('',#7521);
#7521 = CARTESIAN_POINT('',(-2.44,-0.25,7.35));
#7522 = LINE('',#7523,#7524);
#7523 = CARTESIAN_POINT('',(-2.44,-0.3,7.4));
#7524 = VECTOR('',#7525,1.);
#7525 = DIRECTION('',(7.850462293414E-17,0.707106781187,-0.707106781187)
  );
#7526 = ORIENTED_EDGE('',*,*,#7527,.T.);
#7527 = EDGE_CURVE('',#7520,#7528,#7530,.T.);
#7528 = VERTEX_POINT('',#7529);
#7529 = CARTESIAN_POINT('',(-2.44,-0.25,1.25));
#7530 = LINE('',#7531,#7532);
#7531 = CARTESIAN_POINT('',(-2.44,-0.25,7.35));
#7532 = VECTOR('',#7533,1.);
#7533 = DIRECTION('',(0.,0.,-1.));
#7534 = ORIENTED_EDGE('',*,*,#7535,.T.);
#7535 = EDGE_CURVE('',#7528,#7536,#7538,.T.);
#7536 = VERTEX_POINT('',#7537);
#7537 = CARTESIAN_POINT('',(-2.44,0.25,1.25));
#7538 = LINE('',#7539,#7540);
#7539 = CARTESIAN_POINT('',(-2.44,-0.25,1.25));
#7540 = VECTOR('',#7541,1.);
#7541 = DIRECTION('',(1.110223024625E-16,1.,0.));
#7542 = ORIENTED_EDGE('',*,*,#7543,.T.);
#7543 = EDGE_CURVE('',#7536,#7495,#7544,.T.);
#7544 = LINE('',#7545,#7546);
#7545 = CARTESIAN_POINT('',(-2.44,0.25,1.25));
#7546 = VECTOR('',#7547,1.);
#7547 = DIRECTION('',(0.,0.,1.));
#7548 = ORIENTED_EDGE('',*,*,#7502,.T.);
#7549 = ORIENTED_EDGE('',*,*,#5982,.F.);
#7550 = ORIENTED_EDGE('',*,*,#7414,.T.);
#7551 = PLANE('',#7552);
#7552 = AXIS2_PLACEMENT_3D('',#7553,#7554,#7555);
#7553 = CARTESIAN_POINT('',(-2.44,2.708944180085E-16,3.911477598424));
#7554 = DIRECTION('',(-1.,1.110223024625E-16,0.));
#7555 = DIRECTION('',(0.,0.,1.));
#7556 = ADVANCED_FACE('',(#7557),#7568,.T.);
#7557 = FACE_BOUND('',#7558,.T.);
#7558 = EDGE_LOOP('',(#7559,#7560,#7561,#7567));
#7559 = ORIENTED_EDGE('',*,*,#6070,.T.);
#7560 = ORIENTED_EDGE('',*,*,#7519,.T.);
#7561 = ORIENTED_EDGE('',*,*,#7562,.F.);
#7562 = EDGE_CURVE('',#7447,#7520,#7563,.T.);
#7563 = LINE('',#7564,#7565);
#7564 = CARTESIAN_POINT('',(-2.64,-0.25,7.35));
#7565 = VECTOR('',#7566,1.);
#7566 = DIRECTION('',(1.,-1.110223024625E-16,0.));
#7567 = ORIENTED_EDGE('',*,*,#7446,.F.);
#7568 = PLANE('',#7569);
#7569 = AXIS2_PLACEMENT_3D('',#7570,#7571,#7572);
#7570 = CARTESIAN_POINT('',(-2.64,-0.3,7.4));
#7571 = DIRECTION('',(7.850462293414E-17,0.707106781187,0.707106781187)
  );
#7572 = DIRECTION('',(7.850462293414E-17,0.707106781187,-0.707106781187)
  );
#7573 = ADVANCED_FACE('',(#7574),#7585,.T.);
#7574 = FACE_BOUND('',#7575,.T.);
#7575 = EDGE_LOOP('',(#7576,#7582,#7583,#7584));
#7576 = ORIENTED_EDGE('',*,*,#7577,.T.);
#7577 = EDGE_CURVE('',#6633,#6706,#7578,.T.);
#7578 = LINE('',#7579,#7580);
#7579 = CARTESIAN_POINT('',(0.1,-5.33,1.25));
#7580 = VECTOR('',#7581,1.);
#7581 = DIRECTION('',(-1.,2.334869823773E-16,0.));
#7582 = ORIENTED_EDGE('',*,*,#6713,.T.);
#7583 = ORIENTED_EDGE('',*,*,#6664,.F.);
#7584 = ORIENTED_EDGE('',*,*,#6640,.F.);
#7585 = PLANE('',#7586);
#7586 = AXIS2_PLACEMENT_3D('',#7587,#7588,#7589);
#7587 = CARTESIAN_POINT('',(0.1,-5.33,1.25));
#7588 = DIRECTION('',(2.334869823773E-16,1.,0.));
#7589 = DIRECTION('',(0.,-0.,1.));
#7590 = ADVANCED_FACE('',(#7591),#7602,.T.);
#7591 = FACE_BOUND('',#7592,.T.);
#7592 = EDGE_LOOP('',(#7593,#7599,#7600,#7601));
#7593 = ORIENTED_EDGE('',*,*,#7594,.T.);
#7594 = EDGE_CURVE('',#6625,#6698,#7595,.T.);
#7595 = LINE('',#7596,#7597);
#7596 = CARTESIAN_POINT('',(0.1,-4.83,1.25));
#7597 = VECTOR('',#7598,1.);
#7598 = DIRECTION('',(-1.,2.334869823773E-16,0.));
#7599 = ORIENTED_EDGE('',*,*,#6705,.T.);
#7600 = ORIENTED_EDGE('',*,*,#7577,.F.);
#7601 = ORIENTED_EDGE('',*,*,#6632,.F.);
#7602 = PLANE('',#7603);
#7603 = AXIS2_PLACEMENT_3D('',#7604,#7605,#7606);
#7604 = CARTESIAN_POINT('',(0.1,-4.83,1.25));
#7605 = DIRECTION('',(0.,0.,1.));
#7606 = DIRECTION('',(-2.334869823773E-16,-1.,0.));
#7607 = ADVANCED_FACE('',(#7608),#7614,.T.);
#7608 = FACE_BOUND('',#7609,.T.);
#7609 = EDGE_LOOP('',(#7610,#7611,#7612,#7613));
#7610 = ORIENTED_EDGE('',*,*,#6732,.T.);
#7611 = ORIENTED_EDGE('',*,*,#6697,.T.);
#7612 = ORIENTED_EDGE('',*,*,#7594,.F.);
#7613 = ORIENTED_EDGE('',*,*,#6624,.F.);
#7614 = PLANE('',#7615);
#7615 = AXIS2_PLACEMENT_3D('',#7616,#7617,#7618);
#7616 = CARTESIAN_POINT('',(0.1,-4.83,7.35));
#7617 = DIRECTION('',(-2.334869823773E-16,-1.,0.));
#7618 = DIRECTION('',(-0.,0.,-1.));
#7619 = ADVANCED_FACE('',(#7620),#7631,.T.);
#7620 = FACE_BOUND('',#7621,.T.);
#7621 = EDGE_LOOP('',(#7622,#7628,#7629,#7630));
#7622 = ORIENTED_EDGE('',*,*,#7623,.T.);
#7623 = EDGE_CURVE('',#6799,#6872,#7624,.T.);
#7624 = LINE('',#7625,#7626);
#7625 = CARTESIAN_POINT('',(0.1,-2.79,1.25));
#7626 = VECTOR('',#7627,1.);
#7627 = DIRECTION('',(-1.,2.334869823773E-16,0.));
#7628 = ORIENTED_EDGE('',*,*,#6879,.T.);
#7629 = ORIENTED_EDGE('',*,*,#6830,.F.);
#7630 = ORIENTED_EDGE('',*,*,#6806,.F.);
#7631 = PLANE('',#7632);
#7632 = AXIS2_PLACEMENT_3D('',#7633,#7634,#7635);
#7633 = CARTESIAN_POINT('',(0.1,-2.79,1.25));
#7634 = DIRECTION('',(2.334869823773E-16,1.,0.));
#7635 = DIRECTION('',(0.,-0.,1.));
#7636 = ADVANCED_FACE('',(#7637),#7648,.T.);
#7637 = FACE_BOUND('',#7638,.T.);
#7638 = EDGE_LOOP('',(#7639,#7645,#7646,#7647));
#7639 = ORIENTED_EDGE('',*,*,#7640,.T.);
#7640 = EDGE_CURVE('',#6791,#6864,#7641,.T.);
#7641 = LINE('',#7642,#7643);
#7642 = CARTESIAN_POINT('',(0.1,-2.29,1.25));
#7643 = VECTOR('',#7644,1.);
#7644 = DIRECTION('',(-1.,2.334869823773E-16,0.));
#7645 = ORIENTED_EDGE('',*,*,#6871,.T.);
#7646 = ORIENTED_EDGE('',*,*,#7623,.F.);
#7647 = ORIENTED_EDGE('',*,*,#6798,.F.);
#7648 = PLANE('',#7649);
#7649 = AXIS2_PLACEMENT_3D('',#7650,#7651,#7652);
#7650 = CARTESIAN_POINT('',(0.1,-2.29,1.25));
#7651 = DIRECTION('',(0.,0.,1.));
#7652 = DIRECTION('',(-2.334869823773E-16,-1.,0.));
#7653 = ADVANCED_FACE('',(#7654),#7660,.T.);
#7654 = FACE_BOUND('',#7655,.T.);
#7655 = EDGE_LOOP('',(#7656,#7657,#7658,#7659));
#7656 = ORIENTED_EDGE('',*,*,#6898,.T.);
#7657 = ORIENTED_EDGE('',*,*,#6863,.T.);
#7658 = ORIENTED_EDGE('',*,*,#7640,.F.);
#7659 = ORIENTED_EDGE('',*,*,#6790,.F.);
#7660 = PLANE('',#7661);
#7661 = AXIS2_PLACEMENT_3D('',#7662,#7663,#7664);
#7662 = CARTESIAN_POINT('',(0.1,-2.29,7.35));
#7663 = DIRECTION('',(-2.334869823773E-16,-1.,0.));
#7664 = DIRECTION('',(-0.,0.,-1.));
#7665 = ADVANCED_FACE('',(#7666),#7677,.T.);
#7666 = FACE_BOUND('',#7667,.T.);
#7667 = EDGE_LOOP('',(#7668,#7674,#7675,#7676));
#7668 = ORIENTED_EDGE('',*,*,#7669,.T.);
#7669 = EDGE_CURVE('',#6965,#7038,#7670,.T.);
#7670 = LINE('',#7671,#7672);
#7671 = CARTESIAN_POINT('',(0.1,-0.25,1.25));
#7672 = VECTOR('',#7673,1.);
#7673 = DIRECTION('',(-1.,2.334869823773E-16,0.));
#7674 = ORIENTED_EDGE('',*,*,#7045,.T.);
#7675 = ORIENTED_EDGE('',*,*,#6996,.F.);
#7676 = ORIENTED_EDGE('',*,*,#6972,.F.);
#7677 = PLANE('',#7678);
#7678 = AXIS2_PLACEMENT_3D('',#7679,#7680,#7681);
#7679 = CARTESIAN_POINT('',(0.1,-0.25,1.25));
#7680 = DIRECTION('',(2.334869823773E-16,1.,0.));
#7681 = DIRECTION('',(0.,-0.,1.));
#7682 = ADVANCED_FACE('',(#7683),#7694,.T.);
#7683 = FACE_BOUND('',#7684,.T.);
#7684 = EDGE_LOOP('',(#7685,#7691,#7692,#7693));
#7685 = ORIENTED_EDGE('',*,*,#7686,.T.);
#7686 = EDGE_CURVE('',#6957,#7030,#7687,.T.);
#7687 = LINE('',#7688,#7689);
#7688 = CARTESIAN_POINT('',(0.1,0.25,1.25));
#7689 = VECTOR('',#7690,1.);
#7690 = DIRECTION('',(-1.,2.334869823773E-16,0.));
#7691 = ORIENTED_EDGE('',*,*,#7037,.T.);
#7692 = ORIENTED_EDGE('',*,*,#7669,.F.);
#7693 = ORIENTED_EDGE('',*,*,#6964,.F.);
#7694 = PLANE('',#7695);
#7695 = AXIS2_PLACEMENT_3D('',#7696,#7697,#7698);
#7696 = CARTESIAN_POINT('',(0.1,0.25,1.25));
#7697 = DIRECTION('',(0.,0.,1.));
#7698 = DIRECTION('',(-2.334869823773E-16,-1.,0.));
#7699 = ADVANCED_FACE('',(#7700),#7706,.T.);
#7700 = FACE_BOUND('',#7701,.T.);
#7701 = EDGE_LOOP('',(#7702,#7703,#7704,#7705));
#7702 = ORIENTED_EDGE('',*,*,#7064,.T.);
#7703 = ORIENTED_EDGE('',*,*,#7029,.T.);
#7704 = ORIENTED_EDGE('',*,*,#7686,.F.);
#7705 = ORIENTED_EDGE('',*,*,#6956,.F.);
#7706 = PLANE('',#7707);
#7707 = AXIS2_PLACEMENT_3D('',#7708,#7709,#7710);
#7708 = CARTESIAN_POINT('',(0.1,0.25,7.35));
#7709 = DIRECTION('',(-2.334869823773E-16,-1.,0.));
#7710 = DIRECTION('',(-0.,0.,-1.));
#7711 = ADVANCED_FACE('',(#7712),#7723,.T.);
#7712 = FACE_BOUND('',#7713,.T.);
#7713 = EDGE_LOOP('',(#7714,#7720,#7721,#7722));
#7714 = ORIENTED_EDGE('',*,*,#7715,.T.);
#7715 = EDGE_CURVE('',#7131,#7204,#7716,.T.);
#7716 = LINE('',#7717,#7718);
#7717 = CARTESIAN_POINT('',(-2.64,-4.83,1.25));
#7718 = VECTOR('',#7719,1.);
#7719 = DIRECTION('',(1.,-1.110223024625E-16,0.));
#7720 = ORIENTED_EDGE('',*,*,#7211,.T.);
#7721 = ORIENTED_EDGE('',*,*,#7162,.F.);
#7722 = ORIENTED_EDGE('',*,*,#7138,.F.);
#7723 = PLANE('',#7724);
#7724 = AXIS2_PLACEMENT_3D('',#7725,#7726,#7727);
#7725 = CARTESIAN_POINT('',(-2.64,-4.83,1.25));
#7726 = DIRECTION('',(-1.110223024625E-16,-1.,0.));
#7727 = DIRECTION('',(0.,0.,1.));
#7728 = ADVANCED_FACE('',(#7729),#7740,.T.);
#7729 = FACE_BOUND('',#7730,.T.);
#7730 = EDGE_LOOP('',(#7731,#7737,#7738,#7739));
#7731 = ORIENTED_EDGE('',*,*,#7732,.T.);
#7732 = EDGE_CURVE('',#7123,#7196,#7733,.T.);
#7733 = LINE('',#7734,#7735);
#7734 = CARTESIAN_POINT('',(-2.64,-5.33,1.25));
#7735 = VECTOR('',#7736,1.);
#7736 = DIRECTION('',(1.,-1.110223024625E-16,0.));
#7737 = ORIENTED_EDGE('',*,*,#7203,.T.);
#7738 = ORIENTED_EDGE('',*,*,#7715,.F.);
#7739 = ORIENTED_EDGE('',*,*,#7130,.F.);
#7740 = PLANE('',#7741);
#7741 = AXIS2_PLACEMENT_3D('',#7742,#7743,#7744);
#7742 = CARTESIAN_POINT('',(-2.64,-5.33,1.25));
#7743 = DIRECTION('',(0.,0.,1.));
#7744 = DIRECTION('',(1.110223024625E-16,1.,-0.));
#7745 = ADVANCED_FACE('',(#7746),#7752,.T.);
#7746 = FACE_BOUND('',#7747,.T.);
#7747 = EDGE_LOOP('',(#7748,#7749,#7750,#7751));
#7748 = ORIENTED_EDGE('',*,*,#7230,.T.);
#7749 = ORIENTED_EDGE('',*,*,#7195,.T.);
#7750 = ORIENTED_EDGE('',*,*,#7732,.F.);
#7751 = ORIENTED_EDGE('',*,*,#7122,.F.);
#7752 = PLANE('',#7753);
#7753 = AXIS2_PLACEMENT_3D('',#7754,#7755,#7756);
#7754 = CARTESIAN_POINT('',(-2.64,-5.33,7.35));
#7755 = DIRECTION('',(1.110223024625E-16,1.,0.));
#7756 = DIRECTION('',(0.,0.,-1.));
#7757 = ADVANCED_FACE('',(#7758),#7769,.T.);
#7758 = FACE_BOUND('',#7759,.T.);
#7759 = EDGE_LOOP('',(#7760,#7766,#7767,#7768));
#7760 = ORIENTED_EDGE('',*,*,#7761,.T.);
#7761 = EDGE_CURVE('',#7297,#7370,#7762,.T.);
#7762 = LINE('',#7763,#7764);
#7763 = CARTESIAN_POINT('',(-2.64,-2.29,1.25));
#7764 = VECTOR('',#7765,1.);
#7765 = DIRECTION('',(1.,-1.110223024625E-16,0.));
#7766 = ORIENTED_EDGE('',*,*,#7377,.T.);
#7767 = ORIENTED_EDGE('',*,*,#7328,.F.);
#7768 = ORIENTED_EDGE('',*,*,#7304,.F.);
#7769 = PLANE('',#7770);
#7770 = AXIS2_PLACEMENT_3D('',#7771,#7772,#7773);
#7771 = CARTESIAN_POINT('',(-2.64,-2.29,1.25));
#7772 = DIRECTION('',(-1.110223024625E-16,-1.,0.));
#7773 = DIRECTION('',(0.,0.,1.));
#7774 = ADVANCED_FACE('',(#7775),#7786,.T.);
#7775 = FACE_BOUND('',#7776,.T.);
#7776 = EDGE_LOOP('',(#7777,#7783,#7784,#7785));
#7777 = ORIENTED_EDGE('',*,*,#7778,.T.);
#7778 = EDGE_CURVE('',#7289,#7362,#7779,.T.);
#7779 = LINE('',#7780,#7781);
#7780 = CARTESIAN_POINT('',(-2.64,-2.79,1.25));
#7781 = VECTOR('',#7782,1.);
#7782 = DIRECTION('',(1.,-1.110223024625E-16,0.));
#7783 = ORIENTED_EDGE('',*,*,#7369,.T.);
#7784 = ORIENTED_EDGE('',*,*,#7761,.F.);
#7785 = ORIENTED_EDGE('',*,*,#7296,.F.);
#7786 = PLANE('',#7787);
#7787 = AXIS2_PLACEMENT_3D('',#7788,#7789,#7790);
#7788 = CARTESIAN_POINT('',(-2.64,-2.79,1.25));
#7789 = DIRECTION('',(0.,0.,1.));
#7790 = DIRECTION('',(1.110223024625E-16,1.,-0.));
#7791 = ADVANCED_FACE('',(#7792),#7798,.T.);
#7792 = FACE_BOUND('',#7793,.T.);
#7793 = EDGE_LOOP('',(#7794,#7795,#7796,#7797));
#7794 = ORIENTED_EDGE('',*,*,#7396,.T.);
#7795 = ORIENTED_EDGE('',*,*,#7361,.T.);
#7796 = ORIENTED_EDGE('',*,*,#7778,.F.);
#7797 = ORIENTED_EDGE('',*,*,#7288,.F.);
#7798 = PLANE('',#7799);
#7799 = AXIS2_PLACEMENT_3D('',#7800,#7801,#7802);
#7800 = CARTESIAN_POINT('',(-2.64,-2.79,7.35));
#7801 = DIRECTION('',(1.110223024625E-16,1.,0.));
#7802 = DIRECTION('',(0.,0.,-1.));
#7803 = ADVANCED_FACE('',(#7804),#7815,.T.);
#7804 = FACE_BOUND('',#7805,.T.);
#7805 = EDGE_LOOP('',(#7806,#7812,#7813,#7814));
#7806 = ORIENTED_EDGE('',*,*,#7807,.T.);
#7807 = EDGE_CURVE('',#7463,#7536,#7808,.T.);
#7808 = LINE('',#7809,#7810);
#7809 = CARTESIAN_POINT('',(-2.64,0.25,1.25));
#7810 = VECTOR('',#7811,1.);
#7811 = DIRECTION('',(1.,-1.110223024625E-16,0.));
#7812 = ORIENTED_EDGE('',*,*,#7543,.T.);
#7813 = ORIENTED_EDGE('',*,*,#7494,.F.);
#7814 = ORIENTED_EDGE('',*,*,#7470,.F.);
#7815 = PLANE('',#7816);
#7816 = AXIS2_PLACEMENT_3D('',#7817,#7818,#7819);
#7817 = CARTESIAN_POINT('',(-2.64,0.25,1.25));
#7818 = DIRECTION('',(-1.110223024625E-16,-1.,0.));
#7819 = DIRECTION('',(0.,0.,1.));
#7820 = ADVANCED_FACE('',(#7821),#7832,.T.);
#7821 = FACE_BOUND('',#7822,.T.);
#7822 = EDGE_LOOP('',(#7823,#7829,#7830,#7831));
#7823 = ORIENTED_EDGE('',*,*,#7824,.T.);
#7824 = EDGE_CURVE('',#7455,#7528,#7825,.T.);
#7825 = LINE('',#7826,#7827);
#7826 = CARTESIAN_POINT('',(-2.64,-0.25,1.25));
#7827 = VECTOR('',#7828,1.);
#7828 = DIRECTION('',(1.,-1.110223024625E-16,0.));
#7829 = ORIENTED_EDGE('',*,*,#7535,.T.);
#7830 = ORIENTED_EDGE('',*,*,#7807,.F.);
#7831 = ORIENTED_EDGE('',*,*,#7462,.F.);
#7832 = PLANE('',#7833);
#7833 = AXIS2_PLACEMENT_3D('',#7834,#7835,#7836);
#7834 = CARTESIAN_POINT('',(-2.64,-0.25,1.25));
#7835 = DIRECTION('',(0.,0.,1.));
#7836 = DIRECTION('',(1.110223024625E-16,1.,-0.));
#7837 = ADVANCED_FACE('',(#7838),#7844,.T.);
#7838 = FACE_BOUND('',#7839,.T.);
#7839 = EDGE_LOOP('',(#7840,#7841,#7842,#7843));
#7840 = ORIENTED_EDGE('',*,*,#7562,.T.);
#7841 = ORIENTED_EDGE('',*,*,#7527,.T.);
#7842 = ORIENTED_EDGE('',*,*,#7824,.F.);
#7843 = ORIENTED_EDGE('',*,*,#7454,.F.);
#7844 = PLANE('',#7845);
#7845 = AXIS2_PLACEMENT_3D('',#7846,#7847,#7848);
#7846 = CARTESIAN_POINT('',(-2.64,-0.25,7.35));
#7847 = DIRECTION('',(1.110223024625E-16,1.,0.));
#7848 = DIRECTION('',(0.,0.,-1.));
#7849 = ( GEOMETRIC_REPRESENTATION_CONTEXT(3) 
GLOBAL_UNCERTAINTY_ASSIGNED_CONTEXT((#7853)) 
GLOBAL_UNIT_ASSIGNED_CONTEXT((#7850,#7851,#7852)) REPRESENTATION_CONTEXT
('Context #1','3D Context with UNIT and UNCERTAINTY') );
#7850 = ( LENGTH_UNIT() NAMED_UNIT(*) SI_UNIT(.MILLI.,.METRE.) );
#7851 = ( NAMED_UNIT(*) PLANE_ANGLE_UNIT() SI_UNIT($,.RADIAN.) );
#7852 = ( NAMED_UNIT(*) SI_UNIT($,.STERADIAN.) SOLID_ANGLE_UNIT() );
#7853 = UNCERTAINTY_MEASURE_WITH_UNIT(LENGTH_MEASURE(1.E-07),#7850,
  'distance_accuracy_value','confusion accuracy');
#7854 = CONTEXT_DEPENDENT_SHAPE_REPRESENTATION(#7855,#7857);
#7855 = ( REPRESENTATION_RELATIONSHIP('','',#2910,#10) 
REPRESENTATION_RELATIONSHIP_WITH_TRANSFORMATION(#7856) 
SHAPE_REPRESENTATION_RELATIONSHIP() );
#7856 = ITEM_DEFINED_TRANSFORMATION('','',#11,#43);
#7857 = PRODUCT_DEFINITION_SHAPE('Placement','Placement of an item',
  #7858);
#7858 = NEXT_ASSEMBLY_USAGE_OCCURRENCE('8','JV1_VISUAL','',#5,#2905,$);
#7859 = PRODUCT_RELATED_PRODUCT_CATEGORY('part',$,(#2907));
#7860 = SHAPE_DEFINITION_REPRESENTATION(#7861,#7867);
#7861 = PRODUCT_DEFINITION_SHAPE('','',#7862);
#7862 = PRODUCT_DEFINITION('design','',#7863,#7866);
#7863 = PRODUCT_DEFINITION_FORMATION('','',#7864);
#7864 = PRODUCT('voice-thomas_PCB','voice-thomas_PCB','',(#7865));
#7865 = PRODUCT_CONTEXT('',#2,'mechanical');
#7866 = PRODUCT_DEFINITION_CONTEXT('part definition',#2,'design');
#7867 = ADVANCED_BREP_SHAPE_REPRESENTATION('',(#11,#7868),#8642);
#7868 = MANIFOLD_SOLID_BREP('',#7869);
#7869 = CLOSED_SHELL('',(#7870,#7910,#7941,#7972,#8165,#8358,#8370,#8387
    ,#8404,#8421,#8438,#8455,#8472,#8489,#8506,#8523,#8540,#8557,#8574,
    #8591,#8608,#8625));
#7870 = ADVANCED_FACE('',(#7871),#7905,.T.);
#7871 = FACE_BOUND('',#7872,.T.);
#7872 = EDGE_LOOP('',(#7873,#7883,#7891,#7899));
#7873 = ORIENTED_EDGE('',*,*,#7874,.T.);
#7874 = EDGE_CURVE('',#7875,#7877,#7879,.T.);
#7875 = VERTEX_POINT('',#7876);
#7876 = CARTESIAN_POINT('',(80.,-92.,0.));
#7877 = VERTEX_POINT('',#7878);
#7878 = CARTESIAN_POINT('',(80.,-92.,1.51));
#7879 = LINE('',#7880,#7881);
#7880 = CARTESIAN_POINT('',(80.,-92.,0.));
#7881 = VECTOR('',#7882,1.);
#7882 = DIRECTION('',(0.,0.,1.));
#7883 = ORIENTED_EDGE('',*,*,#7884,.T.);
#7884 = EDGE_CURVE('',#7877,#7885,#7887,.T.);
#7885 = VERTEX_POINT('',#7886);
#7886 = CARTESIAN_POINT('',(50.,-92.,1.51));
#7887 = LINE('',#7888,#7889);
#7888 = CARTESIAN_POINT('',(80.,-92.,1.51));
#7889 = VECTOR('',#7890,1.);
#7890 = DIRECTION('',(-1.,0.,0.));
#7891 = ORIENTED_EDGE('',*,*,#7892,.F.);
#7892 = EDGE_CURVE('',#7893,#7885,#7895,.T.);
#7893 = VERTEX_POINT('',#7894);
#7894 = CARTESIAN_POINT('',(50.,-92.,0.));
#7895 = LINE('',#7896,#7897);
#7896 = CARTESIAN_POINT('',(50.,-92.,0.));
#7897 = VECTOR('',#7898,1.);
#7898 = DIRECTION('',(0.,0.,1.));
#7899 = ORIENTED_EDGE('',*,*,#7900,.F.);
#7900 = EDGE_CURVE('',#7875,#7893,#7901,.T.);
#7901 = LINE('',#7902,#7903);
#7902 = CARTESIAN_POINT('',(80.,-92.,0.));
#7903 = VECTOR('',#7904,1.);
#7904 = DIRECTION('',(-1.,0.,0.));
#7905 = PLANE('',#7906);
#7906 = AXIS2_PLACEMENT_3D('',#7907,#7908,#7909);
#7907 = CARTESIAN_POINT('',(80.,-92.,0.));
#7908 = DIRECTION('',(0.,-1.,0.));
#7909 = DIRECTION('',(-1.,0.,0.));
#7910 = ADVANCED_FACE('',(#7911),#7936,.T.);
#7911 = FACE_BOUND('',#7912,.T.);
#7912 = EDGE_LOOP('',(#7913,#7923,#7929,#7930));
#7913 = ORIENTED_EDGE('',*,*,#7914,.T.);
#7914 = EDGE_CURVE('',#7915,#7917,#7919,.T.);
#7915 = VERTEX_POINT('',#7916);
#7916 = CARTESIAN_POINT('',(80.,-50.,0.));
#7917 = VERTEX_POINT('',#7918);
#7918 = CARTESIAN_POINT('',(80.,-50.,1.51));
#7919 = LINE('',#7920,#7921);
#7920 = CARTESIAN_POINT('',(80.,-50.,0.));
#7921 = VECTOR('',#7922,1.);
#7922 = DIRECTION('',(0.,0.,1.));
#7923 = ORIENTED_EDGE('',*,*,#7924,.T.);
#7924 = EDGE_CURVE('',#7917,#7877,#7925,.T.);
#7925 = LINE('',#7926,#7927);
#7926 = CARTESIAN_POINT('',(80.,-50.,1.51));
#7927 = VECTOR('',#7928,1.);
#7928 = DIRECTION('',(0.,-1.,0.));
#7929 = ORIENTED_EDGE('',*,*,#7874,.F.);
#7930 = ORIENTED_EDGE('',*,*,#7931,.F.);
#7931 = EDGE_CURVE('',#7915,#7875,#7932,.T.);
#7932 = LINE('',#7933,#7934);
#7933 = CARTESIAN_POINT('',(80.,-50.,0.));
#7934 = VECTOR('',#7935,1.);
#7935 = DIRECTION('',(0.,-1.,0.));
#7936 = PLANE('',#7937);
#7937 = AXIS2_PLACEMENT_3D('',#7938,#7939,#7940);
#7938 = CARTESIAN_POINT('',(80.,-50.,0.));
#7939 = DIRECTION('',(1.,0.,-0.));
#7940 = DIRECTION('',(0.,-1.,0.));
#7941 = ADVANCED_FACE('',(#7942),#7967,.T.);
#7942 = FACE_BOUND('',#7943,.T.);
#7943 = EDGE_LOOP('',(#7944,#7945,#7953,#7961));
#7944 = ORIENTED_EDGE('',*,*,#7892,.T.);
#7945 = ORIENTED_EDGE('',*,*,#7946,.T.);
#7946 = EDGE_CURVE('',#7885,#7947,#7949,.T.);
#7947 = VERTEX_POINT('',#7948);
#7948 = CARTESIAN_POINT('',(50.,-50.,1.51));
#7949 = LINE('',#7950,#7951);
#7950 = CARTESIAN_POINT('',(50.,-92.,1.51));
#7951 = VECTOR('',#7952,1.);
#7952 = DIRECTION('',(0.,1.,0.));
#7953 = ORIENTED_EDGE('',*,*,#7954,.F.);
#7954 = EDGE_CURVE('',#7955,#7947,#7957,.T.);
#7955 = VERTEX_POINT('',#7956);
#7956 = CARTESIAN_POINT('',(50.,-50.,0.));
#7957 = LINE('',#7958,#7959);
#7958 = CARTESIAN_POINT('',(50.,-50.,0.));
#7959 = VECTOR('',#7960,1.);
#7960 = DIRECTION('',(0.,0.,1.));
#7961 = ORIENTED_EDGE('',*,*,#7962,.F.);
#7962 = EDGE_CURVE('',#7893,#7955,#7963,.T.);
#7963 = LINE('',#7964,#7965);
#7964 = CARTESIAN_POINT('',(50.,-92.,0.));
#7965 = VECTOR('',#7966,1.);
#7966 = DIRECTION('',(0.,1.,0.));
#7967 = PLANE('',#7968);
#7968 = AXIS2_PLACEMENT_3D('',#7969,#7970,#7971);
#7969 = CARTESIAN_POINT('',(50.,-92.,0.));
#7970 = DIRECTION('',(-1.,0.,0.));
#7971 = DIRECTION('',(0.,1.,0.));
#7972 = ADVANCED_FACE('',(#7973,#7984,#7995,#8006,#8017,#8028,#8039,
    #8050,#8061,#8072,#8083,#8094,#8105,#8116,#8127,#8138,#8149),#8160,
  .F.);
#7973 = FACE_BOUND('',#7974,.F.);
#7974 = EDGE_LOOP('',(#7975,#7976,#7977,#7983));
#7975 = ORIENTED_EDGE('',*,*,#7900,.F.);
#7976 = ORIENTED_EDGE('',*,*,#7931,.F.);
#7977 = ORIENTED_EDGE('',*,*,#7978,.F.);
#7978 = EDGE_CURVE('',#7955,#7915,#7979,.T.);
#7979 = LINE('',#7980,#7981);
#7980 = CARTESIAN_POINT('',(50.,-50.,0.));
#7981 = VECTOR('',#7982,1.);
#7982 = DIRECTION('',(1.,0.,0.));
#7983 = ORIENTED_EDGE('',*,*,#7962,.F.);
#7984 = FACE_BOUND('',#7985,.F.);
#7985 = EDGE_LOOP('',(#7986));
#7986 = ORIENTED_EDGE('',*,*,#7987,.T.);
#7987 = EDGE_CURVE('',#7988,#7988,#7990,.T.);
#7988 = VERTEX_POINT('',#7989);
#7989 = CARTESIAN_POINT('',(62.,-76.45,0.));
#7990 = CIRCLE('',#7991,0.45);
#7991 = AXIS2_PLACEMENT_3D('',#7992,#7993,#7994);
#7992 = CARTESIAN_POINT('',(62.,-76.,0.));
#7993 = DIRECTION('',(-0.,0.,-1.));
#7994 = DIRECTION('',(-0.,-1.,0.));
#7995 = FACE_BOUND('',#7996,.F.);
#7996 = EDGE_LOOP('',(#7997));
#7997 = ORIENTED_EDGE('',*,*,#7998,.T.);
#7998 = EDGE_CURVE('',#7999,#7999,#8001,.T.);
#7999 = VERTEX_POINT('',#8000);
#8000 = CARTESIAN_POINT('',(65.,-89.5,0.));
#8001 = CIRCLE('',#8002,0.5);
#8002 = AXIS2_PLACEMENT_3D('',#8003,#8004,#8005);
#8003 = CARTESIAN_POINT('',(65.,-89.,0.));
#8004 = DIRECTION('',(-0.,0.,-1.));
#8005 = DIRECTION('',(-0.,-1.,0.));
#8006 = FACE_BOUND('',#8007,.F.);
#8007 = EDGE_LOOP('',(#8008));
#8008 = ORIENTED_EDGE('',*,*,#8009,.T.);
#8009 = EDGE_CURVE('',#8010,#8010,#8012,.T.);
#8010 = VERTEX_POINT('',#8011);
#8011 = CARTESIAN_POINT('',(67.54,-89.5,0.));
#8012 = CIRCLE('',#8013,0.5);
#8013 = AXIS2_PLACEMENT_3D('',#8014,#8015,#8016);
#8014 = CARTESIAN_POINT('',(67.54,-89.,0.));
#8015 = DIRECTION('',(-0.,0.,-1.));
#8016 = DIRECTION('',(-0.,-1.,0.));
#8017 = FACE_BOUND('',#8018,.F.);
#8018 = EDGE_LOOP('',(#8019));
#8019 = ORIENTED_EDGE('',*,*,#8020,.T.);
#8020 = EDGE_CURVE('',#8021,#8021,#8023,.T.);
#8021 = VERTEX_POINT('',#8022);
#8022 = CARTESIAN_POINT('',(74.,-85.6,0.));
#8023 = CIRCLE('',#8024,1.6);
#8024 = AXIS2_PLACEMENT_3D('',#8025,#8026,#8027);
#8025 = CARTESIAN_POINT('',(74.,-84.,0.));
#8026 = DIRECTION('',(-0.,0.,-1.));
#8027 = DIRECTION('',(-0.,-1.,0.));
#8028 = FACE_BOUND('',#8029,.F.);
#8029 = EDGE_LOOP('',(#8030));
#8030 = ORIENTED_EDGE('',*,*,#8031,.T.);
#8031 = EDGE_CURVE('',#8032,#8032,#8034,.T.);
#8032 = VERTEX_POINT('',#8033);
#8033 = CARTESIAN_POINT('',(67.,-76.45,0.));
#8034 = CIRCLE('',#8035,0.45);
#8035 = AXIS2_PLACEMENT_3D('',#8036,#8037,#8038);
#8036 = CARTESIAN_POINT('',(67.,-76.,0.));
#8037 = DIRECTION('',(-0.,0.,-1.));
#8038 = DIRECTION('',(-0.,-1.,0.));
#8039 = FACE_BOUND('',#8040,.F.);
#8040 = EDGE_LOOP('',(#8041));
#8041 = ORIENTED_EDGE('',*,*,#8042,.T.);
#8042 = EDGE_CURVE('',#8043,#8043,#8045,.T.);
#8043 = VERTEX_POINT('',#8044);
#8044 = CARTESIAN_POINT('',(62.,-67.45,0.));
#8045 = CIRCLE('',#8046,0.45);
#8046 = AXIS2_PLACEMENT_3D('',#8047,#8048,#8049);
#8047 = CARTESIAN_POINT('',(62.,-67.,0.));
#8048 = DIRECTION('',(-0.,0.,-1.));
#8049 = DIRECTION('',(-0.,-1.,0.));
#8050 = FACE_BOUND('',#8051,.F.);
#8051 = EDGE_LOOP('',(#8052));
#8052 = ORIENTED_EDGE('',*,*,#8053,.T.);
#8053 = EDGE_CURVE('',#8054,#8054,#8056,.T.);
#8054 = VERTEX_POINT('',#8055);
#8055 = CARTESIAN_POINT('',(53.,-61.58,0.));
#8056 = CIRCLE('',#8057,0.5);
#8057 = AXIS2_PLACEMENT_3D('',#8058,#8059,#8060);
#8058 = CARTESIAN_POINT('',(53.,-61.08,0.));
#8059 = DIRECTION('',(-0.,0.,-1.));
#8060 = DIRECTION('',(-0.,-1.,0.));
#8061 = FACE_BOUND('',#8062,.F.);
#8062 = EDGE_LOOP('',(#8063));
#8063 = ORIENTED_EDGE('',*,*,#8064,.T.);
#8064 = EDGE_CURVE('',#8065,#8065,#8067,.T.);
#8065 = VERTEX_POINT('',#8066);
#8066 = CARTESIAN_POINT('',(53.,-59.04,0.));
#8067 = CIRCLE('',#8068,0.5);
#8068 = AXIS2_PLACEMENT_3D('',#8069,#8070,#8071);
#8069 = CARTESIAN_POINT('',(53.,-58.54,0.));
#8070 = DIRECTION('',(-0.,0.,-1.));
#8071 = DIRECTION('',(-0.,-1.,0.));
#8072 = FACE_BOUND('',#8073,.F.);
#8073 = EDGE_LOOP('',(#8074));
#8074 = ORIENTED_EDGE('',*,*,#8075,.T.);
#8075 = EDGE_CURVE('',#8076,#8076,#8078,.T.);
#8076 = VERTEX_POINT('',#8077);
#8077 = CARTESIAN_POINT('',(53.,-56.5,0.));
#8078 = CIRCLE('',#8079,0.5);
#8079 = AXIS2_PLACEMENT_3D('',#8080,#8081,#8082);
#8080 = CARTESIAN_POINT('',(53.,-56.,0.));
#8081 = DIRECTION('',(-0.,0.,-1.));
#8082 = DIRECTION('',(-0.,-1.,0.));
#8083 = FACE_BOUND('',#8084,.F.);
#8084 = EDGE_LOOP('',(#8085));
#8085 = ORIENTED_EDGE('',*,*,#8086,.T.);
#8086 = EDGE_CURVE('',#8087,#8087,#8089,.T.);
#8087 = VERTEX_POINT('',#8088);
#8088 = CARTESIAN_POINT('',(55.54,-59.04,0.));
#8089 = CIRCLE('',#8090,0.5);
#8090 = AXIS2_PLACEMENT_3D('',#8091,#8092,#8093);
#8091 = CARTESIAN_POINT('',(55.54,-58.54,0.));
#8092 = DIRECTION('',(-0.,0.,-1.));
#8093 = DIRECTION('',(-0.,-1.,0.));
#8094 = FACE_BOUND('',#8095,.F.);
#8095 = EDGE_LOOP('',(#8096));
#8096 = ORIENTED_EDGE('',*,*,#8097,.T.);
#8097 = EDGE_CURVE('',#8098,#8098,#8100,.T.);
#8098 = VERTEX_POINT('',#8099);
#8099 = CARTESIAN_POINT('',(55.54,-56.5,0.));
#8100 = CIRCLE('',#8101,0.5);
#8101 = AXIS2_PLACEMENT_3D('',#8102,#8103,#8104);
#8102 = CARTESIAN_POINT('',(55.54,-56.,0.));
#8103 = DIRECTION('',(-0.,0.,-1.));
#8104 = DIRECTION('',(-0.,-1.,0.));
#8105 = FACE_BOUND('',#8106,.F.);
#8106 = EDGE_LOOP('',(#8107));
#8107 = ORIENTED_EDGE('',*,*,#8108,.T.);
#8108 = EDGE_CURVE('',#8109,#8109,#8111,.T.);
#8109 = VERTEX_POINT('',#8110);
#8110 = CARTESIAN_POINT('',(61.,-60.4,0.));
#8111 = CIRCLE('',#8112,0.4);
#8112 = AXIS2_PLACEMENT_3D('',#8113,#8114,#8115);
#8113 = CARTESIAN_POINT('',(61.,-60.,0.));
#8114 = DIRECTION('',(-0.,0.,-1.));
#8115 = DIRECTION('',(-0.,-1.,0.));
#8116 = FACE_BOUND('',#8117,.F.);
#8117 = EDGE_LOOP('',(#8118));
#8118 = ORIENTED_EDGE('',*,*,#8119,.T.);
#8119 = EDGE_CURVE('',#8120,#8120,#8122,.T.);
#8120 = VERTEX_POINT('',#8121);
#8121 = CARTESIAN_POINT('',(61.,-55.4,0.));
#8122 = CIRCLE('',#8123,0.4);
#8123 = AXIS2_PLACEMENT_3D('',#8124,#8125,#8126);
#8124 = CARTESIAN_POINT('',(61.,-55.,0.));
#8125 = DIRECTION('',(-0.,0.,-1.));
#8126 = DIRECTION('',(-0.,-1.,0.));
#8127 = FACE_BOUND('',#8128,.F.);
#8128 = EDGE_LOOP('',(#8129));
#8129 = ORIENTED_EDGE('',*,*,#8130,.T.);
#8130 = EDGE_CURVE('',#8131,#8131,#8133,.T.);
#8131 = VERTEX_POINT('',#8132);
#8132 = CARTESIAN_POINT('',(67.,-67.45,0.));
#8133 = CIRCLE('',#8134,0.45);
#8134 = AXIS2_PLACEMENT_3D('',#8135,#8136,#8137);
#8135 = CARTESIAN_POINT('',(67.,-67.,0.));
#8136 = DIRECTION('',(-0.,0.,-1.));
#8137 = DIRECTION('',(-0.,-1.,0.));
#8138 = FACE_BOUND('',#8139,.F.);
#8139 = EDGE_LOOP('',(#8140));
#8140 = ORIENTED_EDGE('',*,*,#8141,.T.);
#8141 = EDGE_CURVE('',#8142,#8142,#8144,.T.);
#8142 = VERTEX_POINT('',#8143);
#8143 = CARTESIAN_POINT('',(68.62,-60.4,0.));
#8144 = CIRCLE('',#8145,0.4);
#8145 = AXIS2_PLACEMENT_3D('',#8146,#8147,#8148);
#8146 = CARTESIAN_POINT('',(68.62,-60.,0.));
#8147 = DIRECTION('',(-0.,0.,-1.));
#8148 = DIRECTION('',(-0.,-1.,0.));
#8149 = FACE_BOUND('',#8150,.F.);
#8150 = EDGE_LOOP('',(#8151));
#8151 = ORIENTED_EDGE('',*,*,#8152,.T.);
#8152 = EDGE_CURVE('',#8153,#8153,#8155,.T.);
#8153 = VERTEX_POINT('',#8154);
#8154 = CARTESIAN_POINT('',(68.62,-55.4,0.));
#8155 = CIRCLE('',#8156,0.4);
#8156 = AXIS2_PLACEMENT_3D('',#8157,#8158,#8159);
#8157 = CARTESIAN_POINT('',(68.62,-55.,0.));
#8158 = DIRECTION('',(-0.,0.,-1.));
#8159 = DIRECTION('',(-0.,-1.,0.));
#8160 = PLANE('',#8161);
#8161 = AXIS2_PLACEMENT_3D('',#8162,#8163,#8164);
#8162 = CARTESIAN_POINT('',(0.,0.,0.));
#8163 = DIRECTION('',(0.,0.,1.));
#8164 = DIRECTION('',(1.,0.,-0.));
#8165 = ADVANCED_FACE('',(#8166,#8177,#8188,#8199,#8210,#8221,#8232,
    #8243,#8254,#8265,#8276,#8287,#8298,#8309,#8320,#8331,#8342),#8353,
  .T.);
#8166 = FACE_BOUND('',#8167,.T.);
#8167 = EDGE_LOOP('',(#8168,#8169,#8170,#8176));
#8168 = ORIENTED_EDGE('',*,*,#7884,.F.);
#8169 = ORIENTED_EDGE('',*,*,#7924,.F.);
#8170 = ORIENTED_EDGE('',*,*,#8171,.F.);
#8171 = EDGE_CURVE('',#7947,#7917,#8172,.T.);
#8172 = LINE('',#8173,#8174);
#8173 = CARTESIAN_POINT('',(50.,-50.,1.51));
#8174 = VECTOR('',#8175,1.);
#8175 = DIRECTION('',(1.,0.,0.));
#8176 = ORIENTED_EDGE('',*,*,#7946,.F.);
#8177 = FACE_BOUND('',#8178,.T.);
#8178 = EDGE_LOOP('',(#8179));
#8179 = ORIENTED_EDGE('',*,*,#8180,.T.);
#8180 = EDGE_CURVE('',#8181,#8181,#8183,.T.);
#8181 = VERTEX_POINT('',#8182);
#8182 = CARTESIAN_POINT('',(62.,-76.45,1.51));
#8183 = CIRCLE('',#8184,0.45);
#8184 = AXIS2_PLACEMENT_3D('',#8185,#8186,#8187);
#8185 = CARTESIAN_POINT('',(62.,-76.,1.51));
#8186 = DIRECTION('',(-0.,0.,-1.));
#8187 = DIRECTION('',(-0.,-1.,0.));
#8188 = FACE_BOUND('',#8189,.T.);
#8189 = EDGE_LOOP('',(#8190));
#8190 = ORIENTED_EDGE('',*,*,#8191,.T.);
#8191 = EDGE_CURVE('',#8192,#8192,#8194,.T.);
#8192 = VERTEX_POINT('',#8193);
#8193 = CARTESIAN_POINT('',(65.,-89.5,1.51));
#8194 = CIRCLE('',#8195,0.5);
#8195 = AXIS2_PLACEMENT_3D('',#8196,#8197,#8198);
#8196 = CARTESIAN_POINT('',(65.,-89.,1.51));
#8197 = DIRECTION('',(-0.,0.,-1.));
#8198 = DIRECTION('',(-0.,-1.,0.));
#8199 = FACE_BOUND('',#8200,.T.);
#8200 = EDGE_LOOP('',(#8201));
#8201 = ORIENTED_EDGE('',*,*,#8202,.T.);
#8202 = EDGE_CURVE('',#8203,#8203,#8205,.T.);
#8203 = VERTEX_POINT('',#8204);
#8204 = CARTESIAN_POINT('',(67.54,-89.5,1.51));
#8205 = CIRCLE('',#8206,0.5);
#8206 = AXIS2_PLACEMENT_3D('',#8207,#8208,#8209);
#8207 = CARTESIAN_POINT('',(67.54,-89.,1.51));
#8208 = DIRECTION('',(-0.,0.,-1.));
#8209 = DIRECTION('',(-0.,-1.,0.));
#8210 = FACE_BOUND('',#8211,.T.);
#8211 = EDGE_LOOP('',(#8212));
#8212 = ORIENTED_EDGE('',*,*,#8213,.T.);
#8213 = EDGE_CURVE('',#8214,#8214,#8216,.T.);
#8214 = VERTEX_POINT('',#8215);
#8215 = CARTESIAN_POINT('',(74.,-85.6,1.51));
#8216 = CIRCLE('',#8217,1.6);
#8217 = AXIS2_PLACEMENT_3D('',#8218,#8219,#8220);
#8218 = CARTESIAN_POINT('',(74.,-84.,1.51));
#8219 = DIRECTION('',(-0.,0.,-1.));
#8220 = DIRECTION('',(-0.,-1.,0.));
#8221 = FACE_BOUND('',#8222,.T.);
#8222 = EDGE_LOOP('',(#8223));
#8223 = ORIENTED_EDGE('',*,*,#8224,.T.);
#8224 = EDGE_CURVE('',#8225,#8225,#8227,.T.);
#8225 = VERTEX_POINT('',#8226);
#8226 = CARTESIAN_POINT('',(67.,-76.45,1.51));
#8227 = CIRCLE('',#8228,0.45);
#8228 = AXIS2_PLACEMENT_3D('',#8229,#8230,#8231);
#8229 = CARTESIAN_POINT('',(67.,-76.,1.51));
#8230 = DIRECTION('',(-0.,0.,-1.));
#8231 = DIRECTION('',(-0.,-1.,0.));
#8232 = FACE_BOUND('',#8233,.T.);
#8233 = EDGE_LOOP('',(#8234));
#8234 = ORIENTED_EDGE('',*,*,#8235,.T.);
#8235 = EDGE_CURVE('',#8236,#8236,#8238,.T.);
#8236 = VERTEX_POINT('',#8237);
#8237 = CARTESIAN_POINT('',(62.,-67.45,1.51));
#8238 = CIRCLE('',#8239,0.45);
#8239 = AXIS2_PLACEMENT_3D('',#8240,#8241,#8242);
#8240 = CARTESIAN_POINT('',(62.,-67.,1.51));
#8241 = DIRECTION('',(-0.,0.,-1.));
#8242 = DIRECTION('',(-0.,-1.,0.));
#8243 = FACE_BOUND('',#8244,.T.);
#8244 = EDGE_LOOP('',(#8245));
#8245 = ORIENTED_EDGE('',*,*,#8246,.T.);
#8246 = EDGE_CURVE('',#8247,#8247,#8249,.T.);
#8247 = VERTEX_POINT('',#8248);
#8248 = CARTESIAN_POINT('',(53.,-61.58,1.51));
#8249 = CIRCLE('',#8250,0.5);
#8250 = AXIS2_PLACEMENT_3D('',#8251,#8252,#8253);
#8251 = CARTESIAN_POINT('',(53.,-61.08,1.51));
#8252 = DIRECTION('',(-0.,0.,-1.));
#8253 = DIRECTION('',(-0.,-1.,0.));
#8254 = FACE_BOUND('',#8255,.T.);
#8255 = EDGE_LOOP('',(#8256));
#8256 = ORIENTED_EDGE('',*,*,#8257,.T.);
#8257 = EDGE_CURVE('',#8258,#8258,#8260,.T.);
#8258 = VERTEX_POINT('',#8259);
#8259 = CARTESIAN_POINT('',(53.,-59.04,1.51));
#8260 = CIRCLE('',#8261,0.5);
#8261 = AXIS2_PLACEMENT_3D('',#8262,#8263,#8264);
#8262 = CARTESIAN_POINT('',(53.,-58.54,1.51));
#8263 = DIRECTION('',(-0.,0.,-1.));
#8264 = DIRECTION('',(-0.,-1.,0.));
#8265 = FACE_BOUND('',#8266,.T.);
#8266 = EDGE_LOOP('',(#8267));
#8267 = ORIENTED_EDGE('',*,*,#8268,.T.);
#8268 = EDGE_CURVE('',#8269,#8269,#8271,.T.);
#8269 = VERTEX_POINT('',#8270);
#8270 = CARTESIAN_POINT('',(53.,-56.5,1.51));
#8271 = CIRCLE('',#8272,0.5);
#8272 = AXIS2_PLACEMENT_3D('',#8273,#8274,#8275);
#8273 = CARTESIAN_POINT('',(53.,-56.,1.51));
#8274 = DIRECTION('',(-0.,0.,-1.));
#8275 = DIRECTION('',(-0.,-1.,0.));
#8276 = FACE_BOUND('',#8277,.T.);
#8277 = EDGE_LOOP('',(#8278));
#8278 = ORIENTED_EDGE('',*,*,#8279,.T.);
#8279 = EDGE_CURVE('',#8280,#8280,#8282,.T.);
#8280 = VERTEX_POINT('',#8281);
#8281 = CARTESIAN_POINT('',(55.54,-59.04,1.51));
#8282 = CIRCLE('',#8283,0.5);
#8283 = AXIS2_PLACEMENT_3D('',#8284,#8285,#8286);
#8284 = CARTESIAN_POINT('',(55.54,-58.54,1.51));
#8285 = DIRECTION('',(-0.,0.,-1.));
#8286 = DIRECTION('',(-0.,-1.,0.));
#8287 = FACE_BOUND('',#8288,.T.);
#8288 = EDGE_LOOP('',(#8289));
#8289 = ORIENTED_EDGE('',*,*,#8290,.T.);
#8290 = EDGE_CURVE('',#8291,#8291,#8293,.T.);
#8291 = VERTEX_POINT('',#8292);
#8292 = CARTESIAN_POINT('',(55.54,-56.5,1.51));
#8293 = CIRCLE('',#8294,0.5);
#8294 = AXIS2_PLACEMENT_3D('',#8295,#8296,#8297);
#8295 = CARTESIAN_POINT('',(55.54,-56.,1.51));
#8296 = DIRECTION('',(-0.,0.,-1.));
#8297 = DIRECTION('',(-0.,-1.,0.));
#8298 = FACE_BOUND('',#8299,.T.);
#8299 = EDGE_LOOP('',(#8300));
#8300 = ORIENTED_EDGE('',*,*,#8301,.T.);
#8301 = EDGE_CURVE('',#8302,#8302,#8304,.T.);
#8302 = VERTEX_POINT('',#8303);
#8303 = CARTESIAN_POINT('',(61.,-60.4,1.51));
#8304 = CIRCLE('',#8305,0.4);
#8305 = AXIS2_PLACEMENT_3D('',#8306,#8307,#8308);
#8306 = CARTESIAN_POINT('',(61.,-60.,1.51));
#8307 = DIRECTION('',(-0.,0.,-1.));
#8308 = DIRECTION('',(-0.,-1.,0.));
#8309 = FACE_BOUND('',#8310,.T.);
#8310 = EDGE_LOOP('',(#8311));
#8311 = ORIENTED_EDGE('',*,*,#8312,.T.);
#8312 = EDGE_CURVE('',#8313,#8313,#8315,.T.);
#8313 = VERTEX_POINT('',#8314);
#8314 = CARTESIAN_POINT('',(61.,-55.4,1.51));
#8315 = CIRCLE('',#8316,0.4);
#8316 = AXIS2_PLACEMENT_3D('',#8317,#8318,#8319);
#8317 = CARTESIAN_POINT('',(61.,-55.,1.51));
#8318 = DIRECTION('',(-0.,0.,-1.));
#8319 = DIRECTION('',(-0.,-1.,0.));
#8320 = FACE_BOUND('',#8321,.T.);
#8321 = EDGE_LOOP('',(#8322));
#8322 = ORIENTED_EDGE('',*,*,#8323,.T.);
#8323 = EDGE_CURVE('',#8324,#8324,#8326,.T.);
#8324 = VERTEX_POINT('',#8325);
#8325 = CARTESIAN_POINT('',(67.,-67.45,1.51));
#8326 = CIRCLE('',#8327,0.45);
#8327 = AXIS2_PLACEMENT_3D('',#8328,#8329,#8330);
#8328 = CARTESIAN_POINT('',(67.,-67.,1.51));
#8329 = DIRECTION('',(-0.,0.,-1.));
#8330 = DIRECTION('',(-0.,-1.,0.));
#8331 = FACE_BOUND('',#8332,.T.);
#8332 = EDGE_LOOP('',(#8333));
#8333 = ORIENTED_EDGE('',*,*,#8334,.T.);
#8334 = EDGE_CURVE('',#8335,#8335,#8337,.T.);
#8335 = VERTEX_POINT('',#8336);
#8336 = CARTESIAN_POINT('',(68.62,-60.4,1.51));
#8337 = CIRCLE('',#8338,0.4);
#8338 = AXIS2_PLACEMENT_3D('',#8339,#8340,#8341);
#8339 = CARTESIAN_POINT('',(68.62,-60.,1.51));
#8340 = DIRECTION('',(-0.,0.,-1.));
#8341 = DIRECTION('',(-0.,-1.,0.));
#8342 = FACE_BOUND('',#8343,.T.);
#8343 = EDGE_LOOP('',(#8344));
#8344 = ORIENTED_EDGE('',*,*,#8345,.T.);
#8345 = EDGE_CURVE('',#8346,#8346,#8348,.T.);
#8346 = VERTEX_POINT('',#8347);
#8347 = CARTESIAN_POINT('',(68.62,-55.4,1.51));
#8348 = CIRCLE('',#8349,0.4);
#8349 = AXIS2_PLACEMENT_3D('',#8350,#8351,#8352);
#8350 = CARTESIAN_POINT('',(68.62,-55.,1.51));
#8351 = DIRECTION('',(-0.,0.,-1.));
#8352 = DIRECTION('',(-0.,-1.,0.));
#8353 = PLANE('',#8354);
#8354 = AXIS2_PLACEMENT_3D('',#8355,#8356,#8357);
#8355 = CARTESIAN_POINT('',(0.,0.,1.51));
#8356 = DIRECTION('',(0.,0.,1.));
#8357 = DIRECTION('',(1.,0.,-0.));
#8358 = ADVANCED_FACE('',(#8359),#8365,.T.);
#8359 = FACE_BOUND('',#8360,.T.);
#8360 = EDGE_LOOP('',(#8361,#8362,#8363,#8364));
#8361 = ORIENTED_EDGE('',*,*,#7954,.T.);
#8362 = ORIENTED_EDGE('',*,*,#8171,.T.);
#8363 = ORIENTED_EDGE('',*,*,#7914,.F.);
#8364 = ORIENTED_EDGE('',*,*,#7978,.F.);
#8365 = PLANE('',#8366);
#8366 = AXIS2_PLACEMENT_3D('',#8367,#8368,#8369);
#8367 = CARTESIAN_POINT('',(50.,-50.,0.));
#8368 = DIRECTION('',(0.,1.,0.));
#8369 = DIRECTION('',(1.,0.,0.));
#8370 = ADVANCED_FACE('',(#8371),#8382,.F.);
#8371 = FACE_BOUND('',#8372,.T.);
#8372 = EDGE_LOOP('',(#8373,#8374,#8380,#8381));
#8373 = ORIENTED_EDGE('',*,*,#7987,.T.);
#8374 = ORIENTED_EDGE('',*,*,#8375,.T.);
#8375 = EDGE_CURVE('',#7988,#8181,#8376,.T.);
#8376 = LINE('',#8377,#8378);
#8377 = CARTESIAN_POINT('',(62.,-76.45,-4.6E-02));
#8378 = VECTOR('',#8379,1.);
#8379 = DIRECTION('',(0.,0.,1.));
#8380 = ORIENTED_EDGE('',*,*,#8180,.F.);
#8381 = ORIENTED_EDGE('',*,*,#8375,.F.);
#8382 = CYLINDRICAL_SURFACE('',#8383,0.45);
#8383 = AXIS2_PLACEMENT_3D('',#8384,#8385,#8386);
#8384 = CARTESIAN_POINT('',(62.,-76.,-4.6E-02));
#8385 = DIRECTION('',(-0.,-0.,-1.));
#8386 = DIRECTION('',(-0.,-1.,0.));
#8387 = ADVANCED_FACE('',(#8388),#8399,.F.);
#8388 = FACE_BOUND('',#8389,.T.);
#8389 = EDGE_LOOP('',(#8390,#8391,#8397,#8398));
#8390 = ORIENTED_EDGE('',*,*,#7998,.T.);
#8391 = ORIENTED_EDGE('',*,*,#8392,.T.);
#8392 = EDGE_CURVE('',#7999,#8192,#8393,.T.);
#8393 = LINE('',#8394,#8395);
#8394 = CARTESIAN_POINT('',(65.,-89.5,-4.6E-02));
#8395 = VECTOR('',#8396,1.);
#8396 = DIRECTION('',(0.,0.,1.));
#8397 = ORIENTED_EDGE('',*,*,#8191,.F.);
#8398 = ORIENTED_EDGE('',*,*,#8392,.F.);
#8399 = CYLINDRICAL_SURFACE('',#8400,0.5);
#8400 = AXIS2_PLACEMENT_3D('',#8401,#8402,#8403);
#8401 = CARTESIAN_POINT('',(65.,-89.,-4.6E-02));
#8402 = DIRECTION('',(-0.,-0.,-1.));
#8403 = DIRECTION('',(-0.,-1.,0.));
#8404 = ADVANCED_FACE('',(#8405),#8416,.F.);
#8405 = FACE_BOUND('',#8406,.T.);
#8406 = EDGE_LOOP('',(#8407,#8408,#8414,#8415));
#8407 = ORIENTED_EDGE('',*,*,#8009,.T.);
#8408 = ORIENTED_EDGE('',*,*,#8409,.T.);
#8409 = EDGE_CURVE('',#8010,#8203,#8410,.T.);
#8410 = LINE('',#8411,#8412);
#8411 = CARTESIAN_POINT('',(67.54,-89.5,-4.6E-02));
#8412 = VECTOR('',#8413,1.);
#8413 = DIRECTION('',(0.,0.,1.));
#8414 = ORIENTED_EDGE('',*,*,#8202,.F.);
#8415 = ORIENTED_EDGE('',*,*,#8409,.F.);
#8416 = CYLINDRICAL_SURFACE('',#8417,0.5);
#8417 = AXIS2_PLACEMENT_3D('',#8418,#8419,#8420);
#8418 = CARTESIAN_POINT('',(67.54,-89.,-4.6E-02));
#8419 = DIRECTION('',(-0.,-0.,-1.));
#8420 = DIRECTION('',(-0.,-1.,0.));
#8421 = ADVANCED_FACE('',(#8422),#8433,.F.);
#8422 = FACE_BOUND('',#8423,.T.);
#8423 = EDGE_LOOP('',(#8424,#8425,#8431,#8432));
#8424 = ORIENTED_EDGE('',*,*,#8020,.T.);
#8425 = ORIENTED_EDGE('',*,*,#8426,.T.);
#8426 = EDGE_CURVE('',#8021,#8214,#8427,.T.);
#8427 = LINE('',#8428,#8429);
#8428 = CARTESIAN_POINT('',(74.,-85.6,-4.6E-02));
#8429 = VECTOR('',#8430,1.);
#8430 = DIRECTION('',(0.,0.,1.));
#8431 = ORIENTED_EDGE('',*,*,#8213,.F.);
#8432 = ORIENTED_EDGE('',*,*,#8426,.F.);
#8433 = CYLINDRICAL_SURFACE('',#8434,1.6);
#8434 = AXIS2_PLACEMENT_3D('',#8435,#8436,#8437);
#8435 = CARTESIAN_POINT('',(74.,-84.,-4.6E-02));
#8436 = DIRECTION('',(-0.,-0.,-1.));
#8437 = DIRECTION('',(-0.,-1.,0.));
#8438 = ADVANCED_FACE('',(#8439),#8450,.F.);
#8439 = FACE_BOUND('',#8440,.T.);
#8440 = EDGE_LOOP('',(#8441,#8442,#8448,#8449));
#8441 = ORIENTED_EDGE('',*,*,#8031,.T.);
#8442 = ORIENTED_EDGE('',*,*,#8443,.T.);
#8443 = EDGE_CURVE('',#8032,#8225,#8444,.T.);
#8444 = LINE('',#8445,#8446);
#8445 = CARTESIAN_POINT('',(67.,-76.45,-4.6E-02));
#8446 = VECTOR('',#8447,1.);
#8447 = DIRECTION('',(0.,0.,1.));
#8448 = ORIENTED_EDGE('',*,*,#8224,.F.);
#8449 = ORIENTED_EDGE('',*,*,#8443,.F.);
#8450 = CYLINDRICAL_SURFACE('',#8451,0.45);
#8451 = AXIS2_PLACEMENT_3D('',#8452,#8453,#8454);
#8452 = CARTESIAN_POINT('',(67.,-76.,-4.6E-02));
#8453 = DIRECTION('',(-0.,-0.,-1.));
#8454 = DIRECTION('',(-0.,-1.,0.));
#8455 = ADVANCED_FACE('',(#8456),#8467,.F.);
#8456 = FACE_BOUND('',#8457,.T.);
#8457 = EDGE_LOOP('',(#8458,#8459,#8465,#8466));
#8458 = ORIENTED_EDGE('',*,*,#8042,.T.);
#8459 = ORIENTED_EDGE('',*,*,#8460,.T.);
#8460 = EDGE_CURVE('',#8043,#8236,#8461,.T.);
#8461 = LINE('',#8462,#8463);
#8462 = CARTESIAN_POINT('',(62.,-67.45,-4.6E-02));
#8463 = VECTOR('',#8464,1.);
#8464 = DIRECTION('',(0.,0.,1.));
#8465 = ORIENTED_EDGE('',*,*,#8235,.F.);
#8466 = ORIENTED_EDGE('',*,*,#8460,.F.);
#8467 = CYLINDRICAL_SURFACE('',#8468,0.45);
#8468 = AXIS2_PLACEMENT_3D('',#8469,#8470,#8471);
#8469 = CARTESIAN_POINT('',(62.,-67.,-4.6E-02));
#8470 = DIRECTION('',(-0.,-0.,-1.));
#8471 = DIRECTION('',(-0.,-1.,0.));
#8472 = ADVANCED_FACE('',(#8473),#8484,.F.);
#8473 = FACE_BOUND('',#8474,.T.);
#8474 = EDGE_LOOP('',(#8475,#8476,#8482,#8483));
#8475 = ORIENTED_EDGE('',*,*,#8053,.T.);
#8476 = ORIENTED_EDGE('',*,*,#8477,.T.);
#8477 = EDGE_CURVE('',#8054,#8247,#8478,.T.);
#8478 = LINE('',#8479,#8480);
#8479 = CARTESIAN_POINT('',(53.,-61.58,-4.6E-02));
#8480 = VECTOR('',#8481,1.);
#8481 = DIRECTION('',(0.,0.,1.));
#8482 = ORIENTED_EDGE('',*,*,#8246,.F.);
#8483 = ORIENTED_EDGE('',*,*,#8477,.F.);
#8484 = CYLINDRICAL_SURFACE('',#8485,0.5);
#8485 = AXIS2_PLACEMENT_3D('',#8486,#8487,#8488);
#8486 = CARTESIAN_POINT('',(53.,-61.08,-4.6E-02));
#8487 = DIRECTION('',(-0.,-0.,-1.));
#8488 = DIRECTION('',(-0.,-1.,0.));
#8489 = ADVANCED_FACE('',(#8490),#8501,.F.);
#8490 = FACE_BOUND('',#8491,.T.);
#8491 = EDGE_LOOP('',(#8492,#8493,#8499,#8500));
#8492 = ORIENTED_EDGE('',*,*,#8064,.T.);
#8493 = ORIENTED_EDGE('',*,*,#8494,.T.);
#8494 = EDGE_CURVE('',#8065,#8258,#8495,.T.);
#8495 = LINE('',#8496,#8497);
#8496 = CARTESIAN_POINT('',(53.,-59.04,-4.6E-02));
#8497 = VECTOR('',#8498,1.);
#8498 = DIRECTION('',(0.,0.,1.));
#8499 = ORIENTED_EDGE('',*,*,#8257,.F.);
#8500 = ORIENTED_EDGE('',*,*,#8494,.F.);
#8501 = CYLINDRICAL_SURFACE('',#8502,0.5);
#8502 = AXIS2_PLACEMENT_3D('',#8503,#8504,#8505);
#8503 = CARTESIAN_POINT('',(53.,-58.54,-4.6E-02));
#8504 = DIRECTION('',(-0.,-0.,-1.));
#8505 = DIRECTION('',(-0.,-1.,0.));
#8506 = ADVANCED_FACE('',(#8507),#8518,.F.);
#8507 = FACE_BOUND('',#8508,.T.);
#8508 = EDGE_LOOP('',(#8509,#8510,#8516,#8517));
#8509 = ORIENTED_EDGE('',*,*,#8075,.T.);
#8510 = ORIENTED_EDGE('',*,*,#8511,.T.);
#8511 = EDGE_CURVE('',#8076,#8269,#8512,.T.);
#8512 = LINE('',#8513,#8514);
#8513 = CARTESIAN_POINT('',(53.,-56.5,-4.6E-02));
#8514 = VECTOR('',#8515,1.);
#8515 = DIRECTION('',(0.,0.,1.));
#8516 = ORIENTED_EDGE('',*,*,#8268,.F.);
#8517 = ORIENTED_EDGE('',*,*,#8511,.F.);
#8518 = CYLINDRICAL_SURFACE('',#8519,0.5);
#8519 = AXIS2_PLACEMENT_3D('',#8520,#8521,#8522);
#8520 = CARTESIAN_POINT('',(53.,-56.,-4.6E-02));
#8521 = DIRECTION('',(-0.,-0.,-1.));
#8522 = DIRECTION('',(-0.,-1.,0.));
#8523 = ADVANCED_FACE('',(#8524),#8535,.F.);
#8524 = FACE_BOUND('',#8525,.T.);
#8525 = EDGE_LOOP('',(#8526,#8527,#8533,#8534));
#8526 = ORIENTED_EDGE('',*,*,#8086,.T.);
#8527 = ORIENTED_EDGE('',*,*,#8528,.T.);
#8528 = EDGE_CURVE('',#8087,#8280,#8529,.T.);
#8529 = LINE('',#8530,#8531);
#8530 = CARTESIAN_POINT('',(55.54,-59.04,-4.6E-02));
#8531 = VECTOR('',#8532,1.);
#8532 = DIRECTION('',(0.,0.,1.));
#8533 = ORIENTED_EDGE('',*,*,#8279,.F.);
#8534 = ORIENTED_EDGE('',*,*,#8528,.F.);
#8535 = CYLINDRICAL_SURFACE('',#8536,0.5);
#8536 = AXIS2_PLACEMENT_3D('',#8537,#8538,#8539);
#8537 = CARTESIAN_POINT('',(55.54,-58.54,-4.6E-02));
#8538 = DIRECTION('',(-0.,-0.,-1.));
#8539 = DIRECTION('',(-0.,-1.,0.));
#8540 = ADVANCED_FACE('',(#8541),#8552,.F.);
#8541 = FACE_BOUND('',#8542,.T.);
#8542 = EDGE_LOOP('',(#8543,#8544,#8550,#8551));
#8543 = ORIENTED_EDGE('',*,*,#8097,.T.);
#8544 = ORIENTED_EDGE('',*,*,#8545,.T.);
#8545 = EDGE_CURVE('',#8098,#8291,#8546,.T.);
#8546 = LINE('',#8547,#8548);
#8547 = CARTESIAN_POINT('',(55.54,-56.5,-4.6E-02));
#8548 = VECTOR('',#8549,1.);
#8549 = DIRECTION('',(0.,0.,1.));
#8550 = ORIENTED_EDGE('',*,*,#8290,.F.);
#8551 = ORIENTED_EDGE('',*,*,#8545,.F.);
#8552 = CYLINDRICAL_SURFACE('',#8553,0.5);
#8553 = AXIS2_PLACEMENT_3D('',#8554,#8555,#8556);
#8554 = CARTESIAN_POINT('',(55.54,-56.,-4.6E-02));
#8555 = DIRECTION('',(-0.,-0.,-1.));
#8556 = DIRECTION('',(-0.,-1.,0.));
#8557 = ADVANCED_FACE('',(#8558),#8569,.F.);
#8558 = FACE_BOUND('',#8559,.T.);
#8559 = EDGE_LOOP('',(#8560,#8561,#8567,#8568));
#8560 = ORIENTED_EDGE('',*,*,#8108,.T.);
#8561 = ORIENTED_EDGE('',*,*,#8562,.T.);
#8562 = EDGE_CURVE('',#8109,#8302,#8563,.T.);
#8563 = LINE('',#8564,#8565);
#8564 = CARTESIAN_POINT('',(61.,-60.4,-4.6E-02));
#8565 = VECTOR('',#8566,1.);
#8566 = DIRECTION('',(0.,0.,1.));
#8567 = ORIENTED_EDGE('',*,*,#8301,.F.);
#8568 = ORIENTED_EDGE('',*,*,#8562,.F.);
#8569 = CYLINDRICAL_SURFACE('',#8570,0.4);
#8570 = AXIS2_PLACEMENT_3D('',#8571,#8572,#8573);
#8571 = CARTESIAN_POINT('',(61.,-60.,-4.6E-02));
#8572 = DIRECTION('',(-0.,-0.,-1.));
#8573 = DIRECTION('',(-0.,-1.,0.));
#8574 = ADVANCED_FACE('',(#8575),#8586,.F.);
#8575 = FACE_BOUND('',#8576,.T.);
#8576 = EDGE_LOOP('',(#8577,#8578,#8584,#8585));
#8577 = ORIENTED_EDGE('',*,*,#8119,.T.);
#8578 = ORIENTED_EDGE('',*,*,#8579,.T.);
#8579 = EDGE_CURVE('',#8120,#8313,#8580,.T.);
#8580 = LINE('',#8581,#8582);
#8581 = CARTESIAN_POINT('',(61.,-55.4,-4.6E-02));
#8582 = VECTOR('',#8583,1.);
#8583 = DIRECTION('',(0.,0.,1.));
#8584 = ORIENTED_EDGE('',*,*,#8312,.F.);
#8585 = ORIENTED_EDGE('',*,*,#8579,.F.);
#8586 = CYLINDRICAL_SURFACE('',#8587,0.4);
#8587 = AXIS2_PLACEMENT_3D('',#8588,#8589,#8590);
#8588 = CARTESIAN_POINT('',(61.,-55.,-4.6E-02));
#8589 = DIRECTION('',(-0.,-0.,-1.));
#8590 = DIRECTION('',(-0.,-1.,0.));
#8591 = ADVANCED_FACE('',(#8592),#8603,.F.);
#8592 = FACE_BOUND('',#8593,.T.);
#8593 = EDGE_LOOP('',(#8594,#8595,#8601,#8602));
#8594 = ORIENTED_EDGE('',*,*,#8130,.T.);
#8595 = ORIENTED_EDGE('',*,*,#8596,.T.);
#8596 = EDGE_CURVE('',#8131,#8324,#8597,.T.);
#8597 = LINE('',#8598,#8599);
#8598 = CARTESIAN_POINT('',(67.,-67.45,-4.6E-02));
#8599 = VECTOR('',#8600,1.);
#8600 = DIRECTION('',(0.,0.,1.));
#8601 = ORIENTED_EDGE('',*,*,#8323,.F.);
#8602 = ORIENTED_EDGE('',*,*,#8596,.F.);
#8603 = CYLINDRICAL_SURFACE('',#8604,0.45);
#8604 = AXIS2_PLACEMENT_3D('',#8605,#8606,#8607);
#8605 = CARTESIAN_POINT('',(67.,-67.,-4.6E-02));
#8606 = DIRECTION('',(-0.,-0.,-1.));
#8607 = DIRECTION('',(-0.,-1.,0.));
#8608 = ADVANCED_FACE('',(#8609),#8620,.F.);
#8609 = FACE_BOUND('',#8610,.T.);
#8610 = EDGE_LOOP('',(#8611,#8612,#8618,#8619));
#8611 = ORIENTED_EDGE('',*,*,#8141,.T.);
#8612 = ORIENTED_EDGE('',*,*,#8613,.T.);
#8613 = EDGE_CURVE('',#8142,#8335,#8614,.T.);
#8614 = LINE('',#8615,#8616);
#8615 = CARTESIAN_POINT('',(68.62,-60.4,-4.6E-02));
#8616 = VECTOR('',#8617,1.);
#8617 = DIRECTION('',(0.,0.,1.));
#8618 = ORIENTED_EDGE('',*,*,#8334,.F.);
#8619 = ORIENTED_EDGE('',*,*,#8613,.F.);
#8620 = CYLINDRICAL_SURFACE('',#8621,0.4);
#8621 = AXIS2_PLACEMENT_3D('',#8622,#8623,#8624);
#8622 = CARTESIAN_POINT('',(68.62,-60.,-4.6E-02));
#8623 = DIRECTION('',(-0.,-0.,-1.));
#8624 = DIRECTION('',(-0.,-1.,0.));
#8625 = ADVANCED_FACE('',(#8626),#8637,.F.);
#8626 = FACE_BOUND('',#8627,.T.);
#8627 = EDGE_LOOP('',(#8628,#8629,#8635,#8636));
#8628 = ORIENTED_EDGE('',*,*,#8152,.T.);
#8629 = ORIENTED_EDGE('',*,*,#8630,.T.);
#8630 = EDGE_CURVE('',#8153,#8346,#8631,.T.);
#8631 = LINE('',#8632,#8633);
#8632 = CARTESIAN_POINT('',(68.62,-55.4,-4.6E-02));
#8633 = VECTOR('',#8634,1.);
#8634 = DIRECTION('',(0.,0.,1.));
#8635 = ORIENTED_EDGE('',*,*,#8345,.F.);
#8636 = ORIENTED_EDGE('',*,*,#8630,.F.);
#8637 = CYLINDRICAL_SURFACE('',#8638,0.4);
#8638 = AXIS2_PLACEMENT_3D('',#8639,#8640,#8641);
#8639 = CARTESIAN_POINT('',(68.62,-55.,-4.6E-02));
#8640 = DIRECTION('',(-0.,-0.,-1.));
#8641 = DIRECTION('',(-0.,-1.,0.));
#8642 = ( GEOMETRIC_REPRESENTATION_CONTEXT(3) 
GLOBAL_UNCERTAINTY_ASSIGNED_CONTEXT((#8646)) 
GLOBAL_UNIT_ASSIGNED_CONTEXT((#8643,#8644,#8645)) REPRESENTATION_CONTEXT
('Context #1','3D Context with UNIT and UNCERTAINTY') );
#8643 = ( LENGTH_UNIT() NAMED_UNIT(*) SI_UNIT(.MILLI.,.METRE.) );
#8644 = ( NAMED_UNIT(*) PLANE_ANGLE_UNIT() SI_UNIT($,.RADIAN.) );
#8645 = ( NAMED_UNIT(*) SI_UNIT($,.STERADIAN.) SOLID_ANGLE_UNIT() );
#8646 = UNCERTAINTY_MEASURE_WITH_UNIT(LENGTH_MEASURE(1.E-07),#8643,
  'distance_accuracy_value','confusion accuracy');
#8647 = CONTEXT_DEPENDENT_SHAPE_REPRESENTATION(#8648,#8650);
#8648 = ( REPRESENTATION_RELATIONSHIP('','',#7867,#10) 
REPRESENTATION_RELATIONSHIP_WITH_TRANSFORMATION(#8649) 
SHAPE_REPRESENTATION_RELATIONSHIP() );
#8649 = ITEM_DEFINED_TRANSFORMATION('','',#11,#47);
#8650 = PRODUCT_DEFINITION_SHAPE('Placement','Placement of an item',
  #8651);
#8651 = NEXT_ASSEMBLY_USAGE_OCCURRENCE('9','=>[0:1:1:7]','',#5,#7862,$);
#8652 = PRODUCT_RELATED_PRODUCT_CATEGORY('part',$,(#7864));
#8653 = MECHANICAL_DESIGN_GEOMETRIC_PRESENTATION_REPRESENTATION('',(
    #8654),#8642);
#8654 = STYLED_ITEM('color',(#8655),#7868);
#8655 = PRESENTATION_STYLE_ASSIGNMENT((#8656));
#8656 = SURFACE_STYLE_USAGE(.BOTH.,#8657);
#8657 = SURFACE_SIDE_STYLE('',(#8658));
#8658 = SURFACE_STYLE_FILL_AREA(#8659);
#8659 = FILL_AREA_STYLE('',(#8660));
#8660 = FILL_AREA_STYLE_COLOUR('',#8661);
#8661 = COLOUR_RGB('',0.313304153717,0.484529207832,0.410020903123);
#8662 = MECHANICAL_DESIGN_GEOMETRIC_PRESENTATION_REPRESENTATION('',(
    #8663,#8671,#8678,#8685,#8692,#8699,#8707,#8714,#8721,#8728,#8735,
    #8742,#8749,#8756,#8763),#2314);
#8663 = STYLED_ITEM('color',(#8664),#1653);
#8664 = PRESENTATION_STYLE_ASSIGNMENT((#8665));
#8665 = SURFACE_STYLE_USAGE(.BOTH.,#8666);
#8666 = SURFACE_SIDE_STYLE('',(#8667));
#8667 = SURFACE_STYLE_FILL_AREA(#8668);
#8668 = FILL_AREA_STYLE('',(#8669));
#8669 = FILL_AREA_STYLE_COLOUR('',#8670);
#8670 = COLOUR_RGB('',0.883000012551,0.711000022565,0.492000011028);
#8671 = STYLED_ITEM('color',(#8672),#1686);
#8672 = PRESENTATION_STYLE_ASSIGNMENT((#8673));
#8673 = SURFACE_STYLE_USAGE(.BOTH.,#8674);
#8674 = SURFACE_SIDE_STYLE('',(#8675));
#8675 = SURFACE_STYLE_FILL_AREA(#8676);
#8676 = FILL_AREA_STYLE('',(#8677));
#8677 = FILL_AREA_STYLE_COLOUR('',#8670);
#8678 = STYLED_ITEM('color',(#8679),#1712);
#8679 = PRESENTATION_STYLE_ASSIGNMENT((#8680));
#8680 = SURFACE_STYLE_USAGE(.BOTH.,#8681);
#8681 = SURFACE_SIDE_STYLE('',(#8682));
#8682 = SURFACE_STYLE_FILL_AREA(#8683);
#8683 = FILL_AREA_STYLE('',(#8684));
#8684 = FILL_AREA_STYLE_COLOUR('',#8670);
#8685 = STYLED_ITEM('color',(#8686),#1732);
#8686 = PRESENTATION_STYLE_ASSIGNMENT((#8687));
#8687 = SURFACE_STYLE_USAGE(.BOTH.,#8688);
#8688 = SURFACE_SIDE_STYLE('',(#8689));
#8689 = SURFACE_STYLE_FILL_AREA(#8690);
#8690 = FILL_AREA_STYLE('',(#8691));
#8691 = FILL_AREA_STYLE_COLOUR('',#8670);
#8692 = STYLED_ITEM('color',(#8693),#1915);
#8693 = PRESENTATION_STYLE_ASSIGNMENT((#8694));
#8694 = SURFACE_STYLE_USAGE(.BOTH.,#8695);
#8695 = SURFACE_SIDE_STYLE('',(#8696));
#8696 = SURFACE_STYLE_FILL_AREA(#8697);
#8697 = FILL_AREA_STYLE('',(#8698));
#8698 = FILL_AREA_STYLE_COLOUR('',#8670);
#8699 = STYLED_ITEM('color',(#8700),#1940);
#8700 = PRESENTATION_STYLE_ASSIGNMENT((#8701));
#8701 = SURFACE_STYLE_USAGE(.BOTH.,#8702);
#8702 = SURFACE_SIDE_STYLE('',(#8703));
#8703 = SURFACE_STYLE_FILL_AREA(#8704);
#8704 = FILL_AREA_STYLE('',(#8705));
#8705 = FILL_AREA_STYLE_COLOUR('',#8706);
#8706 = COLOUR_RGB('',0.823999987314,0.819999987296,0.781000009244);
#8707 = STYLED_ITEM('color',(#8708),#1966);
#8708 = PRESENTATION_STYLE_ASSIGNMENT((#8709));
#8709 = SURFACE_STYLE_USAGE(.BOTH.,#8710);
#8710 = SURFACE_SIDE_STYLE('',(#8711));
#8711 = SURFACE_STYLE_FILL_AREA(#8712);
#8712 = FILL_AREA_STYLE('',(#8713));
#8713 = FILL_AREA_STYLE_COLOUR('',#8670);
#8714 = STYLED_ITEM('color',(#8715),#1986);
#8715 = PRESENTATION_STYLE_ASSIGNMENT((#8716));
#8716 = SURFACE_STYLE_USAGE(.BOTH.,#8717);
#8717 = SURFACE_SIDE_STYLE('',(#8718));
#8718 = SURFACE_STYLE_FILL_AREA(#8719);
#8719 = FILL_AREA_STYLE('',(#8720));
#8720 = FILL_AREA_STYLE_COLOUR('',#8706);
#8721 = STYLED_ITEM('color',(#8722),#2011);
#8722 = PRESENTATION_STYLE_ASSIGNMENT((#8723));
#8723 = SURFACE_STYLE_USAGE(.BOTH.,#8724);
#8724 = SURFACE_SIDE_STYLE('',(#8725));
#8725 = SURFACE_STYLE_FILL_AREA(#8726);
#8726 = FILL_AREA_STYLE('',(#8727));
#8727 = FILL_AREA_STYLE_COLOUR('',#8670);
#8728 = STYLED_ITEM('color',(#8729),#2036);
#8729 = PRESENTATION_STYLE_ASSIGNMENT((#8730));
#8730 = SURFACE_STYLE_USAGE(.BOTH.,#8731);
#8731 = SURFACE_SIDE_STYLE('',(#8732));
#8732 = SURFACE_STYLE_FILL_AREA(#8733);
#8733 = FILL_AREA_STYLE('',(#8734));
#8734 = FILL_AREA_STYLE_COLOUR('',#8706);
#8735 = STYLED_ITEM('color',(#8736),#2045);
#8736 = PRESENTATION_STYLE_ASSIGNMENT((#8737));
#8737 = SURFACE_STYLE_USAGE(.BOTH.,#8738);
#8738 = SURFACE_SIDE_STYLE('',(#8739));
#8739 = SURFACE_STYLE_FILL_AREA(#8740);
#8740 = FILL_AREA_STYLE('',(#8741));
#8741 = FILL_AREA_STYLE_COLOUR('',#8670);
#8742 = STYLED_ITEM('color',(#8743),#2071);
#8743 = PRESENTATION_STYLE_ASSIGNMENT((#8744));
#8744 = SURFACE_STYLE_USAGE(.BOTH.,#8745);
#8745 = SURFACE_SIDE_STYLE('',(#8746));
#8746 = SURFACE_STYLE_FILL_AREA(#8747);
#8747 = FILL_AREA_STYLE('',(#8748));
#8748 = FILL_AREA_STYLE_COLOUR('',#8670);
#8749 = STYLED_ITEM('color',(#8750),#2254);
#8750 = PRESENTATION_STYLE_ASSIGNMENT((#8751));
#8751 = SURFACE_STYLE_USAGE(.BOTH.,#8752);
#8752 = SURFACE_SIDE_STYLE('',(#8753));
#8753 = SURFACE_STYLE_FILL_AREA(#8754);
#8754 = FILL_AREA_STYLE('',(#8755));
#8755 = FILL_AREA_STYLE_COLOUR('',#8706);
#8756 = STYLED_ITEM('color',(#8757),#2280);
#8757 = PRESENTATION_STYLE_ASSIGNMENT((#8758));
#8758 = SURFACE_STYLE_USAGE(.BOTH.,#8759);
#8759 = SURFACE_SIDE_STYLE('',(#8760));
#8760 = SURFACE_STYLE_FILL_AREA(#8761);
#8761 = FILL_AREA_STYLE('',(#8762));
#8762 = FILL_AREA_STYLE_COLOUR('',#8706);
#8763 = STYLED_ITEM('color',(#8764),#2305);
#8764 = PRESENTATION_STYLE_ASSIGNMENT((#8765));
#8765 = SURFACE_STYLE_USAGE(.BOTH.,#8766);
#8766 = SURFACE_SIDE_STYLE('',(#8767));
#8767 = SURFACE_STYLE_FILL_AREA(#8768);
#8768 = FILL_AREA_STYLE('',(#8769));
#8769 = FILL_AREA_STYLE_COLOUR('',#8706);
#8770 = MECHANICAL_DESIGN_GEOMETRIC_PRESENTATION_REPRESENTATION('',(
    #8771,#8779,#8786,#8793,#8800,#8807,#8814,#8821,#8828,#8835,#8842,
    #8850,#8857,#8864,#8871,#8878,#8885,#8892,#8899,#8906,#8913,#8920,
    #8927,#8934,#8941,#8948,#8955,#8962),#1632);
#8771 = STYLED_ITEM('color',(#8772),#876);
#8772 = PRESENTATION_STYLE_ASSIGNMENT((#8773));
#8773 = SURFACE_STYLE_USAGE(.BOTH.,#8774);
#8774 = SURFACE_SIDE_STYLE('',(#8775));
#8775 = SURFACE_STYLE_FILL_AREA(#8776);
#8776 = FILL_AREA_STYLE('',(#8777));
#8777 = FILL_AREA_STYLE_COLOUR('',#8778);
#8778 = COLOUR_RGB('',0.147999998088,0.144999993226,0.144999993226);
#8779 = STYLED_ITEM('color',(#8780),#916);
#8780 = PRESENTATION_STYLE_ASSIGNMENT((#8781));
#8781 = SURFACE_STYLE_USAGE(.BOTH.,#8782);
#8782 = SURFACE_SIDE_STYLE('',(#8783));
#8783 = SURFACE_STYLE_FILL_AREA(#8784);
#8784 = FILL_AREA_STYLE('',(#8785));
#8785 = FILL_AREA_STYLE_COLOUR('',#8778);
#8786 = STYLED_ITEM('color',(#8787),#947);
#8787 = PRESENTATION_STYLE_ASSIGNMENT((#8788));
#8788 = SURFACE_STYLE_USAGE(.BOTH.,#8789);
#8789 = SURFACE_SIDE_STYLE('',(#8790));
#8790 = SURFACE_STYLE_FILL_AREA(#8791);
#8791 = FILL_AREA_STYLE('',(#8792));
#8792 = FILL_AREA_STYLE_COLOUR('',#8778);
#8793 = STYLED_ITEM('color',(#8794),#978);
#8794 = PRESENTATION_STYLE_ASSIGNMENT((#8795));
#8795 = SURFACE_STYLE_USAGE(.BOTH.,#8796);
#8796 = SURFACE_SIDE_STYLE('',(#8797));
#8797 = SURFACE_STYLE_FILL_AREA(#8798);
#8798 = FILL_AREA_STYLE('',(#8799));
#8799 = FILL_AREA_STYLE_COLOUR('',#8778);
#8800 = STYLED_ITEM('color',(#8801),#1061);
#8801 = PRESENTATION_STYLE_ASSIGNMENT((#8802));
#8802 = SURFACE_STYLE_USAGE(.BOTH.,#8803);
#8803 = SURFACE_SIDE_STYLE('',(#8804));
#8804 = SURFACE_STYLE_FILL_AREA(#8805);
#8805 = FILL_AREA_STYLE('',(#8806));
#8806 = FILL_AREA_STYLE_COLOUR('',#8778);
#8807 = STYLED_ITEM('color',(#8808),#1144);
#8808 = PRESENTATION_STYLE_ASSIGNMENT((#8809));
#8809 = SURFACE_STYLE_USAGE(.BOTH.,#8810);
#8810 = SURFACE_SIDE_STYLE('',(#8811));
#8811 = SURFACE_STYLE_FILL_AREA(#8812);
#8812 = FILL_AREA_STYLE('',(#8813));
#8813 = FILL_AREA_STYLE_COLOUR('',#8778);
#8814 = STYLED_ITEM('color',(#8815),#1161);
#8815 = PRESENTATION_STYLE_ASSIGNMENT((#8816));
#8816 = SURFACE_STYLE_USAGE(.BOTH.,#8817);
#8817 = SURFACE_SIDE_STYLE('',(#8818));
#8818 = SURFACE_STYLE_FILL_AREA(#8819);
#8819 = FILL_AREA_STYLE('',(#8820));
#8820 = FILL_AREA_STYLE_COLOUR('',#8778);
#8821 = STYLED_ITEM('color',(#8822),#1178);
#8822 = PRESENTATION_STYLE_ASSIGNMENT((#8823));
#8823 = SURFACE_STYLE_USAGE(.BOTH.,#8824);
#8824 = SURFACE_SIDE_STYLE('',(#8825));
#8825 = SURFACE_STYLE_FILL_AREA(#8826);
#8826 = FILL_AREA_STYLE('',(#8827));
#8827 = FILL_AREA_STYLE_COLOUR('',#8778);
#8828 = STYLED_ITEM('color',(#8829),#1195);
#8829 = PRESENTATION_STYLE_ASSIGNMENT((#8830));
#8830 = SURFACE_STYLE_USAGE(.BOTH.,#8831);
#8831 = SURFACE_SIDE_STYLE('',(#8832));
#8832 = SURFACE_STYLE_FILL_AREA(#8833);
#8833 = FILL_AREA_STYLE('',(#8834));
#8834 = FILL_AREA_STYLE_COLOUR('',#8778);
#8835 = STYLED_ITEM('color',(#8836),#1212);
#8836 = PRESENTATION_STYLE_ASSIGNMENT((#8837));
#8837 = SURFACE_STYLE_USAGE(.BOTH.,#8838);
#8838 = SURFACE_SIDE_STYLE('',(#8839));
#8839 = SURFACE_STYLE_FILL_AREA(#8840);
#8840 = FILL_AREA_STYLE('',(#8841));
#8841 = FILL_AREA_STYLE_COLOUR('',#8778);
#8842 = STYLED_ITEM('color',(#8843),#1224);
#8843 = PRESENTATION_STYLE_ASSIGNMENT((#8844));
#8844 = SURFACE_STYLE_USAGE(.BOTH.,#8845);
#8845 = SURFACE_SIDE_STYLE('',(#8846));
#8846 = SURFACE_STYLE_FILL_AREA(#8847);
#8847 = FILL_AREA_STYLE('',(#8848));
#8848 = FILL_AREA_STYLE_COLOUR('',#8849);
#8849 = COLOUR_RGB('',0.859000020776,0.737999965183,0.495999988746);
#8850 = STYLED_ITEM('color',(#8851),#1255);
#8851 = PRESENTATION_STYLE_ASSIGNMENT((#8852));
#8852 = SURFACE_STYLE_USAGE(.BOTH.,#8853);
#8853 = SURFACE_SIDE_STYLE('',(#8854));
#8854 = SURFACE_STYLE_FILL_AREA(#8855);
#8855 = FILL_AREA_STYLE('',(#8856));
#8856 = FILL_AREA_STYLE_COLOUR('',#8849);
#8857 = STYLED_ITEM('color',(#8858),#1279);
#8858 = PRESENTATION_STYLE_ASSIGNMENT((#8859));
#8859 = SURFACE_STYLE_USAGE(.BOTH.,#8860);
#8860 = SURFACE_SIDE_STYLE('',(#8861));
#8861 = SURFACE_STYLE_FILL_AREA(#8862);
#8862 = FILL_AREA_STYLE('',(#8863));
#8863 = FILL_AREA_STYLE_COLOUR('',#8849);
#8864 = STYLED_ITEM('color',(#8865),#1303);
#8865 = PRESENTATION_STYLE_ASSIGNMENT((#8866));
#8866 = SURFACE_STYLE_USAGE(.BOTH.,#8867);
#8867 = SURFACE_SIDE_STYLE('',(#8868));
#8868 = SURFACE_STYLE_FILL_AREA(#8869);
#8869 = FILL_AREA_STYLE('',(#8870));
#8870 = FILL_AREA_STYLE_COLOUR('',#8849);
#8871 = STYLED_ITEM('color',(#8872),#1320);
#8872 = PRESENTATION_STYLE_ASSIGNMENT((#8873));
#8873 = SURFACE_STYLE_USAGE(.BOTH.,#8874);
#8874 = SURFACE_SIDE_STYLE('',(#8875));
#8875 = SURFACE_STYLE_FILL_AREA(#8876);
#8876 = FILL_AREA_STYLE('',(#8877));
#8877 = FILL_AREA_STYLE_COLOUR('',#8849);
#8878 = STYLED_ITEM('color',(#8879),#1351);
#8879 = PRESENTATION_STYLE_ASSIGNMENT((#8880));
#8880 = SURFACE_STYLE_USAGE(.BOTH.,#8881);
#8881 = SURFACE_SIDE_STYLE('',(#8882));
#8882 = SURFACE_STYLE_FILL_AREA(#8883);
#8883 = FILL_AREA_STYLE('',(#8884));
#8884 = FILL_AREA_STYLE_COLOUR('',#8849);
#8885 = STYLED_ITEM('color',(#8886),#1375);
#8886 = PRESENTATION_STYLE_ASSIGNMENT((#8887));
#8887 = SURFACE_STYLE_USAGE(.BOTH.,#8888);
#8888 = SURFACE_SIDE_STYLE('',(#8889));
#8889 = SURFACE_STYLE_FILL_AREA(#8890);
#8890 = FILL_AREA_STYLE('',(#8891));
#8891 = FILL_AREA_STYLE_COLOUR('',#8849);
#8892 = STYLED_ITEM('color',(#8893),#1399);
#8893 = PRESENTATION_STYLE_ASSIGNMENT((#8894));
#8894 = SURFACE_STYLE_USAGE(.BOTH.,#8895);
#8895 = SURFACE_SIDE_STYLE('',(#8896));
#8896 = SURFACE_STYLE_FILL_AREA(#8897);
#8897 = FILL_AREA_STYLE('',(#8898));
#8898 = FILL_AREA_STYLE_COLOUR('',#8849);
#8899 = STYLED_ITEM('color',(#8900),#1416);
#8900 = PRESENTATION_STYLE_ASSIGNMENT((#8901));
#8901 = SURFACE_STYLE_USAGE(.BOTH.,#8902);
#8902 = SURFACE_SIDE_STYLE('',(#8903));
#8903 = SURFACE_STYLE_FILL_AREA(#8904);
#8904 = FILL_AREA_STYLE('',(#8905));
#8905 = FILL_AREA_STYLE_COLOUR('',#8849);
#8906 = STYLED_ITEM('color',(#8907),#1447);
#8907 = PRESENTATION_STYLE_ASSIGNMENT((#8908));
#8908 = SURFACE_STYLE_USAGE(.BOTH.,#8909);
#8909 = SURFACE_SIDE_STYLE('',(#8910));
#8910 = SURFACE_STYLE_FILL_AREA(#8911);
#8911 = FILL_AREA_STYLE('',(#8912));
#8912 = FILL_AREA_STYLE_COLOUR('',#8849);
#8913 = STYLED_ITEM('color',(#8914),#1471);
#8914 = PRESENTATION_STYLE_ASSIGNMENT((#8915));
#8915 = SURFACE_STYLE_USAGE(.BOTH.,#8916);
#8916 = SURFACE_SIDE_STYLE('',(#8917));
#8917 = SURFACE_STYLE_FILL_AREA(#8918);
#8918 = FILL_AREA_STYLE('',(#8919));
#8919 = FILL_AREA_STYLE_COLOUR('',#8849);
#8920 = STYLED_ITEM('color',(#8921),#1495);
#8921 = PRESENTATION_STYLE_ASSIGNMENT((#8922));
#8922 = SURFACE_STYLE_USAGE(.BOTH.,#8923);
#8923 = SURFACE_SIDE_STYLE('',(#8924));
#8924 = SURFACE_STYLE_FILL_AREA(#8925);
#8925 = FILL_AREA_STYLE('',(#8926));
#8926 = FILL_AREA_STYLE_COLOUR('',#8849);
#8927 = STYLED_ITEM('color',(#8928),#1512);
#8928 = PRESENTATION_STYLE_ASSIGNMENT((#8929));
#8929 = SURFACE_STYLE_USAGE(.BOTH.,#8930);
#8930 = SURFACE_SIDE_STYLE('',(#8931));
#8931 = SURFACE_STYLE_FILL_AREA(#8932);
#8932 = FILL_AREA_STYLE('',(#8933));
#8933 = FILL_AREA_STYLE_COLOUR('',#8849);
#8934 = STYLED_ITEM('color',(#8935),#1543);
#8935 = PRESENTATION_STYLE_ASSIGNMENT((#8936));
#8936 = SURFACE_STYLE_USAGE(.BOTH.,#8937);
#8937 = SURFACE_SIDE_STYLE('',(#8938));
#8938 = SURFACE_STYLE_FILL_AREA(#8939);
#8939 = FILL_AREA_STYLE('',(#8940));
#8940 = FILL_AREA_STYLE_COLOUR('',#8849);
#8941 = STYLED_ITEM('color',(#8942),#1567);
#8942 = PRESENTATION_STYLE_ASSIGNMENT((#8943));
#8943 = SURFACE_STYLE_USAGE(.BOTH.,#8944);
#8944 = SURFACE_SIDE_STYLE('',(#8945));
#8945 = SURFACE_STYLE_FILL_AREA(#8946);
#8946 = FILL_AREA_STYLE('',(#8947));
#8947 = FILL_AREA_STYLE_COLOUR('',#8849);
#8948 = STYLED_ITEM('color',(#8949),#1591);
#8949 = PRESENTATION_STYLE_ASSIGNMENT((#8950));
#8950 = SURFACE_STYLE_USAGE(.BOTH.,#8951);
#8951 = SURFACE_SIDE_STYLE('',(#8952));
#8952 = SURFACE_STYLE_FILL_AREA(#8953);
#8953 = FILL_AREA_STYLE('',(#8954));
#8954 = FILL_AREA_STYLE_COLOUR('',#8849);
#8955 = STYLED_ITEM('color',(#8956),#1608);
#8956 = PRESENTATION_STYLE_ASSIGNMENT((#8957));
#8957 = SURFACE_STYLE_USAGE(.BOTH.,#8958);
#8958 = SURFACE_SIDE_STYLE('',(#8959));
#8959 = SURFACE_STYLE_FILL_AREA(#8960);
#8960 = FILL_AREA_STYLE('',(#8961));
#8961 = FILL_AREA_STYLE_COLOUR('',#8849);
#8962 = STYLED_ITEM('color',(#8963),#1620);
#8963 = PRESENTATION_STYLE_ASSIGNMENT((#8964));
#8964 = SURFACE_STYLE_USAGE(.BOTH.,#8965);
#8965 = SURFACE_SIDE_STYLE('',(#8966));
#8966 = SURFACE_STYLE_FILL_AREA(#8967);
#8967 = FILL_AREA_STYLE('',(#8968));
#8968 = FILL_AREA_STYLE_COLOUR('',#8849);
#8969 = MECHANICAL_DESIGN_GEOMETRIC_PRESENTATION_REPRESENTATION('',(
    #8970,#8977,#8984,#8991,#8998,#9005,#9012,#9019,#9027,#9034,#9041,
    #9048,#9055,#9062,#9070,#9077,#9084,#9091,#9098,#9105,#9112,#9119,
    #9126,#9133,#9140,#9147),#855);
#8970 = STYLED_ITEM('color',(#8971),#67);
#8971 = PRESENTATION_STYLE_ASSIGNMENT((#8972));
#8972 = SURFACE_STYLE_USAGE(.BOTH.,#8973);
#8973 = SURFACE_SIDE_STYLE('',(#8974));
#8974 = SURFACE_STYLE_FILL_AREA(#8975);
#8975 = FILL_AREA_STYLE('',(#8976));
#8976 = FILL_AREA_STYLE_COLOUR('',#8706);
#8977 = STYLED_ITEM('color',(#8978),#107);
#8978 = PRESENTATION_STYLE_ASSIGNMENT((#8979));
#8979 = SURFACE_STYLE_USAGE(.BOTH.,#8980);
#8980 = SURFACE_SIDE_STYLE('',(#8981));
#8981 = SURFACE_STYLE_FILL_AREA(#8982);
#8982 = FILL_AREA_STYLE('',(#8983));
#8983 = FILL_AREA_STYLE_COLOUR('',#8706);
#8984 = STYLED_ITEM('color',(#8985),#190);
#8985 = PRESENTATION_STYLE_ASSIGNMENT((#8986));
#8986 = SURFACE_STYLE_USAGE(.BOTH.,#8987);
#8987 = SURFACE_SIDE_STYLE('',(#8988));
#8988 = SURFACE_STYLE_FILL_AREA(#8989);
#8989 = FILL_AREA_STYLE('',(#8990));
#8990 = FILL_AREA_STYLE_COLOUR('',#8706);
#8991 = STYLED_ITEM('color',(#8992),#215);
#8992 = PRESENTATION_STYLE_ASSIGNMENT((#8993));
#8993 = SURFACE_STYLE_USAGE(.BOTH.,#8994);
#8994 = SURFACE_SIDE_STYLE('',(#8995));
#8995 = SURFACE_STYLE_FILL_AREA(#8996);
#8996 = FILL_AREA_STYLE('',(#8997));
#8997 = FILL_AREA_STYLE_COLOUR('',#8706);
#8998 = STYLED_ITEM('color',(#8999),#240);
#8999 = PRESENTATION_STYLE_ASSIGNMENT((#9000));
#9000 = SURFACE_STYLE_USAGE(.BOTH.,#9001);
#9001 = SURFACE_SIDE_STYLE('',(#9002));
#9002 = SURFACE_STYLE_FILL_AREA(#9003);
#9003 = FILL_AREA_STYLE('',(#9004));
#9004 = FILL_AREA_STYLE_COLOUR('',#8706);
#9005 = STYLED_ITEM('color',(#9006),#307);
#9006 = PRESENTATION_STYLE_ASSIGNMENT((#9007));
#9007 = SURFACE_STYLE_USAGE(.BOTH.,#9008);
#9008 = SURFACE_SIDE_STYLE('',(#9009));
#9009 = SURFACE_STYLE_FILL_AREA(#9010);
#9010 = FILL_AREA_STYLE('',(#9011));
#9011 = FILL_AREA_STYLE_COLOUR('',#8706);
#9012 = STYLED_ITEM('color',(#9013),#324);
#9013 = PRESENTATION_STYLE_ASSIGNMENT((#9014));
#9014 = SURFACE_STYLE_USAGE(.BOTH.,#9015);
#9015 = SURFACE_SIDE_STYLE('',(#9016));
#9016 = SURFACE_STYLE_FILL_AREA(#9017);
#9017 = FILL_AREA_STYLE('',(#9018));
#9018 = FILL_AREA_STYLE_COLOUR('',#8706);
#9019 = STYLED_ITEM('color',(#9020),#341);
#9020 = PRESENTATION_STYLE_ASSIGNMENT((#9021));
#9021 = SURFACE_STYLE_USAGE(.BOTH.,#9022);
#9022 = SURFACE_SIDE_STYLE('',(#9023));
#9023 = SURFACE_STYLE_FILL_AREA(#9024);
#9024 = FILL_AREA_STYLE('',(#9025));
#9025 = FILL_AREA_STYLE_COLOUR('',#9026);
#9026 = COLOUR_RGB('',0.894999966383,0.890999961016,0.813000030345);
#9027 = STYLED_ITEM('color',(#9028),#390);
#9028 = PRESENTATION_STYLE_ASSIGNMENT((#9029));
#9029 = SURFACE_STYLE_USAGE(.BOTH.,#9030);
#9030 = SURFACE_SIDE_STYLE('',(#9031));
#9031 = SURFACE_STYLE_FILL_AREA(#9032);
#9032 = FILL_AREA_STYLE('',(#9033));
#9033 = FILL_AREA_STYLE_COLOUR('',#8706);
#9034 = STYLED_ITEM('color',(#9035),#407);
#9035 = PRESENTATION_STYLE_ASSIGNMENT((#9036));
#9036 = SURFACE_STYLE_USAGE(.BOTH.,#9037);
#9037 = SURFACE_SIDE_STYLE('',(#9038));
#9038 = SURFACE_STYLE_FILL_AREA(#9039);
#9039 = FILL_AREA_STYLE('',(#9040));
#9040 = FILL_AREA_STYLE_COLOUR('',#8706);
#9041 = STYLED_ITEM('color',(#9042),#424);
#9042 = PRESENTATION_STYLE_ASSIGNMENT((#9043));
#9043 = SURFACE_STYLE_USAGE(.BOTH.,#9044);
#9044 = SURFACE_SIDE_STYLE('',(#9045));
#9045 = SURFACE_STYLE_FILL_AREA(#9046);
#9046 = FILL_AREA_STYLE('',(#9047));
#9047 = FILL_AREA_STYLE_COLOUR('',#9026);
#9048 = STYLED_ITEM('color',(#9049),#473);
#9049 = PRESENTATION_STYLE_ASSIGNMENT((#9050));
#9050 = SURFACE_STYLE_USAGE(.BOTH.,#9051);
#9051 = SURFACE_SIDE_STYLE('',(#9052));
#9052 = SURFACE_STYLE_FILL_AREA(#9053);
#9053 = FILL_AREA_STYLE('',(#9054));
#9054 = FILL_AREA_STYLE_COLOUR('',#9026);
#9055 = STYLED_ITEM('color',(#9056),#490);
#9056 = PRESENTATION_STYLE_ASSIGNMENT((#9057));
#9057 = SURFACE_STYLE_USAGE(.BOTH.,#9058);
#9058 = SURFACE_SIDE_STYLE('',(#9059));
#9059 = SURFACE_STYLE_FILL_AREA(#9060);
#9060 = FILL_AREA_STYLE('',(#9061));
#9061 = FILL_AREA_STYLE_COLOUR('',#8706);
#9062 = STYLED_ITEM('color',(#9063),#559);
#9063 = PRESENTATION_STYLE_ASSIGNMENT((#9064));
#9064 = SURFACE_STYLE_USAGE(.BOTH.,#9065);
#9065 = SURFACE_SIDE_STYLE('',(#9066));
#9066 = SURFACE_STYLE_FILL_AREA(#9067);
#9067 = FILL_AREA_STYLE('',(#9068));
#9068 = FILL_AREA_STYLE_COLOUR('',#9069);
#9069 = COLOUR_RGB('',8.200000279077E-02,8.600000121357E-02,
  9.399999706163E-02);
#9070 = STYLED_ITEM('color',(#9071),#590);
#9071 = PRESENTATION_STYLE_ASSIGNMENT((#9072));
#9072 = SURFACE_STYLE_USAGE(.BOTH.,#9073);
#9073 = SURFACE_SIDE_STYLE('',(#9074));
#9074 = SURFACE_STYLE_FILL_AREA(#9075);
#9075 = FILL_AREA_STYLE('',(#9076));
#9076 = FILL_AREA_STYLE_COLOUR('',#9069);
#9077 = STYLED_ITEM('color',(#9078),#614);
#9078 = PRESENTATION_STYLE_ASSIGNMENT((#9079));
#9079 = SURFACE_STYLE_USAGE(.BOTH.,#9080);
#9080 = SURFACE_SIDE_STYLE('',(#9081));
#9081 = SURFACE_STYLE_FILL_AREA(#9082);
#9082 = FILL_AREA_STYLE('',(#9083));
#9083 = FILL_AREA_STYLE_COLOUR('',#8706);
#9084 = STYLED_ITEM('color',(#9085),#683);
#9085 = PRESENTATION_STYLE_ASSIGNMENT((#9086));
#9086 = SURFACE_STYLE_USAGE(.BOTH.,#9087);
#9087 = SURFACE_SIDE_STYLE('',(#9088));
#9088 = SURFACE_STYLE_FILL_AREA(#9089);
#9089 = FILL_AREA_STYLE('',(#9090));
#9090 = FILL_AREA_STYLE_COLOUR('',#9069);
#9091 = STYLED_ITEM('color',(#9092),#707);
#9092 = PRESENTATION_STYLE_ASSIGNMENT((#9093));
#9093 = SURFACE_STYLE_USAGE(.BOTH.,#9094);
#9094 = SURFACE_SIDE_STYLE('',(#9095));
#9095 = SURFACE_STYLE_FILL_AREA(#9096);
#9096 = FILL_AREA_STYLE('',(#9097));
#9097 = FILL_AREA_STYLE_COLOUR('',#8706);
#9098 = STYLED_ITEM('color',(#9099),#724);
#9099 = PRESENTATION_STYLE_ASSIGNMENT((#9100));
#9100 = SURFACE_STYLE_USAGE(.BOTH.,#9101);
#9101 = SURFACE_SIDE_STYLE('',(#9102));
#9102 = SURFACE_STYLE_FILL_AREA(#9103);
#9103 = FILL_AREA_STYLE('',(#9104));
#9104 = FILL_AREA_STYLE_COLOUR('',#8706);
#9105 = STYLED_ITEM('color',(#9106),#741);
#9106 = PRESENTATION_STYLE_ASSIGNMENT((#9107));
#9107 = SURFACE_STYLE_USAGE(.BOTH.,#9108);
#9108 = SURFACE_SIDE_STYLE('',(#9109));
#9109 = SURFACE_STYLE_FILL_AREA(#9110);
#9110 = FILL_AREA_STYLE('',(#9111));
#9111 = FILL_AREA_STYLE_COLOUR('',#8706);
#9112 = STYLED_ITEM('color',(#9113),#758);
#9113 = PRESENTATION_STYLE_ASSIGNMENT((#9114));
#9114 = SURFACE_STYLE_USAGE(.BOTH.,#9115);
#9115 = SURFACE_SIDE_STYLE('',(#9116));
#9116 = SURFACE_STYLE_FILL_AREA(#9117);
#9117 = FILL_AREA_STYLE('',(#9118));
#9118 = FILL_AREA_STYLE_COLOUR('',#8706);
#9119 = STYLED_ITEM('color',(#9120),#775);
#9120 = PRESENTATION_STYLE_ASSIGNMENT((#9121));
#9121 = SURFACE_STYLE_USAGE(.BOTH.,#9122);
#9122 = SURFACE_SIDE_STYLE('',(#9123));
#9123 = SURFACE_STYLE_FILL_AREA(#9124);
#9124 = FILL_AREA_STYLE('',(#9125));
#9125 = FILL_AREA_STYLE_COLOUR('',#8706);
#9126 = STYLED_ITEM('color',(#9127),#792);
#9127 = PRESENTATION_STYLE_ASSIGNMENT((#9128));
#9128 = SURFACE_STYLE_USAGE(.BOTH.,#9129);
#9129 = SURFACE_SIDE_STYLE('',(#9130));
#9130 = SURFACE_STYLE_FILL_AREA(#9131);
#9131 = FILL_AREA_STYLE('',(#9132));
#9132 = FILL_AREA_STYLE_COLOUR('',#8706);
#9133 = STYLED_ITEM('color',(#9134),#809);
#9134 = PRESENTATION_STYLE_ASSIGNMENT((#9135));
#9135 = SURFACE_STYLE_USAGE(.BOTH.,#9136);
#9136 = SURFACE_SIDE_STYLE('',(#9137));
#9137 = SURFACE_STYLE_FILL_AREA(#9138);
#9138 = FILL_AREA_STYLE('',(#9139));
#9139 = FILL_AREA_STYLE_COLOUR('',#8706);
#9140 = STYLED_ITEM('color',(#9141),#826);
#9141 = PRESENTATION_STYLE_ASSIGNMENT((#9142));
#9142 = SURFACE_STYLE_USAGE(.BOTH.,#9143);
#9143 = SURFACE_SIDE_STYLE('',(#9144));
#9144 = SURFACE_STYLE_FILL_AREA(#9145);
#9145 = FILL_AREA_STYLE('',(#9146));
#9146 = FILL_AREA_STYLE_COLOUR('',#9069);
#9147 = STYLED_ITEM('color',(#9148),#843);
#9148 = PRESENTATION_STYLE_ASSIGNMENT((#9149));
#9149 = SURFACE_STYLE_USAGE(.BOTH.,#9150);
#9150 = SURFACE_SIDE_STYLE('',(#9151));
#9151 = SURFACE_STYLE_FILL_AREA(#9152);
#9152 = FILL_AREA_STYLE('',(#9153));
#9153 = FILL_AREA_STYLE_COLOUR('',#9069);
#9154 = MECHANICAL_DESIGN_GEOMETRIC_PRESENTATION_REPRESENTATION('',(
    #9155,#9163,#9170,#9177,#9184,#9191,#9198,#9205,#9212,#9219,#9226,
    #9233,#9240,#9247,#9254,#9261,#9268,#9275,#9282,#9289,#9296,#9303),
  #2877);
#9155 = STYLED_ITEM('color',(#9156),#2335);
#9156 = PRESENTATION_STYLE_ASSIGNMENT((#9157));
#9157 = SURFACE_STYLE_USAGE(.BOTH.,#9158);
#9158 = SURFACE_SIDE_STYLE('',(#9159));
#9159 = SURFACE_STYLE_FILL_AREA(#9160);
#9160 = FILL_AREA_STYLE('',(#9161));
#9161 = FILL_AREA_STYLE_COLOUR('',#9162);
#9162 = COLOUR_RGB('',0.699999984889,9.999999991362E-02,
  5.000000142576E-02);
#9163 = STYLED_ITEM('color',(#9164),#2375);
#9164 = PRESENTATION_STYLE_ASSIGNMENT((#9165));
#9165 = SURFACE_STYLE_USAGE(.BOTH.,#9166);
#9166 = SURFACE_SIDE_STYLE('',(#9167));
#9167 = SURFACE_STYLE_FILL_AREA(#9168);
#9168 = FILL_AREA_STYLE('',(#9169));
#9169 = FILL_AREA_STYLE_COLOUR('',#9162);
#9170 = STYLED_ITEM('color',(#9171),#2408);
#9171 = PRESENTATION_STYLE_ASSIGNMENT((#9172));
#9172 = SURFACE_STYLE_USAGE(.BOTH.,#9173);
#9173 = SURFACE_SIDE_STYLE('',(#9174));
#9174 = SURFACE_STYLE_FILL_AREA(#9175);
#9175 = FILL_AREA_STYLE('',(#9176));
#9176 = FILL_AREA_STYLE_COLOUR('',#9162);
#9177 = STYLED_ITEM('color',(#9178),#2441);
#9178 = PRESENTATION_STYLE_ASSIGNMENT((#9179));
#9179 = SURFACE_STYLE_USAGE(.BOTH.,#9180);
#9180 = SURFACE_SIDE_STYLE('',(#9181));
#9181 = SURFACE_STYLE_FILL_AREA(#9182);
#9182 = FILL_AREA_STYLE('',(#9183));
#9183 = FILL_AREA_STYLE_COLOUR('',#9162);
#9184 = STYLED_ITEM('color',(#9185),#2522);
#9185 = PRESENTATION_STYLE_ASSIGNMENT((#9186));
#9186 = SURFACE_STYLE_USAGE(.BOTH.,#9187);
#9187 = SURFACE_SIDE_STYLE('',(#9188));
#9188 = SURFACE_STYLE_FILL_AREA(#9189);
#9189 = FILL_AREA_STYLE('',(#9190));
#9190 = FILL_AREA_STYLE_COLOUR('',#9162);
#9191 = STYLED_ITEM('color',(#9192),#2547);
#9192 = PRESENTATION_STYLE_ASSIGNMENT((#9193));
#9193 = SURFACE_STYLE_USAGE(.BOTH.,#9194);
#9194 = SURFACE_SIDE_STYLE('',(#9195));
#9195 = SURFACE_STYLE_FILL_AREA(#9196);
#9196 = FILL_AREA_STYLE('',(#9197));
#9197 = FILL_AREA_STYLE_COLOUR('',#9162);
#9198 = STYLED_ITEM('color',(#9199),#2564);
#9199 = PRESENTATION_STYLE_ASSIGNMENT((#9200));
#9200 = SURFACE_STYLE_USAGE(.BOTH.,#9201);
#9201 = SURFACE_SIDE_STYLE('',(#9202));
#9202 = SURFACE_STYLE_FILL_AREA(#9203);
#9203 = FILL_AREA_STYLE('',(#9204));
#9204 = FILL_AREA_STYLE_COLOUR('',#9162);
#9205 = STYLED_ITEM('color',(#9206),#2588);
#9206 = PRESENTATION_STYLE_ASSIGNMENT((#9207));
#9207 = SURFACE_STYLE_USAGE(.BOTH.,#9208);
#9208 = SURFACE_SIDE_STYLE('',(#9209));
#9209 = SURFACE_STYLE_FILL_AREA(#9210);
#9210 = FILL_AREA_STYLE('',(#9211));
#9211 = FILL_AREA_STYLE_COLOUR('',#9162);
#9212 = STYLED_ITEM('color',(#9213),#2619);
#9213 = PRESENTATION_STYLE_ASSIGNMENT((#9214));
#9214 = SURFACE_STYLE_USAGE(.BOTH.,#9215);
#9215 = SURFACE_SIDE_STYLE('',(#9216));
#9216 = SURFACE_STYLE_FILL_AREA(#9217);
#9217 = FILL_AREA_STYLE('',(#9218));
#9218 = FILL_AREA_STYLE_COLOUR('',#9162);
#9219 = STYLED_ITEM('color',(#9220),#2636);
#9220 = PRESENTATION_STYLE_ASSIGNMENT((#9221));
#9221 = SURFACE_STYLE_USAGE(.BOTH.,#9222);
#9222 = SURFACE_SIDE_STYLE('',(#9223));
#9223 = SURFACE_STYLE_FILL_AREA(#9224);
#9224 = FILL_AREA_STYLE('',(#9225));
#9225 = FILL_AREA_STYLE_COLOUR('',#9162);
#9226 = STYLED_ITEM('color',(#9227),#2660);
#9227 = PRESENTATION_STYLE_ASSIGNMENT((#9228));
#9228 = SURFACE_STYLE_USAGE(.BOTH.,#9229);
#9229 = SURFACE_SIDE_STYLE('',(#9230));
#9230 = SURFACE_STYLE_FILL_AREA(#9231);
#9231 = FILL_AREA_STYLE('',(#9232));
#9232 = FILL_AREA_STYLE_COLOUR('',#9162);
#9233 = STYLED_ITEM('color',(#9234),#2685);
#9234 = PRESENTATION_STYLE_ASSIGNMENT((#9235));
#9235 = SURFACE_STYLE_USAGE(.BOTH.,#9236);
#9236 = SURFACE_SIDE_STYLE('',(#9237));
#9237 = SURFACE_STYLE_FILL_AREA(#9238);
#9238 = FILL_AREA_STYLE('',(#9239));
#9239 = FILL_AREA_STYLE_COLOUR('',#9162);
#9240 = STYLED_ITEM('color',(#9241),#2710);
#9241 = PRESENTATION_STYLE_ASSIGNMENT((#9242));
#9242 = SURFACE_STYLE_USAGE(.BOTH.,#9243);
#9243 = SURFACE_SIDE_STYLE('',(#9244));
#9244 = SURFACE_STYLE_FILL_AREA(#9245);
#9245 = FILL_AREA_STYLE('',(#9246));
#9246 = FILL_AREA_STYLE_COLOUR('',#9162);
#9247 = STYLED_ITEM('color',(#9248),#2727);
#9248 = PRESENTATION_STYLE_ASSIGNMENT((#9249));
#9249 = SURFACE_STYLE_USAGE(.BOTH.,#9250);
#9250 = SURFACE_SIDE_STYLE('',(#9251));
#9251 = SURFACE_STYLE_FILL_AREA(#9252);
#9252 = FILL_AREA_STYLE('',(#9253));
#9253 = FILL_AREA_STYLE_COLOUR('',#8706);
#9254 = STYLED_ITEM('color',(#9255),#2752);
#9255 = PRESENTATION_STYLE_ASSIGNMENT((#9256));
#9256 = SURFACE_STYLE_USAGE(.BOTH.,#9257);
#9257 = SURFACE_SIDE_STYLE('',(#9258));
#9258 = SURFACE_STYLE_FILL_AREA(#9259);
#9259 = FILL_AREA_STYLE('',(#9260));
#9260 = FILL_AREA_STYLE_COLOUR('',#8706);
#9261 = STYLED_ITEM('color',(#9262),#2777);
#9262 = PRESENTATION_STYLE_ASSIGNMENT((#9263));
#9263 = SURFACE_STYLE_USAGE(.BOTH.,#9264);
#9264 = SURFACE_SIDE_STYLE('',(#9265));
#9265 = SURFACE_STYLE_FILL_AREA(#9266);
#9266 = FILL_AREA_STYLE('',(#9267));
#9267 = FILL_AREA_STYLE_COLOUR('',#9162);
#9268 = STYLED_ITEM('color',(#9269),#2795);
#9269 = PRESENTATION_STYLE_ASSIGNMENT((#9270));
#9270 = SURFACE_STYLE_USAGE(.BOTH.,#9271);
#9271 = SURFACE_SIDE_STYLE('',(#9272));
#9272 = SURFACE_STYLE_FILL_AREA(#9273);
#9273 = FILL_AREA_STYLE('',(#9274));
#9274 = FILL_AREA_STYLE_COLOUR('',#9162);
#9275 = STYLED_ITEM('color',(#9276),#2813);
#9276 = PRESENTATION_STYLE_ASSIGNMENT((#9277));
#9277 = SURFACE_STYLE_USAGE(.BOTH.,#9278);
#9278 = SURFACE_SIDE_STYLE('',(#9279));
#9279 = SURFACE_STYLE_FILL_AREA(#9280);
#9280 = FILL_AREA_STYLE('',(#9281));
#9281 = FILL_AREA_STYLE_COLOUR('',#9162);
#9282 = STYLED_ITEM('color',(#9283),#2837);
#9283 = PRESENTATION_STYLE_ASSIGNMENT((#9284));
#9284 = SURFACE_STYLE_USAGE(.BOTH.,#9285);
#9285 = SURFACE_SIDE_STYLE('',(#9286));
#9286 = SURFACE_STYLE_FILL_AREA(#9287);
#9287 = FILL_AREA_STYLE('',(#9288));
#9288 = FILL_AREA_STYLE_COLOUR('',#9162);
#9289 = STYLED_ITEM('color',(#9290),#2848);
#9290 = PRESENTATION_STYLE_ASSIGNMENT((#9291));
#9291 = SURFACE_STYLE_USAGE(.BOTH.,#9292);
#9292 = SURFACE_SIDE_STYLE('',(#9293));
#9293 = SURFACE_STYLE_FILL_AREA(#9294);
#9294 = FILL_AREA_STYLE('',(#9295));
#9295 = FILL_AREA_STYLE_COLOUR('',#9162);
#9296 = STYLED_ITEM('color',(#9297),#2859);
#9297 = PRESENTATION_STYLE_ASSIGNMENT((#9298));
#9298 = SURFACE_STYLE_USAGE(.BOTH.,#9299);
#9299 = SURFACE_SIDE_STYLE('',(#9300));
#9300 = SURFACE_STYLE_FILL_AREA(#9301);
#9301 = FILL_AREA_STYLE('',(#9302));
#9302 = FILL_AREA_STYLE_COLOUR('',#8706);
#9303 = STYLED_ITEM('color',(#9304),#2868);
#9304 = PRESENTATION_STYLE_ASSIGNMENT((#9305));
#9305 = SURFACE_STYLE_USAGE(.BOTH.,#9306);
#9306 = SURFACE_SIDE_STYLE('',(#9307));
#9307 = SURFACE_STYLE_FILL_AREA(#9308);
#9308 = FILL_AREA_STYLE('',(#9309));
#9309 = FILL_AREA_STYLE_COLOUR('',#8706);
#9310 = MECHANICAL_DESIGN_GEOMETRIC_PRESENTATION_REPRESENTATION('',(
    #9311,#9321,#9330,#9339,#9348,#9357,#9366,#9375,#9384,#9394,#9403,
    #9412,#9421,#9430,#9439,#9448,#9457,#9466,#9475,#9484,#9493,#9502,
    #9511,#9520,#9529,#9538,#9547,#9556,#9565,#9574,#9583,#9592,#9601,
    #9610,#9619,#9628,#9637,#9646,#9655,#9664,#9673,#9682,#9691,#9700,
    #9709,#9718,#9727,#9736,#9745,#9754,#9763,#9772,#9781,#9790,#9799,
    #9808,#9817,#9826,#9835,#9844,#9853,#9862,#9871,#9880,#9889,#9898,
    #9907,#9916,#9925,#9934,#9943,#9952,#9961,#9970,#9979,#9988,#9997,
    #10006,#10015,#10024,#10033,#10042,#10051,#10060,#10069,#10078,
    #10087,#10096,#10105,#10114,#10123,#10132,#10141,#10150,#10159,
    #10168,#10177,#10186,#10195,#10204,#10213,#10222,#10231,#10240,
    #10249,#10258,#10267,#10276,#10285,#10294,#10303,#10312,#10321,
    #10330,#10339,#10348,#10357,#10366,#10375,#10384,#10393,#10402,
    #10411,#10420,#10429,#10438,#10447,#10456,#10465,#10474,#10483,
    #10492,#10501,#10510,#10519,#10528,#10537,#10546,#10555,#10564,
    #10573,#10582,#10591,#10600,#10609,#10618,#10627,#10636,#10645,
    #10654,#10663,#10672,#10681,#10690,#10699,#10708,#10717,#10726,
    #10735,#10744,#10753,#10762,#10771,#10780,#10789,#10798,#10807,
    #10816,#10825,#10834,#10843,#10852,#10861,#10870,#10879,#10888,
    #10897,#10906,#10915,#10924,#10933,#10942,#10951,#10960,#10969,
    #10978,#10987,#10996,#11005,#11014,#11023,#11032,#11041,#11050,
    #11059,#11068,#11077,#11086,#11095,#11104,#11113,#11122,#11131,
    #11140,#11149,#11158,#11167,#11176,#11185,#11194,#11203,#11212,
    #11221,#11230),#7849);
#9311 = STYLED_ITEM('color',(#9312),#2913);
#9312 = PRESENTATION_STYLE_ASSIGNMENT((#9313,#9319));
#9313 = SURFACE_STYLE_USAGE(.BOTH.,#9314);
#9314 = SURFACE_SIDE_STYLE('',(#9315));
#9315 = SURFACE_STYLE_FILL_AREA(#9316);
#9316 = FILL_AREA_STYLE('',(#9317));
#9317 = FILL_AREA_STYLE_COLOUR('',#9318);
#9318 = COLOUR_RGB('',0.147999998088,0.145000001626,0.145000001626);
#9319 = CURVE_STYLE('',#9320,POSITIVE_LENGTH_MEASURE(0.1),#9318);
#9320 = DRAUGHTING_PRE_DEFINED_CURVE_FONT('continuous');
#9321 = STYLED_ITEM('color',(#9322),#2953);
#9322 = PRESENTATION_STYLE_ASSIGNMENT((#9323,#9328));
#9323 = SURFACE_STYLE_USAGE(.BOTH.,#9324);
#9324 = SURFACE_SIDE_STYLE('',(#9325));
#9325 = SURFACE_STYLE_FILL_AREA(#9326);
#9326 = FILL_AREA_STYLE('',(#9327));
#9327 = FILL_AREA_STYLE_COLOUR('',#9318);
#9328 = CURVE_STYLE('',#9329,POSITIVE_LENGTH_MEASURE(0.1),#9318);
#9329 = DRAUGHTING_PRE_DEFINED_CURVE_FONT('continuous');
#9330 = STYLED_ITEM('color',(#9331),#3016);
#9331 = PRESENTATION_STYLE_ASSIGNMENT((#9332,#9337));
#9332 = SURFACE_STYLE_USAGE(.BOTH.,#9333);
#9333 = SURFACE_SIDE_STYLE('',(#9334));
#9334 = SURFACE_STYLE_FILL_AREA(#9335);
#9335 = FILL_AREA_STYLE('',(#9336));
#9336 = FILL_AREA_STYLE_COLOUR('',#9318);
#9337 = CURVE_STYLE('',#9338,POSITIVE_LENGTH_MEASURE(0.1),#9318);
#9338 = DRAUGHTING_PRE_DEFINED_CURVE_FONT('continuous');
#9339 = STYLED_ITEM('color',(#9340),#3079);
#9340 = PRESENTATION_STYLE_ASSIGNMENT((#9341,#9346));
#9341 = SURFACE_STYLE_USAGE(.BOTH.,#9342);
#9342 = SURFACE_SIDE_STYLE('',(#9343));
#9343 = SURFACE_STYLE_FILL_AREA(#9344);
#9344 = FILL_AREA_STYLE('',(#9345));
#9345 = FILL_AREA_STYLE_COLOUR('',#9318);
#9346 = CURVE_STYLE('',#9347,POSITIVE_LENGTH_MEASURE(0.1),#9318);
#9347 = DRAUGHTING_PRE_DEFINED_CURVE_FONT('continuous');
#9348 = STYLED_ITEM('color',(#9349),#3096);
#9349 = PRESENTATION_STYLE_ASSIGNMENT((#9350,#9355));
#9350 = SURFACE_STYLE_USAGE(.BOTH.,#9351);
#9351 = SURFACE_SIDE_STYLE('',(#9352));
#9352 = SURFACE_STYLE_FILL_AREA(#9353);
#9353 = FILL_AREA_STYLE('',(#9354));
#9354 = FILL_AREA_STYLE_COLOUR('',#9318);
#9355 = CURVE_STYLE('',#9356,POSITIVE_LENGTH_MEASURE(0.1),#9318);
#9356 = DRAUGHTING_PRE_DEFINED_CURVE_FONT('continuous');
#9357 = STYLED_ITEM('color',(#9358),#3317);
#9358 = PRESENTATION_STYLE_ASSIGNMENT((#9359,#9364));
#9359 = SURFACE_STYLE_USAGE(.BOTH.,#9360);
#9360 = SURFACE_SIDE_STYLE('',(#9361));
#9361 = SURFACE_STYLE_FILL_AREA(#9362);
#9362 = FILL_AREA_STYLE('',(#9363));
#9363 = FILL_AREA_STYLE_COLOUR('',#9318);
#9364 = CURVE_STYLE('',#9365,POSITIVE_LENGTH_MEASURE(0.1),#9318);
#9365 = DRAUGHTING_PRE_DEFINED_CURVE_FONT('continuous');
#9366 = STYLED_ITEM('color',(#9367),#3339);
#9367 = PRESENTATION_STYLE_ASSIGNMENT((#9368,#9373));
#9368 = SURFACE_STYLE_USAGE(.BOTH.,#9369);
#9369 = SURFACE_SIDE_STYLE('',(#9370));
#9370 = SURFACE_STYLE_FILL_AREA(#9371);
#9371 = FILL_AREA_STYLE('',(#9372));
#9372 = FILL_AREA_STYLE_COLOUR('',#9318);
#9373 = CURVE_STYLE('',#9374,POSITIVE_LENGTH_MEASURE(0.1),#9318);
#9374 = DRAUGHTING_PRE_DEFINED_CURVE_FONT('continuous');
#9375 = STYLED_ITEM('color',(#9376),#3356);
#9376 = PRESENTATION_STYLE_ASSIGNMENT((#9377,#9382));
#9377 = SURFACE_STYLE_USAGE(.BOTH.,#9378);
#9378 = SURFACE_SIDE_STYLE('',(#9379));
#9379 = SURFACE_STYLE_FILL_AREA(#9380);
#9380 = FILL_AREA_STYLE('',(#9381));
#9381 = FILL_AREA_STYLE_COLOUR('',#9318);
#9382 = CURVE_STYLE('',#9383,POSITIVE_LENGTH_MEASURE(0.1),#9318);
#9383 = DRAUGHTING_PRE_DEFINED_CURVE_FONT('continuous');
#9384 = OVER_RIDING_STYLED_ITEM('overriding color',(#9385),#3389,#9375);
#9385 = PRESENTATION_STYLE_ASSIGNMENT((#9386,#9392));
#9386 = SURFACE_STYLE_USAGE(.BOTH.,#9387);
#9387 = SURFACE_SIDE_STYLE('',(#9388));
#9388 = SURFACE_STYLE_FILL_AREA(#9389);
#9389 = FILL_AREA_STYLE('',(#9390));
#9390 = FILL_AREA_STYLE_COLOUR('',#9391);
#9391 = COLOUR_RGB('',0.858999988747,0.738000004258,0.496000005009);
#9392 = CURVE_STYLE('',#9393,POSITIVE_LENGTH_MEASURE(0.1),#9391);
#9393 = DRAUGHTING_PRE_DEFINED_CURVE_FONT('continuous');
#9394 = OVER_RIDING_STYLED_ITEM('overriding color',(#9395),#3421,#9375);
#9395 = PRESENTATION_STYLE_ASSIGNMENT((#9396,#9401));
#9396 = SURFACE_STYLE_USAGE(.BOTH.,#9397);
#9397 = SURFACE_SIDE_STYLE('',(#9398));
#9398 = SURFACE_STYLE_FILL_AREA(#9399);
#9399 = FILL_AREA_STYLE('',(#9400));
#9400 = FILL_AREA_STYLE_COLOUR('',#9391);
#9401 = CURVE_STYLE('',#9402,POSITIVE_LENGTH_MEASURE(0.1),#9391);
#9402 = DRAUGHTING_PRE_DEFINED_CURVE_FONT('continuous');
#9403 = OVER_RIDING_STYLED_ITEM('overriding color',(#9404),#3455,#9375);
#9404 = PRESENTATION_STYLE_ASSIGNMENT((#9405,#9410));
#9405 = SURFACE_STYLE_USAGE(.BOTH.,#9406);
#9406 = SURFACE_SIDE_STYLE('',(#9407));
#9407 = SURFACE_STYLE_FILL_AREA(#9408);
#9408 = FILL_AREA_STYLE('',(#9409));
#9409 = FILL_AREA_STYLE_COLOUR('',#9391);
#9410 = CURVE_STYLE('',#9411,POSITIVE_LENGTH_MEASURE(0.1),#9391);
#9411 = DRAUGHTING_PRE_DEFINED_CURVE_FONT('continuous');
#9412 = OVER_RIDING_STYLED_ITEM('overriding color',(#9413),#3487,#9375);
#9413 = PRESENTATION_STYLE_ASSIGNMENT((#9414,#9419));
#9414 = SURFACE_STYLE_USAGE(.BOTH.,#9415);
#9415 = SURFACE_SIDE_STYLE('',(#9416));
#9416 = SURFACE_STYLE_FILL_AREA(#9417);
#9417 = FILL_AREA_STYLE('',(#9418));
#9418 = FILL_AREA_STYLE_COLOUR('',#9391);
#9419 = CURVE_STYLE('',#9420,POSITIVE_LENGTH_MEASURE(0.1),#9391);
#9420 = DRAUGHTING_PRE_DEFINED_CURVE_FONT('continuous');
#9421 = OVER_RIDING_STYLED_ITEM('overriding color',(#9422),#3521,#9375);
#9422 = PRESENTATION_STYLE_ASSIGNMENT((#9423,#9428));
#9423 = SURFACE_STYLE_USAGE(.BOTH.,#9424);
#9424 = SURFACE_SIDE_STYLE('',(#9425));
#9425 = SURFACE_STYLE_FILL_AREA(#9426);
#9426 = FILL_AREA_STYLE('',(#9427));
#9427 = FILL_AREA_STYLE_COLOUR('',#9391);
#9428 = CURVE_STYLE('',#9429,POSITIVE_LENGTH_MEASURE(0.1),#9391);
#9429 = DRAUGHTING_PRE_DEFINED_CURVE_FONT('continuous');
#9430 = OVER_RIDING_STYLED_ITEM('overriding color',(#9431),#3553,#9375);
#9431 = PRESENTATION_STYLE_ASSIGNMENT((#9432,#9437));
#9432 = SURFACE_STYLE_USAGE(.BOTH.,#9433);
#9433 = SURFACE_SIDE_STYLE('',(#9434));
#9434 = SURFACE_STYLE_FILL_AREA(#9435);
#9435 = FILL_AREA_STYLE('',(#9436));
#9436 = FILL_AREA_STYLE_COLOUR('',#9391);
#9437 = CURVE_STYLE('',#9438,POSITIVE_LENGTH_MEASURE(0.1),#9391);
#9438 = DRAUGHTING_PRE_DEFINED_CURVE_FONT('continuous');
#9439 = OVER_RIDING_STYLED_ITEM('overriding color',(#9440),#3587,#9375);
#9440 = PRESENTATION_STYLE_ASSIGNMENT((#9441,#9446));
#9441 = SURFACE_STYLE_USAGE(.BOTH.,#9442);
#9442 = SURFACE_SIDE_STYLE('',(#9443));
#9443 = SURFACE_STYLE_FILL_AREA(#9444);
#9444 = FILL_AREA_STYLE('',(#9445));
#9445 = FILL_AREA_STYLE_COLOUR('',#9391);
#9446 = CURVE_STYLE('',#9447,POSITIVE_LENGTH_MEASURE(0.1),#9391);
#9447 = DRAUGHTING_PRE_DEFINED_CURVE_FONT('continuous');
#9448 = OVER_RIDING_STYLED_ITEM('overriding color',(#9449),#3619,#9375);
#9449 = PRESENTATION_STYLE_ASSIGNMENT((#9450,#9455));
#9450 = SURFACE_STYLE_USAGE(.BOTH.,#9451);
#9451 = SURFACE_SIDE_STYLE('',(#9452));
#9452 = SURFACE_STYLE_FILL_AREA(#9453);
#9453 = FILL_AREA_STYLE('',(#9454));
#9454 = FILL_AREA_STYLE_COLOUR('',#9391);
#9455 = CURVE_STYLE('',#9456,POSITIVE_LENGTH_MEASURE(0.1),#9391);
#9456 = DRAUGHTING_PRE_DEFINED_CURVE_FONT('continuous');
#9457 = OVER_RIDING_STYLED_ITEM('overriding color',(#9458),#3653,#9375);
#9458 = PRESENTATION_STYLE_ASSIGNMENT((#9459,#9464));
#9459 = SURFACE_STYLE_USAGE(.BOTH.,#9460);
#9460 = SURFACE_SIDE_STYLE('',(#9461));
#9461 = SURFACE_STYLE_FILL_AREA(#9462);
#9462 = FILL_AREA_STYLE('',(#9463));
#9463 = FILL_AREA_STYLE_COLOUR('',#9391);
#9464 = CURVE_STYLE('',#9465,POSITIVE_LENGTH_MEASURE(0.1),#9391);
#9465 = DRAUGHTING_PRE_DEFINED_CURVE_FONT('continuous');
#9466 = OVER_RIDING_STYLED_ITEM('overriding color',(#9467),#3685,#9375);
#9467 = PRESENTATION_STYLE_ASSIGNMENT((#9468,#9473));
#9468 = SURFACE_STYLE_USAGE(.BOTH.,#9469);
#9469 = SURFACE_SIDE_STYLE('',(#9470));
#9470 = SURFACE_STYLE_FILL_AREA(#9471);
#9471 = FILL_AREA_STYLE('',(#9472));
#9472 = FILL_AREA_STYLE_COLOUR('',#9391);
#9473 = CURVE_STYLE('',#9474,POSITIVE_LENGTH_MEASURE(0.1),#9391);
#9474 = DRAUGHTING_PRE_DEFINED_CURVE_FONT('continuous');
#9475 = OVER_RIDING_STYLED_ITEM('overriding color',(#9476),#3719,#9375);
#9476 = PRESENTATION_STYLE_ASSIGNMENT((#9477,#9482));
#9477 = SURFACE_STYLE_USAGE(.BOTH.,#9478);
#9478 = SURFACE_SIDE_STYLE('',(#9479));
#9479 = SURFACE_STYLE_FILL_AREA(#9480);
#9480 = FILL_AREA_STYLE('',(#9481));
#9481 = FILL_AREA_STYLE_COLOUR('',#9391);
#9482 = CURVE_STYLE('',#9483,POSITIVE_LENGTH_MEASURE(0.1),#9391);
#9483 = DRAUGHTING_PRE_DEFINED_CURVE_FONT('continuous');
#9484 = OVER_RIDING_STYLED_ITEM('overriding color',(#9485),#3751,#9375);
#9485 = PRESENTATION_STYLE_ASSIGNMENT((#9486,#9491));
#9486 = SURFACE_STYLE_USAGE(.BOTH.,#9487);
#9487 = SURFACE_SIDE_STYLE('',(#9488));
#9488 = SURFACE_STYLE_FILL_AREA(#9489);
#9489 = FILL_AREA_STYLE('',(#9490));
#9490 = FILL_AREA_STYLE_COLOUR('',#9391);
#9491 = CURVE_STYLE('',#9492,POSITIVE_LENGTH_MEASURE(0.1),#9391);
#9492 = DRAUGHTING_PRE_DEFINED_CURVE_FONT('continuous');
#9493 = STYLED_ITEM('color',(#9494),#3769);
#9494 = PRESENTATION_STYLE_ASSIGNMENT((#9495,#9500));
#9495 = SURFACE_STYLE_USAGE(.BOTH.,#9496);
#9496 = SURFACE_SIDE_STYLE('',(#9497));
#9497 = SURFACE_STYLE_FILL_AREA(#9498);
#9498 = FILL_AREA_STYLE('',(#9499));
#9499 = FILL_AREA_STYLE_COLOUR('',#9318);
#9500 = CURVE_STYLE('',#9501,POSITIVE_LENGTH_MEASURE(0.1),#9318);
#9501 = DRAUGHTING_PRE_DEFINED_CURVE_FONT('continuous');
#9502 = STYLED_ITEM('color',(#9503),#3781);
#9503 = PRESENTATION_STYLE_ASSIGNMENT((#9504,#9509));
#9504 = SURFACE_STYLE_USAGE(.BOTH.,#9505);
#9505 = SURFACE_SIDE_STYLE('',(#9506));
#9506 = SURFACE_STYLE_FILL_AREA(#9507);
#9507 = FILL_AREA_STYLE('',(#9508));
#9508 = FILL_AREA_STYLE_COLOUR('',#9318);
#9509 = CURVE_STYLE('',#9510,POSITIVE_LENGTH_MEASURE(0.1),#9318);
#9510 = DRAUGHTING_PRE_DEFINED_CURVE_FONT('continuous');
#9511 = STYLED_ITEM('color',(#9512),#3793);
#9512 = PRESENTATION_STYLE_ASSIGNMENT((#9513,#9518));
#9513 = SURFACE_STYLE_USAGE(.BOTH.,#9514);
#9514 = SURFACE_SIDE_STYLE('',(#9515));
#9515 = SURFACE_STYLE_FILL_AREA(#9516);
#9516 = FILL_AREA_STYLE('',(#9517));
#9517 = FILL_AREA_STYLE_COLOUR('',#9318);
#9518 = CURVE_STYLE('',#9519,POSITIVE_LENGTH_MEASURE(0.1),#9318);
#9519 = DRAUGHTING_PRE_DEFINED_CURVE_FONT('continuous');
#9520 = STYLED_ITEM('color',(#9521),#3824);
#9521 = PRESENTATION_STYLE_ASSIGNMENT((#9522,#9527));
#9522 = SURFACE_STYLE_USAGE(.BOTH.,#9523);
#9523 = SURFACE_SIDE_STYLE('',(#9524));
#9524 = SURFACE_STYLE_FILL_AREA(#9525);
#9525 = FILL_AREA_STYLE('',(#9526));
#9526 = FILL_AREA_STYLE_COLOUR('',#9318);
#9527 = CURVE_STYLE('',#9528,POSITIVE_LENGTH_MEASURE(0.1),#9318);
#9528 = DRAUGHTING_PRE_DEFINED_CURVE_FONT('continuous');
#9529 = STYLED_ITEM('color',(#9530),#3848);
#9530 = PRESENTATION_STYLE_ASSIGNMENT((#9531,#9536));
#9531 = SURFACE_STYLE_USAGE(.BOTH.,#9532);
#9532 = SURFACE_SIDE_STYLE('',(#9533));
#9533 = SURFACE_STYLE_FILL_AREA(#9534);
#9534 = FILL_AREA_STYLE('',(#9535));
#9535 = FILL_AREA_STYLE_COLOUR('',#9318);
#9536 = CURVE_STYLE('',#9537,POSITIVE_LENGTH_MEASURE(0.1),#9318);
#9537 = DRAUGHTING_PRE_DEFINED_CURVE_FONT('continuous');
#9538 = STYLED_ITEM('color',(#9539),#3872);
#9539 = PRESENTATION_STYLE_ASSIGNMENT((#9540,#9545));
#9540 = SURFACE_STYLE_USAGE(.BOTH.,#9541);
#9541 = SURFACE_SIDE_STYLE('',(#9542));
#9542 = SURFACE_STYLE_FILL_AREA(#9543);
#9543 = FILL_AREA_STYLE('',(#9544));
#9544 = FILL_AREA_STYLE_COLOUR('',#9318);
#9545 = CURVE_STYLE('',#9546,POSITIVE_LENGTH_MEASURE(0.1),#9318);
#9546 = DRAUGHTING_PRE_DEFINED_CURVE_FONT('continuous');
#9547 = STYLED_ITEM('color',(#9548),#3889);
#9548 = PRESENTATION_STYLE_ASSIGNMENT((#9549,#9554));
#9549 = SURFACE_STYLE_USAGE(.BOTH.,#9550);
#9550 = SURFACE_SIDE_STYLE('',(#9551));
#9551 = SURFACE_STYLE_FILL_AREA(#9552);
#9552 = FILL_AREA_STYLE('',(#9553));
#9553 = FILL_AREA_STYLE_COLOUR('',#9318);
#9554 = CURVE_STYLE('',#9555,POSITIVE_LENGTH_MEASURE(0.1),#9318);
#9555 = DRAUGHTING_PRE_DEFINED_CURVE_FONT('continuous');
#9556 = STYLED_ITEM('color',(#9557),#3920);
#9557 = PRESENTATION_STYLE_ASSIGNMENT((#9558,#9563));
#9558 = SURFACE_STYLE_USAGE(.BOTH.,#9559);
#9559 = SURFACE_SIDE_STYLE('',(#9560));
#9560 = SURFACE_STYLE_FILL_AREA(#9561);
#9561 = FILL_AREA_STYLE('',(#9562));
#9562 = FILL_AREA_STYLE_COLOUR('',#9318);
#9563 = CURVE_STYLE('',#9564,POSITIVE_LENGTH_MEASURE(0.1),#9318);
#9564 = DRAUGHTING_PRE_DEFINED_CURVE_FONT('continuous');
#9565 = STYLED_ITEM('color',(#9566),#3944);
#9566 = PRESENTATION_STYLE_ASSIGNMENT((#9567,#9572));
#9567 = SURFACE_STYLE_USAGE(.BOTH.,#9568);
#9568 = SURFACE_SIDE_STYLE('',(#9569));
#9569 = SURFACE_STYLE_FILL_AREA(#9570);
#9570 = FILL_AREA_STYLE('',(#9571));
#9571 = FILL_AREA_STYLE_COLOUR('',#9318);
#9572 = CURVE_STYLE('',#9573,POSITIVE_LENGTH_MEASURE(0.1),#9318);
#9573 = DRAUGHTING_PRE_DEFINED_CURVE_FONT('continuous');
#9574 = STYLED_ITEM('color',(#9575),#3968);
#9575 = PRESENTATION_STYLE_ASSIGNMENT((#9576,#9581));
#9576 = SURFACE_STYLE_USAGE(.BOTH.,#9577);
#9577 = SURFACE_SIDE_STYLE('',(#9578));
#9578 = SURFACE_STYLE_FILL_AREA(#9579);
#9579 = FILL_AREA_STYLE('',(#9580));
#9580 = FILL_AREA_STYLE_COLOUR('',#9318);
#9581 = CURVE_STYLE('',#9582,POSITIVE_LENGTH_MEASURE(0.1),#9318);
#9582 = DRAUGHTING_PRE_DEFINED_CURVE_FONT('continuous');
#9583 = STYLED_ITEM('color',(#9584),#3985);
#9584 = PRESENTATION_STYLE_ASSIGNMENT((#9585,#9590));
#9585 = SURFACE_STYLE_USAGE(.BOTH.,#9586);
#9586 = SURFACE_SIDE_STYLE('',(#9587));
#9587 = SURFACE_STYLE_FILL_AREA(#9588);
#9588 = FILL_AREA_STYLE('',(#9589));
#9589 = FILL_AREA_STYLE_COLOUR('',#9318);
#9590 = CURVE_STYLE('',#9591,POSITIVE_LENGTH_MEASURE(0.1),#9318);
#9591 = DRAUGHTING_PRE_DEFINED_CURVE_FONT('continuous');
#9592 = STYLED_ITEM('color',(#9593),#4016);
#9593 = PRESENTATION_STYLE_ASSIGNMENT((#9594,#9599));
#9594 = SURFACE_STYLE_USAGE(.BOTH.,#9595);
#9595 = SURFACE_SIDE_STYLE('',(#9596));
#9596 = SURFACE_STYLE_FILL_AREA(#9597);
#9597 = FILL_AREA_STYLE('',(#9598));
#9598 = FILL_AREA_STYLE_COLOUR('',#9318);
#9599 = CURVE_STYLE('',#9600,POSITIVE_LENGTH_MEASURE(0.1),#9318);
#9600 = DRAUGHTING_PRE_DEFINED_CURVE_FONT('continuous');
#9601 = STYLED_ITEM('color',(#9602),#4040);
#9602 = PRESENTATION_STYLE_ASSIGNMENT((#9603,#9608));
#9603 = SURFACE_STYLE_USAGE(.BOTH.,#9604);
#9604 = SURFACE_SIDE_STYLE('',(#9605));
#9605 = SURFACE_STYLE_FILL_AREA(#9606);
#9606 = FILL_AREA_STYLE('',(#9607));
#9607 = FILL_AREA_STYLE_COLOUR('',#9318);
#9608 = CURVE_STYLE('',#9609,POSITIVE_LENGTH_MEASURE(0.1),#9318);
#9609 = DRAUGHTING_PRE_DEFINED_CURVE_FONT('continuous');
#9610 = STYLED_ITEM('color',(#9611),#4064);
#9611 = PRESENTATION_STYLE_ASSIGNMENT((#9612,#9617));
#9612 = SURFACE_STYLE_USAGE(.BOTH.,#9613);
#9613 = SURFACE_SIDE_STYLE('',(#9614));
#9614 = SURFACE_STYLE_FILL_AREA(#9615);
#9615 = FILL_AREA_STYLE('',(#9616));
#9616 = FILL_AREA_STYLE_COLOUR('',#9318);
#9617 = CURVE_STYLE('',#9618,POSITIVE_LENGTH_MEASURE(0.1),#9318);
#9618 = DRAUGHTING_PRE_DEFINED_CURVE_FONT('continuous');
#9619 = STYLED_ITEM('color',(#9620),#4081);
#9620 = PRESENTATION_STYLE_ASSIGNMENT((#9621,#9626));
#9621 = SURFACE_STYLE_USAGE(.BOTH.,#9622);
#9622 = SURFACE_SIDE_STYLE('',(#9623));
#9623 = SURFACE_STYLE_FILL_AREA(#9624);
#9624 = FILL_AREA_STYLE('',(#9625));
#9625 = FILL_AREA_STYLE_COLOUR('',#9318);
#9626 = CURVE_STYLE('',#9627,POSITIVE_LENGTH_MEASURE(0.1),#9318);
#9627 = DRAUGHTING_PRE_DEFINED_CURVE_FONT('continuous');
#9628 = STYLED_ITEM('color',(#9629),#4112);
#9629 = PRESENTATION_STYLE_ASSIGNMENT((#9630,#9635));
#9630 = SURFACE_STYLE_USAGE(.BOTH.,#9631);
#9631 = SURFACE_SIDE_STYLE('',(#9632));
#9632 = SURFACE_STYLE_FILL_AREA(#9633);
#9633 = FILL_AREA_STYLE('',(#9634));
#9634 = FILL_AREA_STYLE_COLOUR('',#9318);
#9635 = CURVE_STYLE('',#9636,POSITIVE_LENGTH_MEASURE(0.1),#9318);
#9636 = DRAUGHTING_PRE_DEFINED_CURVE_FONT('continuous');
#9637 = STYLED_ITEM('color',(#9638),#4136);
#9638 = PRESENTATION_STYLE_ASSIGNMENT((#9639,#9644));
#9639 = SURFACE_STYLE_USAGE(.BOTH.,#9640);
#9640 = SURFACE_SIDE_STYLE('',(#9641));
#9641 = SURFACE_STYLE_FILL_AREA(#9642);
#9642 = FILL_AREA_STYLE('',(#9643));
#9643 = FILL_AREA_STYLE_COLOUR('',#9318);
#9644 = CURVE_STYLE('',#9645,POSITIVE_LENGTH_MEASURE(0.1),#9318);
#9645 = DRAUGHTING_PRE_DEFINED_CURVE_FONT('continuous');
#9646 = STYLED_ITEM('color',(#9647),#4160);
#9647 = PRESENTATION_STYLE_ASSIGNMENT((#9648,#9653));
#9648 = SURFACE_STYLE_USAGE(.BOTH.,#9649);
#9649 = SURFACE_SIDE_STYLE('',(#9650));
#9650 = SURFACE_STYLE_FILL_AREA(#9651);
#9651 = FILL_AREA_STYLE('',(#9652));
#9652 = FILL_AREA_STYLE_COLOUR('',#9318);
#9653 = CURVE_STYLE('',#9654,POSITIVE_LENGTH_MEASURE(0.1),#9318);
#9654 = DRAUGHTING_PRE_DEFINED_CURVE_FONT('continuous');
#9655 = STYLED_ITEM('color',(#9656),#4177);
#9656 = PRESENTATION_STYLE_ASSIGNMENT((#9657,#9662));
#9657 = SURFACE_STYLE_USAGE(.BOTH.,#9658);
#9658 = SURFACE_SIDE_STYLE('',(#9659));
#9659 = SURFACE_STYLE_FILL_AREA(#9660);
#9660 = FILL_AREA_STYLE('',(#9661));
#9661 = FILL_AREA_STYLE_COLOUR('',#9318);
#9662 = CURVE_STYLE('',#9663,POSITIVE_LENGTH_MEASURE(0.1),#9318);
#9663 = DRAUGHTING_PRE_DEFINED_CURVE_FONT('continuous');
#9664 = STYLED_ITEM('color',(#9665),#4208);
#9665 = PRESENTATION_STYLE_ASSIGNMENT((#9666,#9671));
#9666 = SURFACE_STYLE_USAGE(.BOTH.,#9667);
#9667 = SURFACE_SIDE_STYLE('',(#9668));
#9668 = SURFACE_STYLE_FILL_AREA(#9669);
#9669 = FILL_AREA_STYLE('',(#9670));
#9670 = FILL_AREA_STYLE_COLOUR('',#9318);
#9671 = CURVE_STYLE('',#9672,POSITIVE_LENGTH_MEASURE(0.1),#9318);
#9672 = DRAUGHTING_PRE_DEFINED_CURVE_FONT('continuous');
#9673 = STYLED_ITEM('color',(#9674),#4232);
#9674 = PRESENTATION_STYLE_ASSIGNMENT((#9675,#9680));
#9675 = SURFACE_STYLE_USAGE(.BOTH.,#9676);
#9676 = SURFACE_SIDE_STYLE('',(#9677));
#9677 = SURFACE_STYLE_FILL_AREA(#9678);
#9678 = FILL_AREA_STYLE('',(#9679));
#9679 = FILL_AREA_STYLE_COLOUR('',#9318);
#9680 = CURVE_STYLE('',#9681,POSITIVE_LENGTH_MEASURE(0.1),#9318);
#9681 = DRAUGHTING_PRE_DEFINED_CURVE_FONT('continuous');
#9682 = STYLED_ITEM('color',(#9683),#4256);
#9683 = PRESENTATION_STYLE_ASSIGNMENT((#9684,#9689));
#9684 = SURFACE_STYLE_USAGE(.BOTH.,#9685);
#9685 = SURFACE_SIDE_STYLE('',(#9686));
#9686 = SURFACE_STYLE_FILL_AREA(#9687);
#9687 = FILL_AREA_STYLE('',(#9688));
#9688 = FILL_AREA_STYLE_COLOUR('',#9318);
#9689 = CURVE_STYLE('',#9690,POSITIVE_LENGTH_MEASURE(0.1),#9318);
#9690 = DRAUGHTING_PRE_DEFINED_CURVE_FONT('continuous');
#9691 = STYLED_ITEM('color',(#9692),#4273);
#9692 = PRESENTATION_STYLE_ASSIGNMENT((#9693,#9698));
#9693 = SURFACE_STYLE_USAGE(.BOTH.,#9694);
#9694 = SURFACE_SIDE_STYLE('',(#9695));
#9695 = SURFACE_STYLE_FILL_AREA(#9696);
#9696 = FILL_AREA_STYLE('',(#9697));
#9697 = FILL_AREA_STYLE_COLOUR('',#9318);
#9698 = CURVE_STYLE('',#9699,POSITIVE_LENGTH_MEASURE(0.1),#9318);
#9699 = DRAUGHTING_PRE_DEFINED_CURVE_FONT('continuous');
#9700 = STYLED_ITEM('color',(#9701),#4304);
#9701 = PRESENTATION_STYLE_ASSIGNMENT((#9702,#9707));
#9702 = SURFACE_STYLE_USAGE(.BOTH.,#9703);
#9703 = SURFACE_SIDE_STYLE('',(#9704));
#9704 = SURFACE_STYLE_FILL_AREA(#9705);
#9705 = FILL_AREA_STYLE('',(#9706));
#9706 = FILL_AREA_STYLE_COLOUR('',#9318);
#9707 = CURVE_STYLE('',#9708,POSITIVE_LENGTH_MEASURE(0.1),#9318);
#9708 = DRAUGHTING_PRE_DEFINED_CURVE_FONT('continuous');
#9709 = STYLED_ITEM('color',(#9710),#4328);
#9710 = PRESENTATION_STYLE_ASSIGNMENT((#9711,#9716));
#9711 = SURFACE_STYLE_USAGE(.BOTH.,#9712);
#9712 = SURFACE_SIDE_STYLE('',(#9713));
#9713 = SURFACE_STYLE_FILL_AREA(#9714);
#9714 = FILL_AREA_STYLE('',(#9715));
#9715 = FILL_AREA_STYLE_COLOUR('',#9318);
#9716 = CURVE_STYLE('',#9717,POSITIVE_LENGTH_MEASURE(0.1),#9318);
#9717 = DRAUGHTING_PRE_DEFINED_CURVE_FONT('continuous');
#9718 = STYLED_ITEM('color',(#9719),#4352);
#9719 = PRESENTATION_STYLE_ASSIGNMENT((#9720,#9725));
#9720 = SURFACE_STYLE_USAGE(.BOTH.,#9721);
#9721 = SURFACE_SIDE_STYLE('',(#9722));
#9722 = SURFACE_STYLE_FILL_AREA(#9723);
#9723 = FILL_AREA_STYLE('',(#9724));
#9724 = FILL_AREA_STYLE_COLOUR('',#9318);
#9725 = CURVE_STYLE('',#9726,POSITIVE_LENGTH_MEASURE(0.1),#9318);
#9726 = DRAUGHTING_PRE_DEFINED_CURVE_FONT('continuous');
#9727 = STYLED_ITEM('color',(#9728),#4369);
#9728 = PRESENTATION_STYLE_ASSIGNMENT((#9729,#9734));
#9729 = SURFACE_STYLE_USAGE(.BOTH.,#9730);
#9730 = SURFACE_SIDE_STYLE('',(#9731));
#9731 = SURFACE_STYLE_FILL_AREA(#9732);
#9732 = FILL_AREA_STYLE('',(#9733));
#9733 = FILL_AREA_STYLE_COLOUR('',#9391);
#9734 = CURVE_STYLE('',#9735,POSITIVE_LENGTH_MEASURE(0.1),#9391);
#9735 = DRAUGHTING_PRE_DEFINED_CURVE_FONT('continuous');
#9736 = STYLED_ITEM('color',(#9737),#4386);
#9737 = PRESENTATION_STYLE_ASSIGNMENT((#9738,#9743));
#9738 = SURFACE_STYLE_USAGE(.BOTH.,#9739);
#9739 = SURFACE_SIDE_STYLE('',(#9740));
#9740 = SURFACE_STYLE_FILL_AREA(#9741);
#9741 = FILL_AREA_STYLE('',(#9742));
#9742 = FILL_AREA_STYLE_COLOUR('',#9391);
#9743 = CURVE_STYLE('',#9744,POSITIVE_LENGTH_MEASURE(0.1),#9391);
#9744 = DRAUGHTING_PRE_DEFINED_CURVE_FONT('continuous');
#9745 = STYLED_ITEM('color',(#9746),#4433);
#9746 = PRESENTATION_STYLE_ASSIGNMENT((#9747,#9752));
#9747 = SURFACE_STYLE_USAGE(.BOTH.,#9748);
#9748 = SURFACE_SIDE_STYLE('',(#9749));
#9749 = SURFACE_STYLE_FILL_AREA(#9750);
#9750 = FILL_AREA_STYLE('',(#9751));
#9751 = FILL_AREA_STYLE_COLOUR('',#9391);
#9752 = CURVE_STYLE('',#9753,POSITIVE_LENGTH_MEASURE(0.1),#9391);
#9753 = DRAUGHTING_PRE_DEFINED_CURVE_FONT('continuous');
#9754 = STYLED_ITEM('color',(#9755),#4450);
#9755 = PRESENTATION_STYLE_ASSIGNMENT((#9756,#9761));
#9756 = SURFACE_STYLE_USAGE(.BOTH.,#9757);
#9757 = SURFACE_SIDE_STYLE('',(#9758));
#9758 = SURFACE_STYLE_FILL_AREA(#9759);
#9759 = FILL_AREA_STYLE('',(#9760));
#9760 = FILL_AREA_STYLE_COLOUR('',#9391);
#9761 = CURVE_STYLE('',#9762,POSITIVE_LENGTH_MEASURE(0.1),#9391);
#9762 = DRAUGHTING_PRE_DEFINED_CURVE_FONT('continuous');
#9763 = STYLED_ITEM('color',(#9764),#4497);
#9764 = PRESENTATION_STYLE_ASSIGNMENT((#9765,#9770));
#9765 = SURFACE_STYLE_USAGE(.BOTH.,#9766);
#9766 = SURFACE_SIDE_STYLE('',(#9767));
#9767 = SURFACE_STYLE_FILL_AREA(#9768);
#9768 = FILL_AREA_STYLE('',(#9769));
#9769 = FILL_AREA_STYLE_COLOUR('',#9391);
#9770 = CURVE_STYLE('',#9771,POSITIVE_LENGTH_MEASURE(0.1),#9391);
#9771 = DRAUGHTING_PRE_DEFINED_CURVE_FONT('continuous');
#9772 = STYLED_ITEM('color',(#9773),#4514);
#9773 = PRESENTATION_STYLE_ASSIGNMENT((#9774,#9779));
#9774 = SURFACE_STYLE_USAGE(.BOTH.,#9775);
#9775 = SURFACE_SIDE_STYLE('',(#9776));
#9776 = SURFACE_STYLE_FILL_AREA(#9777);
#9777 = FILL_AREA_STYLE('',(#9778));
#9778 = FILL_AREA_STYLE_COLOUR('',#9391);
#9779 = CURVE_STYLE('',#9780,POSITIVE_LENGTH_MEASURE(0.1),#9391);
#9780 = DRAUGHTING_PRE_DEFINED_CURVE_FONT('continuous');
#9781 = STYLED_ITEM('color',(#9782),#4561);
#9782 = PRESENTATION_STYLE_ASSIGNMENT((#9783,#9788));
#9783 = SURFACE_STYLE_USAGE(.BOTH.,#9784);
#9784 = SURFACE_SIDE_STYLE('',(#9785));
#9785 = SURFACE_STYLE_FILL_AREA(#9786);
#9786 = FILL_AREA_STYLE('',(#9787));
#9787 = FILL_AREA_STYLE_COLOUR('',#9391);
#9788 = CURVE_STYLE('',#9789,POSITIVE_LENGTH_MEASURE(0.1),#9391);
#9789 = DRAUGHTING_PRE_DEFINED_CURVE_FONT('continuous');
#9790 = STYLED_ITEM('color',(#9791),#4578);
#9791 = PRESENTATION_STYLE_ASSIGNMENT((#9792,#9797));
#9792 = SURFACE_STYLE_USAGE(.BOTH.,#9793);
#9793 = SURFACE_SIDE_STYLE('',(#9794));
#9794 = SURFACE_STYLE_FILL_AREA(#9795);
#9795 = FILL_AREA_STYLE('',(#9796));
#9796 = FILL_AREA_STYLE_COLOUR('',#9391);
#9797 = CURVE_STYLE('',#9798,POSITIVE_LENGTH_MEASURE(0.1),#9391);
#9798 = DRAUGHTING_PRE_DEFINED_CURVE_FONT('continuous');
#9799 = STYLED_ITEM('color',(#9800),#4625);
#9800 = PRESENTATION_STYLE_ASSIGNMENT((#9801,#9806));
#9801 = SURFACE_STYLE_USAGE(.BOTH.,#9802);
#9802 = SURFACE_SIDE_STYLE('',(#9803));
#9803 = SURFACE_STYLE_FILL_AREA(#9804);
#9804 = FILL_AREA_STYLE('',(#9805));
#9805 = FILL_AREA_STYLE_COLOUR('',#9391);
#9806 = CURVE_STYLE('',#9807,POSITIVE_LENGTH_MEASURE(0.1),#9391);
#9807 = DRAUGHTING_PRE_DEFINED_CURVE_FONT('continuous');
#9808 = STYLED_ITEM('color',(#9809),#4642);
#9809 = PRESENTATION_STYLE_ASSIGNMENT((#9810,#9815));
#9810 = SURFACE_STYLE_USAGE(.BOTH.,#9811);
#9811 = SURFACE_SIDE_STYLE('',(#9812));
#9812 = SURFACE_STYLE_FILL_AREA(#9813);
#9813 = FILL_AREA_STYLE('',(#9814));
#9814 = FILL_AREA_STYLE_COLOUR('',#9391);
#9815 = CURVE_STYLE('',#9816,POSITIVE_LENGTH_MEASURE(0.1),#9391);
#9816 = DRAUGHTING_PRE_DEFINED_CURVE_FONT('continuous');
#9817 = STYLED_ITEM('color',(#9818),#4689);
#9818 = PRESENTATION_STYLE_ASSIGNMENT((#9819,#9824));
#9819 = SURFACE_STYLE_USAGE(.BOTH.,#9820);
#9820 = SURFACE_SIDE_STYLE('',(#9821));
#9821 = SURFACE_STYLE_FILL_AREA(#9822);
#9822 = FILL_AREA_STYLE('',(#9823));
#9823 = FILL_AREA_STYLE_COLOUR('',#9391);
#9824 = CURVE_STYLE('',#9825,POSITIVE_LENGTH_MEASURE(0.1),#9391);
#9825 = DRAUGHTING_PRE_DEFINED_CURVE_FONT('continuous');
#9826 = STYLED_ITEM('color',(#9827),#4706);
#9827 = PRESENTATION_STYLE_ASSIGNMENT((#9828,#9833));
#9828 = SURFACE_STYLE_USAGE(.BOTH.,#9829);
#9829 = SURFACE_SIDE_STYLE('',(#9830));
#9830 = SURFACE_STYLE_FILL_AREA(#9831);
#9831 = FILL_AREA_STYLE('',(#9832));
#9832 = FILL_AREA_STYLE_COLOUR('',#9391);
#9833 = CURVE_STYLE('',#9834,POSITIVE_LENGTH_MEASURE(0.1),#9391);
#9834 = DRAUGHTING_PRE_DEFINED_CURVE_FONT('continuous');
#9835 = STYLED_ITEM('color',(#9836),#4753);
#9836 = PRESENTATION_STYLE_ASSIGNMENT((#9837,#9842));
#9837 = SURFACE_STYLE_USAGE(.BOTH.,#9838);
#9838 = SURFACE_SIDE_STYLE('',(#9839));
#9839 = SURFACE_STYLE_FILL_AREA(#9840);
#9840 = FILL_AREA_STYLE('',(#9841));
#9841 = FILL_AREA_STYLE_COLOUR('',#9391);
#9842 = CURVE_STYLE('',#9843,POSITIVE_LENGTH_MEASURE(0.1),#9391);
#9843 = DRAUGHTING_PRE_DEFINED_CURVE_FONT('continuous');
#9844 = STYLED_ITEM('color',(#9845),#4770);
#9845 = PRESENTATION_STYLE_ASSIGNMENT((#9846,#9851));
#9846 = SURFACE_STYLE_USAGE(.BOTH.,#9847);
#9847 = SURFACE_SIDE_STYLE('',(#9848));
#9848 = SURFACE_STYLE_FILL_AREA(#9849);
#9849 = FILL_AREA_STYLE('',(#9850));
#9850 = FILL_AREA_STYLE_COLOUR('',#9391);
#9851 = CURVE_STYLE('',#9852,POSITIVE_LENGTH_MEASURE(0.1),#9391);
#9852 = DRAUGHTING_PRE_DEFINED_CURVE_FONT('continuous');
#9853 = STYLED_ITEM('color',(#9854),#4817);
#9854 = PRESENTATION_STYLE_ASSIGNMENT((#9855,#9860));
#9855 = SURFACE_STYLE_USAGE(.BOTH.,#9856);
#9856 = SURFACE_SIDE_STYLE('',(#9857));
#9857 = SURFACE_STYLE_FILL_AREA(#9858);
#9858 = FILL_AREA_STYLE('',(#9859));
#9859 = FILL_AREA_STYLE_COLOUR('',#9391);
#9860 = CURVE_STYLE('',#9861,POSITIVE_LENGTH_MEASURE(0.1),#9391);
#9861 = DRAUGHTING_PRE_DEFINED_CURVE_FONT('continuous');
#9862 = STYLED_ITEM('color',(#9863),#4834);
#9863 = PRESENTATION_STYLE_ASSIGNMENT((#9864,#9869));
#9864 = SURFACE_STYLE_USAGE(.BOTH.,#9865);
#9865 = SURFACE_SIDE_STYLE('',(#9866));
#9866 = SURFACE_STYLE_FILL_AREA(#9867);
#9867 = FILL_AREA_STYLE('',(#9868));
#9868 = FILL_AREA_STYLE_COLOUR('',#9391);
#9869 = CURVE_STYLE('',#9870,POSITIVE_LENGTH_MEASURE(0.1),#9391);
#9870 = DRAUGHTING_PRE_DEFINED_CURVE_FONT('continuous');
#9871 = STYLED_ITEM('color',(#9872),#4881);
#9872 = PRESENTATION_STYLE_ASSIGNMENT((#9873,#9878));
#9873 = SURFACE_STYLE_USAGE(.BOTH.,#9874);
#9874 = SURFACE_SIDE_STYLE('',(#9875));
#9875 = SURFACE_STYLE_FILL_AREA(#9876);
#9876 = FILL_AREA_STYLE('',(#9877));
#9877 = FILL_AREA_STYLE_COLOUR('',#9391);
#9878 = CURVE_STYLE('',#9879,POSITIVE_LENGTH_MEASURE(0.1),#9391);
#9879 = DRAUGHTING_PRE_DEFINED_CURVE_FONT('continuous');
#9880 = STYLED_ITEM('color',(#9881),#4898);
#9881 = PRESENTATION_STYLE_ASSIGNMENT((#9882,#9887));
#9882 = SURFACE_STYLE_USAGE(.BOTH.,#9883);
#9883 = SURFACE_SIDE_STYLE('',(#9884));
#9884 = SURFACE_STYLE_FILL_AREA(#9885);
#9885 = FILL_AREA_STYLE('',(#9886));
#9886 = FILL_AREA_STYLE_COLOUR('',#9391);
#9887 = CURVE_STYLE('',#9888,POSITIVE_LENGTH_MEASURE(0.1),#9391);
#9888 = DRAUGHTING_PRE_DEFINED_CURVE_FONT('continuous');
#9889 = STYLED_ITEM('color',(#9890),#4945);
#9890 = PRESENTATION_STYLE_ASSIGNMENT((#9891,#9896));
#9891 = SURFACE_STYLE_USAGE(.BOTH.,#9892);
#9892 = SURFACE_SIDE_STYLE('',(#9893));
#9893 = SURFACE_STYLE_FILL_AREA(#9894);
#9894 = FILL_AREA_STYLE('',(#9895));
#9895 = FILL_AREA_STYLE_COLOUR('',#9391);
#9896 = CURVE_STYLE('',#9897,POSITIVE_LENGTH_MEASURE(0.1),#9391);
#9897 = DRAUGHTING_PRE_DEFINED_CURVE_FONT('continuous');
#9898 = STYLED_ITEM('color',(#9899),#4962);
#9899 = PRESENTATION_STYLE_ASSIGNMENT((#9900,#9905));
#9900 = SURFACE_STYLE_USAGE(.BOTH.,#9901);
#9901 = SURFACE_SIDE_STYLE('',(#9902));
#9902 = SURFACE_STYLE_FILL_AREA(#9903);
#9903 = FILL_AREA_STYLE('',(#9904));
#9904 = FILL_AREA_STYLE_COLOUR('',#9391);
#9905 = CURVE_STYLE('',#9906,POSITIVE_LENGTH_MEASURE(0.1),#9391);
#9906 = DRAUGHTING_PRE_DEFINED_CURVE_FONT('continuous');
#9907 = STYLED_ITEM('color',(#9908),#5009);
#9908 = PRESENTATION_STYLE_ASSIGNMENT((#9909,#9914));
#9909 = SURFACE_STYLE_USAGE(.BOTH.,#9910);
#9910 = SURFACE_SIDE_STYLE('',(#9911));
#9911 = SURFACE_STYLE_FILL_AREA(#9912);
#9912 = FILL_AREA_STYLE('',(#9913));
#9913 = FILL_AREA_STYLE_COLOUR('',#9391);
#9914 = CURVE_STYLE('',#9915,POSITIVE_LENGTH_MEASURE(0.1),#9391);
#9915 = DRAUGHTING_PRE_DEFINED_CURVE_FONT('continuous');
#9916 = STYLED_ITEM('color',(#9917),#5026);
#9917 = PRESENTATION_STYLE_ASSIGNMENT((#9918,#9923));
#9918 = SURFACE_STYLE_USAGE(.BOTH.,#9919);
#9919 = SURFACE_SIDE_STYLE('',(#9920));
#9920 = SURFACE_STYLE_FILL_AREA(#9921);
#9921 = FILL_AREA_STYLE('',(#9922));
#9922 = FILL_AREA_STYLE_COLOUR('',#9391);
#9923 = CURVE_STYLE('',#9924,POSITIVE_LENGTH_MEASURE(0.1),#9391);
#9924 = DRAUGHTING_PRE_DEFINED_CURVE_FONT('continuous');
#9925 = STYLED_ITEM('color',(#9926),#5073);
#9926 = PRESENTATION_STYLE_ASSIGNMENT((#9927,#9932));
#9927 = SURFACE_STYLE_USAGE(.BOTH.,#9928);
#9928 = SURFACE_SIDE_STYLE('',(#9929));
#9929 = SURFACE_STYLE_FILL_AREA(#9930);
#9930 = FILL_AREA_STYLE('',(#9931));
#9931 = FILL_AREA_STYLE_COLOUR('',#9391);
#9932 = CURVE_STYLE('',#9933,POSITIVE_LENGTH_MEASURE(0.1),#9391);
#9933 = DRAUGHTING_PRE_DEFINED_CURVE_FONT('continuous');
#9934 = STYLED_ITEM('color',(#9935),#5090);
#9935 = PRESENTATION_STYLE_ASSIGNMENT((#9936,#9941));
#9936 = SURFACE_STYLE_USAGE(.BOTH.,#9937);
#9937 = SURFACE_SIDE_STYLE('',(#9938));
#9938 = SURFACE_STYLE_FILL_AREA(#9939);
#9939 = FILL_AREA_STYLE('',(#9940));
#9940 = FILL_AREA_STYLE_COLOUR('',#9391);
#9941 = CURVE_STYLE('',#9942,POSITIVE_LENGTH_MEASURE(0.1),#9391);
#9942 = DRAUGHTING_PRE_DEFINED_CURVE_FONT('continuous');
#9943 = STYLED_ITEM('color',(#9944),#5137);
#9944 = PRESENTATION_STYLE_ASSIGNMENT((#9945,#9950));
#9945 = SURFACE_STYLE_USAGE(.BOTH.,#9946);
#9946 = SURFACE_SIDE_STYLE('',(#9947));
#9947 = SURFACE_STYLE_FILL_AREA(#9948);
#9948 = FILL_AREA_STYLE('',(#9949));
#9949 = FILL_AREA_STYLE_COLOUR('',#9318);
#9950 = CURVE_STYLE('',#9951,POSITIVE_LENGTH_MEASURE(0.1),#9318);
#9951 = DRAUGHTING_PRE_DEFINED_CURVE_FONT('continuous');
#9952 = STYLED_ITEM('color',(#9953),#5168);
#9953 = PRESENTATION_STYLE_ASSIGNMENT((#9954,#9959));
#9954 = SURFACE_STYLE_USAGE(.BOTH.,#9955);
#9955 = SURFACE_SIDE_STYLE('',(#9956));
#9956 = SURFACE_STYLE_FILL_AREA(#9957);
#9957 = FILL_AREA_STYLE('',(#9958));
#9958 = FILL_AREA_STYLE_COLOUR('',#9318);
#9959 = CURVE_STYLE('',#9960,POSITIVE_LENGTH_MEASURE(0.1),#9318);
#9960 = DRAUGHTING_PRE_DEFINED_CURVE_FONT('continuous');
#9961 = OVER_RIDING_STYLED_ITEM('overriding color',(#9962),#5182,#9952);
#9962 = PRESENTATION_STYLE_ASSIGNMENT((#9963,#9968));
#9963 = SURFACE_STYLE_USAGE(.BOTH.,#9964);
#9964 = SURFACE_SIDE_STYLE('',(#9965));
#9965 = SURFACE_STYLE_FILL_AREA(#9966);
#9966 = FILL_AREA_STYLE('',(#9967));
#9967 = FILL_AREA_STYLE_COLOUR('',#9391);
#9968 = CURVE_STYLE('',#9969,POSITIVE_LENGTH_MEASURE(0.1),#9391);
#9969 = DRAUGHTING_PRE_DEFINED_CURVE_FONT('continuous');
#9970 = OVER_RIDING_STYLED_ITEM('overriding color',(#9971),#5198,#9952);
#9971 = PRESENTATION_STYLE_ASSIGNMENT((#9972,#9977));
#9972 = SURFACE_STYLE_USAGE(.BOTH.,#9973);
#9973 = SURFACE_SIDE_STYLE('',(#9974));
#9974 = SURFACE_STYLE_FILL_AREA(#9975);
#9975 = FILL_AREA_STYLE('',(#9976));
#9976 = FILL_AREA_STYLE_COLOUR('',#9391);
#9977 = CURVE_STYLE('',#9978,POSITIVE_LENGTH_MEASURE(0.1),#9391);
#9978 = DRAUGHTING_PRE_DEFINED_CURVE_FONT('continuous');
#9979 = STYLED_ITEM('color',(#9980),#5224);
#9980 = PRESENTATION_STYLE_ASSIGNMENT((#9981,#9986));
#9981 = SURFACE_STYLE_USAGE(.BOTH.,#9982);
#9982 = SURFACE_SIDE_STYLE('',(#9983));
#9983 = SURFACE_STYLE_FILL_AREA(#9984);
#9984 = FILL_AREA_STYLE('',(#9985));
#9985 = FILL_AREA_STYLE_COLOUR('',#9318);
#9986 = CURVE_STYLE('',#9987,POSITIVE_LENGTH_MEASURE(0.1),#9318);
#9987 = DRAUGHTING_PRE_DEFINED_CURVE_FONT('continuous');
#9988 = STYLED_ITEM('color',(#9989),#5248);
#9989 = PRESENTATION_STYLE_ASSIGNMENT((#9990,#9995));
#9990 = SURFACE_STYLE_USAGE(.BOTH.,#9991);
#9991 = SURFACE_SIDE_STYLE('',(#9992));
#9992 = SURFACE_STYLE_FILL_AREA(#9993);
#9993 = FILL_AREA_STYLE('',(#9994));
#9994 = FILL_AREA_STYLE_COLOUR('',#9318);
#9995 = CURVE_STYLE('',#9996,POSITIVE_LENGTH_MEASURE(0.1),#9318);
#9996 = DRAUGHTING_PRE_DEFINED_CURVE_FONT('continuous');
#9997 = OVER_RIDING_STYLED_ITEM('overriding color',(#9998),#5262,#9988);
#9998 = PRESENTATION_STYLE_ASSIGNMENT((#9999,#10004));
#9999 = SURFACE_STYLE_USAGE(.BOTH.,#10000);
#10000 = SURFACE_SIDE_STYLE('',(#10001));
#10001 = SURFACE_STYLE_FILL_AREA(#10002);
#10002 = FILL_AREA_STYLE('',(#10003));
#10003 = FILL_AREA_STYLE_COLOUR('',#9391);
#10004 = CURVE_STYLE('',#10005,POSITIVE_LENGTH_MEASURE(0.1),#9391);
#10005 = DRAUGHTING_PRE_DEFINED_CURVE_FONT('continuous');
#10006 = OVER_RIDING_STYLED_ITEM('overriding color',(#10007),#5278,#9988
  );
#10007 = PRESENTATION_STYLE_ASSIGNMENT((#10008,#10013));
#10008 = SURFACE_STYLE_USAGE(.BOTH.,#10009);
#10009 = SURFACE_SIDE_STYLE('',(#10010));
#10010 = SURFACE_STYLE_FILL_AREA(#10011);
#10011 = FILL_AREA_STYLE('',(#10012));
#10012 = FILL_AREA_STYLE_COLOUR('',#9391);
#10013 = CURVE_STYLE('',#10014,POSITIVE_LENGTH_MEASURE(0.1),#9391);
#10014 = DRAUGHTING_PRE_DEFINED_CURVE_FONT('continuous');
#10015 = STYLED_ITEM('color',(#10016),#5297);
#10016 = PRESENTATION_STYLE_ASSIGNMENT((#10017,#10022));
#10017 = SURFACE_STYLE_USAGE(.BOTH.,#10018);
#10018 = SURFACE_SIDE_STYLE('',(#10019));
#10019 = SURFACE_STYLE_FILL_AREA(#10020);
#10020 = FILL_AREA_STYLE('',(#10021));
#10021 = FILL_AREA_STYLE_COLOUR('',#9318);
#10022 = CURVE_STYLE('',#10023,POSITIVE_LENGTH_MEASURE(0.1),#9318);
#10023 = DRAUGHTING_PRE_DEFINED_CURVE_FONT('continuous');
#10024 = STYLED_ITEM('color',(#10025),#5328);
#10025 = PRESENTATION_STYLE_ASSIGNMENT((#10026,#10031));
#10026 = SURFACE_STYLE_USAGE(.BOTH.,#10027);
#10027 = SURFACE_SIDE_STYLE('',(#10028));
#10028 = SURFACE_STYLE_FILL_AREA(#10029);
#10029 = FILL_AREA_STYLE('',(#10030));
#10030 = FILL_AREA_STYLE_COLOUR('',#9318);
#10031 = CURVE_STYLE('',#10032,POSITIVE_LENGTH_MEASURE(0.1),#9318);
#10032 = DRAUGHTING_PRE_DEFINED_CURVE_FONT('continuous');
#10033 = OVER_RIDING_STYLED_ITEM('overriding color',(#10034),#5342,
  #10024);
#10034 = PRESENTATION_STYLE_ASSIGNMENT((#10035,#10040));
#10035 = SURFACE_STYLE_USAGE(.BOTH.,#10036);
#10036 = SURFACE_SIDE_STYLE('',(#10037));
#10037 = SURFACE_STYLE_FILL_AREA(#10038);
#10038 = FILL_AREA_STYLE('',(#10039));
#10039 = FILL_AREA_STYLE_COLOUR('',#9391);
#10040 = CURVE_STYLE('',#10041,POSITIVE_LENGTH_MEASURE(0.1),#9391);
#10041 = DRAUGHTING_PRE_DEFINED_CURVE_FONT('continuous');
#10042 = OVER_RIDING_STYLED_ITEM('overriding color',(#10043),#5358,
  #10024);
#10043 = PRESENTATION_STYLE_ASSIGNMENT((#10044,#10049));
#10044 = SURFACE_STYLE_USAGE(.BOTH.,#10045);
#10045 = SURFACE_SIDE_STYLE('',(#10046));
#10046 = SURFACE_STYLE_FILL_AREA(#10047);
#10047 = FILL_AREA_STYLE('',(#10048));
#10048 = FILL_AREA_STYLE_COLOUR('',#9391);
#10049 = CURVE_STYLE('',#10050,POSITIVE_LENGTH_MEASURE(0.1),#9391);
#10050 = DRAUGHTING_PRE_DEFINED_CURVE_FONT('continuous');
#10051 = STYLED_ITEM('color',(#10052),#5384);
#10052 = PRESENTATION_STYLE_ASSIGNMENT((#10053,#10058));
#10053 = SURFACE_STYLE_USAGE(.BOTH.,#10054);
#10054 = SURFACE_SIDE_STYLE('',(#10055));
#10055 = SURFACE_STYLE_FILL_AREA(#10056);
#10056 = FILL_AREA_STYLE('',(#10057));
#10057 = FILL_AREA_STYLE_COLOUR('',#9318);
#10058 = CURVE_STYLE('',#10059,POSITIVE_LENGTH_MEASURE(0.1),#9318);
#10059 = DRAUGHTING_PRE_DEFINED_CURVE_FONT('continuous');
#10060 = STYLED_ITEM('color',(#10061),#5408);
#10061 = PRESENTATION_STYLE_ASSIGNMENT((#10062,#10067));
#10062 = SURFACE_STYLE_USAGE(.BOTH.,#10063);
#10063 = SURFACE_SIDE_STYLE('',(#10064));
#10064 = SURFACE_STYLE_FILL_AREA(#10065);
#10065 = FILL_AREA_STYLE('',(#10066));
#10066 = FILL_AREA_STYLE_COLOUR('',#9318);
#10067 = CURVE_STYLE('',#10068,POSITIVE_LENGTH_MEASURE(0.1),#9318);
#10068 = DRAUGHTING_PRE_DEFINED_CURVE_FONT('continuous');
#10069 = OVER_RIDING_STYLED_ITEM('overriding color',(#10070),#5422,
  #10060);
#10070 = PRESENTATION_STYLE_ASSIGNMENT((#10071,#10076));
#10071 = SURFACE_STYLE_USAGE(.BOTH.,#10072);
#10072 = SURFACE_SIDE_STYLE('',(#10073));
#10073 = SURFACE_STYLE_FILL_AREA(#10074);
#10074 = FILL_AREA_STYLE('',(#10075));
#10075 = FILL_AREA_STYLE_COLOUR('',#9391);
#10076 = CURVE_STYLE('',#10077,POSITIVE_LENGTH_MEASURE(0.1),#9391);
#10077 = DRAUGHTING_PRE_DEFINED_CURVE_FONT('continuous');
#10078 = OVER_RIDING_STYLED_ITEM('overriding color',(#10079),#5438,
  #10060);
#10079 = PRESENTATION_STYLE_ASSIGNMENT((#10080,#10085));
#10080 = SURFACE_STYLE_USAGE(.BOTH.,#10081);
#10081 = SURFACE_SIDE_STYLE('',(#10082));
#10082 = SURFACE_STYLE_FILL_AREA(#10083);
#10083 = FILL_AREA_STYLE('',(#10084));
#10084 = FILL_AREA_STYLE_COLOUR('',#9391);
#10085 = CURVE_STYLE('',#10086,POSITIVE_LENGTH_MEASURE(0.1),#9391);
#10086 = DRAUGHTING_PRE_DEFINED_CURVE_FONT('continuous');
#10087 = STYLED_ITEM('color',(#10088),#5457);
#10088 = PRESENTATION_STYLE_ASSIGNMENT((#10089,#10094));
#10089 = SURFACE_STYLE_USAGE(.BOTH.,#10090);
#10090 = SURFACE_SIDE_STYLE('',(#10091));
#10091 = SURFACE_STYLE_FILL_AREA(#10092);
#10092 = FILL_AREA_STYLE('',(#10093));
#10093 = FILL_AREA_STYLE_COLOUR('',#9318);
#10094 = CURVE_STYLE('',#10095,POSITIVE_LENGTH_MEASURE(0.1),#9318);
#10095 = DRAUGHTING_PRE_DEFINED_CURVE_FONT('continuous');
#10096 = STYLED_ITEM('color',(#10097),#5488);
#10097 = PRESENTATION_STYLE_ASSIGNMENT((#10098,#10103));
#10098 = SURFACE_STYLE_USAGE(.BOTH.,#10099);
#10099 = SURFACE_SIDE_STYLE('',(#10100));
#10100 = SURFACE_STYLE_FILL_AREA(#10101);
#10101 = FILL_AREA_STYLE('',(#10102));
#10102 = FILL_AREA_STYLE_COLOUR('',#9318);
#10103 = CURVE_STYLE('',#10104,POSITIVE_LENGTH_MEASURE(0.1),#9318);
#10104 = DRAUGHTING_PRE_DEFINED_CURVE_FONT('continuous');
#10105 = OVER_RIDING_STYLED_ITEM('overriding color',(#10106),#5502,
  #10096);
#10106 = PRESENTATION_STYLE_ASSIGNMENT((#10107,#10112));
#10107 = SURFACE_STYLE_USAGE(.BOTH.,#10108);
#10108 = SURFACE_SIDE_STYLE('',(#10109));
#10109 = SURFACE_STYLE_FILL_AREA(#10110);
#10110 = FILL_AREA_STYLE('',(#10111));
#10111 = FILL_AREA_STYLE_COLOUR('',#9391);
#10112 = CURVE_STYLE('',#10113,POSITIVE_LENGTH_MEASURE(0.1),#9391);
#10113 = DRAUGHTING_PRE_DEFINED_CURVE_FONT('continuous');
#10114 = OVER_RIDING_STYLED_ITEM('overriding color',(#10115),#5518,
  #10096);
#10115 = PRESENTATION_STYLE_ASSIGNMENT((#10116,#10121));
#10116 = SURFACE_STYLE_USAGE(.BOTH.,#10117);
#10117 = SURFACE_SIDE_STYLE('',(#10118));
#10118 = SURFACE_STYLE_FILL_AREA(#10119);
#10119 = FILL_AREA_STYLE('',(#10120));
#10120 = FILL_AREA_STYLE_COLOUR('',#9391);
#10121 = CURVE_STYLE('',#10122,POSITIVE_LENGTH_MEASURE(0.1),#9391);
#10122 = DRAUGHTING_PRE_DEFINED_CURVE_FONT('continuous');
#10123 = STYLED_ITEM('color',(#10124),#5544);
#10124 = PRESENTATION_STYLE_ASSIGNMENT((#10125,#10130));
#10125 = SURFACE_STYLE_USAGE(.BOTH.,#10126);
#10126 = SURFACE_SIDE_STYLE('',(#10127));
#10127 = SURFACE_STYLE_FILL_AREA(#10128);
#10128 = FILL_AREA_STYLE('',(#10129));
#10129 = FILL_AREA_STYLE_COLOUR('',#9318);
#10130 = CURVE_STYLE('',#10131,POSITIVE_LENGTH_MEASURE(0.1),#9318);
#10131 = DRAUGHTING_PRE_DEFINED_CURVE_FONT('continuous');
#10132 = STYLED_ITEM('color',(#10133),#5568);
#10133 = PRESENTATION_STYLE_ASSIGNMENT((#10134,#10139));
#10134 = SURFACE_STYLE_USAGE(.BOTH.,#10135);
#10135 = SURFACE_SIDE_STYLE('',(#10136));
#10136 = SURFACE_STYLE_FILL_AREA(#10137);
#10137 = FILL_AREA_STYLE('',(#10138));
#10138 = FILL_AREA_STYLE_COLOUR('',#9318);
#10139 = CURVE_STYLE('',#10140,POSITIVE_LENGTH_MEASURE(0.1),#9318);
#10140 = DRAUGHTING_PRE_DEFINED_CURVE_FONT('continuous');
#10141 = OVER_RIDING_STYLED_ITEM('overriding color',(#10142),#5582,
  #10132);
#10142 = PRESENTATION_STYLE_ASSIGNMENT((#10143,#10148));
#10143 = SURFACE_STYLE_USAGE(.BOTH.,#10144);
#10144 = SURFACE_SIDE_STYLE('',(#10145));
#10145 = SURFACE_STYLE_FILL_AREA(#10146);
#10146 = FILL_AREA_STYLE('',(#10147));
#10147 = FILL_AREA_STYLE_COLOUR('',#9391);
#10148 = CURVE_STYLE('',#10149,POSITIVE_LENGTH_MEASURE(0.1),#9391);
#10149 = DRAUGHTING_PRE_DEFINED_CURVE_FONT('continuous');
#10150 = OVER_RIDING_STYLED_ITEM('overriding color',(#10151),#5598,
  #10132);
#10151 = PRESENTATION_STYLE_ASSIGNMENT((#10152,#10157));
#10152 = SURFACE_STYLE_USAGE(.BOTH.,#10153);
#10153 = SURFACE_SIDE_STYLE('',(#10154));
#10154 = SURFACE_STYLE_FILL_AREA(#10155);
#10155 = FILL_AREA_STYLE('',(#10156));
#10156 = FILL_AREA_STYLE_COLOUR('',#9391);
#10157 = CURVE_STYLE('',#10158,POSITIVE_LENGTH_MEASURE(0.1),#9391);
#10158 = DRAUGHTING_PRE_DEFINED_CURVE_FONT('continuous');
#10159 = STYLED_ITEM('color',(#10160),#5617);
#10160 = PRESENTATION_STYLE_ASSIGNMENT((#10161,#10166));
#10161 = SURFACE_STYLE_USAGE(.BOTH.,#10162);
#10162 = SURFACE_SIDE_STYLE('',(#10163));
#10163 = SURFACE_STYLE_FILL_AREA(#10164);
#10164 = FILL_AREA_STYLE('',(#10165));
#10165 = FILL_AREA_STYLE_COLOUR('',#9318);
#10166 = CURVE_STYLE('',#10167,POSITIVE_LENGTH_MEASURE(0.1),#9318);
#10167 = DRAUGHTING_PRE_DEFINED_CURVE_FONT('continuous');
#10168 = STYLED_ITEM('color',(#10169),#5648);
#10169 = PRESENTATION_STYLE_ASSIGNMENT((#10170,#10175));
#10170 = SURFACE_STYLE_USAGE(.BOTH.,#10171);
#10171 = SURFACE_SIDE_STYLE('',(#10172));
#10172 = SURFACE_STYLE_FILL_AREA(#10173);
#10173 = FILL_AREA_STYLE('',(#10174));
#10174 = FILL_AREA_STYLE_COLOUR('',#9318);
#10175 = CURVE_STYLE('',#10176,POSITIVE_LENGTH_MEASURE(0.1),#9318);
#10176 = DRAUGHTING_PRE_DEFINED_CURVE_FONT('continuous');
#10177 = OVER_RIDING_STYLED_ITEM('overriding color',(#10178),#5662,
  #10168);
#10178 = PRESENTATION_STYLE_ASSIGNMENT((#10179,#10184));
#10179 = SURFACE_STYLE_USAGE(.BOTH.,#10180);
#10180 = SURFACE_SIDE_STYLE('',(#10181));
#10181 = SURFACE_STYLE_FILL_AREA(#10182);
#10182 = FILL_AREA_STYLE('',(#10183));
#10183 = FILL_AREA_STYLE_COLOUR('',#9391);
#10184 = CURVE_STYLE('',#10185,POSITIVE_LENGTH_MEASURE(0.1),#9391);
#10185 = DRAUGHTING_PRE_DEFINED_CURVE_FONT('continuous');
#10186 = OVER_RIDING_STYLED_ITEM('overriding color',(#10187),#5678,
  #10168);
#10187 = PRESENTATION_STYLE_ASSIGNMENT((#10188,#10193));
#10188 = SURFACE_STYLE_USAGE(.BOTH.,#10189);
#10189 = SURFACE_SIDE_STYLE('',(#10190));
#10190 = SURFACE_STYLE_FILL_AREA(#10191);
#10191 = FILL_AREA_STYLE('',(#10192));
#10192 = FILL_AREA_STYLE_COLOUR('',#9391);
#10193 = CURVE_STYLE('',#10194,POSITIVE_LENGTH_MEASURE(0.1),#9391);
#10194 = DRAUGHTING_PRE_DEFINED_CURVE_FONT('continuous');
#10195 = STYLED_ITEM('color',(#10196),#5704);
#10196 = PRESENTATION_STYLE_ASSIGNMENT((#10197,#10202));
#10197 = SURFACE_STYLE_USAGE(.BOTH.,#10198);
#10198 = SURFACE_SIDE_STYLE('',(#10199));
#10199 = SURFACE_STYLE_FILL_AREA(#10200);
#10200 = FILL_AREA_STYLE('',(#10201));
#10201 = FILL_AREA_STYLE_COLOUR('',#9318);
#10202 = CURVE_STYLE('',#10203,POSITIVE_LENGTH_MEASURE(0.1),#9318);
#10203 = DRAUGHTING_PRE_DEFINED_CURVE_FONT('continuous');
#10204 = STYLED_ITEM('color',(#10205),#5728);
#10205 = PRESENTATION_STYLE_ASSIGNMENT((#10206,#10211));
#10206 = SURFACE_STYLE_USAGE(.BOTH.,#10207);
#10207 = SURFACE_SIDE_STYLE('',(#10208));
#10208 = SURFACE_STYLE_FILL_AREA(#10209);
#10209 = FILL_AREA_STYLE('',(#10210));
#10210 = FILL_AREA_STYLE_COLOUR('',#9318);
#10211 = CURVE_STYLE('',#10212,POSITIVE_LENGTH_MEASURE(0.1),#9318);
#10212 = DRAUGHTING_PRE_DEFINED_CURVE_FONT('continuous');
#10213 = OVER_RIDING_STYLED_ITEM('overriding color',(#10214),#5742,
  #10204);
#10214 = PRESENTATION_STYLE_ASSIGNMENT((#10215,#10220));
#10215 = SURFACE_STYLE_USAGE(.BOTH.,#10216);
#10216 = SURFACE_SIDE_STYLE('',(#10217));
#10217 = SURFACE_STYLE_FILL_AREA(#10218);
#10218 = FILL_AREA_STYLE('',(#10219));
#10219 = FILL_AREA_STYLE_COLOUR('',#9391);
#10220 = CURVE_STYLE('',#10221,POSITIVE_LENGTH_MEASURE(0.1),#9391);
#10221 = DRAUGHTING_PRE_DEFINED_CURVE_FONT('continuous');
#10222 = OVER_RIDING_STYLED_ITEM('overriding color',(#10223),#5758,
  #10204);
#10223 = PRESENTATION_STYLE_ASSIGNMENT((#10224,#10229));
#10224 = SURFACE_STYLE_USAGE(.BOTH.,#10225);
#10225 = SURFACE_SIDE_STYLE('',(#10226));
#10226 = SURFACE_STYLE_FILL_AREA(#10227);
#10227 = FILL_AREA_STYLE('',(#10228));
#10228 = FILL_AREA_STYLE_COLOUR('',#9391);
#10229 = CURVE_STYLE('',#10230,POSITIVE_LENGTH_MEASURE(0.1),#9391);
#10230 = DRAUGHTING_PRE_DEFINED_CURVE_FONT('continuous');
#10231 = STYLED_ITEM('color',(#10232),#5777);
#10232 = PRESENTATION_STYLE_ASSIGNMENT((#10233,#10238));
#10233 = SURFACE_STYLE_USAGE(.BOTH.,#10234);
#10234 = SURFACE_SIDE_STYLE('',(#10235));
#10235 = SURFACE_STYLE_FILL_AREA(#10236);
#10236 = FILL_AREA_STYLE('',(#10237));
#10237 = FILL_AREA_STYLE_COLOUR('',#9318);
#10238 = CURVE_STYLE('',#10239,POSITIVE_LENGTH_MEASURE(0.1),#9318);
#10239 = DRAUGHTING_PRE_DEFINED_CURVE_FONT('continuous');
#10240 = STYLED_ITEM('color',(#10241),#5808);
#10241 = PRESENTATION_STYLE_ASSIGNMENT((#10242,#10247));
#10242 = SURFACE_STYLE_USAGE(.BOTH.,#10243);
#10243 = SURFACE_SIDE_STYLE('',(#10244));
#10244 = SURFACE_STYLE_FILL_AREA(#10245);
#10245 = FILL_AREA_STYLE('',(#10246));
#10246 = FILL_AREA_STYLE_COLOUR('',#9318);
#10247 = CURVE_STYLE('',#10248,POSITIVE_LENGTH_MEASURE(0.1),#9318);
#10248 = DRAUGHTING_PRE_DEFINED_CURVE_FONT('continuous');
#10249 = OVER_RIDING_STYLED_ITEM('overriding color',(#10250),#5822,
  #10240);
#10250 = PRESENTATION_STYLE_ASSIGNMENT((#10251,#10256));
#10251 = SURFACE_STYLE_USAGE(.BOTH.,#10252);
#10252 = SURFACE_SIDE_STYLE('',(#10253));
#10253 = SURFACE_STYLE_FILL_AREA(#10254);
#10254 = FILL_AREA_STYLE('',(#10255));
#10255 = FILL_AREA_STYLE_COLOUR('',#9391);
#10256 = CURVE_STYLE('',#10257,POSITIVE_LENGTH_MEASURE(0.1),#9391);
#10257 = DRAUGHTING_PRE_DEFINED_CURVE_FONT('continuous');
#10258 = OVER_RIDING_STYLED_ITEM('overriding color',(#10259),#5838,
  #10240);
#10259 = PRESENTATION_STYLE_ASSIGNMENT((#10260,#10265));
#10260 = SURFACE_STYLE_USAGE(.BOTH.,#10261);
#10261 = SURFACE_SIDE_STYLE('',(#10262));
#10262 = SURFACE_STYLE_FILL_AREA(#10263);
#10263 = FILL_AREA_STYLE('',(#10264));
#10264 = FILL_AREA_STYLE_COLOUR('',#9391);
#10265 = CURVE_STYLE('',#10266,POSITIVE_LENGTH_MEASURE(0.1),#9391);
#10266 = DRAUGHTING_PRE_DEFINED_CURVE_FONT('continuous');
#10267 = STYLED_ITEM('color',(#10268),#5864);
#10268 = PRESENTATION_STYLE_ASSIGNMENT((#10269,#10274));
#10269 = SURFACE_STYLE_USAGE(.BOTH.,#10270);
#10270 = SURFACE_SIDE_STYLE('',(#10271));
#10271 = SURFACE_STYLE_FILL_AREA(#10272);
#10272 = FILL_AREA_STYLE('',(#10273));
#10273 = FILL_AREA_STYLE_COLOUR('',#9318);
#10274 = CURVE_STYLE('',#10275,POSITIVE_LENGTH_MEASURE(0.1),#9318);
#10275 = DRAUGHTING_PRE_DEFINED_CURVE_FONT('continuous');
#10276 = STYLED_ITEM('color',(#10277),#5888);
#10277 = PRESENTATION_STYLE_ASSIGNMENT((#10278,#10283));
#10278 = SURFACE_STYLE_USAGE(.BOTH.,#10279);
#10279 = SURFACE_SIDE_STYLE('',(#10280));
#10280 = SURFACE_STYLE_FILL_AREA(#10281);
#10281 = FILL_AREA_STYLE('',(#10282));
#10282 = FILL_AREA_STYLE_COLOUR('',#9318);
#10283 = CURVE_STYLE('',#10284,POSITIVE_LENGTH_MEASURE(0.1),#9318);
#10284 = DRAUGHTING_PRE_DEFINED_CURVE_FONT('continuous');
#10285 = OVER_RIDING_STYLED_ITEM('overriding color',(#10286),#5902,
  #10276);
#10286 = PRESENTATION_STYLE_ASSIGNMENT((#10287,#10292));
#10287 = SURFACE_STYLE_USAGE(.BOTH.,#10288);
#10288 = SURFACE_SIDE_STYLE('',(#10289));
#10289 = SURFACE_STYLE_FILL_AREA(#10290);
#10290 = FILL_AREA_STYLE('',(#10291));
#10291 = FILL_AREA_STYLE_COLOUR('',#9391);
#10292 = CURVE_STYLE('',#10293,POSITIVE_LENGTH_MEASURE(0.1),#9391);
#10293 = DRAUGHTING_PRE_DEFINED_CURVE_FONT('continuous');
#10294 = OVER_RIDING_STYLED_ITEM('overriding color',(#10295),#5918,
  #10276);
#10295 = PRESENTATION_STYLE_ASSIGNMENT((#10296,#10301));
#10296 = SURFACE_STYLE_USAGE(.BOTH.,#10297);
#10297 = SURFACE_SIDE_STYLE('',(#10298));
#10298 = SURFACE_STYLE_FILL_AREA(#10299);
#10299 = FILL_AREA_STYLE('',(#10300));
#10300 = FILL_AREA_STYLE_COLOUR('',#9391);
#10301 = CURVE_STYLE('',#10302,POSITIVE_LENGTH_MEASURE(0.1),#9391);
#10302 = DRAUGHTING_PRE_DEFINED_CURVE_FONT('continuous');
#10303 = STYLED_ITEM('color',(#10304),#5937);
#10304 = PRESENTATION_STYLE_ASSIGNMENT((#10305,#10310));
#10305 = SURFACE_STYLE_USAGE(.BOTH.,#10306);
#10306 = SURFACE_SIDE_STYLE('',(#10307));
#10307 = SURFACE_STYLE_FILL_AREA(#10308);
#10308 = FILL_AREA_STYLE('',(#10309));
#10309 = FILL_AREA_STYLE_COLOUR('',#9318);
#10310 = CURVE_STYLE('',#10311,POSITIVE_LENGTH_MEASURE(0.1),#9318);
#10311 = DRAUGHTING_PRE_DEFINED_CURVE_FONT('continuous');
#10312 = STYLED_ITEM('color',(#10313),#5968);
#10313 = PRESENTATION_STYLE_ASSIGNMENT((#10314,#10319));
#10314 = SURFACE_STYLE_USAGE(.BOTH.,#10315);
#10315 = SURFACE_SIDE_STYLE('',(#10316));
#10316 = SURFACE_STYLE_FILL_AREA(#10317);
#10317 = FILL_AREA_STYLE('',(#10318));
#10318 = FILL_AREA_STYLE_COLOUR('',#9318);
#10319 = CURVE_STYLE('',#10320,POSITIVE_LENGTH_MEASURE(0.1),#9318);
#10320 = DRAUGHTING_PRE_DEFINED_CURVE_FONT('continuous');
#10321 = OVER_RIDING_STYLED_ITEM('overriding color',(#10322),#5982,
  #10312);
#10322 = PRESENTATION_STYLE_ASSIGNMENT((#10323,#10328));
#10323 = SURFACE_STYLE_USAGE(.BOTH.,#10324);
#10324 = SURFACE_SIDE_STYLE('',(#10325));
#10325 = SURFACE_STYLE_FILL_AREA(#10326);
#10326 = FILL_AREA_STYLE('',(#10327));
#10327 = FILL_AREA_STYLE_COLOUR('',#9391);
#10328 = CURVE_STYLE('',#10329,POSITIVE_LENGTH_MEASURE(0.1),#9391);
#10329 = DRAUGHTING_PRE_DEFINED_CURVE_FONT('continuous');
#10330 = OVER_RIDING_STYLED_ITEM('overriding color',(#10331),#5998,
  #10312);
#10331 = PRESENTATION_STYLE_ASSIGNMENT((#10332,#10337));
#10332 = SURFACE_STYLE_USAGE(.BOTH.,#10333);
#10333 = SURFACE_SIDE_STYLE('',(#10334));
#10334 = SURFACE_STYLE_FILL_AREA(#10335);
#10335 = FILL_AREA_STYLE('',(#10336));
#10336 = FILL_AREA_STYLE_COLOUR('',#9391);
#10337 = CURVE_STYLE('',#10338,POSITIVE_LENGTH_MEASURE(0.1),#9391);
#10338 = DRAUGHTING_PRE_DEFINED_CURVE_FONT('continuous');
#10339 = STYLED_ITEM('color',(#10340),#6024);
#10340 = PRESENTATION_STYLE_ASSIGNMENT((#10341,#10346));
#10341 = SURFACE_STYLE_USAGE(.BOTH.,#10342);
#10342 = SURFACE_SIDE_STYLE('',(#10343));
#10343 = SURFACE_STYLE_FILL_AREA(#10344);
#10344 = FILL_AREA_STYLE('',(#10345));
#10345 = FILL_AREA_STYLE_COLOUR('',#9318);
#10346 = CURVE_STYLE('',#10347,POSITIVE_LENGTH_MEASURE(0.1),#9318);
#10347 = DRAUGHTING_PRE_DEFINED_CURVE_FONT('continuous');
#10348 = STYLED_ITEM('color',(#10349),#6048);
#10349 = PRESENTATION_STYLE_ASSIGNMENT((#10350,#10355));
#10350 = SURFACE_STYLE_USAGE(.BOTH.,#10351);
#10351 = SURFACE_SIDE_STYLE('',(#10352));
#10352 = SURFACE_STYLE_FILL_AREA(#10353);
#10353 = FILL_AREA_STYLE('',(#10354));
#10354 = FILL_AREA_STYLE_COLOUR('',#9318);
#10355 = CURVE_STYLE('',#10356,POSITIVE_LENGTH_MEASURE(0.1),#9318);
#10356 = DRAUGHTING_PRE_DEFINED_CURVE_FONT('continuous');
#10357 = OVER_RIDING_STYLED_ITEM('overriding color',(#10358),#6062,
  #10348);
#10358 = PRESENTATION_STYLE_ASSIGNMENT((#10359,#10364));
#10359 = SURFACE_STYLE_USAGE(.BOTH.,#10360);
#10360 = SURFACE_SIDE_STYLE('',(#10361));
#10361 = SURFACE_STYLE_FILL_AREA(#10362);
#10362 = FILL_AREA_STYLE('',(#10363));
#10363 = FILL_AREA_STYLE_COLOUR('',#9391);
#10364 = CURVE_STYLE('',#10365,POSITIVE_LENGTH_MEASURE(0.1),#9391);
#10365 = DRAUGHTING_PRE_DEFINED_CURVE_FONT('continuous');
#10366 = OVER_RIDING_STYLED_ITEM('overriding color',(#10367),#6078,
  #10348);
#10367 = PRESENTATION_STYLE_ASSIGNMENT((#10368,#10373));
#10368 = SURFACE_STYLE_USAGE(.BOTH.,#10369);
#10369 = SURFACE_SIDE_STYLE('',(#10370));
#10370 = SURFACE_STYLE_FILL_AREA(#10371);
#10371 = FILL_AREA_STYLE('',(#10372));
#10372 = FILL_AREA_STYLE_COLOUR('',#9391);
#10373 = CURVE_STYLE('',#10374,POSITIVE_LENGTH_MEASURE(0.1),#9391);
#10374 = DRAUGHTING_PRE_DEFINED_CURVE_FONT('continuous');
#10375 = STYLED_ITEM('color',(#10376),#6097);
#10376 = PRESENTATION_STYLE_ASSIGNMENT((#10377,#10382));
#10377 = SURFACE_STYLE_USAGE(.BOTH.,#10378);
#10378 = SURFACE_SIDE_STYLE('',(#10379));
#10379 = SURFACE_STYLE_FILL_AREA(#10380);
#10380 = FILL_AREA_STYLE('',(#10381));
#10381 = FILL_AREA_STYLE_COLOUR('',#9391);
#10382 = CURVE_STYLE('',#10383,POSITIVE_LENGTH_MEASURE(0.1),#9391);
#10383 = DRAUGHTING_PRE_DEFINED_CURVE_FONT('continuous');
#10384 = STYLED_ITEM('color',(#10385),#6114);
#10385 = PRESENTATION_STYLE_ASSIGNMENT((#10386,#10391));
#10386 = SURFACE_STYLE_USAGE(.BOTH.,#10387);
#10387 = SURFACE_SIDE_STYLE('',(#10388));
#10388 = SURFACE_STYLE_FILL_AREA(#10389);
#10389 = FILL_AREA_STYLE('',(#10390));
#10390 = FILL_AREA_STYLE_COLOUR('',#9391);
#10391 = CURVE_STYLE('',#10392,POSITIVE_LENGTH_MEASURE(0.1),#9391);
#10392 = DRAUGHTING_PRE_DEFINED_CURVE_FONT('continuous');
#10393 = STYLED_ITEM('color',(#10394),#6131);
#10394 = PRESENTATION_STYLE_ASSIGNMENT((#10395,#10400));
#10395 = SURFACE_STYLE_USAGE(.BOTH.,#10396);
#10396 = SURFACE_SIDE_STYLE('',(#10397));
#10397 = SURFACE_STYLE_FILL_AREA(#10398);
#10398 = FILL_AREA_STYLE('',(#10399));
#10399 = FILL_AREA_STYLE_COLOUR('',#9391);
#10400 = CURVE_STYLE('',#10401,POSITIVE_LENGTH_MEASURE(0.1),#9391);
#10401 = DRAUGHTING_PRE_DEFINED_CURVE_FONT('continuous');
#10402 = STYLED_ITEM('color',(#10403),#6148);
#10403 = PRESENTATION_STYLE_ASSIGNMENT((#10404,#10409));
#10404 = SURFACE_STYLE_USAGE(.BOTH.,#10405);
#10405 = SURFACE_SIDE_STYLE('',(#10406));
#10406 = SURFACE_STYLE_FILL_AREA(#10407);
#10407 = FILL_AREA_STYLE('',(#10408));
#10408 = FILL_AREA_STYLE_COLOUR('',#9391);
#10409 = CURVE_STYLE('',#10410,POSITIVE_LENGTH_MEASURE(0.1),#9391);
#10410 = DRAUGHTING_PRE_DEFINED_CURVE_FONT('continuous');
#10411 = STYLED_ITEM('color',(#10412),#6165);
#10412 = PRESENTATION_STYLE_ASSIGNMENT((#10413,#10418));
#10413 = SURFACE_STYLE_USAGE(.BOTH.,#10414);
#10414 = SURFACE_SIDE_STYLE('',(#10415));
#10415 = SURFACE_STYLE_FILL_AREA(#10416);
#10416 = FILL_AREA_STYLE('',(#10417));
#10417 = FILL_AREA_STYLE_COLOUR('',#9391);
#10418 = CURVE_STYLE('',#10419,POSITIVE_LENGTH_MEASURE(0.1),#9391);
#10419 = DRAUGHTING_PRE_DEFINED_CURVE_FONT('continuous');
#10420 = STYLED_ITEM('color',(#10421),#6177);
#10421 = PRESENTATION_STYLE_ASSIGNMENT((#10422,#10427));
#10422 = SURFACE_STYLE_USAGE(.BOTH.,#10423);
#10423 = SURFACE_SIDE_STYLE('',(#10424));
#10424 = SURFACE_STYLE_FILL_AREA(#10425);
#10425 = FILL_AREA_STYLE('',(#10426));
#10426 = FILL_AREA_STYLE_COLOUR('',#9391);
#10427 = CURVE_STYLE('',#10428,POSITIVE_LENGTH_MEASURE(0.1),#9391);
#10428 = DRAUGHTING_PRE_DEFINED_CURVE_FONT('continuous');
#10429 = STYLED_ITEM('color',(#10430),#6194);
#10430 = PRESENTATION_STYLE_ASSIGNMENT((#10431,#10436));
#10431 = SURFACE_STYLE_USAGE(.BOTH.,#10432);
#10432 = SURFACE_SIDE_STYLE('',(#10433));
#10433 = SURFACE_STYLE_FILL_AREA(#10434);
#10434 = FILL_AREA_STYLE('',(#10435));
#10435 = FILL_AREA_STYLE_COLOUR('',#9391);
#10436 = CURVE_STYLE('',#10437,POSITIVE_LENGTH_MEASURE(0.1),#9391);
#10437 = DRAUGHTING_PRE_DEFINED_CURVE_FONT('continuous');
#10438 = STYLED_ITEM('color',(#10439),#6211);
#10439 = PRESENTATION_STYLE_ASSIGNMENT((#10440,#10445));
#10440 = SURFACE_STYLE_USAGE(.BOTH.,#10441);
#10441 = SURFACE_SIDE_STYLE('',(#10442));
#10442 = SURFACE_STYLE_FILL_AREA(#10443);
#10443 = FILL_AREA_STYLE('',(#10444));
#10444 = FILL_AREA_STYLE_COLOUR('',#9391);
#10445 = CURVE_STYLE('',#10446,POSITIVE_LENGTH_MEASURE(0.1),#9391);
#10446 = DRAUGHTING_PRE_DEFINED_CURVE_FONT('continuous');
#10447 = STYLED_ITEM('color',(#10448),#6228);
#10448 = PRESENTATION_STYLE_ASSIGNMENT((#10449,#10454));
#10449 = SURFACE_STYLE_USAGE(.BOTH.,#10450);
#10450 = SURFACE_SIDE_STYLE('',(#10451));
#10451 = SURFACE_STYLE_FILL_AREA(#10452);
#10452 = FILL_AREA_STYLE('',(#10453));
#10453 = FILL_AREA_STYLE_COLOUR('',#9391);
#10454 = CURVE_STYLE('',#10455,POSITIVE_LENGTH_MEASURE(0.1),#9391);
#10455 = DRAUGHTING_PRE_DEFINED_CURVE_FONT('continuous');
#10456 = STYLED_ITEM('color',(#10457),#6245);
#10457 = PRESENTATION_STYLE_ASSIGNMENT((#10458,#10463));
#10458 = SURFACE_STYLE_USAGE(.BOTH.,#10459);
#10459 = SURFACE_SIDE_STYLE('',(#10460));
#10460 = SURFACE_STYLE_FILL_AREA(#10461);
#10461 = FILL_AREA_STYLE('',(#10462));
#10462 = FILL_AREA_STYLE_COLOUR('',#9391);
#10463 = CURVE_STYLE('',#10464,POSITIVE_LENGTH_MEASURE(0.1),#9391);
#10464 = DRAUGHTING_PRE_DEFINED_CURVE_FONT('continuous');
#10465 = STYLED_ITEM('color',(#10466),#6257);
#10466 = PRESENTATION_STYLE_ASSIGNMENT((#10467,#10472));
#10467 = SURFACE_STYLE_USAGE(.BOTH.,#10468);
#10468 = SURFACE_SIDE_STYLE('',(#10469));
#10469 = SURFACE_STYLE_FILL_AREA(#10470);
#10470 = FILL_AREA_STYLE('',(#10471));
#10471 = FILL_AREA_STYLE_COLOUR('',#9391);
#10472 = CURVE_STYLE('',#10473,POSITIVE_LENGTH_MEASURE(0.1),#9391);
#10473 = DRAUGHTING_PRE_DEFINED_CURVE_FONT('continuous');
#10474 = STYLED_ITEM('color',(#10475),#6274);
#10475 = PRESENTATION_STYLE_ASSIGNMENT((#10476,#10481));
#10476 = SURFACE_STYLE_USAGE(.BOTH.,#10477);
#10477 = SURFACE_SIDE_STYLE('',(#10478));
#10478 = SURFACE_STYLE_FILL_AREA(#10479);
#10479 = FILL_AREA_STYLE('',(#10480));
#10480 = FILL_AREA_STYLE_COLOUR('',#9391);
#10481 = CURVE_STYLE('',#10482,POSITIVE_LENGTH_MEASURE(0.1),#9391);
#10482 = DRAUGHTING_PRE_DEFINED_CURVE_FONT('continuous');
#10483 = STYLED_ITEM('color',(#10484),#6291);
#10484 = PRESENTATION_STYLE_ASSIGNMENT((#10485,#10490));
#10485 = SURFACE_STYLE_USAGE(.BOTH.,#10486);
#10486 = SURFACE_SIDE_STYLE('',(#10487));
#10487 = SURFACE_STYLE_FILL_AREA(#10488);
#10488 = FILL_AREA_STYLE('',(#10489));
#10489 = FILL_AREA_STYLE_COLOUR('',#9391);
#10490 = CURVE_STYLE('',#10491,POSITIVE_LENGTH_MEASURE(0.1),#9391);
#10491 = DRAUGHTING_PRE_DEFINED_CURVE_FONT('continuous');
#10492 = STYLED_ITEM('color',(#10493),#6308);
#10493 = PRESENTATION_STYLE_ASSIGNMENT((#10494,#10499));
#10494 = SURFACE_STYLE_USAGE(.BOTH.,#10495);
#10495 = SURFACE_SIDE_STYLE('',(#10496));
#10496 = SURFACE_STYLE_FILL_AREA(#10497);
#10497 = FILL_AREA_STYLE('',(#10498));
#10498 = FILL_AREA_STYLE_COLOUR('',#9391);
#10499 = CURVE_STYLE('',#10500,POSITIVE_LENGTH_MEASURE(0.1),#9391);
#10500 = DRAUGHTING_PRE_DEFINED_CURVE_FONT('continuous');
#10501 = STYLED_ITEM('color',(#10502),#6325);
#10502 = PRESENTATION_STYLE_ASSIGNMENT((#10503,#10508));
#10503 = SURFACE_STYLE_USAGE(.BOTH.,#10504);
#10504 = SURFACE_SIDE_STYLE('',(#10505));
#10505 = SURFACE_STYLE_FILL_AREA(#10506);
#10506 = FILL_AREA_STYLE('',(#10507));
#10507 = FILL_AREA_STYLE_COLOUR('',#9391);
#10508 = CURVE_STYLE('',#10509,POSITIVE_LENGTH_MEASURE(0.1),#9391);
#10509 = DRAUGHTING_PRE_DEFINED_CURVE_FONT('continuous');
#10510 = STYLED_ITEM('color',(#10511),#6337);
#10511 = PRESENTATION_STYLE_ASSIGNMENT((#10512,#10517));
#10512 = SURFACE_STYLE_USAGE(.BOTH.,#10513);
#10513 = SURFACE_SIDE_STYLE('',(#10514));
#10514 = SURFACE_STYLE_FILL_AREA(#10515);
#10515 = FILL_AREA_STYLE('',(#10516));
#10516 = FILL_AREA_STYLE_COLOUR('',#9391);
#10517 = CURVE_STYLE('',#10518,POSITIVE_LENGTH_MEASURE(0.1),#9391);
#10518 = DRAUGHTING_PRE_DEFINED_CURVE_FONT('continuous');
#10519 = STYLED_ITEM('color',(#10520),#6354);
#10520 = PRESENTATION_STYLE_ASSIGNMENT((#10521,#10526));
#10521 = SURFACE_STYLE_USAGE(.BOTH.,#10522);
#10522 = SURFACE_SIDE_STYLE('',(#10523));
#10523 = SURFACE_STYLE_FILL_AREA(#10524);
#10524 = FILL_AREA_STYLE('',(#10525));
#10525 = FILL_AREA_STYLE_COLOUR('',#9391);
#10526 = CURVE_STYLE('',#10527,POSITIVE_LENGTH_MEASURE(0.1),#9391);
#10527 = DRAUGHTING_PRE_DEFINED_CURVE_FONT('continuous');
#10528 = STYLED_ITEM('color',(#10529),#6371);
#10529 = PRESENTATION_STYLE_ASSIGNMENT((#10530,#10535));
#10530 = SURFACE_STYLE_USAGE(.BOTH.,#10531);
#10531 = SURFACE_SIDE_STYLE('',(#10532));
#10532 = SURFACE_STYLE_FILL_AREA(#10533);
#10533 = FILL_AREA_STYLE('',(#10534));
#10534 = FILL_AREA_STYLE_COLOUR('',#9391);
#10535 = CURVE_STYLE('',#10536,POSITIVE_LENGTH_MEASURE(0.1),#9391);
#10536 = DRAUGHTING_PRE_DEFINED_CURVE_FONT('continuous');
#10537 = STYLED_ITEM('color',(#10538),#6388);
#10538 = PRESENTATION_STYLE_ASSIGNMENT((#10539,#10544));
#10539 = SURFACE_STYLE_USAGE(.BOTH.,#10540);
#10540 = SURFACE_SIDE_STYLE('',(#10541));
#10541 = SURFACE_STYLE_FILL_AREA(#10542);
#10542 = FILL_AREA_STYLE('',(#10543));
#10543 = FILL_AREA_STYLE_COLOUR('',#9391);
#10544 = CURVE_STYLE('',#10545,POSITIVE_LENGTH_MEASURE(0.1),#9391);
#10545 = DRAUGHTING_PRE_DEFINED_CURVE_FONT('continuous');
#10546 = STYLED_ITEM('color',(#10547),#6405);
#10547 = PRESENTATION_STYLE_ASSIGNMENT((#10548,#10553));
#10548 = SURFACE_STYLE_USAGE(.BOTH.,#10549);
#10549 = SURFACE_SIDE_STYLE('',(#10550));
#10550 = SURFACE_STYLE_FILL_AREA(#10551);
#10551 = FILL_AREA_STYLE('',(#10552));
#10552 = FILL_AREA_STYLE_COLOUR('',#9391);
#10553 = CURVE_STYLE('',#10554,POSITIVE_LENGTH_MEASURE(0.1),#9391);
#10554 = DRAUGHTING_PRE_DEFINED_CURVE_FONT('continuous');
#10555 = STYLED_ITEM('color',(#10556),#6417);
#10556 = PRESENTATION_STYLE_ASSIGNMENT((#10557,#10562));
#10557 = SURFACE_STYLE_USAGE(.BOTH.,#10558);
#10558 = SURFACE_SIDE_STYLE('',(#10559));
#10559 = SURFACE_STYLE_FILL_AREA(#10560);
#10560 = FILL_AREA_STYLE('',(#10561));
#10561 = FILL_AREA_STYLE_COLOUR('',#9391);
#10562 = CURVE_STYLE('',#10563,POSITIVE_LENGTH_MEASURE(0.1),#9391);
#10563 = DRAUGHTING_PRE_DEFINED_CURVE_FONT('continuous');
#10564 = STYLED_ITEM('color',(#10565),#6434);
#10565 = PRESENTATION_STYLE_ASSIGNMENT((#10566,#10571));
#10566 = SURFACE_STYLE_USAGE(.BOTH.,#10567);
#10567 = SURFACE_SIDE_STYLE('',(#10568));
#10568 = SURFACE_STYLE_FILL_AREA(#10569);
#10569 = FILL_AREA_STYLE('',(#10570));
#10570 = FILL_AREA_STYLE_COLOUR('',#9391);
#10571 = CURVE_STYLE('',#10572,POSITIVE_LENGTH_MEASURE(0.1),#9391);
#10572 = DRAUGHTING_PRE_DEFINED_CURVE_FONT('continuous');
#10573 = STYLED_ITEM('color',(#10574),#6451);
#10574 = PRESENTATION_STYLE_ASSIGNMENT((#10575,#10580));
#10575 = SURFACE_STYLE_USAGE(.BOTH.,#10576);
#10576 = SURFACE_SIDE_STYLE('',(#10577));
#10577 = SURFACE_STYLE_FILL_AREA(#10578);
#10578 = FILL_AREA_STYLE('',(#10579));
#10579 = FILL_AREA_STYLE_COLOUR('',#9391);
#10580 = CURVE_STYLE('',#10581,POSITIVE_LENGTH_MEASURE(0.1),#9391);
#10581 = DRAUGHTING_PRE_DEFINED_CURVE_FONT('continuous');
#10582 = STYLED_ITEM('color',(#10583),#6468);
#10583 = PRESENTATION_STYLE_ASSIGNMENT((#10584,#10589));
#10584 = SURFACE_STYLE_USAGE(.BOTH.,#10585);
#10585 = SURFACE_SIDE_STYLE('',(#10586));
#10586 = SURFACE_STYLE_FILL_AREA(#10587);
#10587 = FILL_AREA_STYLE('',(#10588));
#10588 = FILL_AREA_STYLE_COLOUR('',#9391);
#10589 = CURVE_STYLE('',#10590,POSITIVE_LENGTH_MEASURE(0.1),#9391);
#10590 = DRAUGHTING_PRE_DEFINED_CURVE_FONT('continuous');
#10591 = STYLED_ITEM('color',(#10592),#6485);
#10592 = PRESENTATION_STYLE_ASSIGNMENT((#10593,#10598));
#10593 = SURFACE_STYLE_USAGE(.BOTH.,#10594);
#10594 = SURFACE_SIDE_STYLE('',(#10595));
#10595 = SURFACE_STYLE_FILL_AREA(#10596);
#10596 = FILL_AREA_STYLE('',(#10597));
#10597 = FILL_AREA_STYLE_COLOUR('',#9391);
#10598 = CURVE_STYLE('',#10599,POSITIVE_LENGTH_MEASURE(0.1),#9391);
#10599 = DRAUGHTING_PRE_DEFINED_CURVE_FONT('continuous');
#10600 = STYLED_ITEM('color',(#10601),#6497);
#10601 = PRESENTATION_STYLE_ASSIGNMENT((#10602,#10607));
#10602 = SURFACE_STYLE_USAGE(.BOTH.,#10603);
#10603 = SURFACE_SIDE_STYLE('',(#10604));
#10604 = SURFACE_STYLE_FILL_AREA(#10605);
#10605 = FILL_AREA_STYLE('',(#10606));
#10606 = FILL_AREA_STYLE_COLOUR('',#9391);
#10607 = CURVE_STYLE('',#10608,POSITIVE_LENGTH_MEASURE(0.1),#9391);
#10608 = DRAUGHTING_PRE_DEFINED_CURVE_FONT('continuous');
#10609 = STYLED_ITEM('color',(#10610),#6514);
#10610 = PRESENTATION_STYLE_ASSIGNMENT((#10611,#10616));
#10611 = SURFACE_STYLE_USAGE(.BOTH.,#10612);
#10612 = SURFACE_SIDE_STYLE('',(#10613));
#10613 = SURFACE_STYLE_FILL_AREA(#10614);
#10614 = FILL_AREA_STYLE('',(#10615));
#10615 = FILL_AREA_STYLE_COLOUR('',#9391);
#10616 = CURVE_STYLE('',#10617,POSITIVE_LENGTH_MEASURE(0.1),#9391);
#10617 = DRAUGHTING_PRE_DEFINED_CURVE_FONT('continuous');
#10618 = STYLED_ITEM('color',(#10619),#6531);
#10619 = PRESENTATION_STYLE_ASSIGNMENT((#10620,#10625));
#10620 = SURFACE_STYLE_USAGE(.BOTH.,#10621);
#10621 = SURFACE_SIDE_STYLE('',(#10622));
#10622 = SURFACE_STYLE_FILL_AREA(#10623);
#10623 = FILL_AREA_STYLE('',(#10624));
#10624 = FILL_AREA_STYLE_COLOUR('',#9391);
#10625 = CURVE_STYLE('',#10626,POSITIVE_LENGTH_MEASURE(0.1),#9391);
#10626 = DRAUGHTING_PRE_DEFINED_CURVE_FONT('continuous');
#10627 = STYLED_ITEM('color',(#10628),#6548);
#10628 = PRESENTATION_STYLE_ASSIGNMENT((#10629,#10634));
#10629 = SURFACE_STYLE_USAGE(.BOTH.,#10630);
#10630 = SURFACE_SIDE_STYLE('',(#10631));
#10631 = SURFACE_STYLE_FILL_AREA(#10632);
#10632 = FILL_AREA_STYLE('',(#10633));
#10633 = FILL_AREA_STYLE_COLOUR('',#9391);
#10634 = CURVE_STYLE('',#10635,POSITIVE_LENGTH_MEASURE(0.1),#9391);
#10635 = DRAUGHTING_PRE_DEFINED_CURVE_FONT('continuous');
#10636 = STYLED_ITEM('color',(#10637),#6565);
#10637 = PRESENTATION_STYLE_ASSIGNMENT((#10638,#10643));
#10638 = SURFACE_STYLE_USAGE(.BOTH.,#10639);
#10639 = SURFACE_SIDE_STYLE('',(#10640));
#10640 = SURFACE_STYLE_FILL_AREA(#10641);
#10641 = FILL_AREA_STYLE('',(#10642));
#10642 = FILL_AREA_STYLE_COLOUR('',#9391);
#10643 = CURVE_STYLE('',#10644,POSITIVE_LENGTH_MEASURE(0.1),#9391);
#10644 = DRAUGHTING_PRE_DEFINED_CURVE_FONT('continuous');
#10645 = STYLED_ITEM('color',(#10646),#6577);
#10646 = PRESENTATION_STYLE_ASSIGNMENT((#10647,#10652));
#10647 = SURFACE_STYLE_USAGE(.BOTH.,#10648);
#10648 = SURFACE_SIDE_STYLE('',(#10649));
#10649 = SURFACE_STYLE_FILL_AREA(#10650);
#10650 = FILL_AREA_STYLE('',(#10651));
#10651 = FILL_AREA_STYLE_COLOUR('',#9318);
#10652 = CURVE_STYLE('',#10653,POSITIVE_LENGTH_MEASURE(0.1),#9318);
#10653 = DRAUGHTING_PRE_DEFINED_CURVE_FONT('continuous');
#10654 = OVER_RIDING_STYLED_ITEM('overriding color',(#10655),#6584,
  #10645);
#10655 = PRESENTATION_STYLE_ASSIGNMENT((#10656,#10661));
#10656 = SURFACE_STYLE_USAGE(.BOTH.,#10657);
#10657 = SURFACE_SIDE_STYLE('',(#10658));
#10658 = SURFACE_STYLE_FILL_AREA(#10659);
#10659 = FILL_AREA_STYLE('',(#10660));
#10660 = FILL_AREA_STYLE_COLOUR('',#9391);
#10661 = CURVE_STYLE('',#10662,POSITIVE_LENGTH_MEASURE(0.1),#9391);
#10662 = DRAUGHTING_PRE_DEFINED_CURVE_FONT('continuous');
#10663 = STYLED_ITEM('color',(#10664),#6594);
#10664 = PRESENTATION_STYLE_ASSIGNMENT((#10665,#10670));
#10665 = SURFACE_STYLE_USAGE(.BOTH.,#10666);
#10666 = SURFACE_SIDE_STYLE('',(#10667));
#10667 = SURFACE_STYLE_FILL_AREA(#10668);
#10668 = FILL_AREA_STYLE('',(#10669));
#10669 = FILL_AREA_STYLE_COLOUR('',#9318);
#10670 = CURVE_STYLE('',#10671,POSITIVE_LENGTH_MEASURE(0.1),#9318);
#10671 = DRAUGHTING_PRE_DEFINED_CURVE_FONT('continuous');
#10672 = OVER_RIDING_STYLED_ITEM('overriding color',(#10673),#6599,
  #10663);
#10673 = PRESENTATION_STYLE_ASSIGNMENT((#10674,#10679));
#10674 = SURFACE_STYLE_USAGE(.BOTH.,#10675);
#10675 = SURFACE_SIDE_STYLE('',(#10676));
#10676 = SURFACE_STYLE_FILL_AREA(#10677);
#10677 = FILL_AREA_STYLE('',(#10678));
#10678 = FILL_AREA_STYLE_COLOUR('',#9391);
#10679 = CURVE_STYLE('',#10680,POSITIVE_LENGTH_MEASURE(0.1),#9391);
#10680 = DRAUGHTING_PRE_DEFINED_CURVE_FONT('continuous');
#10681 = STYLED_ITEM('color',(#10682),#6611);
#10682 = PRESENTATION_STYLE_ASSIGNMENT((#10683,#10688));
#10683 = SURFACE_STYLE_USAGE(.BOTH.,#10684);
#10684 = SURFACE_SIDE_STYLE('',(#10685));
#10685 = SURFACE_STYLE_FILL_AREA(#10686);
#10686 = FILL_AREA_STYLE('',(#10687));
#10687 = FILL_AREA_STYLE_COLOUR('',#9391);
#10688 = CURVE_STYLE('',#10689,POSITIVE_LENGTH_MEASURE(0.1),#9391);
#10689 = DRAUGHTING_PRE_DEFINED_CURVE_FONT('continuous');
#10690 = STYLED_ITEM('color',(#10691),#6660);
#10691 = PRESENTATION_STYLE_ASSIGNMENT((#10692,#10697));
#10692 = SURFACE_STYLE_USAGE(.BOTH.,#10693);
#10693 = SURFACE_SIDE_STYLE('',(#10694));
#10694 = SURFACE_STYLE_FILL_AREA(#10695);
#10695 = FILL_AREA_STYLE('',(#10696));
#10696 = FILL_AREA_STYLE_COLOUR('',#9391);
#10697 = CURVE_STYLE('',#10698,POSITIVE_LENGTH_MEASURE(0.1),#9391);
#10698 = DRAUGHTING_PRE_DEFINED_CURVE_FONT('continuous');
#10699 = STYLED_ITEM('color',(#10700),#6684);
#10700 = PRESENTATION_STYLE_ASSIGNMENT((#10701,#10706));
#10701 = SURFACE_STYLE_USAGE(.BOTH.,#10702);
#10702 = SURFACE_SIDE_STYLE('',(#10703));
#10703 = SURFACE_STYLE_FILL_AREA(#10704);
#10704 = FILL_AREA_STYLE('',(#10705));
#10705 = FILL_AREA_STYLE_COLOUR('',#9391);
#10706 = CURVE_STYLE('',#10707,POSITIVE_LENGTH_MEASURE(0.1),#9391);
#10707 = DRAUGHTING_PRE_DEFINED_CURVE_FONT('continuous');
#10708 = STYLED_ITEM('color',(#10709),#6726);
#10709 = PRESENTATION_STYLE_ASSIGNMENT((#10710,#10715));
#10710 = SURFACE_STYLE_USAGE(.BOTH.,#10711);
#10711 = SURFACE_SIDE_STYLE('',(#10712));
#10712 = SURFACE_STYLE_FILL_AREA(#10713);
#10713 = FILL_AREA_STYLE('',(#10714));
#10714 = FILL_AREA_STYLE_COLOUR('',#9391);
#10715 = CURVE_STYLE('',#10716,POSITIVE_LENGTH_MEASURE(0.1),#9391);
#10716 = DRAUGHTING_PRE_DEFINED_CURVE_FONT('continuous');
#10717 = STYLED_ITEM('color',(#10718),#6743);
#10718 = PRESENTATION_STYLE_ASSIGNMENT((#10719,#10724));
#10719 = SURFACE_STYLE_USAGE(.BOTH.,#10720);
#10720 = SURFACE_SIDE_STYLE('',(#10721));
#10721 = SURFACE_STYLE_FILL_AREA(#10722);
#10722 = FILL_AREA_STYLE('',(#10723));
#10723 = FILL_AREA_STYLE_COLOUR('',#9318);
#10724 = CURVE_STYLE('',#10725,POSITIVE_LENGTH_MEASURE(0.1),#9318);
#10725 = DRAUGHTING_PRE_DEFINED_CURVE_FONT('continuous');
#10726 = OVER_RIDING_STYLED_ITEM('overriding color',(#10727),#6750,
  #10717);
#10727 = PRESENTATION_STYLE_ASSIGNMENT((#10728,#10733));
#10728 = SURFACE_STYLE_USAGE(.BOTH.,#10729);
#10729 = SURFACE_SIDE_STYLE('',(#10730));
#10730 = SURFACE_STYLE_FILL_AREA(#10731);
#10731 = FILL_AREA_STYLE('',(#10732));
#10732 = FILL_AREA_STYLE_COLOUR('',#9391);
#10733 = CURVE_STYLE('',#10734,POSITIVE_LENGTH_MEASURE(0.1),#9391);
#10734 = DRAUGHTING_PRE_DEFINED_CURVE_FONT('continuous');
#10735 = STYLED_ITEM('color',(#10736),#6760);
#10736 = PRESENTATION_STYLE_ASSIGNMENT((#10737,#10742));
#10737 = SURFACE_STYLE_USAGE(.BOTH.,#10738);
#10738 = SURFACE_SIDE_STYLE('',(#10739));
#10739 = SURFACE_STYLE_FILL_AREA(#10740);
#10740 = FILL_AREA_STYLE('',(#10741));
#10741 = FILL_AREA_STYLE_COLOUR('',#9318);
#10742 = CURVE_STYLE('',#10743,POSITIVE_LENGTH_MEASURE(0.1),#9318);
#10743 = DRAUGHTING_PRE_DEFINED_CURVE_FONT('continuous');
#10744 = OVER_RIDING_STYLED_ITEM('overriding color',(#10745),#6765,
  #10735);
#10745 = PRESENTATION_STYLE_ASSIGNMENT((#10746,#10751));
#10746 = SURFACE_STYLE_USAGE(.BOTH.,#10747);
#10747 = SURFACE_SIDE_STYLE('',(#10748));
#10748 = SURFACE_STYLE_FILL_AREA(#10749);
#10749 = FILL_AREA_STYLE('',(#10750));
#10750 = FILL_AREA_STYLE_COLOUR('',#9391);
#10751 = CURVE_STYLE('',#10752,POSITIVE_LENGTH_MEASURE(0.1),#9391);
#10752 = DRAUGHTING_PRE_DEFINED_CURVE_FONT('continuous');
#10753 = STYLED_ITEM('color',(#10754),#6777);
#10754 = PRESENTATION_STYLE_ASSIGNMENT((#10755,#10760));
#10755 = SURFACE_STYLE_USAGE(.BOTH.,#10756);
#10756 = SURFACE_SIDE_STYLE('',(#10757));
#10757 = SURFACE_STYLE_FILL_AREA(#10758);
#10758 = FILL_AREA_STYLE('',(#10759));
#10759 = FILL_AREA_STYLE_COLOUR('',#9391);
#10760 = CURVE_STYLE('',#10761,POSITIVE_LENGTH_MEASURE(0.1),#9391);
#10761 = DRAUGHTING_PRE_DEFINED_CURVE_FONT('continuous');
#10762 = STYLED_ITEM('color',(#10763),#6826);
#10763 = PRESENTATION_STYLE_ASSIGNMENT((#10764,#10769));
#10764 = SURFACE_STYLE_USAGE(.BOTH.,#10765);
#10765 = SURFACE_SIDE_STYLE('',(#10766));
#10766 = SURFACE_STYLE_FILL_AREA(#10767);
#10767 = FILL_AREA_STYLE('',(#10768));
#10768 = FILL_AREA_STYLE_COLOUR('',#9391);
#10769 = CURVE_STYLE('',#10770,POSITIVE_LENGTH_MEASURE(0.1),#9391);
#10770 = DRAUGHTING_PRE_DEFINED_CURVE_FONT('continuous');
#10771 = STYLED_ITEM('color',(#10772),#6850);
#10772 = PRESENTATION_STYLE_ASSIGNMENT((#10773,#10778));
#10773 = SURFACE_STYLE_USAGE(.BOTH.,#10774);
#10774 = SURFACE_SIDE_STYLE('',(#10775));
#10775 = SURFACE_STYLE_FILL_AREA(#10776);
#10776 = FILL_AREA_STYLE('',(#10777));
#10777 = FILL_AREA_STYLE_COLOUR('',#9391);
#10778 = CURVE_STYLE('',#10779,POSITIVE_LENGTH_MEASURE(0.1),#9391);
#10779 = DRAUGHTING_PRE_DEFINED_CURVE_FONT('continuous');
#10780 = STYLED_ITEM('color',(#10781),#6892);
#10781 = PRESENTATION_STYLE_ASSIGNMENT((#10782,#10787));
#10782 = SURFACE_STYLE_USAGE(.BOTH.,#10783);
#10783 = SURFACE_SIDE_STYLE('',(#10784));
#10784 = SURFACE_STYLE_FILL_AREA(#10785);
#10785 = FILL_AREA_STYLE('',(#10786));
#10786 = FILL_AREA_STYLE_COLOUR('',#9391);
#10787 = CURVE_STYLE('',#10788,POSITIVE_LENGTH_MEASURE(0.1),#9391);
#10788 = DRAUGHTING_PRE_DEFINED_CURVE_FONT('continuous');
#10789 = STYLED_ITEM('color',(#10790),#6909);
#10790 = PRESENTATION_STYLE_ASSIGNMENT((#10791,#10796));
#10791 = SURFACE_STYLE_USAGE(.BOTH.,#10792);
#10792 = SURFACE_SIDE_STYLE('',(#10793));
#10793 = SURFACE_STYLE_FILL_AREA(#10794);
#10794 = FILL_AREA_STYLE('',(#10795));
#10795 = FILL_AREA_STYLE_COLOUR('',#9318);
#10796 = CURVE_STYLE('',#10797,POSITIVE_LENGTH_MEASURE(0.1),#9318);
#10797 = DRAUGHTING_PRE_DEFINED_CURVE_FONT('continuous');
#10798 = OVER_RIDING_STYLED_ITEM('overriding color',(#10799),#6916,
  #10789);
#10799 = PRESENTATION_STYLE_ASSIGNMENT((#10800,#10805));
#10800 = SURFACE_STYLE_USAGE(.BOTH.,#10801);
#10801 = SURFACE_SIDE_STYLE('',(#10802));
#10802 = SURFACE_STYLE_FILL_AREA(#10803);
#10803 = FILL_AREA_STYLE('',(#10804));
#10804 = FILL_AREA_STYLE_COLOUR('',#9391);
#10805 = CURVE_STYLE('',#10806,POSITIVE_LENGTH_MEASURE(0.1),#9391);
#10806 = DRAUGHTING_PRE_DEFINED_CURVE_FONT('continuous');
#10807 = STYLED_ITEM('color',(#10808),#6926);
#10808 = PRESENTATION_STYLE_ASSIGNMENT((#10809,#10814));
#10809 = SURFACE_STYLE_USAGE(.BOTH.,#10810);
#10810 = SURFACE_SIDE_STYLE('',(#10811));
#10811 = SURFACE_STYLE_FILL_AREA(#10812);
#10812 = FILL_AREA_STYLE('',(#10813));
#10813 = FILL_AREA_STYLE_COLOUR('',#9318);
#10814 = CURVE_STYLE('',#10815,POSITIVE_LENGTH_MEASURE(0.1),#9318);
#10815 = DRAUGHTING_PRE_DEFINED_CURVE_FONT('continuous');
#10816 = OVER_RIDING_STYLED_ITEM('overriding color',(#10817),#6931,
  #10807);
#10817 = PRESENTATION_STYLE_ASSIGNMENT((#10818,#10823));
#10818 = SURFACE_STYLE_USAGE(.BOTH.,#10819);
#10819 = SURFACE_SIDE_STYLE('',(#10820));
#10820 = SURFACE_STYLE_FILL_AREA(#10821);
#10821 = FILL_AREA_STYLE('',(#10822));
#10822 = FILL_AREA_STYLE_COLOUR('',#9391);
#10823 = CURVE_STYLE('',#10824,POSITIVE_LENGTH_MEASURE(0.1),#9391);
#10824 = DRAUGHTING_PRE_DEFINED_CURVE_FONT('continuous');
#10825 = STYLED_ITEM('color',(#10826),#6943);
#10826 = PRESENTATION_STYLE_ASSIGNMENT((#10827,#10832));
#10827 = SURFACE_STYLE_USAGE(.BOTH.,#10828);
#10828 = SURFACE_SIDE_STYLE('',(#10829));
#10829 = SURFACE_STYLE_FILL_AREA(#10830);
#10830 = FILL_AREA_STYLE('',(#10831));
#10831 = FILL_AREA_STYLE_COLOUR('',#9391);
#10832 = CURVE_STYLE('',#10833,POSITIVE_LENGTH_MEASURE(0.1),#9391);
#10833 = DRAUGHTING_PRE_DEFINED_CURVE_FONT('continuous');
#10834 = STYLED_ITEM('color',(#10835),#6992);
#10835 = PRESENTATION_STYLE_ASSIGNMENT((#10836,#10841));
#10836 = SURFACE_STYLE_USAGE(.BOTH.,#10837);
#10837 = SURFACE_SIDE_STYLE('',(#10838));
#10838 = SURFACE_STYLE_FILL_AREA(#10839);
#10839 = FILL_AREA_STYLE('',(#10840));
#10840 = FILL_AREA_STYLE_COLOUR('',#9391);
#10841 = CURVE_STYLE('',#10842,POSITIVE_LENGTH_MEASURE(0.1),#9391);
#10842 = DRAUGHTING_PRE_DEFINED_CURVE_FONT('continuous');
#10843 = STYLED_ITEM('color',(#10844),#7016);
#10844 = PRESENTATION_STYLE_ASSIGNMENT((#10845,#10850));
#10845 = SURFACE_STYLE_USAGE(.BOTH.,#10846);
#10846 = SURFACE_SIDE_STYLE('',(#10847));
#10847 = SURFACE_STYLE_FILL_AREA(#10848);
#10848 = FILL_AREA_STYLE('',(#10849));
#10849 = FILL_AREA_STYLE_COLOUR('',#9391);
#10850 = CURVE_STYLE('',#10851,POSITIVE_LENGTH_MEASURE(0.1),#9391);
#10851 = DRAUGHTING_PRE_DEFINED_CURVE_FONT('continuous');
#10852 = STYLED_ITEM('color',(#10853),#7058);
#10853 = PRESENTATION_STYLE_ASSIGNMENT((#10854,#10859));
#10854 = SURFACE_STYLE_USAGE(.BOTH.,#10855);
#10855 = SURFACE_SIDE_STYLE('',(#10856));
#10856 = SURFACE_STYLE_FILL_AREA(#10857);
#10857 = FILL_AREA_STYLE('',(#10858));
#10858 = FILL_AREA_STYLE_COLOUR('',#9391);
#10859 = CURVE_STYLE('',#10860,POSITIVE_LENGTH_MEASURE(0.1),#9391);
#10860 = DRAUGHTING_PRE_DEFINED_CURVE_FONT('continuous');
#10861 = STYLED_ITEM('color',(#10862),#7075);
#10862 = PRESENTATION_STYLE_ASSIGNMENT((#10863,#10868));
#10863 = SURFACE_STYLE_USAGE(.BOTH.,#10864);
#10864 = SURFACE_SIDE_STYLE('',(#10865));
#10865 = SURFACE_STYLE_FILL_AREA(#10866);
#10866 = FILL_AREA_STYLE('',(#10867));
#10867 = FILL_AREA_STYLE_COLOUR('',#9318);
#10868 = CURVE_STYLE('',#10869,POSITIVE_LENGTH_MEASURE(0.1),#9318);
#10869 = DRAUGHTING_PRE_DEFINED_CURVE_FONT('continuous');
#10870 = OVER_RIDING_STYLED_ITEM('overriding color',(#10871),#7082,
  #10861);
#10871 = PRESENTATION_STYLE_ASSIGNMENT((#10872,#10877));
#10872 = SURFACE_STYLE_USAGE(.BOTH.,#10873);
#10873 = SURFACE_SIDE_STYLE('',(#10874));
#10874 = SURFACE_STYLE_FILL_AREA(#10875);
#10875 = FILL_AREA_STYLE('',(#10876));
#10876 = FILL_AREA_STYLE_COLOUR('',#9391);
#10877 = CURVE_STYLE('',#10878,POSITIVE_LENGTH_MEASURE(0.1),#9391);
#10878 = DRAUGHTING_PRE_DEFINED_CURVE_FONT('continuous');
#10879 = STYLED_ITEM('color',(#10880),#7092);
#10880 = PRESENTATION_STYLE_ASSIGNMENT((#10881,#10886));
#10881 = SURFACE_STYLE_USAGE(.BOTH.,#10882);
#10882 = SURFACE_SIDE_STYLE('',(#10883));
#10883 = SURFACE_STYLE_FILL_AREA(#10884);
#10884 = FILL_AREA_STYLE('',(#10885));
#10885 = FILL_AREA_STYLE_COLOUR('',#9318);
#10886 = CURVE_STYLE('',#10887,POSITIVE_LENGTH_MEASURE(0.1),#9318);
#10887 = DRAUGHTING_PRE_DEFINED_CURVE_FONT('continuous');
#10888 = OVER_RIDING_STYLED_ITEM('overriding color',(#10889),#7097,
  #10879);
#10889 = PRESENTATION_STYLE_ASSIGNMENT((#10890,#10895));
#10890 = SURFACE_STYLE_USAGE(.BOTH.,#10891);
#10891 = SURFACE_SIDE_STYLE('',(#10892));
#10892 = SURFACE_STYLE_FILL_AREA(#10893);
#10893 = FILL_AREA_STYLE('',(#10894));
#10894 = FILL_AREA_STYLE_COLOUR('',#9391);
#10895 = CURVE_STYLE('',#10896,POSITIVE_LENGTH_MEASURE(0.1),#9391);
#10896 = DRAUGHTING_PRE_DEFINED_CURVE_FONT('continuous');
#10897 = STYLED_ITEM('color',(#10898),#7109);
#10898 = PRESENTATION_STYLE_ASSIGNMENT((#10899,#10904));
#10899 = SURFACE_STYLE_USAGE(.BOTH.,#10900);
#10900 = SURFACE_SIDE_STYLE('',(#10901));
#10901 = SURFACE_STYLE_FILL_AREA(#10902);
#10902 = FILL_AREA_STYLE('',(#10903));
#10903 = FILL_AREA_STYLE_COLOUR('',#9391);
#10904 = CURVE_STYLE('',#10905,POSITIVE_LENGTH_MEASURE(0.1),#9391);
#10905 = DRAUGHTING_PRE_DEFINED_CURVE_FONT('continuous');
#10906 = STYLED_ITEM('color',(#10907),#7158);
#10907 = PRESENTATION_STYLE_ASSIGNMENT((#10908,#10913));
#10908 = SURFACE_STYLE_USAGE(.BOTH.,#10909);
#10909 = SURFACE_SIDE_STYLE('',(#10910));
#10910 = SURFACE_STYLE_FILL_AREA(#10911);
#10911 = FILL_AREA_STYLE('',(#10912));
#10912 = FILL_AREA_STYLE_COLOUR('',#9391);
#10913 = CURVE_STYLE('',#10914,POSITIVE_LENGTH_MEASURE(0.1),#9391);
#10914 = DRAUGHTING_PRE_DEFINED_CURVE_FONT('continuous');
#10915 = STYLED_ITEM('color',(#10916),#7182);
#10916 = PRESENTATION_STYLE_ASSIGNMENT((#10917,#10922));
#10917 = SURFACE_STYLE_USAGE(.BOTH.,#10918);
#10918 = SURFACE_SIDE_STYLE('',(#10919));
#10919 = SURFACE_STYLE_FILL_AREA(#10920);
#10920 = FILL_AREA_STYLE('',(#10921));
#10921 = FILL_AREA_STYLE_COLOUR('',#9391);
#10922 = CURVE_STYLE('',#10923,POSITIVE_LENGTH_MEASURE(0.1),#9391);
#10923 = DRAUGHTING_PRE_DEFINED_CURVE_FONT('continuous');
#10924 = STYLED_ITEM('color',(#10925),#7224);
#10925 = PRESENTATION_STYLE_ASSIGNMENT((#10926,#10931));
#10926 = SURFACE_STYLE_USAGE(.BOTH.,#10927);
#10927 = SURFACE_SIDE_STYLE('',(#10928));
#10928 = SURFACE_STYLE_FILL_AREA(#10929);
#10929 = FILL_AREA_STYLE('',(#10930));
#10930 = FILL_AREA_STYLE_COLOUR('',#9391);
#10931 = CURVE_STYLE('',#10932,POSITIVE_LENGTH_MEASURE(0.1),#9391);
#10932 = DRAUGHTING_PRE_DEFINED_CURVE_FONT('continuous');
#10933 = STYLED_ITEM('color',(#10934),#7241);
#10934 = PRESENTATION_STYLE_ASSIGNMENT((#10935,#10940));
#10935 = SURFACE_STYLE_USAGE(.BOTH.,#10936);
#10936 = SURFACE_SIDE_STYLE('',(#10937));
#10937 = SURFACE_STYLE_FILL_AREA(#10938);
#10938 = FILL_AREA_STYLE('',(#10939));
#10939 = FILL_AREA_STYLE_COLOUR('',#9318);
#10940 = CURVE_STYLE('',#10941,POSITIVE_LENGTH_MEASURE(0.1),#9318);
#10941 = DRAUGHTING_PRE_DEFINED_CURVE_FONT('continuous');
#10942 = OVER_RIDING_STYLED_ITEM('overriding color',(#10943),#7248,
  #10933);
#10943 = PRESENTATION_STYLE_ASSIGNMENT((#10944,#10949));
#10944 = SURFACE_STYLE_USAGE(.BOTH.,#10945);
#10945 = SURFACE_SIDE_STYLE('',(#10946));
#10946 = SURFACE_STYLE_FILL_AREA(#10947);
#10947 = FILL_AREA_STYLE('',(#10948));
#10948 = FILL_AREA_STYLE_COLOUR('',#9391);
#10949 = CURVE_STYLE('',#10950,POSITIVE_LENGTH_MEASURE(0.1),#9391);
#10950 = DRAUGHTING_PRE_DEFINED_CURVE_FONT('continuous');
#10951 = STYLED_ITEM('color',(#10952),#7258);
#10952 = PRESENTATION_STYLE_ASSIGNMENT((#10953,#10958));
#10953 = SURFACE_STYLE_USAGE(.BOTH.,#10954);
#10954 = SURFACE_SIDE_STYLE('',(#10955));
#10955 = SURFACE_STYLE_FILL_AREA(#10956);
#10956 = FILL_AREA_STYLE('',(#10957));
#10957 = FILL_AREA_STYLE_COLOUR('',#9318);
#10958 = CURVE_STYLE('',#10959,POSITIVE_LENGTH_MEASURE(0.1),#9318);
#10959 = DRAUGHTING_PRE_DEFINED_CURVE_FONT('continuous');
#10960 = OVER_RIDING_STYLED_ITEM('overriding color',(#10961),#7263,
  #10951);
#10961 = PRESENTATION_STYLE_ASSIGNMENT((#10962,#10967));
#10962 = SURFACE_STYLE_USAGE(.BOTH.,#10963);
#10963 = SURFACE_SIDE_STYLE('',(#10964));
#10964 = SURFACE_STYLE_FILL_AREA(#10965);
#10965 = FILL_AREA_STYLE('',(#10966));
#10966 = FILL_AREA_STYLE_COLOUR('',#9391);
#10967 = CURVE_STYLE('',#10968,POSITIVE_LENGTH_MEASURE(0.1),#9391);
#10968 = DRAUGHTING_PRE_DEFINED_CURVE_FONT('continuous');
#10969 = STYLED_ITEM('color',(#10970),#7275);
#10970 = PRESENTATION_STYLE_ASSIGNMENT((#10971,#10976));
#10971 = SURFACE_STYLE_USAGE(.BOTH.,#10972);
#10972 = SURFACE_SIDE_STYLE('',(#10973));
#10973 = SURFACE_STYLE_FILL_AREA(#10974);
#10974 = FILL_AREA_STYLE('',(#10975));
#10975 = FILL_AREA_STYLE_COLOUR('',#9391);
#10976 = CURVE_STYLE('',#10977,POSITIVE_LENGTH_MEASURE(0.1),#9391);
#10977 = DRAUGHTING_PRE_DEFINED_CURVE_FONT('continuous');
#10978 = STYLED_ITEM('color',(#10979),#7324);
#10979 = PRESENTATION_STYLE_ASSIGNMENT((#10980,#10985));
#10980 = SURFACE_STYLE_USAGE(.BOTH.,#10981);
#10981 = SURFACE_SIDE_STYLE('',(#10982));
#10982 = SURFACE_STYLE_FILL_AREA(#10983);
#10983 = FILL_AREA_STYLE('',(#10984));
#10984 = FILL_AREA_STYLE_COLOUR('',#9391);
#10985 = CURVE_STYLE('',#10986,POSITIVE_LENGTH_MEASURE(0.1),#9391);
#10986 = DRAUGHTING_PRE_DEFINED_CURVE_FONT('continuous');
#10987 = STYLED_ITEM('color',(#10988),#7348);
#10988 = PRESENTATION_STYLE_ASSIGNMENT((#10989,#10994));
#10989 = SURFACE_STYLE_USAGE(.BOTH.,#10990);
#10990 = SURFACE_SIDE_STYLE('',(#10991));
#10991 = SURFACE_STYLE_FILL_AREA(#10992);
#10992 = FILL_AREA_STYLE('',(#10993));
#10993 = FILL_AREA_STYLE_COLOUR('',#9391);
#10994 = CURVE_STYLE('',#10995,POSITIVE_LENGTH_MEASURE(0.1),#9391);
#10995 = DRAUGHTING_PRE_DEFINED_CURVE_FONT('continuous');
#10996 = STYLED_ITEM('color',(#10997),#7390);
#10997 = PRESENTATION_STYLE_ASSIGNMENT((#10998,#11003));
#10998 = SURFACE_STYLE_USAGE(.BOTH.,#10999);
#10999 = SURFACE_SIDE_STYLE('',(#11000));
#11000 = SURFACE_STYLE_FILL_AREA(#11001);
#11001 = FILL_AREA_STYLE('',(#11002));
#11002 = FILL_AREA_STYLE_COLOUR('',#9391);
#11003 = CURVE_STYLE('',#11004,POSITIVE_LENGTH_MEASURE(0.1),#9391);
#11004 = DRAUGHTING_PRE_DEFINED_CURVE_FONT('continuous');
#11005 = STYLED_ITEM('color',(#11006),#7407);
#11006 = PRESENTATION_STYLE_ASSIGNMENT((#11007,#11012));
#11007 = SURFACE_STYLE_USAGE(.BOTH.,#11008);
#11008 = SURFACE_SIDE_STYLE('',(#11009));
#11009 = SURFACE_STYLE_FILL_AREA(#11010);
#11010 = FILL_AREA_STYLE('',(#11011));
#11011 = FILL_AREA_STYLE_COLOUR('',#9318);
#11012 = CURVE_STYLE('',#11013,POSITIVE_LENGTH_MEASURE(0.1),#9318);
#11013 = DRAUGHTING_PRE_DEFINED_CURVE_FONT('continuous');
#11014 = OVER_RIDING_STYLED_ITEM('overriding color',(#11015),#7414,
  #11005);
#11015 = PRESENTATION_STYLE_ASSIGNMENT((#11016,#11021));
#11016 = SURFACE_STYLE_USAGE(.BOTH.,#11017);
#11017 = SURFACE_SIDE_STYLE('',(#11018));
#11018 = SURFACE_STYLE_FILL_AREA(#11019);
#11019 = FILL_AREA_STYLE('',(#11020));
#11020 = FILL_AREA_STYLE_COLOUR('',#9391);
#11021 = CURVE_STYLE('',#11022,POSITIVE_LENGTH_MEASURE(0.1),#9391);
#11022 = DRAUGHTING_PRE_DEFINED_CURVE_FONT('continuous');
#11023 = STYLED_ITEM('color',(#11024),#7424);
#11024 = PRESENTATION_STYLE_ASSIGNMENT((#11025,#11030));
#11025 = SURFACE_STYLE_USAGE(.BOTH.,#11026);
#11026 = SURFACE_SIDE_STYLE('',(#11027));
#11027 = SURFACE_STYLE_FILL_AREA(#11028);
#11028 = FILL_AREA_STYLE('',(#11029));
#11029 = FILL_AREA_STYLE_COLOUR('',#9318);
#11030 = CURVE_STYLE('',#11031,POSITIVE_LENGTH_MEASURE(0.1),#9318);
#11031 = DRAUGHTING_PRE_DEFINED_CURVE_FONT('continuous');
#11032 = OVER_RIDING_STYLED_ITEM('overriding color',(#11033),#7429,
  #11023);
#11033 = PRESENTATION_STYLE_ASSIGNMENT((#11034,#11039));
#11034 = SURFACE_STYLE_USAGE(.BOTH.,#11035);
#11035 = SURFACE_SIDE_STYLE('',(#11036));
#11036 = SURFACE_STYLE_FILL_AREA(#11037);
#11037 = FILL_AREA_STYLE('',(#11038));
#11038 = FILL_AREA_STYLE_COLOUR('',#9391);
#11039 = CURVE_STYLE('',#11040,POSITIVE_LENGTH_MEASURE(0.1),#9391);
#11040 = DRAUGHTING_PRE_DEFINED_CURVE_FONT('continuous');
#11041 = STYLED_ITEM('color',(#11042),#7441);
#11042 = PRESENTATION_STYLE_ASSIGNMENT((#11043,#11048));
#11043 = SURFACE_STYLE_USAGE(.BOTH.,#11044);
#11044 = SURFACE_SIDE_STYLE('',(#11045));
#11045 = SURFACE_STYLE_FILL_AREA(#11046);
#11046 = FILL_AREA_STYLE('',(#11047));
#11047 = FILL_AREA_STYLE_COLOUR('',#9391);
#11048 = CURVE_STYLE('',#11049,POSITIVE_LENGTH_MEASURE(0.1),#9391);
#11049 = DRAUGHTING_PRE_DEFINED_CURVE_FONT('continuous');
#11050 = STYLED_ITEM('color',(#11051),#7490);
#11051 = PRESENTATION_STYLE_ASSIGNMENT((#11052,#11057));
#11052 = SURFACE_STYLE_USAGE(.BOTH.,#11053);
#11053 = SURFACE_SIDE_STYLE('',(#11054));
#11054 = SURFACE_STYLE_FILL_AREA(#11055);
#11055 = FILL_AREA_STYLE('',(#11056));
#11056 = FILL_AREA_STYLE_COLOUR('',#9391);
#11057 = CURVE_STYLE('',#11058,POSITIVE_LENGTH_MEASURE(0.1),#9391);
#11058 = DRAUGHTING_PRE_DEFINED_CURVE_FONT('continuous');
#11059 = STYLED_ITEM('color',(#11060),#7514);
#11060 = PRESENTATION_STYLE_ASSIGNMENT((#11061,#11066));
#11061 = SURFACE_STYLE_USAGE(.BOTH.,#11062);
#11062 = SURFACE_SIDE_STYLE('',(#11063));
#11063 = SURFACE_STYLE_FILL_AREA(#11064);
#11064 = FILL_AREA_STYLE('',(#11065));
#11065 = FILL_AREA_STYLE_COLOUR('',#9391);
#11066 = CURVE_STYLE('',#11067,POSITIVE_LENGTH_MEASURE(0.1),#9391);
#11067 = DRAUGHTING_PRE_DEFINED_CURVE_FONT('continuous');
#11068 = STYLED_ITEM('color',(#11069),#7556);
#11069 = PRESENTATION_STYLE_ASSIGNMENT((#11070,#11075));
#11070 = SURFACE_STYLE_USAGE(.BOTH.,#11071);
#11071 = SURFACE_SIDE_STYLE('',(#11072));
#11072 = SURFACE_STYLE_FILL_AREA(#11073);
#11073 = FILL_AREA_STYLE('',(#11074));
#11074 = FILL_AREA_STYLE_COLOUR('',#9391);
#11075 = CURVE_STYLE('',#11076,POSITIVE_LENGTH_MEASURE(0.1),#9391);
#11076 = DRAUGHTING_PRE_DEFINED_CURVE_FONT('continuous');
#11077 = STYLED_ITEM('color',(#11078),#7573);
#11078 = PRESENTATION_STYLE_ASSIGNMENT((#11079,#11084));
#11079 = SURFACE_STYLE_USAGE(.BOTH.,#11080);
#11080 = SURFACE_SIDE_STYLE('',(#11081));
#11081 = SURFACE_STYLE_FILL_AREA(#11082);
#11082 = FILL_AREA_STYLE('',(#11083));
#11083 = FILL_AREA_STYLE_COLOUR('',#9391);
#11084 = CURVE_STYLE('',#11085,POSITIVE_LENGTH_MEASURE(0.1),#9391);
#11085 = DRAUGHTING_PRE_DEFINED_CURVE_FONT('continuous');
#11086 = STYLED_ITEM('color',(#11087),#7590);
#11087 = PRESENTATION_STYLE_ASSIGNMENT((#11088,#11093));
#11088 = SURFACE_STYLE_USAGE(.BOTH.,#11089);
#11089 = SURFACE_SIDE_STYLE('',(#11090));
#11090 = SURFACE_STYLE_FILL_AREA(#11091);
#11091 = FILL_AREA_STYLE('',(#11092));
#11092 = FILL_AREA_STYLE_COLOUR('',#9391);
#11093 = CURVE_STYLE('',#11094,POSITIVE_LENGTH_MEASURE(0.1),#9391);
#11094 = DRAUGHTING_PRE_DEFINED_CURVE_FONT('continuous');
#11095 = STYLED_ITEM('color',(#11096),#7607);
#11096 = PRESENTATION_STYLE_ASSIGNMENT((#11097,#11102));
#11097 = SURFACE_STYLE_USAGE(.BOTH.,#11098);
#11098 = SURFACE_SIDE_STYLE('',(#11099));
#11099 = SURFACE_STYLE_FILL_AREA(#11100);
#11100 = FILL_AREA_STYLE('',(#11101));
#11101 = FILL_AREA_STYLE_COLOUR('',#9391);
#11102 = CURVE_STYLE('',#11103,POSITIVE_LENGTH_MEASURE(0.1),#9391);
#11103 = DRAUGHTING_PRE_DEFINED_CURVE_FONT('continuous');
#11104 = STYLED_ITEM('color',(#11105),#7619);
#11105 = PRESENTATION_STYLE_ASSIGNMENT((#11106,#11111));
#11106 = SURFACE_STYLE_USAGE(.BOTH.,#11107);
#11107 = SURFACE_SIDE_STYLE('',(#11108));
#11108 = SURFACE_STYLE_FILL_AREA(#11109);
#11109 = FILL_AREA_STYLE('',(#11110));
#11110 = FILL_AREA_STYLE_COLOUR('',#9391);
#11111 = CURVE_STYLE('',#11112,POSITIVE_LENGTH_MEASURE(0.1),#9391);
#11112 = DRAUGHTING_PRE_DEFINED_CURVE_FONT('continuous');
#11113 = STYLED_ITEM('color',(#11114),#7636);
#11114 = PRESENTATION_STYLE_ASSIGNMENT((#11115,#11120));
#11115 = SURFACE_STYLE_USAGE(.BOTH.,#11116);
#11116 = SURFACE_SIDE_STYLE('',(#11117));
#11117 = SURFACE_STYLE_FILL_AREA(#11118);
#11118 = FILL_AREA_STYLE('',(#11119));
#11119 = FILL_AREA_STYLE_COLOUR('',#9391);
#11120 = CURVE_STYLE('',#11121,POSITIVE_LENGTH_MEASURE(0.1),#9391);
#11121 = DRAUGHTING_PRE_DEFINED_CURVE_FONT('continuous');
#11122 = STYLED_ITEM('color',(#11123),#7653);
#11123 = PRESENTATION_STYLE_ASSIGNMENT((#11124,#11129));
#11124 = SURFACE_STYLE_USAGE(.BOTH.,#11125);
#11125 = SURFACE_SIDE_STYLE('',(#11126));
#11126 = SURFACE_STYLE_FILL_AREA(#11127);
#11127 = FILL_AREA_STYLE('',(#11128));
#11128 = FILL_AREA_STYLE_COLOUR('',#9391);
#11129 = CURVE_STYLE('',#11130,POSITIVE_LENGTH_MEASURE(0.1),#9391);
#11130 = DRAUGHTING_PRE_DEFINED_CURVE_FONT('continuous');
#11131 = STYLED_ITEM('color',(#11132),#7665);
#11132 = PRESENTATION_STYLE_ASSIGNMENT((#11133,#11138));
#11133 = SURFACE_STYLE_USAGE(.BOTH.,#11134);
#11134 = SURFACE_SIDE_STYLE('',(#11135));
#11135 = SURFACE_STYLE_FILL_AREA(#11136);
#11136 = FILL_AREA_STYLE('',(#11137));
#11137 = FILL_AREA_STYLE_COLOUR('',#9391);
#11138 = CURVE_STYLE('',#11139,POSITIVE_LENGTH_MEASURE(0.1),#9391);
#11139 = DRAUGHTING_PRE_DEFINED_CURVE_FONT('continuous');
#11140 = STYLED_ITEM('color',(#11141),#7682);
#11141 = PRESENTATION_STYLE_ASSIGNMENT((#11142,#11147));
#11142 = SURFACE_STYLE_USAGE(.BOTH.,#11143);
#11143 = SURFACE_SIDE_STYLE('',(#11144));
#11144 = SURFACE_STYLE_FILL_AREA(#11145);
#11145 = FILL_AREA_STYLE('',(#11146));
#11146 = FILL_AREA_STYLE_COLOUR('',#9391);
#11147 = CURVE_STYLE('',#11148,POSITIVE_LENGTH_MEASURE(0.1),#9391);
#11148 = DRAUGHTING_PRE_DEFINED_CURVE_FONT('continuous');
#11149 = STYLED_ITEM('color',(#11150),#7699);
#11150 = PRESENTATION_STYLE_ASSIGNMENT((#11151,#11156));
#11151 = SURFACE_STYLE_USAGE(.BOTH.,#11152);
#11152 = SURFACE_SIDE_STYLE('',(#11153));
#11153 = SURFACE_STYLE_FILL_AREA(#11154);
#11154 = FILL_AREA_STYLE('',(#11155));
#11155 = FILL_AREA_STYLE_COLOUR('',#9391);
#11156 = CURVE_STYLE('',#11157,POSITIVE_LENGTH_MEASURE(0.1),#9391);
#11157 = DRAUGHTING_PRE_DEFINED_CURVE_FONT('continuous');
#11158 = STYLED_ITEM('color',(#11159),#7711);
#11159 = PRESENTATION_STYLE_ASSIGNMENT((#11160,#11165));
#11160 = SURFACE_STYLE_USAGE(.BOTH.,#11161);
#11161 = SURFACE_SIDE_STYLE('',(#11162));
#11162 = SURFACE_STYLE_FILL_AREA(#11163);
#11163 = FILL_AREA_STYLE('',(#11164));
#11164 = FILL_AREA_STYLE_COLOUR('',#9391);
#11165 = CURVE_STYLE('',#11166,POSITIVE_LENGTH_MEASURE(0.1),#9391);
#11166 = DRAUGHTING_PRE_DEFINED_CURVE_FONT('continuous');
#11167 = STYLED_ITEM('color',(#11168),#7728);
#11168 = PRESENTATION_STYLE_ASSIGNMENT((#11169,#11174));
#11169 = SURFACE_STYLE_USAGE(.BOTH.,#11170);
#11170 = SURFACE_SIDE_STYLE('',(#11171));
#11171 = SURFACE_STYLE_FILL_AREA(#11172);
#11172 = FILL_AREA_STYLE('',(#11173));
#11173 = FILL_AREA_STYLE_COLOUR('',#9391);
#11174 = CURVE_STYLE('',#11175,POSITIVE_LENGTH_MEASURE(0.1),#9391);
#11175 = DRAUGHTING_PRE_DEFINED_CURVE_FONT('continuous');
#11176 = STYLED_ITEM('color',(#11177),#7745);
#11177 = PRESENTATION_STYLE_ASSIGNMENT((#11178,#11183));
#11178 = SURFACE_STYLE_USAGE(.BOTH.,#11179);
#11179 = SURFACE_SIDE_STYLE('',(#11180));
#11180 = SURFACE_STYLE_FILL_AREA(#11181);
#11181 = FILL_AREA_STYLE('',(#11182));
#11182 = FILL_AREA_STYLE_COLOUR('',#9391);
#11183 = CURVE_STYLE('',#11184,POSITIVE_LENGTH_MEASURE(0.1),#9391);
#11184 = DRAUGHTING_PRE_DEFINED_CURVE_FONT('continuous');
#11185 = STYLED_ITEM('color',(#11186),#7757);
#11186 = PRESENTATION_STYLE_ASSIGNMENT((#11187,#11192));
#11187 = SURFACE_STYLE_USAGE(.BOTH.,#11188);
#11188 = SURFACE_SIDE_STYLE('',(#11189));
#11189 = SURFACE_STYLE_FILL_AREA(#11190);
#11190 = FILL_AREA_STYLE('',(#11191));
#11191 = FILL_AREA_STYLE_COLOUR('',#9391);
#11192 = CURVE_STYLE('',#11193,POSITIVE_LENGTH_MEASURE(0.1),#9391);
#11193 = DRAUGHTING_PRE_DEFINED_CURVE_FONT('continuous');
#11194 = STYLED_ITEM('color',(#11195),#7774);
#11195 = PRESENTATION_STYLE_ASSIGNMENT((#11196,#11201));
#11196 = SURFACE_STYLE_USAGE(.BOTH.,#11197);
#11197 = SURFACE_SIDE_STYLE('',(#11198));
#11198 = SURFACE_STYLE_FILL_AREA(#11199);
#11199 = FILL_AREA_STYLE('',(#11200));
#11200 = FILL_AREA_STYLE_COLOUR('',#9391);
#11201 = CURVE_STYLE('',#11202,POSITIVE_LENGTH_MEASURE(0.1),#9391);
#11202 = DRAUGHTING_PRE_DEFINED_CURVE_FONT('continuous');
#11203 = STYLED_ITEM('color',(#11204),#7791);
#11204 = PRESENTATION_STYLE_ASSIGNMENT((#11205,#11210));
#11205 = SURFACE_STYLE_USAGE(.BOTH.,#11206);
#11206 = SURFACE_SIDE_STYLE('',(#11207));
#11207 = SURFACE_STYLE_FILL_AREA(#11208);
#11208 = FILL_AREA_STYLE('',(#11209));
#11209 = FILL_AREA_STYLE_COLOUR('',#9391);
#11210 = CURVE_STYLE('',#11211,POSITIVE_LENGTH_MEASURE(0.1),#9391);
#11211 = DRAUGHTING_PRE_DEFINED_CURVE_FONT('continuous');
#11212 = STYLED_ITEM('color',(#11213),#7803);
#11213 = PRESENTATION_STYLE_ASSIGNMENT((#11214,#11219));
#11214 = SURFACE_STYLE_USAGE(.BOTH.,#11215);
#11215 = SURFACE_SIDE_STYLE('',(#11216));
#11216 = SURFACE_STYLE_FILL_AREA(#11217);
#11217 = FILL_AREA_STYLE('',(#11218));
#11218 = FILL_AREA_STYLE_COLOUR('',#9391);
#11219 = CURVE_STYLE('',#11220,POSITIVE_LENGTH_MEASURE(0.1),#9391);
#11220 = DRAUGHTING_PRE_DEFINED_CURVE_FONT('continuous');
#11221 = STYLED_ITEM('color',(#11222),#7820);
#11222 = PRESENTATION_STYLE_ASSIGNMENT((#11223,#11228));
#11223 = SURFACE_STYLE_USAGE(.BOTH.,#11224);
#11224 = SURFACE_SIDE_STYLE('',(#11225));
#11225 = SURFACE_STYLE_FILL_AREA(#11226);
#11226 = FILL_AREA_STYLE('',(#11227));
#11227 = FILL_AREA_STYLE_COLOUR('',#9391);
#11228 = CURVE_STYLE('',#11229,POSITIVE_LENGTH_MEASURE(0.1),#9391);
#11229 = DRAUGHTING_PRE_DEFINED_CURVE_FONT('continuous');
#11230 = STYLED_ITEM('color',(#11231),#7837);
#11231 = PRESENTATION_STYLE_ASSIGNMENT((#11232,#11237));
#11232 = SURFACE_STYLE_USAGE(.BOTH.,#11233);
#11233 = SURFACE_SIDE_STYLE('',(#11234));
#11234 = SURFACE_STYLE_FILL_AREA(#11235);
#11235 = FILL_AREA_STYLE('',(#11236));
#11236 = FILL_AREA_STYLE_COLOUR('',#9391);
#11237 = CURVE_STYLE('',#11238,POSITIVE_LENGTH_MEASURE(0.1),#9391);
#11238 = DRAUGHTING_PRE_DEFINED_CURVE_FONT('continuous');
ENDSEC;
END-ISO-10303-21;
