ISO-10303-21;
HEADER;
FILE_DESCRIPTION(('KiCad electronic assembly'),'2;1');
FILE_NAME('dfrobot-module.step','2026-10-08T16:57:44',('Pcbnew'),(
    'Kicad'),'Open CASCADE STEP processor 7.9','KiCad to STEP converter'
  ,'Unknown');
FILE_SCHEMA(('AUTOMOTIVE_DESIGN { 1 0 10303 214 1 1 1 1 }'));
ENDSEC;
DATA;
#1 = APPLICATION_PROTOCOL_DEFINITION('international standard',
  'automotive_design',2000,#2);
#2 = APPLICATION_CONTEXT(
  'core data for automotive mechanical design processes');
#3 = SHAPE_DEFINITION_REPRESENTATION(#4,#10);
#4 = PRODUCT_DEFINITION_SHAPE('','',#5);
#5 = PRODUCT_DEFINITION('design','',#6,#9);
#6 = PRODUCT_DEFINITION_FORMATION('','',#7);
#7 = PRODUCT('dfrobot-module 1','dfrobot-module 1','',(#8));
#8 = PRODUCT_CONTEXT('',#2,'mechanical');
#9 = PRODUCT_DEFINITION_CONTEXT('part definition',#2,'design');
#10 = SHAPE_REPRESENTATION('',(#11,#15,#19,#23,#27,#31,#35,#39,#43,#47,
    #51,#55,#59,#63),#67);
#11 = AXIS2_PLACEMENT_3D('',#12,#13,#14);
#12 = CARTESIAN_POINT('',(0.,0.,0.));
#13 = DIRECTION('',(0.,0.,1.));
#14 = DIRECTION('',(1.,0.,-0.));
#15 = AXIS2_PLACEMENT_3D('',#16,#17,#18);
#16 = CARTESIAN_POINT('',(1.2,-12.,1.595));
#17 = DIRECTION('',(0.,-0.,1.));
#18 = DIRECTION('',(1.110223024625E-16,1.,0.));
#19 = AXIS2_PLACEMENT_3D('',#20,#21,#22);
#20 = CARTESIAN_POINT('',(2.8,-4.,1.595));
#21 = DIRECTION('',(0.,0.,1.));
#22 = DIRECTION('',(1.,0.,0.));
#23 = AXIS2_PLACEMENT_3D('',#24,#25,#26);
#24 = CARTESIAN_POINT('',(17.,-8.,1.595));
#25 = DIRECTION('',(0.,0.,1.));
#26 = DIRECTION('',(1.,0.,0.));
#27 = AXIS2_PLACEMENT_3D('',#28,#29,#30);
#28 = CARTESIAN_POINT('',(7.66,-17.,1.595));
#29 = DIRECTION('',(0.,0.,1.));
#30 = DIRECTION('',(1.,0.,0.));
#31 = AXIS2_PLACEMENT_3D('',#32,#33,#34);
#32 = CARTESIAN_POINT('',(17.,-11.,1.595));
#33 = DIRECTION('',(0.,0.,1.));
#34 = DIRECTION('',(1.,0.,0.));
#35 = AXIS2_PLACEMENT_3D('',#36,#37,#38);
#36 = CARTESIAN_POINT('',(9.,0.5,1.595));
#37 = DIRECTION('',(0.,0.,1.));
#38 = DIRECTION('',(1.,0.,0.));
#39 = AXIS2_PLACEMENT_3D('',#40,#41,#42);
#40 = CARTESIAN_POINT('',(11.5,0.5,1.595));
#41 = DIRECTION('',(0.,-0.,1.));
#42 = DIRECTION('',(1.110223024625E-16,1.,0.));
#43 = AXIS2_PLACEMENT_3D('',#44,#45,#46);
#44 = CARTESIAN_POINT('',(3.3,-12.,1.595));
#45 = DIRECTION('',(0.,-0.,1.));
#46 = DIRECTION('',(1.110223024625E-16,1.,0.));
#47 = AXIS2_PLACEMENT_3D('',#48,#49,#50);
#48 = CARTESIAN_POINT('',(6.35,-11.43,1.595));
#49 = DIRECTION('',(0.,-0.,1.));
#50 = DIRECTION('',(1.110223024625E-16,1.,0.));
#51 = AXIS2_PLACEMENT_3D('',#52,#53,#54);
#52 = CARTESIAN_POINT('',(3.3,-7.,1.595));
#53 = DIRECTION('',(0.,-0.,1.));
#54 = DIRECTION('',(1.110223024625E-16,1.,0.));
#55 = AXIS2_PLACEMENT_3D('',#56,#57,#58);
#56 = CARTESIAN_POINT('',(3.81,5.08,-8.5E-02));
#57 = DIRECTION('',(-1.224646799147E-16,-1.359631073447E-32,-1.));
#58 = DIRECTION('',(1.110223024625E-16,-1.,0.));
#59 = AXIS2_PLACEMENT_3D('',#60,#61,#62);
#60 = CARTESIAN_POINT('',(16.51,-17.78,-8.5E-02));
#61 = DIRECTION('',(-1.224646799147E-16,-1.359631073447E-32,-1.));
#62 = DIRECTION('',(1.110223024625E-16,-1.,0.));
#63 = AXIS2_PLACEMENT_3D('',#64,#65,#66);
#64 = CARTESIAN_POINT('',(0.,0.,0.));
#65 = DIRECTION('',(0.,0.,1.));
#66 = DIRECTION('',(1.,0.,-0.));
#67 = ( GEOMETRIC_REPRESENTATION_CONTEXT(3) 
GLOBAL_UNCERTAINTY_ASSIGNED_CONTEXT((#71)) GLOBAL_UNIT_ASSIGNED_CONTEXT(
(#68,#69,#70)) REPRESENTATION_CONTEXT('Context #1',
  '3D Context with UNIT and UNCERTAINTY') );
#68 = ( LENGTH_UNIT() NAMED_UNIT(*) SI_UNIT(.MILLI.,.METRE.) );
#69 = ( NAMED_UNIT(*) PLANE_ANGLE_UNIT() SI_UNIT($,.RADIAN.) );
#70 = ( NAMED_UNIT(*) SI_UNIT($,.STERADIAN.) SOLID_ANGLE_UNIT() );
#71 = UNCERTAINTY_MEASURE_WITH_UNIT(LENGTH_MEASURE(2.E-07),#68,
  'distance_accuracy_value','confusion accuracy');
#72 = PRODUCT_RELATED_PRODUCT_CATEGORY('part',$,(#7));
#73 = SHAPE_DEFINITION_REPRESENTATION(#74,#80);
#74 = PRODUCT_DEFINITION_SHAPE('','',#75);
#75 = PRODUCT_DEFINITION('design','',#76,#79);
#76 = PRODUCT_DEFINITION_FORMATION('','',#77);
#77 = PRODUCT('LED_0805_2012Metric','LED_0805_2012Metric','',(#78));
#78 = PRODUCT_CONTEXT('',#2,'mechanical');
#79 = PRODUCT_DEFINITION_CONTEXT('part definition',#2,'design');
#80 = ADVANCED_BREP_SHAPE_REPRESENTATION('',(#11,#81),#1604);
#81 = MANIFOLD_SOLID_BREP('',#82);
#82 = CLOSED_SHELL('',(#83,#123,#170,#249,#273,#313,#344,#361,#394,#418,
    #485,#606,#673,#697,#728,#761,#817,#841,#865,#889,#922,#934,#997,
    #1022,#1039,#1063,#1081,#1099,#1117,#1134,#1151,#1182,#1207,#1232,
    #1256,#1273,#1304,#1328,#1345,#1373,#1398,#1422,#1447,#1494,#1511,
    #1523,#1545,#1557,#1575,#1593));
#83 = ADVANCED_FACE('',(#84),#118,.F.);
#84 = FACE_BOUND('',#85,.F.);
#85 = EDGE_LOOP('',(#86,#96,#104,#112));
#86 = ORIENTED_EDGE('',*,*,#87,.T.);
#87 = EDGE_CURVE('',#88,#90,#92,.T.);
#88 = VERTEX_POINT('',#89);
#89 = CARTESIAN_POINT('',(-0.65,-0.625,0.465));
#90 = VERTEX_POINT('',#91);
#91 = CARTESIAN_POINT('',(-0.585,-0.625,1.1));
#92 = LINE('',#93,#94);
#93 = CARTESIAN_POINT('',(-0.65,-0.625,0.465));
#94 = VECTOR('',#95,1.);
#95 = DIRECTION('',(0.101830105936,0.,0.994801804142));
#96 = ORIENTED_EDGE('',*,*,#97,.T.);
#97 = EDGE_CURVE('',#90,#98,#100,.T.);
#98 = VERTEX_POINT('',#99);
#99 = CARTESIAN_POINT('',(0.585,-0.625,1.1));
#100 = LINE('',#101,#102);
#101 = CARTESIAN_POINT('',(-0.585,-0.625,1.1));
#102 = VECTOR('',#103,1.);
#103 = DIRECTION('',(1.,0.,0.));
#104 = ORIENTED_EDGE('',*,*,#105,.T.);
#105 = EDGE_CURVE('',#98,#106,#108,.T.);
#106 = VERTEX_POINT('',#107);
#107 = CARTESIAN_POINT('',(0.65,-0.625,0.465));
#108 = LINE('',#109,#110);
#109 = CARTESIAN_POINT('',(0.585,-0.625,1.1));
#110 = VECTOR('',#111,1.);
#111 = DIRECTION('',(0.101830105936,0.,-0.994801804142));
#112 = ORIENTED_EDGE('',*,*,#113,.T.);
#113 = EDGE_CURVE('',#106,#88,#114,.T.);
#114 = LINE('',#115,#116);
#115 = CARTESIAN_POINT('',(0.65,-0.625,0.465));
#116 = VECTOR('',#117,1.);
#117 = DIRECTION('',(-1.,0.,-4.270088556251E-17));
#118 = PLANE('',#119);
#119 = AXIS2_PLACEMENT_3D('',#120,#121,#122);
#120 = CARTESIAN_POINT('',(1.481626402817E-17,-0.625,0.771483451357));
#121 = DIRECTION('',(-5.57234551408E-33,1.,3.18580557984E-32));
#122 = DIRECTION('',(0.,-3.18580557984E-32,1.));
#123 = ADVANCED_FACE('',(#124),#165,.T.);
#124 = FACE_BOUND('',#125,.T.);
#125 = EDGE_LOOP('',(#126,#136,#144,#150,#151,#159));
#126 = ORIENTED_EDGE('',*,*,#127,.T.);
#127 = EDGE_CURVE('',#128,#130,#132,.T.);
#128 = VERTEX_POINT('',#129);
#129 = CARTESIAN_POINT('',(-0.65,0.625,0.465));
#130 = VERTEX_POINT('',#131);
#131 = CARTESIAN_POINT('',(-0.65,0.46875,0.465));
#132 = LINE('',#133,#134);
#133 = CARTESIAN_POINT('',(-0.65,0.625,0.465));
#134 = VECTOR('',#135,1.);
#135 = DIRECTION('',(0.,-1.,0.));
#136 = ORIENTED_EDGE('',*,*,#137,.F.);
#137 = EDGE_CURVE('',#138,#130,#140,.T.);
#138 = VERTEX_POINT('',#139);
#139 = CARTESIAN_POINT('',(-0.65,-0.46875,0.465));
#140 = LINE('',#141,#142);
#141 = CARTESIAN_POINT('',(-0.65,-0.625,0.465));
#142 = VECTOR('',#143,1.);
#143 = DIRECTION('',(0.,1.,0.));
#144 = ORIENTED_EDGE('',*,*,#145,.T.);
#145 = EDGE_CURVE('',#138,#88,#146,.T.);
#146 = LINE('',#147,#148);
#147 = CARTESIAN_POINT('',(-0.65,0.625,0.465));
#148 = VECTOR('',#149,1.);
#149 = DIRECTION('',(0.,-1.,0.));
#150 = ORIENTED_EDGE('',*,*,#87,.T.);
#151 = ORIENTED_EDGE('',*,*,#152,.F.);
#152 = EDGE_CURVE('',#153,#90,#155,.T.);
#153 = VERTEX_POINT('',#154);
#154 = CARTESIAN_POINT('',(-0.585,0.625,1.1));
#155 = LINE('',#156,#157);
#156 = CARTESIAN_POINT('',(-0.585,0.625,1.1));
#157 = VECTOR('',#158,1.);
#158 = DIRECTION('',(0.,-1.,0.));
#159 = ORIENTED_EDGE('',*,*,#160,.F.);
#160 = EDGE_CURVE('',#128,#153,#161,.T.);
#161 = LINE('',#162,#163);
#162 = CARTESIAN_POINT('',(-0.65,0.625,0.465));
#163 = VECTOR('',#164,1.);
#164 = DIRECTION('',(0.101830105936,0.,0.994801804142));
#165 = PLANE('',#166);
#166 = AXIS2_PLACEMENT_3D('',#167,#168,#169);
#167 = CARTESIAN_POINT('',(-0.65,0.625,0.465));
#168 = DIRECTION('',(-0.994801804142,0.,0.101830105936));
#169 = DIRECTION('',(0.101830105936,0.,0.994801804142));
#170 = ADVANCED_FACE('',(#171),#244,.F.);
#171 = FACE_BOUND('',#172,.F.);
#172 = EDGE_LOOP('',(#173,#183,#191,#199,#205,#206,#214,#222,#230,#238)
  );
#173 = ORIENTED_EDGE('',*,*,#174,.F.);
#174 = EDGE_CURVE('',#175,#177,#179,.T.);
#175 = VERTEX_POINT('',#176);
#176 = CARTESIAN_POINT('',(-0.965,-0.625,3.5E-02));
#177 = VERTEX_POINT('',#178);
#178 = CARTESIAN_POINT('',(-0.9125,-0.625,3.5E-02));
#179 = LINE('',#180,#181);
#180 = CARTESIAN_POINT('',(-0.965,-0.625,3.5E-02));
#181 = VECTOR('',#182,1.);
#182 = DIRECTION('',(1.,0.,0.));
#183 = ORIENTED_EDGE('',*,*,#184,.T.);
#184 = EDGE_CURVE('',#175,#185,#187,.T.);
#185 = VERTEX_POINT('',#186);
#186 = CARTESIAN_POINT('',(-0.965,-0.625,0.465));
#187 = LINE('',#188,#189);
#188 = CARTESIAN_POINT('',(-0.965,-0.625,3.5E-02));
#189 = VECTOR('',#190,1.);
#190 = DIRECTION('',(0.,0.,1.));
#191 = ORIENTED_EDGE('',*,*,#192,.T.);
#192 = EDGE_CURVE('',#185,#193,#195,.T.);
#193 = VERTEX_POINT('',#194);
#194 = CARTESIAN_POINT('',(-0.9125,-0.625,0.465));
#195 = LINE('',#196,#197);
#196 = CARTESIAN_POINT('',(-0.965,-0.625,0.465));
#197 = VECTOR('',#198,1.);
#198 = DIRECTION('',(1.,0.,0.));
#199 = ORIENTED_EDGE('',*,*,#200,.T.);
#200 = EDGE_CURVE('',#193,#88,#201,.T.);
#201 = LINE('',#202,#203);
#202 = CARTESIAN_POINT('',(-0.965,-0.625,0.465));
#203 = VECTOR('',#204,1.);
#204 = DIRECTION('',(1.,0.,0.));
#205 = ORIENTED_EDGE('',*,*,#113,.F.);
#206 = ORIENTED_EDGE('',*,*,#207,.T.);
#207 = EDGE_CURVE('',#106,#208,#210,.T.);
#208 = VERTEX_POINT('',#209);
#209 = CARTESIAN_POINT('',(0.9125,-0.625,0.465));
#210 = LINE('',#211,#212);
#211 = CARTESIAN_POINT('',(-0.965,-0.625,0.465));
#212 = VECTOR('',#213,1.);
#213 = DIRECTION('',(1.,0.,0.));
#214 = ORIENTED_EDGE('',*,*,#215,.T.);
#215 = EDGE_CURVE('',#208,#216,#218,.T.);
#216 = VERTEX_POINT('',#217);
#217 = CARTESIAN_POINT('',(0.965,-0.625,0.465));
#218 = LINE('',#219,#220);
#219 = CARTESIAN_POINT('',(-0.965,-0.625,0.465));
#220 = VECTOR('',#221,1.);
#221 = DIRECTION('',(1.,0.,0.));
#222 = ORIENTED_EDGE('',*,*,#223,.F.);
#223 = EDGE_CURVE('',#224,#216,#226,.T.);
#224 = VERTEX_POINT('',#225);
#225 = CARTESIAN_POINT('',(0.965,-0.625,3.5E-02));
#226 = LINE('',#227,#228);
#227 = CARTESIAN_POINT('',(0.965,-0.625,3.5E-02));
#228 = VECTOR('',#229,1.);
#229 = DIRECTION('',(0.,0.,1.));
#230 = ORIENTED_EDGE('',*,*,#231,.F.);
#231 = EDGE_CURVE('',#232,#224,#234,.T.);
#232 = VERTEX_POINT('',#233);
#233 = CARTESIAN_POINT('',(0.9125,-0.625,3.5E-02));
#234 = LINE('',#235,#236);
#235 = CARTESIAN_POINT('',(-0.965,-0.625,3.5E-02));
#236 = VECTOR('',#237,1.);
#237 = DIRECTION('',(1.,0.,0.));
#238 = ORIENTED_EDGE('',*,*,#239,.F.);
#239 = EDGE_CURVE('',#177,#232,#240,.T.);
#240 = LINE('',#241,#242);
#241 = CARTESIAN_POINT('',(-0.965,-0.625,3.5E-02));
#242 = VECTOR('',#243,1.);
#243 = DIRECTION('',(1.,0.,0.));
#244 = PLANE('',#245);
#245 = AXIS2_PLACEMENT_3D('',#246,#247,#248);
#246 = CARTESIAN_POINT('',(-0.965,-0.625,3.5E-02));
#247 = DIRECTION('',(0.,1.,0.));
#248 = DIRECTION('',(0.,-0.,1.));
#249 = ADVANCED_FACE('',(#250),#268,.T.);
#250 = FACE_BOUND('',#251,.T.);
#251 = EDGE_LOOP('',(#252,#253,#254,#262));
#252 = ORIENTED_EDGE('',*,*,#152,.T.);
#253 = ORIENTED_EDGE('',*,*,#97,.T.);
#254 = ORIENTED_EDGE('',*,*,#255,.F.);
#255 = EDGE_CURVE('',#256,#98,#258,.T.);
#256 = VERTEX_POINT('',#257);
#257 = CARTESIAN_POINT('',(0.585,0.625,1.1));
#258 = LINE('',#259,#260);
#259 = CARTESIAN_POINT('',(0.585,0.625,1.1));
#260 = VECTOR('',#261,1.);
#261 = DIRECTION('',(0.,-1.,0.));
#262 = ORIENTED_EDGE('',*,*,#263,.F.);
#263 = EDGE_CURVE('',#153,#256,#264,.T.);
#264 = LINE('',#265,#266);
#265 = CARTESIAN_POINT('',(-0.585,0.625,1.1));
#266 = VECTOR('',#267,1.);
#267 = DIRECTION('',(1.,0.,0.));
#268 = PLANE('',#269);
#269 = AXIS2_PLACEMENT_3D('',#270,#271,#272);
#270 = CARTESIAN_POINT('',(-0.585,0.625,1.1));
#271 = DIRECTION('',(0.,0.,1.));
#272 = DIRECTION('',(1.,0.,-0.));
#273 = ADVANCED_FACE('',(#274),#308,.T.);
#274 = FACE_BOUND('',#275,.T.);
#275 = EDGE_LOOP('',(#276,#277,#278,#286,#294,#302));
#276 = ORIENTED_EDGE('',*,*,#255,.T.);
#277 = ORIENTED_EDGE('',*,*,#105,.T.);
#278 = ORIENTED_EDGE('',*,*,#279,.F.);
#279 = EDGE_CURVE('',#280,#106,#282,.T.);
#280 = VERTEX_POINT('',#281);
#281 = CARTESIAN_POINT('',(0.65,-0.46875,0.465));
#282 = LINE('',#283,#284);
#283 = CARTESIAN_POINT('',(0.65,0.625,0.465));
#284 = VECTOR('',#285,1.);
#285 = DIRECTION('',(0.,-1.,0.));
#286 = ORIENTED_EDGE('',*,*,#287,.F.);
#287 = EDGE_CURVE('',#288,#280,#290,.T.);
#288 = VERTEX_POINT('',#289);
#289 = CARTESIAN_POINT('',(0.65,0.46875,0.465));
#290 = LINE('',#291,#292);
#291 = CARTESIAN_POINT('',(0.65,0.625,0.465));
#292 = VECTOR('',#293,1.);
#293 = DIRECTION('',(0.,-1.,0.));
#294 = ORIENTED_EDGE('',*,*,#295,.F.);
#295 = EDGE_CURVE('',#296,#288,#298,.T.);
#296 = VERTEX_POINT('',#297);
#297 = CARTESIAN_POINT('',(0.65,0.625,0.465));
#298 = LINE('',#299,#300);
#299 = CARTESIAN_POINT('',(0.65,0.625,0.465));
#300 = VECTOR('',#301,1.);
#301 = DIRECTION('',(0.,-1.,0.));
#302 = ORIENTED_EDGE('',*,*,#303,.F.);
#303 = EDGE_CURVE('',#256,#296,#304,.T.);
#304 = LINE('',#305,#306);
#305 = CARTESIAN_POINT('',(0.585,0.625,1.1));
#306 = VECTOR('',#307,1.);
#307 = DIRECTION('',(0.101830105936,0.,-0.994801804142));
#308 = PLANE('',#309);
#309 = AXIS2_PLACEMENT_3D('',#310,#311,#312);
#310 = CARTESIAN_POINT('',(0.585,0.625,1.1));
#311 = DIRECTION('',(0.994801804142,0.,0.101830105936));
#312 = DIRECTION('',(0.101830105936,0.,-0.994801804142));
#313 = ADVANCED_FACE('',(#314),#339,.T.);
#314 = FACE_BOUND('',#315,.T.);
#315 = EDGE_LOOP('',(#316,#324,#332,#338));
#316 = ORIENTED_EDGE('',*,*,#317,.F.);
#317 = EDGE_CURVE('',#318,#128,#320,.T.);
#318 = VERTEX_POINT('',#319);
#319 = CARTESIAN_POINT('',(-0.9125,0.625,0.465));
#320 = LINE('',#321,#322);
#321 = CARTESIAN_POINT('',(-0.965,0.625,0.465));
#322 = VECTOR('',#323,1.);
#323 = DIRECTION('',(1.,0.,0.));
#324 = ORIENTED_EDGE('',*,*,#325,.F.);
#325 = EDGE_CURVE('',#326,#318,#328,.T.);
#326 = VERTEX_POINT('',#327);
#327 = CARTESIAN_POINT('',(-0.9125,0.46875,0.465));
#328 = LINE('',#329,#330);
#329 = CARTESIAN_POINT('',(-0.9125,7.8125E-02,0.465));
#330 = VECTOR('',#331,1.);
#331 = DIRECTION('',(0.,1.,0.));
#332 = ORIENTED_EDGE('',*,*,#333,.F.);
#333 = EDGE_CURVE('',#130,#326,#334,.T.);
#334 = LINE('',#335,#336);
#335 = CARTESIAN_POINT('',(-0.93875,0.46875,0.465));
#336 = VECTOR('',#337,1.);
#337 = DIRECTION('',(-1.,0.,0.));
#338 = ORIENTED_EDGE('',*,*,#127,.F.);
#339 = PLANE('',#340);
#340 = AXIS2_PLACEMENT_3D('',#341,#342,#343);
#341 = CARTESIAN_POINT('',(-0.965,-0.625,0.465));
#342 = DIRECTION('',(0.,0.,1.));
#343 = DIRECTION('',(1.,0.,-0.));
#344 = ADVANCED_FACE('',(#345),#356,.T.);
#345 = FACE_BOUND('',#346,.T.);
#346 = EDGE_LOOP('',(#347,#348,#349,#350));
#347 = ORIENTED_EDGE('',*,*,#160,.T.);
#348 = ORIENTED_EDGE('',*,*,#263,.T.);
#349 = ORIENTED_EDGE('',*,*,#303,.T.);
#350 = ORIENTED_EDGE('',*,*,#351,.T.);
#351 = EDGE_CURVE('',#296,#128,#352,.T.);
#352 = LINE('',#353,#354);
#353 = CARTESIAN_POINT('',(0.65,0.625,0.465));
#354 = VECTOR('',#355,1.);
#355 = DIRECTION('',(-1.,0.,-4.270088556251E-17));
#356 = PLANE('',#357);
#357 = AXIS2_PLACEMENT_3D('',#358,#359,#360);
#358 = CARTESIAN_POINT('',(1.481626402817E-17,0.625,0.771483451357));
#359 = DIRECTION('',(-5.57234551408E-33,1.,3.18580557984E-32));
#360 = DIRECTION('',(0.,-3.18580557984E-32,1.));
#361 = ADVANCED_FACE('',(#362),#389,.T.);
#362 = FACE_BOUND('',#363,.T.);
#363 = EDGE_LOOP('',(#364,#373,#381,#388));
#364 = ORIENTED_EDGE('',*,*,#365,.F.);
#365 = EDGE_CURVE('',#366,#130,#368,.T.);
#366 = VERTEX_POINT('',#367);
#367 = CARTESIAN_POINT('',(-0.685,0.46875,0.5));
#368 = CIRCLE('',#369,3.5E-02);
#369 = AXIS2_PLACEMENT_3D('',#370,#371,#372);
#370 = CARTESIAN_POINT('',(-0.685,0.46875,0.465));
#371 = DIRECTION('',(-0.,1.,0.));
#372 = DIRECTION('',(1.,0.,0.));
#373 = ORIENTED_EDGE('',*,*,#374,.F.);
#374 = EDGE_CURVE('',#375,#366,#377,.T.);
#375 = VERTEX_POINT('',#376);
#376 = CARTESIAN_POINT('',(-0.685,-0.46875,0.5));
#377 = LINE('',#378,#379);
#378 = CARTESIAN_POINT('',(-0.685,-0.625,0.5));
#379 = VECTOR('',#380,1.);
#380 = DIRECTION('',(0.,1.,0.));
#381 = ORIENTED_EDGE('',*,*,#382,.T.);
#382 = EDGE_CURVE('',#375,#138,#383,.T.);
#383 = CIRCLE('',#384,3.5E-02);
#384 = AXIS2_PLACEMENT_3D('',#385,#386,#387);
#385 = CARTESIAN_POINT('',(-0.685,-0.46875,0.465));
#386 = DIRECTION('',(-0.,1.,0.));
#387 = DIRECTION('',(1.,0.,0.));
#388 = ORIENTED_EDGE('',*,*,#137,.T.);
#389 = CYLINDRICAL_SURFACE('',#390,3.5E-02);
#390 = AXIS2_PLACEMENT_3D('',#391,#392,#393);
#391 = CARTESIAN_POINT('',(-0.685,-0.625,0.465));
#392 = DIRECTION('',(0.,1.,0.));
#393 = DIRECTION('',(1.,0.,0.));
#394 = ADVANCED_FACE('',(#395),#413,.T.);
#395 = FACE_BOUND('',#396,.T.);
#396 = EDGE_LOOP('',(#397,#405,#406,#407));
#397 = ORIENTED_EDGE('',*,*,#398,.F.);
#398 = EDGE_CURVE('',#193,#399,#401,.T.);
#399 = VERTEX_POINT('',#400);
#400 = CARTESIAN_POINT('',(-0.9125,-0.46875,0.465));
#401 = LINE('',#402,#403);
#402 = CARTESIAN_POINT('',(-0.9125,-0.546875,0.465));
#403 = VECTOR('',#404,1.);
#404 = DIRECTION('',(0.,1.,0.));
#405 = ORIENTED_EDGE('',*,*,#200,.T.);
#406 = ORIENTED_EDGE('',*,*,#145,.F.);
#407 = ORIENTED_EDGE('',*,*,#408,.F.);
#408 = EDGE_CURVE('',#399,#138,#409,.T.);
#409 = LINE('',#410,#411);
#410 = CARTESIAN_POINT('',(-2.625E-02,-0.46875,0.465));
#411 = VECTOR('',#412,1.);
#412 = DIRECTION('',(1.,0.,0.));
#413 = PLANE('',#414);
#414 = AXIS2_PLACEMENT_3D('',#415,#416,#417);
#415 = CARTESIAN_POINT('',(-0.965,-0.625,0.465));
#416 = DIRECTION('',(0.,0.,1.));
#417 = DIRECTION('',(1.,0.,-0.));
#418 = ADVANCED_FACE('',(#419),#480,.F.);
#419 = FACE_BOUND('',#420,.F.);
#420 = EDGE_LOOP('',(#421,#431,#440,#448,#457,#465,#471,#472,#473,#474)
  );
#421 = ORIENTED_EDGE('',*,*,#422,.F.);
#422 = EDGE_CURVE('',#423,#425,#427,.T.);
#423 = VERTEX_POINT('',#424);
#424 = CARTESIAN_POINT('',(-0.965,-0.625,-6.938893903907E-18));
#425 = VERTEX_POINT('',#426);
#426 = CARTESIAN_POINT('',(-0.9125,-0.625,0.));
#427 = LINE('',#428,#429);
#428 = CARTESIAN_POINT('',(-1.,-0.625,0.));
#429 = VECTOR('',#430,1.);
#430 = DIRECTION('',(1.,0.,0.));
#431 = ORIENTED_EDGE('',*,*,#432,.F.);
#432 = EDGE_CURVE('',#433,#423,#435,.T.);
#433 = VERTEX_POINT('',#434);
#434 = CARTESIAN_POINT('',(-1.,-0.625,3.5E-02));
#435 = CIRCLE('',#436,3.5E-02);
#436 = AXIS2_PLACEMENT_3D('',#437,#438,#439);
#437 = CARTESIAN_POINT('',(-0.965,-0.625,3.5E-02));
#438 = DIRECTION('',(0.,-1.,0.));
#439 = DIRECTION('',(0.,0.,1.));
#440 = ORIENTED_EDGE('',*,*,#441,.T.);
#441 = EDGE_CURVE('',#433,#442,#444,.T.);
#442 = VERTEX_POINT('',#443);
#443 = CARTESIAN_POINT('',(-1.,-0.625,0.465));
#444 = LINE('',#445,#446);
#445 = CARTESIAN_POINT('',(-1.,-0.625,0.));
#446 = VECTOR('',#447,1.);
#447 = DIRECTION('',(0.,0.,1.));
#448 = ORIENTED_EDGE('',*,*,#449,.T.);
#449 = EDGE_CURVE('',#442,#450,#452,.T.);
#450 = VERTEX_POINT('',#451);
#451 = CARTESIAN_POINT('',(-0.965,-0.625,0.5));
#452 = CIRCLE('',#453,3.5E-02);
#453 = AXIS2_PLACEMENT_3D('',#454,#455,#456);
#454 = CARTESIAN_POINT('',(-0.965,-0.625,0.465));
#455 = DIRECTION('',(0.,1.,0.));
#456 = DIRECTION('',(0.,-0.,1.));
#457 = ORIENTED_EDGE('',*,*,#458,.T.);
#458 = EDGE_CURVE('',#450,#459,#461,.T.);
#459 = VERTEX_POINT('',#460);
#460 = CARTESIAN_POINT('',(-0.9125,-0.625,0.5));
#461 = LINE('',#462,#463);
#462 = CARTESIAN_POINT('',(-1.,-0.625,0.5));
#463 = VECTOR('',#464,1.);
#464 = DIRECTION('',(1.,0.,0.));
#465 = ORIENTED_EDGE('',*,*,#466,.F.);
#466 = EDGE_CURVE('',#193,#459,#467,.T.);
#467 = LINE('',#468,#469);
#468 = CARTESIAN_POINT('',(-0.9125,-0.625,0.375));
#469 = VECTOR('',#470,1.);
#470 = DIRECTION('',(0.,0.,1.));
#471 = ORIENTED_EDGE('',*,*,#192,.F.);
#472 = ORIENTED_EDGE('',*,*,#184,.F.);
#473 = ORIENTED_EDGE('',*,*,#174,.T.);
#474 = ORIENTED_EDGE('',*,*,#475,.F.);
#475 = EDGE_CURVE('',#425,#177,#476,.T.);
#476 = LINE('',#477,#478);
#477 = CARTESIAN_POINT('',(-0.9125,-0.625,0.375));
#478 = VECTOR('',#479,1.);
#479 = DIRECTION('',(0.,0.,1.));
#480 = PLANE('',#481);
#481 = AXIS2_PLACEMENT_3D('',#482,#483,#484);
#482 = CARTESIAN_POINT('',(-1.,-0.625,0.));
#483 = DIRECTION('',(0.,1.,0.));
#484 = DIRECTION('',(0.,-0.,1.));
#485 = ADVANCED_FACE('',(#486,#575),#601,.F.);
#486 = FACE_BOUND('',#487,.F.);
#487 = EDGE_LOOP('',(#488,#496,#497,#505,#513,#521,#529,#537,#545,#553,
    #561,#569));
#488 = ORIENTED_EDGE('',*,*,#489,.F.);
#489 = EDGE_CURVE('',#177,#490,#492,.T.);
#490 = VERTEX_POINT('',#491);
#491 = CARTESIAN_POINT('',(-0.9125,-0.46875,3.5E-02));
#492 = LINE('',#493,#494);
#493 = CARTESIAN_POINT('',(-0.9125,-0.546875,3.5E-02));
#494 = VECTOR('',#495,1.);
#495 = DIRECTION('',(0.,1.,0.));
#496 = ORIENTED_EDGE('',*,*,#239,.T.);
#497 = ORIENTED_EDGE('',*,*,#498,.F.);
#498 = EDGE_CURVE('',#499,#232,#501,.T.);
#499 = VERTEX_POINT('',#500);
#500 = CARTESIAN_POINT('',(0.9125,-0.46875,3.5E-02));
#501 = LINE('',#502,#503);
#502 = CARTESIAN_POINT('',(0.9125,-0.703125,3.5E-02));
#503 = VECTOR('',#504,1.);
#504 = DIRECTION('',(0.,-1.,0.));
#505 = ORIENTED_EDGE('',*,*,#506,.F.);
#506 = EDGE_CURVE('',#507,#499,#509,.T.);
#507 = VERTEX_POINT('',#508);
#508 = CARTESIAN_POINT('',(0.65,-0.46875,3.5E-02));
#509 = LINE('',#510,#511);
#510 = CARTESIAN_POINT('',(-2.625E-02,-0.46875,3.5E-02));
#511 = VECTOR('',#512,1.);
#512 = DIRECTION('',(1.,0.,0.));
#513 = ORIENTED_EDGE('',*,*,#514,.T.);
#514 = EDGE_CURVE('',#507,#515,#517,.T.);
#515 = VERTEX_POINT('',#516);
#516 = CARTESIAN_POINT('',(0.65,0.46875,3.5E-02));
#517 = LINE('',#518,#519);
#518 = CARTESIAN_POINT('',(0.65,-0.625,3.5E-02));
#519 = VECTOR('',#520,1.);
#520 = DIRECTION('',(0.,1.,0.));
#521 = ORIENTED_EDGE('',*,*,#522,.F.);
#522 = EDGE_CURVE('',#523,#515,#525,.T.);
#523 = VERTEX_POINT('',#524);
#524 = CARTESIAN_POINT('',(0.9125,0.46875,3.5E-02));
#525 = LINE('',#526,#527);
#526 = CARTESIAN_POINT('',(-0.93875,0.46875,3.5E-02));
#527 = VECTOR('',#528,1.);
#528 = DIRECTION('',(-1.,0.,0.));
#529 = ORIENTED_EDGE('',*,*,#530,.F.);
#530 = EDGE_CURVE('',#531,#523,#533,.T.);
#531 = VERTEX_POINT('',#532);
#532 = CARTESIAN_POINT('',(0.9125,0.625,3.5E-02));
#533 = LINE('',#534,#535);
#534 = CARTESIAN_POINT('',(0.9125,-7.8125E-02,3.5E-02));
#535 = VECTOR('',#536,1.);
#536 = DIRECTION('',(0.,-1.,0.));
#537 = ORIENTED_EDGE('',*,*,#538,.F.);
#538 = EDGE_CURVE('',#539,#531,#541,.T.);
#539 = VERTEX_POINT('',#540);
#540 = CARTESIAN_POINT('',(-0.9125,0.625,3.5E-02));
#541 = LINE('',#542,#543);
#542 = CARTESIAN_POINT('',(-0.965,0.625,3.5E-02));
#543 = VECTOR('',#544,1.);
#544 = DIRECTION('',(1.,0.,0.));
#545 = ORIENTED_EDGE('',*,*,#546,.F.);
#546 = EDGE_CURVE('',#547,#539,#549,.T.);
#547 = VERTEX_POINT('',#548);
#548 = CARTESIAN_POINT('',(-0.9125,0.46875,3.5E-02));
#549 = LINE('',#550,#551);
#550 = CARTESIAN_POINT('',(-0.9125,7.8125E-02,3.5E-02));
#551 = VECTOR('',#552,1.);
#552 = DIRECTION('',(0.,1.,0.));
#553 = ORIENTED_EDGE('',*,*,#554,.F.);
#554 = EDGE_CURVE('',#555,#547,#557,.T.);
#555 = VERTEX_POINT('',#556);
#556 = CARTESIAN_POINT('',(-0.65,0.46875,3.5E-02));
#557 = LINE('',#558,#559);
#558 = CARTESIAN_POINT('',(-0.93875,0.46875,3.5E-02));
#559 = VECTOR('',#560,1.);
#560 = DIRECTION('',(-1.,0.,0.));
#561 = ORIENTED_EDGE('',*,*,#562,.F.);
#562 = EDGE_CURVE('',#563,#555,#565,.T.);
#563 = VERTEX_POINT('',#564);
#564 = CARTESIAN_POINT('',(-0.65,-0.46875,3.5E-02));
#565 = LINE('',#566,#567);
#566 = CARTESIAN_POINT('',(-0.65,-0.625,3.5E-02));
#567 = VECTOR('',#568,1.);
#568 = DIRECTION('',(0.,1.,0.));
#569 = ORIENTED_EDGE('',*,*,#570,.F.);
#570 = EDGE_CURVE('',#490,#563,#571,.T.);
#571 = LINE('',#572,#573);
#572 = CARTESIAN_POINT('',(-2.625E-02,-0.46875,3.5E-02));
#573 = VECTOR('',#574,1.);
#574 = DIRECTION('',(1.,0.,0.));
#575 = FACE_BOUND('',#576,.F.);
#576 = EDGE_LOOP('',(#577,#587,#595));
#577 = ORIENTED_EDGE('',*,*,#578,.T.);
#578 = EDGE_CURVE('',#579,#581,#583,.T.);
#579 = VERTEX_POINT('',#580);
#580 = CARTESIAN_POINT('',(0.433012701892,0.5,3.5E-02));
#581 = VERTEX_POINT('',#582);
#582 = CARTESIAN_POINT('',(0.433012701892,-0.5,3.5E-02));
#583 = LINE('',#584,#585);
#584 = CARTESIAN_POINT('',(0.433012701892,0.5,3.5E-02));
#585 = VECTOR('',#586,1.);
#586 = DIRECTION('',(0.,-1.,0.));
#587 = ORIENTED_EDGE('',*,*,#588,.T.);
#588 = EDGE_CURVE('',#581,#589,#591,.T.);
#589 = VERTEX_POINT('',#590);
#590 = CARTESIAN_POINT('',(-0.433012701892,0.,3.5E-02));
#591 = LINE('',#592,#593);
#592 = CARTESIAN_POINT('',(0.433012701892,-0.5,3.5E-02));
#593 = VECTOR('',#594,1.);
#594 = DIRECTION('',(-0.866025403784,0.5,0.));
#595 = ORIENTED_EDGE('',*,*,#596,.T.);
#596 = EDGE_CURVE('',#589,#579,#597,.T.);
#597 = LINE('',#598,#599);
#598 = CARTESIAN_POINT('',(-0.433012701892,0.,3.5E-02));
#599 = VECTOR('',#600,1.);
#600 = DIRECTION('',(0.866025403784,0.5,0.));
#601 = PLANE('',#602);
#602 = AXIS2_PLACEMENT_3D('',#603,#604,#605);
#603 = CARTESIAN_POINT('',(-0.965,-0.625,3.5E-02));
#604 = DIRECTION('',(0.,0.,1.));
#605 = DIRECTION('',(1.,0.,-0.));
#606 = ADVANCED_FACE('',(#607),#668,.F.);
#607 = FACE_BOUND('',#608,.F.);
#608 = EDGE_LOOP('',(#609,#619,#625,#626,#627,#628,#636,#644,#653,#661)
  );
#609 = ORIENTED_EDGE('',*,*,#610,.F.);
#610 = EDGE_CURVE('',#611,#613,#615,.T.);
#611 = VERTEX_POINT('',#612);
#612 = CARTESIAN_POINT('',(0.9125,-0.625,0.));
#613 = VERTEX_POINT('',#614);
#614 = CARTESIAN_POINT('',(0.965,-0.625,-6.938893903907E-18));
#615 = LINE('',#616,#617);
#616 = CARTESIAN_POINT('',(0.65,-0.625,0.));
#617 = VECTOR('',#618,1.);
#618 = DIRECTION('',(1.,0.,0.));
#619 = ORIENTED_EDGE('',*,*,#620,.F.);
#620 = EDGE_CURVE('',#232,#611,#621,.T.);
#621 = LINE('',#622,#623);
#622 = CARTESIAN_POINT('',(0.9125,-0.625,0.375));
#623 = VECTOR('',#624,1.);
#624 = DIRECTION('',(0.,0.,-1.));
#625 = ORIENTED_EDGE('',*,*,#231,.T.);
#626 = ORIENTED_EDGE('',*,*,#223,.T.);
#627 = ORIENTED_EDGE('',*,*,#215,.F.);
#628 = ORIENTED_EDGE('',*,*,#629,.F.);
#629 = EDGE_CURVE('',#630,#208,#632,.T.);
#630 = VERTEX_POINT('',#631);
#631 = CARTESIAN_POINT('',(0.9125,-0.625,0.5));
#632 = LINE('',#633,#634);
#633 = CARTESIAN_POINT('',(0.9125,-0.625,0.375));
#634 = VECTOR('',#635,1.);
#635 = DIRECTION('',(0.,0.,-1.));
#636 = ORIENTED_EDGE('',*,*,#637,.T.);
#637 = EDGE_CURVE('',#630,#638,#640,.T.);
#638 = VERTEX_POINT('',#639);
#639 = CARTESIAN_POINT('',(0.965,-0.625,0.5));
#640 = LINE('',#641,#642);
#641 = CARTESIAN_POINT('',(0.65,-0.625,0.5));
#642 = VECTOR('',#643,1.);
#643 = DIRECTION('',(1.,0.,0.));
#644 = ORIENTED_EDGE('',*,*,#645,.F.);
#645 = EDGE_CURVE('',#646,#638,#648,.T.);
#646 = VERTEX_POINT('',#647);
#647 = CARTESIAN_POINT('',(1.,-0.625,0.465));
#648 = CIRCLE('',#649,3.5E-02);
#649 = AXIS2_PLACEMENT_3D('',#650,#651,#652);
#650 = CARTESIAN_POINT('',(0.965,-0.625,0.465));
#651 = DIRECTION('',(0.,-1.,0.));
#652 = DIRECTION('',(0.,0.,1.));
#653 = ORIENTED_EDGE('',*,*,#654,.F.);
#654 = EDGE_CURVE('',#655,#646,#657,.T.);
#655 = VERTEX_POINT('',#656);
#656 = CARTESIAN_POINT('',(1.,-0.625,3.5E-02));
#657 = LINE('',#658,#659);
#658 = CARTESIAN_POINT('',(1.,-0.625,0.));
#659 = VECTOR('',#660,1.);
#660 = DIRECTION('',(0.,0.,1.));
#661 = ORIENTED_EDGE('',*,*,#662,.T.);
#662 = EDGE_CURVE('',#655,#613,#663,.T.);
#663 = CIRCLE('',#664,3.5E-02);
#664 = AXIS2_PLACEMENT_3D('',#665,#666,#667);
#665 = CARTESIAN_POINT('',(0.965,-0.625,3.5E-02));
#666 = DIRECTION('',(0.,1.,0.));
#667 = DIRECTION('',(0.,-0.,1.));
#668 = PLANE('',#669);
#669 = AXIS2_PLACEMENT_3D('',#670,#671,#672);
#670 = CARTESIAN_POINT('',(0.65,-0.625,0.));
#671 = DIRECTION('',(0.,1.,0.));
#672 = DIRECTION('',(0.,-0.,1.));
#673 = ADVANCED_FACE('',(#674),#692,.T.);
#674 = FACE_BOUND('',#675,.T.);
#675 = EDGE_LOOP('',(#676,#684,#685,#686));
#676 = ORIENTED_EDGE('',*,*,#677,.F.);
#677 = EDGE_CURVE('',#280,#678,#680,.T.);
#678 = VERTEX_POINT('',#679);
#679 = CARTESIAN_POINT('',(0.9125,-0.46875,0.465));
#680 = LINE('',#681,#682);
#681 = CARTESIAN_POINT('',(-2.625E-02,-0.46875,0.465));
#682 = VECTOR('',#683,1.);
#683 = DIRECTION('',(1.,0.,0.));
#684 = ORIENTED_EDGE('',*,*,#279,.T.);
#685 = ORIENTED_EDGE('',*,*,#207,.T.);
#686 = ORIENTED_EDGE('',*,*,#687,.F.);
#687 = EDGE_CURVE('',#678,#208,#688,.T.);
#688 = LINE('',#689,#690);
#689 = CARTESIAN_POINT('',(0.9125,-0.703125,0.465));
#690 = VECTOR('',#691,1.);
#691 = DIRECTION('',(0.,-1.,0.));
#692 = PLANE('',#693);
#693 = AXIS2_PLACEMENT_3D('',#694,#695,#696);
#694 = CARTESIAN_POINT('',(-0.965,-0.625,0.465));
#695 = DIRECTION('',(0.,0.,1.));
#696 = DIRECTION('',(1.,0.,-0.));
#697 = ADVANCED_FACE('',(#698),#723,.T.);
#698 = FACE_BOUND('',#699,.T.);
#699 = EDGE_LOOP('',(#700,#708,#709,#717));
#700 = ORIENTED_EDGE('',*,*,#701,.F.);
#701 = EDGE_CURVE('',#296,#702,#704,.T.);
#702 = VERTEX_POINT('',#703);
#703 = CARTESIAN_POINT('',(0.9125,0.625,0.465));
#704 = LINE('',#705,#706);
#705 = CARTESIAN_POINT('',(-0.965,0.625,0.465));
#706 = VECTOR('',#707,1.);
#707 = DIRECTION('',(1.,0.,0.));
#708 = ORIENTED_EDGE('',*,*,#295,.T.);
#709 = ORIENTED_EDGE('',*,*,#710,.F.);
#710 = EDGE_CURVE('',#711,#288,#713,.T.);
#711 = VERTEX_POINT('',#712);
#712 = CARTESIAN_POINT('',(0.9125,0.46875,0.465));
#713 = LINE('',#714,#715);
#714 = CARTESIAN_POINT('',(-0.93875,0.46875,0.465));
#715 = VECTOR('',#716,1.);
#716 = DIRECTION('',(-1.,0.,0.));
#717 = ORIENTED_EDGE('',*,*,#718,.F.);
#718 = EDGE_CURVE('',#702,#711,#719,.T.);
#719 = LINE('',#720,#721);
#720 = CARTESIAN_POINT('',(0.9125,-7.8125E-02,0.465));
#721 = VECTOR('',#722,1.);
#722 = DIRECTION('',(0.,-1.,0.));
#723 = PLANE('',#724);
#724 = AXIS2_PLACEMENT_3D('',#725,#726,#727);
#725 = CARTESIAN_POINT('',(-0.965,-0.625,0.465));
#726 = DIRECTION('',(0.,0.,1.));
#727 = DIRECTION('',(1.,0.,-0.));
#728 = ADVANCED_FACE('',(#729),#756,.T.);
#729 = FACE_BOUND('',#730,.T.);
#730 = EDGE_LOOP('',(#731,#732,#741,#749));
#731 = ORIENTED_EDGE('',*,*,#287,.T.);
#732 = ORIENTED_EDGE('',*,*,#733,.T.);
#733 = EDGE_CURVE('',#280,#734,#736,.T.);
#734 = VERTEX_POINT('',#735);
#735 = CARTESIAN_POINT('',(0.685,-0.46875,0.5));
#736 = CIRCLE('',#737,3.5E-02);
#737 = AXIS2_PLACEMENT_3D('',#738,#739,#740);
#738 = CARTESIAN_POINT('',(0.685,-0.46875,0.465));
#739 = DIRECTION('',(0.,1.,-0.));
#740 = DIRECTION('',(-1.,0.,0.));
#741 = ORIENTED_EDGE('',*,*,#742,.T.);
#742 = EDGE_CURVE('',#734,#743,#745,.T.);
#743 = VERTEX_POINT('',#744);
#744 = CARTESIAN_POINT('',(0.685,0.46875,0.5));
#745 = LINE('',#746,#747);
#746 = CARTESIAN_POINT('',(0.685,-0.625,0.5));
#747 = VECTOR('',#748,1.);
#748 = DIRECTION('',(0.,1.,0.));
#749 = ORIENTED_EDGE('',*,*,#750,.F.);
#750 = EDGE_CURVE('',#288,#743,#751,.T.);
#751 = CIRCLE('',#752,3.5E-02);
#752 = AXIS2_PLACEMENT_3D('',#753,#754,#755);
#753 = CARTESIAN_POINT('',(0.685,0.46875,0.465));
#754 = DIRECTION('',(0.,1.,-0.));
#755 = DIRECTION('',(-1.,0.,0.));
#756 = CYLINDRICAL_SURFACE('',#757,3.5E-02);
#757 = AXIS2_PLACEMENT_3D('',#758,#759,#760);
#758 = CARTESIAN_POINT('',(0.685,-0.625,0.465));
#759 = DIRECTION('',(0.,1.,0.));
#760 = DIRECTION('',(-1.,0.,0.));
#761 = ADVANCED_FACE('',(#762),#812,.T.);
#762 = FACE_BOUND('',#763,.T.);
#763 = EDGE_LOOP('',(#764,#772,#780,#786,#787,#788,#789,#797,#805,#811)
  );
#764 = ORIENTED_EDGE('',*,*,#765,.F.);
#765 = EDGE_CURVE('',#766,#539,#768,.T.);
#766 = VERTEX_POINT('',#767);
#767 = CARTESIAN_POINT('',(-0.965,0.625,3.5E-02));
#768 = LINE('',#769,#770);
#769 = CARTESIAN_POINT('',(-0.965,0.625,3.5E-02));
#770 = VECTOR('',#771,1.);
#771 = DIRECTION('',(1.,0.,0.));
#772 = ORIENTED_EDGE('',*,*,#773,.T.);
#773 = EDGE_CURVE('',#766,#774,#776,.T.);
#774 = VERTEX_POINT('',#775);
#775 = CARTESIAN_POINT('',(-0.965,0.625,0.465));
#776 = LINE('',#777,#778);
#777 = CARTESIAN_POINT('',(-0.965,0.625,3.5E-02));
#778 = VECTOR('',#779,1.);
#779 = DIRECTION('',(0.,0.,1.));
#780 = ORIENTED_EDGE('',*,*,#781,.T.);
#781 = EDGE_CURVE('',#774,#318,#782,.T.);
#782 = LINE('',#783,#784);
#783 = CARTESIAN_POINT('',(-0.965,0.625,0.465));
#784 = VECTOR('',#785,1.);
#785 = DIRECTION('',(1.,0.,0.));
#786 = ORIENTED_EDGE('',*,*,#317,.T.);
#787 = ORIENTED_EDGE('',*,*,#351,.F.);
#788 = ORIENTED_EDGE('',*,*,#701,.T.);
#789 = ORIENTED_EDGE('',*,*,#790,.T.);
#790 = EDGE_CURVE('',#702,#791,#793,.T.);
#791 = VERTEX_POINT('',#792);
#792 = CARTESIAN_POINT('',(0.965,0.625,0.465));
#793 = LINE('',#794,#795);
#794 = CARTESIAN_POINT('',(-0.965,0.625,0.465));
#795 = VECTOR('',#796,1.);
#796 = DIRECTION('',(1.,0.,0.));
#797 = ORIENTED_EDGE('',*,*,#798,.F.);
#798 = EDGE_CURVE('',#799,#791,#801,.T.);
#799 = VERTEX_POINT('',#800);
#800 = CARTESIAN_POINT('',(0.965,0.625,3.5E-02));
#801 = LINE('',#802,#803);
#802 = CARTESIAN_POINT('',(0.965,0.625,3.5E-02));
#803 = VECTOR('',#804,1.);
#804 = DIRECTION('',(0.,0.,1.));
#805 = ORIENTED_EDGE('',*,*,#806,.F.);
#806 = EDGE_CURVE('',#531,#799,#807,.T.);
#807 = LINE('',#808,#809);
#808 = CARTESIAN_POINT('',(-0.965,0.625,3.5E-02));
#809 = VECTOR('',#810,1.);
#810 = DIRECTION('',(1.,0.,0.));
#811 = ORIENTED_EDGE('',*,*,#538,.F.);
#812 = PLANE('',#813);
#813 = AXIS2_PLACEMENT_3D('',#814,#815,#816);
#814 = CARTESIAN_POINT('',(-0.965,0.625,3.5E-02));
#815 = DIRECTION('',(0.,1.,0.));
#816 = DIRECTION('',(0.,-0.,1.));
#817 = ADVANCED_FACE('',(#818),#836,.F.);
#818 = FACE_BOUND('',#819,.F.);
#819 = EDGE_LOOP('',(#820,#828,#834,#835));
#820 = ORIENTED_EDGE('',*,*,#821,.F.);
#821 = EDGE_CURVE('',#822,#366,#824,.T.);
#822 = VERTEX_POINT('',#823);
#823 = CARTESIAN_POINT('',(-0.9125,0.46875,0.5));
#824 = LINE('',#825,#826);
#825 = CARTESIAN_POINT('',(-0.95625,0.46875,0.5));
#826 = VECTOR('',#827,1.);
#827 = DIRECTION('',(1.,0.,0.));
#828 = ORIENTED_EDGE('',*,*,#829,.T.);
#829 = EDGE_CURVE('',#822,#326,#830,.T.);
#830 = LINE('',#831,#832);
#831 = CARTESIAN_POINT('',(-0.9125,0.46875,0.75));
#832 = VECTOR('',#833,1.);
#833 = DIRECTION('',(-0.,-0.,-1.));
#834 = ORIENTED_EDGE('',*,*,#333,.F.);
#835 = ORIENTED_EDGE('',*,*,#365,.F.);
#836 = PLANE('',#837);
#837 = AXIS2_PLACEMENT_3D('',#838,#839,#840);
#838 = CARTESIAN_POINT('',(-0.9125,0.46875,0.75));
#839 = DIRECTION('',(0.,-1.,0.));
#840 = DIRECTION('',(1.,0.,0.));
#841 = ADVANCED_FACE('',(#842),#860,.F.);
#842 = FACE_BOUND('',#843,.F.);
#843 = EDGE_LOOP('',(#844,#845,#853,#859));
#844 = ORIENTED_EDGE('',*,*,#829,.F.);
#845 = ORIENTED_EDGE('',*,*,#846,.F.);
#846 = EDGE_CURVE('',#847,#822,#849,.T.);
#847 = VERTEX_POINT('',#848);
#848 = CARTESIAN_POINT('',(-0.9125,0.625,0.5));
#849 = LINE('',#850,#851);
#850 = CARTESIAN_POINT('',(-0.9125,7.8125E-02,0.5));
#851 = VECTOR('',#852,1.);
#852 = DIRECTION('',(0.,-1.,0.));
#853 = ORIENTED_EDGE('',*,*,#854,.F.);
#854 = EDGE_CURVE('',#318,#847,#855,.T.);
#855 = LINE('',#856,#857);
#856 = CARTESIAN_POINT('',(-0.9125,0.625,0.375));
#857 = VECTOR('',#858,1.);
#858 = DIRECTION('',(0.,0.,1.));
#859 = ORIENTED_EDGE('',*,*,#325,.F.);
#860 = PLANE('',#861);
#861 = AXIS2_PLACEMENT_3D('',#862,#863,#864);
#862 = CARTESIAN_POINT('',(-0.9125,0.78125,0.75));
#863 = DIRECTION('',(-1.,0.,0.));
#864 = DIRECTION('',(0.,-1.,0.));
#865 = ADVANCED_FACE('',(#866),#884,.F.);
#866 = FACE_BOUND('',#867,.F.);
#867 = EDGE_LOOP('',(#868,#876,#882,#883));
#868 = ORIENTED_EDGE('',*,*,#869,.F.);
#869 = EDGE_CURVE('',#870,#399,#872,.T.);
#870 = VERTEX_POINT('',#871);
#871 = CARTESIAN_POINT('',(-0.9125,-0.46875,0.5));
#872 = LINE('',#873,#874);
#873 = CARTESIAN_POINT('',(-0.9125,-0.46875,0.75));
#874 = VECTOR('',#875,1.);
#875 = DIRECTION('',(-0.,-0.,-1.));
#876 = ORIENTED_EDGE('',*,*,#877,.F.);
#877 = EDGE_CURVE('',#375,#870,#878,.T.);
#878 = LINE('',#879,#880);
#879 = CARTESIAN_POINT('',(-4.375E-02,-0.46875,0.5));
#880 = VECTOR('',#881,1.);
#881 = DIRECTION('',(-1.,0.,0.));
#882 = ORIENTED_EDGE('',*,*,#382,.T.);
#883 = ORIENTED_EDGE('',*,*,#408,.F.);
#884 = PLANE('',#885);
#885 = AXIS2_PLACEMENT_3D('',#886,#887,#888);
#886 = CARTESIAN_POINT('',(0.9125,-0.46875,0.75));
#887 = DIRECTION('',(0.,1.,0.));
#888 = DIRECTION('',(-1.,0.,0.));
#889 = ADVANCED_FACE('',(#890),#917,.T.);
#890 = FACE_BOUND('',#891,.T.);
#891 = EDGE_LOOP('',(#892,#900,#906,#907,#913,#914,#915,#916));
#892 = ORIENTED_EDGE('',*,*,#893,.F.);
#893 = EDGE_CURVE('',#894,#847,#896,.T.);
#894 = VERTEX_POINT('',#895);
#895 = CARTESIAN_POINT('',(-0.965,0.625,0.5));
#896 = LINE('',#897,#898);
#897 = CARTESIAN_POINT('',(-1.,0.625,0.5));
#898 = VECTOR('',#899,1.);
#899 = DIRECTION('',(1.,0.,0.));
#900 = ORIENTED_EDGE('',*,*,#901,.F.);
#901 = EDGE_CURVE('',#450,#894,#902,.T.);
#902 = LINE('',#903,#904);
#903 = CARTESIAN_POINT('',(-0.965,-0.625,0.5));
#904 = VECTOR('',#905,1.);
#905 = DIRECTION('',(0.,1.,0.));
#906 = ORIENTED_EDGE('',*,*,#458,.T.);
#907 = ORIENTED_EDGE('',*,*,#908,.F.);
#908 = EDGE_CURVE('',#870,#459,#909,.T.);
#909 = LINE('',#910,#911);
#910 = CARTESIAN_POINT('',(-0.9125,-0.546875,0.5));
#911 = VECTOR('',#912,1.);
#912 = DIRECTION('',(0.,-1.,0.));
#913 = ORIENTED_EDGE('',*,*,#877,.F.);
#914 = ORIENTED_EDGE('',*,*,#374,.T.);
#915 = ORIENTED_EDGE('',*,*,#821,.F.);
#916 = ORIENTED_EDGE('',*,*,#846,.F.);
#917 = PLANE('',#918);
#918 = AXIS2_PLACEMENT_3D('',#919,#920,#921);
#919 = CARTESIAN_POINT('',(-1.,-0.625,0.5));
#920 = DIRECTION('',(0.,0.,1.));
#921 = DIRECTION('',(1.,0.,-0.));
#922 = ADVANCED_FACE('',(#923),#929,.F.);
#923 = FACE_BOUND('',#924,.F.);
#924 = EDGE_LOOP('',(#925,#926,#927,#928));
#925 = ORIENTED_EDGE('',*,*,#908,.F.);
#926 = ORIENTED_EDGE('',*,*,#869,.T.);
#927 = ORIENTED_EDGE('',*,*,#398,.F.);
#928 = ORIENTED_EDGE('',*,*,#466,.T.);
#929 = PLANE('',#930);
#930 = AXIS2_PLACEMENT_3D('',#931,#932,#933);
#931 = CARTESIAN_POINT('',(-0.9125,-0.46875,0.75));
#932 = DIRECTION('',(-1.,0.,0.));
#933 = DIRECTION('',(0.,-1.,0.));
#934 = ADVANCED_FACE('',(#935),#992,.F.);
#935 = FACE_BOUND('',#936,.F.);
#936 = EDGE_LOOP('',(#937,#947,#953,#954,#962,#970,#978,#986));
#937 = ORIENTED_EDGE('',*,*,#938,.F.);
#938 = EDGE_CURVE('',#939,#941,#943,.T.);
#939 = VERTEX_POINT('',#940);
#940 = CARTESIAN_POINT('',(-0.965,0.625,-6.938893903907E-18));
#941 = VERTEX_POINT('',#942);
#942 = CARTESIAN_POINT('',(-0.9125,0.625,0.));
#943 = LINE('',#944,#945);
#944 = CARTESIAN_POINT('',(-1.,0.625,0.));
#945 = VECTOR('',#946,1.);
#946 = DIRECTION('',(1.,0.,0.));
#947 = ORIENTED_EDGE('',*,*,#948,.F.);
#948 = EDGE_CURVE('',#423,#939,#949,.T.);
#949 = LINE('',#950,#951);
#950 = CARTESIAN_POINT('',(-0.965,-0.625,-6.938893903907E-18));
#951 = VECTOR('',#952,1.);
#952 = DIRECTION('',(0.,1.,0.));
#953 = ORIENTED_EDGE('',*,*,#422,.T.);
#954 = ORIENTED_EDGE('',*,*,#955,.F.);
#955 = EDGE_CURVE('',#956,#425,#958,.T.);
#956 = VERTEX_POINT('',#957);
#957 = CARTESIAN_POINT('',(-0.9125,-0.46875,0.));
#958 = LINE('',#959,#960);
#959 = CARTESIAN_POINT('',(-0.9125,-0.546875,0.));
#960 = VECTOR('',#961,1.);
#961 = DIRECTION('',(0.,-1.,0.));
#962 = ORIENTED_EDGE('',*,*,#963,.F.);
#963 = EDGE_CURVE('',#964,#956,#966,.T.);
#964 = VERTEX_POINT('',#965);
#965 = CARTESIAN_POINT('',(-0.685,-0.46875,-6.938893903907E-18));
#966 = LINE('',#967,#968);
#967 = CARTESIAN_POINT('',(-4.375E-02,-0.46875,0.));
#968 = VECTOR('',#969,1.);
#969 = DIRECTION('',(-1.,0.,0.));
#970 = ORIENTED_EDGE('',*,*,#971,.T.);
#971 = EDGE_CURVE('',#964,#972,#974,.T.);
#972 = VERTEX_POINT('',#973);
#973 = CARTESIAN_POINT('',(-0.685,0.46875,-6.938893903907E-18));
#974 = LINE('',#975,#976);
#975 = CARTESIAN_POINT('',(-0.685,-0.625,-6.938893903907E-18));
#976 = VECTOR('',#977,1.);
#977 = DIRECTION('',(0.,1.,0.));
#978 = ORIENTED_EDGE('',*,*,#979,.F.);
#979 = EDGE_CURVE('',#980,#972,#982,.T.);
#980 = VERTEX_POINT('',#981);
#981 = CARTESIAN_POINT('',(-0.9125,0.46875,0.));
#982 = LINE('',#983,#984);
#983 = CARTESIAN_POINT('',(-0.95625,0.46875,0.));
#984 = VECTOR('',#985,1.);
#985 = DIRECTION('',(1.,0.,0.));
#986 = ORIENTED_EDGE('',*,*,#987,.F.);
#987 = EDGE_CURVE('',#941,#980,#988,.T.);
#988 = LINE('',#989,#990);
#989 = CARTESIAN_POINT('',(-0.9125,7.8125E-02,0.));
#990 = VECTOR('',#991,1.);
#991 = DIRECTION('',(0.,-1.,0.));
#992 = PLANE('',#993);
#993 = AXIS2_PLACEMENT_3D('',#994,#995,#996);
#994 = CARTESIAN_POINT('',(-1.,-0.625,0.));
#995 = DIRECTION('',(0.,0.,1.));
#996 = DIRECTION('',(1.,0.,-0.));
#997 = ADVANCED_FACE('',(#998),#1017,.T.);
#998 = FACE_BOUND('',#999,.T.);
#999 = EDGE_LOOP('',(#1000,#1008,#1015,#1016));
#1000 = ORIENTED_EDGE('',*,*,#1001,.T.);
#1001 = EDGE_CURVE('',#433,#1002,#1004,.T.);
#1002 = VERTEX_POINT('',#1003);
#1003 = CARTESIAN_POINT('',(-1.,0.625,3.5E-02));
#1004 = LINE('',#1005,#1006);
#1005 = CARTESIAN_POINT('',(-1.,-0.625,3.5E-02));
#1006 = VECTOR('',#1007,1.);
#1007 = DIRECTION('',(0.,1.,0.));
#1008 = ORIENTED_EDGE('',*,*,#1009,.T.);
#1009 = EDGE_CURVE('',#1002,#939,#1010,.T.);
#1010 = CIRCLE('',#1011,3.5E-02);
#1011 = AXIS2_PLACEMENT_3D('',#1012,#1013,#1014);
#1012 = CARTESIAN_POINT('',(-0.965,0.625,3.5E-02));
#1013 = DIRECTION('',(0.,-1.,0.));
#1014 = DIRECTION('',(0.,0.,1.));
#1015 = ORIENTED_EDGE('',*,*,#948,.F.);
#1016 = ORIENTED_EDGE('',*,*,#432,.F.);
#1017 = CYLINDRICAL_SURFACE('',#1018,3.5E-02);
#1018 = AXIS2_PLACEMENT_3D('',#1019,#1020,#1021);
#1019 = CARTESIAN_POINT('',(-0.965,-0.625,3.5E-02));
#1020 = DIRECTION('',(0.,1.,0.));
#1021 = DIRECTION('',(-1.,0.,0.));
#1022 = ADVANCED_FACE('',(#1023),#1034,.F.);
#1023 = FACE_BOUND('',#1024,.F.);
#1024 = EDGE_LOOP('',(#1025,#1026,#1032,#1033));
#1025 = ORIENTED_EDGE('',*,*,#489,.T.);
#1026 = ORIENTED_EDGE('',*,*,#1027,.T.);
#1027 = EDGE_CURVE('',#490,#956,#1028,.T.);
#1028 = LINE('',#1029,#1030);
#1029 = CARTESIAN_POINT('',(-0.9125,-0.46875,0.75));
#1030 = VECTOR('',#1031,1.);
#1031 = DIRECTION('',(-0.,-0.,-1.));
#1032 = ORIENTED_EDGE('',*,*,#955,.T.);
#1033 = ORIENTED_EDGE('',*,*,#475,.T.);
#1034 = PLANE('',#1035);
#1035 = AXIS2_PLACEMENT_3D('',#1036,#1037,#1038);
#1036 = CARTESIAN_POINT('',(-0.9125,-0.46875,0.75));
#1037 = DIRECTION('',(-1.,0.,0.));
#1038 = DIRECTION('',(0.,-1.,0.));
#1039 = ADVANCED_FACE('',(#1040),#1058,.F.);
#1040 = FACE_BOUND('',#1041,.F.);
#1041 = EDGE_LOOP('',(#1042,#1043,#1044,#1052));
#1042 = ORIENTED_EDGE('',*,*,#441,.F.);
#1043 = ORIENTED_EDGE('',*,*,#1001,.T.);
#1044 = ORIENTED_EDGE('',*,*,#1045,.T.);
#1045 = EDGE_CURVE('',#1002,#1046,#1048,.T.);
#1046 = VERTEX_POINT('',#1047);
#1047 = CARTESIAN_POINT('',(-1.,0.625,0.465));
#1048 = LINE('',#1049,#1050);
#1049 = CARTESIAN_POINT('',(-1.,0.625,0.));
#1050 = VECTOR('',#1051,1.);
#1051 = DIRECTION('',(0.,0.,1.));
#1052 = ORIENTED_EDGE('',*,*,#1053,.F.);
#1053 = EDGE_CURVE('',#442,#1046,#1054,.T.);
#1054 = LINE('',#1055,#1056);
#1055 = CARTESIAN_POINT('',(-1.,-0.625,0.465));
#1056 = VECTOR('',#1057,1.);
#1057 = DIRECTION('',(0.,1.,0.));
#1058 = PLANE('',#1059);
#1059 = AXIS2_PLACEMENT_3D('',#1060,#1061,#1062);
#1060 = CARTESIAN_POINT('',(-1.,-0.625,0.));
#1061 = DIRECTION('',(1.,0.,0.));
#1062 = DIRECTION('',(0.,0.,1.));
#1063 = ADVANCED_FACE('',(#1064),#1076,.T.);
#1064 = FACE_BOUND('',#1065,.T.);
#1065 = EDGE_LOOP('',(#1066,#1067,#1068,#1075));
#1066 = ORIENTED_EDGE('',*,*,#449,.T.);
#1067 = ORIENTED_EDGE('',*,*,#901,.T.);
#1068 = ORIENTED_EDGE('',*,*,#1069,.F.);
#1069 = EDGE_CURVE('',#1046,#894,#1070,.T.);
#1070 = CIRCLE('',#1071,3.5E-02);
#1071 = AXIS2_PLACEMENT_3D('',#1072,#1073,#1074);
#1072 = CARTESIAN_POINT('',(-0.965,0.625,0.465));
#1073 = DIRECTION('',(0.,1.,0.));
#1074 = DIRECTION('',(0.,-0.,1.));
#1075 = ORIENTED_EDGE('',*,*,#1053,.F.);
#1076 = CYLINDRICAL_SURFACE('',#1077,3.5E-02);
#1077 = AXIS2_PLACEMENT_3D('',#1078,#1079,#1080);
#1078 = CARTESIAN_POINT('',(-0.965,-0.625,0.465));
#1079 = DIRECTION('',(0.,1.,0.));
#1080 = DIRECTION('',(-1.,0.,0.));
#1081 = ADVANCED_FACE('',(#1082),#1094,.F.);
#1082 = FACE_BOUND('',#1083,.F.);
#1083 = EDGE_LOOP('',(#1084,#1085,#1086,#1093));
#1084 = ORIENTED_EDGE('',*,*,#1027,.F.);
#1085 = ORIENTED_EDGE('',*,*,#570,.T.);
#1086 = ORIENTED_EDGE('',*,*,#1087,.T.);
#1087 = EDGE_CURVE('',#563,#964,#1088,.T.);
#1088 = CIRCLE('',#1089,3.5E-02);
#1089 = AXIS2_PLACEMENT_3D('',#1090,#1091,#1092);
#1090 = CARTESIAN_POINT('',(-0.685,-0.46875,3.5E-02));
#1091 = DIRECTION('',(-0.,1.,0.));
#1092 = DIRECTION('',(1.,0.,0.));
#1093 = ORIENTED_EDGE('',*,*,#963,.T.);
#1094 = PLANE('',#1095);
#1095 = AXIS2_PLACEMENT_3D('',#1096,#1097,#1098);
#1096 = CARTESIAN_POINT('',(0.9125,-0.46875,0.75));
#1097 = DIRECTION('',(0.,1.,0.));
#1098 = DIRECTION('',(-1.,0.,0.));
#1099 = ADVANCED_FACE('',(#1100),#1112,.T.);
#1100 = FACE_BOUND('',#1101,.T.);
#1101 = EDGE_LOOP('',(#1102,#1103,#1104,#1105));
#1102 = ORIENTED_EDGE('',*,*,#562,.F.);
#1103 = ORIENTED_EDGE('',*,*,#1087,.T.);
#1104 = ORIENTED_EDGE('',*,*,#971,.T.);
#1105 = ORIENTED_EDGE('',*,*,#1106,.F.);
#1106 = EDGE_CURVE('',#555,#972,#1107,.T.);
#1107 = CIRCLE('',#1108,3.5E-02);
#1108 = AXIS2_PLACEMENT_3D('',#1109,#1110,#1111);
#1109 = CARTESIAN_POINT('',(-0.685,0.46875,3.5E-02));
#1110 = DIRECTION('',(-0.,1.,0.));
#1111 = DIRECTION('',(1.,0.,0.));
#1112 = CYLINDRICAL_SURFACE('',#1113,3.5E-02);
#1113 = AXIS2_PLACEMENT_3D('',#1114,#1115,#1116);
#1114 = CARTESIAN_POINT('',(-0.685,-0.625,3.5E-02));
#1115 = DIRECTION('',(0.,1.,0.));
#1116 = DIRECTION('',(1.,0.,0.));
#1117 = ADVANCED_FACE('',(#1118),#1129,.F.);
#1118 = FACE_BOUND('',#1119,.F.);
#1119 = EDGE_LOOP('',(#1120,#1121,#1127,#1128));
#1120 = ORIENTED_EDGE('',*,*,#554,.T.);
#1121 = ORIENTED_EDGE('',*,*,#1122,.T.);
#1122 = EDGE_CURVE('',#547,#980,#1123,.T.);
#1123 = LINE('',#1124,#1125);
#1124 = CARTESIAN_POINT('',(-0.9125,0.46875,0.75));
#1125 = VECTOR('',#1126,1.);
#1126 = DIRECTION('',(-0.,-0.,-1.));
#1127 = ORIENTED_EDGE('',*,*,#979,.T.);
#1128 = ORIENTED_EDGE('',*,*,#1106,.F.);
#1129 = PLANE('',#1130);
#1130 = AXIS2_PLACEMENT_3D('',#1131,#1132,#1133);
#1131 = CARTESIAN_POINT('',(-0.9125,0.46875,0.75));
#1132 = DIRECTION('',(0.,-1.,0.));
#1133 = DIRECTION('',(1.,0.,0.));
#1134 = ADVANCED_FACE('',(#1135),#1146,.F.);
#1135 = FACE_BOUND('',#1136,.F.);
#1136 = EDGE_LOOP('',(#1137,#1138,#1139,#1145));
#1137 = ORIENTED_EDGE('',*,*,#1122,.F.);
#1138 = ORIENTED_EDGE('',*,*,#546,.T.);
#1139 = ORIENTED_EDGE('',*,*,#1140,.F.);
#1140 = EDGE_CURVE('',#941,#539,#1141,.T.);
#1141 = LINE('',#1142,#1143);
#1142 = CARTESIAN_POINT('',(-0.9125,0.625,0.375));
#1143 = VECTOR('',#1144,1.);
#1144 = DIRECTION('',(0.,0.,1.));
#1145 = ORIENTED_EDGE('',*,*,#987,.T.);
#1146 = PLANE('',#1147);
#1147 = AXIS2_PLACEMENT_3D('',#1148,#1149,#1150);
#1148 = CARTESIAN_POINT('',(-0.9125,0.78125,0.75));
#1149 = DIRECTION('',(-1.,0.,0.));
#1150 = DIRECTION('',(0.,-1.,0.));
#1151 = ADVANCED_FACE('',(#1152),#1177,.F.);
#1152 = FACE_BOUND('',#1153,.F.);
#1153 = EDGE_LOOP('',(#1154,#1155,#1163,#1171));
#1154 = ORIENTED_EDGE('',*,*,#530,.T.);
#1155 = ORIENTED_EDGE('',*,*,#1156,.T.);
#1156 = EDGE_CURVE('',#523,#1157,#1159,.T.);
#1157 = VERTEX_POINT('',#1158);
#1158 = CARTESIAN_POINT('',(0.9125,0.46875,0.));
#1159 = LINE('',#1160,#1161);
#1160 = CARTESIAN_POINT('',(0.9125,0.46875,0.75));
#1161 = VECTOR('',#1162,1.);
#1162 = DIRECTION('',(-0.,-0.,-1.));
#1163 = ORIENTED_EDGE('',*,*,#1164,.T.);
#1164 = EDGE_CURVE('',#1157,#1165,#1167,.T.);
#1165 = VERTEX_POINT('',#1166);
#1166 = CARTESIAN_POINT('',(0.9125,0.625,0.));
#1167 = LINE('',#1168,#1169);
#1168 = CARTESIAN_POINT('',(0.9125,-7.8125E-02,0.));
#1169 = VECTOR('',#1170,1.);
#1170 = DIRECTION('',(0.,1.,0.));
#1171 = ORIENTED_EDGE('',*,*,#1172,.F.);
#1172 = EDGE_CURVE('',#531,#1165,#1173,.T.);
#1173 = LINE('',#1174,#1175);
#1174 = CARTESIAN_POINT('',(0.9125,0.625,0.375));
#1175 = VECTOR('',#1176,1.);
#1176 = DIRECTION('',(0.,0.,-1.));
#1177 = PLANE('',#1178);
#1178 = AXIS2_PLACEMENT_3D('',#1179,#1180,#1181);
#1179 = CARTESIAN_POINT('',(0.9125,0.46875,0.75));
#1180 = DIRECTION('',(1.,0.,0.));
#1181 = DIRECTION('',(-0.,1.,0.));
#1182 = ADVANCED_FACE('',(#1183),#1202,.F.);
#1183 = FACE_BOUND('',#1184,.F.);
#1184 = EDGE_LOOP('',(#1185,#1186,#1187,#1196));
#1185 = ORIENTED_EDGE('',*,*,#1156,.F.);
#1186 = ORIENTED_EDGE('',*,*,#522,.T.);
#1187 = ORIENTED_EDGE('',*,*,#1188,.F.);
#1188 = EDGE_CURVE('',#1189,#515,#1191,.T.);
#1189 = VERTEX_POINT('',#1190);
#1190 = CARTESIAN_POINT('',(0.685,0.46875,-6.938893903907E-18));
#1191 = CIRCLE('',#1192,3.5E-02);
#1192 = AXIS2_PLACEMENT_3D('',#1193,#1194,#1195);
#1193 = CARTESIAN_POINT('',(0.685,0.46875,3.5E-02));
#1194 = DIRECTION('',(0.,1.,-0.));
#1195 = DIRECTION('',(-1.,0.,0.));
#1196 = ORIENTED_EDGE('',*,*,#1197,.T.);
#1197 = EDGE_CURVE('',#1189,#1157,#1198,.T.);
#1198 = LINE('',#1199,#1200);
#1199 = CARTESIAN_POINT('',(-0.13125,0.46875,0.));
#1200 = VECTOR('',#1201,1.);
#1201 = DIRECTION('',(1.,0.,0.));
#1202 = PLANE('',#1203);
#1203 = AXIS2_PLACEMENT_3D('',#1204,#1205,#1206);
#1204 = CARTESIAN_POINT('',(-0.9125,0.46875,0.75));
#1205 = DIRECTION('',(0.,-1.,0.));
#1206 = DIRECTION('',(1.,0.,0.));
#1207 = ADVANCED_FACE('',(#1208),#1227,.T.);
#1208 = FACE_BOUND('',#1209,.T.);
#1209 = EDGE_LOOP('',(#1210,#1211,#1219,#1226));
#1210 = ORIENTED_EDGE('',*,*,#1188,.F.);
#1211 = ORIENTED_EDGE('',*,*,#1212,.F.);
#1212 = EDGE_CURVE('',#1213,#1189,#1215,.T.);
#1213 = VERTEX_POINT('',#1214);
#1214 = CARTESIAN_POINT('',(0.685,-0.46875,-6.938893903907E-18));
#1215 = LINE('',#1216,#1217);
#1216 = CARTESIAN_POINT('',(0.685,-0.625,-6.938893903907E-18));
#1217 = VECTOR('',#1218,1.);
#1218 = DIRECTION('',(0.,1.,0.));
#1219 = ORIENTED_EDGE('',*,*,#1220,.T.);
#1220 = EDGE_CURVE('',#1213,#507,#1221,.T.);
#1221 = CIRCLE('',#1222,3.5E-02);
#1222 = AXIS2_PLACEMENT_3D('',#1223,#1224,#1225);
#1223 = CARTESIAN_POINT('',(0.685,-0.46875,3.5E-02));
#1224 = DIRECTION('',(0.,1.,-0.));
#1225 = DIRECTION('',(-1.,0.,0.));
#1226 = ORIENTED_EDGE('',*,*,#514,.T.);
#1227 = CYLINDRICAL_SURFACE('',#1228,3.5E-02);
#1228 = AXIS2_PLACEMENT_3D('',#1229,#1230,#1231);
#1229 = CARTESIAN_POINT('',(0.685,-0.625,3.5E-02));
#1230 = DIRECTION('',(0.,1.,0.));
#1231 = DIRECTION('',(-1.,0.,0.));
#1232 = ADVANCED_FACE('',(#1233),#1251,.F.);
#1233 = FACE_BOUND('',#1234,.F.);
#1234 = EDGE_LOOP('',(#1235,#1236,#1244,#1250));
#1235 = ORIENTED_EDGE('',*,*,#506,.T.);
#1236 = ORIENTED_EDGE('',*,*,#1237,.T.);
#1237 = EDGE_CURVE('',#499,#1238,#1240,.T.);
#1238 = VERTEX_POINT('',#1239);
#1239 = CARTESIAN_POINT('',(0.9125,-0.46875,0.));
#1240 = LINE('',#1241,#1242);
#1241 = CARTESIAN_POINT('',(0.9125,-0.46875,0.75));
#1242 = VECTOR('',#1243,1.);
#1243 = DIRECTION('',(-0.,-0.,-1.));
#1244 = ORIENTED_EDGE('',*,*,#1245,.T.);
#1245 = EDGE_CURVE('',#1238,#1213,#1246,.T.);
#1246 = LINE('',#1247,#1248);
#1247 = CARTESIAN_POINT('',(0.78125,-0.46875,0.));
#1248 = VECTOR('',#1249,1.);
#1249 = DIRECTION('',(-1.,0.,0.));
#1250 = ORIENTED_EDGE('',*,*,#1220,.T.);
#1251 = PLANE('',#1252);
#1252 = AXIS2_PLACEMENT_3D('',#1253,#1254,#1255);
#1253 = CARTESIAN_POINT('',(0.9125,-0.46875,0.75));
#1254 = DIRECTION('',(0.,1.,0.));
#1255 = DIRECTION('',(-1.,0.,0.));
#1256 = ADVANCED_FACE('',(#1257),#1268,.F.);
#1257 = FACE_BOUND('',#1258,.F.);
#1258 = EDGE_LOOP('',(#1259,#1260,#1261,#1262));
#1259 = ORIENTED_EDGE('',*,*,#1237,.F.);
#1260 = ORIENTED_EDGE('',*,*,#498,.T.);
#1261 = ORIENTED_EDGE('',*,*,#620,.T.);
#1262 = ORIENTED_EDGE('',*,*,#1263,.T.);
#1263 = EDGE_CURVE('',#611,#1238,#1264,.T.);
#1264 = LINE('',#1265,#1266);
#1265 = CARTESIAN_POINT('',(0.9125,-0.703125,0.));
#1266 = VECTOR('',#1267,1.);
#1267 = DIRECTION('',(0.,1.,0.));
#1268 = PLANE('',#1269);
#1269 = AXIS2_PLACEMENT_3D('',#1270,#1271,#1272);
#1270 = CARTESIAN_POINT('',(0.9125,-0.78125,0.75));
#1271 = DIRECTION('',(1.,0.,0.));
#1272 = DIRECTION('',(-0.,1.,0.));
#1273 = ADVANCED_FACE('',(#1274),#1299,.T.);
#1274 = FACE_BOUND('',#1275,.T.);
#1275 = EDGE_LOOP('',(#1276,#1284,#1285,#1293));
#1276 = ORIENTED_EDGE('',*,*,#1277,.T.);
#1277 = EDGE_CURVE('',#1278,#579,#1280,.T.);
#1278 = VERTEX_POINT('',#1279);
#1279 = CARTESIAN_POINT('',(0.433012701892,0.5,1.75E-02));
#1280 = LINE('',#1281,#1282);
#1281 = CARTESIAN_POINT('',(0.433012701892,0.5,1.75E-02));
#1282 = VECTOR('',#1283,1.);
#1283 = DIRECTION('',(0.,0.,1.));
#1284 = ORIENTED_EDGE('',*,*,#578,.T.);
#1285 = ORIENTED_EDGE('',*,*,#1286,.F.);
#1286 = EDGE_CURVE('',#1287,#581,#1289,.T.);
#1287 = VERTEX_POINT('',#1288);
#1288 = CARTESIAN_POINT('',(0.433012701892,-0.5,1.75E-02));
#1289 = LINE('',#1290,#1291);
#1290 = CARTESIAN_POINT('',(0.433012701892,-0.5,1.75E-02));
#1291 = VECTOR('',#1292,1.);
#1292 = DIRECTION('',(0.,0.,1.));
#1293 = ORIENTED_EDGE('',*,*,#1294,.F.);
#1294 = EDGE_CURVE('',#1278,#1287,#1295,.T.);
#1295 = LINE('',#1296,#1297);
#1296 = CARTESIAN_POINT('',(0.433012701892,0.5,1.75E-02));
#1297 = VECTOR('',#1298,1.);
#1298 = DIRECTION('',(0.,-1.,0.));
#1299 = PLANE('',#1300);
#1300 = AXIS2_PLACEMENT_3D('',#1301,#1302,#1303);
#1301 = CARTESIAN_POINT('',(0.433012701892,0.5,1.75E-02));
#1302 = DIRECTION('',(1.,0.,0.));
#1303 = DIRECTION('',(0.,-1.,0.));
#1304 = ADVANCED_FACE('',(#1305),#1323,.T.);
#1305 = FACE_BOUND('',#1306,.T.);
#1306 = EDGE_LOOP('',(#1307,#1315,#1316,#1317));
#1307 = ORIENTED_EDGE('',*,*,#1308,.T.);
#1308 = EDGE_CURVE('',#1309,#589,#1311,.T.);
#1309 = VERTEX_POINT('',#1310);
#1310 = CARTESIAN_POINT('',(-0.433012701892,0.,1.75E-02));
#1311 = LINE('',#1312,#1313);
#1312 = CARTESIAN_POINT('',(-0.433012701892,0.,1.75E-02));
#1313 = VECTOR('',#1314,1.);
#1314 = DIRECTION('',(0.,0.,1.));
#1315 = ORIENTED_EDGE('',*,*,#596,.T.);
#1316 = ORIENTED_EDGE('',*,*,#1277,.F.);
#1317 = ORIENTED_EDGE('',*,*,#1318,.F.);
#1318 = EDGE_CURVE('',#1309,#1278,#1319,.T.);
#1319 = LINE('',#1320,#1321);
#1320 = CARTESIAN_POINT('',(-0.433012701892,0.,1.75E-02));
#1321 = VECTOR('',#1322,1.);
#1322 = DIRECTION('',(0.866025403784,0.5,0.));
#1323 = PLANE('',#1324);
#1324 = AXIS2_PLACEMENT_3D('',#1325,#1326,#1327);
#1325 = CARTESIAN_POINT('',(-0.433012701892,0.,1.75E-02));
#1326 = DIRECTION('',(-0.5,0.866025403784,0.));
#1327 = DIRECTION('',(0.866025403784,0.5,0.));
#1328 = ADVANCED_FACE('',(#1329),#1340,.T.);
#1329 = FACE_BOUND('',#1330,.T.);
#1330 = EDGE_LOOP('',(#1331,#1332,#1333,#1334));
#1331 = ORIENTED_EDGE('',*,*,#1286,.T.);
#1332 = ORIENTED_EDGE('',*,*,#588,.T.);
#1333 = ORIENTED_EDGE('',*,*,#1308,.F.);
#1334 = ORIENTED_EDGE('',*,*,#1335,.F.);
#1335 = EDGE_CURVE('',#1287,#1309,#1336,.T.);
#1336 = LINE('',#1337,#1338);
#1337 = CARTESIAN_POINT('',(0.433012701892,-0.5,1.75E-02));
#1338 = VECTOR('',#1339,1.);
#1339 = DIRECTION('',(-0.866025403784,0.5,0.));
#1340 = PLANE('',#1341);
#1341 = AXIS2_PLACEMENT_3D('',#1342,#1343,#1344);
#1342 = CARTESIAN_POINT('',(0.433012701892,-0.5,1.75E-02));
#1343 = DIRECTION('',(-0.5,-0.866025403784,0.));
#1344 = DIRECTION('',(-0.866025403784,0.5,0.));
#1345 = ADVANCED_FACE('',(#1346),#1368,.F.);
#1346 = FACE_BOUND('',#1347,.F.);
#1347 = EDGE_LOOP('',(#1348,#1356,#1357,#1358,#1359,#1360,#1361,#1362));
#1348 = ORIENTED_EDGE('',*,*,#1349,.F.);
#1349 = EDGE_CURVE('',#1165,#1350,#1352,.T.);
#1350 = VERTEX_POINT('',#1351);
#1351 = CARTESIAN_POINT('',(0.965,0.625,-6.938893903907E-18));
#1352 = LINE('',#1353,#1354);
#1353 = CARTESIAN_POINT('',(0.65,0.625,0.));
#1354 = VECTOR('',#1355,1.);
#1355 = DIRECTION('',(1.,0.,0.));
#1356 = ORIENTED_EDGE('',*,*,#1164,.F.);
#1357 = ORIENTED_EDGE('',*,*,#1197,.F.);
#1358 = ORIENTED_EDGE('',*,*,#1212,.F.);
#1359 = ORIENTED_EDGE('',*,*,#1245,.F.);
#1360 = ORIENTED_EDGE('',*,*,#1263,.F.);
#1361 = ORIENTED_EDGE('',*,*,#610,.T.);
#1362 = ORIENTED_EDGE('',*,*,#1363,.T.);
#1363 = EDGE_CURVE('',#613,#1350,#1364,.T.);
#1364 = LINE('',#1365,#1366);
#1365 = CARTESIAN_POINT('',(0.965,-0.625,-6.938893903907E-18));
#1366 = VECTOR('',#1367,1.);
#1367 = DIRECTION('',(0.,1.,0.));
#1368 = PLANE('',#1369);
#1369 = AXIS2_PLACEMENT_3D('',#1370,#1371,#1372);
#1370 = CARTESIAN_POINT('',(0.65,-0.625,0.));
#1371 = DIRECTION('',(0.,0.,1.));
#1372 = DIRECTION('',(1.,0.,-0.));
#1373 = ADVANCED_FACE('',(#1374),#1393,.T.);
#1374 = FACE_BOUND('',#1375,.T.);
#1375 = EDGE_LOOP('',(#1376,#1377,#1378,#1387));
#1376 = ORIENTED_EDGE('',*,*,#662,.T.);
#1377 = ORIENTED_EDGE('',*,*,#1363,.T.);
#1378 = ORIENTED_EDGE('',*,*,#1379,.F.);
#1379 = EDGE_CURVE('',#1380,#1350,#1382,.T.);
#1380 = VERTEX_POINT('',#1381);
#1381 = CARTESIAN_POINT('',(1.,0.625,3.5E-02));
#1382 = CIRCLE('',#1383,3.5E-02);
#1383 = AXIS2_PLACEMENT_3D('',#1384,#1385,#1386);
#1384 = CARTESIAN_POINT('',(0.965,0.625,3.5E-02));
#1385 = DIRECTION('',(0.,1.,0.));
#1386 = DIRECTION('',(0.,-0.,1.));
#1387 = ORIENTED_EDGE('',*,*,#1388,.F.);
#1388 = EDGE_CURVE('',#655,#1380,#1389,.T.);
#1389 = LINE('',#1390,#1391);
#1390 = CARTESIAN_POINT('',(1.,-0.625,3.5E-02));
#1391 = VECTOR('',#1392,1.);
#1392 = DIRECTION('',(0.,1.,0.));
#1393 = CYLINDRICAL_SURFACE('',#1394,3.5E-02);
#1394 = AXIS2_PLACEMENT_3D('',#1395,#1396,#1397);
#1395 = CARTESIAN_POINT('',(0.965,-0.625,3.5E-02));
#1396 = DIRECTION('',(0.,1.,0.));
#1397 = DIRECTION('',(1.,0.,0.));
#1398 = ADVANCED_FACE('',(#1399),#1417,.T.);
#1399 = FACE_BOUND('',#1400,.T.);
#1400 = EDGE_LOOP('',(#1401,#1402,#1403,#1411));
#1401 = ORIENTED_EDGE('',*,*,#654,.F.);
#1402 = ORIENTED_EDGE('',*,*,#1388,.T.);
#1403 = ORIENTED_EDGE('',*,*,#1404,.T.);
#1404 = EDGE_CURVE('',#1380,#1405,#1407,.T.);
#1405 = VERTEX_POINT('',#1406);
#1406 = CARTESIAN_POINT('',(1.,0.625,0.465));
#1407 = LINE('',#1408,#1409);
#1408 = CARTESIAN_POINT('',(1.,0.625,0.));
#1409 = VECTOR('',#1410,1.);
#1410 = DIRECTION('',(0.,0.,1.));
#1411 = ORIENTED_EDGE('',*,*,#1412,.F.);
#1412 = EDGE_CURVE('',#646,#1405,#1413,.T.);
#1413 = LINE('',#1414,#1415);
#1414 = CARTESIAN_POINT('',(1.,-0.625,0.465));
#1415 = VECTOR('',#1416,1.);
#1416 = DIRECTION('',(0.,1.,0.));
#1417 = PLANE('',#1418);
#1418 = AXIS2_PLACEMENT_3D('',#1419,#1420,#1421);
#1419 = CARTESIAN_POINT('',(1.,-0.625,0.));
#1420 = DIRECTION('',(1.,0.,0.));
#1421 = DIRECTION('',(0.,0.,1.));
#1422 = ADVANCED_FACE('',(#1423),#1442,.T.);
#1423 = FACE_BOUND('',#1424,.T.);
#1424 = EDGE_LOOP('',(#1425,#1426,#1435,#1441));
#1425 = ORIENTED_EDGE('',*,*,#1412,.T.);
#1426 = ORIENTED_EDGE('',*,*,#1427,.T.);
#1427 = EDGE_CURVE('',#1405,#1428,#1430,.T.);
#1428 = VERTEX_POINT('',#1429);
#1429 = CARTESIAN_POINT('',(0.965,0.625,0.5));
#1430 = CIRCLE('',#1431,3.5E-02);
#1431 = AXIS2_PLACEMENT_3D('',#1432,#1433,#1434);
#1432 = CARTESIAN_POINT('',(0.965,0.625,0.465));
#1433 = DIRECTION('',(0.,-1.,0.));
#1434 = DIRECTION('',(0.,0.,1.));
#1435 = ORIENTED_EDGE('',*,*,#1436,.F.);
#1436 = EDGE_CURVE('',#638,#1428,#1437,.T.);
#1437 = LINE('',#1438,#1439);
#1438 = CARTESIAN_POINT('',(0.965,-0.625,0.5));
#1439 = VECTOR('',#1440,1.);
#1440 = DIRECTION('',(0.,1.,0.));
#1441 = ORIENTED_EDGE('',*,*,#645,.F.);
#1442 = CYLINDRICAL_SURFACE('',#1443,3.5E-02);
#1443 = AXIS2_PLACEMENT_3D('',#1444,#1445,#1446);
#1444 = CARTESIAN_POINT('',(0.965,-0.625,0.465));
#1445 = DIRECTION('',(0.,1.,0.));
#1446 = DIRECTION('',(1.,0.,0.));
#1447 = ADVANCED_FACE('',(#1448),#1489,.T.);
#1448 = FACE_BOUND('',#1449,.T.);
#1449 = EDGE_LOOP('',(#1450,#1458,#1466,#1472,#1473,#1481,#1487,#1488));
#1450 = ORIENTED_EDGE('',*,*,#1451,.F.);
#1451 = EDGE_CURVE('',#1452,#1428,#1454,.T.);
#1452 = VERTEX_POINT('',#1453);
#1453 = CARTESIAN_POINT('',(0.9125,0.625,0.5));
#1454 = LINE('',#1455,#1456);
#1455 = CARTESIAN_POINT('',(0.65,0.625,0.5));
#1456 = VECTOR('',#1457,1.);
#1457 = DIRECTION('',(1.,0.,0.));
#1458 = ORIENTED_EDGE('',*,*,#1459,.F.);
#1459 = EDGE_CURVE('',#1460,#1452,#1462,.T.);
#1460 = VERTEX_POINT('',#1461);
#1461 = CARTESIAN_POINT('',(0.9125,0.46875,0.5));
#1462 = LINE('',#1463,#1464);
#1463 = CARTESIAN_POINT('',(0.9125,-7.8125E-02,0.5));
#1464 = VECTOR('',#1465,1.);
#1465 = DIRECTION('',(0.,1.,0.));
#1466 = ORIENTED_EDGE('',*,*,#1467,.F.);
#1467 = EDGE_CURVE('',#743,#1460,#1468,.T.);
#1468 = LINE('',#1469,#1470);
#1469 = CARTESIAN_POINT('',(-0.13125,0.46875,0.5));
#1470 = VECTOR('',#1471,1.);
#1471 = DIRECTION('',(1.,0.,0.));
#1472 = ORIENTED_EDGE('',*,*,#742,.F.);
#1473 = ORIENTED_EDGE('',*,*,#1474,.F.);
#1474 = EDGE_CURVE('',#1475,#734,#1477,.T.);
#1475 = VERTEX_POINT('',#1476);
#1476 = CARTESIAN_POINT('',(0.9125,-0.46875,0.5));
#1477 = LINE('',#1478,#1479);
#1478 = CARTESIAN_POINT('',(0.78125,-0.46875,0.5));
#1479 = VECTOR('',#1480,1.);
#1480 = DIRECTION('',(-1.,0.,0.));
#1481 = ORIENTED_EDGE('',*,*,#1482,.F.);
#1482 = EDGE_CURVE('',#630,#1475,#1483,.T.);
#1483 = LINE('',#1484,#1485);
#1484 = CARTESIAN_POINT('',(0.9125,-0.703125,0.5));
#1485 = VECTOR('',#1486,1.);
#1486 = DIRECTION('',(0.,1.,0.));
#1487 = ORIENTED_EDGE('',*,*,#637,.T.);
#1488 = ORIENTED_EDGE('',*,*,#1436,.T.);
#1489 = PLANE('',#1490);
#1490 = AXIS2_PLACEMENT_3D('',#1491,#1492,#1493);
#1491 = CARTESIAN_POINT('',(0.65,-0.625,0.5));
#1492 = DIRECTION('',(0.,0.,1.));
#1493 = DIRECTION('',(1.,0.,-0.));
#1494 = ADVANCED_FACE('',(#1495),#1506,.F.);
#1495 = FACE_BOUND('',#1496,.F.);
#1496 = EDGE_LOOP('',(#1497,#1503,#1504,#1505));
#1497 = ORIENTED_EDGE('',*,*,#1498,.F.);
#1498 = EDGE_CURVE('',#1475,#678,#1499,.T.);
#1499 = LINE('',#1500,#1501);
#1500 = CARTESIAN_POINT('',(0.9125,-0.46875,0.75));
#1501 = VECTOR('',#1502,1.);
#1502 = DIRECTION('',(-0.,-0.,-1.));
#1503 = ORIENTED_EDGE('',*,*,#1482,.F.);
#1504 = ORIENTED_EDGE('',*,*,#629,.T.);
#1505 = ORIENTED_EDGE('',*,*,#687,.F.);
#1506 = PLANE('',#1507);
#1507 = AXIS2_PLACEMENT_3D('',#1508,#1509,#1510);
#1508 = CARTESIAN_POINT('',(0.9125,-0.78125,0.75));
#1509 = DIRECTION('',(1.,0.,0.));
#1510 = DIRECTION('',(-0.,1.,0.));
#1511 = ADVANCED_FACE('',(#1512),#1518,.F.);
#1512 = FACE_BOUND('',#1513,.F.);
#1513 = EDGE_LOOP('',(#1514,#1515,#1516,#1517));
#1514 = ORIENTED_EDGE('',*,*,#1474,.F.);
#1515 = ORIENTED_EDGE('',*,*,#1498,.T.);
#1516 = ORIENTED_EDGE('',*,*,#677,.F.);
#1517 = ORIENTED_EDGE('',*,*,#733,.T.);
#1518 = PLANE('',#1519);
#1519 = AXIS2_PLACEMENT_3D('',#1520,#1521,#1522);
#1520 = CARTESIAN_POINT('',(0.9125,-0.46875,0.75));
#1521 = DIRECTION('',(0.,1.,0.));
#1522 = DIRECTION('',(-1.,0.,0.));
#1523 = ADVANCED_FACE('',(#1524),#1540,.F.);
#1524 = FACE_BOUND('',#1525,.F.);
#1525 = EDGE_LOOP('',(#1526,#1527,#1533,#1534));
#1526 = ORIENTED_EDGE('',*,*,#1459,.F.);
#1527 = ORIENTED_EDGE('',*,*,#1528,.T.);
#1528 = EDGE_CURVE('',#1460,#711,#1529,.T.);
#1529 = LINE('',#1530,#1531);
#1530 = CARTESIAN_POINT('',(0.9125,0.46875,0.75));
#1531 = VECTOR('',#1532,1.);
#1532 = DIRECTION('',(-0.,-0.,-1.));
#1533 = ORIENTED_EDGE('',*,*,#718,.F.);
#1534 = ORIENTED_EDGE('',*,*,#1535,.F.);
#1535 = EDGE_CURVE('',#1452,#702,#1536,.T.);
#1536 = LINE('',#1537,#1538);
#1537 = CARTESIAN_POINT('',(0.9125,0.625,0.375));
#1538 = VECTOR('',#1539,1.);
#1539 = DIRECTION('',(0.,0.,-1.));
#1540 = PLANE('',#1541);
#1541 = AXIS2_PLACEMENT_3D('',#1542,#1543,#1544);
#1542 = CARTESIAN_POINT('',(0.9125,0.46875,0.75));
#1543 = DIRECTION('',(1.,0.,0.));
#1544 = DIRECTION('',(-0.,1.,0.));
#1545 = ADVANCED_FACE('',(#1546),#1552,.F.);
#1546 = FACE_BOUND('',#1547,.F.);
#1547 = EDGE_LOOP('',(#1548,#1549,#1550,#1551));
#1548 = ORIENTED_EDGE('',*,*,#1528,.F.);
#1549 = ORIENTED_EDGE('',*,*,#1467,.F.);
#1550 = ORIENTED_EDGE('',*,*,#750,.F.);
#1551 = ORIENTED_EDGE('',*,*,#710,.F.);
#1552 = PLANE('',#1553);
#1553 = AXIS2_PLACEMENT_3D('',#1554,#1555,#1556);
#1554 = CARTESIAN_POINT('',(-0.9125,0.46875,0.75));
#1555 = DIRECTION('',(0.,-1.,0.));
#1556 = DIRECTION('',(1.,0.,0.));
#1557 = ADVANCED_FACE('',(#1558),#1570,.T.);
#1558 = FACE_BOUND('',#1559,.T.);
#1559 = EDGE_LOOP('',(#1560,#1561,#1562,#1563,#1564,#1565,#1566,#1567,
    #1568,#1569));
#1560 = ORIENTED_EDGE('',*,*,#938,.F.);
#1561 = ORIENTED_EDGE('',*,*,#1009,.F.);
#1562 = ORIENTED_EDGE('',*,*,#1045,.T.);
#1563 = ORIENTED_EDGE('',*,*,#1069,.T.);
#1564 = ORIENTED_EDGE('',*,*,#893,.T.);
#1565 = ORIENTED_EDGE('',*,*,#854,.F.);
#1566 = ORIENTED_EDGE('',*,*,#781,.F.);
#1567 = ORIENTED_EDGE('',*,*,#773,.F.);
#1568 = ORIENTED_EDGE('',*,*,#765,.T.);
#1569 = ORIENTED_EDGE('',*,*,#1140,.F.);
#1570 = PLANE('',#1571);
#1571 = AXIS2_PLACEMENT_3D('',#1572,#1573,#1574);
#1572 = CARTESIAN_POINT('',(-1.,0.625,0.));
#1573 = DIRECTION('',(0.,1.,0.));
#1574 = DIRECTION('',(0.,-0.,1.));
#1575 = ADVANCED_FACE('',(#1576),#1588,.T.);
#1576 = FACE_BOUND('',#1577,.T.);
#1577 = EDGE_LOOP('',(#1578,#1579,#1580,#1581,#1582,#1583,#1584,#1585,
    #1586,#1587));
#1578 = ORIENTED_EDGE('',*,*,#1349,.F.);
#1579 = ORIENTED_EDGE('',*,*,#1172,.F.);
#1580 = ORIENTED_EDGE('',*,*,#806,.T.);
#1581 = ORIENTED_EDGE('',*,*,#798,.T.);
#1582 = ORIENTED_EDGE('',*,*,#790,.F.);
#1583 = ORIENTED_EDGE('',*,*,#1535,.F.);
#1584 = ORIENTED_EDGE('',*,*,#1451,.T.);
#1585 = ORIENTED_EDGE('',*,*,#1427,.F.);
#1586 = ORIENTED_EDGE('',*,*,#1404,.F.);
#1587 = ORIENTED_EDGE('',*,*,#1379,.T.);
#1588 = PLANE('',#1589);
#1589 = AXIS2_PLACEMENT_3D('',#1590,#1591,#1592);
#1590 = CARTESIAN_POINT('',(0.65,0.625,0.));
#1591 = DIRECTION('',(0.,1.,0.));
#1592 = DIRECTION('',(0.,-0.,1.));
#1593 = ADVANCED_FACE('',(#1594),#1599,.T.);
#1594 = FACE_BOUND('',#1595,.T.);
#1595 = EDGE_LOOP('',(#1596,#1597,#1598));
#1596 = ORIENTED_EDGE('',*,*,#1318,.T.);
#1597 = ORIENTED_EDGE('',*,*,#1294,.T.);
#1598 = ORIENTED_EDGE('',*,*,#1335,.T.);
#1599 = PLANE('',#1600);
#1600 = AXIS2_PLACEMENT_3D('',#1601,#1602,#1603);
#1601 = CARTESIAN_POINT('',(0.144337567297,9.251858538543E-18,1.75E-02)
  );
#1602 = DIRECTION('',(-0.,-0.,-1.));
#1603 = DIRECTION('',(-1.,0.,0.));
#1604 = ( GEOMETRIC_REPRESENTATION_CONTEXT(3) 
GLOBAL_UNCERTAINTY_ASSIGNED_CONTEXT((#1608)) 
GLOBAL_UNIT_ASSIGNED_CONTEXT((#1605,#1606,#1607)) REPRESENTATION_CONTEXT
('Context #1','3D Context with UNIT and UNCERTAINTY') );
#1605 = ( LENGTH_UNIT() NAMED_UNIT(*) SI_UNIT(.MILLI.,.METRE.) );
#1606 = ( NAMED_UNIT(*) PLANE_ANGLE_UNIT() SI_UNIT($,.RADIAN.) );
#1607 = ( NAMED_UNIT(*) SI_UNIT($,.STERADIAN.) SOLID_ANGLE_UNIT() );
#1608 = UNCERTAINTY_MEASURE_WITH_UNIT(LENGTH_MEASURE(1.E-07),#1605,
  'distance_accuracy_value','confusion accuracy');
#1609 = CONTEXT_DEPENDENT_SHAPE_REPRESENTATION(#1610,#1612);
#1610 = ( REPRESENTATION_RELATIONSHIP('','',#80,#10) 
REPRESENTATION_RELATIONSHIP_WITH_TRANSFORMATION(#1611) 
SHAPE_REPRESENTATION_RELATIONSHIP() );
#1611 = ITEM_DEFINED_TRANSFORMATION('','',#11,#15);
#1612 = PRODUCT_DEFINITION_SHAPE('Placement','Placement of an item',
  #1613);
#1613 = NEXT_ASSEMBLY_USAGE_OCCURRENCE('1','D1','',#5,#75,$);
#1614 = PRODUCT_RELATED_PRODUCT_CATEGORY('part',$,(#77));
#1615 = SHAPE_DEFINITION_REPRESENTATION(#1616,#1622);
#1616 = PRODUCT_DEFINITION_SHAPE('','',#1617);
#1617 = PRODUCT_DEFINITION('design','',#1618,#1621);
#1618 = PRODUCT_DEFINITION_FORMATION('','',#1619);
#1619 = PRODUCT('C_0805_2012Metric','C_0805_2012Metric','',(#1620));
#1620 = PRODUCT_CONTEXT('',#2,'mechanical');
#1621 = PRODUCT_DEFINITION_CONTEXT('part definition',#2,'design');
#1622 = ADVANCED_BREP_SHAPE_REPRESENTATION('',(#11,#1623),#2477);
#1623 = MANIFOLD_SOLID_BREP('',#1624);
#1624 = CLOSED_SHELL('',(#1625,#1701,#1732,#1757,#1782,#1806,#1830,#1855
    ,#1880,#1897,#1983,#2015,#2039,#2064,#2088,#2113,#2137,#2162,#2179,
    #2265,#2296,#2321,#2346,#2370,#2394,#2419,#2444,#2461));
#1625 = ADVANCED_FACE('',(#1626),#1696,.F.);
#1626 = FACE_BOUND('',#1627,.F.);
#1627 = EDGE_LOOP('',(#1628,#1638,#1647,#1655,#1664,#1672,#1681,#1689));
#1628 = ORIENTED_EDGE('',*,*,#1629,.F.);
#1629 = EDGE_CURVE('',#1630,#1632,#1634,.T.);
#1630 = VERTEX_POINT('',#1631);
#1631 = CARTESIAN_POINT('',(-1.,-0.625,4.E-02));
#1632 = VERTEX_POINT('',#1633);
#1633 = CARTESIAN_POINT('',(-1.,-0.625,1.21));
#1634 = LINE('',#1635,#1636);
#1635 = CARTESIAN_POINT('',(-1.,-0.625,0.));
#1636 = VECTOR('',#1637,1.);
#1637 = DIRECTION('',(0.,0.,1.));
#1638 = ORIENTED_EDGE('',*,*,#1639,.T.);
#1639 = EDGE_CURVE('',#1630,#1640,#1642,.T.);
#1640 = VERTEX_POINT('',#1641);
#1641 = CARTESIAN_POINT('',(-1.,-0.585,0.));
#1642 = CIRCLE('',#1643,4.E-02);
#1643 = AXIS2_PLACEMENT_3D('',#1644,#1645,#1646);
#1644 = CARTESIAN_POINT('',(-1.,-0.585,4.E-02));
#1645 = DIRECTION('',(1.,0.,-0.));
#1646 = DIRECTION('',(0.,0.,1.));
#1647 = ORIENTED_EDGE('',*,*,#1648,.T.);
#1648 = EDGE_CURVE('',#1640,#1649,#1651,.T.);
#1649 = VERTEX_POINT('',#1650);
#1650 = CARTESIAN_POINT('',(-1.,0.585,0.));
#1651 = LINE('',#1652,#1653);
#1652 = CARTESIAN_POINT('',(-1.,-0.625,0.));
#1653 = VECTOR('',#1654,1.);
#1654 = DIRECTION('',(0.,1.,0.));
#1655 = ORIENTED_EDGE('',*,*,#1656,.F.);
#1656 = EDGE_CURVE('',#1657,#1649,#1659,.T.);
#1657 = VERTEX_POINT('',#1658);
#1658 = CARTESIAN_POINT('',(-1.,0.625,4.E-02));
#1659 = CIRCLE('',#1660,4.E-02);
#1660 = AXIS2_PLACEMENT_3D('',#1661,#1662,#1663);
#1661 = CARTESIAN_POINT('',(-1.,0.585,4.E-02));
#1662 = DIRECTION('',(-1.,0.,0.));
#1663 = DIRECTION('',(0.,0.,1.));
#1664 = ORIENTED_EDGE('',*,*,#1665,.T.);
#1665 = EDGE_CURVE('',#1657,#1666,#1668,.T.);
#1666 = VERTEX_POINT('',#1667);
#1667 = CARTESIAN_POINT('',(-1.,0.625,1.21));
#1668 = LINE('',#1669,#1670);
#1669 = CARTESIAN_POINT('',(-1.,0.625,0.));
#1670 = VECTOR('',#1671,1.);
#1671 = DIRECTION('',(0.,0.,1.));
#1672 = ORIENTED_EDGE('',*,*,#1673,.T.);
#1673 = EDGE_CURVE('',#1666,#1674,#1676,.T.);
#1674 = VERTEX_POINT('',#1675);
#1675 = CARTESIAN_POINT('',(-1.,0.585,1.25));
#1676 = CIRCLE('',#1677,4.E-02);
#1677 = AXIS2_PLACEMENT_3D('',#1678,#1679,#1680);
#1678 = CARTESIAN_POINT('',(-1.,0.585,1.21));
#1679 = DIRECTION('',(1.,0.,-0.));
#1680 = DIRECTION('',(0.,0.,1.));
#1681 = ORIENTED_EDGE('',*,*,#1682,.F.);
#1682 = EDGE_CURVE('',#1683,#1674,#1685,.T.);
#1683 = VERTEX_POINT('',#1684);
#1684 = CARTESIAN_POINT('',(-1.,-0.585,1.25));
#1685 = LINE('',#1686,#1687);
#1686 = CARTESIAN_POINT('',(-1.,-0.625,1.25));
#1687 = VECTOR('',#1688,1.);
#1688 = DIRECTION('',(0.,1.,0.));
#1689 = ORIENTED_EDGE('',*,*,#1690,.F.);
#1690 = EDGE_CURVE('',#1632,#1683,#1691,.T.);
#1691 = CIRCLE('',#1692,4.E-02);
#1692 = AXIS2_PLACEMENT_3D('',#1693,#1694,#1695);
#1693 = CARTESIAN_POINT('',(-1.,-0.585,1.21));
#1694 = DIRECTION('',(-1.,0.,0.));
#1695 = DIRECTION('',(0.,0.,1.));
#1696 = PLANE('',#1697);
#1697 = AXIS2_PLACEMENT_3D('',#1698,#1699,#1700);
#1698 = CARTESIAN_POINT('',(-1.,-0.625,0.));
#1699 = DIRECTION('',(1.,0.,0.));
#1700 = DIRECTION('',(0.,0.,1.));
#1701 = ADVANCED_FACE('',(#1702),#1727,.F.);
#1702 = FACE_BOUND('',#1703,.F.);
#1703 = EDGE_LOOP('',(#1704,#1714,#1720,#1721));
#1704 = ORIENTED_EDGE('',*,*,#1705,.F.);
#1705 = EDGE_CURVE('',#1706,#1708,#1710,.T.);
#1706 = VERTEX_POINT('',#1707);
#1707 = CARTESIAN_POINT('',(-0.6,-0.625,4.E-02));
#1708 = VERTEX_POINT('',#1709);
#1709 = CARTESIAN_POINT('',(-0.6,-0.625,1.21));
#1710 = LINE('',#1711,#1712);
#1711 = CARTESIAN_POINT('',(-0.6,-0.625,0.));
#1712 = VECTOR('',#1713,1.);
#1713 = DIRECTION('',(0.,0.,1.));
#1714 = ORIENTED_EDGE('',*,*,#1715,.F.);
#1715 = EDGE_CURVE('',#1630,#1706,#1716,.T.);
#1716 = LINE('',#1717,#1718);
#1717 = CARTESIAN_POINT('',(-1.,-0.625,4.E-02));
#1718 = VECTOR('',#1719,1.);
#1719 = DIRECTION('',(1.,0.,0.));
#1720 = ORIENTED_EDGE('',*,*,#1629,.T.);
#1721 = ORIENTED_EDGE('',*,*,#1722,.T.);
#1722 = EDGE_CURVE('',#1632,#1708,#1723,.T.);
#1723 = LINE('',#1724,#1725);
#1724 = CARTESIAN_POINT('',(-1.,-0.625,1.21));
#1725 = VECTOR('',#1726,1.);
#1726 = DIRECTION('',(1.,0.,0.));
#1727 = PLANE('',#1728);
#1728 = AXIS2_PLACEMENT_3D('',#1729,#1730,#1731);
#1729 = CARTESIAN_POINT('',(-1.,-0.625,0.));
#1730 = DIRECTION('',(0.,1.,0.));
#1731 = DIRECTION('',(0.,-0.,1.));
#1732 = ADVANCED_FACE('',(#1733),#1752,.T.);
#1733 = FACE_BOUND('',#1734,.T.);
#1734 = EDGE_LOOP('',(#1735,#1736,#1744,#1751));
#1735 = ORIENTED_EDGE('',*,*,#1639,.T.);
#1736 = ORIENTED_EDGE('',*,*,#1737,.T.);
#1737 = EDGE_CURVE('',#1640,#1738,#1740,.T.);
#1738 = VERTEX_POINT('',#1739);
#1739 = CARTESIAN_POINT('',(-0.6,-0.585,0.));
#1740 = LINE('',#1741,#1742);
#1741 = CARTESIAN_POINT('',(-1.,-0.585,0.));
#1742 = VECTOR('',#1743,1.);
#1743 = DIRECTION('',(1.,0.,0.));
#1744 = ORIENTED_EDGE('',*,*,#1745,.F.);
#1745 = EDGE_CURVE('',#1706,#1738,#1746,.T.);
#1746 = CIRCLE('',#1747,4.E-02);
#1747 = AXIS2_PLACEMENT_3D('',#1748,#1749,#1750);
#1748 = CARTESIAN_POINT('',(-0.6,-0.585,4.E-02));
#1749 = DIRECTION('',(1.,0.,-0.));
#1750 = DIRECTION('',(0.,0.,1.));
#1751 = ORIENTED_EDGE('',*,*,#1715,.F.);
#1752 = CYLINDRICAL_SURFACE('',#1753,4.E-02);
#1753 = AXIS2_PLACEMENT_3D('',#1754,#1755,#1756);
#1754 = CARTESIAN_POINT('',(-1.,-0.585,4.E-02));
#1755 = DIRECTION('',(1.,0.,0.));
#1756 = DIRECTION('',(0.,-1.,0.));
#1757 = ADVANCED_FACE('',(#1758),#1777,.T.);
#1758 = FACE_BOUND('',#1759,.T.);
#1759 = EDGE_LOOP('',(#1760,#1761,#1770,#1776));
#1760 = ORIENTED_EDGE('',*,*,#1722,.T.);
#1761 = ORIENTED_EDGE('',*,*,#1762,.T.);
#1762 = EDGE_CURVE('',#1708,#1763,#1765,.T.);
#1763 = VERTEX_POINT('',#1764);
#1764 = CARTESIAN_POINT('',(-0.6,-0.585,1.25));
#1765 = CIRCLE('',#1766,4.E-02);
#1766 = AXIS2_PLACEMENT_3D('',#1767,#1768,#1769);
#1767 = CARTESIAN_POINT('',(-0.6,-0.585,1.21));
#1768 = DIRECTION('',(-1.,0.,0.));
#1769 = DIRECTION('',(0.,0.,1.));
#1770 = ORIENTED_EDGE('',*,*,#1771,.F.);
#1771 = EDGE_CURVE('',#1683,#1763,#1772,.T.);
#1772 = LINE('',#1773,#1774);
#1773 = CARTESIAN_POINT('',(-1.,-0.585,1.25));
#1774 = VECTOR('',#1775,1.);
#1775 = DIRECTION('',(1.,0.,0.));
#1776 = ORIENTED_EDGE('',*,*,#1690,.F.);
#1777 = CYLINDRICAL_SURFACE('',#1778,4.E-02);
#1778 = AXIS2_PLACEMENT_3D('',#1779,#1780,#1781);
#1779 = CARTESIAN_POINT('',(-1.,-0.585,1.21));
#1780 = DIRECTION('',(1.,0.,0.));
#1781 = DIRECTION('',(0.,-1.,0.));
#1782 = ADVANCED_FACE('',(#1783),#1801,.F.);
#1783 = FACE_BOUND('',#1784,.F.);
#1784 = EDGE_LOOP('',(#1785,#1786,#1787,#1795));
#1785 = ORIENTED_EDGE('',*,*,#1648,.F.);
#1786 = ORIENTED_EDGE('',*,*,#1737,.T.);
#1787 = ORIENTED_EDGE('',*,*,#1788,.T.);
#1788 = EDGE_CURVE('',#1738,#1789,#1791,.T.);
#1789 = VERTEX_POINT('',#1790);
#1790 = CARTESIAN_POINT('',(-0.6,0.585,0.));
#1791 = LINE('',#1792,#1793);
#1792 = CARTESIAN_POINT('',(-0.6,-0.625,0.));
#1793 = VECTOR('',#1794,1.);
#1794 = DIRECTION('',(0.,1.,0.));
#1795 = ORIENTED_EDGE('',*,*,#1796,.F.);
#1796 = EDGE_CURVE('',#1649,#1789,#1797,.T.);
#1797 = LINE('',#1798,#1799);
#1798 = CARTESIAN_POINT('',(-1.,0.585,0.));
#1799 = VECTOR('',#1800,1.);
#1800 = DIRECTION('',(1.,0.,0.));
#1801 = PLANE('',#1802);
#1802 = AXIS2_PLACEMENT_3D('',#1803,#1804,#1805);
#1803 = CARTESIAN_POINT('',(-1.,-0.625,0.));
#1804 = DIRECTION('',(0.,0.,1.));
#1805 = DIRECTION('',(1.,0.,-0.));
#1806 = ADVANCED_FACE('',(#1807),#1825,.T.);
#1807 = FACE_BOUND('',#1808,.T.);
#1808 = EDGE_LOOP('',(#1809,#1810,#1811,#1819));
#1809 = ORIENTED_EDGE('',*,*,#1682,.F.);
#1810 = ORIENTED_EDGE('',*,*,#1771,.T.);
#1811 = ORIENTED_EDGE('',*,*,#1812,.T.);
#1812 = EDGE_CURVE('',#1763,#1813,#1815,.T.);
#1813 = VERTEX_POINT('',#1814);
#1814 = CARTESIAN_POINT('',(-0.6,0.585,1.25));
#1815 = LINE('',#1816,#1817);
#1816 = CARTESIAN_POINT('',(-0.6,-0.625,1.25));
#1817 = VECTOR('',#1818,1.);
#1818 = DIRECTION('',(0.,1.,0.));
#1819 = ORIENTED_EDGE('',*,*,#1820,.F.);
#1820 = EDGE_CURVE('',#1674,#1813,#1821,.T.);
#1821 = LINE('',#1822,#1823);
#1822 = CARTESIAN_POINT('',(-1.,0.585,1.25));
#1823 = VECTOR('',#1824,1.);
#1824 = DIRECTION('',(1.,0.,0.));
#1825 = PLANE('',#1826);
#1826 = AXIS2_PLACEMENT_3D('',#1827,#1828,#1829);
#1827 = CARTESIAN_POINT('',(-1.,-0.625,1.25));
#1828 = DIRECTION('',(0.,0.,1.));
#1829 = DIRECTION('',(1.,0.,-0.));
#1830 = ADVANCED_FACE('',(#1831),#1850,.T.);
#1831 = FACE_BOUND('',#1832,.T.);
#1832 = EDGE_LOOP('',(#1833,#1841,#1848,#1849));
#1833 = ORIENTED_EDGE('',*,*,#1834,.T.);
#1834 = EDGE_CURVE('',#1657,#1835,#1837,.T.);
#1835 = VERTEX_POINT('',#1836);
#1836 = CARTESIAN_POINT('',(-0.6,0.625,4.E-02));
#1837 = LINE('',#1838,#1839);
#1838 = CARTESIAN_POINT('',(-1.,0.625,4.E-02));
#1839 = VECTOR('',#1840,1.);
#1840 = DIRECTION('',(1.,0.,0.));
#1841 = ORIENTED_EDGE('',*,*,#1842,.T.);
#1842 = EDGE_CURVE('',#1835,#1789,#1843,.T.);
#1843 = CIRCLE('',#1844,4.E-02);
#1844 = AXIS2_PLACEMENT_3D('',#1845,#1846,#1847);
#1845 = CARTESIAN_POINT('',(-0.6,0.585,4.E-02));
#1846 = DIRECTION('',(-1.,0.,0.));
#1847 = DIRECTION('',(0.,0.,1.));
#1848 = ORIENTED_EDGE('',*,*,#1796,.F.);
#1849 = ORIENTED_EDGE('',*,*,#1656,.F.);
#1850 = CYLINDRICAL_SURFACE('',#1851,4.E-02);
#1851 = AXIS2_PLACEMENT_3D('',#1852,#1853,#1854);
#1852 = CARTESIAN_POINT('',(-1.,0.585,4.E-02));
#1853 = DIRECTION('',(1.,0.,0.));
#1854 = DIRECTION('',(-0.,1.,0.));
#1855 = ADVANCED_FACE('',(#1856),#1875,.T.);
#1856 = FACE_BOUND('',#1857,.T.);
#1857 = EDGE_LOOP('',(#1858,#1859,#1860,#1869));
#1858 = ORIENTED_EDGE('',*,*,#1673,.T.);
#1859 = ORIENTED_EDGE('',*,*,#1820,.T.);
#1860 = ORIENTED_EDGE('',*,*,#1861,.F.);
#1861 = EDGE_CURVE('',#1862,#1813,#1864,.T.);
#1862 = VERTEX_POINT('',#1863);
#1863 = CARTESIAN_POINT('',(-0.6,0.625,1.21));
#1864 = CIRCLE('',#1865,4.E-02);
#1865 = AXIS2_PLACEMENT_3D('',#1866,#1867,#1868);
#1866 = CARTESIAN_POINT('',(-0.6,0.585,1.21));
#1867 = DIRECTION('',(1.,0.,-0.));
#1868 = DIRECTION('',(0.,0.,1.));
#1869 = ORIENTED_EDGE('',*,*,#1870,.F.);
#1870 = EDGE_CURVE('',#1666,#1862,#1871,.T.);
#1871 = LINE('',#1872,#1873);
#1872 = CARTESIAN_POINT('',(-1.,0.625,1.21));
#1873 = VECTOR('',#1874,1.);
#1874 = DIRECTION('',(1.,0.,0.));
#1875 = CYLINDRICAL_SURFACE('',#1876,4.E-02);
#1876 = AXIS2_PLACEMENT_3D('',#1877,#1878,#1879);
#1877 = CARTESIAN_POINT('',(-1.,0.585,1.21));
#1878 = DIRECTION('',(1.,0.,0.));
#1879 = DIRECTION('',(-0.,1.,0.));
#1880 = ADVANCED_FACE('',(#1881),#1892,.T.);
#1881 = FACE_BOUND('',#1882,.T.);
#1882 = EDGE_LOOP('',(#1883,#1889,#1890,#1891));
#1883 = ORIENTED_EDGE('',*,*,#1884,.F.);
#1884 = EDGE_CURVE('',#1835,#1862,#1885,.T.);
#1885 = LINE('',#1886,#1887);
#1886 = CARTESIAN_POINT('',(-0.6,0.625,0.));
#1887 = VECTOR('',#1888,1.);
#1888 = DIRECTION('',(0.,0.,1.));
#1889 = ORIENTED_EDGE('',*,*,#1834,.F.);
#1890 = ORIENTED_EDGE('',*,*,#1665,.T.);
#1891 = ORIENTED_EDGE('',*,*,#1870,.T.);
#1892 = PLANE('',#1893);
#1893 = AXIS2_PLACEMENT_3D('',#1894,#1895,#1896);
#1894 = CARTESIAN_POINT('',(-1.,0.625,0.));
#1895 = DIRECTION('',(0.,1.,0.));
#1896 = DIRECTION('',(0.,-0.,1.));
#1897 = ADVANCED_FACE('',(#1898,#1908),#1978,.T.);
#1898 = FACE_BOUND('',#1899,.T.);
#1899 = EDGE_LOOP('',(#1900,#1901,#1902,#1903,#1904,#1905,#1906,#1907));
#1900 = ORIENTED_EDGE('',*,*,#1705,.F.);
#1901 = ORIENTED_EDGE('',*,*,#1745,.T.);
#1902 = ORIENTED_EDGE('',*,*,#1788,.T.);
#1903 = ORIENTED_EDGE('',*,*,#1842,.F.);
#1904 = ORIENTED_EDGE('',*,*,#1884,.T.);
#1905 = ORIENTED_EDGE('',*,*,#1861,.T.);
#1906 = ORIENTED_EDGE('',*,*,#1812,.F.);
#1907 = ORIENTED_EDGE('',*,*,#1762,.F.);
#1908 = FACE_BOUND('',#1909,.T.);
#1909 = EDGE_LOOP('',(#1910,#1921,#1929,#1938,#1946,#1955,#1963,#1972));
#1910 = ORIENTED_EDGE('',*,*,#1911,.F.);
#1911 = EDGE_CURVE('',#1912,#1914,#1916,.T.);
#1912 = VERTEX_POINT('',#1913);
#1913 = CARTESIAN_POINT('',(-0.6,-0.585,8.E-02));
#1914 = VERTEX_POINT('',#1915);
#1915 = CARTESIAN_POINT('',(-0.6,-0.545,4.E-02));
#1916 = CIRCLE('',#1917,4.E-02);
#1917 = AXIS2_PLACEMENT_3D('',#1918,#1919,#1920);
#1918 = CARTESIAN_POINT('',(-0.6,-0.545,8.E-02));
#1919 = DIRECTION('',(1.,0.,-0.));
#1920 = DIRECTION('',(0.,0.,1.));
#1921 = ORIENTED_EDGE('',*,*,#1922,.T.);
#1922 = EDGE_CURVE('',#1912,#1923,#1925,.T.);
#1923 = VERTEX_POINT('',#1924);
#1924 = CARTESIAN_POINT('',(-0.6,-0.585,1.17));
#1925 = LINE('',#1926,#1927);
#1926 = CARTESIAN_POINT('',(-0.6,-0.585,4.E-02));
#1927 = VECTOR('',#1928,1.);
#1928 = DIRECTION('',(0.,0.,1.));
#1929 = ORIENTED_EDGE('',*,*,#1930,.T.);
#1930 = EDGE_CURVE('',#1923,#1931,#1933,.T.);
#1931 = VERTEX_POINT('',#1932);
#1932 = CARTESIAN_POINT('',(-0.6,-0.545,1.21));
#1933 = CIRCLE('',#1934,4.E-02);
#1934 = AXIS2_PLACEMENT_3D('',#1935,#1936,#1937);
#1935 = CARTESIAN_POINT('',(-0.6,-0.545,1.17));
#1936 = DIRECTION('',(-1.,0.,0.));
#1937 = DIRECTION('',(0.,0.,1.));
#1938 = ORIENTED_EDGE('',*,*,#1939,.T.);
#1939 = EDGE_CURVE('',#1931,#1940,#1942,.T.);
#1940 = VERTEX_POINT('',#1941);
#1941 = CARTESIAN_POINT('',(-0.6,0.545,1.21));
#1942 = LINE('',#1943,#1944);
#1943 = CARTESIAN_POINT('',(-0.6,-0.585,1.21));
#1944 = VECTOR('',#1945,1.);
#1945 = DIRECTION('',(0.,1.,0.));
#1946 = ORIENTED_EDGE('',*,*,#1947,.F.);
#1947 = EDGE_CURVE('',#1948,#1940,#1950,.T.);
#1948 = VERTEX_POINT('',#1949);
#1949 = CARTESIAN_POINT('',(-0.6,0.585,1.17));
#1950 = CIRCLE('',#1951,4.E-02);
#1951 = AXIS2_PLACEMENT_3D('',#1952,#1953,#1954);
#1952 = CARTESIAN_POINT('',(-0.6,0.545,1.17));
#1953 = DIRECTION('',(1.,0.,-0.));
#1954 = DIRECTION('',(0.,0.,1.));
#1955 = ORIENTED_EDGE('',*,*,#1956,.F.);
#1956 = EDGE_CURVE('',#1957,#1948,#1959,.T.);
#1957 = VERTEX_POINT('',#1958);
#1958 = CARTESIAN_POINT('',(-0.6,0.585,8.E-02));
#1959 = LINE('',#1960,#1961);
#1960 = CARTESIAN_POINT('',(-0.6,0.585,4.E-02));
#1961 = VECTOR('',#1962,1.);
#1962 = DIRECTION('',(0.,0.,1.));
#1963 = ORIENTED_EDGE('',*,*,#1964,.T.);
#1964 = EDGE_CURVE('',#1957,#1965,#1967,.T.);
#1965 = VERTEX_POINT('',#1966);
#1966 = CARTESIAN_POINT('',(-0.6,0.545,4.E-02));
#1967 = CIRCLE('',#1968,4.E-02);
#1968 = AXIS2_PLACEMENT_3D('',#1969,#1970,#1971);
#1969 = CARTESIAN_POINT('',(-0.6,0.545,8.E-02));
#1970 = DIRECTION('',(-1.,0.,0.));
#1971 = DIRECTION('',(0.,0.,1.));
#1972 = ORIENTED_EDGE('',*,*,#1973,.F.);
#1973 = EDGE_CURVE('',#1914,#1965,#1974,.T.);
#1974 = LINE('',#1975,#1976);
#1975 = CARTESIAN_POINT('',(-0.6,-0.585,4.E-02));
#1976 = VECTOR('',#1977,1.);
#1977 = DIRECTION('',(0.,1.,0.));
#1978 = PLANE('',#1979);
#1979 = AXIS2_PLACEMENT_3D('',#1980,#1981,#1982);
#1980 = CARTESIAN_POINT('',(-0.6,-0.625,0.));
#1981 = DIRECTION('',(1.,0.,0.));
#1982 = DIRECTION('',(0.,0.,1.));
#1983 = ADVANCED_FACE('',(#1984),#2010,.T.);
#1984 = FACE_BOUND('',#1985,.T.);
#1985 = EDGE_LOOP('',(#1986,#1987,#1995,#2004));
#1986 = ORIENTED_EDGE('',*,*,#1911,.T.);
#1987 = ORIENTED_EDGE('',*,*,#1988,.T.);
#1988 = EDGE_CURVE('',#1914,#1989,#1991,.T.);
#1989 = VERTEX_POINT('',#1990);
#1990 = CARTESIAN_POINT('',(0.6,-0.545,4.E-02));
#1991 = LINE('',#1992,#1993);
#1992 = CARTESIAN_POINT('',(-0.6,-0.545,4.E-02));
#1993 = VECTOR('',#1994,1.);
#1994 = DIRECTION('',(1.,0.,0.));
#1995 = ORIENTED_EDGE('',*,*,#1996,.F.);
#1996 = EDGE_CURVE('',#1997,#1989,#1999,.T.);
#1997 = VERTEX_POINT('',#1998);
#1998 = CARTESIAN_POINT('',(0.6,-0.585,8.E-02));
#1999 = CIRCLE('',#2000,4.E-02);
#2000 = AXIS2_PLACEMENT_3D('',#2001,#2002,#2003);
#2001 = CARTESIAN_POINT('',(0.6,-0.545,8.E-02));
#2002 = DIRECTION('',(1.,0.,-0.));
#2003 = DIRECTION('',(0.,0.,1.));
#2004 = ORIENTED_EDGE('',*,*,#2005,.F.);
#2005 = EDGE_CURVE('',#1912,#1997,#2006,.T.);
#2006 = LINE('',#2007,#2008);
#2007 = CARTESIAN_POINT('',(-0.6,-0.585,8.E-02));
#2008 = VECTOR('',#2009,1.);
#2009 = DIRECTION('',(1.,0.,0.));
#2010 = CYLINDRICAL_SURFACE('',#2011,4.E-02);
#2011 = AXIS2_PLACEMENT_3D('',#2012,#2013,#2014);
#2012 = CARTESIAN_POINT('',(-0.6,-0.545,8.E-02));
#2013 = DIRECTION('',(1.,0.,0.));
#2014 = DIRECTION('',(0.,-1.,0.));
#2015 = ADVANCED_FACE('',(#2016),#2034,.F.);
#2016 = FACE_BOUND('',#2017,.F.);
#2017 = EDGE_LOOP('',(#2018,#2019,#2020,#2028));
#2018 = ORIENTED_EDGE('',*,*,#1973,.F.);
#2019 = ORIENTED_EDGE('',*,*,#1988,.T.);
#2020 = ORIENTED_EDGE('',*,*,#2021,.T.);
#2021 = EDGE_CURVE('',#1989,#2022,#2024,.T.);
#2022 = VERTEX_POINT('',#2023);
#2023 = CARTESIAN_POINT('',(0.6,0.545,4.E-02));
#2024 = LINE('',#2025,#2026);
#2025 = CARTESIAN_POINT('',(0.6,-0.585,4.E-02));
#2026 = VECTOR('',#2027,1.);
#2027 = DIRECTION('',(0.,1.,0.));
#2028 = ORIENTED_EDGE('',*,*,#2029,.F.);
#2029 = EDGE_CURVE('',#1965,#2022,#2030,.T.);
#2030 = LINE('',#2031,#2032);
#2031 = CARTESIAN_POINT('',(-0.6,0.545,4.E-02));
#2032 = VECTOR('',#2033,1.);
#2033 = DIRECTION('',(1.,0.,0.));
#2034 = PLANE('',#2035);
#2035 = AXIS2_PLACEMENT_3D('',#2036,#2037,#2038);
#2036 = CARTESIAN_POINT('',(-0.6,-0.585,4.E-02));
#2037 = DIRECTION('',(0.,0.,1.));
#2038 = DIRECTION('',(1.,0.,-0.));
#2039 = ADVANCED_FACE('',(#2040),#2059,.T.);
#2040 = FACE_BOUND('',#2041,.T.);
#2041 = EDGE_LOOP('',(#2042,#2050,#2057,#2058));
#2042 = ORIENTED_EDGE('',*,*,#2043,.T.);
#2043 = EDGE_CURVE('',#1957,#2044,#2046,.T.);
#2044 = VERTEX_POINT('',#2045);
#2045 = CARTESIAN_POINT('',(0.6,0.585,8.E-02));
#2046 = LINE('',#2047,#2048);
#2047 = CARTESIAN_POINT('',(-0.6,0.585,8.E-02));
#2048 = VECTOR('',#2049,1.);
#2049 = DIRECTION('',(1.,0.,0.));
#2050 = ORIENTED_EDGE('',*,*,#2051,.T.);
#2051 = EDGE_CURVE('',#2044,#2022,#2052,.T.);
#2052 = CIRCLE('',#2053,4.E-02);
#2053 = AXIS2_PLACEMENT_3D('',#2054,#2055,#2056);
#2054 = CARTESIAN_POINT('',(0.6,0.545,8.E-02));
#2055 = DIRECTION('',(-1.,0.,0.));
#2056 = DIRECTION('',(0.,0.,1.));
#2057 = ORIENTED_EDGE('',*,*,#2029,.F.);
#2058 = ORIENTED_EDGE('',*,*,#1964,.F.);
#2059 = CYLINDRICAL_SURFACE('',#2060,4.E-02);
#2060 = AXIS2_PLACEMENT_3D('',#2061,#2062,#2063);
#2061 = CARTESIAN_POINT('',(-0.6,0.545,8.E-02));
#2062 = DIRECTION('',(1.,0.,0.));
#2063 = DIRECTION('',(-0.,1.,0.));
#2064 = ADVANCED_FACE('',(#2065),#2083,.T.);
#2065 = FACE_BOUND('',#2066,.T.);
#2066 = EDGE_LOOP('',(#2067,#2075,#2076,#2077));
#2067 = ORIENTED_EDGE('',*,*,#2068,.F.);
#2068 = EDGE_CURVE('',#2044,#2069,#2071,.T.);
#2069 = VERTEX_POINT('',#2070);
#2070 = CARTESIAN_POINT('',(0.6,0.585,1.17));
#2071 = LINE('',#2072,#2073);
#2072 = CARTESIAN_POINT('',(0.6,0.585,4.E-02));
#2073 = VECTOR('',#2074,1.);
#2074 = DIRECTION('',(0.,0.,1.));
#2075 = ORIENTED_EDGE('',*,*,#2043,.F.);
#2076 = ORIENTED_EDGE('',*,*,#1956,.T.);
#2077 = ORIENTED_EDGE('',*,*,#2078,.T.);
#2078 = EDGE_CURVE('',#1948,#2069,#2079,.T.);
#2079 = LINE('',#2080,#2081);
#2080 = CARTESIAN_POINT('',(-0.6,0.585,1.17));
#2081 = VECTOR('',#2082,1.);
#2082 = DIRECTION('',(1.,0.,0.));
#2083 = PLANE('',#2084);
#2084 = AXIS2_PLACEMENT_3D('',#2085,#2086,#2087);
#2085 = CARTESIAN_POINT('',(-0.6,0.585,4.E-02));
#2086 = DIRECTION('',(0.,1.,0.));
#2087 = DIRECTION('',(0.,-0.,1.));
#2088 = ADVANCED_FACE('',(#2089),#2108,.T.);
#2089 = FACE_BOUND('',#2090,.T.);
#2090 = EDGE_LOOP('',(#2091,#2092,#2100,#2107));
#2091 = ORIENTED_EDGE('',*,*,#1947,.T.);
#2092 = ORIENTED_EDGE('',*,*,#2093,.T.);
#2093 = EDGE_CURVE('',#1940,#2094,#2096,.T.);
#2094 = VERTEX_POINT('',#2095);
#2095 = CARTESIAN_POINT('',(0.6,0.545,1.21));
#2096 = LINE('',#2097,#2098);
#2097 = CARTESIAN_POINT('',(-0.6,0.545,1.21));
#2098 = VECTOR('',#2099,1.);
#2099 = DIRECTION('',(1.,0.,0.));
#2100 = ORIENTED_EDGE('',*,*,#2101,.F.);
#2101 = EDGE_CURVE('',#2069,#2094,#2102,.T.);
#2102 = CIRCLE('',#2103,4.E-02);
#2103 = AXIS2_PLACEMENT_3D('',#2104,#2105,#2106);
#2104 = CARTESIAN_POINT('',(0.6,0.545,1.17));
#2105 = DIRECTION('',(1.,0.,-0.));
#2106 = DIRECTION('',(0.,0.,1.));
#2107 = ORIENTED_EDGE('',*,*,#2078,.F.);
#2108 = CYLINDRICAL_SURFACE('',#2109,4.E-02);
#2109 = AXIS2_PLACEMENT_3D('',#2110,#2111,#2112);
#2110 = CARTESIAN_POINT('',(-0.6,0.545,1.17));
#2111 = DIRECTION('',(1.,0.,0.));
#2112 = DIRECTION('',(-0.,1.,0.));
#2113 = ADVANCED_FACE('',(#2114),#2132,.T.);
#2114 = FACE_BOUND('',#2115,.T.);
#2115 = EDGE_LOOP('',(#2116,#2117,#2125,#2131));
#2116 = ORIENTED_EDGE('',*,*,#1939,.F.);
#2117 = ORIENTED_EDGE('',*,*,#2118,.T.);
#2118 = EDGE_CURVE('',#1931,#2119,#2121,.T.);
#2119 = VERTEX_POINT('',#2120);
#2120 = CARTESIAN_POINT('',(0.6,-0.545,1.21));
#2121 = LINE('',#2122,#2123);
#2122 = CARTESIAN_POINT('',(-0.6,-0.545,1.21));
#2123 = VECTOR('',#2124,1.);
#2124 = DIRECTION('',(1.,0.,0.));
#2125 = ORIENTED_EDGE('',*,*,#2126,.T.);
#2126 = EDGE_CURVE('',#2119,#2094,#2127,.T.);
#2127 = LINE('',#2128,#2129);
#2128 = CARTESIAN_POINT('',(0.6,-0.585,1.21));
#2129 = VECTOR('',#2130,1.);
#2130 = DIRECTION('',(0.,1.,0.));
#2131 = ORIENTED_EDGE('',*,*,#2093,.F.);
#2132 = PLANE('',#2133);
#2133 = AXIS2_PLACEMENT_3D('',#2134,#2135,#2136);
#2134 = CARTESIAN_POINT('',(-0.6,-0.585,1.21));
#2135 = DIRECTION('',(0.,0.,1.));
#2136 = DIRECTION('',(1.,0.,-0.));
#2137 = ADVANCED_FACE('',(#2138),#2157,.T.);
#2138 = FACE_BOUND('',#2139,.T.);
#2139 = EDGE_LOOP('',(#2140,#2148,#2155,#2156));
#2140 = ORIENTED_EDGE('',*,*,#2141,.T.);
#2141 = EDGE_CURVE('',#1923,#2142,#2144,.T.);
#2142 = VERTEX_POINT('',#2143);
#2143 = CARTESIAN_POINT('',(0.6,-0.585,1.17));
#2144 = LINE('',#2145,#2146);
#2145 = CARTESIAN_POINT('',(-0.6,-0.585,1.17));
#2146 = VECTOR('',#2147,1.);
#2147 = DIRECTION('',(1.,0.,0.));
#2148 = ORIENTED_EDGE('',*,*,#2149,.T.);
#2149 = EDGE_CURVE('',#2142,#2119,#2150,.T.);
#2150 = CIRCLE('',#2151,4.E-02);
#2151 = AXIS2_PLACEMENT_3D('',#2152,#2153,#2154);
#2152 = CARTESIAN_POINT('',(0.6,-0.545,1.17));
#2153 = DIRECTION('',(-1.,0.,0.));
#2154 = DIRECTION('',(0.,0.,1.));
#2155 = ORIENTED_EDGE('',*,*,#2118,.F.);
#2156 = ORIENTED_EDGE('',*,*,#1930,.F.);
#2157 = CYLINDRICAL_SURFACE('',#2158,4.E-02);
#2158 = AXIS2_PLACEMENT_3D('',#2159,#2160,#2161);
#2159 = CARTESIAN_POINT('',(-0.6,-0.545,1.17));
#2160 = DIRECTION('',(1.,0.,0.));
#2161 = DIRECTION('',(0.,-1.,0.));
#2162 = ADVANCED_FACE('',(#2163),#2174,.F.);
#2163 = FACE_BOUND('',#2164,.F.);
#2164 = EDGE_LOOP('',(#2165,#2171,#2172,#2173));
#2165 = ORIENTED_EDGE('',*,*,#2166,.F.);
#2166 = EDGE_CURVE('',#1997,#2142,#2167,.T.);
#2167 = LINE('',#2168,#2169);
#2168 = CARTESIAN_POINT('',(0.6,-0.585,4.E-02));
#2169 = VECTOR('',#2170,1.);
#2170 = DIRECTION('',(0.,0.,1.));
#2171 = ORIENTED_EDGE('',*,*,#2005,.F.);
#2172 = ORIENTED_EDGE('',*,*,#1922,.T.);
#2173 = ORIENTED_EDGE('',*,*,#2141,.T.);
#2174 = PLANE('',#2175);
#2175 = AXIS2_PLACEMENT_3D('',#2176,#2177,#2178);
#2176 = CARTESIAN_POINT('',(-0.6,-0.585,4.E-02));
#2177 = DIRECTION('',(0.,1.,0.));
#2178 = DIRECTION('',(0.,-0.,1.));
#2179 = ADVANCED_FACE('',(#2180,#2250),#2260,.F.);
#2180 = FACE_BOUND('',#2181,.F.);
#2181 = EDGE_LOOP('',(#2182,#2192,#2201,#2209,#2218,#2226,#2235,#2243));
#2182 = ORIENTED_EDGE('',*,*,#2183,.F.);
#2183 = EDGE_CURVE('',#2184,#2186,#2188,.T.);
#2184 = VERTEX_POINT('',#2185);
#2185 = CARTESIAN_POINT('',(0.6,-0.625,4.E-02));
#2186 = VERTEX_POINT('',#2187);
#2187 = CARTESIAN_POINT('',(0.6,-0.625,1.21));
#2188 = LINE('',#2189,#2190);
#2189 = CARTESIAN_POINT('',(0.6,-0.625,0.));
#2190 = VECTOR('',#2191,1.);
#2191 = DIRECTION('',(0.,0.,1.));
#2192 = ORIENTED_EDGE('',*,*,#2193,.T.);
#2193 = EDGE_CURVE('',#2184,#2194,#2196,.T.);
#2194 = VERTEX_POINT('',#2195);
#2195 = CARTESIAN_POINT('',(0.6,-0.585,0.));
#2196 = CIRCLE('',#2197,4.E-02);
#2197 = AXIS2_PLACEMENT_3D('',#2198,#2199,#2200);
#2198 = CARTESIAN_POINT('',(0.6,-0.585,4.E-02));
#2199 = DIRECTION('',(1.,0.,-0.));
#2200 = DIRECTION('',(0.,0.,1.));
#2201 = ORIENTED_EDGE('',*,*,#2202,.T.);
#2202 = EDGE_CURVE('',#2194,#2203,#2205,.T.);
#2203 = VERTEX_POINT('',#2204);
#2204 = CARTESIAN_POINT('',(0.6,0.585,0.));
#2205 = LINE('',#2206,#2207);
#2206 = CARTESIAN_POINT('',(0.6,-0.625,0.));
#2207 = VECTOR('',#2208,1.);
#2208 = DIRECTION('',(0.,1.,0.));
#2209 = ORIENTED_EDGE('',*,*,#2210,.F.);
#2210 = EDGE_CURVE('',#2211,#2203,#2213,.T.);
#2211 = VERTEX_POINT('',#2212);
#2212 = CARTESIAN_POINT('',(0.6,0.625,4.E-02));
#2213 = CIRCLE('',#2214,4.E-02);
#2214 = AXIS2_PLACEMENT_3D('',#2215,#2216,#2217);
#2215 = CARTESIAN_POINT('',(0.6,0.585,4.E-02));
#2216 = DIRECTION('',(-1.,0.,0.));
#2217 = DIRECTION('',(0.,0.,1.));
#2218 = ORIENTED_EDGE('',*,*,#2219,.T.);
#2219 = EDGE_CURVE('',#2211,#2220,#2222,.T.);
#2220 = VERTEX_POINT('',#2221);
#2221 = CARTESIAN_POINT('',(0.6,0.625,1.21));
#2222 = LINE('',#2223,#2224);
#2223 = CARTESIAN_POINT('',(0.6,0.625,0.));
#2224 = VECTOR('',#2225,1.);
#2225 = DIRECTION('',(0.,0.,1.));
#2226 = ORIENTED_EDGE('',*,*,#2227,.T.);
#2227 = EDGE_CURVE('',#2220,#2228,#2230,.T.);
#2228 = VERTEX_POINT('',#2229);
#2229 = CARTESIAN_POINT('',(0.6,0.585,1.25));
#2230 = CIRCLE('',#2231,4.E-02);
#2231 = AXIS2_PLACEMENT_3D('',#2232,#2233,#2234);
#2232 = CARTESIAN_POINT('',(0.6,0.585,1.21));
#2233 = DIRECTION('',(1.,0.,-0.));
#2234 = DIRECTION('',(0.,0.,1.));
#2235 = ORIENTED_EDGE('',*,*,#2236,.F.);
#2236 = EDGE_CURVE('',#2237,#2228,#2239,.T.);
#2237 = VERTEX_POINT('',#2238);
#2238 = CARTESIAN_POINT('',(0.6,-0.585,1.25));
#2239 = LINE('',#2240,#2241);
#2240 = CARTESIAN_POINT('',(0.6,-0.625,1.25));
#2241 = VECTOR('',#2242,1.);
#2242 = DIRECTION('',(0.,1.,0.));
#2243 = ORIENTED_EDGE('',*,*,#2244,.F.);
#2244 = EDGE_CURVE('',#2186,#2237,#2245,.T.);
#2245 = CIRCLE('',#2246,4.E-02);
#2246 = AXIS2_PLACEMENT_3D('',#2247,#2248,#2249);
#2247 = CARTESIAN_POINT('',(0.6,-0.585,1.21));
#2248 = DIRECTION('',(-1.,0.,0.));
#2249 = DIRECTION('',(0.,0.,1.));
#2250 = FACE_BOUND('',#2251,.F.);
#2251 = EDGE_LOOP('',(#2252,#2253,#2254,#2255,#2256,#2257,#2258,#2259));
#2252 = ORIENTED_EDGE('',*,*,#1996,.F.);
#2253 = ORIENTED_EDGE('',*,*,#2166,.T.);
#2254 = ORIENTED_EDGE('',*,*,#2149,.T.);
#2255 = ORIENTED_EDGE('',*,*,#2126,.T.);
#2256 = ORIENTED_EDGE('',*,*,#2101,.F.);
#2257 = ORIENTED_EDGE('',*,*,#2068,.F.);
#2258 = ORIENTED_EDGE('',*,*,#2051,.T.);
#2259 = ORIENTED_EDGE('',*,*,#2021,.F.);
#2260 = PLANE('',#2261);
#2261 = AXIS2_PLACEMENT_3D('',#2262,#2263,#2264);
#2262 = CARTESIAN_POINT('',(0.6,-0.625,0.));
#2263 = DIRECTION('',(1.,0.,0.));
#2264 = DIRECTION('',(0.,0.,1.));
#2265 = ADVANCED_FACE('',(#2266),#2291,.F.);
#2266 = FACE_BOUND('',#2267,.F.);
#2267 = EDGE_LOOP('',(#2268,#2278,#2284,#2285));
#2268 = ORIENTED_EDGE('',*,*,#2269,.F.);
#2269 = EDGE_CURVE('',#2270,#2272,#2274,.T.);
#2270 = VERTEX_POINT('',#2271);
#2271 = CARTESIAN_POINT('',(1.,-0.625,4.E-02));
#2272 = VERTEX_POINT('',#2273);
#2273 = CARTESIAN_POINT('',(1.,-0.625,1.21));
#2274 = LINE('',#2275,#2276);
#2275 = CARTESIAN_POINT('',(1.,-0.625,0.));
#2276 = VECTOR('',#2277,1.);
#2277 = DIRECTION('',(0.,0.,1.));
#2278 = ORIENTED_EDGE('',*,*,#2279,.F.);
#2279 = EDGE_CURVE('',#2184,#2270,#2280,.T.);
#2280 = LINE('',#2281,#2282);
#2281 = CARTESIAN_POINT('',(0.6,-0.625,4.E-02));
#2282 = VECTOR('',#2283,1.);
#2283 = DIRECTION('',(1.,0.,0.));
#2284 = ORIENTED_EDGE('',*,*,#2183,.T.);
#2285 = ORIENTED_EDGE('',*,*,#2286,.T.);
#2286 = EDGE_CURVE('',#2186,#2272,#2287,.T.);
#2287 = LINE('',#2288,#2289);
#2288 = CARTESIAN_POINT('',(0.6,-0.625,1.21));
#2289 = VECTOR('',#2290,1.);
#2290 = DIRECTION('',(1.,0.,0.));
#2291 = PLANE('',#2292);
#2292 = AXIS2_PLACEMENT_3D('',#2293,#2294,#2295);
#2293 = CARTESIAN_POINT('',(0.6,-0.625,0.));
#2294 = DIRECTION('',(0.,1.,0.));
#2295 = DIRECTION('',(0.,-0.,1.));
#2296 = ADVANCED_FACE('',(#2297),#2316,.T.);
#2297 = FACE_BOUND('',#2298,.T.);
#2298 = EDGE_LOOP('',(#2299,#2300,#2308,#2315));
#2299 = ORIENTED_EDGE('',*,*,#2193,.T.);
#2300 = ORIENTED_EDGE('',*,*,#2301,.T.);
#2301 = EDGE_CURVE('',#2194,#2302,#2304,.T.);
#2302 = VERTEX_POINT('',#2303);
#2303 = CARTESIAN_POINT('',(1.,-0.585,0.));
#2304 = LINE('',#2305,#2306);
#2305 = CARTESIAN_POINT('',(0.6,-0.585,0.));
#2306 = VECTOR('',#2307,1.);
#2307 = DIRECTION('',(1.,0.,0.));
#2308 = ORIENTED_EDGE('',*,*,#2309,.F.);
#2309 = EDGE_CURVE('',#2270,#2302,#2310,.T.);
#2310 = CIRCLE('',#2311,4.E-02);
#2311 = AXIS2_PLACEMENT_3D('',#2312,#2313,#2314);
#2312 = CARTESIAN_POINT('',(1.,-0.585,4.E-02));
#2313 = DIRECTION('',(1.,0.,-0.));
#2314 = DIRECTION('',(0.,0.,1.));
#2315 = ORIENTED_EDGE('',*,*,#2279,.F.);
#2316 = CYLINDRICAL_SURFACE('',#2317,4.E-02);
#2317 = AXIS2_PLACEMENT_3D('',#2318,#2319,#2320);
#2318 = CARTESIAN_POINT('',(0.6,-0.585,4.E-02));
#2319 = DIRECTION('',(1.,0.,0.));
#2320 = DIRECTION('',(0.,-1.,0.));
#2321 = ADVANCED_FACE('',(#2322),#2341,.T.);
#2322 = FACE_BOUND('',#2323,.T.);
#2323 = EDGE_LOOP('',(#2324,#2325,#2334,#2340));
#2324 = ORIENTED_EDGE('',*,*,#2286,.T.);
#2325 = ORIENTED_EDGE('',*,*,#2326,.T.);
#2326 = EDGE_CURVE('',#2272,#2327,#2329,.T.);
#2327 = VERTEX_POINT('',#2328);
#2328 = CARTESIAN_POINT('',(1.,-0.585,1.25));
#2329 = CIRCLE('',#2330,4.E-02);
#2330 = AXIS2_PLACEMENT_3D('',#2331,#2332,#2333);
#2331 = CARTESIAN_POINT('',(1.,-0.585,1.21));
#2332 = DIRECTION('',(-1.,0.,0.));
#2333 = DIRECTION('',(0.,0.,1.));
#2334 = ORIENTED_EDGE('',*,*,#2335,.F.);
#2335 = EDGE_CURVE('',#2237,#2327,#2336,.T.);
#2336 = LINE('',#2337,#2338);
#2337 = CARTESIAN_POINT('',(0.6,-0.585,1.25));
#2338 = VECTOR('',#2339,1.);
#2339 = DIRECTION('',(1.,0.,0.));
#2340 = ORIENTED_EDGE('',*,*,#2244,.F.);
#2341 = CYLINDRICAL_SURFACE('',#2342,4.E-02);
#2342 = AXIS2_PLACEMENT_3D('',#2343,#2344,#2345);
#2343 = CARTESIAN_POINT('',(0.6,-0.585,1.21));
#2344 = DIRECTION('',(1.,0.,0.));
#2345 = DIRECTION('',(0.,-1.,0.));
#2346 = ADVANCED_FACE('',(#2347),#2365,.F.);
#2347 = FACE_BOUND('',#2348,.F.);
#2348 = EDGE_LOOP('',(#2349,#2350,#2351,#2359));
#2349 = ORIENTED_EDGE('',*,*,#2202,.F.);
#2350 = ORIENTED_EDGE('',*,*,#2301,.T.);
#2351 = ORIENTED_EDGE('',*,*,#2352,.T.);
#2352 = EDGE_CURVE('',#2302,#2353,#2355,.T.);
#2353 = VERTEX_POINT('',#2354);
#2354 = CARTESIAN_POINT('',(1.,0.585,0.));
#2355 = LINE('',#2356,#2357);
#2356 = CARTESIAN_POINT('',(1.,-0.625,0.));
#2357 = VECTOR('',#2358,1.);
#2358 = DIRECTION('',(0.,1.,0.));
#2359 = ORIENTED_EDGE('',*,*,#2360,.F.);
#2360 = EDGE_CURVE('',#2203,#2353,#2361,.T.);
#2361 = LINE('',#2362,#2363);
#2362 = CARTESIAN_POINT('',(0.6,0.585,0.));
#2363 = VECTOR('',#2364,1.);
#2364 = DIRECTION('',(1.,0.,0.));
#2365 = PLANE('',#2366);
#2366 = AXIS2_PLACEMENT_3D('',#2367,#2368,#2369);
#2367 = CARTESIAN_POINT('',(0.6,-0.625,0.));
#2368 = DIRECTION('',(0.,0.,1.));
#2369 = DIRECTION('',(1.,0.,-0.));
#2370 = ADVANCED_FACE('',(#2371),#2389,.T.);
#2371 = FACE_BOUND('',#2372,.T.);
#2372 = EDGE_LOOP('',(#2373,#2374,#2375,#2383));
#2373 = ORIENTED_EDGE('',*,*,#2236,.F.);
#2374 = ORIENTED_EDGE('',*,*,#2335,.T.);
#2375 = ORIENTED_EDGE('',*,*,#2376,.T.);
#2376 = EDGE_CURVE('',#2327,#2377,#2379,.T.);
#2377 = VERTEX_POINT('',#2378);
#2378 = CARTESIAN_POINT('',(1.,0.585,1.25));
#2379 = LINE('',#2380,#2381);
#2380 = CARTESIAN_POINT('',(1.,-0.625,1.25));
#2381 = VECTOR('',#2382,1.);
#2382 = DIRECTION('',(0.,1.,0.));
#2383 = ORIENTED_EDGE('',*,*,#2384,.F.);
#2384 = EDGE_CURVE('',#2228,#2377,#2385,.T.);
#2385 = LINE('',#2386,#2387);
#2386 = CARTESIAN_POINT('',(0.6,0.585,1.25));
#2387 = VECTOR('',#2388,1.);
#2388 = DIRECTION('',(1.,0.,0.));
#2389 = PLANE('',#2390);
#2390 = AXIS2_PLACEMENT_3D('',#2391,#2392,#2393);
#2391 = CARTESIAN_POINT('',(0.6,-0.625,1.25));
#2392 = DIRECTION('',(0.,0.,1.));
#2393 = DIRECTION('',(1.,0.,-0.));
#2394 = ADVANCED_FACE('',(#2395),#2414,.T.);
#2395 = FACE_BOUND('',#2396,.T.);
#2396 = EDGE_LOOP('',(#2397,#2405,#2412,#2413));
#2397 = ORIENTED_EDGE('',*,*,#2398,.T.);
#2398 = EDGE_CURVE('',#2211,#2399,#2401,.T.);
#2399 = VERTEX_POINT('',#2400);
#2400 = CARTESIAN_POINT('',(1.,0.625,4.E-02));
#2401 = LINE('',#2402,#2403);
#2402 = CARTESIAN_POINT('',(0.6,0.625,4.E-02));
#2403 = VECTOR('',#2404,1.);
#2404 = DIRECTION('',(1.,0.,0.));
#2405 = ORIENTED_EDGE('',*,*,#2406,.T.);
#2406 = EDGE_CURVE('',#2399,#2353,#2407,.T.);
#2407 = CIRCLE('',#2408,4.E-02);
#2408 = AXIS2_PLACEMENT_3D('',#2409,#2410,#2411);
#2409 = CARTESIAN_POINT('',(1.,0.585,4.E-02));
#2410 = DIRECTION('',(-1.,0.,0.));
#2411 = DIRECTION('',(0.,0.,1.));
#2412 = ORIENTED_EDGE('',*,*,#2360,.F.);
#2413 = ORIENTED_EDGE('',*,*,#2210,.F.);
#2414 = CYLINDRICAL_SURFACE('',#2415,4.E-02);
#2415 = AXIS2_PLACEMENT_3D('',#2416,#2417,#2418);
#2416 = CARTESIAN_POINT('',(0.6,0.585,4.E-02));
#2417 = DIRECTION('',(1.,0.,0.));
#2418 = DIRECTION('',(-0.,1.,0.));
#2419 = ADVANCED_FACE('',(#2420),#2439,.T.);
#2420 = FACE_BOUND('',#2421,.T.);
#2421 = EDGE_LOOP('',(#2422,#2423,#2424,#2433));
#2422 = ORIENTED_EDGE('',*,*,#2227,.T.);
#2423 = ORIENTED_EDGE('',*,*,#2384,.T.);
#2424 = ORIENTED_EDGE('',*,*,#2425,.F.);
#2425 = EDGE_CURVE('',#2426,#2377,#2428,.T.);
#2426 = VERTEX_POINT('',#2427);
#2427 = CARTESIAN_POINT('',(1.,0.625,1.21));
#2428 = CIRCLE('',#2429,4.E-02);
#2429 = AXIS2_PLACEMENT_3D('',#2430,#2431,#2432);
#2430 = CARTESIAN_POINT('',(1.,0.585,1.21));
#2431 = DIRECTION('',(1.,0.,-0.));
#2432 = DIRECTION('',(0.,0.,1.));
#2433 = ORIENTED_EDGE('',*,*,#2434,.F.);
#2434 = EDGE_CURVE('',#2220,#2426,#2435,.T.);
#2435 = LINE('',#2436,#2437);
#2436 = CARTESIAN_POINT('',(0.6,0.625,1.21));
#2437 = VECTOR('',#2438,1.);
#2438 = DIRECTION('',(1.,0.,0.));
#2439 = CYLINDRICAL_SURFACE('',#2440,4.E-02);
#2440 = AXIS2_PLACEMENT_3D('',#2441,#2442,#2443);
#2441 = CARTESIAN_POINT('',(0.6,0.585,1.21));
#2442 = DIRECTION('',(1.,0.,0.));
#2443 = DIRECTION('',(-0.,1.,0.));
#2444 = ADVANCED_FACE('',(#2445),#2456,.T.);
#2445 = FACE_BOUND('',#2446,.T.);
#2446 = EDGE_LOOP('',(#2447,#2453,#2454,#2455));
#2447 = ORIENTED_EDGE('',*,*,#2448,.F.);
#2448 = EDGE_CURVE('',#2399,#2426,#2449,.T.);
#2449 = LINE('',#2450,#2451);
#2450 = CARTESIAN_POINT('',(1.,0.625,0.));
#2451 = VECTOR('',#2452,1.);
#2452 = DIRECTION('',(0.,0.,1.));
#2453 = ORIENTED_EDGE('',*,*,#2398,.F.);
#2454 = ORIENTED_EDGE('',*,*,#2219,.T.);
#2455 = ORIENTED_EDGE('',*,*,#2434,.T.);
#2456 = PLANE('',#2457);
#2457 = AXIS2_PLACEMENT_3D('',#2458,#2459,#2460);
#2458 = CARTESIAN_POINT('',(0.6,0.625,0.));
#2459 = DIRECTION('',(0.,1.,0.));
#2460 = DIRECTION('',(0.,-0.,1.));
#2461 = ADVANCED_FACE('',(#2462),#2472,.T.);
#2462 = FACE_BOUND('',#2463,.T.);
#2463 = EDGE_LOOP('',(#2464,#2465,#2466,#2467,#2468,#2469,#2470,#2471));
#2464 = ORIENTED_EDGE('',*,*,#2269,.F.);
#2465 = ORIENTED_EDGE('',*,*,#2309,.T.);
#2466 = ORIENTED_EDGE('',*,*,#2352,.T.);
#2467 = ORIENTED_EDGE('',*,*,#2406,.F.);
#2468 = ORIENTED_EDGE('',*,*,#2448,.T.);
#2469 = ORIENTED_EDGE('',*,*,#2425,.T.);
#2470 = ORIENTED_EDGE('',*,*,#2376,.F.);
#2471 = ORIENTED_EDGE('',*,*,#2326,.F.);
#2472 = PLANE('',#2473);
#2473 = AXIS2_PLACEMENT_3D('',#2474,#2475,#2476);
#2474 = CARTESIAN_POINT('',(1.,-0.625,0.));
#2475 = DIRECTION('',(1.,0.,0.));
#2476 = DIRECTION('',(0.,0.,1.));
#2477 = ( GEOMETRIC_REPRESENTATION_CONTEXT(3) 
GLOBAL_UNCERTAINTY_ASSIGNED_CONTEXT((#2481)) 
GLOBAL_UNIT_ASSIGNED_CONTEXT((#2478,#2479,#2480)) REPRESENTATION_CONTEXT
('Context #1','3D Context with UNIT and UNCERTAINTY') );
#2478 = ( LENGTH_UNIT() NAMED_UNIT(*) SI_UNIT(.MILLI.,.METRE.) );
#2479 = ( NAMED_UNIT(*) PLANE_ANGLE_UNIT() SI_UNIT($,.RADIAN.) );
#2480 = ( NAMED_UNIT(*) SI_UNIT($,.STERADIAN.) SOLID_ANGLE_UNIT() );
#2481 = UNCERTAINTY_MEASURE_WITH_UNIT(LENGTH_MEASURE(1.E-07),#2478,
  'distance_accuracy_value','confusion accuracy');
#2482 = CONTEXT_DEPENDENT_SHAPE_REPRESENTATION(#2483,#2485);
#2483 = ( REPRESENTATION_RELATIONSHIP('','',#1622,#10) 
REPRESENTATION_RELATIONSHIP_WITH_TRANSFORMATION(#2484) 
SHAPE_REPRESENTATION_RELATIONSHIP() );
#2484 = ITEM_DEFINED_TRANSFORMATION('','',#11,#19);
#2485 = PRODUCT_DEFINITION_SHAPE('Placement','Placement of an item',
  #2486);
#2486 = NEXT_ASSEMBLY_USAGE_OCCURRENCE('2','C1','',#5,#1617,$);
#2487 = PRODUCT_RELATED_PRODUCT_CATEGORY('part',$,(#1619));
#2488 = CONTEXT_DEPENDENT_SHAPE_REPRESENTATION(#2489,#2491);
#2489 = ( REPRESENTATION_RELATIONSHIP('','',#1622,#10) 
REPRESENTATION_RELATIONSHIP_WITH_TRANSFORMATION(#2490) 
SHAPE_REPRESENTATION_RELATIONSHIP() );
#2490 = ITEM_DEFINED_TRANSFORMATION('','',#11,#23);
#2491 = PRODUCT_DEFINITION_SHAPE('Placement','Placement of an item',
  #2492);
#2492 = NEXT_ASSEMBLY_USAGE_OCCURRENCE('3','C2','',#5,#1617,$);
#2493 = SHAPE_DEFINITION_REPRESENTATION(#2494,#2500);
#2494 = PRODUCT_DEFINITION_SHAPE('','',#2495);
#2495 = PRODUCT_DEFINITION('design','',#2496,#2499);
#2496 = PRODUCT_DEFINITION_FORMATION('','',#2497);
#2497 = PRODUCT('SMD_3pin_reference','SMD_3pin_reference','',(#2498));
#2498 = PRODUCT_CONTEXT('',#2,'mechanical');
#2499 = PRODUCT_DEFINITION_CONTEXT('part definition',#2,'design');
#2500 = SHAPE_REPRESENTATION('',(#11,#2501,#2793,#2943,#3093,#3243,#3393
    ),#3543);
#2501 = MANIFOLD_SOLID_BREP('',#2502);
#2502 = CLOSED_SHELL('',(#2503,#2543,#2608,#2632,#2656,#2673,#2685,#2716
    ,#2740,#2764,#2781));
#2503 = ADVANCED_FACE('',(#2504),#2538,.F.);
#2504 = FACE_BOUND('',#2505,.F.);
#2505 = EDGE_LOOP('',(#2506,#2516,#2524,#2532));
#2506 = ORIENTED_EDGE('',*,*,#2507,.F.);
#2507 = EDGE_CURVE('',#2508,#2510,#2512,.T.);
#2508 = VERTEX_POINT('',#2509);
#2509 = CARTESIAN_POINT('',(-5.45,-5.3,0.2));
#2510 = VERTEX_POINT('',#2511);
#2511 = CARTESIAN_POINT('',(-5.45,-5.3,6.));
#2512 = LINE('',#2513,#2514);
#2513 = CARTESIAN_POINT('',(-5.45,-5.3,0.2));
#2514 = VECTOR('',#2515,1.);
#2515 = DIRECTION('',(0.,0.,1.));
#2516 = ORIENTED_EDGE('',*,*,#2517,.T.);
#2517 = EDGE_CURVE('',#2508,#2518,#2520,.T.);
#2518 = VERTEX_POINT('',#2519);
#2519 = CARTESIAN_POINT('',(-5.45,1.7,0.2));
#2520 = LINE('',#2521,#2522);
#2521 = CARTESIAN_POINT('',(-5.45,-5.3,0.2));
#2522 = VECTOR('',#2523,1.);
#2523 = DIRECTION('',(-0.,1.,0.));
#2524 = ORIENTED_EDGE('',*,*,#2525,.T.);
#2525 = EDGE_CURVE('',#2518,#2526,#2528,.T.);
#2526 = VERTEX_POINT('',#2527);
#2527 = CARTESIAN_POINT('',(-5.45,1.7,6.));
#2528 = LINE('',#2529,#2530);
#2529 = CARTESIAN_POINT('',(-5.45,1.7,0.2));
#2530 = VECTOR('',#2531,1.);
#2531 = DIRECTION('',(0.,0.,1.));
#2532 = ORIENTED_EDGE('',*,*,#2533,.F.);
#2533 = EDGE_CURVE('',#2510,#2526,#2534,.T.);
#2534 = LINE('',#2535,#2536);
#2535 = CARTESIAN_POINT('',(-5.45,-5.3,6.));
#2536 = VECTOR('',#2537,1.);
#2537 = DIRECTION('',(-0.,1.,0.));
#2538 = PLANE('',#2539);
#2539 = AXIS2_PLACEMENT_3D('',#2540,#2541,#2542);
#2540 = CARTESIAN_POINT('',(-5.45,-5.3,0.2));
#2541 = DIRECTION('',(1.,0.,-0.));
#2542 = DIRECTION('',(0.,0.,1.));
#2543 = ADVANCED_FACE('',(#2544,#2569),#2603,.F.);
#2544 = FACE_BOUND('',#2545,.F.);
#2545 = EDGE_LOOP('',(#2546,#2554,#2555,#2563));
#2546 = ORIENTED_EDGE('',*,*,#2547,.F.);
#2547 = EDGE_CURVE('',#2508,#2548,#2550,.T.);
#2548 = VERTEX_POINT('',#2549);
#2549 = CARTESIAN_POINT('',(5.45,-5.3,0.2));
#2550 = LINE('',#2551,#2552);
#2551 = CARTESIAN_POINT('',(-5.45,-5.3,0.2));
#2552 = VECTOR('',#2553,1.);
#2553 = DIRECTION('',(1.,0.,-0.));
#2554 = ORIENTED_EDGE('',*,*,#2507,.T.);
#2555 = ORIENTED_EDGE('',*,*,#2556,.T.);
#2556 = EDGE_CURVE('',#2510,#2557,#2559,.T.);
#2557 = VERTEX_POINT('',#2558);
#2558 = CARTESIAN_POINT('',(5.45,-5.3,6.));
#2559 = LINE('',#2560,#2561);
#2560 = CARTESIAN_POINT('',(-5.45,-5.3,6.));
#2561 = VECTOR('',#2562,1.);
#2562 = DIRECTION('',(1.,0.,-0.));
#2563 = ORIENTED_EDGE('',*,*,#2564,.F.);
#2564 = EDGE_CURVE('',#2548,#2557,#2565,.T.);
#2565 = LINE('',#2566,#2567);
#2566 = CARTESIAN_POINT('',(5.45,-5.3,0.2));
#2567 = VECTOR('',#2568,1.);
#2568 = DIRECTION('',(0.,0.,1.));
#2569 = FACE_BOUND('',#2570,.F.);
#2570 = EDGE_LOOP('',(#2571,#2581,#2589,#2597));
#2571 = ORIENTED_EDGE('',*,*,#2572,.F.);
#2572 = EDGE_CURVE('',#2573,#2575,#2577,.T.);
#2573 = VERTEX_POINT('',#2574);
#2574 = CARTESIAN_POINT('',(-4.65,-5.3,5.));
#2575 = VERTEX_POINT('',#2576);
#2576 = CARTESIAN_POINT('',(4.65,-5.3,5.));
#2577 = LINE('',#2578,#2579);
#2578 = CARTESIAN_POINT('',(-5.05,-5.3,5.));
#2579 = VECTOR('',#2580,1.);
#2580 = DIRECTION('',(1.,0.,-0.));
#2581 = ORIENTED_EDGE('',*,*,#2582,.T.);
#2582 = EDGE_CURVE('',#2573,#2583,#2585,.T.);
#2583 = VERTEX_POINT('',#2584);
#2584 = CARTESIAN_POINT('',(-4.65,-5.3,1.2));
#2585 = LINE('',#2586,#2587);
#2586 = CARTESIAN_POINT('',(-4.65,-5.3,0.7));
#2587 = VECTOR('',#2588,1.);
#2588 = DIRECTION('',(-0.,0.,-1.));
#2589 = ORIENTED_EDGE('',*,*,#2590,.T.);
#2590 = EDGE_CURVE('',#2583,#2591,#2593,.T.);
#2591 = VERTEX_POINT('',#2592);
#2592 = CARTESIAN_POINT('',(4.65,-5.3,1.2));
#2593 = LINE('',#2594,#2595);
#2594 = CARTESIAN_POINT('',(-5.05,-5.3,1.2));
#2595 = VECTOR('',#2596,1.);
#2596 = DIRECTION('',(1.,0.,-0.));
#2597 = ORIENTED_EDGE('',*,*,#2598,.F.);
#2598 = EDGE_CURVE('',#2575,#2591,#2599,.T.);
#2599 = LINE('',#2600,#2601);
#2600 = CARTESIAN_POINT('',(4.65,-5.3,0.7));
#2601 = VECTOR('',#2602,1.);
#2602 = DIRECTION('',(-0.,0.,-1.));
#2603 = PLANE('',#2604);
#2604 = AXIS2_PLACEMENT_3D('',#2605,#2606,#2607);
#2605 = CARTESIAN_POINT('',(-5.45,-5.3,0.2));
#2606 = DIRECTION('',(-0.,1.,0.));
#2607 = DIRECTION('',(0.,0.,1.));
#2608 = ADVANCED_FACE('',(#2609),#2627,.T.);
#2609 = FACE_BOUND('',#2610,.T.);
#2610 = EDGE_LOOP('',(#2611,#2612,#2613,#2621));
#2611 = ORIENTED_EDGE('',*,*,#2533,.F.);
#2612 = ORIENTED_EDGE('',*,*,#2556,.T.);
#2613 = ORIENTED_EDGE('',*,*,#2614,.T.);
#2614 = EDGE_CURVE('',#2557,#2615,#2617,.T.);
#2615 = VERTEX_POINT('',#2616);
#2616 = CARTESIAN_POINT('',(5.45,1.7,6.));
#2617 = LINE('',#2618,#2619);
#2618 = CARTESIAN_POINT('',(5.45,-5.3,6.));
#2619 = VECTOR('',#2620,1.);
#2620 = DIRECTION('',(-0.,1.,0.));
#2621 = ORIENTED_EDGE('',*,*,#2622,.F.);
#2622 = EDGE_CURVE('',#2526,#2615,#2623,.T.);
#2623 = LINE('',#2624,#2625);
#2624 = CARTESIAN_POINT('',(-5.45,1.7,6.));
#2625 = VECTOR('',#2626,1.);
#2626 = DIRECTION('',(1.,0.,-0.));
#2627 = PLANE('',#2628);
#2628 = AXIS2_PLACEMENT_3D('',#2629,#2630,#2631);
#2629 = CARTESIAN_POINT('',(-5.45,-5.3,6.));
#2630 = DIRECTION('',(0.,0.,1.));
#2631 = DIRECTION('',(1.,0.,-0.));
#2632 = ADVANCED_FACE('',(#2633),#2651,.T.);
#2633 = FACE_BOUND('',#2634,.T.);
#2634 = EDGE_LOOP('',(#2635,#2643,#2644,#2645));
#2635 = ORIENTED_EDGE('',*,*,#2636,.F.);
#2636 = EDGE_CURVE('',#2518,#2637,#2639,.T.);
#2637 = VERTEX_POINT('',#2638);
#2638 = CARTESIAN_POINT('',(5.45,1.7,0.2));
#2639 = LINE('',#2640,#2641);
#2640 = CARTESIAN_POINT('',(-5.45,1.7,0.2));
#2641 = VECTOR('',#2642,1.);
#2642 = DIRECTION('',(1.,0.,-0.));
#2643 = ORIENTED_EDGE('',*,*,#2525,.T.);
#2644 = ORIENTED_EDGE('',*,*,#2622,.T.);
#2645 = ORIENTED_EDGE('',*,*,#2646,.F.);
#2646 = EDGE_CURVE('',#2637,#2615,#2647,.T.);
#2647 = LINE('',#2648,#2649);
#2648 = CARTESIAN_POINT('',(5.45,1.7,0.2));
#2649 = VECTOR('',#2650,1.);
#2650 = DIRECTION('',(0.,0.,1.));
#2651 = PLANE('',#2652);
#2652 = AXIS2_PLACEMENT_3D('',#2653,#2654,#2655);
#2653 = CARTESIAN_POINT('',(-5.45,1.7,0.2));
#2654 = DIRECTION('',(-0.,1.,0.));
#2655 = DIRECTION('',(0.,0.,1.));
#2656 = ADVANCED_FACE('',(#2657),#2668,.F.);
#2657 = FACE_BOUND('',#2658,.F.);
#2658 = EDGE_LOOP('',(#2659,#2660,#2661,#2667));
#2659 = ORIENTED_EDGE('',*,*,#2517,.F.);
#2660 = ORIENTED_EDGE('',*,*,#2547,.T.);
#2661 = ORIENTED_EDGE('',*,*,#2662,.T.);
#2662 = EDGE_CURVE('',#2548,#2637,#2663,.T.);
#2663 = LINE('',#2664,#2665);
#2664 = CARTESIAN_POINT('',(5.45,-5.3,0.2));
#2665 = VECTOR('',#2666,1.);
#2666 = DIRECTION('',(-0.,1.,0.));
#2667 = ORIENTED_EDGE('',*,*,#2636,.F.);
#2668 = PLANE('',#2669);
#2669 = AXIS2_PLACEMENT_3D('',#2670,#2671,#2672);
#2670 = CARTESIAN_POINT('',(-5.45,-5.3,0.2));
#2671 = DIRECTION('',(0.,0.,1.));
#2672 = DIRECTION('',(1.,0.,-0.));
#2673 = ADVANCED_FACE('',(#2674),#2680,.T.);
#2674 = FACE_BOUND('',#2675,.T.);
#2675 = EDGE_LOOP('',(#2676,#2677,#2678,#2679));
#2676 = ORIENTED_EDGE('',*,*,#2564,.F.);
#2677 = ORIENTED_EDGE('',*,*,#2662,.T.);
#2678 = ORIENTED_EDGE('',*,*,#2646,.T.);
#2679 = ORIENTED_EDGE('',*,*,#2614,.F.);
#2680 = PLANE('',#2681);
#2681 = AXIS2_PLACEMENT_3D('',#2682,#2683,#2684);
#2682 = CARTESIAN_POINT('',(5.45,-5.3,0.2));
#2683 = DIRECTION('',(1.,0.,-0.));
#2684 = DIRECTION('',(0.,0.,1.));
#2685 = ADVANCED_FACE('',(#2686),#2711,.F.);
#2686 = FACE_BOUND('',#2687,.F.);
#2687 = EDGE_LOOP('',(#2688,#2696,#2697,#2705));
#2688 = ORIENTED_EDGE('',*,*,#2689,.F.);
#2689 = EDGE_CURVE('',#2573,#2690,#2692,.T.);
#2690 = VERTEX_POINT('',#2691);
#2691 = CARTESIAN_POINT('',(-4.65,-1.8,5.));
#2692 = LINE('',#2693,#2694);
#2693 = CARTESIAN_POINT('',(-4.65,-5.4,5.));
#2694 = VECTOR('',#2695,1.);
#2695 = DIRECTION('',(-0.,1.,0.));
#2696 = ORIENTED_EDGE('',*,*,#2572,.T.);
#2697 = ORIENTED_EDGE('',*,*,#2698,.T.);
#2698 = EDGE_CURVE('',#2575,#2699,#2701,.T.);
#2699 = VERTEX_POINT('',#2700);
#2700 = CARTESIAN_POINT('',(4.65,-1.8,5.));
#2701 = LINE('',#2702,#2703);
#2702 = CARTESIAN_POINT('',(4.65,-5.4,5.));
#2703 = VECTOR('',#2704,1.);
#2704 = DIRECTION('',(-0.,1.,0.));
#2705 = ORIENTED_EDGE('',*,*,#2706,.F.);
#2706 = EDGE_CURVE('',#2690,#2699,#2707,.T.);
#2707 = LINE('',#2708,#2709);
#2708 = CARTESIAN_POINT('',(-4.65,-1.8,5.));
#2709 = VECTOR('',#2710,1.);
#2710 = DIRECTION('',(1.,0.,-0.));
#2711 = PLANE('',#2712);
#2712 = AXIS2_PLACEMENT_3D('',#2713,#2714,#2715);
#2713 = CARTESIAN_POINT('',(-4.65,-5.4,5.));
#2714 = DIRECTION('',(0.,0.,1.));
#2715 = DIRECTION('',(1.,0.,-0.));
#2716 = ADVANCED_FACE('',(#2717),#2735,.F.);
#2717 = FACE_BOUND('',#2718,.F.);
#2718 = EDGE_LOOP('',(#2719,#2720,#2721,#2729));
#2719 = ORIENTED_EDGE('',*,*,#2698,.F.);
#2720 = ORIENTED_EDGE('',*,*,#2598,.T.);
#2721 = ORIENTED_EDGE('',*,*,#2722,.T.);
#2722 = EDGE_CURVE('',#2591,#2723,#2725,.T.);
#2723 = VERTEX_POINT('',#2724);
#2724 = CARTESIAN_POINT('',(4.65,-1.8,1.2));
#2725 = LINE('',#2726,#2727);
#2726 = CARTESIAN_POINT('',(4.65,-5.4,1.2));
#2727 = VECTOR('',#2728,1.);
#2728 = DIRECTION('',(-0.,1.,0.));
#2729 = ORIENTED_EDGE('',*,*,#2730,.T.);
#2730 = EDGE_CURVE('',#2723,#2699,#2731,.T.);
#2731 = LINE('',#2732,#2733);
#2732 = CARTESIAN_POINT('',(4.65,-1.8,1.2));
#2733 = VECTOR('',#2734,1.);
#2734 = DIRECTION('',(0.,0.,1.));
#2735 = PLANE('',#2736);
#2736 = AXIS2_PLACEMENT_3D('',#2737,#2738,#2739);
#2737 = CARTESIAN_POINT('',(4.65,-5.4,1.2));
#2738 = DIRECTION('',(1.,0.,-0.));
#2739 = DIRECTION('',(0.,0.,1.));
#2740 = ADVANCED_FACE('',(#2741),#2759,.T.);
#2741 = FACE_BOUND('',#2742,.T.);
#2742 = EDGE_LOOP('',(#2743,#2751,#2752,#2753));
#2743 = ORIENTED_EDGE('',*,*,#2744,.F.);
#2744 = EDGE_CURVE('',#2583,#2745,#2747,.T.);
#2745 = VERTEX_POINT('',#2746);
#2746 = CARTESIAN_POINT('',(-4.65,-1.8,1.2));
#2747 = LINE('',#2748,#2749);
#2748 = CARTESIAN_POINT('',(-4.65,-5.4,1.2));
#2749 = VECTOR('',#2750,1.);
#2750 = DIRECTION('',(-0.,1.,0.));
#2751 = ORIENTED_EDGE('',*,*,#2590,.T.);
#2752 = ORIENTED_EDGE('',*,*,#2722,.T.);
#2753 = ORIENTED_EDGE('',*,*,#2754,.F.);
#2754 = EDGE_CURVE('',#2745,#2723,#2755,.T.);
#2755 = LINE('',#2756,#2757);
#2756 = CARTESIAN_POINT('',(-4.65,-1.8,1.2));
#2757 = VECTOR('',#2758,1.);
#2758 = DIRECTION('',(1.,0.,-0.));
#2759 = PLANE('',#2760);
#2760 = AXIS2_PLACEMENT_3D('',#2761,#2762,#2763);
#2761 = CARTESIAN_POINT('',(-4.65,-5.4,1.2));
#2762 = DIRECTION('',(0.,0.,1.));
#2763 = DIRECTION('',(1.,0.,-0.));
#2764 = ADVANCED_FACE('',(#2765),#2776,.T.);
#2765 = FACE_BOUND('',#2766,.T.);
#2766 = EDGE_LOOP('',(#2767,#2768,#2769,#2770));
#2767 = ORIENTED_EDGE('',*,*,#2689,.F.);
#2768 = ORIENTED_EDGE('',*,*,#2582,.T.);
#2769 = ORIENTED_EDGE('',*,*,#2744,.T.);
#2770 = ORIENTED_EDGE('',*,*,#2771,.T.);
#2771 = EDGE_CURVE('',#2745,#2690,#2772,.T.);
#2772 = LINE('',#2773,#2774);
#2773 = CARTESIAN_POINT('',(-4.65,-1.8,1.2));
#2774 = VECTOR('',#2775,1.);
#2775 = DIRECTION('',(0.,0.,1.));
#2776 = PLANE('',#2777);
#2777 = AXIS2_PLACEMENT_3D('',#2778,#2779,#2780);
#2778 = CARTESIAN_POINT('',(-4.65,-5.4,1.2));
#2779 = DIRECTION('',(1.,0.,-0.));
#2780 = DIRECTION('',(0.,0.,1.));
#2781 = ADVANCED_FACE('',(#2782),#2788,.F.);
#2782 = FACE_BOUND('',#2783,.F.);
#2783 = EDGE_LOOP('',(#2784,#2785,#2786,#2787));
#2784 = ORIENTED_EDGE('',*,*,#2754,.F.);
#2785 = ORIENTED_EDGE('',*,*,#2771,.T.);
#2786 = ORIENTED_EDGE('',*,*,#2706,.T.);
#2787 = ORIENTED_EDGE('',*,*,#2730,.F.);
#2788 = PLANE('',#2789);
#2789 = AXIS2_PLACEMENT_3D('',#2790,#2791,#2792);
#2790 = CARTESIAN_POINT('',(-4.65,-1.8,1.2));
#2791 = DIRECTION('',(-0.,1.,0.));
#2792 = DIRECTION('',(0.,0.,1.));
#2793 = MANIFOLD_SOLID_BREP('',#2794);
#2794 = CLOSED_SHELL('',(#2795,#2835,#2875,#2897,#2919,#2931));
#2795 = ADVANCED_FACE('',(#2796),#2830,.F.);
#2796 = FACE_BOUND('',#2797,.F.);
#2797 = EDGE_LOOP('',(#2798,#2808,#2816,#2824));
#2798 = ORIENTED_EDGE('',*,*,#2799,.F.);
#2799 = EDGE_CURVE('',#2800,#2802,#2804,.T.);
#2800 = VERTEX_POINT('',#2801);
#2801 = CARTESIAN_POINT('',(-2.8,-3.3,0.));
#2802 = VERTEX_POINT('',#2803);
#2803 = CARTESIAN_POINT('',(-2.8,-3.3,0.4));
#2804 = LINE('',#2805,#2806);
#2805 = CARTESIAN_POINT('',(-2.8,-3.3,0.));
#2806 = VECTOR('',#2807,1.);
#2807 = DIRECTION('',(0.,0.,1.));
#2808 = ORIENTED_EDGE('',*,*,#2809,.T.);
#2809 = EDGE_CURVE('',#2800,#2810,#2812,.T.);
#2810 = VERTEX_POINT('',#2811);
#2811 = CARTESIAN_POINT('',(-2.8,4.5,0.));
#2812 = LINE('',#2813,#2814);
#2813 = CARTESIAN_POINT('',(-2.8,-3.3,0.));
#2814 = VECTOR('',#2815,1.);
#2815 = DIRECTION('',(-0.,1.,0.));
#2816 = ORIENTED_EDGE('',*,*,#2817,.T.);
#2817 = EDGE_CURVE('',#2810,#2818,#2820,.T.);
#2818 = VERTEX_POINT('',#2819);
#2819 = CARTESIAN_POINT('',(-2.8,4.5,0.4));
#2820 = LINE('',#2821,#2822);
#2821 = CARTESIAN_POINT('',(-2.8,4.5,0.));
#2822 = VECTOR('',#2823,1.);
#2823 = DIRECTION('',(0.,0.,1.));
#2824 = ORIENTED_EDGE('',*,*,#2825,.F.);
#2825 = EDGE_CURVE('',#2802,#2818,#2826,.T.);
#2826 = LINE('',#2827,#2828);
#2827 = CARTESIAN_POINT('',(-2.8,-3.3,0.4));
#2828 = VECTOR('',#2829,1.);
#2829 = DIRECTION('',(-0.,1.,0.));
#2830 = PLANE('',#2831);
#2831 = AXIS2_PLACEMENT_3D('',#2832,#2833,#2834);
#2832 = CARTESIAN_POINT('',(-2.8,-3.3,0.));
#2833 = DIRECTION('',(1.,0.,-0.));
#2834 = DIRECTION('',(0.,0.,1.));
#2835 = ADVANCED_FACE('',(#2836),#2870,.T.);
#2836 = FACE_BOUND('',#2837,.T.);
#2837 = EDGE_LOOP('',(#2838,#2848,#2856,#2864));
#2838 = ORIENTED_EDGE('',*,*,#2839,.F.);
#2839 = EDGE_CURVE('',#2840,#2842,#2844,.T.);
#2840 = VERTEX_POINT('',#2841);
#2841 = CARTESIAN_POINT('',(-2.2,-3.3,0.));
#2842 = VERTEX_POINT('',#2843);
#2843 = CARTESIAN_POINT('',(-2.2,-3.3,0.4));
#2844 = LINE('',#2845,#2846);
#2845 = CARTESIAN_POINT('',(-2.2,-3.3,0.));
#2846 = VECTOR('',#2847,1.);
#2847 = DIRECTION('',(0.,0.,1.));
#2848 = ORIENTED_EDGE('',*,*,#2849,.T.);
#2849 = EDGE_CURVE('',#2840,#2850,#2852,.T.);
#2850 = VERTEX_POINT('',#2851);
#2851 = CARTESIAN_POINT('',(-2.2,4.5,0.));
#2852 = LINE('',#2853,#2854);
#2853 = CARTESIAN_POINT('',(-2.2,-3.3,0.));
#2854 = VECTOR('',#2855,1.);
#2855 = DIRECTION('',(-0.,1.,0.));
#2856 = ORIENTED_EDGE('',*,*,#2857,.T.);
#2857 = EDGE_CURVE('',#2850,#2858,#2860,.T.);
#2858 = VERTEX_POINT('',#2859);
#2859 = CARTESIAN_POINT('',(-2.2,4.5,0.4));
#2860 = LINE('',#2861,#2862);
#2861 = CARTESIAN_POINT('',(-2.2,4.5,0.));
#2862 = VECTOR('',#2863,1.);
#2863 = DIRECTION('',(0.,0.,1.));
#2864 = ORIENTED_EDGE('',*,*,#2865,.F.);
#2865 = EDGE_CURVE('',#2842,#2858,#2866,.T.);
#2866 = LINE('',#2867,#2868);
#2867 = CARTESIAN_POINT('',(-2.2,-3.3,0.4));
#2868 = VECTOR('',#2869,1.);
#2869 = DIRECTION('',(-0.,1.,0.));
#2870 = PLANE('',#2871);
#2871 = AXIS2_PLACEMENT_3D('',#2872,#2873,#2874);
#2872 = CARTESIAN_POINT('',(-2.2,-3.3,0.));
#2873 = DIRECTION('',(1.,0.,-0.));
#2874 = DIRECTION('',(0.,0.,1.));
#2875 = ADVANCED_FACE('',(#2876),#2892,.F.);
#2876 = FACE_BOUND('',#2877,.F.);
#2877 = EDGE_LOOP('',(#2878,#2884,#2885,#2891));
#2878 = ORIENTED_EDGE('',*,*,#2879,.F.);
#2879 = EDGE_CURVE('',#2800,#2840,#2880,.T.);
#2880 = LINE('',#2881,#2882);
#2881 = CARTESIAN_POINT('',(-2.8,-3.3,0.));
#2882 = VECTOR('',#2883,1.);
#2883 = DIRECTION('',(1.,0.,-0.));
#2884 = ORIENTED_EDGE('',*,*,#2799,.T.);
#2885 = ORIENTED_EDGE('',*,*,#2886,.T.);
#2886 = EDGE_CURVE('',#2802,#2842,#2887,.T.);
#2887 = LINE('',#2888,#2889);
#2888 = CARTESIAN_POINT('',(-2.8,-3.3,0.4));
#2889 = VECTOR('',#2890,1.);
#2890 = DIRECTION('',(1.,0.,-0.));
#2891 = ORIENTED_EDGE('',*,*,#2839,.F.);
#2892 = PLANE('',#2893);
#2893 = AXIS2_PLACEMENT_3D('',#2894,#2895,#2896);
#2894 = CARTESIAN_POINT('',(-2.8,-3.3,0.));
#2895 = DIRECTION('',(-0.,1.,0.));
#2896 = DIRECTION('',(0.,0.,1.));
#2897 = ADVANCED_FACE('',(#2898),#2914,.T.);
#2898 = FACE_BOUND('',#2899,.T.);
#2899 = EDGE_LOOP('',(#2900,#2906,#2907,#2913));
#2900 = ORIENTED_EDGE('',*,*,#2901,.F.);
#2901 = EDGE_CURVE('',#2810,#2850,#2902,.T.);
#2902 = LINE('',#2903,#2904);
#2903 = CARTESIAN_POINT('',(-2.8,4.5,0.));
#2904 = VECTOR('',#2905,1.);
#2905 = DIRECTION('',(1.,0.,-0.));
#2906 = ORIENTED_EDGE('',*,*,#2817,.T.);
#2907 = ORIENTED_EDGE('',*,*,#2908,.T.);
#2908 = EDGE_CURVE('',#2818,#2858,#2909,.T.);
#2909 = LINE('',#2910,#2911);
#2910 = CARTESIAN_POINT('',(-2.8,4.5,0.4));
#2911 = VECTOR('',#2912,1.);
#2912 = DIRECTION('',(1.,0.,-0.));
#2913 = ORIENTED_EDGE('',*,*,#2857,.F.);
#2914 = PLANE('',#2915);
#2915 = AXIS2_PLACEMENT_3D('',#2916,#2917,#2918);
#2916 = CARTESIAN_POINT('',(-2.8,4.5,0.));
#2917 = DIRECTION('',(-0.,1.,0.));
#2918 = DIRECTION('',(0.,0.,1.));
#2919 = ADVANCED_FACE('',(#2920),#2926,.F.);
#2920 = FACE_BOUND('',#2921,.F.);
#2921 = EDGE_LOOP('',(#2922,#2923,#2924,#2925));
#2922 = ORIENTED_EDGE('',*,*,#2809,.F.);
#2923 = ORIENTED_EDGE('',*,*,#2879,.T.);
#2924 = ORIENTED_EDGE('',*,*,#2849,.T.);
#2925 = ORIENTED_EDGE('',*,*,#2901,.F.);
#2926 = PLANE('',#2927);
#2927 = AXIS2_PLACEMENT_3D('',#2928,#2929,#2930);
#2928 = CARTESIAN_POINT('',(-2.8,-3.3,0.));
#2929 = DIRECTION('',(0.,0.,1.));
#2930 = DIRECTION('',(1.,0.,-0.));
#2931 = ADVANCED_FACE('',(#2932),#2938,.T.);
#2932 = FACE_BOUND('',#2933,.T.);
#2933 = EDGE_LOOP('',(#2934,#2935,#2936,#2937));
#2934 = ORIENTED_EDGE('',*,*,#2825,.F.);
#2935 = ORIENTED_EDGE('',*,*,#2886,.T.);
#2936 = ORIENTED_EDGE('',*,*,#2865,.T.);
#2937 = ORIENTED_EDGE('',*,*,#2908,.F.);
#2938 = PLANE('',#2939);
#2939 = AXIS2_PLACEMENT_3D('',#2940,#2941,#2942);
#2940 = CARTESIAN_POINT('',(-2.8,-3.3,0.4));
#2941 = DIRECTION('',(0.,0.,1.));
#2942 = DIRECTION('',(1.,0.,-0.));
#2943 = MANIFOLD_SOLID_BREP('',#2944);
#2944 = CLOSED_SHELL('',(#2945,#2985,#3025,#3047,#3069,#3081));
#2945 = ADVANCED_FACE('',(#2946),#2980,.F.);
#2946 = FACE_BOUND('',#2947,.F.);
#2947 = EDGE_LOOP('',(#2948,#2958,#2966,#2974));
#2948 = ORIENTED_EDGE('',*,*,#2949,.F.);
#2949 = EDGE_CURVE('',#2950,#2952,#2954,.T.);
#2950 = VERTEX_POINT('',#2951);
#2951 = CARTESIAN_POINT('',(-0.3,-3.3,0.));
#2952 = VERTEX_POINT('',#2953);
#2953 = CARTESIAN_POINT('',(-0.3,-3.3,0.4));
#2954 = LINE('',#2955,#2956);
#2955 = CARTESIAN_POINT('',(-0.3,-3.3,0.));
#2956 = VECTOR('',#2957,1.);
#2957 = DIRECTION('',(0.,0.,1.));
#2958 = ORIENTED_EDGE('',*,*,#2959,.T.);
#2959 = EDGE_CURVE('',#2950,#2960,#2962,.T.);
#2960 = VERTEX_POINT('',#2961);
#2961 = CARTESIAN_POINT('',(-0.3,4.5,0.));
#2962 = LINE('',#2963,#2964);
#2963 = CARTESIAN_POINT('',(-0.3,-3.3,0.));
#2964 = VECTOR('',#2965,1.);
#2965 = DIRECTION('',(-0.,1.,0.));
#2966 = ORIENTED_EDGE('',*,*,#2967,.T.);
#2967 = EDGE_CURVE('',#2960,#2968,#2970,.T.);
#2968 = VERTEX_POINT('',#2969);
#2969 = CARTESIAN_POINT('',(-0.3,4.5,0.4));
#2970 = LINE('',#2971,#2972);
#2971 = CARTESIAN_POINT('',(-0.3,4.5,0.));
#2972 = VECTOR('',#2973,1.);
#2973 = DIRECTION('',(0.,0.,1.));
#2974 = ORIENTED_EDGE('',*,*,#2975,.F.);
#2975 = EDGE_CURVE('',#2952,#2968,#2976,.T.);
#2976 = LINE('',#2977,#2978);
#2977 = CARTESIAN_POINT('',(-0.3,-3.3,0.4));
#2978 = VECTOR('',#2979,1.);
#2979 = DIRECTION('',(-0.,1.,0.));
#2980 = PLANE('',#2981);
#2981 = AXIS2_PLACEMENT_3D('',#2982,#2983,#2984);
#2982 = CARTESIAN_POINT('',(-0.3,-3.3,0.));
#2983 = DIRECTION('',(1.,0.,-0.));
#2984 = DIRECTION('',(0.,0.,1.));
#2985 = ADVANCED_FACE('',(#2986),#3020,.T.);
#2986 = FACE_BOUND('',#2987,.T.);
#2987 = EDGE_LOOP('',(#2988,#2998,#3006,#3014));
#2988 = ORIENTED_EDGE('',*,*,#2989,.F.);
#2989 = EDGE_CURVE('',#2990,#2992,#2994,.T.);
#2990 = VERTEX_POINT('',#2991);
#2991 = CARTESIAN_POINT('',(0.3,-3.3,0.));
#2992 = VERTEX_POINT('',#2993);
#2993 = CARTESIAN_POINT('',(0.3,-3.3,0.4));
#2994 = LINE('',#2995,#2996);
#2995 = CARTESIAN_POINT('',(0.3,-3.3,0.));
#2996 = VECTOR('',#2997,1.);
#2997 = DIRECTION('',(0.,0.,1.));
#2998 = ORIENTED_EDGE('',*,*,#2999,.T.);
#2999 = EDGE_CURVE('',#2990,#3000,#3002,.T.);
#3000 = VERTEX_POINT('',#3001);
#3001 = CARTESIAN_POINT('',(0.3,4.5,0.));
#3002 = LINE('',#3003,#3004);
#3003 = CARTESIAN_POINT('',(0.3,-3.3,0.));
#3004 = VECTOR('',#3005,1.);
#3005 = DIRECTION('',(-0.,1.,0.));
#3006 = ORIENTED_EDGE('',*,*,#3007,.T.);
#3007 = EDGE_CURVE('',#3000,#3008,#3010,.T.);
#3008 = VERTEX_POINT('',#3009);
#3009 = CARTESIAN_POINT('',(0.3,4.5,0.4));
#3010 = LINE('',#3011,#3012);
#3011 = CARTESIAN_POINT('',(0.3,4.5,0.));
#3012 = VECTOR('',#3013,1.);
#3013 = DIRECTION('',(0.,0.,1.));
#3014 = ORIENTED_EDGE('',*,*,#3015,.F.);
#3015 = EDGE_CURVE('',#2992,#3008,#3016,.T.);
#3016 = LINE('',#3017,#3018);
#3017 = CARTESIAN_POINT('',(0.3,-3.3,0.4));
#3018 = VECTOR('',#3019,1.);
#3019 = DIRECTION('',(-0.,1.,0.));
#3020 = PLANE('',#3021);
#3021 = AXIS2_PLACEMENT_3D('',#3022,#3023,#3024);
#3022 = CARTESIAN_POINT('',(0.3,-3.3,0.));
#3023 = DIRECTION('',(1.,0.,-0.));
#3024 = DIRECTION('',(0.,0.,1.));
#3025 = ADVANCED_FACE('',(#3026),#3042,.F.);
#3026 = FACE_BOUND('',#3027,.F.);
#3027 = EDGE_LOOP('',(#3028,#3034,#3035,#3041));
#3028 = ORIENTED_EDGE('',*,*,#3029,.F.);
#3029 = EDGE_CURVE('',#2950,#2990,#3030,.T.);
#3030 = LINE('',#3031,#3032);
#3031 = CARTESIAN_POINT('',(-0.3,-3.3,0.));
#3032 = VECTOR('',#3033,1.);
#3033 = DIRECTION('',(1.,0.,-0.));
#3034 = ORIENTED_EDGE('',*,*,#2949,.T.);
#3035 = ORIENTED_EDGE('',*,*,#3036,.T.);
#3036 = EDGE_CURVE('',#2952,#2992,#3037,.T.);
#3037 = LINE('',#3038,#3039);
#3038 = CARTESIAN_POINT('',(-0.3,-3.3,0.4));
#3039 = VECTOR('',#3040,1.);
#3040 = DIRECTION('',(1.,0.,-0.));
#3041 = ORIENTED_EDGE('',*,*,#2989,.F.);
#3042 = PLANE('',#3043);
#3043 = AXIS2_PLACEMENT_3D('',#3044,#3045,#3046);
#3044 = CARTESIAN_POINT('',(-0.3,-3.3,0.));
#3045 = DIRECTION('',(-0.,1.,0.));
#3046 = DIRECTION('',(0.,0.,1.));
#3047 = ADVANCED_FACE('',(#3048),#3064,.T.);
#3048 = FACE_BOUND('',#3049,.T.);
#3049 = EDGE_LOOP('',(#3050,#3056,#3057,#3063));
#3050 = ORIENTED_EDGE('',*,*,#3051,.F.);
#3051 = EDGE_CURVE('',#2960,#3000,#3052,.T.);
#3052 = LINE('',#3053,#3054);
#3053 = CARTESIAN_POINT('',(-0.3,4.5,0.));
#3054 = VECTOR('',#3055,1.);
#3055 = DIRECTION('',(1.,0.,-0.));
#3056 = ORIENTED_EDGE('',*,*,#2967,.T.);
#3057 = ORIENTED_EDGE('',*,*,#3058,.T.);
#3058 = EDGE_CURVE('',#2968,#3008,#3059,.T.);
#3059 = LINE('',#3060,#3061);
#3060 = CARTESIAN_POINT('',(-0.3,4.5,0.4));
#3061 = VECTOR('',#3062,1.);
#3062 = DIRECTION('',(1.,0.,-0.));
#3063 = ORIENTED_EDGE('',*,*,#3007,.F.);
#3064 = PLANE('',#3065);
#3065 = AXIS2_PLACEMENT_3D('',#3066,#3067,#3068);
#3066 = CARTESIAN_POINT('',(-0.3,4.5,0.));
#3067 = DIRECTION('',(-0.,1.,0.));
#3068 = DIRECTION('',(0.,0.,1.));
#3069 = ADVANCED_FACE('',(#3070),#3076,.F.);
#3070 = FACE_BOUND('',#3071,.F.);
#3071 = EDGE_LOOP('',(#3072,#3073,#3074,#3075));
#3072 = ORIENTED_EDGE('',*,*,#2959,.F.);
#3073 = ORIENTED_EDGE('',*,*,#3029,.T.);
#3074 = ORIENTED_EDGE('',*,*,#2999,.T.);
#3075 = ORIENTED_EDGE('',*,*,#3051,.F.);
#3076 = PLANE('',#3077);
#3077 = AXIS2_PLACEMENT_3D('',#3078,#3079,#3080);
#3078 = CARTESIAN_POINT('',(-0.3,-3.3,0.));
#3079 = DIRECTION('',(0.,0.,1.));
#3080 = DIRECTION('',(1.,0.,-0.));
#3081 = ADVANCED_FACE('',(#3082),#3088,.T.);
#3082 = FACE_BOUND('',#3083,.T.);
#3083 = EDGE_LOOP('',(#3084,#3085,#3086,#3087));
#3084 = ORIENTED_EDGE('',*,*,#2975,.F.);
#3085 = ORIENTED_EDGE('',*,*,#3036,.T.);
#3086 = ORIENTED_EDGE('',*,*,#3015,.T.);
#3087 = ORIENTED_EDGE('',*,*,#3058,.F.);
#3088 = PLANE('',#3089);
#3089 = AXIS2_PLACEMENT_3D('',#3090,#3091,#3092);
#3090 = CARTESIAN_POINT('',(-0.3,-3.3,0.4));
#3091 = DIRECTION('',(0.,0.,1.));
#3092 = DIRECTION('',(1.,0.,-0.));
#3093 = MANIFOLD_SOLID_BREP('',#3094);
#3094 = CLOSED_SHELL('',(#3095,#3135,#3175,#3197,#3219,#3231));
#3095 = ADVANCED_FACE('',(#3096),#3130,.F.);
#3096 = FACE_BOUND('',#3097,.F.);
#3097 = EDGE_LOOP('',(#3098,#3108,#3116,#3124));
#3098 = ORIENTED_EDGE('',*,*,#3099,.F.);
#3099 = EDGE_CURVE('',#3100,#3102,#3104,.T.);
#3100 = VERTEX_POINT('',#3101);
#3101 = CARTESIAN_POINT('',(2.2,-3.3,0.));
#3102 = VERTEX_POINT('',#3103);
#3103 = CARTESIAN_POINT('',(2.2,-3.3,0.4));
#3104 = LINE('',#3105,#3106);
#3105 = CARTESIAN_POINT('',(2.2,-3.3,0.));
#3106 = VECTOR('',#3107,1.);
#3107 = DIRECTION('',(0.,0.,1.));
#3108 = ORIENTED_EDGE('',*,*,#3109,.T.);
#3109 = EDGE_CURVE('',#3100,#3110,#3112,.T.);
#3110 = VERTEX_POINT('',#3111);
#3111 = CARTESIAN_POINT('',(2.2,4.5,0.));
#3112 = LINE('',#3113,#3114);
#3113 = CARTESIAN_POINT('',(2.2,-3.3,0.));
#3114 = VECTOR('',#3115,1.);
#3115 = DIRECTION('',(-0.,1.,0.));
#3116 = ORIENTED_EDGE('',*,*,#3117,.T.);
#3117 = EDGE_CURVE('',#3110,#3118,#3120,.T.);
#3118 = VERTEX_POINT('',#3119);
#3119 = CARTESIAN_POINT('',(2.2,4.5,0.4));
#3120 = LINE('',#3121,#3122);
#3121 = CARTESIAN_POINT('',(2.2,4.5,0.));
#3122 = VECTOR('',#3123,1.);
#3123 = DIRECTION('',(0.,0.,1.));
#3124 = ORIENTED_EDGE('',*,*,#3125,.F.);
#3125 = EDGE_CURVE('',#3102,#3118,#3126,.T.);
#3126 = LINE('',#3127,#3128);
#3127 = CARTESIAN_POINT('',(2.2,-3.3,0.4));
#3128 = VECTOR('',#3129,1.);
#3129 = DIRECTION('',(-0.,1.,0.));
#3130 = PLANE('',#3131);
#3131 = AXIS2_PLACEMENT_3D('',#3132,#3133,#3134);
#3132 = CARTESIAN_POINT('',(2.2,-3.3,0.));
#3133 = DIRECTION('',(1.,0.,-0.));
#3134 = DIRECTION('',(0.,0.,1.));
#3135 = ADVANCED_FACE('',(#3136),#3170,.T.);
#3136 = FACE_BOUND('',#3137,.T.);
#3137 = EDGE_LOOP('',(#3138,#3148,#3156,#3164));
#3138 = ORIENTED_EDGE('',*,*,#3139,.F.);
#3139 = EDGE_CURVE('',#3140,#3142,#3144,.T.);
#3140 = VERTEX_POINT('',#3141);
#3141 = CARTESIAN_POINT('',(2.8,-3.3,0.));
#3142 = VERTEX_POINT('',#3143);
#3143 = CARTESIAN_POINT('',(2.8,-3.3,0.4));
#3144 = LINE('',#3145,#3146);
#3145 = CARTESIAN_POINT('',(2.8,-3.3,0.));
#3146 = VECTOR('',#3147,1.);
#3147 = DIRECTION('',(0.,0.,1.));
#3148 = ORIENTED_EDGE('',*,*,#3149,.T.);
#3149 = EDGE_CURVE('',#3140,#3150,#3152,.T.);
#3150 = VERTEX_POINT('',#3151);
#3151 = CARTESIAN_POINT('',(2.8,4.5,0.));
#3152 = LINE('',#3153,#3154);
#3153 = CARTESIAN_POINT('',(2.8,-3.3,0.));
#3154 = VECTOR('',#3155,1.);
#3155 = DIRECTION('',(-0.,1.,0.));
#3156 = ORIENTED_EDGE('',*,*,#3157,.T.);
#3157 = EDGE_CURVE('',#3150,#3158,#3160,.T.);
#3158 = VERTEX_POINT('',#3159);
#3159 = CARTESIAN_POINT('',(2.8,4.5,0.4));
#3160 = LINE('',#3161,#3162);
#3161 = CARTESIAN_POINT('',(2.8,4.5,0.));
#3162 = VECTOR('',#3163,1.);
#3163 = DIRECTION('',(0.,0.,1.));
#3164 = ORIENTED_EDGE('',*,*,#3165,.F.);
#3165 = EDGE_CURVE('',#3142,#3158,#3166,.T.);
#3166 = LINE('',#3167,#3168);
#3167 = CARTESIAN_POINT('',(2.8,-3.3,0.4));
#3168 = VECTOR('',#3169,1.);
#3169 = DIRECTION('',(-0.,1.,0.));
#3170 = PLANE('',#3171);
#3171 = AXIS2_PLACEMENT_3D('',#3172,#3173,#3174);
#3172 = CARTESIAN_POINT('',(2.8,-3.3,0.));
#3173 = DIRECTION('',(1.,0.,-0.));
#3174 = DIRECTION('',(0.,0.,1.));
#3175 = ADVANCED_FACE('',(#3176),#3192,.F.);
#3176 = FACE_BOUND('',#3177,.F.);
#3177 = EDGE_LOOP('',(#3178,#3184,#3185,#3191));
#3178 = ORIENTED_EDGE('',*,*,#3179,.F.);
#3179 = EDGE_CURVE('',#3100,#3140,#3180,.T.);
#3180 = LINE('',#3181,#3182);
#3181 = CARTESIAN_POINT('',(2.2,-3.3,0.));
#3182 = VECTOR('',#3183,1.);
#3183 = DIRECTION('',(1.,0.,-0.));
#3184 = ORIENTED_EDGE('',*,*,#3099,.T.);
#3185 = ORIENTED_EDGE('',*,*,#3186,.T.);
#3186 = EDGE_CURVE('',#3102,#3142,#3187,.T.);
#3187 = LINE('',#3188,#3189);
#3188 = CARTESIAN_POINT('',(2.2,-3.3,0.4));
#3189 = VECTOR('',#3190,1.);
#3190 = DIRECTION('',(1.,0.,-0.));
#3191 = ORIENTED_EDGE('',*,*,#3139,.F.);
#3192 = PLANE('',#3193);
#3193 = AXIS2_PLACEMENT_3D('',#3194,#3195,#3196);
#3194 = CARTESIAN_POINT('',(2.2,-3.3,0.));
#3195 = DIRECTION('',(-0.,1.,0.));
#3196 = DIRECTION('',(0.,0.,1.));
#3197 = ADVANCED_FACE('',(#3198),#3214,.T.);
#3198 = FACE_BOUND('',#3199,.T.);
#3199 = EDGE_LOOP('',(#3200,#3206,#3207,#3213));
#3200 = ORIENTED_EDGE('',*,*,#3201,.F.);
#3201 = EDGE_CURVE('',#3110,#3150,#3202,.T.);
#3202 = LINE('',#3203,#3204);
#3203 = CARTESIAN_POINT('',(2.2,4.5,0.));
#3204 = VECTOR('',#3205,1.);
#3205 = DIRECTION('',(1.,0.,-0.));
#3206 = ORIENTED_EDGE('',*,*,#3117,.T.);
#3207 = ORIENTED_EDGE('',*,*,#3208,.T.);
#3208 = EDGE_CURVE('',#3118,#3158,#3209,.T.);
#3209 = LINE('',#3210,#3211);
#3210 = CARTESIAN_POINT('',(2.2,4.5,0.4));
#3211 = VECTOR('',#3212,1.);
#3212 = DIRECTION('',(1.,0.,-0.));
#3213 = ORIENTED_EDGE('',*,*,#3157,.F.);
#3214 = PLANE('',#3215);
#3215 = AXIS2_PLACEMENT_3D('',#3216,#3217,#3218);
#3216 = CARTESIAN_POINT('',(2.2,4.5,0.));
#3217 = DIRECTION('',(-0.,1.,0.));
#3218 = DIRECTION('',(0.,0.,1.));
#3219 = ADVANCED_FACE('',(#3220),#3226,.F.);
#3220 = FACE_BOUND('',#3221,.F.);
#3221 = EDGE_LOOP('',(#3222,#3223,#3224,#3225));
#3222 = ORIENTED_EDGE('',*,*,#3109,.F.);
#3223 = ORIENTED_EDGE('',*,*,#3179,.T.);
#3224 = ORIENTED_EDGE('',*,*,#3149,.T.);
#3225 = ORIENTED_EDGE('',*,*,#3201,.F.);
#3226 = PLANE('',#3227);
#3227 = AXIS2_PLACEMENT_3D('',#3228,#3229,#3230);
#3228 = CARTESIAN_POINT('',(2.2,-3.3,0.));
#3229 = DIRECTION('',(0.,0.,1.));
#3230 = DIRECTION('',(1.,0.,-0.));
#3231 = ADVANCED_FACE('',(#3232),#3238,.T.);
#3232 = FACE_BOUND('',#3233,.T.);
#3233 = EDGE_LOOP('',(#3234,#3235,#3236,#3237));
#3234 = ORIENTED_EDGE('',*,*,#3125,.F.);
#3235 = ORIENTED_EDGE('',*,*,#3186,.T.);
#3236 = ORIENTED_EDGE('',*,*,#3165,.T.);
#3237 = ORIENTED_EDGE('',*,*,#3208,.F.);
#3238 = PLANE('',#3239);
#3239 = AXIS2_PLACEMENT_3D('',#3240,#3241,#3242);
#3240 = CARTESIAN_POINT('',(2.2,-3.3,0.4));
#3241 = DIRECTION('',(0.,0.,1.));
#3242 = DIRECTION('',(1.,0.,-0.));
#3243 = MANIFOLD_SOLID_BREP('',#3244);
#3244 = CLOSED_SHELL('',(#3245,#3285,#3325,#3347,#3369,#3381));
#3245 = ADVANCED_FACE('',(#3246),#3280,.F.);
#3246 = FACE_BOUND('',#3247,.F.);
#3247 = EDGE_LOOP('',(#3248,#3258,#3266,#3274));
#3248 = ORIENTED_EDGE('',*,*,#3249,.F.);
#3249 = EDGE_CURVE('',#3250,#3252,#3254,.T.);
#3250 = VERTEX_POINT('',#3251);
#3251 = CARTESIAN_POINT('',(-6.3,-5.1,0.));
#3252 = VERTEX_POINT('',#3253);
#3253 = CARTESIAN_POINT('',(-6.3,-5.1,0.3));
#3254 = LINE('',#3255,#3256);
#3255 = CARTESIAN_POINT('',(-6.3,-5.1,0.));
#3256 = VECTOR('',#3257,1.);
#3257 = DIRECTION('',(0.,0.,1.));
#3258 = ORIENTED_EDGE('',*,*,#3259,.T.);
#3259 = EDGE_CURVE('',#3250,#3260,#3262,.T.);
#3260 = VERTEX_POINT('',#3261);
#3261 = CARTESIAN_POINT('',(-6.3,-1.5,0.));
#3262 = LINE('',#3263,#3264);
#3263 = CARTESIAN_POINT('',(-6.3,-5.1,0.));
#3264 = VECTOR('',#3265,1.);
#3265 = DIRECTION('',(-0.,1.,0.));
#3266 = ORIENTED_EDGE('',*,*,#3267,.T.);
#3267 = EDGE_CURVE('',#3260,#3268,#3270,.T.);
#3268 = VERTEX_POINT('',#3269);
#3269 = CARTESIAN_POINT('',(-6.3,-1.5,0.3));
#3270 = LINE('',#3271,#3272);
#3271 = CARTESIAN_POINT('',(-6.3,-1.5,0.));
#3272 = VECTOR('',#3273,1.);
#3273 = DIRECTION('',(0.,0.,1.));
#3274 = ORIENTED_EDGE('',*,*,#3275,.F.);
#3275 = EDGE_CURVE('',#3252,#3268,#3276,.T.);
#3276 = LINE('',#3277,#3278);
#3277 = CARTESIAN_POINT('',(-6.3,-5.1,0.3));
#3278 = VECTOR('',#3279,1.);
#3279 = DIRECTION('',(-0.,1.,0.));
#3280 = PLANE('',#3281);
#3281 = AXIS2_PLACEMENT_3D('',#3282,#3283,#3284);
#3282 = CARTESIAN_POINT('',(-6.3,-5.1,0.));
#3283 = DIRECTION('',(1.,0.,-0.));
#3284 = DIRECTION('',(0.,0.,1.));
#3285 = ADVANCED_FACE('',(#3286),#3320,.T.);
#3286 = FACE_BOUND('',#3287,.T.);
#3287 = EDGE_LOOP('',(#3288,#3298,#3306,#3314));
#3288 = ORIENTED_EDGE('',*,*,#3289,.F.);
#3289 = EDGE_CURVE('',#3290,#3292,#3294,.T.);
#3290 = VERTEX_POINT('',#3291);
#3291 = CARTESIAN_POINT('',(-5.1,-5.1,0.));
#3292 = VERTEX_POINT('',#3293);
#3293 = CARTESIAN_POINT('',(-5.1,-5.1,0.3));
#3294 = LINE('',#3295,#3296);
#3295 = CARTESIAN_POINT('',(-5.1,-5.1,0.));
#3296 = VECTOR('',#3297,1.);
#3297 = DIRECTION('',(0.,0.,1.));
#3298 = ORIENTED_EDGE('',*,*,#3299,.T.);
#3299 = EDGE_CURVE('',#3290,#3300,#3302,.T.);
#3300 = VERTEX_POINT('',#3301);
#3301 = CARTESIAN_POINT('',(-5.1,-1.5,0.));
#3302 = LINE('',#3303,#3304);
#3303 = CARTESIAN_POINT('',(-5.1,-5.1,0.));
#3304 = VECTOR('',#3305,1.);
#3305 = DIRECTION('',(-0.,1.,0.));
#3306 = ORIENTED_EDGE('',*,*,#3307,.T.);
#3307 = EDGE_CURVE('',#3300,#3308,#3310,.T.);
#3308 = VERTEX_POINT('',#3309);
#3309 = CARTESIAN_POINT('',(-5.1,-1.5,0.3));
#3310 = LINE('',#3311,#3312);
#3311 = CARTESIAN_POINT('',(-5.1,-1.5,0.));
#3312 = VECTOR('',#3313,1.);
#3313 = DIRECTION('',(0.,0.,1.));
#3314 = ORIENTED_EDGE('',*,*,#3315,.F.);
#3315 = EDGE_CURVE('',#3292,#3308,#3316,.T.);
#3316 = LINE('',#3317,#3318);
#3317 = CARTESIAN_POINT('',(-5.1,-5.1,0.3));
#3318 = VECTOR('',#3319,1.);
#3319 = DIRECTION('',(-0.,1.,0.));
#3320 = PLANE('',#3321);
#3321 = AXIS2_PLACEMENT_3D('',#3322,#3323,#3324);
#3322 = CARTESIAN_POINT('',(-5.1,-5.1,0.));
#3323 = DIRECTION('',(1.,0.,-0.));
#3324 = DIRECTION('',(0.,0.,1.));
#3325 = ADVANCED_FACE('',(#3326),#3342,.F.);
#3326 = FACE_BOUND('',#3327,.F.);
#3327 = EDGE_LOOP('',(#3328,#3334,#3335,#3341));
#3328 = ORIENTED_EDGE('',*,*,#3329,.F.);
#3329 = EDGE_CURVE('',#3250,#3290,#3330,.T.);
#3330 = LINE('',#3331,#3332);
#3331 = CARTESIAN_POINT('',(-6.3,-5.1,0.));
#3332 = VECTOR('',#3333,1.);
#3333 = DIRECTION('',(1.,0.,-0.));
#3334 = ORIENTED_EDGE('',*,*,#3249,.T.);
#3335 = ORIENTED_EDGE('',*,*,#3336,.T.);
#3336 = EDGE_CURVE('',#3252,#3292,#3337,.T.);
#3337 = LINE('',#3338,#3339);
#3338 = CARTESIAN_POINT('',(-6.3,-5.1,0.3));
#3339 = VECTOR('',#3340,1.);
#3340 = DIRECTION('',(1.,0.,-0.));
#3341 = ORIENTED_EDGE('',*,*,#3289,.F.);
#3342 = PLANE('',#3343);
#3343 = AXIS2_PLACEMENT_3D('',#3344,#3345,#3346);
#3344 = CARTESIAN_POINT('',(-6.3,-5.1,0.));
#3345 = DIRECTION('',(-0.,1.,0.));
#3346 = DIRECTION('',(0.,0.,1.));
#3347 = ADVANCED_FACE('',(#3348),#3364,.T.);
#3348 = FACE_BOUND('',#3349,.T.);
#3349 = EDGE_LOOP('',(#3350,#3356,#3357,#3363));
#3350 = ORIENTED_EDGE('',*,*,#3351,.F.);
#3351 = EDGE_CURVE('',#3260,#3300,#3352,.T.);
#3352 = LINE('',#3353,#3354);
#3353 = CARTESIAN_POINT('',(-6.3,-1.5,0.));
#3354 = VECTOR('',#3355,1.);
#3355 = DIRECTION('',(1.,0.,-0.));
#3356 = ORIENTED_EDGE('',*,*,#3267,.T.);
#3357 = ORIENTED_EDGE('',*,*,#3358,.T.);
#3358 = EDGE_CURVE('',#3268,#3308,#3359,.T.);
#3359 = LINE('',#3360,#3361);
#3360 = CARTESIAN_POINT('',(-6.3,-1.5,0.3));
#3361 = VECTOR('',#3362,1.);
#3362 = DIRECTION('',(1.,0.,-0.));
#3363 = ORIENTED_EDGE('',*,*,#3307,.F.);
#3364 = PLANE('',#3365);
#3365 = AXIS2_PLACEMENT_3D('',#3366,#3367,#3368);
#3366 = CARTESIAN_POINT('',(-6.3,-1.5,0.));
#3367 = DIRECTION('',(-0.,1.,0.));
#3368 = DIRECTION('',(0.,0.,1.));
#3369 = ADVANCED_FACE('',(#3370),#3376,.F.);
#3370 = FACE_BOUND('',#3371,.F.);
#3371 = EDGE_LOOP('',(#3372,#3373,#3374,#3375));
#3372 = ORIENTED_EDGE('',*,*,#3259,.F.);
#3373 = ORIENTED_EDGE('',*,*,#3329,.T.);
#3374 = ORIENTED_EDGE('',*,*,#3299,.T.);
#3375 = ORIENTED_EDGE('',*,*,#3351,.F.);
#3376 = PLANE('',#3377);
#3377 = AXIS2_PLACEMENT_3D('',#3378,#3379,#3380);
#3378 = CARTESIAN_POINT('',(-6.3,-5.1,0.));
#3379 = DIRECTION('',(0.,0.,1.));
#3380 = DIRECTION('',(1.,0.,-0.));
#3381 = ADVANCED_FACE('',(#3382),#3388,.T.);
#3382 = FACE_BOUND('',#3383,.T.);
#3383 = EDGE_LOOP('',(#3384,#3385,#3386,#3387));
#3384 = ORIENTED_EDGE('',*,*,#3275,.F.);
#3385 = ORIENTED_EDGE('',*,*,#3336,.T.);
#3386 = ORIENTED_EDGE('',*,*,#3315,.T.);
#3387 = ORIENTED_EDGE('',*,*,#3358,.F.);
#3388 = PLANE('',#3389);
#3389 = AXIS2_PLACEMENT_3D('',#3390,#3391,#3392);
#3390 = CARTESIAN_POINT('',(-6.3,-5.1,0.3));
#3391 = DIRECTION('',(0.,0.,1.));
#3392 = DIRECTION('',(1.,0.,-0.));
#3393 = MANIFOLD_SOLID_BREP('',#3394);
#3394 = CLOSED_SHELL('',(#3395,#3435,#3475,#3497,#3519,#3531));
#3395 = ADVANCED_FACE('',(#3396),#3430,.F.);
#3396 = FACE_BOUND('',#3397,.F.);
#3397 = EDGE_LOOP('',(#3398,#3408,#3416,#3424));
#3398 = ORIENTED_EDGE('',*,*,#3399,.F.);
#3399 = EDGE_CURVE('',#3400,#3402,#3404,.T.);
#3400 = VERTEX_POINT('',#3401);
#3401 = CARTESIAN_POINT('',(5.1,-5.1,0.));
#3402 = VERTEX_POINT('',#3403);
#3403 = CARTESIAN_POINT('',(5.1,-5.1,0.3));
#3404 = LINE('',#3405,#3406);
#3405 = CARTESIAN_POINT('',(5.1,-5.1,0.));
#3406 = VECTOR('',#3407,1.);
#3407 = DIRECTION('',(0.,0.,1.));
#3408 = ORIENTED_EDGE('',*,*,#3409,.T.);
#3409 = EDGE_CURVE('',#3400,#3410,#3412,.T.);
#3410 = VERTEX_POINT('',#3411);
#3411 = CARTESIAN_POINT('',(5.1,-1.5,0.));
#3412 = LINE('',#3413,#3414);
#3413 = CARTESIAN_POINT('',(5.1,-5.1,0.));
#3414 = VECTOR('',#3415,1.);
#3415 = DIRECTION('',(-0.,1.,0.));
#3416 = ORIENTED_EDGE('',*,*,#3417,.T.);
#3417 = EDGE_CURVE('',#3410,#3418,#3420,.T.);
#3418 = VERTEX_POINT('',#3419);
#3419 = CARTESIAN_POINT('',(5.1,-1.5,0.3));
#3420 = LINE('',#3421,#3422);
#3421 = CARTESIAN_POINT('',(5.1,-1.5,0.));
#3422 = VECTOR('',#3423,1.);
#3423 = DIRECTION('',(0.,0.,1.));
#3424 = ORIENTED_EDGE('',*,*,#3425,.F.);
#3425 = EDGE_CURVE('',#3402,#3418,#3426,.T.);
#3426 = LINE('',#3427,#3428);
#3427 = CARTESIAN_POINT('',(5.1,-5.1,0.3));
#3428 = VECTOR('',#3429,1.);
#3429 = DIRECTION('',(-0.,1.,0.));
#3430 = PLANE('',#3431);
#3431 = AXIS2_PLACEMENT_3D('',#3432,#3433,#3434);
#3432 = CARTESIAN_POINT('',(5.1,-5.1,0.));
#3433 = DIRECTION('',(1.,0.,-0.));
#3434 = DIRECTION('',(0.,0.,1.));
#3435 = ADVANCED_FACE('',(#3436),#3470,.T.);
#3436 = FACE_BOUND('',#3437,.T.);
#3437 = EDGE_LOOP('',(#3438,#3448,#3456,#3464));
#3438 = ORIENTED_EDGE('',*,*,#3439,.F.);
#3439 = EDGE_CURVE('',#3440,#3442,#3444,.T.);
#3440 = VERTEX_POINT('',#3441);
#3441 = CARTESIAN_POINT('',(6.3,-5.1,0.));
#3442 = VERTEX_POINT('',#3443);
#3443 = CARTESIAN_POINT('',(6.3,-5.1,0.3));
#3444 = LINE('',#3445,#3446);
#3445 = CARTESIAN_POINT('',(6.3,-5.1,0.));
#3446 = VECTOR('',#3447,1.);
#3447 = DIRECTION('',(0.,0.,1.));
#3448 = ORIENTED_EDGE('',*,*,#3449,.T.);
#3449 = EDGE_CURVE('',#3440,#3450,#3452,.T.);
#3450 = VERTEX_POINT('',#3451);
#3451 = CARTESIAN_POINT('',(6.3,-1.5,0.));
#3452 = LINE('',#3453,#3454);
#3453 = CARTESIAN_POINT('',(6.3,-5.1,0.));
#3454 = VECTOR('',#3455,1.);
#3455 = DIRECTION('',(-0.,1.,0.));
#3456 = ORIENTED_EDGE('',*,*,#3457,.T.);
#3457 = EDGE_CURVE('',#3450,#3458,#3460,.T.);
#3458 = VERTEX_POINT('',#3459);
#3459 = CARTESIAN_POINT('',(6.3,-1.5,0.3));
#3460 = LINE('',#3461,#3462);
#3461 = CARTESIAN_POINT('',(6.3,-1.5,0.));
#3462 = VECTOR('',#3463,1.);
#3463 = DIRECTION('',(0.,0.,1.));
#3464 = ORIENTED_EDGE('',*,*,#3465,.F.);
#3465 = EDGE_CURVE('',#3442,#3458,#3466,.T.);
#3466 = LINE('',#3467,#3468);
#3467 = CARTESIAN_POINT('',(6.3,-5.1,0.3));
#3468 = VECTOR('',#3469,1.);
#3469 = DIRECTION('',(-0.,1.,0.));
#3470 = PLANE('',#3471);
#3471 = AXIS2_PLACEMENT_3D('',#3472,#3473,#3474);
#3472 = CARTESIAN_POINT('',(6.3,-5.1,0.));
#3473 = DIRECTION('',(1.,0.,-0.));
#3474 = DIRECTION('',(0.,0.,1.));
#3475 = ADVANCED_FACE('',(#3476),#3492,.F.);
#3476 = FACE_BOUND('',#3477,.F.);
#3477 = EDGE_LOOP('',(#3478,#3484,#3485,#3491));
#3478 = ORIENTED_EDGE('',*,*,#3479,.F.);
#3479 = EDGE_CURVE('',#3400,#3440,#3480,.T.);
#3480 = LINE('',#3481,#3482);
#3481 = CARTESIAN_POINT('',(5.1,-5.1,0.));
#3482 = VECTOR('',#3483,1.);
#3483 = DIRECTION('',(1.,0.,-0.));
#3484 = ORIENTED_EDGE('',*,*,#3399,.T.);
#3485 = ORIENTED_EDGE('',*,*,#3486,.T.);
#3486 = EDGE_CURVE('',#3402,#3442,#3487,.T.);
#3487 = LINE('',#3488,#3489);
#3488 = CARTESIAN_POINT('',(5.1,-5.1,0.3));
#3489 = VECTOR('',#3490,1.);
#3490 = DIRECTION('',(1.,0.,-0.));
#3491 = ORIENTED_EDGE('',*,*,#3439,.F.);
#3492 = PLANE('',#3493);
#3493 = AXIS2_PLACEMENT_3D('',#3494,#3495,#3496);
#3494 = CARTESIAN_POINT('',(5.1,-5.1,0.));
#3495 = DIRECTION('',(-0.,1.,0.));
#3496 = DIRECTION('',(0.,0.,1.));
#3497 = ADVANCED_FACE('',(#3498),#3514,.T.);
#3498 = FACE_BOUND('',#3499,.T.);
#3499 = EDGE_LOOP('',(#3500,#3506,#3507,#3513));
#3500 = ORIENTED_EDGE('',*,*,#3501,.F.);
#3501 = EDGE_CURVE('',#3410,#3450,#3502,.T.);
#3502 = LINE('',#3503,#3504);
#3503 = CARTESIAN_POINT('',(5.1,-1.5,0.));
#3504 = VECTOR('',#3505,1.);
#3505 = DIRECTION('',(1.,0.,-0.));
#3506 = ORIENTED_EDGE('',*,*,#3417,.T.);
#3507 = ORIENTED_EDGE('',*,*,#3508,.T.);
#3508 = EDGE_CURVE('',#3418,#3458,#3509,.T.);
#3509 = LINE('',#3510,#3511);
#3510 = CARTESIAN_POINT('',(5.1,-1.5,0.3));
#3511 = VECTOR('',#3512,1.);
#3512 = DIRECTION('',(1.,0.,-0.));
#3513 = ORIENTED_EDGE('',*,*,#3457,.F.);
#3514 = PLANE('',#3515);
#3515 = AXIS2_PLACEMENT_3D('',#3516,#3517,#3518);
#3516 = CARTESIAN_POINT('',(5.1,-1.5,0.));
#3517 = DIRECTION('',(-0.,1.,0.));
#3518 = DIRECTION('',(0.,0.,1.));
#3519 = ADVANCED_FACE('',(#3520),#3526,.F.);
#3520 = FACE_BOUND('',#3521,.F.);
#3521 = EDGE_LOOP('',(#3522,#3523,#3524,#3525));
#3522 = ORIENTED_EDGE('',*,*,#3409,.F.);
#3523 = ORIENTED_EDGE('',*,*,#3479,.T.);
#3524 = ORIENTED_EDGE('',*,*,#3449,.T.);
#3525 = ORIENTED_EDGE('',*,*,#3501,.F.);
#3526 = PLANE('',#3527);
#3527 = AXIS2_PLACEMENT_3D('',#3528,#3529,#3530);
#3528 = CARTESIAN_POINT('',(5.1,-5.1,0.));
#3529 = DIRECTION('',(0.,0.,1.));
#3530 = DIRECTION('',(1.,0.,-0.));
#3531 = ADVANCED_FACE('',(#3532),#3538,.T.);
#3532 = FACE_BOUND('',#3533,.T.);
#3533 = EDGE_LOOP('',(#3534,#3535,#3536,#3537));
#3534 = ORIENTED_EDGE('',*,*,#3425,.F.);
#3535 = ORIENTED_EDGE('',*,*,#3486,.T.);
#3536 = ORIENTED_EDGE('',*,*,#3465,.T.);
#3537 = ORIENTED_EDGE('',*,*,#3508,.F.);
#3538 = PLANE('',#3539);
#3539 = AXIS2_PLACEMENT_3D('',#3540,#3541,#3542);
#3540 = CARTESIAN_POINT('',(5.1,-5.1,0.3));
#3541 = DIRECTION('',(0.,0.,1.));
#3542 = DIRECTION('',(1.,0.,-0.));
#3543 = ( GEOMETRIC_REPRESENTATION_CONTEXT(3) 
GLOBAL_UNCERTAINTY_ASSIGNED_CONTEXT((#3547)) 
GLOBAL_UNIT_ASSIGNED_CONTEXT((#3544,#3545,#3546)) REPRESENTATION_CONTEXT
('Context #1','3D Context with UNIT and UNCERTAINTY') );
#3544 = ( LENGTH_UNIT() NAMED_UNIT(*) SI_UNIT(.MILLI.,.METRE.) );
#3545 = ( NAMED_UNIT(*) PLANE_ANGLE_UNIT() SI_UNIT($,.RADIAN.) );
#3546 = ( NAMED_UNIT(*) SI_UNIT($,.STERADIAN.) SOLID_ANGLE_UNIT() );
#3547 = UNCERTAINTY_MEASURE_WITH_UNIT(LENGTH_MEASURE(1.E-07),#3544,
  'distance_accuracy_value','confusion accuracy');
#3548 = CONTEXT_DEPENDENT_SHAPE_REPRESENTATION(#3549,#3551);
#3549 = ( REPRESENTATION_RELATIONSHIP('','',#2500,#10) 
REPRESENTATION_RELATIONSHIP_WITH_TRANSFORMATION(#3550) 
SHAPE_REPRESENTATION_RELATIONSHIP() );
#3550 = ITEM_DEFINED_TRANSFORMATION('','',#11,#27);
#3551 = PRODUCT_DEFINITION_SHAPE('Placement','Placement of an item',
  #3552);
#3552 = NEXT_ASSEMBLY_USAGE_OCCURRENCE('4','J1','',#5,#2495,$);
#3553 = PRODUCT_RELATED_PRODUCT_CATEGORY('part',$,(#2497));
#3554 = CONTEXT_DEPENDENT_SHAPE_REPRESENTATION(#3555,#3557);
#3555 = ( REPRESENTATION_RELATIONSHIP('','',#1622,#10) 
REPRESENTATION_RELATIONSHIP_WITH_TRANSFORMATION(#3556) 
SHAPE_REPRESENTATION_RELATIONSHIP() );
#3556 = ITEM_DEFINED_TRANSFORMATION('','',#11,#31);
#3557 = PRODUCT_DEFINITION_SHAPE('Placement','Placement of an item',
  #3558);
#3558 = NEXT_ASSEMBLY_USAGE_OCCURRENCE('5','C3','',#5,#1617,$);
#3559 = CONTEXT_DEPENDENT_SHAPE_REPRESENTATION(#3560,#3562);
#3560 = ( REPRESENTATION_RELATIONSHIP('','',#1622,#10) 
REPRESENTATION_RELATIONSHIP_WITH_TRANSFORMATION(#3561) 
SHAPE_REPRESENTATION_RELATIONSHIP() );
#3561 = ITEM_DEFINED_TRANSFORMATION('','',#11,#35);
#3562 = PRODUCT_DEFINITION_SHAPE('Placement','Placement of an item',
  #3563);
#3563 = NEXT_ASSEMBLY_USAGE_OCCURRENCE('6','C4','',#5,#1617,$);
#3564 = SHAPE_DEFINITION_REPRESENTATION(#3565,#3571);
#3565 = PRODUCT_DEFINITION_SHAPE('','',#3566);
#3566 = PRODUCT_DEFINITION('design','',#3567,#3570);
#3567 = PRODUCT_DEFINITION_FORMATION('','',#3568);
#3568 = PRODUCT('R_0805_2012Metric','R_0805_2012Metric','',(#3569));
#3569 = PRODUCT_CONTEXT('',#2,'mechanical');
#3570 = PRODUCT_DEFINITION_CONTEXT('part definition',#2,'design');
#3571 = ADVANCED_BREP_SHAPE_REPRESENTATION('',(#11,#3572),#4362);
#3572 = MANIFOLD_SOLID_BREP('',#3573);
#3573 = CLOSED_SHELL('',(#3574,#3614,#3697,#3722,#3747,#3814,#3831,#3848
    ,#3897,#3914,#3931,#3980,#3997,#4066,#4097,#4121,#4190,#4214,#4231,
    #4248,#4265,#4282,#4299,#4316,#4333,#4350));
#3574 = ADVANCED_FACE('',(#3575),#3609,.F.);
#3575 = FACE_BOUND('',#3576,.F.);
#3576 = EDGE_LOOP('',(#3577,#3587,#3595,#3603));
#3577 = ORIENTED_EDGE('',*,*,#3578,.F.);
#3578 = EDGE_CURVE('',#3579,#3581,#3583,.T.);
#3579 = VERTEX_POINT('',#3580);
#3580 = CARTESIAN_POINT('',(-1.,-0.6,4.5E-02));
#3581 = VERTEX_POINT('',#3582);
#3582 = CARTESIAN_POINT('',(-1.,-0.6,0.405));
#3583 = LINE('',#3584,#3585);
#3584 = CARTESIAN_POINT('',(-1.,-0.6,0.));
#3585 = VECTOR('',#3586,1.);
#3586 = DIRECTION('',(0.,0.,1.));
#3587 = ORIENTED_EDGE('',*,*,#3588,.T.);
#3588 = EDGE_CURVE('',#3579,#3589,#3591,.T.);
#3589 = VERTEX_POINT('',#3590);
#3590 = CARTESIAN_POINT('',(-1.,0.6,4.5E-02));
#3591 = LINE('',#3592,#3593);
#3592 = CARTESIAN_POINT('',(-1.,-0.6,4.5E-02));
#3593 = VECTOR('',#3594,1.);
#3594 = DIRECTION('',(0.,1.,0.));
#3595 = ORIENTED_EDGE('',*,*,#3596,.T.);
#3596 = EDGE_CURVE('',#3589,#3597,#3599,.T.);
#3597 = VERTEX_POINT('',#3598);
#3598 = CARTESIAN_POINT('',(-1.,0.6,0.405));
#3599 = LINE('',#3600,#3601);
#3600 = CARTESIAN_POINT('',(-1.,0.6,0.));
#3601 = VECTOR('',#3602,1.);
#3602 = DIRECTION('',(0.,0.,1.));
#3603 = ORIENTED_EDGE('',*,*,#3604,.F.);
#3604 = EDGE_CURVE('',#3581,#3597,#3605,.T.);
#3605 = LINE('',#3606,#3607);
#3606 = CARTESIAN_POINT('',(-1.,-0.6,0.405));
#3607 = VECTOR('',#3608,1.);
#3608 = DIRECTION('',(0.,1.,0.));
#3609 = PLANE('',#3610);
#3610 = AXIS2_PLACEMENT_3D('',#3611,#3612,#3613);
#3611 = CARTESIAN_POINT('',(-1.,-0.6,0.));
#3612 = DIRECTION('',(1.,0.,0.));
#3613 = DIRECTION('',(0.,0.,1.));
#3614 = ADVANCED_FACE('',(#3615),#3692,.F.);
#3615 = FACE_BOUND('',#3616,.F.);
#3616 = EDGE_LOOP('',(#3617,#3627,#3634,#3635,#3644,#3652,#3661,#3669,
    #3677,#3685));
#3617 = ORIENTED_EDGE('',*,*,#3618,.F.);
#3618 = EDGE_CURVE('',#3619,#3621,#3623,.T.);
#3619 = VERTEX_POINT('',#3620);
#3620 = CARTESIAN_POINT('',(-0.955,-0.6,-2.775557561563E-17));
#3621 = VERTEX_POINT('',#3622);
#3622 = CARTESIAN_POINT('',(-0.745,-0.6,-2.775557561563E-17));
#3623 = LINE('',#3624,#3625);
#3624 = CARTESIAN_POINT('',(-1.,-0.6,0.));
#3625 = VECTOR('',#3626,1.);
#3626 = DIRECTION('',(1.,0.,0.));
#3627 = ORIENTED_EDGE('',*,*,#3628,.F.);
#3628 = EDGE_CURVE('',#3579,#3619,#3629,.T.);
#3629 = CIRCLE('',#3630,4.5E-02);
#3630 = AXIS2_PLACEMENT_3D('',#3631,#3632,#3633);
#3631 = CARTESIAN_POINT('',(-0.955,-0.6,4.5E-02));
#3632 = DIRECTION('',(0.,-1.,0.));
#3633 = DIRECTION('',(0.,0.,1.));
#3634 = ORIENTED_EDGE('',*,*,#3578,.T.);
#3635 = ORIENTED_EDGE('',*,*,#3636,.T.);
#3636 = EDGE_CURVE('',#3581,#3637,#3639,.T.);
#3637 = VERTEX_POINT('',#3638);
#3638 = CARTESIAN_POINT('',(-0.955,-0.6,0.45));
#3639 = CIRCLE('',#3640,4.5E-02);
#3640 = AXIS2_PLACEMENT_3D('',#3641,#3642,#3643);
#3641 = CARTESIAN_POINT('',(-0.955,-0.6,0.405));
#3642 = DIRECTION('',(0.,1.,0.));
#3643 = DIRECTION('',(0.,-0.,1.));
#3644 = ORIENTED_EDGE('',*,*,#3645,.T.);
#3645 = EDGE_CURVE('',#3637,#3646,#3648,.T.);
#3646 = VERTEX_POINT('',#3647);
#3647 = CARTESIAN_POINT('',(-0.745,-0.6,0.45));
#3648 = LINE('',#3649,#3650);
#3649 = CARTESIAN_POINT('',(-1.,-0.6,0.45));
#3650 = VECTOR('',#3651,1.);
#3651 = DIRECTION('',(1.,0.,0.));
#3652 = ORIENTED_EDGE('',*,*,#3653,.F.);
#3653 = EDGE_CURVE('',#3654,#3646,#3656,.T.);
#3654 = VERTEX_POINT('',#3655);
#3655 = CARTESIAN_POINT('',(-0.7,-0.6,0.405));
#3656 = CIRCLE('',#3657,4.5E-02);
#3657 = AXIS2_PLACEMENT_3D('',#3658,#3659,#3660);
#3658 = CARTESIAN_POINT('',(-0.745,-0.6,0.405));
#3659 = DIRECTION('',(0.,-1.,0.));
#3660 = DIRECTION('',(0.,0.,1.));
#3661 = ORIENTED_EDGE('',*,*,#3662,.F.);
#3662 = EDGE_CURVE('',#3663,#3654,#3665,.T.);
#3663 = VERTEX_POINT('',#3664);
#3664 = CARTESIAN_POINT('',(-0.955,-0.6,0.405));
#3665 = LINE('',#3666,#3667);
#3666 = CARTESIAN_POINT('',(-0.955,-0.6,0.405));
#3667 = VECTOR('',#3668,1.);
#3668 = DIRECTION('',(1.,0.,0.));
#3669 = ORIENTED_EDGE('',*,*,#3670,.F.);
#3670 = EDGE_CURVE('',#3671,#3663,#3673,.T.);
#3671 = VERTEX_POINT('',#3672);
#3672 = CARTESIAN_POINT('',(-0.955,-0.6,4.5E-02));
#3673 = LINE('',#3674,#3675);
#3674 = CARTESIAN_POINT('',(-0.955,-0.6,4.5E-02));
#3675 = VECTOR('',#3676,1.);
#3676 = DIRECTION('',(0.,0.,1.));
#3677 = ORIENTED_EDGE('',*,*,#3678,.T.);
#3678 = EDGE_CURVE('',#3671,#3679,#3681,.T.);
#3679 = VERTEX_POINT('',#3680);
#3680 = CARTESIAN_POINT('',(-0.7,-0.6,4.5E-02));
#3681 = LINE('',#3682,#3683);
#3682 = CARTESIAN_POINT('',(-0.955,-0.6,4.5E-02));
#3683 = VECTOR('',#3684,1.);
#3684 = DIRECTION('',(1.,0.,0.));
#3685 = ORIENTED_EDGE('',*,*,#3686,.T.);
#3686 = EDGE_CURVE('',#3679,#3621,#3687,.T.);
#3687 = CIRCLE('',#3688,4.5E-02);
#3688 = AXIS2_PLACEMENT_3D('',#3689,#3690,#3691);
#3689 = CARTESIAN_POINT('',(-0.745,-0.6,4.5E-02));
#3690 = DIRECTION('',(0.,1.,0.));
#3691 = DIRECTION('',(0.,-0.,1.));
#3692 = PLANE('',#3693);
#3693 = AXIS2_PLACEMENT_3D('',#3694,#3695,#3696);
#3694 = CARTESIAN_POINT('',(-1.,-0.6,0.));
#3695 = DIRECTION('',(0.,1.,0.));
#3696 = DIRECTION('',(0.,-0.,1.));
#3697 = ADVANCED_FACE('',(#3698),#3717,.T.);
#3698 = FACE_BOUND('',#3699,.T.);
#3699 = EDGE_LOOP('',(#3700,#3701,#3710,#3716));
#3700 = ORIENTED_EDGE('',*,*,#3588,.T.);
#3701 = ORIENTED_EDGE('',*,*,#3702,.T.);
#3702 = EDGE_CURVE('',#3589,#3703,#3705,.T.);
#3703 = VERTEX_POINT('',#3704);
#3704 = CARTESIAN_POINT('',(-0.955,0.6,-2.775557561563E-17));
#3705 = CIRCLE('',#3706,4.5E-02);
#3706 = AXIS2_PLACEMENT_3D('',#3707,#3708,#3709);
#3707 = CARTESIAN_POINT('',(-0.955,0.6,4.5E-02));
#3708 = DIRECTION('',(0.,-1.,0.));
#3709 = DIRECTION('',(0.,0.,1.));
#3710 = ORIENTED_EDGE('',*,*,#3711,.F.);
#3711 = EDGE_CURVE('',#3619,#3703,#3712,.T.);
#3712 = LINE('',#3713,#3714);
#3713 = CARTESIAN_POINT('',(-0.955,-0.6,-2.775557561563E-17));
#3714 = VECTOR('',#3715,1.);
#3715 = DIRECTION('',(0.,1.,0.));
#3716 = ORIENTED_EDGE('',*,*,#3628,.F.);
#3717 = CYLINDRICAL_SURFACE('',#3718,4.5E-02);
#3718 = AXIS2_PLACEMENT_3D('',#3719,#3720,#3721);
#3719 = CARTESIAN_POINT('',(-0.955,-0.6,4.5E-02));
#3720 = DIRECTION('',(0.,1.,0.));
#3721 = DIRECTION('',(-1.,0.,0.));
#3722 = ADVANCED_FACE('',(#3723),#3742,.T.);
#3723 = FACE_BOUND('',#3724,.T.);
#3724 = EDGE_LOOP('',(#3725,#3726,#3734,#3741));
#3725 = ORIENTED_EDGE('',*,*,#3636,.T.);
#3726 = ORIENTED_EDGE('',*,*,#3727,.T.);
#3727 = EDGE_CURVE('',#3637,#3728,#3730,.T.);
#3728 = VERTEX_POINT('',#3729);
#3729 = CARTESIAN_POINT('',(-0.955,0.6,0.45));
#3730 = LINE('',#3731,#3732);
#3731 = CARTESIAN_POINT('',(-0.955,-0.6,0.45));
#3732 = VECTOR('',#3733,1.);
#3733 = DIRECTION('',(0.,1.,0.));
#3734 = ORIENTED_EDGE('',*,*,#3735,.F.);
#3735 = EDGE_CURVE('',#3597,#3728,#3736,.T.);
#3736 = CIRCLE('',#3737,4.5E-02);
#3737 = AXIS2_PLACEMENT_3D('',#3738,#3739,#3740);
#3738 = CARTESIAN_POINT('',(-0.955,0.6,0.405));
#3739 = DIRECTION('',(0.,1.,0.));
#3740 = DIRECTION('',(0.,-0.,1.));
#3741 = ORIENTED_EDGE('',*,*,#3604,.F.);
#3742 = CYLINDRICAL_SURFACE('',#3743,4.5E-02);
#3743 = AXIS2_PLACEMENT_3D('',#3744,#3745,#3746);
#3744 = CARTESIAN_POINT('',(-0.955,-0.6,0.405));
#3745 = DIRECTION('',(0.,1.,0.));
#3746 = DIRECTION('',(-1.,0.,0.));
#3747 = ADVANCED_FACE('',(#3748),#3809,.T.);
#3748 = FACE_BOUND('',#3749,.T.);
#3749 = EDGE_LOOP('',(#3750,#3758,#3759,#3760,#3761,#3769,#3778,#3786,
    #3794,#3802));
#3750 = ORIENTED_EDGE('',*,*,#3751,.F.);
#3751 = EDGE_CURVE('',#3703,#3752,#3754,.T.);
#3752 = VERTEX_POINT('',#3753);
#3753 = CARTESIAN_POINT('',(-0.745,0.6,-2.775557561563E-17));
#3754 = LINE('',#3755,#3756);
#3755 = CARTESIAN_POINT('',(-1.,0.6,0.));
#3756 = VECTOR('',#3757,1.);
#3757 = DIRECTION('',(1.,0.,0.));
#3758 = ORIENTED_EDGE('',*,*,#3702,.F.);
#3759 = ORIENTED_EDGE('',*,*,#3596,.T.);
#3760 = ORIENTED_EDGE('',*,*,#3735,.T.);
#3761 = ORIENTED_EDGE('',*,*,#3762,.T.);
#3762 = EDGE_CURVE('',#3728,#3763,#3765,.T.);
#3763 = VERTEX_POINT('',#3764);
#3764 = CARTESIAN_POINT('',(-0.745,0.6,0.45));
#3765 = LINE('',#3766,#3767);
#3766 = CARTESIAN_POINT('',(-1.,0.6,0.45));
#3767 = VECTOR('',#3768,1.);
#3768 = DIRECTION('',(1.,0.,0.));
#3769 = ORIENTED_EDGE('',*,*,#3770,.F.);
#3770 = EDGE_CURVE('',#3771,#3763,#3773,.T.);
#3771 = VERTEX_POINT('',#3772);
#3772 = CARTESIAN_POINT('',(-0.7,0.6,0.405));
#3773 = CIRCLE('',#3774,4.5E-02);
#3774 = AXIS2_PLACEMENT_3D('',#3775,#3776,#3777);
#3775 = CARTESIAN_POINT('',(-0.745,0.6,0.405));
#3776 = DIRECTION('',(0.,-1.,0.));
#3777 = DIRECTION('',(0.,0.,1.));
#3778 = ORIENTED_EDGE('',*,*,#3779,.F.);
#3779 = EDGE_CURVE('',#3780,#3771,#3782,.T.);
#3780 = VERTEX_POINT('',#3781);
#3781 = CARTESIAN_POINT('',(-0.955,0.6,0.405));
#3782 = LINE('',#3783,#3784);
#3783 = CARTESIAN_POINT('',(-0.955,0.6,0.405));
#3784 = VECTOR('',#3785,1.);
#3785 = DIRECTION('',(1.,0.,0.));
#3786 = ORIENTED_EDGE('',*,*,#3787,.F.);
#3787 = EDGE_CURVE('',#3788,#3780,#3790,.T.);
#3788 = VERTEX_POINT('',#3789);
#3789 = CARTESIAN_POINT('',(-0.955,0.6,4.5E-02));
#3790 = LINE('',#3791,#3792);
#3791 = CARTESIAN_POINT('',(-0.955,0.6,4.5E-02));
#3792 = VECTOR('',#3793,1.);
#3793 = DIRECTION('',(0.,0.,1.));
#3794 = ORIENTED_EDGE('',*,*,#3795,.T.);
#3795 = EDGE_CURVE('',#3788,#3796,#3798,.T.);
#3796 = VERTEX_POINT('',#3797);
#3797 = CARTESIAN_POINT('',(-0.7,0.6,4.5E-02));
#3798 = LINE('',#3799,#3800);
#3799 = CARTESIAN_POINT('',(-0.955,0.6,4.5E-02));
#3800 = VECTOR('',#3801,1.);
#3801 = DIRECTION('',(1.,0.,0.));
#3802 = ORIENTED_EDGE('',*,*,#3803,.T.);
#3803 = EDGE_CURVE('',#3796,#3752,#3804,.T.);
#3804 = CIRCLE('',#3805,4.5E-02);
#3805 = AXIS2_PLACEMENT_3D('',#3806,#3807,#3808);
#3806 = CARTESIAN_POINT('',(-0.745,0.6,4.5E-02));
#3807 = DIRECTION('',(0.,1.,0.));
#3808 = DIRECTION('',(0.,-0.,1.));
#3809 = PLANE('',#3810);
#3810 = AXIS2_PLACEMENT_3D('',#3811,#3812,#3813);
#3811 = CARTESIAN_POINT('',(-1.,0.6,0.));
#3812 = DIRECTION('',(0.,1.,0.));
#3813 = DIRECTION('',(0.,-0.,1.));
#3814 = ADVANCED_FACE('',(#3815),#3826,.F.);
#3815 = FACE_BOUND('',#3816,.F.);
#3816 = EDGE_LOOP('',(#3817,#3818,#3819,#3820));
#3817 = ORIENTED_EDGE('',*,*,#3751,.F.);
#3818 = ORIENTED_EDGE('',*,*,#3711,.F.);
#3819 = ORIENTED_EDGE('',*,*,#3618,.T.);
#3820 = ORIENTED_EDGE('',*,*,#3821,.T.);
#3821 = EDGE_CURVE('',#3621,#3752,#3822,.T.);
#3822 = LINE('',#3823,#3824);
#3823 = CARTESIAN_POINT('',(-0.745,-0.6,-2.775557561563E-17));
#3824 = VECTOR('',#3825,1.);
#3825 = DIRECTION('',(0.,1.,0.));
#3826 = PLANE('',#3827);
#3827 = AXIS2_PLACEMENT_3D('',#3828,#3829,#3830);
#3828 = CARTESIAN_POINT('',(-1.,-0.6,0.));
#3829 = DIRECTION('',(0.,0.,1.));
#3830 = DIRECTION('',(1.,0.,-0.));
#3831 = ADVANCED_FACE('',(#3832),#3843,.T.);
#3832 = FACE_BOUND('',#3833,.T.);
#3833 = EDGE_LOOP('',(#3834,#3835,#3836,#3837));
#3834 = ORIENTED_EDGE('',*,*,#3686,.T.);
#3835 = ORIENTED_EDGE('',*,*,#3821,.T.);
#3836 = ORIENTED_EDGE('',*,*,#3803,.F.);
#3837 = ORIENTED_EDGE('',*,*,#3838,.F.);
#3838 = EDGE_CURVE('',#3679,#3796,#3839,.T.);
#3839 = LINE('',#3840,#3841);
#3840 = CARTESIAN_POINT('',(-0.7,-0.6,4.5E-02));
#3841 = VECTOR('',#3842,1.);
#3842 = DIRECTION('',(0.,1.,0.));
#3843 = CYLINDRICAL_SURFACE('',#3844,4.5E-02);
#3844 = AXIS2_PLACEMENT_3D('',#3845,#3846,#3847);
#3845 = CARTESIAN_POINT('',(-0.745,-0.6,4.5E-02));
#3846 = DIRECTION('',(0.,1.,0.));
#3847 = DIRECTION('',(1.,0.,0.));
#3848 = ADVANCED_FACE('',(#3849),#3892,.F.);
#3849 = FACE_BOUND('',#3850,.F.);
#3850 = EDGE_LOOP('',(#3851,#3852,#3853,#3854,#3862,#3870,#3878,#3886));
#3851 = ORIENTED_EDGE('',*,*,#3678,.F.);
#3852 = ORIENTED_EDGE('',*,*,#3670,.T.);
#3853 = ORIENTED_EDGE('',*,*,#3662,.T.);
#3854 = ORIENTED_EDGE('',*,*,#3855,.T.);
#3855 = EDGE_CURVE('',#3654,#3856,#3858,.T.);
#3856 = VERTEX_POINT('',#3857);
#3857 = CARTESIAN_POINT('',(0.7,-0.6,0.405));
#3858 = LINE('',#3859,#3860);
#3859 = CARTESIAN_POINT('',(-0.7,-0.6,0.405));
#3860 = VECTOR('',#3861,1.);
#3861 = DIRECTION('',(1.,0.,0.));
#3862 = ORIENTED_EDGE('',*,*,#3863,.T.);
#3863 = EDGE_CURVE('',#3856,#3864,#3866,.T.);
#3864 = VERTEX_POINT('',#3865);
#3865 = CARTESIAN_POINT('',(0.955,-0.6,0.405));
#3866 = LINE('',#3867,#3868);
#3867 = CARTESIAN_POINT('',(-0.955,-0.6,0.405));
#3868 = VECTOR('',#3869,1.);
#3869 = DIRECTION('',(1.,0.,0.));
#3870 = ORIENTED_EDGE('',*,*,#3871,.F.);
#3871 = EDGE_CURVE('',#3872,#3864,#3874,.T.);
#3872 = VERTEX_POINT('',#3873);
#3873 = CARTESIAN_POINT('',(0.955,-0.6,4.5E-02));
#3874 = LINE('',#3875,#3876);
#3875 = CARTESIAN_POINT('',(0.955,-0.6,4.5E-02));
#3876 = VECTOR('',#3877,1.);
#3877 = DIRECTION('',(0.,0.,1.));
#3878 = ORIENTED_EDGE('',*,*,#3879,.F.);
#3879 = EDGE_CURVE('',#3880,#3872,#3882,.T.);
#3880 = VERTEX_POINT('',#3881);
#3881 = CARTESIAN_POINT('',(0.7,-0.6,4.5E-02));
#3882 = LINE('',#3883,#3884);
#3883 = CARTESIAN_POINT('',(-0.955,-0.6,4.5E-02));
#3884 = VECTOR('',#3885,1.);
#3885 = DIRECTION('',(1.,0.,0.));
#3886 = ORIENTED_EDGE('',*,*,#3887,.F.);
#3887 = EDGE_CURVE('',#3679,#3880,#3888,.T.);
#3888 = LINE('',#3889,#3890);
#3889 = CARTESIAN_POINT('',(-0.955,-0.6,4.5E-02));
#3890 = VECTOR('',#3891,1.);
#3891 = DIRECTION('',(1.,0.,0.));
#3892 = PLANE('',#3893);
#3893 = AXIS2_PLACEMENT_3D('',#3894,#3895,#3896);
#3894 = CARTESIAN_POINT('',(-0.955,-0.6,4.5E-02));
#3895 = DIRECTION('',(0.,1.,0.));
#3896 = DIRECTION('',(0.,-0.,1.));
#3897 = ADVANCED_FACE('',(#3898),#3909,.T.);
#3898 = FACE_BOUND('',#3899,.T.);
#3899 = EDGE_LOOP('',(#3900,#3901,#3902,#3903));
#3900 = ORIENTED_EDGE('',*,*,#3762,.F.);
#3901 = ORIENTED_EDGE('',*,*,#3727,.F.);
#3902 = ORIENTED_EDGE('',*,*,#3645,.T.);
#3903 = ORIENTED_EDGE('',*,*,#3904,.T.);
#3904 = EDGE_CURVE('',#3646,#3763,#3905,.T.);
#3905 = LINE('',#3906,#3907);
#3906 = CARTESIAN_POINT('',(-0.745,-0.6,0.45));
#3907 = VECTOR('',#3908,1.);
#3908 = DIRECTION('',(0.,1.,0.));
#3909 = PLANE('',#3910);
#3910 = AXIS2_PLACEMENT_3D('',#3911,#3912,#3913);
#3911 = CARTESIAN_POINT('',(-1.,-0.6,0.45));
#3912 = DIRECTION('',(0.,0.,1.));
#3913 = DIRECTION('',(1.,0.,-0.));
#3914 = ADVANCED_FACE('',(#3915),#3926,.T.);
#3915 = FACE_BOUND('',#3916,.T.);
#3916 = EDGE_LOOP('',(#3917,#3923,#3924,#3925));
#3917 = ORIENTED_EDGE('',*,*,#3918,.T.);
#3918 = EDGE_CURVE('',#3654,#3771,#3919,.T.);
#3919 = LINE('',#3920,#3921);
#3920 = CARTESIAN_POINT('',(-0.7,-0.6,0.405));
#3921 = VECTOR('',#3922,1.);
#3922 = DIRECTION('',(0.,1.,0.));
#3923 = ORIENTED_EDGE('',*,*,#3770,.T.);
#3924 = ORIENTED_EDGE('',*,*,#3904,.F.);
#3925 = ORIENTED_EDGE('',*,*,#3653,.F.);
#3926 = CYLINDRICAL_SURFACE('',#3927,4.5E-02);
#3927 = AXIS2_PLACEMENT_3D('',#3928,#3929,#3930);
#3928 = CARTESIAN_POINT('',(-0.745,-0.6,0.405));
#3929 = DIRECTION('',(0.,1.,0.));
#3930 = DIRECTION('',(1.,0.,0.));
#3931 = ADVANCED_FACE('',(#3932),#3975,.T.);
#3932 = FACE_BOUND('',#3933,.T.);
#3933 = EDGE_LOOP('',(#3934,#3935,#3936,#3937,#3945,#3953,#3961,#3969));
#3934 = ORIENTED_EDGE('',*,*,#3795,.F.);
#3935 = ORIENTED_EDGE('',*,*,#3787,.T.);
#3936 = ORIENTED_EDGE('',*,*,#3779,.T.);
#3937 = ORIENTED_EDGE('',*,*,#3938,.T.);
#3938 = EDGE_CURVE('',#3771,#3939,#3941,.T.);
#3939 = VERTEX_POINT('',#3940);
#3940 = CARTESIAN_POINT('',(0.7,0.6,0.405));
#3941 = LINE('',#3942,#3943);
#3942 = CARTESIAN_POINT('',(-0.7,0.6,0.405));
#3943 = VECTOR('',#3944,1.);
#3944 = DIRECTION('',(1.,0.,0.));
#3945 = ORIENTED_EDGE('',*,*,#3946,.T.);
#3946 = EDGE_CURVE('',#3939,#3947,#3949,.T.);
#3947 = VERTEX_POINT('',#3948);
#3948 = CARTESIAN_POINT('',(0.955,0.6,0.405));
#3949 = LINE('',#3950,#3951);
#3950 = CARTESIAN_POINT('',(-0.955,0.6,0.405));
#3951 = VECTOR('',#3952,1.);
#3952 = DIRECTION('',(1.,0.,0.));
#3953 = ORIENTED_EDGE('',*,*,#3954,.F.);
#3954 = EDGE_CURVE('',#3955,#3947,#3957,.T.);
#3955 = VERTEX_POINT('',#3956);
#3956 = CARTESIAN_POINT('',(0.955,0.6,4.5E-02));
#3957 = LINE('',#3958,#3959);
#3958 = CARTESIAN_POINT('',(0.955,0.6,4.5E-02));
#3959 = VECTOR('',#3960,1.);
#3960 = DIRECTION('',(0.,0.,1.));
#3961 = ORIENTED_EDGE('',*,*,#3962,.F.);
#3962 = EDGE_CURVE('',#3963,#3955,#3965,.T.);
#3963 = VERTEX_POINT('',#3964);
#3964 = CARTESIAN_POINT('',(0.7,0.6,4.5E-02));
#3965 = LINE('',#3966,#3967);
#3966 = CARTESIAN_POINT('',(-0.955,0.6,4.5E-02));
#3967 = VECTOR('',#3968,1.);
#3968 = DIRECTION('',(1.,0.,0.));
#3969 = ORIENTED_EDGE('',*,*,#3970,.F.);
#3970 = EDGE_CURVE('',#3796,#3963,#3971,.T.);
#3971 = LINE('',#3972,#3973);
#3972 = CARTESIAN_POINT('',(-0.955,0.6,4.5E-02));
#3973 = VECTOR('',#3974,1.);
#3974 = DIRECTION('',(1.,0.,0.));
#3975 = PLANE('',#3976);
#3976 = AXIS2_PLACEMENT_3D('',#3977,#3978,#3979);
#3977 = CARTESIAN_POINT('',(-0.955,0.6,4.5E-02));
#3978 = DIRECTION('',(0.,1.,0.));
#3979 = DIRECTION('',(0.,-0.,1.));
#3980 = ADVANCED_FACE('',(#3981),#3992,.F.);
#3981 = FACE_BOUND('',#3982,.F.);
#3982 = EDGE_LOOP('',(#3983,#3984,#3985,#3991));
#3983 = ORIENTED_EDGE('',*,*,#3838,.F.);
#3984 = ORIENTED_EDGE('',*,*,#3887,.T.);
#3985 = ORIENTED_EDGE('',*,*,#3986,.T.);
#3986 = EDGE_CURVE('',#3880,#3963,#3987,.T.);
#3987 = LINE('',#3988,#3989);
#3988 = CARTESIAN_POINT('',(0.7,-0.6,4.5E-02));
#3989 = VECTOR('',#3990,1.);
#3990 = DIRECTION('',(0.,1.,0.));
#3991 = ORIENTED_EDGE('',*,*,#3970,.F.);
#3992 = PLANE('',#3993);
#3993 = AXIS2_PLACEMENT_3D('',#3994,#3995,#3996);
#3994 = CARTESIAN_POINT('',(-0.955,-0.6,4.5E-02));
#3995 = DIRECTION('',(0.,0.,1.));
#3996 = DIRECTION('',(1.,0.,-0.));
#3997 = ADVANCED_FACE('',(#3998),#4061,.F.);
#3998 = FACE_BOUND('',#3999,.F.);
#3999 = EDGE_LOOP('',(#4000,#4010,#4017,#4018,#4019,#4020,#4029,#4037,
    #4046,#4054));
#4000 = ORIENTED_EDGE('',*,*,#4001,.F.);
#4001 = EDGE_CURVE('',#4002,#4004,#4006,.T.);
#4002 = VERTEX_POINT('',#4003);
#4003 = CARTESIAN_POINT('',(0.745,-0.6,-2.775557561563E-17));
#4004 = VERTEX_POINT('',#4005);
#4005 = CARTESIAN_POINT('',(0.955,-0.6,-2.775557561563E-17));
#4006 = LINE('',#4007,#4008);
#4007 = CARTESIAN_POINT('',(0.7,-0.6,0.));
#4008 = VECTOR('',#4009,1.);
#4009 = DIRECTION('',(1.,0.,0.));
#4010 = ORIENTED_EDGE('',*,*,#4011,.F.);
#4011 = EDGE_CURVE('',#3880,#4002,#4012,.T.);
#4012 = CIRCLE('',#4013,4.5E-02);
#4013 = AXIS2_PLACEMENT_3D('',#4014,#4015,#4016);
#4014 = CARTESIAN_POINT('',(0.745,-0.6,4.5E-02));
#4015 = DIRECTION('',(0.,-1.,0.));
#4016 = DIRECTION('',(0.,0.,1.));
#4017 = ORIENTED_EDGE('',*,*,#3879,.T.);
#4018 = ORIENTED_EDGE('',*,*,#3871,.T.);
#4019 = ORIENTED_EDGE('',*,*,#3863,.F.);
#4020 = ORIENTED_EDGE('',*,*,#4021,.T.);
#4021 = EDGE_CURVE('',#3856,#4022,#4024,.T.);
#4022 = VERTEX_POINT('',#4023);
#4023 = CARTESIAN_POINT('',(0.745,-0.6,0.45));
#4024 = CIRCLE('',#4025,4.5E-02);
#4025 = AXIS2_PLACEMENT_3D('',#4026,#4027,#4028);
#4026 = CARTESIAN_POINT('',(0.745,-0.6,0.405));
#4027 = DIRECTION('',(0.,1.,0.));
#4028 = DIRECTION('',(0.,-0.,1.));
#4029 = ORIENTED_EDGE('',*,*,#4030,.T.);
#4030 = EDGE_CURVE('',#4022,#4031,#4033,.T.);
#4031 = VERTEX_POINT('',#4032);
#4032 = CARTESIAN_POINT('',(0.955,-0.6,0.45));
#4033 = LINE('',#4034,#4035);
#4034 = CARTESIAN_POINT('',(0.7,-0.6,0.45));
#4035 = VECTOR('',#4036,1.);
#4036 = DIRECTION('',(1.,0.,0.));
#4037 = ORIENTED_EDGE('',*,*,#4038,.F.);
#4038 = EDGE_CURVE('',#4039,#4031,#4041,.T.);
#4039 = VERTEX_POINT('',#4040);
#4040 = CARTESIAN_POINT('',(1.,-0.6,0.405));
#4041 = CIRCLE('',#4042,4.5E-02);
#4042 = AXIS2_PLACEMENT_3D('',#4043,#4044,#4045);
#4043 = CARTESIAN_POINT('',(0.955,-0.6,0.405));
#4044 = DIRECTION('',(0.,-1.,0.));
#4045 = DIRECTION('',(0.,0.,1.));
#4046 = ORIENTED_EDGE('',*,*,#4047,.F.);
#4047 = EDGE_CURVE('',#4048,#4039,#4050,.T.);
#4048 = VERTEX_POINT('',#4049);
#4049 = CARTESIAN_POINT('',(1.,-0.6,4.5E-02));
#4050 = LINE('',#4051,#4052);
#4051 = CARTESIAN_POINT('',(1.,-0.6,0.));
#4052 = VECTOR('',#4053,1.);
#4053 = DIRECTION('',(0.,0.,1.));
#4054 = ORIENTED_EDGE('',*,*,#4055,.T.);
#4055 = EDGE_CURVE('',#4048,#4004,#4056,.T.);
#4056 = CIRCLE('',#4057,4.5E-02);
#4057 = AXIS2_PLACEMENT_3D('',#4058,#4059,#4060);
#4058 = CARTESIAN_POINT('',(0.955,-0.6,4.5E-02));
#4059 = DIRECTION('',(0.,1.,0.));
#4060 = DIRECTION('',(0.,-0.,1.));
#4061 = PLANE('',#4062);
#4062 = AXIS2_PLACEMENT_3D('',#4063,#4064,#4065);
#4063 = CARTESIAN_POINT('',(0.7,-0.6,0.));
#4064 = DIRECTION('',(0.,1.,0.));
#4065 = DIRECTION('',(0.,-0.,1.));
#4066 = ADVANCED_FACE('',(#4067),#4092,.F.);
#4067 = FACE_BOUND('',#4068,.F.);
#4068 = EDGE_LOOP('',(#4069,#4070,#4078,#4086));
#4069 = ORIENTED_EDGE('',*,*,#3855,.F.);
#4070 = ORIENTED_EDGE('',*,*,#4071,.T.);
#4071 = EDGE_CURVE('',#3654,#4072,#4074,.T.);
#4072 = VERTEX_POINT('',#4073);
#4073 = CARTESIAN_POINT('',(-0.7,-0.6,0.45));
#4074 = LINE('',#4075,#4076);
#4075 = CARTESIAN_POINT('',(-0.7,-0.6,0.405));
#4076 = VECTOR('',#4077,1.);
#4077 = DIRECTION('',(0.,0.,1.));
#4078 = ORIENTED_EDGE('',*,*,#4079,.T.);
#4079 = EDGE_CURVE('',#4072,#4080,#4082,.T.);
#4080 = VERTEX_POINT('',#4081);
#4081 = CARTESIAN_POINT('',(0.7,-0.6,0.45));
#4082 = LINE('',#4083,#4084);
#4083 = CARTESIAN_POINT('',(-0.7,-0.6,0.45));
#4084 = VECTOR('',#4085,1.);
#4085 = DIRECTION('',(1.,0.,0.));
#4086 = ORIENTED_EDGE('',*,*,#4087,.F.);
#4087 = EDGE_CURVE('',#3856,#4080,#4088,.T.);
#4088 = LINE('',#4089,#4090);
#4089 = CARTESIAN_POINT('',(0.7,-0.6,0.405));
#4090 = VECTOR('',#4091,1.);
#4091 = DIRECTION('',(0.,0.,1.));
#4092 = PLANE('',#4093);
#4093 = AXIS2_PLACEMENT_3D('',#4094,#4095,#4096);
#4094 = CARTESIAN_POINT('',(-0.7,-0.6,0.405));
#4095 = DIRECTION('',(0.,1.,0.));
#4096 = DIRECTION('',(0.,-0.,1.));
#4097 = ADVANCED_FACE('',(#4098),#4116,.F.);
#4098 = FACE_BOUND('',#4099,.F.);
#4099 = EDGE_LOOP('',(#4100,#4101,#4102,#4110));
#4100 = ORIENTED_EDGE('',*,*,#4071,.F.);
#4101 = ORIENTED_EDGE('',*,*,#3918,.T.);
#4102 = ORIENTED_EDGE('',*,*,#4103,.T.);
#4103 = EDGE_CURVE('',#3771,#4104,#4106,.T.);
#4104 = VERTEX_POINT('',#4105);
#4105 = CARTESIAN_POINT('',(-0.7,0.6,0.45));
#4106 = LINE('',#4107,#4108);
#4107 = CARTESIAN_POINT('',(-0.7,0.6,0.405));
#4108 = VECTOR('',#4109,1.);
#4109 = DIRECTION('',(0.,0.,1.));
#4110 = ORIENTED_EDGE('',*,*,#4111,.F.);
#4111 = EDGE_CURVE('',#4072,#4104,#4112,.T.);
#4112 = LINE('',#4113,#4114);
#4113 = CARTESIAN_POINT('',(-0.7,-0.6,0.45));
#4114 = VECTOR('',#4115,1.);
#4115 = DIRECTION('',(0.,1.,0.));
#4116 = PLANE('',#4117);
#4117 = AXIS2_PLACEMENT_3D('',#4118,#4119,#4120);
#4118 = CARTESIAN_POINT('',(-0.7,-0.6,0.405));
#4119 = DIRECTION('',(1.,0.,0.));
#4120 = DIRECTION('',(0.,0.,1.));
#4121 = ADVANCED_FACE('',(#4122),#4185,.T.);
#4122 = FACE_BOUND('',#4123,.T.);
#4123 = EDGE_LOOP('',(#4124,#4134,#4141,#4142,#4143,#4144,#4153,#4161,
    #4170,#4178));
#4124 = ORIENTED_EDGE('',*,*,#4125,.F.);
#4125 = EDGE_CURVE('',#4126,#4128,#4130,.T.);
#4126 = VERTEX_POINT('',#4127);
#4127 = CARTESIAN_POINT('',(0.745,0.6,-2.775557561563E-17));
#4128 = VERTEX_POINT('',#4129);
#4129 = CARTESIAN_POINT('',(0.955,0.6,-2.775557561563E-17));
#4130 = LINE('',#4131,#4132);
#4131 = CARTESIAN_POINT('',(0.7,0.6,0.));
#4132 = VECTOR('',#4133,1.);
#4133 = DIRECTION('',(1.,0.,0.));
#4134 = ORIENTED_EDGE('',*,*,#4135,.F.);
#4135 = EDGE_CURVE('',#3963,#4126,#4136,.T.);
#4136 = CIRCLE('',#4137,4.5E-02);
#4137 = AXIS2_PLACEMENT_3D('',#4138,#4139,#4140);
#4138 = CARTESIAN_POINT('',(0.745,0.6,4.5E-02));
#4139 = DIRECTION('',(0.,-1.,0.));
#4140 = DIRECTION('',(0.,0.,1.));
#4141 = ORIENTED_EDGE('',*,*,#3962,.T.);
#4142 = ORIENTED_EDGE('',*,*,#3954,.T.);
#4143 = ORIENTED_EDGE('',*,*,#3946,.F.);
#4144 = ORIENTED_EDGE('',*,*,#4145,.T.);
#4145 = EDGE_CURVE('',#3939,#4146,#4148,.T.);
#4146 = VERTEX_POINT('',#4147);
#4147 = CARTESIAN_POINT('',(0.745,0.6,0.45));
#4148 = CIRCLE('',#4149,4.5E-02);
#4149 = AXIS2_PLACEMENT_3D('',#4150,#4151,#4152);
#4150 = CARTESIAN_POINT('',(0.745,0.6,0.405));
#4151 = DIRECTION('',(0.,1.,0.));
#4152 = DIRECTION('',(0.,-0.,1.));
#4153 = ORIENTED_EDGE('',*,*,#4154,.T.);
#4154 = EDGE_CURVE('',#4146,#4155,#4157,.T.);
#4155 = VERTEX_POINT('',#4156);
#4156 = CARTESIAN_POINT('',(0.955,0.6,0.45));
#4157 = LINE('',#4158,#4159);
#4158 = CARTESIAN_POINT('',(0.7,0.6,0.45));
#4159 = VECTOR('',#4160,1.);
#4160 = DIRECTION('',(1.,0.,0.));
#4161 = ORIENTED_EDGE('',*,*,#4162,.F.);
#4162 = EDGE_CURVE('',#4163,#4155,#4165,.T.);
#4163 = VERTEX_POINT('',#4164);
#4164 = CARTESIAN_POINT('',(1.,0.6,0.405));
#4165 = CIRCLE('',#4166,4.5E-02);
#4166 = AXIS2_PLACEMENT_3D('',#4167,#4168,#4169);
#4167 = CARTESIAN_POINT('',(0.955,0.6,0.405));
#4168 = DIRECTION('',(0.,-1.,0.));
#4169 = DIRECTION('',(0.,0.,1.));
#4170 = ORIENTED_EDGE('',*,*,#4171,.F.);
#4171 = EDGE_CURVE('',#4172,#4163,#4174,.T.);
#4172 = VERTEX_POINT('',#4173);
#4173 = CARTESIAN_POINT('',(1.,0.6,4.5E-02));
#4174 = LINE('',#4175,#4176);
#4175 = CARTESIAN_POINT('',(1.,0.6,0.));
#4176 = VECTOR('',#4177,1.);
#4177 = DIRECTION('',(0.,0.,1.));
#4178 = ORIENTED_EDGE('',*,*,#4179,.T.);
#4179 = EDGE_CURVE('',#4172,#4128,#4180,.T.);
#4180 = CIRCLE('',#4181,4.5E-02);
#4181 = AXIS2_PLACEMENT_3D('',#4182,#4183,#4184);
#4182 = CARTESIAN_POINT('',(0.955,0.6,4.5E-02));
#4183 = DIRECTION('',(0.,1.,0.));
#4184 = DIRECTION('',(0.,-0.,1.));
#4185 = PLANE('',#4186);
#4186 = AXIS2_PLACEMENT_3D('',#4187,#4188,#4189);
#4187 = CARTESIAN_POINT('',(0.7,0.6,0.));
#4188 = DIRECTION('',(0.,1.,0.));
#4189 = DIRECTION('',(0.,-0.,1.));
#4190 = ADVANCED_FACE('',(#4191),#4209,.T.);
#4191 = FACE_BOUND('',#4192,.T.);
#4192 = EDGE_LOOP('',(#4193,#4194,#4195,#4203));
#4193 = ORIENTED_EDGE('',*,*,#3938,.F.);
#4194 = ORIENTED_EDGE('',*,*,#4103,.T.);
#4195 = ORIENTED_EDGE('',*,*,#4196,.T.);
#4196 = EDGE_CURVE('',#4104,#4197,#4199,.T.);
#4197 = VERTEX_POINT('',#4198);
#4198 = CARTESIAN_POINT('',(0.7,0.6,0.45));
#4199 = LINE('',#4200,#4201);
#4200 = CARTESIAN_POINT('',(-0.7,0.6,0.45));
#4201 = VECTOR('',#4202,1.);
#4202 = DIRECTION('',(1.,0.,0.));
#4203 = ORIENTED_EDGE('',*,*,#4204,.F.);
#4204 = EDGE_CURVE('',#3939,#4197,#4205,.T.);
#4205 = LINE('',#4206,#4207);
#4206 = CARTESIAN_POINT('',(0.7,0.6,0.405));
#4207 = VECTOR('',#4208,1.);
#4208 = DIRECTION('',(0.,0.,1.));
#4209 = PLANE('',#4210);
#4210 = AXIS2_PLACEMENT_3D('',#4211,#4212,#4213);
#4211 = CARTESIAN_POINT('',(-0.7,0.6,0.405));
#4212 = DIRECTION('',(0.,1.,0.));
#4213 = DIRECTION('',(0.,-0.,1.));
#4214 = ADVANCED_FACE('',(#4215),#4226,.T.);
#4215 = FACE_BOUND('',#4216,.T.);
#4216 = EDGE_LOOP('',(#4217,#4218,#4219,#4225));
#4217 = ORIENTED_EDGE('',*,*,#3986,.T.);
#4218 = ORIENTED_EDGE('',*,*,#4135,.T.);
#4219 = ORIENTED_EDGE('',*,*,#4220,.F.);
#4220 = EDGE_CURVE('',#4002,#4126,#4221,.T.);
#4221 = LINE('',#4222,#4223);
#4222 = CARTESIAN_POINT('',(0.745,-0.6,-2.775557561563E-17));
#4223 = VECTOR('',#4224,1.);
#4224 = DIRECTION('',(0.,1.,0.));
#4225 = ORIENTED_EDGE('',*,*,#4011,.F.);
#4226 = CYLINDRICAL_SURFACE('',#4227,4.5E-02);
#4227 = AXIS2_PLACEMENT_3D('',#4228,#4229,#4230);
#4228 = CARTESIAN_POINT('',(0.745,-0.6,4.5E-02));
#4229 = DIRECTION('',(0.,1.,0.));
#4230 = DIRECTION('',(-1.,0.,0.));
#4231 = ADVANCED_FACE('',(#4232),#4243,.F.);
#4232 = FACE_BOUND('',#4233,.F.);
#4233 = EDGE_LOOP('',(#4234,#4235,#4236,#4237));
#4234 = ORIENTED_EDGE('',*,*,#4125,.F.);
#4235 = ORIENTED_EDGE('',*,*,#4220,.F.);
#4236 = ORIENTED_EDGE('',*,*,#4001,.T.);
#4237 = ORIENTED_EDGE('',*,*,#4238,.T.);
#4238 = EDGE_CURVE('',#4004,#4128,#4239,.T.);
#4239 = LINE('',#4240,#4241);
#4240 = CARTESIAN_POINT('',(0.955,-0.6,-2.775557561563E-17));
#4241 = VECTOR('',#4242,1.);
#4242 = DIRECTION('',(0.,1.,0.));
#4243 = PLANE('',#4244);
#4244 = AXIS2_PLACEMENT_3D('',#4245,#4246,#4247);
#4245 = CARTESIAN_POINT('',(0.7,-0.6,0.));
#4246 = DIRECTION('',(0.,0.,1.));
#4247 = DIRECTION('',(1.,0.,-0.));
#4248 = ADVANCED_FACE('',(#4249),#4260,.T.);
#4249 = FACE_BOUND('',#4250,.T.);
#4250 = EDGE_LOOP('',(#4251,#4252,#4253,#4254));
#4251 = ORIENTED_EDGE('',*,*,#4055,.T.);
#4252 = ORIENTED_EDGE('',*,*,#4238,.T.);
#4253 = ORIENTED_EDGE('',*,*,#4179,.F.);
#4254 = ORIENTED_EDGE('',*,*,#4255,.F.);
#4255 = EDGE_CURVE('',#4048,#4172,#4256,.T.);
#4256 = LINE('',#4257,#4258);
#4257 = CARTESIAN_POINT('',(1.,-0.6,4.5E-02));
#4258 = VECTOR('',#4259,1.);
#4259 = DIRECTION('',(0.,1.,0.));
#4260 = CYLINDRICAL_SURFACE('',#4261,4.5E-02);
#4261 = AXIS2_PLACEMENT_3D('',#4262,#4263,#4264);
#4262 = CARTESIAN_POINT('',(0.955,-0.6,4.5E-02));
#4263 = DIRECTION('',(0.,1.,0.));
#4264 = DIRECTION('',(1.,0.,0.));
#4265 = ADVANCED_FACE('',(#4266),#4277,.T.);
#4266 = FACE_BOUND('',#4267,.T.);
#4267 = EDGE_LOOP('',(#4268,#4269,#4270,#4271));
#4268 = ORIENTED_EDGE('',*,*,#4047,.F.);
#4269 = ORIENTED_EDGE('',*,*,#4255,.T.);
#4270 = ORIENTED_EDGE('',*,*,#4171,.T.);
#4271 = ORIENTED_EDGE('',*,*,#4272,.F.);
#4272 = EDGE_CURVE('',#4039,#4163,#4273,.T.);
#4273 = LINE('',#4274,#4275);
#4274 = CARTESIAN_POINT('',(1.,-0.6,0.405));
#4275 = VECTOR('',#4276,1.);
#4276 = DIRECTION('',(0.,1.,0.));
#4277 = PLANE('',#4278);
#4278 = AXIS2_PLACEMENT_3D('',#4279,#4280,#4281);
#4279 = CARTESIAN_POINT('',(1.,-0.6,0.));
#4280 = DIRECTION('',(1.,0.,0.));
#4281 = DIRECTION('',(0.,0.,1.));
#4282 = ADVANCED_FACE('',(#4283),#4294,.T.);
#4283 = FACE_BOUND('',#4284,.T.);
#4284 = EDGE_LOOP('',(#4285,#4286,#4287,#4293));
#4285 = ORIENTED_EDGE('',*,*,#4272,.T.);
#4286 = ORIENTED_EDGE('',*,*,#4162,.T.);
#4287 = ORIENTED_EDGE('',*,*,#4288,.F.);
#4288 = EDGE_CURVE('',#4031,#4155,#4289,.T.);
#4289 = LINE('',#4290,#4291);
#4290 = CARTESIAN_POINT('',(0.955,-0.6,0.45));
#4291 = VECTOR('',#4292,1.);
#4292 = DIRECTION('',(0.,1.,0.));
#4293 = ORIENTED_EDGE('',*,*,#4038,.F.);
#4294 = CYLINDRICAL_SURFACE('',#4295,4.5E-02);
#4295 = AXIS2_PLACEMENT_3D('',#4296,#4297,#4298);
#4296 = CARTESIAN_POINT('',(0.955,-0.6,0.405));
#4297 = DIRECTION('',(0.,1.,0.));
#4298 = DIRECTION('',(1.,0.,0.));
#4299 = ADVANCED_FACE('',(#4300),#4311,.T.);
#4300 = FACE_BOUND('',#4301,.T.);
#4301 = EDGE_LOOP('',(#4302,#4303,#4309,#4310));
#4302 = ORIENTED_EDGE('',*,*,#4154,.F.);
#4303 = ORIENTED_EDGE('',*,*,#4304,.F.);
#4304 = EDGE_CURVE('',#4022,#4146,#4305,.T.);
#4305 = LINE('',#4306,#4307);
#4306 = CARTESIAN_POINT('',(0.745,-0.6,0.45));
#4307 = VECTOR('',#4308,1.);
#4308 = DIRECTION('',(0.,1.,0.));
#4309 = ORIENTED_EDGE('',*,*,#4030,.T.);
#4310 = ORIENTED_EDGE('',*,*,#4288,.T.);
#4311 = PLANE('',#4312);
#4312 = AXIS2_PLACEMENT_3D('',#4313,#4314,#4315);
#4313 = CARTESIAN_POINT('',(0.7,-0.6,0.45));
#4314 = DIRECTION('',(0.,0.,1.));
#4315 = DIRECTION('',(1.,0.,-0.));
#4316 = ADVANCED_FACE('',(#4317),#4328,.T.);
#4317 = FACE_BOUND('',#4318,.T.);
#4318 = EDGE_LOOP('',(#4319,#4320,#4321,#4322));
#4319 = ORIENTED_EDGE('',*,*,#4021,.T.);
#4320 = ORIENTED_EDGE('',*,*,#4304,.T.);
#4321 = ORIENTED_EDGE('',*,*,#4145,.F.);
#4322 = ORIENTED_EDGE('',*,*,#4323,.F.);
#4323 = EDGE_CURVE('',#3856,#3939,#4324,.T.);
#4324 = LINE('',#4325,#4326);
#4325 = CARTESIAN_POINT('',(0.7,-0.6,0.405));
#4326 = VECTOR('',#4327,1.);
#4327 = DIRECTION('',(0.,1.,0.));
#4328 = CYLINDRICAL_SURFACE('',#4329,4.5E-02);
#4329 = AXIS2_PLACEMENT_3D('',#4330,#4331,#4332);
#4330 = CARTESIAN_POINT('',(0.745,-0.6,0.405));
#4331 = DIRECTION('',(0.,1.,0.));
#4332 = DIRECTION('',(-1.,0.,0.));
#4333 = ADVANCED_FACE('',(#4334),#4345,.T.);
#4334 = FACE_BOUND('',#4335,.T.);
#4335 = EDGE_LOOP('',(#4336,#4337,#4338,#4339));
#4336 = ORIENTED_EDGE('',*,*,#4087,.F.);
#4337 = ORIENTED_EDGE('',*,*,#4323,.T.);
#4338 = ORIENTED_EDGE('',*,*,#4204,.T.);
#4339 = ORIENTED_EDGE('',*,*,#4340,.F.);
#4340 = EDGE_CURVE('',#4080,#4197,#4341,.T.);
#4341 = LINE('',#4342,#4343);
#4342 = CARTESIAN_POINT('',(0.7,-0.6,0.45));
#4343 = VECTOR('',#4344,1.);
#4344 = DIRECTION('',(0.,1.,0.));
#4345 = PLANE('',#4346);
#4346 = AXIS2_PLACEMENT_3D('',#4347,#4348,#4349);
#4347 = CARTESIAN_POINT('',(0.7,-0.6,0.405));
#4348 = DIRECTION('',(1.,0.,0.));
#4349 = DIRECTION('',(0.,0.,1.));
#4350 = ADVANCED_FACE('',(#4351),#4357,.T.);
#4351 = FACE_BOUND('',#4352,.T.);
#4352 = EDGE_LOOP('',(#4353,#4354,#4355,#4356));
#4353 = ORIENTED_EDGE('',*,*,#4111,.F.);
#4354 = ORIENTED_EDGE('',*,*,#4079,.T.);
#4355 = ORIENTED_EDGE('',*,*,#4340,.T.);
#4356 = ORIENTED_EDGE('',*,*,#4196,.F.);
#4357 = PLANE('',#4358);
#4358 = AXIS2_PLACEMENT_3D('',#4359,#4360,#4361);
#4359 = CARTESIAN_POINT('',(-0.7,-0.6,0.45));
#4360 = DIRECTION('',(0.,0.,1.));
#4361 = DIRECTION('',(1.,0.,-0.));
#4362 = ( GEOMETRIC_REPRESENTATION_CONTEXT(3) 
GLOBAL_UNCERTAINTY_ASSIGNED_CONTEXT((#4366)) 
GLOBAL_UNIT_ASSIGNED_CONTEXT((#4363,#4364,#4365)) REPRESENTATION_CONTEXT
('Context #1','3D Context with UNIT and UNCERTAINTY') );
#4363 = ( LENGTH_UNIT() NAMED_UNIT(*) SI_UNIT(.MILLI.,.METRE.) );
#4364 = ( NAMED_UNIT(*) PLANE_ANGLE_UNIT() SI_UNIT($,.RADIAN.) );
#4365 = ( NAMED_UNIT(*) SI_UNIT($,.STERADIAN.) SOLID_ANGLE_UNIT() );
#4366 = UNCERTAINTY_MEASURE_WITH_UNIT(LENGTH_MEASURE(1.E-07),#4363,
  'distance_accuracy_value','confusion accuracy');
#4367 = CONTEXT_DEPENDENT_SHAPE_REPRESENTATION(#4368,#4370);
#4368 = ( REPRESENTATION_RELATIONSHIP('','',#3571,#10) 
REPRESENTATION_RELATIONSHIP_WITH_TRANSFORMATION(#4369) 
SHAPE_REPRESENTATION_RELATIONSHIP() );
#4369 = ITEM_DEFINED_TRANSFORMATION('','',#11,#39);
#4370 = PRODUCT_DEFINITION_SHAPE('Placement','Placement of an item',
  #4371);
#4371 = NEXT_ASSEMBLY_USAGE_OCCURRENCE('7','R3','',#5,#3566,$);
#4372 = PRODUCT_RELATED_PRODUCT_CATEGORY('part',$,(#3568));
#4373 = CONTEXT_DEPENDENT_SHAPE_REPRESENTATION(#4374,#4376);
#4374 = ( REPRESENTATION_RELATIONSHIP('','',#3571,#10) 
REPRESENTATION_RELATIONSHIP_WITH_TRANSFORMATION(#4375) 
SHAPE_REPRESENTATION_RELATIONSHIP() );
#4375 = ITEM_DEFINED_TRANSFORMATION('','',#11,#43);
#4376 = PRODUCT_DEFINITION_SHAPE('Placement','Placement of an item',
  #4377);
#4377 = NEXT_ASSEMBLY_USAGE_OCCURRENCE('8','R2','',#5,#3566,$);
#4378 = SHAPE_DEFINITION_REPRESENTATION(#4379,#4385);
#4379 = PRODUCT_DEFINITION_SHAPE('','',#4380);
#4380 = PRODUCT_DEFINITION('design','',#4381,#4384);
#4381 = PRODUCT_DEFINITION_FORMATION('','',#4382);
#4382 = PRODUCT('DIP-8_W7.62mm','DIP-8_W7.62mm','',(#4383));
#4383 = PRODUCT_CONTEXT('',#2,'mechanical');
#4384 = PRODUCT_DEFINITION_CONTEXT('part definition',#2,'design');
#4385 = ADVANCED_BREP_SHAPE_REPRESENTATION('',(#11,#4386),#9158);
#4386 = MANIFOLD_SOLID_BREP('',#4387);
#4387 = CLOSED_SHELL('',(#4388,#4428,#4521,#4544,#4631,#4648,#4678,#4708
    ,#4739,#4770,#4801,#4832,#4863,#4894,#4925,#4948,#4972,#5002,#5033,
    #5064,#5095,#5126,#5157,#5188,#5219,#5236,#5266,#5324,#5382,#5412,
    #5470,#5487,#5512,#5562,#5593,#5651,#5709,#5740,#5798,#5815,#5840,
    #5890,#5921,#5944,#5968,#6026,#6084,#6114,#6172,#6189,#6247,#6264,
    #6295,#6353,#6411,#6442,#6500,#6517,#6575,#6592,#6623,#6640,#6697,
    #6716,#6765,#6789,#6836,#6848,#6867,#6884,#6933,#6957,#6999,#7016,
    #7033,#7052,#7117,#7141,#7204,#7216,#7281,#7305,#7368,#7385,#7399,
    #7416,#7433,#7782,#7833,#7852,#7901,#7925,#7972,#7984,#8038,#8062,
    #8104,#8123,#8135,#8152,#8169,#8188,#8205,#8270,#8294,#8352,#8374,
    #8439,#8463,#8521,#8535,#8552,#8569,#8586,#8615,#8632,#8649,#8661,
    #8678,#8695,#8707,#8724,#8741,#8758,#8775,#8787,#8804,#8821,#8838,
    #8855,#8867,#8895,#8906,#8923,#8940,#8952,#8969,#8986,#8998,#9015,
    #9032,#9049,#9066,#9078,#9095,#9112,#9129,#9146));
#4388 = ADVANCED_FACE('',(#4389),#4423,.T.);
#4389 = FACE_BOUND('',#4390,.F.);
#4390 = EDGE_LOOP('',(#4391,#4401,#4409,#4417));
#4391 = ORIENTED_EDGE('',*,*,#4392,.T.);
#4392 = EDGE_CURVE('',#4393,#4395,#4397,.T.);
#4393 = VERTEX_POINT('',#4394);
#4394 = CARTESIAN_POINT('',(6.661276356577,-8.121276356577,0.38));
#4395 = VERTEX_POINT('',#4396);
#4396 = CARTESIAN_POINT('',(6.661276356577,0.501276356577,0.38));
#4397 = LINE('',#4398,#4399);
#4398 = CARTESIAN_POINT('',(6.661276356577,-8.121276356577,0.38));
#4399 = VECTOR('',#4400,1.);
#4400 = DIRECTION('',(-4.440892098501E-16,1.,0.));
#4401 = ORIENTED_EDGE('',*,*,#4402,.T.);
#4402 = EDGE_CURVE('',#4395,#4403,#4405,.T.);
#4403 = VERTEX_POINT('',#4404);
#4404 = CARTESIAN_POINT('',(0.958723643423,0.501276356577,0.38));
#4405 = LINE('',#4406,#4407);
#4406 = CARTESIAN_POINT('',(6.661276356577,0.501276356577,0.38));
#4407 = VECTOR('',#4408,1.);
#4408 = DIRECTION('',(-1.,-4.440892098501E-16,0.));
#4409 = ORIENTED_EDGE('',*,*,#4410,.T.);
#4410 = EDGE_CURVE('',#4403,#4411,#4413,.T.);
#4411 = VERTEX_POINT('',#4412);
#4412 = CARTESIAN_POINT('',(0.958723643423,-8.121276356577,0.38));
#4413 = LINE('',#4414,#4415);
#4414 = CARTESIAN_POINT('',(0.958723643423,0.501276356577,0.38));
#4415 = VECTOR('',#4416,1.);
#4416 = DIRECTION('',(4.440892098501E-16,-1.,0.));
#4417 = ORIENTED_EDGE('',*,*,#4418,.T.);
#4418 = EDGE_CURVE('',#4411,#4393,#4419,.T.);
#4419 = LINE('',#4420,#4421);
#4420 = CARTESIAN_POINT('',(0.958723643423,-8.121276356577,0.38));
#4421 = VECTOR('',#4422,1.);
#4422 = DIRECTION('',(1.,4.440892098501E-16,0.));
#4423 = PLANE('',#4424);
#4424 = AXIS2_PLACEMENT_3D('',#4425,#4426,#4427);
#4425 = CARTESIAN_POINT('',(6.661276356577,-8.121276356577,0.38));
#4426 = DIRECTION('',(-0.,0.,-1.));
#4427 = DIRECTION('',(-0.551628171486,0.834090139268,0.));
#4428 = ADVANCED_FACE('',(#4429),#4516,.T.);
#4429 = FACE_BOUND('',#4430,.T.);
#4430 = EDGE_LOOP('',(#4431,#4432,#4439,#4447,#4455,#4463,#4471,#4479,
    #4487,#4495,#4503,#4511));
#4431 = ORIENTED_EDGE('',*,*,#4392,.T.);
#4432 = ORIENTED_EDGE('',*,*,#4433,.T.);
#4433 = EDGE_CURVE('',#4395,#4434,#4436,.T.);
#4434 = VERTEX_POINT('',#4435);
#4435 = CARTESIAN_POINT('',(6.985,0.825,1.903));
#4436 = B_SPLINE_CURVE_WITH_KNOTS('',1,(#4437,#4438),.UNSPECIFIED.,.F.,
  .F.,(2,2),(0.,1.),.PIECEWISE_BEZIER_KNOTS.);
#4437 = CARTESIAN_POINT('',(6.661276356577,0.501276356577,0.38));
#4438 = CARTESIAN_POINT('',(6.985,0.825,1.903));
#4439 = ORIENTED_EDGE('',*,*,#4440,.F.);
#4440 = EDGE_CURVE('',#4441,#4434,#4443,.T.);
#4441 = VERTEX_POINT('',#4442);
#4442 = CARTESIAN_POINT('',(6.985,0.2285,1.903));
#4443 = LINE('',#4444,#4445);
#4444 = CARTESIAN_POINT('',(6.985,-8.445,1.903));
#4445 = VECTOR('',#4446,1.);
#4446 = DIRECTION('',(-4.440892098501E-16,1.,0.));
#4447 = ORIENTED_EDGE('',*,*,#4448,.F.);
#4448 = EDGE_CURVE('',#4449,#4441,#4451,.T.);
#4449 = VERTEX_POINT('',#4450);
#4450 = CARTESIAN_POINT('',(6.985,-0.762,1.903));
#4451 = LINE('',#4452,#4453);
#4452 = CARTESIAN_POINT('',(6.985,-8.445,1.903));
#4453 = VECTOR('',#4454,1.);
#4454 = DIRECTION('',(-4.440892098501E-16,1.,0.));
#4455 = ORIENTED_EDGE('',*,*,#4456,.F.);
#4456 = EDGE_CURVE('',#4457,#4449,#4459,.T.);
#4457 = VERTEX_POINT('',#4458);
#4458 = CARTESIAN_POINT('',(6.985,-1.778,1.903));
#4459 = LINE('',#4460,#4461);
#4460 = CARTESIAN_POINT('',(6.985,-8.445,1.903));
#4461 = VECTOR('',#4462,1.);
#4462 = DIRECTION('',(-4.440892098501E-16,1.,0.));
#4463 = ORIENTED_EDGE('',*,*,#4464,.F.);
#4464 = EDGE_CURVE('',#4465,#4457,#4467,.T.);
#4465 = VERTEX_POINT('',#4466);
#4466 = CARTESIAN_POINT('',(6.985,-3.302,1.903));
#4467 = LINE('',#4468,#4469);
#4468 = CARTESIAN_POINT('',(6.985,-8.445,1.903));
#4469 = VECTOR('',#4470,1.);
#4470 = DIRECTION('',(-4.440892098501E-16,1.,0.));
#4471 = ORIENTED_EDGE('',*,*,#4472,.F.);
#4472 = EDGE_CURVE('',#4473,#4465,#4475,.T.);
#4473 = VERTEX_POINT('',#4474);
#4474 = CARTESIAN_POINT('',(6.985,-4.318,1.903));
#4475 = LINE('',#4476,#4477);
#4476 = CARTESIAN_POINT('',(6.985,-8.445,1.903));
#4477 = VECTOR('',#4478,1.);
#4478 = DIRECTION('',(-4.440892098501E-16,1.,0.));
#4479 = ORIENTED_EDGE('',*,*,#4480,.F.);
#4480 = EDGE_CURVE('',#4481,#4473,#4483,.T.);
#4481 = VERTEX_POINT('',#4482);
#4482 = CARTESIAN_POINT('',(6.985,-5.842,1.903));
#4483 = LINE('',#4484,#4485);
#4484 = CARTESIAN_POINT('',(6.985,-8.445,1.903));
#4485 = VECTOR('',#4486,1.);
#4486 = DIRECTION('',(-4.440892098501E-16,1.,0.));
#4487 = ORIENTED_EDGE('',*,*,#4488,.F.);
#4488 = EDGE_CURVE('',#4489,#4481,#4491,.T.);
#4489 = VERTEX_POINT('',#4490);
#4490 = CARTESIAN_POINT('',(6.985,-6.858,1.903));
#4491 = LINE('',#4492,#4493);
#4492 = CARTESIAN_POINT('',(6.985,-8.445,1.903));
#4493 = VECTOR('',#4494,1.);
#4494 = DIRECTION('',(-4.440892098501E-16,1.,0.));
#4495 = ORIENTED_EDGE('',*,*,#4496,.F.);
#4496 = EDGE_CURVE('',#4497,#4489,#4499,.T.);
#4497 = VERTEX_POINT('',#4498);
#4498 = CARTESIAN_POINT('',(6.985,-7.8485,1.903));
#4499 = LINE('',#4500,#4501);
#4500 = CARTESIAN_POINT('',(6.985,-8.445,1.903));
#4501 = VECTOR('',#4502,1.);
#4502 = DIRECTION('',(-4.440892098501E-16,1.,0.));
#4503 = ORIENTED_EDGE('',*,*,#4504,.F.);
#4504 = EDGE_CURVE('',#4505,#4497,#4507,.T.);
#4505 = VERTEX_POINT('',#4506);
#4506 = CARTESIAN_POINT('',(6.985,-8.445,1.903));
#4507 = LINE('',#4508,#4509);
#4508 = CARTESIAN_POINT('',(6.985,-8.445,1.903));
#4509 = VECTOR('',#4510,1.);
#4510 = DIRECTION('',(-4.440892098501E-16,1.,0.));
#4511 = ORIENTED_EDGE('',*,*,#4512,.F.);
#4512 = EDGE_CURVE('',#4393,#4505,#4513,.T.);
#4513 = B_SPLINE_CURVE_WITH_KNOTS('',1,(#4514,#4515),.UNSPECIFIED.,.F.,
  .F.,(2,2),(0.,1.),.PIECEWISE_BEZIER_KNOTS.);
#4514 = CARTESIAN_POINT('',(6.661276356577,-8.121276356577,0.38));
#4515 = CARTESIAN_POINT('',(6.985,-8.445,1.903));
#4516 = B_SPLINE_SURFACE_WITH_KNOTS('',1,1,(
    (#4517,#4518)
    ,(#4519,#4520
    )),.UNSPECIFIED.,.F.,.F.,.F.,(2,2),(2,2),(0.,9.27),(0.,1.),
  .PIECEWISE_BEZIER_KNOTS.);
#4517 = CARTESIAN_POINT('',(6.661276356577,-8.121276356577,0.38));
#4518 = CARTESIAN_POINT('',(6.985,-8.445,1.903));
#4519 = CARTESIAN_POINT('',(6.661276356577,0.501276356577,0.38));
#4520 = CARTESIAN_POINT('',(6.985,0.825,1.903));
#4521 = ADVANCED_FACE('',(#4522),#4539,.T.);
#4522 = FACE_BOUND('',#4523,.T.);
#4523 = EDGE_LOOP('',(#4524,#4525,#4532,#4538));
#4524 = ORIENTED_EDGE('',*,*,#4402,.T.);
#4525 = ORIENTED_EDGE('',*,*,#4526,.T.);
#4526 = EDGE_CURVE('',#4403,#4527,#4529,.T.);
#4527 = VERTEX_POINT('',#4528);
#4528 = CARTESIAN_POINT('',(0.635,0.825,1.903));
#4529 = B_SPLINE_CURVE_WITH_KNOTS('',1,(#4530,#4531),.UNSPECIFIED.,.F.,
  .F.,(2,2),(0.,1.),.PIECEWISE_BEZIER_KNOTS.);
#4530 = CARTESIAN_POINT('',(0.958723643423,0.501276356577,0.38));
#4531 = CARTESIAN_POINT('',(0.635,0.825,1.903));
#4532 = ORIENTED_EDGE('',*,*,#4533,.F.);
#4533 = EDGE_CURVE('',#4434,#4527,#4534,.T.);
#4534 = LINE('',#4535,#4536);
#4535 = CARTESIAN_POINT('',(6.985,0.825,1.903));
#4536 = VECTOR('',#4537,1.);
#4537 = DIRECTION('',(-1.,-4.440892098501E-16,0.));
#4538 = ORIENTED_EDGE('',*,*,#4433,.F.);
#4539 = B_SPLINE_SURFACE_WITH_KNOTS('',1,1,(
    (#4540,#4541)
    ,(#4542,#4543
    )),.UNSPECIFIED.,.F.,.F.,.F.,(2,2),(2,2),(0.,6.35),(0.,1.),
  .PIECEWISE_BEZIER_KNOTS.);
#4540 = CARTESIAN_POINT('',(6.661276356577,0.501276356577,0.38));
#4541 = CARTESIAN_POINT('',(6.985,0.825,1.903));
#4542 = CARTESIAN_POINT('',(0.958723643423,0.501276356577,0.38));
#4543 = CARTESIAN_POINT('',(0.635,0.825,1.903));
#4544 = ADVANCED_FACE('',(#4545),#4626,.T.);
#4545 = FACE_BOUND('',#4546,.T.);
#4546 = EDGE_LOOP('',(#4547,#4548,#4555,#4563,#4571,#4579,#4587,#4595,
    #4603,#4611,#4619,#4625));
#4547 = ORIENTED_EDGE('',*,*,#4410,.T.);
#4548 = ORIENTED_EDGE('',*,*,#4549,.T.);
#4549 = EDGE_CURVE('',#4411,#4550,#4552,.T.);
#4550 = VERTEX_POINT('',#4551);
#4551 = CARTESIAN_POINT('',(0.635,-8.445,1.903));
#4552 = B_SPLINE_CURVE_WITH_KNOTS('',1,(#4553,#4554),.UNSPECIFIED.,.F.,
  .F.,(2,2),(0.,1.),.PIECEWISE_BEZIER_KNOTS.);
#4553 = CARTESIAN_POINT('',(0.958723643423,-8.121276356577,0.38));
#4554 = CARTESIAN_POINT('',(0.635,-8.445,1.903));
#4555 = ORIENTED_EDGE('',*,*,#4556,.F.);
#4556 = EDGE_CURVE('',#4557,#4550,#4559,.T.);
#4557 = VERTEX_POINT('',#4558);
#4558 = CARTESIAN_POINT('',(0.635,-7.8485,1.903));
#4559 = LINE('',#4560,#4561);
#4560 = CARTESIAN_POINT('',(0.635,0.825,1.903));
#4561 = VECTOR('',#4562,1.);
#4562 = DIRECTION('',(4.440892098501E-16,-1.,0.));
#4563 = ORIENTED_EDGE('',*,*,#4564,.F.);
#4564 = EDGE_CURVE('',#4565,#4557,#4567,.T.);
#4565 = VERTEX_POINT('',#4566);
#4566 = CARTESIAN_POINT('',(0.635,-6.858,1.903));
#4567 = LINE('',#4568,#4569);
#4568 = CARTESIAN_POINT('',(0.635,0.825,1.903));
#4569 = VECTOR('',#4570,1.);
#4570 = DIRECTION('',(4.440892098501E-16,-1.,0.));
#4571 = ORIENTED_EDGE('',*,*,#4572,.F.);
#4572 = EDGE_CURVE('',#4573,#4565,#4575,.T.);
#4573 = VERTEX_POINT('',#4574);
#4574 = CARTESIAN_POINT('',(0.635,-5.842,1.903));
#4575 = LINE('',#4576,#4577);
#4576 = CARTESIAN_POINT('',(0.635,0.825,1.903));
#4577 = VECTOR('',#4578,1.);
#4578 = DIRECTION('',(4.440892098501E-16,-1.,0.));
#4579 = ORIENTED_EDGE('',*,*,#4580,.F.);
#4580 = EDGE_CURVE('',#4581,#4573,#4583,.T.);
#4581 = VERTEX_POINT('',#4582);
#4582 = CARTESIAN_POINT('',(0.635,-4.318,1.903));
#4583 = LINE('',#4584,#4585);
#4584 = CARTESIAN_POINT('',(0.635,0.825,1.903));
#4585 = VECTOR('',#4586,1.);
#4586 = DIRECTION('',(4.440892098501E-16,-1.,0.));
#4587 = ORIENTED_EDGE('',*,*,#4588,.F.);
#4588 = EDGE_CURVE('',#4589,#4581,#4591,.T.);
#4589 = VERTEX_POINT('',#4590);
#4590 = CARTESIAN_POINT('',(0.635,-3.302,1.903));
#4591 = LINE('',#4592,#4593);
#4592 = CARTESIAN_POINT('',(0.635,0.825,1.903));
#4593 = VECTOR('',#4594,1.);
#4594 = DIRECTION('',(4.440892098501E-16,-1.,0.));
#4595 = ORIENTED_EDGE('',*,*,#4596,.F.);
#4596 = EDGE_CURVE('',#4597,#4589,#4599,.T.);
#4597 = VERTEX_POINT('',#4598);
#4598 = CARTESIAN_POINT('',(0.635,-1.778,1.903));
#4599 = LINE('',#4600,#4601);
#4600 = CARTESIAN_POINT('',(0.635,0.825,1.903));
#4601 = VECTOR('',#4602,1.);
#4602 = DIRECTION('',(4.440892098501E-16,-1.,0.));
#4603 = ORIENTED_EDGE('',*,*,#4604,.F.);
#4604 = EDGE_CURVE('',#4605,#4597,#4607,.T.);
#4605 = VERTEX_POINT('',#4606);
#4606 = CARTESIAN_POINT('',(0.635,-0.762,1.903));
#4607 = LINE('',#4608,#4609);
#4608 = CARTESIAN_POINT('',(0.635,0.825,1.903));
#4609 = VECTOR('',#4610,1.);
#4610 = DIRECTION('',(4.440892098501E-16,-1.,0.));
#4611 = ORIENTED_EDGE('',*,*,#4612,.F.);
#4612 = EDGE_CURVE('',#4613,#4605,#4615,.T.);
#4613 = VERTEX_POINT('',#4614);
#4614 = CARTESIAN_POINT('',(0.635,0.2285,1.903));
#4615 = LINE('',#4616,#4617);
#4616 = CARTESIAN_POINT('',(0.635,0.825,1.903));
#4617 = VECTOR('',#4618,1.);
#4618 = DIRECTION('',(4.440892098501E-16,-1.,0.));
#4619 = ORIENTED_EDGE('',*,*,#4620,.F.);
#4620 = EDGE_CURVE('',#4527,#4613,#4621,.T.);
#4621 = LINE('',#4622,#4623);
#4622 = CARTESIAN_POINT('',(0.635,0.825,1.903));
#4623 = VECTOR('',#4624,1.);
#4624 = DIRECTION('',(4.440892098501E-16,-1.,0.));
#4625 = ORIENTED_EDGE('',*,*,#4526,.F.);
#4626 = B_SPLINE_SURFACE_WITH_KNOTS('',1,1,(
    (#4627,#4628)
    ,(#4629,#4630
    )),.UNSPECIFIED.,.F.,.F.,.F.,(2,2),(2,2),(0.,9.27),(0.,1.),
  .PIECEWISE_BEZIER_KNOTS.);
#4627 = CARTESIAN_POINT('',(0.958723643423,0.501276356577,0.38));
#4628 = CARTESIAN_POINT('',(0.635,0.825,1.903));
#4629 = CARTESIAN_POINT('',(0.958723643423,-8.121276356577,0.38));
#4630 = CARTESIAN_POINT('',(0.635,-8.445,1.903));
#4631 = ADVANCED_FACE('',(#4632),#4643,.T.);
#4632 = FACE_BOUND('',#4633,.T.);
#4633 = EDGE_LOOP('',(#4634,#4635,#4636,#4642));
#4634 = ORIENTED_EDGE('',*,*,#4418,.T.);
#4635 = ORIENTED_EDGE('',*,*,#4512,.T.);
#4636 = ORIENTED_EDGE('',*,*,#4637,.F.);
#4637 = EDGE_CURVE('',#4550,#4505,#4638,.T.);
#4638 = LINE('',#4639,#4640);
#4639 = CARTESIAN_POINT('',(0.635,-8.445,1.903));
#4640 = VECTOR('',#4641,1.);
#4641 = DIRECTION('',(1.,4.440892098501E-16,0.));
#4642 = ORIENTED_EDGE('',*,*,#4549,.F.);
#4643 = B_SPLINE_SURFACE_WITH_KNOTS('',1,1,(
    (#4644,#4645)
    ,(#4646,#4647
    )),.UNSPECIFIED.,.F.,.F.,.F.,(2,2),(2,2),(0.,6.35),(0.,1.),
  .PIECEWISE_BEZIER_KNOTS.);
#4644 = CARTESIAN_POINT('',(0.958723643423,-8.121276356577,0.38));
#4645 = CARTESIAN_POINT('',(0.635,-8.445,1.903));
#4646 = CARTESIAN_POINT('',(6.661276356577,-8.121276356577,0.38));
#4647 = CARTESIAN_POINT('',(6.985,-8.445,1.903));
#4648 = ADVANCED_FACE('',(#4649),#4673,.T.);
#4649 = FACE_BOUND('',#4650,.T.);
#4650 = EDGE_LOOP('',(#4651,#4658,#4659,#4667));
#4651 = ORIENTED_EDGE('',*,*,#4652,.F.);
#4652 = EDGE_CURVE('',#4505,#4653,#4655,.T.);
#4653 = VERTEX_POINT('',#4654);
#4654 = CARTESIAN_POINT('',(6.985,-8.445,2.157));
#4655 = B_SPLINE_CURVE_WITH_KNOTS('',1,(#4656,#4657),.UNSPECIFIED.,.F.,
  .F.,(2,2),(0.,1.),.PIECEWISE_BEZIER_KNOTS.);
#4656 = CARTESIAN_POINT('',(6.985,-8.445,1.903));
#4657 = CARTESIAN_POINT('',(6.985,-8.445,2.157));
#4658 = ORIENTED_EDGE('',*,*,#4504,.T.);
#4659 = ORIENTED_EDGE('',*,*,#4660,.T.);
#4660 = EDGE_CURVE('',#4497,#4661,#4663,.T.);
#4661 = VERTEX_POINT('',#4662);
#4662 = CARTESIAN_POINT('',(6.985,-7.8485,2.157));
#4663 = LINE('',#4664,#4665);
#4664 = CARTESIAN_POINT('',(6.985,-7.8485,1.9665));
#4665 = VECTOR('',#4666,1.);
#4666 = DIRECTION('',(0.,0.,1.));
#4667 = ORIENTED_EDGE('',*,*,#4668,.F.);
#4668 = EDGE_CURVE('',#4653,#4661,#4669,.T.);
#4669 = LINE('',#4670,#4671);
#4670 = CARTESIAN_POINT('',(6.985,-8.445,2.157));
#4671 = VECTOR('',#4672,1.);
#4672 = DIRECTION('',(-4.440892098501E-16,1.,0.));
#4673 = PLANE('',#4674);
#4674 = AXIS2_PLACEMENT_3D('',#4675,#4676,#4677);
#4675 = CARTESIAN_POINT('',(6.985,-8.445,2.157));
#4676 = DIRECTION('',(1.,4.440892098501E-16,0.));
#4677 = DIRECTION('',(-4.440892098501E-16,1.,0.));
#4678 = ADVANCED_FACE('',(#4679),#4703,.T.);
#4679 = FACE_BOUND('',#4680,.T.);
#4680 = EDGE_LOOP('',(#4681,#4689,#4690,#4697));
#4681 = ORIENTED_EDGE('',*,*,#4682,.T.);
#4682 = EDGE_CURVE('',#4683,#4441,#4685,.T.);
#4683 = VERTEX_POINT('',#4684);
#4684 = CARTESIAN_POINT('',(6.985,0.2285,2.157));
#4685 = LINE('',#4686,#4687);
#4686 = CARTESIAN_POINT('',(6.985,0.2285,2.157));
#4687 = VECTOR('',#4688,1.);
#4688 = DIRECTION('',(1.035250531786E-30,-2.331176954594E-15,-1.));
#4689 = ORIENTED_EDGE('',*,*,#4440,.T.);
#4690 = ORIENTED_EDGE('',*,*,#4691,.T.);
#4691 = EDGE_CURVE('',#4434,#4692,#4694,.T.);
#4692 = VERTEX_POINT('',#4693);
#4693 = CARTESIAN_POINT('',(6.985,0.825,2.157));
#4694 = B_SPLINE_CURVE_WITH_KNOTS('',1,(#4695,#4696),.UNSPECIFIED.,.F.,
  .F.,(2,2),(0.,1.),.PIECEWISE_BEZIER_KNOTS.);
#4695 = CARTESIAN_POINT('',(6.985,0.825,1.903));
#4696 = CARTESIAN_POINT('',(6.985,0.825,2.157));
#4697 = ORIENTED_EDGE('',*,*,#4698,.F.);
#4698 = EDGE_CURVE('',#4683,#4692,#4699,.T.);
#4699 = LINE('',#4700,#4701);
#4700 = CARTESIAN_POINT('',(6.985,-8.445,2.157));
#4701 = VECTOR('',#4702,1.);
#4702 = DIRECTION('',(-4.440892098501E-16,1.,0.));
#4703 = PLANE('',#4704);
#4704 = AXIS2_PLACEMENT_3D('',#4705,#4706,#4707);
#4705 = CARTESIAN_POINT('',(6.985,-8.445,2.157));
#4706 = DIRECTION('',(1.,4.440892098501E-16,0.));
#4707 = DIRECTION('',(-4.440892098501E-16,1.,0.));
#4708 = ADVANCED_FACE('',(#4709),#4734,.F.);
#4709 = FACE_BOUND('',#4710,.F.);
#4710 = EDGE_LOOP('',(#4711,#4719,#4720,#4728));
#4711 = ORIENTED_EDGE('',*,*,#4712,.F.);
#4712 = EDGE_CURVE('',#4489,#4713,#4715,.T.);
#4713 = VERTEX_POINT('',#4714);
#4714 = CARTESIAN_POINT('',(7.366,-6.858,1.903));
#4715 = LINE('',#4716,#4717);
#4716 = CARTESIAN_POINT('',(3.81,-6.858,1.903));
#4717 = VECTOR('',#4718,1.);
#4718 = DIRECTION('',(1.,3.216245299353E-16,0.));
#4719 = ORIENTED_EDGE('',*,*,#4496,.F.);
#4720 = ORIENTED_EDGE('',*,*,#4721,.F.);
#4721 = EDGE_CURVE('',#4722,#4497,#4724,.T.);
#4722 = VERTEX_POINT('',#4723);
#4723 = CARTESIAN_POINT('',(7.366,-7.8485,1.903));
#4724 = LINE('',#4725,#4726);
#4725 = CARTESIAN_POINT('',(7.747,-7.8485,1.903));
#4726 = VECTOR('',#4727,1.);
#4727 = DIRECTION('',(-1.,-3.216245299353E-16,0.));
#4728 = ORIENTED_EDGE('',*,*,#4729,.T.);
#4729 = EDGE_CURVE('',#4722,#4713,#4730,.T.);
#4730 = LINE('',#4731,#4732);
#4731 = CARTESIAN_POINT('',(7.366,-7.8485,1.903));
#4732 = VECTOR('',#4733,1.);
#4733 = DIRECTION('',(-3.216245299353E-16,1.,0.));
#4734 = PLANE('',#4735);
#4735 = AXIS2_PLACEMENT_3D('',#4736,#4737,#4738);
#4736 = CARTESIAN_POINT('',(0.254,-6.858,1.903));
#4737 = DIRECTION('',(0.,0.,1.));
#4738 = DIRECTION('',(-4.440892098501E-16,1.,0.));
#4739 = ADVANCED_FACE('',(#4740),#4765,.F.);
#4740 = FACE_BOUND('',#4741,.F.);
#4741 = EDGE_LOOP('',(#4742,#4750,#4751,#4759));
#4742 = ORIENTED_EDGE('',*,*,#4743,.F.);
#4743 = EDGE_CURVE('',#4441,#4744,#4746,.T.);
#4744 = VERTEX_POINT('',#4745);
#4745 = CARTESIAN_POINT('',(7.366,0.2285,1.903));
#4746 = LINE('',#4747,#4748);
#4747 = CARTESIAN_POINT('',(3.81,0.2285,1.903));
#4748 = VECTOR('',#4749,1.);
#4749 = DIRECTION('',(1.,3.216245299353E-16,0.));
#4750 = ORIENTED_EDGE('',*,*,#4448,.F.);
#4751 = ORIENTED_EDGE('',*,*,#4752,.F.);
#4752 = EDGE_CURVE('',#4753,#4449,#4755,.T.);
#4753 = VERTEX_POINT('',#4754);
#4754 = CARTESIAN_POINT('',(7.366,-0.762,1.903));
#4755 = LINE('',#4756,#4757);
#4756 = CARTESIAN_POINT('',(7.747,-0.762,1.903));
#4757 = VECTOR('',#4758,1.);
#4758 = DIRECTION('',(-1.,-3.216245299353E-16,0.));
#4759 = ORIENTED_EDGE('',*,*,#4760,.F.);
#4760 = EDGE_CURVE('',#4744,#4753,#4761,.T.);
#4761 = LINE('',#4762,#4763);
#4762 = CARTESIAN_POINT('',(7.366,0.2285,1.903));
#4763 = VECTOR('',#4764,1.);
#4764 = DIRECTION('',(3.216245299353E-16,-1.,0.));
#4765 = PLANE('',#4766);
#4766 = AXIS2_PLACEMENT_3D('',#4767,#4768,#4769);
#4767 = CARTESIAN_POINT('',(0.254,0.2285,1.903));
#4768 = DIRECTION('',(0.,0.,1.));
#4769 = DIRECTION('',(-4.440892098501E-16,1.,0.));
#4770 = ADVANCED_FACE('',(#4771),#4796,.T.);
#4771 = FACE_BOUND('',#4772,.T.);
#4772 = EDGE_LOOP('',(#4773,#4781,#4782,#4790));
#4773 = ORIENTED_EDGE('',*,*,#4774,.T.);
#4774 = EDGE_CURVE('',#4775,#4489,#4777,.T.);
#4775 = VERTEX_POINT('',#4776);
#4776 = CARTESIAN_POINT('',(6.985,-6.858,2.157));
#4777 = LINE('',#4778,#4779);
#4778 = CARTESIAN_POINT('',(6.985,-6.858,2.157));
#4779 = VECTOR('',#4780,1.);
#4780 = DIRECTION('',(0.,0.,-1.));
#4781 = ORIENTED_EDGE('',*,*,#4488,.T.);
#4782 = ORIENTED_EDGE('',*,*,#4783,.T.);
#4783 = EDGE_CURVE('',#4481,#4784,#4786,.T.);
#4784 = VERTEX_POINT('',#4785);
#4785 = CARTESIAN_POINT('',(6.985,-5.842,2.157));
#4786 = LINE('',#4787,#4788);
#4787 = CARTESIAN_POINT('',(6.985,-5.842,2.157));
#4788 = VECTOR('',#4789,1.);
#4789 = DIRECTION('',(0.,0.,1.));
#4790 = ORIENTED_EDGE('',*,*,#4791,.F.);
#4791 = EDGE_CURVE('',#4775,#4784,#4792,.T.);
#4792 = LINE('',#4793,#4794);
#4793 = CARTESIAN_POINT('',(6.985,-8.445,2.157));
#4794 = VECTOR('',#4795,1.);
#4795 = DIRECTION('',(-4.440892098501E-16,1.,0.));
#4796 = PLANE('',#4797);
#4797 = AXIS2_PLACEMENT_3D('',#4798,#4799,#4800);
#4798 = CARTESIAN_POINT('',(6.985,-8.445,2.157));
#4799 = DIRECTION('',(1.,4.440892098501E-16,0.));
#4800 = DIRECTION('',(-4.440892098501E-16,1.,0.));
#4801 = ADVANCED_FACE('',(#4802),#4827,.T.);
#4802 = FACE_BOUND('',#4803,.T.);
#4803 = EDGE_LOOP('',(#4804,#4812,#4813,#4821));
#4804 = ORIENTED_EDGE('',*,*,#4805,.F.);
#4805 = EDGE_CURVE('',#4457,#4806,#4808,.T.);
#4806 = VERTEX_POINT('',#4807);
#4807 = CARTESIAN_POINT('',(6.985,-1.778,2.157));
#4808 = LINE('',#4809,#4810);
#4809 = CARTESIAN_POINT('',(6.985,-1.778,2.157));
#4810 = VECTOR('',#4811,1.);
#4811 = DIRECTION('',(0.,0.,1.));
#4812 = ORIENTED_EDGE('',*,*,#4456,.T.);
#4813 = ORIENTED_EDGE('',*,*,#4814,.F.);
#4814 = EDGE_CURVE('',#4815,#4449,#4817,.T.);
#4815 = VERTEX_POINT('',#4816);
#4816 = CARTESIAN_POINT('',(6.985,-0.762,2.157));
#4817 = LINE('',#4818,#4819);
#4818 = CARTESIAN_POINT('',(6.985,-0.762,1.0785));
#4819 = VECTOR('',#4820,1.);
#4820 = DIRECTION('',(0.,0.,-1.));
#4821 = ORIENTED_EDGE('',*,*,#4822,.F.);
#4822 = EDGE_CURVE('',#4806,#4815,#4823,.T.);
#4823 = LINE('',#4824,#4825);
#4824 = CARTESIAN_POINT('',(6.985,-8.445,2.157));
#4825 = VECTOR('',#4826,1.);
#4826 = DIRECTION('',(-4.440892098501E-16,1.,0.));
#4827 = PLANE('',#4828);
#4828 = AXIS2_PLACEMENT_3D('',#4829,#4830,#4831);
#4829 = CARTESIAN_POINT('',(6.985,-8.445,2.157));
#4830 = DIRECTION('',(1.,4.440892098501E-16,0.));
#4831 = DIRECTION('',(-4.440892098501E-16,1.,0.));
#4832 = ADVANCED_FACE('',(#4833),#4858,.F.);
#4833 = FACE_BOUND('',#4834,.F.);
#4834 = EDGE_LOOP('',(#4835,#4843,#4844,#4852));
#4835 = ORIENTED_EDGE('',*,*,#4836,.F.);
#4836 = EDGE_CURVE('',#4473,#4837,#4839,.T.);
#4837 = VERTEX_POINT('',#4838);
#4838 = CARTESIAN_POINT('',(7.366,-4.318,1.903));
#4839 = LINE('',#4840,#4841);
#4840 = CARTESIAN_POINT('',(3.683,-4.318,1.903));
#4841 = VECTOR('',#4842,1.);
#4842 = DIRECTION('',(1.,3.216245299353E-16,0.));
#4843 = ORIENTED_EDGE('',*,*,#4480,.F.);
#4844 = ORIENTED_EDGE('',*,*,#4845,.F.);
#4845 = EDGE_CURVE('',#4846,#4481,#4848,.T.);
#4846 = VERTEX_POINT('',#4847);
#4847 = CARTESIAN_POINT('',(7.366,-5.842,1.903));
#4848 = LINE('',#4849,#4850);
#4849 = CARTESIAN_POINT('',(7.62,-5.842,1.903));
#4850 = VECTOR('',#4851,1.);
#4851 = DIRECTION('',(-1.,-3.216245299353E-16,0.));
#4852 = ORIENTED_EDGE('',*,*,#4853,.T.);
#4853 = EDGE_CURVE('',#4846,#4837,#4854,.T.);
#4854 = LINE('',#4855,#4856);
#4855 = CARTESIAN_POINT('',(7.366,-5.842,1.903));
#4856 = VECTOR('',#4857,1.);
#4857 = DIRECTION('',(-3.216245299353E-16,1.,0.));
#4858 = PLANE('',#4859);
#4859 = AXIS2_PLACEMENT_3D('',#4860,#4861,#4862);
#4860 = CARTESIAN_POINT('',(0.254,-4.318,1.903));
#4861 = DIRECTION('',(0.,0.,1.));
#4862 = DIRECTION('',(-4.440892098501E-16,1.,0.));
#4863 = ADVANCED_FACE('',(#4864),#4889,.F.);
#4864 = FACE_BOUND('',#4865,.F.);
#4865 = EDGE_LOOP('',(#4866,#4874,#4875,#4883));
#4866 = ORIENTED_EDGE('',*,*,#4867,.F.);
#4867 = EDGE_CURVE('',#4457,#4868,#4870,.T.);
#4868 = VERTEX_POINT('',#4869);
#4869 = CARTESIAN_POINT('',(7.366,-1.778,1.903));
#4870 = LINE('',#4871,#4872);
#4871 = CARTESIAN_POINT('',(3.683,-1.778,1.903));
#4872 = VECTOR('',#4873,1.);
#4873 = DIRECTION('',(1.,3.216245299353E-16,0.));
#4874 = ORIENTED_EDGE('',*,*,#4464,.F.);
#4875 = ORIENTED_EDGE('',*,*,#4876,.F.);
#4876 = EDGE_CURVE('',#4877,#4465,#4879,.T.);
#4877 = VERTEX_POINT('',#4878);
#4878 = CARTESIAN_POINT('',(7.366,-3.302,1.903));
#4879 = LINE('',#4880,#4881);
#4880 = CARTESIAN_POINT('',(7.62,-3.302,1.903));
#4881 = VECTOR('',#4882,1.);
#4882 = DIRECTION('',(-1.,-3.216245299353E-16,0.));
#4883 = ORIENTED_EDGE('',*,*,#4884,.T.);
#4884 = EDGE_CURVE('',#4877,#4868,#4885,.T.);
#4885 = LINE('',#4886,#4887);
#4886 = CARTESIAN_POINT('',(7.366,-3.302,1.903));
#4887 = VECTOR('',#4888,1.);
#4888 = DIRECTION('',(-3.216245299353E-16,1.,0.));
#4889 = PLANE('',#4890);
#4890 = AXIS2_PLACEMENT_3D('',#4891,#4892,#4893);
#4891 = CARTESIAN_POINT('',(0.254,-1.778,1.903));
#4892 = DIRECTION('',(0.,0.,1.));
#4893 = DIRECTION('',(-4.440892098501E-16,1.,0.));
#4894 = ADVANCED_FACE('',(#4895),#4920,.T.);
#4895 = FACE_BOUND('',#4896,.T.);
#4896 = EDGE_LOOP('',(#4897,#4905,#4906,#4914));
#4897 = ORIENTED_EDGE('',*,*,#4898,.F.);
#4898 = EDGE_CURVE('',#4473,#4899,#4901,.T.);
#4899 = VERTEX_POINT('',#4900);
#4900 = CARTESIAN_POINT('',(6.985,-4.318,2.157));
#4901 = LINE('',#4902,#4903);
#4902 = CARTESIAN_POINT('',(6.985,-4.318,2.157));
#4903 = VECTOR('',#4904,1.);
#4904 = DIRECTION('',(0.,0.,1.));
#4905 = ORIENTED_EDGE('',*,*,#4472,.T.);
#4906 = ORIENTED_EDGE('',*,*,#4907,.T.);
#4907 = EDGE_CURVE('',#4465,#4908,#4910,.T.);
#4908 = VERTEX_POINT('',#4909);
#4909 = CARTESIAN_POINT('',(6.985,-3.302,2.157));
#4910 = LINE('',#4911,#4912);
#4911 = CARTESIAN_POINT('',(6.985,-3.302,2.157));
#4912 = VECTOR('',#4913,1.);
#4913 = DIRECTION('',(0.,0.,1.));
#4914 = ORIENTED_EDGE('',*,*,#4915,.F.);
#4915 = EDGE_CURVE('',#4899,#4908,#4916,.T.);
#4916 = LINE('',#4917,#4918);
#4917 = CARTESIAN_POINT('',(6.985,-8.445,2.157));
#4918 = VECTOR('',#4919,1.);
#4919 = DIRECTION('',(-4.440892098501E-16,1.,0.));
#4920 = PLANE('',#4921);
#4921 = AXIS2_PLACEMENT_3D('',#4922,#4923,#4924);
#4922 = CARTESIAN_POINT('',(6.985,-8.445,2.157));
#4923 = DIRECTION('',(1.,4.440892098501E-16,0.));
#4924 = DIRECTION('',(-4.440892098501E-16,1.,0.));
#4925 = ADVANCED_FACE('',(#4926),#4943,.T.);
#4926 = FACE_BOUND('',#4927,.T.);
#4927 = EDGE_LOOP('',(#4928,#4929,#4936,#4942));
#4928 = ORIENTED_EDGE('',*,*,#4533,.T.);
#4929 = ORIENTED_EDGE('',*,*,#4930,.T.);
#4930 = EDGE_CURVE('',#4527,#4931,#4933,.T.);
#4931 = VERTEX_POINT('',#4932);
#4932 = CARTESIAN_POINT('',(0.635,0.825,2.157));
#4933 = B_SPLINE_CURVE_WITH_KNOTS('',1,(#4934,#4935),.UNSPECIFIED.,.F.,
  .F.,(2,2),(0.,1.),.PIECEWISE_BEZIER_KNOTS.);
#4934 = CARTESIAN_POINT('',(0.635,0.825,1.903));
#4935 = CARTESIAN_POINT('',(0.635,0.825,2.157));
#4936 = ORIENTED_EDGE('',*,*,#4937,.F.);
#4937 = EDGE_CURVE('',#4692,#4931,#4938,.T.);
#4938 = LINE('',#4939,#4940);
#4939 = CARTESIAN_POINT('',(6.985,0.825,2.157));
#4940 = VECTOR('',#4941,1.);
#4941 = DIRECTION('',(-1.,-4.440892098501E-16,0.));
#4942 = ORIENTED_EDGE('',*,*,#4691,.F.);
#4943 = PLANE('',#4944);
#4944 = AXIS2_PLACEMENT_3D('',#4945,#4946,#4947);
#4945 = CARTESIAN_POINT('',(6.985,0.825,2.157));
#4946 = DIRECTION('',(-4.440892098501E-16,1.,0.));
#4947 = DIRECTION('',(-1.,-4.440892098501E-16,0.));
#4948 = ADVANCED_FACE('',(#4949),#4967,.T.);
#4949 = FACE_BOUND('',#4950,.T.);
#4950 = EDGE_LOOP('',(#4951,#4952,#4953,#4961));
#4951 = ORIENTED_EDGE('',*,*,#4930,.F.);
#4952 = ORIENTED_EDGE('',*,*,#4620,.T.);
#4953 = ORIENTED_EDGE('',*,*,#4954,.T.);
#4954 = EDGE_CURVE('',#4613,#4955,#4957,.T.);
#4955 = VERTEX_POINT('',#4956);
#4956 = CARTESIAN_POINT('',(0.635,0.2285,2.157));
#4957 = LINE('',#4958,#4959);
#4958 = CARTESIAN_POINT('',(0.635,0.2285,2.157));
#4959 = VECTOR('',#4960,1.);
#4960 = DIRECTION('',(-1.035250531786E-30,2.331176954594E-15,1.));
#4961 = ORIENTED_EDGE('',*,*,#4962,.F.);
#4962 = EDGE_CURVE('',#4931,#4955,#4963,.T.);
#4963 = LINE('',#4964,#4965);
#4964 = CARTESIAN_POINT('',(0.635,0.825,2.157));
#4965 = VECTOR('',#4966,1.);
#4966 = DIRECTION('',(4.440892098501E-16,-1.,0.));
#4967 = PLANE('',#4968);
#4968 = AXIS2_PLACEMENT_3D('',#4969,#4970,#4971);
#4969 = CARTESIAN_POINT('',(0.635,0.825,2.157));
#4970 = DIRECTION('',(-1.,-4.440892098501E-16,0.));
#4971 = DIRECTION('',(4.440892098501E-16,-1.,0.));
#4972 = ADVANCED_FACE('',(#4973),#4997,.T.);
#4973 = FACE_BOUND('',#4974,.T.);
#4974 = EDGE_LOOP('',(#4975,#4983,#4984,#4991));
#4975 = ORIENTED_EDGE('',*,*,#4976,.T.);
#4976 = EDGE_CURVE('',#4977,#4557,#4979,.T.);
#4977 = VERTEX_POINT('',#4978);
#4978 = CARTESIAN_POINT('',(0.635,-7.8485,2.157));
#4979 = LINE('',#4980,#4981);
#4980 = CARTESIAN_POINT('',(0.635,-7.8485,1.9665));
#4981 = VECTOR('',#4982,1.);
#4982 = DIRECTION('',(0.,0.,-1.));
#4983 = ORIENTED_EDGE('',*,*,#4556,.T.);
#4984 = ORIENTED_EDGE('',*,*,#4985,.T.);
#4985 = EDGE_CURVE('',#4550,#4986,#4988,.T.);
#4986 = VERTEX_POINT('',#4987);
#4987 = CARTESIAN_POINT('',(0.635,-8.445,2.157));
#4988 = B_SPLINE_CURVE_WITH_KNOTS('',1,(#4989,#4990),.UNSPECIFIED.,.F.,
  .F.,(2,2),(0.,1.),.PIECEWISE_BEZIER_KNOTS.);
#4989 = CARTESIAN_POINT('',(0.635,-8.445,1.903));
#4990 = CARTESIAN_POINT('',(0.635,-8.445,2.157));
#4991 = ORIENTED_EDGE('',*,*,#4992,.F.);
#4992 = EDGE_CURVE('',#4977,#4986,#4993,.T.);
#4993 = LINE('',#4994,#4995);
#4994 = CARTESIAN_POINT('',(0.635,0.825,2.157));
#4995 = VECTOR('',#4996,1.);
#4996 = DIRECTION('',(4.440892098501E-16,-1.,0.));
#4997 = PLANE('',#4998);
#4998 = AXIS2_PLACEMENT_3D('',#4999,#5000,#5001);
#4999 = CARTESIAN_POINT('',(0.635,0.825,2.157));
#5000 = DIRECTION('',(-1.,-4.440892098501E-16,0.));
#5001 = DIRECTION('',(4.440892098501E-16,-1.,0.));
#5002 = ADVANCED_FACE('',(#5003),#5028,.F.);
#5003 = FACE_BOUND('',#5004,.F.);
#5004 = EDGE_LOOP('',(#5005,#5013,#5021,#5027));
#5005 = ORIENTED_EDGE('',*,*,#5006,.F.);
#5006 = EDGE_CURVE('',#5007,#4613,#5009,.T.);
#5007 = VERTEX_POINT('',#5008);
#5008 = CARTESIAN_POINT('',(0.254,0.2285,1.903));
#5009 = LINE('',#5010,#5011);
#5010 = CARTESIAN_POINT('',(-0.127,0.2285,1.903));
#5011 = VECTOR('',#5012,1.);
#5012 = DIRECTION('',(1.,4.440892098501E-16,0.));
#5013 = ORIENTED_EDGE('',*,*,#5014,.T.);
#5014 = EDGE_CURVE('',#5007,#5015,#5017,.T.);
#5015 = VERTEX_POINT('',#5016);
#5016 = CARTESIAN_POINT('',(0.254,-0.762,1.903));
#5017 = LINE('',#5018,#5019);
#5018 = CARTESIAN_POINT('',(0.254,0.2285,1.903));
#5019 = VECTOR('',#5020,1.);
#5020 = DIRECTION('',(4.440892098501E-16,-1.,0.));
#5021 = ORIENTED_EDGE('',*,*,#5022,.F.);
#5022 = EDGE_CURVE('',#4605,#5015,#5023,.T.);
#5023 = LINE('',#5024,#5025);
#5024 = CARTESIAN_POINT('',(3.81,-0.762,1.903));
#5025 = VECTOR('',#5026,1.);
#5026 = DIRECTION('',(-1.,-4.440892098501E-16,0.));
#5027 = ORIENTED_EDGE('',*,*,#4612,.F.);
#5028 = PLANE('',#5029);
#5029 = AXIS2_PLACEMENT_3D('',#5030,#5031,#5032);
#5030 = CARTESIAN_POINT('',(0.254,0.2285,1.903));
#5031 = DIRECTION('',(0.,0.,1.));
#5032 = DIRECTION('',(-4.440892098501E-16,1.,0.));
#5033 = ADVANCED_FACE('',(#5034),#5059,.F.);
#5034 = FACE_BOUND('',#5035,.F.);
#5035 = EDGE_LOOP('',(#5036,#5044,#5052,#5058));
#5036 = ORIENTED_EDGE('',*,*,#5037,.F.);
#5037 = EDGE_CURVE('',#5038,#4565,#5040,.T.);
#5038 = VERTEX_POINT('',#5039);
#5039 = CARTESIAN_POINT('',(0.254,-6.858,1.903));
#5040 = LINE('',#5041,#5042);
#5041 = CARTESIAN_POINT('',(-0.127,-6.858,1.903));
#5042 = VECTOR('',#5043,1.);
#5043 = DIRECTION('',(1.,4.440892098501E-16,0.));
#5044 = ORIENTED_EDGE('',*,*,#5045,.F.);
#5045 = EDGE_CURVE('',#5046,#5038,#5048,.T.);
#5046 = VERTEX_POINT('',#5047);
#5047 = CARTESIAN_POINT('',(0.254,-7.8485,1.903));
#5048 = LINE('',#5049,#5050);
#5049 = CARTESIAN_POINT('',(0.254,-7.8485,1.903));
#5050 = VECTOR('',#5051,1.);
#5051 = DIRECTION('',(-4.440892098501E-16,1.,0.));
#5052 = ORIENTED_EDGE('',*,*,#5053,.F.);
#5053 = EDGE_CURVE('',#4557,#5046,#5054,.T.);
#5054 = LINE('',#5055,#5056);
#5055 = CARTESIAN_POINT('',(3.81,-7.8485,1.903));
#5056 = VECTOR('',#5057,1.);
#5057 = DIRECTION('',(-1.,-4.440892098501E-16,0.));
#5058 = ORIENTED_EDGE('',*,*,#4564,.F.);
#5059 = PLANE('',#5060);
#5060 = AXIS2_PLACEMENT_3D('',#5061,#5062,#5063);
#5061 = CARTESIAN_POINT('',(0.254,-6.858,1.903));
#5062 = DIRECTION('',(0.,0.,1.));
#5063 = DIRECTION('',(-4.440892098501E-16,1.,0.));
#5064 = ADVANCED_FACE('',(#5065),#5090,.T.);
#5065 = FACE_BOUND('',#5066,.T.);
#5066 = EDGE_LOOP('',(#5067,#5075,#5076,#5084));
#5067 = ORIENTED_EDGE('',*,*,#5068,.F.);
#5068 = EDGE_CURVE('',#4605,#5069,#5071,.T.);
#5069 = VERTEX_POINT('',#5070);
#5070 = CARTESIAN_POINT('',(0.635,-0.762,2.157));
#5071 = LINE('',#5072,#5073);
#5072 = CARTESIAN_POINT('',(0.635,-0.762,1.0785));
#5073 = VECTOR('',#5074,1.);
#5074 = DIRECTION('',(0.,0.,1.));
#5075 = ORIENTED_EDGE('',*,*,#4604,.T.);
#5076 = ORIENTED_EDGE('',*,*,#5077,.F.);
#5077 = EDGE_CURVE('',#5078,#4597,#5080,.T.);
#5078 = VERTEX_POINT('',#5079);
#5079 = CARTESIAN_POINT('',(0.635,-1.778,2.157));
#5080 = LINE('',#5081,#5082);
#5081 = CARTESIAN_POINT('',(0.635,-1.778,2.157));
#5082 = VECTOR('',#5083,1.);
#5083 = DIRECTION('',(0.,0.,-1.));
#5084 = ORIENTED_EDGE('',*,*,#5085,.F.);
#5085 = EDGE_CURVE('',#5069,#5078,#5086,.T.);
#5086 = LINE('',#5087,#5088);
#5087 = CARTESIAN_POINT('',(0.635,0.825,2.157));
#5088 = VECTOR('',#5089,1.);
#5089 = DIRECTION('',(4.440892098501E-16,-1.,0.));
#5090 = PLANE('',#5091);
#5091 = AXIS2_PLACEMENT_3D('',#5092,#5093,#5094);
#5092 = CARTESIAN_POINT('',(0.635,0.825,2.157));
#5093 = DIRECTION('',(-1.,-4.440892098501E-16,0.));
#5094 = DIRECTION('',(4.440892098501E-16,-1.,0.));
#5095 = ADVANCED_FACE('',(#5096),#5121,.T.);
#5096 = FACE_BOUND('',#5097,.T.);
#5097 = EDGE_LOOP('',(#5098,#5106,#5107,#5115));
#5098 = ORIENTED_EDGE('',*,*,#5099,.T.);
#5099 = EDGE_CURVE('',#5100,#4573,#5102,.T.);
#5100 = VERTEX_POINT('',#5101);
#5101 = CARTESIAN_POINT('',(0.635,-5.842,2.157));
#5102 = LINE('',#5103,#5104);
#5103 = CARTESIAN_POINT('',(0.635,-5.842,2.157));
#5104 = VECTOR('',#5105,1.);
#5105 = DIRECTION('',(0.,0.,-1.));
#5106 = ORIENTED_EDGE('',*,*,#4572,.T.);
#5107 = ORIENTED_EDGE('',*,*,#5108,.T.);
#5108 = EDGE_CURVE('',#4565,#5109,#5111,.T.);
#5109 = VERTEX_POINT('',#5110);
#5110 = CARTESIAN_POINT('',(0.635,-6.858,2.157));
#5111 = LINE('',#5112,#5113);
#5112 = CARTESIAN_POINT('',(0.635,-6.858,2.157));
#5113 = VECTOR('',#5114,1.);
#5114 = DIRECTION('',(0.,0.,1.));
#5115 = ORIENTED_EDGE('',*,*,#5116,.F.);
#5116 = EDGE_CURVE('',#5100,#5109,#5117,.T.);
#5117 = LINE('',#5118,#5119);
#5118 = CARTESIAN_POINT('',(0.635,0.825,2.157));
#5119 = VECTOR('',#5120,1.);
#5120 = DIRECTION('',(4.440892098501E-16,-1.,0.));
#5121 = PLANE('',#5122);
#5122 = AXIS2_PLACEMENT_3D('',#5123,#5124,#5125);
#5123 = CARTESIAN_POINT('',(0.635,0.825,2.157));
#5124 = DIRECTION('',(-1.,-4.440892098501E-16,0.));
#5125 = DIRECTION('',(4.440892098501E-16,-1.,0.));
#5126 = ADVANCED_FACE('',(#5127),#5152,.F.);
#5127 = FACE_BOUND('',#5128,.F.);
#5128 = EDGE_LOOP('',(#5129,#5137,#5145,#5151));
#5129 = ORIENTED_EDGE('',*,*,#5130,.F.);
#5130 = EDGE_CURVE('',#5131,#4597,#5133,.T.);
#5131 = VERTEX_POINT('',#5132);
#5132 = CARTESIAN_POINT('',(0.254,-1.778,1.903));
#5133 = LINE('',#5134,#5135);
#5134 = CARTESIAN_POINT('',(-2.442490654175E-15,-1.778,1.903));
#5135 = VECTOR('',#5136,1.);
#5136 = DIRECTION('',(1.,4.440892098501E-16,0.));
#5137 = ORIENTED_EDGE('',*,*,#5138,.T.);
#5138 = EDGE_CURVE('',#5131,#5139,#5141,.T.);
#5139 = VERTEX_POINT('',#5140);
#5140 = CARTESIAN_POINT('',(0.254,-3.302,1.903));
#5141 = LINE('',#5142,#5143);
#5142 = CARTESIAN_POINT('',(0.254,-1.778,1.903));
#5143 = VECTOR('',#5144,1.);
#5144 = DIRECTION('',(4.440892098501E-16,-1.,0.));
#5145 = ORIENTED_EDGE('',*,*,#5146,.F.);
#5146 = EDGE_CURVE('',#4589,#5139,#5147,.T.);
#5147 = LINE('',#5148,#5149);
#5148 = CARTESIAN_POINT('',(3.937,-3.302,1.903));
#5149 = VECTOR('',#5150,1.);
#5150 = DIRECTION('',(-1.,-4.440892098501E-16,0.));
#5151 = ORIENTED_EDGE('',*,*,#4596,.F.);
#5152 = PLANE('',#5153);
#5153 = AXIS2_PLACEMENT_3D('',#5154,#5155,#5156);
#5154 = CARTESIAN_POINT('',(0.254,-1.778,1.903));
#5155 = DIRECTION('',(0.,0.,1.));
#5156 = DIRECTION('',(-4.440892098501E-16,1.,0.));
#5157 = ADVANCED_FACE('',(#5158),#5183,.F.);
#5158 = FACE_BOUND('',#5159,.F.);
#5159 = EDGE_LOOP('',(#5160,#5168,#5176,#5182));
#5160 = ORIENTED_EDGE('',*,*,#5161,.F.);
#5161 = EDGE_CURVE('',#5162,#4581,#5164,.T.);
#5162 = VERTEX_POINT('',#5163);
#5163 = CARTESIAN_POINT('',(0.254,-4.318,1.903));
#5164 = LINE('',#5165,#5166);
#5165 = CARTESIAN_POINT('',(-1.110223024625E-15,-4.318,1.903));
#5166 = VECTOR('',#5167,1.);
#5167 = DIRECTION('',(1.,4.440892098501E-16,0.));
#5168 = ORIENTED_EDGE('',*,*,#5169,.T.);
#5169 = EDGE_CURVE('',#5162,#5170,#5172,.T.);
#5170 = VERTEX_POINT('',#5171);
#5171 = CARTESIAN_POINT('',(0.254,-5.842,1.903));
#5172 = LINE('',#5173,#5174);
#5173 = CARTESIAN_POINT('',(0.254,-4.318,1.903));
#5174 = VECTOR('',#5175,1.);
#5175 = DIRECTION('',(4.440892098501E-16,-1.,0.));
#5176 = ORIENTED_EDGE('',*,*,#5177,.F.);
#5177 = EDGE_CURVE('',#4573,#5170,#5178,.T.);
#5178 = LINE('',#5179,#5180);
#5179 = CARTESIAN_POINT('',(3.937,-5.842,1.903));
#5180 = VECTOR('',#5181,1.);
#5181 = DIRECTION('',(-1.,-4.440892098501E-16,0.));
#5182 = ORIENTED_EDGE('',*,*,#4580,.F.);
#5183 = PLANE('',#5184);
#5184 = AXIS2_PLACEMENT_3D('',#5185,#5186,#5187);
#5185 = CARTESIAN_POINT('',(0.254,-4.318,1.903));
#5186 = DIRECTION('',(0.,0.,1.));
#5187 = DIRECTION('',(-4.440892098501E-16,1.,0.));
#5188 = ADVANCED_FACE('',(#5189),#5214,.T.);
#5189 = FACE_BOUND('',#5190,.T.);
#5190 = EDGE_LOOP('',(#5191,#5199,#5200,#5208));
#5191 = ORIENTED_EDGE('',*,*,#5192,.T.);
#5192 = EDGE_CURVE('',#5193,#4589,#5195,.T.);
#5193 = VERTEX_POINT('',#5194);
#5194 = CARTESIAN_POINT('',(0.635,-3.302,2.157));
#5195 = LINE('',#5196,#5197);
#5196 = CARTESIAN_POINT('',(0.635,-3.302,2.157));
#5197 = VECTOR('',#5198,1.);
#5198 = DIRECTION('',(0.,0.,-1.));
#5199 = ORIENTED_EDGE('',*,*,#4588,.T.);
#5200 = ORIENTED_EDGE('',*,*,#5201,.F.);
#5201 = EDGE_CURVE('',#5202,#4581,#5204,.T.);
#5202 = VERTEX_POINT('',#5203);
#5203 = CARTESIAN_POINT('',(0.635,-4.318,2.157));
#5204 = LINE('',#5205,#5206);
#5205 = CARTESIAN_POINT('',(0.635,-4.318,2.157));
#5206 = VECTOR('',#5207,1.);
#5207 = DIRECTION('',(0.,0.,-1.));
#5208 = ORIENTED_EDGE('',*,*,#5209,.F.);
#5209 = EDGE_CURVE('',#5193,#5202,#5210,.T.);
#5210 = LINE('',#5211,#5212);
#5211 = CARTESIAN_POINT('',(0.635,0.825,2.157));
#5212 = VECTOR('',#5213,1.);
#5213 = DIRECTION('',(4.440892098501E-16,-1.,0.));
#5214 = PLANE('',#5215);
#5215 = AXIS2_PLACEMENT_3D('',#5216,#5217,#5218);
#5216 = CARTESIAN_POINT('',(0.635,0.825,2.157));
#5217 = DIRECTION('',(-1.,-4.440892098501E-16,0.));
#5218 = DIRECTION('',(4.440892098501E-16,-1.,0.));
#5219 = ADVANCED_FACE('',(#5220),#5231,.T.);
#5220 = FACE_BOUND('',#5221,.T.);
#5221 = EDGE_LOOP('',(#5222,#5223,#5224,#5230));
#5222 = ORIENTED_EDGE('',*,*,#4637,.T.);
#5223 = ORIENTED_EDGE('',*,*,#4652,.T.);
#5224 = ORIENTED_EDGE('',*,*,#5225,.F.);
#5225 = EDGE_CURVE('',#4986,#4653,#5226,.T.);
#5226 = LINE('',#5227,#5228);
#5227 = CARTESIAN_POINT('',(0.635,-8.445,2.157));
#5228 = VECTOR('',#5229,1.);
#5229 = DIRECTION('',(1.,4.440892098501E-16,0.));
#5230 = ORIENTED_EDGE('',*,*,#4985,.F.);
#5231 = PLANE('',#5232);
#5232 = AXIS2_PLACEMENT_3D('',#5233,#5234,#5235);
#5233 = CARTESIAN_POINT('',(0.635,-8.445,2.157));
#5234 = DIRECTION('',(4.440892098501E-16,-1.,0.));
#5235 = DIRECTION('',(1.,4.440892098501E-16,0.));
#5236 = ADVANCED_FACE('',(#5237),#5261,.T.);
#5237 = FACE_BOUND('',#5238,.T.);
#5238 = EDGE_LOOP('',(#5239,#5246,#5247,#5255));
#5239 = ORIENTED_EDGE('',*,*,#5240,.F.);
#5240 = EDGE_CURVE('',#4653,#5241,#5243,.T.);
#5241 = VERTEX_POINT('',#5242);
#5242 = CARTESIAN_POINT('',(6.91,-8.37,2.157));
#5243 = B_SPLINE_CURVE_WITH_KNOTS('',1,(#5244,#5245),.UNSPECIFIED.,.F.,
  .F.,(2,2),(0.,1.),.PIECEWISE_BEZIER_KNOTS.);
#5244 = CARTESIAN_POINT('',(6.985,-8.445,2.157));
#5245 = CARTESIAN_POINT('',(6.91,-8.37,2.157));
#5246 = ORIENTED_EDGE('',*,*,#4668,.T.);
#5247 = ORIENTED_EDGE('',*,*,#5248,.T.);
#5248 = EDGE_CURVE('',#4661,#5249,#5251,.T.);
#5249 = VERTEX_POINT('',#5250);
#5250 = CARTESIAN_POINT('',(6.91,-7.8485,2.157));
#5251 = LINE('',#5252,#5253);
#5252 = CARTESIAN_POINT('',(7.747,-7.8485,2.157));
#5253 = VECTOR('',#5254,1.);
#5254 = DIRECTION('',(-1.,-3.216245299353E-16,0.));
#5255 = ORIENTED_EDGE('',*,*,#5256,.F.);
#5256 = EDGE_CURVE('',#5241,#5249,#5257,.T.);
#5257 = LINE('',#5258,#5259);
#5258 = CARTESIAN_POINT('',(6.91,-8.37,2.157));
#5259 = VECTOR('',#5260,1.);
#5260 = DIRECTION('',(-4.440892098501E-16,1.,0.));
#5261 = B_SPLINE_SURFACE_WITH_KNOTS('',1,1,(
    (#5262,#5263)
    ,(#5264,#5265
    )),.UNSPECIFIED.,.F.,.F.,.F.,(2,2),(2,2),(0.,9.27),(0.,1.),
  .PIECEWISE_BEZIER_KNOTS.);
#5262 = CARTESIAN_POINT('',(6.985,-8.445,2.157));
#5263 = CARTESIAN_POINT('',(6.91,-8.37,2.157));
#5264 = CARTESIAN_POINT('',(6.985,0.825,2.157));
#5265 = CARTESIAN_POINT('',(6.91,0.75,2.157));
#5266 = ADVANCED_FACE('',(#5267),#5319,.F.);
#5267 = FACE_BOUND('',#5268,.F.);
#5268 = EDGE_LOOP('',(#5269,#5270,#5271,#5279,#5288,#5296,#5304,#5312));
#5269 = ORIENTED_EDGE('',*,*,#4721,.T.);
#5270 = ORIENTED_EDGE('',*,*,#4660,.T.);
#5271 = ORIENTED_EDGE('',*,*,#5272,.F.);
#5272 = EDGE_CURVE('',#5273,#4661,#5275,.T.);
#5273 = VERTEX_POINT('',#5274);
#5274 = CARTESIAN_POINT('',(7.366,-7.8485,2.157));
#5275 = LINE('',#5276,#5277);
#5276 = CARTESIAN_POINT('',(7.747,-7.8485,2.157));
#5277 = VECTOR('',#5278,1.);
#5278 = DIRECTION('',(-1.,-3.216245299353E-16,0.));
#5279 = ORIENTED_EDGE('',*,*,#5280,.T.);
#5280 = EDGE_CURVE('',#5273,#5281,#5283,.T.);
#5281 = VERTEX_POINT('',#5282);
#5282 = CARTESIAN_POINT('',(7.747,-7.8485,1.776));
#5283 = CIRCLE('',#5284,0.381);
#5284 = AXIS2_PLACEMENT_3D('',#5285,#5286,#5287);
#5285 = CARTESIAN_POINT('',(7.366,-7.8485,1.776));
#5286 = DIRECTION('',(-3.216245299353E-16,1.,0.));
#5287 = DIRECTION('',(0.,0.,1.));
#5288 = ORIENTED_EDGE('',*,*,#5289,.T.);
#5289 = EDGE_CURVE('',#5281,#5290,#5292,.T.);
#5290 = VERTEX_POINT('',#5291);
#5291 = CARTESIAN_POINT('',(7.747,-7.8485,-2.843));
#5292 = LINE('',#5293,#5294);
#5293 = CARTESIAN_POINT('',(7.747,-7.8485,2.157));
#5294 = VECTOR('',#5295,1.);
#5295 = DIRECTION('',(0.,0.,-1.));
#5296 = ORIENTED_EDGE('',*,*,#5297,.T.);
#5297 = EDGE_CURVE('',#5290,#5298,#5300,.T.);
#5298 = VERTEX_POINT('',#5299);
#5299 = CARTESIAN_POINT('',(7.493,-7.8485,-2.843));
#5300 = LINE('',#5301,#5302);
#5301 = CARTESIAN_POINT('',(7.747,-7.8485,-2.843));
#5302 = VECTOR('',#5303,1.);
#5303 = DIRECTION('',(-1.,-3.216245299353E-16,0.));
#5304 = ORIENTED_EDGE('',*,*,#5305,.F.);
#5305 = EDGE_CURVE('',#5306,#5298,#5308,.T.);
#5306 = VERTEX_POINT('',#5307);
#5307 = CARTESIAN_POINT('',(7.493,-7.8485,1.776));
#5308 = LINE('',#5309,#5310);
#5309 = CARTESIAN_POINT('',(7.493,-7.8485,2.157));
#5310 = VECTOR('',#5311,1.);
#5311 = DIRECTION('',(0.,0.,-1.));
#5312 = ORIENTED_EDGE('',*,*,#5313,.T.);
#5313 = EDGE_CURVE('',#5306,#4722,#5314,.T.);
#5314 = CIRCLE('',#5315,0.127);
#5315 = AXIS2_PLACEMENT_3D('',#5316,#5317,#5318);
#5316 = CARTESIAN_POINT('',(7.366,-7.8485,1.776));
#5317 = DIRECTION('',(3.216245299353E-16,-1.,0.));
#5318 = DIRECTION('',(0.,0.,-1.));
#5319 = PLANE('',#5320);
#5320 = AXIS2_PLACEMENT_3D('',#5321,#5322,#5323);
#5321 = CARTESIAN_POINT('',(-0.127,-7.8485,1.776));
#5322 = DIRECTION('',(-4.440892098501E-16,1.,0.));
#5323 = DIRECTION('',(0.,0.,1.));
#5324 = ADVANCED_FACE('',(#5325),#5377,.F.);
#5325 = FACE_BOUND('',#5326,.F.);
#5326 = EDGE_LOOP('',(#5327,#5328,#5329,#5338,#5346,#5354,#5362,#5371));
#5327 = ORIENTED_EDGE('',*,*,#4682,.T.);
#5328 = ORIENTED_EDGE('',*,*,#4743,.T.);
#5329 = ORIENTED_EDGE('',*,*,#5330,.F.);
#5330 = EDGE_CURVE('',#5331,#4744,#5333,.T.);
#5331 = VERTEX_POINT('',#5332);
#5332 = CARTESIAN_POINT('',(7.493,0.2285,1.776));
#5333 = CIRCLE('',#5334,0.127);
#5334 = AXIS2_PLACEMENT_3D('',#5335,#5336,#5337);
#5335 = CARTESIAN_POINT('',(7.366,0.2285,1.776));
#5336 = DIRECTION('',(3.216245299353E-16,-1.,0.));
#5337 = DIRECTION('',(0.,0.,1.));
#5338 = ORIENTED_EDGE('',*,*,#5339,.T.);
#5339 = EDGE_CURVE('',#5331,#5340,#5342,.T.);
#5340 = VERTEX_POINT('',#5341);
#5341 = CARTESIAN_POINT('',(7.493,0.2285,-2.843));
#5342 = LINE('',#5343,#5344);
#5343 = CARTESIAN_POINT('',(7.493,0.2285,2.157));
#5344 = VECTOR('',#5345,1.);
#5345 = DIRECTION('',(0.,0.,-1.));
#5346 = ORIENTED_EDGE('',*,*,#5347,.F.);
#5347 = EDGE_CURVE('',#5348,#5340,#5350,.T.);
#5348 = VERTEX_POINT('',#5349);
#5349 = CARTESIAN_POINT('',(7.747,0.2285,-2.843));
#5350 = LINE('',#5351,#5352);
#5351 = CARTESIAN_POINT('',(7.747,0.2285,-2.843));
#5352 = VECTOR('',#5353,1.);
#5353 = DIRECTION('',(-1.,-3.216245299353E-16,0.));
#5354 = ORIENTED_EDGE('',*,*,#5355,.F.);
#5355 = EDGE_CURVE('',#5356,#5348,#5358,.T.);
#5356 = VERTEX_POINT('',#5357);
#5357 = CARTESIAN_POINT('',(7.747,0.2285,1.776));
#5358 = LINE('',#5359,#5360);
#5359 = CARTESIAN_POINT('',(7.747,0.2285,2.157));
#5360 = VECTOR('',#5361,1.);
#5361 = DIRECTION('',(0.,0.,-1.));
#5362 = ORIENTED_EDGE('',*,*,#5363,.T.);
#5363 = EDGE_CURVE('',#5356,#5364,#5366,.T.);
#5364 = VERTEX_POINT('',#5365);
#5365 = CARTESIAN_POINT('',(7.366,0.2285,2.157));
#5366 = CIRCLE('',#5367,0.381);
#5367 = AXIS2_PLACEMENT_3D('',#5368,#5369,#5370);
#5368 = CARTESIAN_POINT('',(7.366,0.2285,1.776));
#5369 = DIRECTION('',(3.216245299353E-16,-1.,0.));
#5370 = DIRECTION('',(0.,0.,1.));
#5371 = ORIENTED_EDGE('',*,*,#5372,.F.);
#5372 = EDGE_CURVE('',#4683,#5364,#5373,.T.);
#5373 = LINE('',#5374,#5375);
#5374 = CARTESIAN_POINT('',(3.81,0.2285,2.157));
#5375 = VECTOR('',#5376,1.);
#5376 = DIRECTION('',(1.,3.216245299353E-16,0.));
#5377 = PLANE('',#5378);
#5378 = AXIS2_PLACEMENT_3D('',#5379,#5380,#5381);
#5379 = CARTESIAN_POINT('',(0.254,0.2285,2.157));
#5380 = DIRECTION('',(4.440892098501E-16,-1.,2.331176954594E-15));
#5381 = DIRECTION('',(1.035250531786E-30,-2.331176954594E-15,-1.));
#5382 = ADVANCED_FACE('',(#5383),#5407,.T.);
#5383 = FACE_BOUND('',#5384,.T.);
#5384 = EDGE_LOOP('',(#5385,#5393,#5394,#5401));
#5385 = ORIENTED_EDGE('',*,*,#5386,.T.);
#5386 = EDGE_CURVE('',#5387,#4683,#5389,.T.);
#5387 = VERTEX_POINT('',#5388);
#5388 = CARTESIAN_POINT('',(6.91,0.2285,2.157));
#5389 = LINE('',#5390,#5391);
#5390 = CARTESIAN_POINT('',(3.81,0.2285,2.157));
#5391 = VECTOR('',#5392,1.);
#5392 = DIRECTION('',(1.,3.216245299353E-16,0.));
#5393 = ORIENTED_EDGE('',*,*,#4698,.T.);
#5394 = ORIENTED_EDGE('',*,*,#5395,.T.);
#5395 = EDGE_CURVE('',#4692,#5396,#5398,.T.);
#5396 = VERTEX_POINT('',#5397);
#5397 = CARTESIAN_POINT('',(6.91,0.75,2.157));
#5398 = B_SPLINE_CURVE_WITH_KNOTS('',1,(#5399,#5400),.UNSPECIFIED.,.F.,
  .F.,(2,2),(0.,1.),.PIECEWISE_BEZIER_KNOTS.);
#5399 = CARTESIAN_POINT('',(6.985,0.825,2.157));
#5400 = CARTESIAN_POINT('',(6.91,0.75,2.157));
#5401 = ORIENTED_EDGE('',*,*,#5402,.F.);
#5402 = EDGE_CURVE('',#5387,#5396,#5403,.T.);
#5403 = LINE('',#5404,#5405);
#5404 = CARTESIAN_POINT('',(6.91,-8.37,2.157));
#5405 = VECTOR('',#5406,1.);
#5406 = DIRECTION('',(-4.440892098501E-16,1.,0.));
#5407 = B_SPLINE_SURFACE_WITH_KNOTS('',1,1,(
    (#5408,#5409)
    ,(#5410,#5411
    )),.UNSPECIFIED.,.F.,.F.,.F.,(2,2),(2,2),(0.,9.27),(0.,1.),
  .PIECEWISE_BEZIER_KNOTS.);
#5408 = CARTESIAN_POINT('',(6.985,-8.445,2.157));
#5409 = CARTESIAN_POINT('',(6.91,-8.37,2.157));
#5410 = CARTESIAN_POINT('',(6.985,0.825,2.157));
#5411 = CARTESIAN_POINT('',(6.91,0.75,2.157));
#5412 = ADVANCED_FACE('',(#5413),#5465,.F.);
#5413 = FACE_BOUND('',#5414,.F.);
#5414 = EDGE_LOOP('',(#5415,#5416,#5417,#5426,#5434,#5442,#5450,#5459));
#5415 = ORIENTED_EDGE('',*,*,#4774,.T.);
#5416 = ORIENTED_EDGE('',*,*,#4712,.T.);
#5417 = ORIENTED_EDGE('',*,*,#5418,.F.);
#5418 = EDGE_CURVE('',#5419,#4713,#5421,.T.);
#5419 = VERTEX_POINT('',#5420);
#5420 = CARTESIAN_POINT('',(7.493,-6.858,1.776));
#5421 = CIRCLE('',#5422,0.127);
#5422 = AXIS2_PLACEMENT_3D('',#5423,#5424,#5425);
#5423 = CARTESIAN_POINT('',(7.366,-6.858,1.776));
#5424 = DIRECTION('',(3.216245299353E-16,-1.,0.));
#5425 = DIRECTION('',(0.,0.,-1.));
#5426 = ORIENTED_EDGE('',*,*,#5427,.F.);
#5427 = EDGE_CURVE('',#5428,#5419,#5430,.T.);
#5428 = VERTEX_POINT('',#5429);
#5429 = CARTESIAN_POINT('',(7.493,-6.858,0.));
#5430 = LINE('',#5431,#5432);
#5431 = CARTESIAN_POINT('',(7.493,-6.858,0.));
#5432 = VECTOR('',#5433,1.);
#5433 = DIRECTION('',(0.,0.,1.));
#5434 = ORIENTED_EDGE('',*,*,#5435,.F.);
#5435 = EDGE_CURVE('',#5436,#5428,#5438,.T.);
#5436 = VERTEX_POINT('',#5437);
#5437 = CARTESIAN_POINT('',(7.747,-6.858,0.));
#5438 = LINE('',#5439,#5440);
#5439 = CARTESIAN_POINT('',(7.747,-6.858,0.));
#5440 = VECTOR('',#5441,1.);
#5441 = DIRECTION('',(-1.,-3.216245299353E-16,0.));
#5442 = ORIENTED_EDGE('',*,*,#5443,.T.);
#5443 = EDGE_CURVE('',#5436,#5444,#5446,.T.);
#5444 = VERTEX_POINT('',#5445);
#5445 = CARTESIAN_POINT('',(7.747,-6.858,1.776));
#5446 = LINE('',#5447,#5448);
#5447 = CARTESIAN_POINT('',(7.747,-6.858,0.));
#5448 = VECTOR('',#5449,1.);
#5449 = DIRECTION('',(0.,0.,1.));
#5450 = ORIENTED_EDGE('',*,*,#5451,.F.);
#5451 = EDGE_CURVE('',#5452,#5444,#5454,.T.);
#5452 = VERTEX_POINT('',#5453);
#5453 = CARTESIAN_POINT('',(7.366,-6.858,2.157));
#5454 = CIRCLE('',#5455,0.381);
#5455 = AXIS2_PLACEMENT_3D('',#5456,#5457,#5458);
#5456 = CARTESIAN_POINT('',(7.366,-6.858,1.776));
#5457 = DIRECTION('',(-3.216245299353E-16,1.,0.));
#5458 = DIRECTION('',(0.,0.,1.));
#5459 = ORIENTED_EDGE('',*,*,#5460,.F.);
#5460 = EDGE_CURVE('',#4775,#5452,#5461,.T.);
#5461 = LINE('',#5462,#5463);
#5462 = CARTESIAN_POINT('',(3.81,-6.858,2.157));
#5463 = VECTOR('',#5464,1.);
#5464 = DIRECTION('',(1.,3.216245299353E-16,0.));
#5465 = PLANE('',#5466);
#5466 = AXIS2_PLACEMENT_3D('',#5467,#5468,#5469);
#5467 = CARTESIAN_POINT('',(0.254,-6.858,2.157));
#5468 = DIRECTION('',(4.440892098501E-16,-1.,0.));
#5469 = DIRECTION('',(0.,-0.,-1.));
#5470 = ADVANCED_FACE('',(#5471),#5482,.F.);
#5471 = FACE_BOUND('',#5472,.F.);
#5472 = EDGE_LOOP('',(#5473,#5479,#5480,#5481));
#5473 = ORIENTED_EDGE('',*,*,#5474,.T.);
#5474 = EDGE_CURVE('',#5306,#5419,#5475,.T.);
#5475 = LINE('',#5476,#5477);
#5476 = CARTESIAN_POINT('',(7.493,-7.8485,1.776));
#5477 = VECTOR('',#5478,1.);
#5478 = DIRECTION('',(-3.216245299353E-16,1.,0.));
#5479 = ORIENTED_EDGE('',*,*,#5418,.T.);
#5480 = ORIENTED_EDGE('',*,*,#4729,.F.);
#5481 = ORIENTED_EDGE('',*,*,#5313,.F.);
#5482 = CYLINDRICAL_SURFACE('',#5483,0.127);
#5483 = AXIS2_PLACEMENT_3D('',#5484,#5485,#5486);
#5484 = CARTESIAN_POINT('',(7.366,-7.8485,1.776));
#5485 = DIRECTION('',(-3.216245299353E-16,1.,0.));
#5486 = DIRECTION('',(1.,3.216245299353E-16,0.));
#5487 = ADVANCED_FACE('',(#5488),#5507,.F.);
#5488 = FACE_BOUND('',#5489,.F.);
#5489 = EDGE_LOOP('',(#5490,#5491,#5492,#5501));
#5490 = ORIENTED_EDGE('',*,*,#5330,.T.);
#5491 = ORIENTED_EDGE('',*,*,#4760,.T.);
#5492 = ORIENTED_EDGE('',*,*,#5493,.F.);
#5493 = EDGE_CURVE('',#5494,#4753,#5496,.T.);
#5494 = VERTEX_POINT('',#5495);
#5495 = CARTESIAN_POINT('',(7.493,-0.762,1.776));
#5496 = CIRCLE('',#5497,0.127);
#5497 = AXIS2_PLACEMENT_3D('',#5498,#5499,#5500);
#5498 = CARTESIAN_POINT('',(7.366,-0.762,1.776));
#5499 = DIRECTION('',(3.216245299353E-16,-1.,0.));
#5500 = DIRECTION('',(0.,0.,1.));
#5501 = ORIENTED_EDGE('',*,*,#5502,.F.);
#5502 = EDGE_CURVE('',#5331,#5494,#5503,.T.);
#5503 = LINE('',#5504,#5505);
#5504 = CARTESIAN_POINT('',(7.493,0.2285,1.776));
#5505 = VECTOR('',#5506,1.);
#5506 = DIRECTION('',(3.216245299353E-16,-1.,0.));
#5507 = CYLINDRICAL_SURFACE('',#5508,0.127);
#5508 = AXIS2_PLACEMENT_3D('',#5509,#5510,#5511);
#5509 = CARTESIAN_POINT('',(7.366,0.2285,1.776));
#5510 = DIRECTION('',(3.216245299353E-16,-1.,0.));
#5511 = DIRECTION('',(1.,3.216245299353E-16,0.));
#5512 = ADVANCED_FACE('',(#5513),#5557,.T.);
#5513 = FACE_BOUND('',#5514,.T.);
#5514 = EDGE_LOOP('',(#5515,#5516,#5517,#5518,#5526,#5534,#5542,#5551));
#5515 = ORIENTED_EDGE('',*,*,#4814,.T.);
#5516 = ORIENTED_EDGE('',*,*,#4752,.F.);
#5517 = ORIENTED_EDGE('',*,*,#5493,.F.);
#5518 = ORIENTED_EDGE('',*,*,#5519,.F.);
#5519 = EDGE_CURVE('',#5520,#5494,#5522,.T.);
#5520 = VERTEX_POINT('',#5521);
#5521 = CARTESIAN_POINT('',(7.493,-0.762,0.));
#5522 = LINE('',#5523,#5524);
#5523 = CARTESIAN_POINT('',(7.493,-0.762,0.));
#5524 = VECTOR('',#5525,1.);
#5525 = DIRECTION('',(0.,0.,1.));
#5526 = ORIENTED_EDGE('',*,*,#5527,.F.);
#5527 = EDGE_CURVE('',#5528,#5520,#5530,.T.);
#5528 = VERTEX_POINT('',#5529);
#5529 = CARTESIAN_POINT('',(7.747,-0.762,0.));
#5530 = LINE('',#5531,#5532);
#5531 = CARTESIAN_POINT('',(7.747,-0.762,0.));
#5532 = VECTOR('',#5533,1.);
#5533 = DIRECTION('',(-1.,-3.216245299353E-16,0.));
#5534 = ORIENTED_EDGE('',*,*,#5535,.T.);
#5535 = EDGE_CURVE('',#5528,#5536,#5538,.T.);
#5536 = VERTEX_POINT('',#5537);
#5537 = CARTESIAN_POINT('',(7.747,-0.762,1.776));
#5538 = LINE('',#5539,#5540);
#5539 = CARTESIAN_POINT('',(7.747,-0.762,0.));
#5540 = VECTOR('',#5541,1.);
#5541 = DIRECTION('',(0.,0.,1.));
#5542 = ORIENTED_EDGE('',*,*,#5543,.T.);
#5543 = EDGE_CURVE('',#5536,#5544,#5546,.T.);
#5544 = VERTEX_POINT('',#5545);
#5545 = CARTESIAN_POINT('',(7.366,-0.762,2.157));
#5546 = CIRCLE('',#5547,0.381);
#5547 = AXIS2_PLACEMENT_3D('',#5548,#5549,#5550);
#5548 = CARTESIAN_POINT('',(7.366,-0.762,1.776));
#5549 = DIRECTION('',(3.216245299353E-16,-1.,0.));
#5550 = DIRECTION('',(0.,0.,1.));
#5551 = ORIENTED_EDGE('',*,*,#5552,.T.);
#5552 = EDGE_CURVE('',#5544,#4815,#5553,.T.);
#5553 = LINE('',#5554,#5555);
#5554 = CARTESIAN_POINT('',(7.747,-0.762,2.157));
#5555 = VECTOR('',#5556,1.);
#5556 = DIRECTION('',(-1.,-3.216245299353E-16,0.));
#5557 = PLANE('',#5558);
#5558 = AXIS2_PLACEMENT_3D('',#5559,#5560,#5561);
#5559 = CARTESIAN_POINT('',(-0.127,-0.762,0.));
#5560 = DIRECTION('',(4.440892098501E-16,-1.,0.));
#5561 = DIRECTION('',(0.,-0.,-1.));
#5562 = ADVANCED_FACE('',(#5563),#5588,.T.);
#5563 = FACE_BOUND('',#5564,.T.);
#5564 = EDGE_LOOP('',(#5565,#5573,#5574,#5582));
#5565 = ORIENTED_EDGE('',*,*,#5566,.T.);
#5566 = EDGE_CURVE('',#5567,#4775,#5569,.T.);
#5567 = VERTEX_POINT('',#5568);
#5568 = CARTESIAN_POINT('',(6.91,-6.858,2.157));
#5569 = LINE('',#5570,#5571);
#5570 = CARTESIAN_POINT('',(3.81,-6.858,2.157));
#5571 = VECTOR('',#5572,1.);
#5572 = DIRECTION('',(1.,3.216245299353E-16,0.));
#5573 = ORIENTED_EDGE('',*,*,#4791,.T.);
#5574 = ORIENTED_EDGE('',*,*,#5575,.T.);
#5575 = EDGE_CURVE('',#4784,#5576,#5578,.T.);
#5576 = VERTEX_POINT('',#5577);
#5577 = CARTESIAN_POINT('',(6.91,-5.842,2.157));
#5578 = LINE('',#5579,#5580);
#5579 = CARTESIAN_POINT('',(7.62,-5.842,2.157));
#5580 = VECTOR('',#5581,1.);
#5581 = DIRECTION('',(-1.,-3.216245299353E-16,0.));
#5582 = ORIENTED_EDGE('',*,*,#5583,.F.);
#5583 = EDGE_CURVE('',#5567,#5576,#5584,.T.);
#5584 = LINE('',#5585,#5586);
#5585 = CARTESIAN_POINT('',(6.91,-8.37,2.157));
#5586 = VECTOR('',#5587,1.);
#5587 = DIRECTION('',(-4.440892098501E-16,1.,0.));
#5588 = B_SPLINE_SURFACE_WITH_KNOTS('',1,1,(
    (#5589,#5590)
    ,(#5591,#5592
    )),.UNSPECIFIED.,.F.,.F.,.F.,(2,2),(2,2),(0.,9.27),(0.,1.),
  .PIECEWISE_BEZIER_KNOTS.);
#5589 = CARTESIAN_POINT('',(6.985,-8.445,2.157));
#5590 = CARTESIAN_POINT('',(6.91,-8.37,2.157));
#5591 = CARTESIAN_POINT('',(6.985,0.825,2.157));
#5592 = CARTESIAN_POINT('',(6.91,0.75,2.157));
#5593 = ADVANCED_FACE('',(#5594),#5646,.F.);
#5594 = FACE_BOUND('',#5595,.F.);
#5595 = EDGE_LOOP('',(#5596,#5597,#5598,#5606,#5615,#5623,#5631,#5639));
#5596 = ORIENTED_EDGE('',*,*,#4845,.T.);
#5597 = ORIENTED_EDGE('',*,*,#4783,.T.);
#5598 = ORIENTED_EDGE('',*,*,#5599,.F.);
#5599 = EDGE_CURVE('',#5600,#4784,#5602,.T.);
#5600 = VERTEX_POINT('',#5601);
#5601 = CARTESIAN_POINT('',(7.366,-5.842,2.157));
#5602 = LINE('',#5603,#5604);
#5603 = CARTESIAN_POINT('',(7.62,-5.842,2.157));
#5604 = VECTOR('',#5605,1.);
#5605 = DIRECTION('',(-1.,-3.216245299353E-16,0.));
#5606 = ORIENTED_EDGE('',*,*,#5607,.T.);
#5607 = EDGE_CURVE('',#5600,#5608,#5610,.T.);
#5608 = VERTEX_POINT('',#5609);
#5609 = CARTESIAN_POINT('',(7.747,-5.842,1.776));
#5610 = CIRCLE('',#5611,0.381);
#5611 = AXIS2_PLACEMENT_3D('',#5612,#5613,#5614);
#5612 = CARTESIAN_POINT('',(7.366,-5.842,1.776));
#5613 = DIRECTION('',(-3.216245299353E-16,1.,0.));
#5614 = DIRECTION('',(0.,0.,1.));
#5615 = ORIENTED_EDGE('',*,*,#5616,.T.);
#5616 = EDGE_CURVE('',#5608,#5617,#5619,.T.);
#5617 = VERTEX_POINT('',#5618);
#5618 = CARTESIAN_POINT('',(7.747,-5.842,0.));
#5619 = LINE('',#5620,#5621);
#5620 = CARTESIAN_POINT('',(7.747,-5.842,2.157));
#5621 = VECTOR('',#5622,1.);
#5622 = DIRECTION('',(0.,0.,-1.));
#5623 = ORIENTED_EDGE('',*,*,#5624,.T.);
#5624 = EDGE_CURVE('',#5617,#5625,#5627,.T.);
#5625 = VERTEX_POINT('',#5626);
#5626 = CARTESIAN_POINT('',(7.493,-5.842,0.));
#5627 = LINE('',#5628,#5629);
#5628 = CARTESIAN_POINT('',(7.747,-5.842,0.));
#5629 = VECTOR('',#5630,1.);
#5630 = DIRECTION('',(-1.,-3.216245299353E-16,0.));
#5631 = ORIENTED_EDGE('',*,*,#5632,.F.);
#5632 = EDGE_CURVE('',#5633,#5625,#5635,.T.);
#5633 = VERTEX_POINT('',#5634);
#5634 = CARTESIAN_POINT('',(7.493,-5.842,1.776));
#5635 = LINE('',#5636,#5637);
#5636 = CARTESIAN_POINT('',(7.493,-5.842,2.157));
#5637 = VECTOR('',#5638,1.);
#5638 = DIRECTION('',(0.,0.,-1.));
#5639 = ORIENTED_EDGE('',*,*,#5640,.T.);
#5640 = EDGE_CURVE('',#5633,#4846,#5641,.T.);
#5641 = CIRCLE('',#5642,0.127);
#5642 = AXIS2_PLACEMENT_3D('',#5643,#5644,#5645);
#5643 = CARTESIAN_POINT('',(7.366,-5.842,1.776));
#5644 = DIRECTION('',(3.216245299353E-16,-1.,0.));
#5645 = DIRECTION('',(0.,0.,-1.));
#5646 = PLANE('',#5647);
#5647 = AXIS2_PLACEMENT_3D('',#5648,#5649,#5650);
#5648 = CARTESIAN_POINT('',(0.254,-5.842,2.157));
#5649 = DIRECTION('',(-4.440892098501E-16,1.,0.));
#5650 = DIRECTION('',(0.,0.,1.));
#5651 = ADVANCED_FACE('',(#5652),#5704,.T.);
#5652 = FACE_BOUND('',#5653,.T.);
#5653 = EDGE_LOOP('',(#5654,#5655,#5656,#5664,#5673,#5681,#5689,#5697));
#5654 = ORIENTED_EDGE('',*,*,#4867,.F.);
#5655 = ORIENTED_EDGE('',*,*,#4805,.T.);
#5656 = ORIENTED_EDGE('',*,*,#5657,.T.);
#5657 = EDGE_CURVE('',#4806,#5658,#5660,.T.);
#5658 = VERTEX_POINT('',#5659);
#5659 = CARTESIAN_POINT('',(7.366,-1.778,2.157));
#5660 = LINE('',#5661,#5662);
#5661 = CARTESIAN_POINT('',(3.683,-1.778,2.157));
#5662 = VECTOR('',#5663,1.);
#5663 = DIRECTION('',(1.,3.216245299353E-16,0.));
#5664 = ORIENTED_EDGE('',*,*,#5665,.T.);
#5665 = EDGE_CURVE('',#5658,#5666,#5668,.T.);
#5666 = VERTEX_POINT('',#5667);
#5667 = CARTESIAN_POINT('',(7.747,-1.778,1.776));
#5668 = CIRCLE('',#5669,0.381);
#5669 = AXIS2_PLACEMENT_3D('',#5670,#5671,#5672);
#5670 = CARTESIAN_POINT('',(7.366,-1.778,1.776));
#5671 = DIRECTION('',(-3.216245299353E-16,1.,0.));
#5672 = DIRECTION('',(0.,0.,1.));
#5673 = ORIENTED_EDGE('',*,*,#5674,.F.);
#5674 = EDGE_CURVE('',#5675,#5666,#5677,.T.);
#5675 = VERTEX_POINT('',#5676);
#5676 = CARTESIAN_POINT('',(7.747,-1.778,0.));
#5677 = LINE('',#5678,#5679);
#5678 = CARTESIAN_POINT('',(7.747,-1.778,0.));
#5679 = VECTOR('',#5680,1.);
#5680 = DIRECTION('',(0.,0.,1.));
#5681 = ORIENTED_EDGE('',*,*,#5682,.T.);
#5682 = EDGE_CURVE('',#5675,#5683,#5685,.T.);
#5683 = VERTEX_POINT('',#5684);
#5684 = CARTESIAN_POINT('',(7.493,-1.778,0.));
#5685 = LINE('',#5686,#5687);
#5686 = CARTESIAN_POINT('',(7.747,-1.778,0.));
#5687 = VECTOR('',#5688,1.);
#5688 = DIRECTION('',(-1.,-3.216245299353E-16,0.));
#5689 = ORIENTED_EDGE('',*,*,#5690,.T.);
#5690 = EDGE_CURVE('',#5683,#5691,#5693,.T.);
#5691 = VERTEX_POINT('',#5692);
#5692 = CARTESIAN_POINT('',(7.493,-1.778,1.776));
#5693 = LINE('',#5694,#5695);
#5694 = CARTESIAN_POINT('',(7.493,-1.778,0.));
#5695 = VECTOR('',#5696,1.);
#5696 = DIRECTION('',(0.,0.,1.));
#5697 = ORIENTED_EDGE('',*,*,#5698,.T.);
#5698 = EDGE_CURVE('',#5691,#4868,#5699,.T.);
#5699 = CIRCLE('',#5700,0.127);
#5700 = AXIS2_PLACEMENT_3D('',#5701,#5702,#5703);
#5701 = CARTESIAN_POINT('',(7.366,-1.778,1.776));
#5702 = DIRECTION('',(3.216245299353E-16,-1.,0.));
#5703 = DIRECTION('',(0.,0.,-1.));
#5704 = PLANE('',#5705);
#5705 = AXIS2_PLACEMENT_3D('',#5706,#5707,#5708);
#5706 = CARTESIAN_POINT('',(0.254,-1.778,2.157));
#5707 = DIRECTION('',(-4.440892098501E-16,1.,0.));
#5708 = DIRECTION('',(0.,0.,1.));
#5709 = ADVANCED_FACE('',(#5710),#5735,.T.);
#5710 = FACE_BOUND('',#5711,.T.);
#5711 = EDGE_LOOP('',(#5712,#5720,#5721,#5729));
#5712 = ORIENTED_EDGE('',*,*,#5713,.T.);
#5713 = EDGE_CURVE('',#5714,#4806,#5716,.T.);
#5714 = VERTEX_POINT('',#5715);
#5715 = CARTESIAN_POINT('',(6.91,-1.778,2.157));
#5716 = LINE('',#5717,#5718);
#5717 = CARTESIAN_POINT('',(3.683,-1.778,2.157));
#5718 = VECTOR('',#5719,1.);
#5719 = DIRECTION('',(1.,3.216245299353E-16,0.));
#5720 = ORIENTED_EDGE('',*,*,#4822,.T.);
#5721 = ORIENTED_EDGE('',*,*,#5722,.T.);
#5722 = EDGE_CURVE('',#4815,#5723,#5725,.T.);
#5723 = VERTEX_POINT('',#5724);
#5724 = CARTESIAN_POINT('',(6.91,-0.762,2.157));
#5725 = LINE('',#5726,#5727);
#5726 = CARTESIAN_POINT('',(7.747,-0.762,2.157));
#5727 = VECTOR('',#5728,1.);
#5728 = DIRECTION('',(-1.,-3.216245299353E-16,0.));
#5729 = ORIENTED_EDGE('',*,*,#5730,.F.);
#5730 = EDGE_CURVE('',#5714,#5723,#5731,.T.);
#5731 = LINE('',#5732,#5733);
#5732 = CARTESIAN_POINT('',(6.91,-8.37,2.157));
#5733 = VECTOR('',#5734,1.);
#5734 = DIRECTION('',(-4.440892098501E-16,1.,0.));
#5735 = B_SPLINE_SURFACE_WITH_KNOTS('',1,1,(
    (#5736,#5737)
    ,(#5738,#5739
    )),.UNSPECIFIED.,.F.,.F.,.F.,(2,2),(2,2),(0.,9.27),(0.,1.),
  .PIECEWISE_BEZIER_KNOTS.);
#5736 = CARTESIAN_POINT('',(6.985,-8.445,2.157));
#5737 = CARTESIAN_POINT('',(6.91,-8.37,2.157));
#5738 = CARTESIAN_POINT('',(6.985,0.825,2.157));
#5739 = CARTESIAN_POINT('',(6.91,0.75,2.157));
#5740 = ADVANCED_FACE('',(#5741),#5793,.T.);
#5741 = FACE_BOUND('',#5742,.T.);
#5742 = EDGE_LOOP('',(#5743,#5744,#5745,#5753,#5762,#5770,#5778,#5786));
#5743 = ORIENTED_EDGE('',*,*,#4836,.F.);
#5744 = ORIENTED_EDGE('',*,*,#4898,.T.);
#5745 = ORIENTED_EDGE('',*,*,#5746,.T.);
#5746 = EDGE_CURVE('',#4899,#5747,#5749,.T.);
#5747 = VERTEX_POINT('',#5748);
#5748 = CARTESIAN_POINT('',(7.366,-4.318,2.157));
#5749 = LINE('',#5750,#5751);
#5750 = CARTESIAN_POINT('',(3.683,-4.318,2.157));
#5751 = VECTOR('',#5752,1.);
#5752 = DIRECTION('',(1.,3.216245299353E-16,0.));
#5753 = ORIENTED_EDGE('',*,*,#5754,.T.);
#5754 = EDGE_CURVE('',#5747,#5755,#5757,.T.);
#5755 = VERTEX_POINT('',#5756);
#5756 = CARTESIAN_POINT('',(7.747,-4.318,1.776));
#5757 = CIRCLE('',#5758,0.381);
#5758 = AXIS2_PLACEMENT_3D('',#5759,#5760,#5761);
#5759 = CARTESIAN_POINT('',(7.366,-4.318,1.776));
#5760 = DIRECTION('',(-3.216245299353E-16,1.,0.));
#5761 = DIRECTION('',(0.,0.,1.));
#5762 = ORIENTED_EDGE('',*,*,#5763,.F.);
#5763 = EDGE_CURVE('',#5764,#5755,#5766,.T.);
#5764 = VERTEX_POINT('',#5765);
#5765 = CARTESIAN_POINT('',(7.747,-4.318,0.));
#5766 = LINE('',#5767,#5768);
#5767 = CARTESIAN_POINT('',(7.747,-4.318,0.));
#5768 = VECTOR('',#5769,1.);
#5769 = DIRECTION('',(0.,0.,1.));
#5770 = ORIENTED_EDGE('',*,*,#5771,.T.);
#5771 = EDGE_CURVE('',#5764,#5772,#5774,.T.);
#5772 = VERTEX_POINT('',#5773);
#5773 = CARTESIAN_POINT('',(7.493,-4.318,0.));
#5774 = LINE('',#5775,#5776);
#5775 = CARTESIAN_POINT('',(7.747,-4.318,0.));
#5776 = VECTOR('',#5777,1.);
#5777 = DIRECTION('',(-1.,-3.216245299353E-16,0.));
#5778 = ORIENTED_EDGE('',*,*,#5779,.T.);
#5779 = EDGE_CURVE('',#5772,#5780,#5782,.T.);
#5780 = VERTEX_POINT('',#5781);
#5781 = CARTESIAN_POINT('',(7.493,-4.318,1.776));
#5782 = LINE('',#5783,#5784);
#5783 = CARTESIAN_POINT('',(7.493,-4.318,0.));
#5784 = VECTOR('',#5785,1.);
#5785 = DIRECTION('',(0.,0.,1.));
#5786 = ORIENTED_EDGE('',*,*,#5787,.T.);
#5787 = EDGE_CURVE('',#5780,#4837,#5788,.T.);
#5788 = CIRCLE('',#5789,0.127);
#5789 = AXIS2_PLACEMENT_3D('',#5790,#5791,#5792);
#5790 = CARTESIAN_POINT('',(7.366,-4.318,1.776));
#5791 = DIRECTION('',(3.216245299353E-16,-1.,0.));
#5792 = DIRECTION('',(0.,0.,-1.));
#5793 = PLANE('',#5794);
#5794 = AXIS2_PLACEMENT_3D('',#5795,#5796,#5797);
#5795 = CARTESIAN_POINT('',(0.254,-4.318,2.157));
#5796 = DIRECTION('',(-4.440892098501E-16,1.,0.));
#5797 = DIRECTION('',(0.,0.,1.));
#5798 = ADVANCED_FACE('',(#5799),#5810,.F.);
#5799 = FACE_BOUND('',#5800,.F.);
#5800 = EDGE_LOOP('',(#5801,#5807,#5808,#5809));
#5801 = ORIENTED_EDGE('',*,*,#5802,.T.);
#5802 = EDGE_CURVE('',#5633,#5780,#5803,.T.);
#5803 = LINE('',#5804,#5805);
#5804 = CARTESIAN_POINT('',(7.493,-5.842,1.776));
#5805 = VECTOR('',#5806,1.);
#5806 = DIRECTION('',(-3.216245299353E-16,1.,0.));
#5807 = ORIENTED_EDGE('',*,*,#5787,.T.);
#5808 = ORIENTED_EDGE('',*,*,#4853,.F.);
#5809 = ORIENTED_EDGE('',*,*,#5640,.F.);
#5810 = CYLINDRICAL_SURFACE('',#5811,0.127);
#5811 = AXIS2_PLACEMENT_3D('',#5812,#5813,#5814);
#5812 = CARTESIAN_POINT('',(7.366,-5.842,1.776));
#5813 = DIRECTION('',(-3.216245299353E-16,1.,0.));
#5814 = DIRECTION('',(1.,3.216245299353E-16,0.));
#5815 = ADVANCED_FACE('',(#5816),#5835,.F.);
#5816 = FACE_BOUND('',#5817,.F.);
#5817 = EDGE_LOOP('',(#5818,#5826,#5827,#5828));
#5818 = ORIENTED_EDGE('',*,*,#5819,.T.);
#5819 = EDGE_CURVE('',#5820,#5691,#5822,.T.);
#5820 = VERTEX_POINT('',#5821);
#5821 = CARTESIAN_POINT('',(7.493,-3.302,1.776));
#5822 = LINE('',#5823,#5824);
#5823 = CARTESIAN_POINT('',(7.493,-3.302,1.776));
#5824 = VECTOR('',#5825,1.);
#5825 = DIRECTION('',(-3.216245299353E-16,1.,0.));
#5826 = ORIENTED_EDGE('',*,*,#5698,.T.);
#5827 = ORIENTED_EDGE('',*,*,#4884,.F.);
#5828 = ORIENTED_EDGE('',*,*,#5829,.F.);
#5829 = EDGE_CURVE('',#5820,#4877,#5830,.T.);
#5830 = CIRCLE('',#5831,0.127);
#5831 = AXIS2_PLACEMENT_3D('',#5832,#5833,#5834);
#5832 = CARTESIAN_POINT('',(7.366,-3.302,1.776));
#5833 = DIRECTION('',(3.216245299353E-16,-1.,0.));
#5834 = DIRECTION('',(0.,0.,-1.));
#5835 = CYLINDRICAL_SURFACE('',#5836,0.127);
#5836 = AXIS2_PLACEMENT_3D('',#5837,#5838,#5839);
#5837 = CARTESIAN_POINT('',(7.366,-3.302,1.776));
#5838 = DIRECTION('',(-3.216245299353E-16,1.,0.));
#5839 = DIRECTION('',(1.,3.216245299353E-16,0.));
#5840 = ADVANCED_FACE('',(#5841),#5885,.F.);
#5841 = FACE_BOUND('',#5842,.F.);
#5842 = EDGE_LOOP('',(#5843,#5844,#5845,#5853,#5862,#5870,#5878,#5884));
#5843 = ORIENTED_EDGE('',*,*,#4876,.T.);
#5844 = ORIENTED_EDGE('',*,*,#4907,.T.);
#5845 = ORIENTED_EDGE('',*,*,#5846,.F.);
#5846 = EDGE_CURVE('',#5847,#4908,#5849,.T.);
#5847 = VERTEX_POINT('',#5848);
#5848 = CARTESIAN_POINT('',(7.366,-3.302,2.157));
#5849 = LINE('',#5850,#5851);
#5850 = CARTESIAN_POINT('',(7.62,-3.302,2.157));
#5851 = VECTOR('',#5852,1.);
#5852 = DIRECTION('',(-1.,-3.216245299353E-16,0.));
#5853 = ORIENTED_EDGE('',*,*,#5854,.T.);
#5854 = EDGE_CURVE('',#5847,#5855,#5857,.T.);
#5855 = VERTEX_POINT('',#5856);
#5856 = CARTESIAN_POINT('',(7.747,-3.302,1.776));
#5857 = CIRCLE('',#5858,0.381);
#5858 = AXIS2_PLACEMENT_3D('',#5859,#5860,#5861);
#5859 = CARTESIAN_POINT('',(7.366,-3.302,1.776));
#5860 = DIRECTION('',(-3.216245299353E-16,1.,0.));
#5861 = DIRECTION('',(0.,0.,1.));
#5862 = ORIENTED_EDGE('',*,*,#5863,.T.);
#5863 = EDGE_CURVE('',#5855,#5864,#5866,.T.);
#5864 = VERTEX_POINT('',#5865);
#5865 = CARTESIAN_POINT('',(7.747,-3.302,0.));
#5866 = LINE('',#5867,#5868);
#5867 = CARTESIAN_POINT('',(7.747,-3.302,2.157));
#5868 = VECTOR('',#5869,1.);
#5869 = DIRECTION('',(0.,0.,-1.));
#5870 = ORIENTED_EDGE('',*,*,#5871,.T.);
#5871 = EDGE_CURVE('',#5864,#5872,#5874,.T.);
#5872 = VERTEX_POINT('',#5873);
#5873 = CARTESIAN_POINT('',(7.493,-3.302,0.));
#5874 = LINE('',#5875,#5876);
#5875 = CARTESIAN_POINT('',(7.747,-3.302,0.));
#5876 = VECTOR('',#5877,1.);
#5877 = DIRECTION('',(-1.,-3.216245299353E-16,0.));
#5878 = ORIENTED_EDGE('',*,*,#5879,.F.);
#5879 = EDGE_CURVE('',#5820,#5872,#5880,.T.);
#5880 = LINE('',#5881,#5882);
#5881 = CARTESIAN_POINT('',(7.493,-3.302,2.157));
#5882 = VECTOR('',#5883,1.);
#5883 = DIRECTION('',(0.,0.,-1.));
#5884 = ORIENTED_EDGE('',*,*,#5829,.T.);
#5885 = PLANE('',#5886);
#5886 = AXIS2_PLACEMENT_3D('',#5887,#5888,#5889);
#5887 = CARTESIAN_POINT('',(0.254,-3.302,2.157));
#5888 = DIRECTION('',(-4.440892098501E-16,1.,0.));
#5889 = DIRECTION('',(0.,0.,1.));
#5890 = ADVANCED_FACE('',(#5891),#5916,.T.);
#5891 = FACE_BOUND('',#5892,.T.);
#5892 = EDGE_LOOP('',(#5893,#5901,#5902,#5910));
#5893 = ORIENTED_EDGE('',*,*,#5894,.T.);
#5894 = EDGE_CURVE('',#5895,#4899,#5897,.T.);
#5895 = VERTEX_POINT('',#5896);
#5896 = CARTESIAN_POINT('',(6.91,-4.318,2.157));
#5897 = LINE('',#5898,#5899);
#5898 = CARTESIAN_POINT('',(3.683,-4.318,2.157));
#5899 = VECTOR('',#5900,1.);
#5900 = DIRECTION('',(1.,3.216245299353E-16,0.));
#5901 = ORIENTED_EDGE('',*,*,#4915,.T.);
#5902 = ORIENTED_EDGE('',*,*,#5903,.T.);
#5903 = EDGE_CURVE('',#4908,#5904,#5906,.T.);
#5904 = VERTEX_POINT('',#5905);
#5905 = CARTESIAN_POINT('',(6.91,-3.302,2.157));
#5906 = LINE('',#5907,#5908);
#5907 = CARTESIAN_POINT('',(7.62,-3.302,2.157));
#5908 = VECTOR('',#5909,1.);
#5909 = DIRECTION('',(-1.,-3.216245299353E-16,0.));
#5910 = ORIENTED_EDGE('',*,*,#5911,.F.);
#5911 = EDGE_CURVE('',#5895,#5904,#5912,.T.);
#5912 = LINE('',#5913,#5914);
#5913 = CARTESIAN_POINT('',(6.91,-8.37,2.157));
#5914 = VECTOR('',#5915,1.);
#5915 = DIRECTION('',(-4.440892098501E-16,1.,0.));
#5916 = B_SPLINE_SURFACE_WITH_KNOTS('',1,1,(
    (#5917,#5918)
    ,(#5919,#5920
    )),.UNSPECIFIED.,.F.,.F.,.F.,(2,2),(2,2),(0.,9.27),(0.,1.),
  .PIECEWISE_BEZIER_KNOTS.);
#5917 = CARTESIAN_POINT('',(6.985,-8.445,2.157));
#5918 = CARTESIAN_POINT('',(6.91,-8.37,2.157));
#5919 = CARTESIAN_POINT('',(6.985,0.825,2.157));
#5920 = CARTESIAN_POINT('',(6.91,0.75,2.157));
#5921 = ADVANCED_FACE('',(#5922),#5939,.T.);
#5922 = FACE_BOUND('',#5923,.T.);
#5923 = EDGE_LOOP('',(#5924,#5925,#5932,#5938));
#5924 = ORIENTED_EDGE('',*,*,#4937,.T.);
#5925 = ORIENTED_EDGE('',*,*,#5926,.T.);
#5926 = EDGE_CURVE('',#4931,#5927,#5929,.T.);
#5927 = VERTEX_POINT('',#5928);
#5928 = CARTESIAN_POINT('',(0.71,0.75,2.157));
#5929 = B_SPLINE_CURVE_WITH_KNOTS('',1,(#5930,#5931),.UNSPECIFIED.,.F.,
  .F.,(2,2),(0.,1.),.PIECEWISE_BEZIER_KNOTS.);
#5930 = CARTESIAN_POINT('',(0.635,0.825,2.157));
#5931 = CARTESIAN_POINT('',(0.71,0.75,2.157));
#5932 = ORIENTED_EDGE('',*,*,#5933,.F.);
#5933 = EDGE_CURVE('',#5396,#5927,#5934,.T.);
#5934 = LINE('',#5935,#5936);
#5935 = CARTESIAN_POINT('',(6.91,0.75,2.157));
#5936 = VECTOR('',#5937,1.);
#5937 = DIRECTION('',(-1.,-4.440892098501E-16,0.));
#5938 = ORIENTED_EDGE('',*,*,#5395,.F.);
#5939 = B_SPLINE_SURFACE_WITH_KNOTS('',1,1,(
    (#5940,#5941)
    ,(#5942,#5943
    )),.UNSPECIFIED.,.F.,.F.,.F.,(2,2),(2,2),(0.,6.35),(0.,1.),
  .PIECEWISE_BEZIER_KNOTS.);
#5940 = CARTESIAN_POINT('',(6.985,0.825,2.157));
#5941 = CARTESIAN_POINT('',(6.91,0.75,2.157));
#5942 = CARTESIAN_POINT('',(0.635,0.825,2.157));
#5943 = CARTESIAN_POINT('',(0.71,0.75,2.157));
#5944 = ADVANCED_FACE('',(#5945),#5963,.T.);
#5945 = FACE_BOUND('',#5946,.T.);
#5946 = EDGE_LOOP('',(#5947,#5948,#5949,#5957));
#5947 = ORIENTED_EDGE('',*,*,#5926,.F.);
#5948 = ORIENTED_EDGE('',*,*,#4962,.T.);
#5949 = ORIENTED_EDGE('',*,*,#5950,.T.);
#5950 = EDGE_CURVE('',#4955,#5951,#5953,.T.);
#5951 = VERTEX_POINT('',#5952);
#5952 = CARTESIAN_POINT('',(0.71,0.2285,2.157));
#5953 = LINE('',#5954,#5955);
#5954 = CARTESIAN_POINT('',(-0.127,0.2285,2.157));
#5955 = VECTOR('',#5956,1.);
#5956 = DIRECTION('',(1.,4.440892098501E-16,0.));
#5957 = ORIENTED_EDGE('',*,*,#5958,.F.);
#5958 = EDGE_CURVE('',#5927,#5951,#5959,.T.);
#5959 = LINE('',#5960,#5961);
#5960 = CARTESIAN_POINT('',(0.71,0.75,2.157));
#5961 = VECTOR('',#5962,1.);
#5962 = DIRECTION('',(4.440892098501E-16,-1.,0.));
#5963 = B_SPLINE_SURFACE_WITH_KNOTS('',1,1,(
    (#5964,#5965)
    ,(#5966,#5967
    )),.UNSPECIFIED.,.F.,.F.,.F.,(2,2),(2,2),(0.,9.27),(0.,1.),
  .PIECEWISE_BEZIER_KNOTS.);
#5964 = CARTESIAN_POINT('',(0.635,0.825,2.157));
#5965 = CARTESIAN_POINT('',(0.71,0.75,2.157));
#5966 = CARTESIAN_POINT('',(0.635,-8.445,2.157));
#5967 = CARTESIAN_POINT('',(0.71,-8.37,2.157));
#5968 = ADVANCED_FACE('',(#5969),#6021,.F.);
#5969 = FACE_BOUND('',#5970,.F.);
#5970 = EDGE_LOOP('',(#5971,#5979,#5988,#5996,#6004,#6012,#6019,#6020));
#5971 = ORIENTED_EDGE('',*,*,#5972,.F.);
#5972 = EDGE_CURVE('',#5973,#4955,#5975,.T.);
#5973 = VERTEX_POINT('',#5974);
#5974 = CARTESIAN_POINT('',(0.254,0.2285,2.157));
#5975 = LINE('',#5976,#5977);
#5976 = CARTESIAN_POINT('',(-0.127,0.2285,2.157));
#5977 = VECTOR('',#5978,1.);
#5978 = DIRECTION('',(1.,4.440892098501E-16,0.));
#5979 = ORIENTED_EDGE('',*,*,#5980,.T.);
#5980 = EDGE_CURVE('',#5973,#5981,#5983,.T.);
#5981 = VERTEX_POINT('',#5982);
#5982 = CARTESIAN_POINT('',(-0.127,0.2285,1.776));
#5983 = CIRCLE('',#5984,0.381);
#5984 = AXIS2_PLACEMENT_3D('',#5985,#5986,#5987);
#5985 = CARTESIAN_POINT('',(0.254,0.2285,1.776));
#5986 = DIRECTION('',(4.440892098501E-16,-1.,0.));
#5987 = DIRECTION('',(0.,0.,1.));
#5988 = ORIENTED_EDGE('',*,*,#5989,.T.);
#5989 = EDGE_CURVE('',#5981,#5990,#5992,.T.);
#5990 = VERTEX_POINT('',#5991);
#5991 = CARTESIAN_POINT('',(-0.127,0.2285,-2.843));
#5992 = LINE('',#5993,#5994);
#5993 = CARTESIAN_POINT('',(-0.127,0.2285,2.157));
#5994 = VECTOR('',#5995,1.);
#5995 = DIRECTION('',(-0.,0.,-1.));
#5996 = ORIENTED_EDGE('',*,*,#5997,.T.);
#5997 = EDGE_CURVE('',#5990,#5998,#6000,.T.);
#5998 = VERTEX_POINT('',#5999);
#5999 = CARTESIAN_POINT('',(0.127,0.2285,-2.843));
#6000 = LINE('',#6001,#6002);
#6001 = CARTESIAN_POINT('',(-0.127,0.2285,-2.843));
#6002 = VECTOR('',#6003,1.);
#6003 = DIRECTION('',(1.,4.440892098501E-16,0.));
#6004 = ORIENTED_EDGE('',*,*,#6005,.F.);
#6005 = EDGE_CURVE('',#6006,#5998,#6008,.T.);
#6006 = VERTEX_POINT('',#6007);
#6007 = CARTESIAN_POINT('',(0.127,0.2285,1.776));
#6008 = LINE('',#6009,#6010);
#6009 = CARTESIAN_POINT('',(0.127,0.2285,2.157));
#6010 = VECTOR('',#6011,1.);
#6011 = DIRECTION('',(-0.,0.,-1.));
#6012 = ORIENTED_EDGE('',*,*,#6013,.T.);
#6013 = EDGE_CURVE('',#6006,#5007,#6014,.T.);
#6014 = CIRCLE('',#6015,0.127);
#6015 = AXIS2_PLACEMENT_3D('',#6016,#6017,#6018);
#6016 = CARTESIAN_POINT('',(0.254,0.2285,1.776));
#6017 = DIRECTION('',(-4.440892098501E-16,1.,0.));
#6018 = DIRECTION('',(0.,0.,-1.));
#6019 = ORIENTED_EDGE('',*,*,#5006,.T.);
#6020 = ORIENTED_EDGE('',*,*,#4954,.T.);
#6021 = PLANE('',#6022);
#6022 = AXIS2_PLACEMENT_3D('',#6023,#6024,#6025);
#6023 = CARTESIAN_POINT('',(0.254,0.2285,2.157));
#6024 = DIRECTION('',(4.440892098501E-16,-1.,2.331176954594E-15));
#6025 = DIRECTION('',(1.035250531786E-30,-2.331176954594E-15,-1.));
#6026 = ADVANCED_FACE('',(#6027),#6079,.F.);
#6027 = FACE_BOUND('',#6028,.F.);
#6028 = EDGE_LOOP('',(#6029,#6039,#6048,#6054,#6055,#6056,#6065,#6073));
#6029 = ORIENTED_EDGE('',*,*,#6030,.F.);
#6030 = EDGE_CURVE('',#6031,#6033,#6035,.T.);
#6031 = VERTEX_POINT('',#6032);
#6032 = CARTESIAN_POINT('',(-0.127,-7.8485,1.776));
#6033 = VERTEX_POINT('',#6034);
#6034 = CARTESIAN_POINT('',(-0.127,-7.8485,-2.843));
#6035 = LINE('',#6036,#6037);
#6036 = CARTESIAN_POINT('',(-0.127,-7.8485,2.157));
#6037 = VECTOR('',#6038,1.);
#6038 = DIRECTION('',(-0.,0.,-1.));
#6039 = ORIENTED_EDGE('',*,*,#6040,.T.);
#6040 = EDGE_CURVE('',#6031,#6041,#6043,.T.);
#6041 = VERTEX_POINT('',#6042);
#6042 = CARTESIAN_POINT('',(0.254,-7.8485,2.157));
#6043 = CIRCLE('',#6044,0.381);
#6044 = AXIS2_PLACEMENT_3D('',#6045,#6046,#6047);
#6045 = CARTESIAN_POINT('',(0.254,-7.8485,1.776));
#6046 = DIRECTION('',(-4.440892098501E-16,1.,0.));
#6047 = DIRECTION('',(0.,0.,1.));
#6048 = ORIENTED_EDGE('',*,*,#6049,.F.);
#6049 = EDGE_CURVE('',#4977,#6041,#6050,.T.);
#6050 = LINE('',#6051,#6052);
#6051 = CARTESIAN_POINT('',(3.81,-7.8485,2.157));
#6052 = VECTOR('',#6053,1.);
#6053 = DIRECTION('',(-1.,-4.440892098501E-16,0.));
#6054 = ORIENTED_EDGE('',*,*,#4976,.T.);
#6055 = ORIENTED_EDGE('',*,*,#5053,.T.);
#6056 = ORIENTED_EDGE('',*,*,#6057,.F.);
#6057 = EDGE_CURVE('',#6058,#5046,#6060,.T.);
#6058 = VERTEX_POINT('',#6059);
#6059 = CARTESIAN_POINT('',(0.127,-7.8485,1.776));
#6060 = CIRCLE('',#6061,0.127);
#6061 = AXIS2_PLACEMENT_3D('',#6062,#6063,#6064);
#6062 = CARTESIAN_POINT('',(0.254,-7.8485,1.776));
#6063 = DIRECTION('',(-4.440892098501E-16,1.,0.));
#6064 = DIRECTION('',(0.,0.,1.));
#6065 = ORIENTED_EDGE('',*,*,#6066,.T.);
#6066 = EDGE_CURVE('',#6058,#6067,#6069,.T.);
#6067 = VERTEX_POINT('',#6068);
#6068 = CARTESIAN_POINT('',(0.127,-7.8485,-2.843));
#6069 = LINE('',#6070,#6071);
#6070 = CARTESIAN_POINT('',(0.127,-7.8485,2.157));
#6071 = VECTOR('',#6072,1.);
#6072 = DIRECTION('',(-0.,0.,-1.));
#6073 = ORIENTED_EDGE('',*,*,#6074,.F.);
#6074 = EDGE_CURVE('',#6033,#6067,#6075,.T.);
#6075 = LINE('',#6076,#6077);
#6076 = CARTESIAN_POINT('',(-0.127,-7.8485,-2.843));
#6077 = VECTOR('',#6078,1.);
#6078 = DIRECTION('',(1.,4.440892098501E-16,0.));
#6079 = PLANE('',#6080);
#6080 = AXIS2_PLACEMENT_3D('',#6081,#6082,#6083);
#6081 = CARTESIAN_POINT('',(-0.127,-7.8485,1.776));
#6082 = DIRECTION('',(-4.440892098501E-16,1.,0.));
#6083 = DIRECTION('',(0.,0.,1.));
#6084 = ADVANCED_FACE('',(#6085),#6109,.T.);
#6085 = FACE_BOUND('',#6086,.T.);
#6086 = EDGE_LOOP('',(#6087,#6095,#6096,#6103));
#6087 = ORIENTED_EDGE('',*,*,#6088,.T.);
#6088 = EDGE_CURVE('',#6089,#4977,#6091,.T.);
#6089 = VERTEX_POINT('',#6090);
#6090 = CARTESIAN_POINT('',(0.71,-7.8485,2.157));
#6091 = LINE('',#6092,#6093);
#6092 = CARTESIAN_POINT('',(3.81,-7.8485,2.157));
#6093 = VECTOR('',#6094,1.);
#6094 = DIRECTION('',(-1.,-4.440892098501E-16,0.));
#6095 = ORIENTED_EDGE('',*,*,#4992,.T.);
#6096 = ORIENTED_EDGE('',*,*,#6097,.T.);
#6097 = EDGE_CURVE('',#4986,#6098,#6100,.T.);
#6098 = VERTEX_POINT('',#6099);
#6099 = CARTESIAN_POINT('',(0.71,-8.37,2.157));
#6100 = B_SPLINE_CURVE_WITH_KNOTS('',1,(#6101,#6102),.UNSPECIFIED.,.F.,
  .F.,(2,2),(0.,1.),.PIECEWISE_BEZIER_KNOTS.);
#6101 = CARTESIAN_POINT('',(0.635,-8.445,2.157));
#6102 = CARTESIAN_POINT('',(0.71,-8.37,2.157));
#6103 = ORIENTED_EDGE('',*,*,#6104,.F.);
#6104 = EDGE_CURVE('',#6089,#6098,#6105,.T.);
#6105 = LINE('',#6106,#6107);
#6106 = CARTESIAN_POINT('',(0.71,0.75,2.157));
#6107 = VECTOR('',#6108,1.);
#6108 = DIRECTION('',(4.440892098501E-16,-1.,0.));
#6109 = B_SPLINE_SURFACE_WITH_KNOTS('',1,1,(
    (#6110,#6111)
    ,(#6112,#6113
    )),.UNSPECIFIED.,.F.,.F.,.F.,(2,2),(2,2),(0.,9.27),(0.,1.),
  .PIECEWISE_BEZIER_KNOTS.);
#6110 = CARTESIAN_POINT('',(0.635,0.825,2.157));
#6111 = CARTESIAN_POINT('',(0.71,0.75,2.157));
#6112 = CARTESIAN_POINT('',(0.635,-8.445,2.157));
#6113 = CARTESIAN_POINT('',(0.71,-8.37,2.157));
#6114 = ADVANCED_FACE('',(#6115),#6167,.T.);
#6115 = FACE_BOUND('',#6116,.T.);
#6116 = EDGE_LOOP('',(#6117,#6128,#6136,#6144,#6152,#6159,#6160,#6161));
#6117 = ORIENTED_EDGE('',*,*,#6118,.T.);
#6118 = EDGE_CURVE('',#6119,#6121,#6123,.T.);
#6119 = VERTEX_POINT('',#6120);
#6120 = CARTESIAN_POINT('',(0.254,-0.762,2.157));
#6121 = VERTEX_POINT('',#6122);
#6122 = CARTESIAN_POINT('',(-0.127,-0.762,1.776));
#6123 = CIRCLE('',#6124,0.381);
#6124 = AXIS2_PLACEMENT_3D('',#6125,#6126,#6127);
#6125 = CARTESIAN_POINT('',(0.254,-0.762,1.776));
#6126 = DIRECTION('',(4.440892098501E-16,-1.,0.));
#6127 = DIRECTION('',(0.,0.,1.));
#6128 = ORIENTED_EDGE('',*,*,#6129,.F.);
#6129 = EDGE_CURVE('',#6130,#6121,#6132,.T.);
#6130 = VERTEX_POINT('',#6131);
#6131 = CARTESIAN_POINT('',(-0.127,-0.762,0.));
#6132 = LINE('',#6133,#6134);
#6133 = CARTESIAN_POINT('',(-0.127,-0.762,0.));
#6134 = VECTOR('',#6135,1.);
#6135 = DIRECTION('',(0.,0.,1.));
#6136 = ORIENTED_EDGE('',*,*,#6137,.T.);
#6137 = EDGE_CURVE('',#6130,#6138,#6140,.T.);
#6138 = VERTEX_POINT('',#6139);
#6139 = CARTESIAN_POINT('',(0.127,-0.762,0.));
#6140 = LINE('',#6141,#6142);
#6141 = CARTESIAN_POINT('',(-0.127,-0.762,0.));
#6142 = VECTOR('',#6143,1.);
#6143 = DIRECTION('',(1.,4.440892098501E-16,0.));
#6144 = ORIENTED_EDGE('',*,*,#6145,.T.);
#6145 = EDGE_CURVE('',#6138,#6146,#6148,.T.);
#6146 = VERTEX_POINT('',#6147);
#6147 = CARTESIAN_POINT('',(0.127,-0.762,1.776));
#6148 = LINE('',#6149,#6150);
#6149 = CARTESIAN_POINT('',(0.127,-0.762,0.));
#6150 = VECTOR('',#6151,1.);
#6151 = DIRECTION('',(0.,0.,1.));
#6152 = ORIENTED_EDGE('',*,*,#6153,.T.);
#6153 = EDGE_CURVE('',#6146,#5015,#6154,.T.);
#6154 = CIRCLE('',#6155,0.127);
#6155 = AXIS2_PLACEMENT_3D('',#6156,#6157,#6158);
#6156 = CARTESIAN_POINT('',(0.254,-0.762,1.776));
#6157 = DIRECTION('',(-4.440892098501E-16,1.,0.));
#6158 = DIRECTION('',(0.,0.,-1.));
#6159 = ORIENTED_EDGE('',*,*,#5022,.F.);
#6160 = ORIENTED_EDGE('',*,*,#5068,.T.);
#6161 = ORIENTED_EDGE('',*,*,#6162,.T.);
#6162 = EDGE_CURVE('',#5069,#6119,#6163,.T.);
#6163 = LINE('',#6164,#6165);
#6164 = CARTESIAN_POINT('',(3.81,-0.762,2.157));
#6165 = VECTOR('',#6166,1.);
#6166 = DIRECTION('',(-1.,-4.440892098501E-16,0.));
#6167 = PLANE('',#6168);
#6168 = AXIS2_PLACEMENT_3D('',#6169,#6170,#6171);
#6169 = CARTESIAN_POINT('',(-0.127,-0.762,0.));
#6170 = DIRECTION('',(4.440892098501E-16,-1.,0.));
#6171 = DIRECTION('',(0.,-0.,-1.));
#6172 = ADVANCED_FACE('',(#6173),#6184,.F.);
#6173 = FACE_BOUND('',#6174,.F.);
#6174 = EDGE_LOOP('',(#6175,#6181,#6182,#6183));
#6175 = ORIENTED_EDGE('',*,*,#6176,.T.);
#6176 = EDGE_CURVE('',#6006,#6146,#6177,.T.);
#6177 = LINE('',#6178,#6179);
#6178 = CARTESIAN_POINT('',(0.127,0.2285,1.776));
#6179 = VECTOR('',#6180,1.);
#6180 = DIRECTION('',(4.440892098501E-16,-1.,0.));
#6181 = ORIENTED_EDGE('',*,*,#6153,.T.);
#6182 = ORIENTED_EDGE('',*,*,#5014,.F.);
#6183 = ORIENTED_EDGE('',*,*,#6013,.F.);
#6184 = CYLINDRICAL_SURFACE('',#6185,0.127);
#6185 = AXIS2_PLACEMENT_3D('',#6186,#6187,#6188);
#6186 = CARTESIAN_POINT('',(0.254,0.2285,1.776));
#6187 = DIRECTION('',(4.440892098501E-16,-1.,0.));
#6188 = DIRECTION('',(-1.,-4.440892098501E-16,0.));
#6189 = ADVANCED_FACE('',(#6190),#6242,.F.);
#6190 = FACE_BOUND('',#6191,.F.);
#6191 = EDGE_LOOP('',(#6192,#6200,#6209,#6217,#6225,#6233,#6240,#6241));
#6192 = ORIENTED_EDGE('',*,*,#6193,.F.);
#6193 = EDGE_CURVE('',#6194,#5109,#6196,.T.);
#6194 = VERTEX_POINT('',#6195);
#6195 = CARTESIAN_POINT('',(0.254,-6.858,2.157));
#6196 = LINE('',#6197,#6198);
#6197 = CARTESIAN_POINT('',(-0.127,-6.858,2.157));
#6198 = VECTOR('',#6199,1.);
#6199 = DIRECTION('',(1.,4.440892098501E-16,0.));
#6200 = ORIENTED_EDGE('',*,*,#6201,.F.);
#6201 = EDGE_CURVE('',#6202,#6194,#6204,.T.);
#6202 = VERTEX_POINT('',#6203);
#6203 = CARTESIAN_POINT('',(-0.127,-6.858,1.776));
#6204 = CIRCLE('',#6205,0.381);
#6205 = AXIS2_PLACEMENT_3D('',#6206,#6207,#6208);
#6206 = CARTESIAN_POINT('',(0.254,-6.858,1.776));
#6207 = DIRECTION('',(-4.440892098501E-16,1.,0.));
#6208 = DIRECTION('',(0.,0.,1.));
#6209 = ORIENTED_EDGE('',*,*,#6210,.F.);
#6210 = EDGE_CURVE('',#6211,#6202,#6213,.T.);
#6211 = VERTEX_POINT('',#6212);
#6212 = CARTESIAN_POINT('',(-0.127,-6.858,0.));
#6213 = LINE('',#6214,#6215);
#6214 = CARTESIAN_POINT('',(-0.127,-6.858,0.));
#6215 = VECTOR('',#6216,1.);
#6216 = DIRECTION('',(0.,0.,1.));
#6217 = ORIENTED_EDGE('',*,*,#6218,.T.);
#6218 = EDGE_CURVE('',#6211,#6219,#6221,.T.);
#6219 = VERTEX_POINT('',#6220);
#6220 = CARTESIAN_POINT('',(0.127,-6.858,0.));
#6221 = LINE('',#6222,#6223);
#6222 = CARTESIAN_POINT('',(-0.127,-6.858,0.));
#6223 = VECTOR('',#6224,1.);
#6224 = DIRECTION('',(1.,4.440892098501E-16,0.));
#6225 = ORIENTED_EDGE('',*,*,#6226,.T.);
#6226 = EDGE_CURVE('',#6219,#6227,#6229,.T.);
#6227 = VERTEX_POINT('',#6228);
#6228 = CARTESIAN_POINT('',(0.127,-6.858,1.776));
#6229 = LINE('',#6230,#6231);
#6230 = CARTESIAN_POINT('',(0.127,-6.858,0.));
#6231 = VECTOR('',#6232,1.);
#6232 = DIRECTION('',(0.,0.,1.));
#6233 = ORIENTED_EDGE('',*,*,#6234,.T.);
#6234 = EDGE_CURVE('',#6227,#5038,#6235,.T.);
#6235 = CIRCLE('',#6236,0.127);
#6236 = AXIS2_PLACEMENT_3D('',#6237,#6238,#6239);
#6237 = CARTESIAN_POINT('',(0.254,-6.858,1.776));
#6238 = DIRECTION('',(-4.440892098501E-16,1.,0.));
#6239 = DIRECTION('',(0.,0.,1.));
#6240 = ORIENTED_EDGE('',*,*,#5037,.T.);
#6241 = ORIENTED_EDGE('',*,*,#5108,.T.);
#6242 = PLANE('',#6243);
#6243 = AXIS2_PLACEMENT_3D('',#6244,#6245,#6246);
#6244 = CARTESIAN_POINT('',(0.254,-6.858,2.157));
#6245 = DIRECTION('',(4.440892098501E-16,-1.,0.));
#6246 = DIRECTION('',(0.,-0.,-1.));
#6247 = ADVANCED_FACE('',(#6248),#6259,.F.);
#6248 = FACE_BOUND('',#6249,.F.);
#6249 = EDGE_LOOP('',(#6250,#6251,#6252,#6253));
#6250 = ORIENTED_EDGE('',*,*,#6057,.T.);
#6251 = ORIENTED_EDGE('',*,*,#5045,.T.);
#6252 = ORIENTED_EDGE('',*,*,#6234,.F.);
#6253 = ORIENTED_EDGE('',*,*,#6254,.F.);
#6254 = EDGE_CURVE('',#6058,#6227,#6255,.T.);
#6255 = LINE('',#6256,#6257);
#6256 = CARTESIAN_POINT('',(0.127,-7.8485,1.776));
#6257 = VECTOR('',#6258,1.);
#6258 = DIRECTION('',(-4.440892098501E-16,1.,0.));
#6259 = CYLINDRICAL_SURFACE('',#6260,0.127);
#6260 = AXIS2_PLACEMENT_3D('',#6261,#6262,#6263);
#6261 = CARTESIAN_POINT('',(0.254,-7.8485,1.776));
#6262 = DIRECTION('',(-4.440892098501E-16,1.,0.));
#6263 = DIRECTION('',(-1.,-4.440892098501E-16,0.));
#6264 = ADVANCED_FACE('',(#6265),#6290,.T.);
#6265 = FACE_BOUND('',#6266,.T.);
#6266 = EDGE_LOOP('',(#6267,#6275,#6276,#6284));
#6267 = ORIENTED_EDGE('',*,*,#6268,.T.);
#6268 = EDGE_CURVE('',#6269,#5069,#6271,.T.);
#6269 = VERTEX_POINT('',#6270);
#6270 = CARTESIAN_POINT('',(0.71,-0.762,2.157));
#6271 = LINE('',#6272,#6273);
#6272 = CARTESIAN_POINT('',(3.81,-0.762,2.157));
#6273 = VECTOR('',#6274,1.);
#6274 = DIRECTION('',(-1.,-4.440892098501E-16,0.));
#6275 = ORIENTED_EDGE('',*,*,#5085,.T.);
#6276 = ORIENTED_EDGE('',*,*,#6277,.T.);
#6277 = EDGE_CURVE('',#5078,#6278,#6280,.T.);
#6278 = VERTEX_POINT('',#6279);
#6279 = CARTESIAN_POINT('',(0.71,-1.778,2.157));
#6280 = LINE('',#6281,#6282);
#6281 = CARTESIAN_POINT('',(-2.442490654175E-15,-1.778,2.157));
#6282 = VECTOR('',#6283,1.);
#6283 = DIRECTION('',(1.,4.440892098501E-16,0.));
#6284 = ORIENTED_EDGE('',*,*,#6285,.F.);
#6285 = EDGE_CURVE('',#6269,#6278,#6286,.T.);
#6286 = LINE('',#6287,#6288);
#6287 = CARTESIAN_POINT('',(0.71,0.75,2.157));
#6288 = VECTOR('',#6289,1.);
#6289 = DIRECTION('',(4.440892098501E-16,-1.,0.));
#6290 = B_SPLINE_SURFACE_WITH_KNOTS('',1,1,(
    (#6291,#6292)
    ,(#6293,#6294
    )),.UNSPECIFIED.,.F.,.F.,.F.,(2,2),(2,2),(0.,9.27),(0.,1.),
  .PIECEWISE_BEZIER_KNOTS.);
#6291 = CARTESIAN_POINT('',(0.635,0.825,2.157));
#6292 = CARTESIAN_POINT('',(0.71,0.75,2.157));
#6293 = CARTESIAN_POINT('',(0.635,-8.445,2.157));
#6294 = CARTESIAN_POINT('',(0.71,-8.37,2.157));
#6295 = ADVANCED_FACE('',(#6296),#6348,.T.);
#6296 = FACE_BOUND('',#6297,.T.);
#6297 = EDGE_LOOP('',(#6298,#6309,#6315,#6316,#6317,#6326,#6334,#6342));
#6298 = ORIENTED_EDGE('',*,*,#6299,.F.);
#6299 = EDGE_CURVE('',#6300,#6302,#6304,.T.);
#6300 = VERTEX_POINT('',#6301);
#6301 = CARTESIAN_POINT('',(0.254,-1.778,2.157));
#6302 = VERTEX_POINT('',#6303);
#6303 = CARTESIAN_POINT('',(-0.127,-1.778,1.776));
#6304 = CIRCLE('',#6305,0.381);
#6305 = AXIS2_PLACEMENT_3D('',#6306,#6307,#6308);
#6306 = CARTESIAN_POINT('',(0.254,-1.778,1.776));
#6307 = DIRECTION('',(4.440892098501E-16,-1.,0.));
#6308 = DIRECTION('',(0.,0.,1.));
#6309 = ORIENTED_EDGE('',*,*,#6310,.T.);
#6310 = EDGE_CURVE('',#6300,#5078,#6311,.T.);
#6311 = LINE('',#6312,#6313);
#6312 = CARTESIAN_POINT('',(-2.442490654175E-15,-1.778,2.157));
#6313 = VECTOR('',#6314,1.);
#6314 = DIRECTION('',(1.,4.440892098501E-16,0.));
#6315 = ORIENTED_EDGE('',*,*,#5077,.T.);
#6316 = ORIENTED_EDGE('',*,*,#5130,.F.);
#6317 = ORIENTED_EDGE('',*,*,#6318,.F.);
#6318 = EDGE_CURVE('',#6319,#5131,#6321,.T.);
#6319 = VERTEX_POINT('',#6320);
#6320 = CARTESIAN_POINT('',(0.127,-1.778,1.776));
#6321 = CIRCLE('',#6322,0.127);
#6322 = AXIS2_PLACEMENT_3D('',#6323,#6324,#6325);
#6323 = CARTESIAN_POINT('',(0.254,-1.778,1.776));
#6324 = DIRECTION('',(-4.440892098501E-16,1.,0.));
#6325 = DIRECTION('',(0.,0.,-1.));
#6326 = ORIENTED_EDGE('',*,*,#6327,.T.);
#6327 = EDGE_CURVE('',#6319,#6328,#6330,.T.);
#6328 = VERTEX_POINT('',#6329);
#6329 = CARTESIAN_POINT('',(0.127,-1.778,0.));
#6330 = LINE('',#6331,#6332);
#6331 = CARTESIAN_POINT('',(0.127,-1.778,2.157));
#6332 = VECTOR('',#6333,1.);
#6333 = DIRECTION('',(-0.,0.,-1.));
#6334 = ORIENTED_EDGE('',*,*,#6335,.F.);
#6335 = EDGE_CURVE('',#6336,#6328,#6338,.T.);
#6336 = VERTEX_POINT('',#6337);
#6337 = CARTESIAN_POINT('',(-0.127,-1.778,0.));
#6338 = LINE('',#6339,#6340);
#6339 = CARTESIAN_POINT('',(-0.127,-1.778,0.));
#6340 = VECTOR('',#6341,1.);
#6341 = DIRECTION('',(1.,4.440892098501E-16,0.));
#6342 = ORIENTED_EDGE('',*,*,#6343,.F.);
#6343 = EDGE_CURVE('',#6302,#6336,#6344,.T.);
#6344 = LINE('',#6345,#6346);
#6345 = CARTESIAN_POINT('',(-0.127,-1.778,2.157));
#6346 = VECTOR('',#6347,1.);
#6347 = DIRECTION('',(-0.,0.,-1.));
#6348 = PLANE('',#6349);
#6349 = AXIS2_PLACEMENT_3D('',#6350,#6351,#6352);
#6350 = CARTESIAN_POINT('',(0.254,-1.778,2.157));
#6351 = DIRECTION('',(-4.440892098501E-16,1.,0.));
#6352 = DIRECTION('',(0.,0.,1.));
#6353 = ADVANCED_FACE('',(#6354),#6406,.F.);
#6354 = FACE_BOUND('',#6355,.F.);
#6355 = EDGE_LOOP('',(#6356,#6367,#6373,#6374,#6375,#6384,#6392,#6400));
#6356 = ORIENTED_EDGE('',*,*,#6357,.F.);
#6357 = EDGE_CURVE('',#6358,#6360,#6362,.T.);
#6358 = VERTEX_POINT('',#6359);
#6359 = CARTESIAN_POINT('',(0.254,-5.842,2.157));
#6360 = VERTEX_POINT('',#6361);
#6361 = CARTESIAN_POINT('',(-0.127,-5.842,1.776));
#6362 = CIRCLE('',#6363,0.381);
#6363 = AXIS2_PLACEMENT_3D('',#6364,#6365,#6366);
#6364 = CARTESIAN_POINT('',(0.254,-5.842,1.776));
#6365 = DIRECTION('',(4.440892098501E-16,-1.,0.));
#6366 = DIRECTION('',(0.,0.,1.));
#6367 = ORIENTED_EDGE('',*,*,#6368,.F.);
#6368 = EDGE_CURVE('',#5100,#6358,#6369,.T.);
#6369 = LINE('',#6370,#6371);
#6370 = CARTESIAN_POINT('',(3.937,-5.842,2.157));
#6371 = VECTOR('',#6372,1.);
#6372 = DIRECTION('',(-1.,-4.440892098501E-16,0.));
#6373 = ORIENTED_EDGE('',*,*,#5099,.T.);
#6374 = ORIENTED_EDGE('',*,*,#5177,.T.);
#6375 = ORIENTED_EDGE('',*,*,#6376,.F.);
#6376 = EDGE_CURVE('',#6377,#5170,#6379,.T.);
#6377 = VERTEX_POINT('',#6378);
#6378 = CARTESIAN_POINT('',(0.127,-5.842,1.776));
#6379 = CIRCLE('',#6380,0.127);
#6380 = AXIS2_PLACEMENT_3D('',#6381,#6382,#6383);
#6381 = CARTESIAN_POINT('',(0.254,-5.842,1.776));
#6382 = DIRECTION('',(-4.440892098501E-16,1.,0.));
#6383 = DIRECTION('',(0.,0.,-1.));
#6384 = ORIENTED_EDGE('',*,*,#6385,.F.);
#6385 = EDGE_CURVE('',#6386,#6377,#6388,.T.);
#6386 = VERTEX_POINT('',#6387);
#6387 = CARTESIAN_POINT('',(0.127,-5.842,0.));
#6388 = LINE('',#6389,#6390);
#6389 = CARTESIAN_POINT('',(0.127,-5.842,0.));
#6390 = VECTOR('',#6391,1.);
#6391 = DIRECTION('',(0.,0.,1.));
#6392 = ORIENTED_EDGE('',*,*,#6393,.F.);
#6393 = EDGE_CURVE('',#6394,#6386,#6396,.T.);
#6394 = VERTEX_POINT('',#6395);
#6395 = CARTESIAN_POINT('',(-0.127,-5.842,0.));
#6396 = LINE('',#6397,#6398);
#6397 = CARTESIAN_POINT('',(-0.127,-5.842,0.));
#6398 = VECTOR('',#6399,1.);
#6399 = DIRECTION('',(1.,4.440892098501E-16,0.));
#6400 = ORIENTED_EDGE('',*,*,#6401,.T.);
#6401 = EDGE_CURVE('',#6394,#6360,#6402,.T.);
#6402 = LINE('',#6403,#6404);
#6403 = CARTESIAN_POINT('',(-0.127,-5.842,0.));
#6404 = VECTOR('',#6405,1.);
#6405 = DIRECTION('',(0.,0.,1.));
#6406 = PLANE('',#6407);
#6407 = AXIS2_PLACEMENT_3D('',#6408,#6409,#6410);
#6408 = CARTESIAN_POINT('',(0.254,-5.842,2.157));
#6409 = DIRECTION('',(-4.440892098501E-16,1.,0.));
#6410 = DIRECTION('',(0.,0.,1.));
#6411 = ADVANCED_FACE('',(#6412),#6437,.T.);
#6412 = FACE_BOUND('',#6413,.T.);
#6413 = EDGE_LOOP('',(#6414,#6422,#6423,#6431));
#6414 = ORIENTED_EDGE('',*,*,#6415,.T.);
#6415 = EDGE_CURVE('',#6416,#5100,#6418,.T.);
#6416 = VERTEX_POINT('',#6417);
#6417 = CARTESIAN_POINT('',(0.71,-5.842,2.157));
#6418 = LINE('',#6419,#6420);
#6419 = CARTESIAN_POINT('',(3.937,-5.842,2.157));
#6420 = VECTOR('',#6421,1.);
#6421 = DIRECTION('',(-1.,-4.440892098501E-16,0.));
#6422 = ORIENTED_EDGE('',*,*,#5116,.T.);
#6423 = ORIENTED_EDGE('',*,*,#6424,.T.);
#6424 = EDGE_CURVE('',#5109,#6425,#6427,.T.);
#6425 = VERTEX_POINT('',#6426);
#6426 = CARTESIAN_POINT('',(0.71,-6.858,2.157));
#6427 = LINE('',#6428,#6429);
#6428 = CARTESIAN_POINT('',(-0.127,-6.858,2.157));
#6429 = VECTOR('',#6430,1.);
#6430 = DIRECTION('',(1.,4.440892098501E-16,0.));
#6431 = ORIENTED_EDGE('',*,*,#6432,.F.);
#6432 = EDGE_CURVE('',#6416,#6425,#6433,.T.);
#6433 = LINE('',#6434,#6435);
#6434 = CARTESIAN_POINT('',(0.71,0.75,2.157));
#6435 = VECTOR('',#6436,1.);
#6436 = DIRECTION('',(4.440892098501E-16,-1.,0.));
#6437 = B_SPLINE_SURFACE_WITH_KNOTS('',1,1,(
    (#6438,#6439)
    ,(#6440,#6441
    )),.UNSPECIFIED.,.F.,.F.,.F.,(2,2),(2,2),(0.,9.27),(0.,1.),
  .PIECEWISE_BEZIER_KNOTS.);
#6438 = CARTESIAN_POINT('',(0.635,0.825,2.157));
#6439 = CARTESIAN_POINT('',(0.71,0.75,2.157));
#6440 = CARTESIAN_POINT('',(0.635,-8.445,2.157));
#6441 = CARTESIAN_POINT('',(0.71,-8.37,2.157));
#6442 = ADVANCED_FACE('',(#6443),#6495,.F.);
#6443 = FACE_BOUND('',#6444,.F.);
#6444 = EDGE_LOOP('',(#6445,#6456,#6462,#6463,#6464,#6473,#6481,#6489));
#6445 = ORIENTED_EDGE('',*,*,#6446,.F.);
#6446 = EDGE_CURVE('',#6447,#6449,#6451,.T.);
#6447 = VERTEX_POINT('',#6448);
#6448 = CARTESIAN_POINT('',(0.254,-3.302,2.157));
#6449 = VERTEX_POINT('',#6450);
#6450 = CARTESIAN_POINT('',(-0.127,-3.302,1.776));
#6451 = CIRCLE('',#6452,0.381);
#6452 = AXIS2_PLACEMENT_3D('',#6453,#6454,#6455);
#6453 = CARTESIAN_POINT('',(0.254,-3.302,1.776));
#6454 = DIRECTION('',(4.440892098501E-16,-1.,0.));
#6455 = DIRECTION('',(0.,0.,1.));
#6456 = ORIENTED_EDGE('',*,*,#6457,.F.);
#6457 = EDGE_CURVE('',#5193,#6447,#6458,.T.);
#6458 = LINE('',#6459,#6460);
#6459 = CARTESIAN_POINT('',(3.937,-3.302,2.157));
#6460 = VECTOR('',#6461,1.);
#6461 = DIRECTION('',(-1.,-4.440892098501E-16,0.));
#6462 = ORIENTED_EDGE('',*,*,#5192,.T.);
#6463 = ORIENTED_EDGE('',*,*,#5146,.T.);
#6464 = ORIENTED_EDGE('',*,*,#6465,.F.);
#6465 = EDGE_CURVE('',#6466,#5139,#6468,.T.);
#6466 = VERTEX_POINT('',#6467);
#6467 = CARTESIAN_POINT('',(0.127,-3.302,1.776));
#6468 = CIRCLE('',#6469,0.127);
#6469 = AXIS2_PLACEMENT_3D('',#6470,#6471,#6472);
#6470 = CARTESIAN_POINT('',(0.254,-3.302,1.776));
#6471 = DIRECTION('',(-4.440892098501E-16,1.,0.));
#6472 = DIRECTION('',(0.,0.,-1.));
#6473 = ORIENTED_EDGE('',*,*,#6474,.F.);
#6474 = EDGE_CURVE('',#6475,#6466,#6477,.T.);
#6475 = VERTEX_POINT('',#6476);
#6476 = CARTESIAN_POINT('',(0.127,-3.302,0.));
#6477 = LINE('',#6478,#6479);
#6478 = CARTESIAN_POINT('',(0.127,-3.302,0.));
#6479 = VECTOR('',#6480,1.);
#6480 = DIRECTION('',(0.,0.,1.));
#6481 = ORIENTED_EDGE('',*,*,#6482,.F.);
#6482 = EDGE_CURVE('',#6483,#6475,#6485,.T.);
#6483 = VERTEX_POINT('',#6484);
#6484 = CARTESIAN_POINT('',(-0.127,-3.302,0.));
#6485 = LINE('',#6486,#6487);
#6486 = CARTESIAN_POINT('',(-0.127,-3.302,0.));
#6487 = VECTOR('',#6488,1.);
#6488 = DIRECTION('',(1.,4.440892098501E-16,0.));
#6489 = ORIENTED_EDGE('',*,*,#6490,.T.);
#6490 = EDGE_CURVE('',#6483,#6449,#6491,.T.);
#6491 = LINE('',#6492,#6493);
#6492 = CARTESIAN_POINT('',(-0.127,-3.302,0.));
#6493 = VECTOR('',#6494,1.);
#6494 = DIRECTION('',(0.,0.,1.));
#6495 = PLANE('',#6496);
#6496 = AXIS2_PLACEMENT_3D('',#6497,#6498,#6499);
#6497 = CARTESIAN_POINT('',(0.254,-3.302,2.157));
#6498 = DIRECTION('',(-4.440892098501E-16,1.,0.));
#6499 = DIRECTION('',(0.,0.,1.));
#6500 = ADVANCED_FACE('',(#6501),#6512,.F.);
#6501 = FACE_BOUND('',#6502,.F.);
#6502 = EDGE_LOOP('',(#6503,#6509,#6510,#6511));
#6503 = ORIENTED_EDGE('',*,*,#6504,.T.);
#6504 = EDGE_CURVE('',#6319,#6466,#6505,.T.);
#6505 = LINE('',#6506,#6507);
#6506 = CARTESIAN_POINT('',(0.127,-1.778,1.776));
#6507 = VECTOR('',#6508,1.);
#6508 = DIRECTION('',(4.440892098501E-16,-1.,0.));
#6509 = ORIENTED_EDGE('',*,*,#6465,.T.);
#6510 = ORIENTED_EDGE('',*,*,#5138,.F.);
#6511 = ORIENTED_EDGE('',*,*,#6318,.F.);
#6512 = CYLINDRICAL_SURFACE('',#6513,0.127);
#6513 = AXIS2_PLACEMENT_3D('',#6514,#6515,#6516);
#6514 = CARTESIAN_POINT('',(0.254,-1.778,1.776));
#6515 = DIRECTION('',(4.440892098501E-16,-1.,0.));
#6516 = DIRECTION('',(-1.,-4.440892098501E-16,0.));
#6517 = ADVANCED_FACE('',(#6518),#6570,.T.);
#6518 = FACE_BOUND('',#6519,.T.);
#6519 = EDGE_LOOP('',(#6520,#6531,#6537,#6538,#6539,#6548,#6556,#6564));
#6520 = ORIENTED_EDGE('',*,*,#6521,.F.);
#6521 = EDGE_CURVE('',#6522,#6524,#6526,.T.);
#6522 = VERTEX_POINT('',#6523);
#6523 = CARTESIAN_POINT('',(0.254,-4.318,2.157));
#6524 = VERTEX_POINT('',#6525);
#6525 = CARTESIAN_POINT('',(-0.127,-4.318,1.776));
#6526 = CIRCLE('',#6527,0.381);
#6527 = AXIS2_PLACEMENT_3D('',#6528,#6529,#6530);
#6528 = CARTESIAN_POINT('',(0.254,-4.318,1.776));
#6529 = DIRECTION('',(4.440892098501E-16,-1.,0.));
#6530 = DIRECTION('',(0.,0.,1.));
#6531 = ORIENTED_EDGE('',*,*,#6532,.T.);
#6532 = EDGE_CURVE('',#6522,#5202,#6533,.T.);
#6533 = LINE('',#6534,#6535);
#6534 = CARTESIAN_POINT('',(-1.110223024625E-15,-4.318,2.157));
#6535 = VECTOR('',#6536,1.);
#6536 = DIRECTION('',(1.,4.440892098501E-16,0.));
#6537 = ORIENTED_EDGE('',*,*,#5201,.T.);
#6538 = ORIENTED_EDGE('',*,*,#5161,.F.);
#6539 = ORIENTED_EDGE('',*,*,#6540,.F.);
#6540 = EDGE_CURVE('',#6541,#5162,#6543,.T.);
#6541 = VERTEX_POINT('',#6542);
#6542 = CARTESIAN_POINT('',(0.127,-4.318,1.776));
#6543 = CIRCLE('',#6544,0.127);
#6544 = AXIS2_PLACEMENT_3D('',#6545,#6546,#6547);
#6545 = CARTESIAN_POINT('',(0.254,-4.318,1.776));
#6546 = DIRECTION('',(-4.440892098501E-16,1.,0.));
#6547 = DIRECTION('',(0.,0.,-1.));
#6548 = ORIENTED_EDGE('',*,*,#6549,.T.);
#6549 = EDGE_CURVE('',#6541,#6550,#6552,.T.);
#6550 = VERTEX_POINT('',#6551);
#6551 = CARTESIAN_POINT('',(0.127,-4.318,0.));
#6552 = LINE('',#6553,#6554);
#6553 = CARTESIAN_POINT('',(0.127,-4.318,2.157));
#6554 = VECTOR('',#6555,1.);
#6555 = DIRECTION('',(-0.,0.,-1.));
#6556 = ORIENTED_EDGE('',*,*,#6557,.F.);
#6557 = EDGE_CURVE('',#6558,#6550,#6560,.T.);
#6558 = VERTEX_POINT('',#6559);
#6559 = CARTESIAN_POINT('',(-0.127,-4.318,0.));
#6560 = LINE('',#6561,#6562);
#6561 = CARTESIAN_POINT('',(-0.127,-4.318,0.));
#6562 = VECTOR('',#6563,1.);
#6563 = DIRECTION('',(1.,4.440892098501E-16,0.));
#6564 = ORIENTED_EDGE('',*,*,#6565,.F.);
#6565 = EDGE_CURVE('',#6524,#6558,#6566,.T.);
#6566 = LINE('',#6567,#6568);
#6567 = CARTESIAN_POINT('',(-0.127,-4.318,2.157));
#6568 = VECTOR('',#6569,1.);
#6569 = DIRECTION('',(-0.,0.,-1.));
#6570 = PLANE('',#6571);
#6571 = AXIS2_PLACEMENT_3D('',#6572,#6573,#6574);
#6572 = CARTESIAN_POINT('',(0.254,-4.318,2.157));
#6573 = DIRECTION('',(-4.440892098501E-16,1.,0.));
#6574 = DIRECTION('',(0.,0.,1.));
#6575 = ADVANCED_FACE('',(#6576),#6587,.F.);
#6576 = FACE_BOUND('',#6577,.F.);
#6577 = EDGE_LOOP('',(#6578,#6584,#6585,#6586));
#6578 = ORIENTED_EDGE('',*,*,#6579,.T.);
#6579 = EDGE_CURVE('',#6541,#6377,#6580,.T.);
#6580 = LINE('',#6581,#6582);
#6581 = CARTESIAN_POINT('',(0.127,-4.318,1.776));
#6582 = VECTOR('',#6583,1.);
#6583 = DIRECTION('',(4.440892098501E-16,-1.,0.));
#6584 = ORIENTED_EDGE('',*,*,#6376,.T.);
#6585 = ORIENTED_EDGE('',*,*,#5169,.F.);
#6586 = ORIENTED_EDGE('',*,*,#6540,.F.);
#6587 = CYLINDRICAL_SURFACE('',#6588,0.127);
#6588 = AXIS2_PLACEMENT_3D('',#6589,#6590,#6591);
#6589 = CARTESIAN_POINT('',(0.254,-4.318,1.776));
#6590 = DIRECTION('',(4.440892098501E-16,-1.,0.));
#6591 = DIRECTION('',(-1.,-4.440892098501E-16,0.));
#6592 = ADVANCED_FACE('',(#6593),#6618,.T.);
#6593 = FACE_BOUND('',#6594,.T.);
#6594 = EDGE_LOOP('',(#6595,#6603,#6604,#6612));
#6595 = ORIENTED_EDGE('',*,*,#6596,.T.);
#6596 = EDGE_CURVE('',#6597,#5193,#6599,.T.);
#6597 = VERTEX_POINT('',#6598);
#6598 = CARTESIAN_POINT('',(0.71,-3.302,2.157));
#6599 = LINE('',#6600,#6601);
#6600 = CARTESIAN_POINT('',(3.937,-3.302,2.157));
#6601 = VECTOR('',#6602,1.);
#6602 = DIRECTION('',(-1.,-4.440892098501E-16,0.));
#6603 = ORIENTED_EDGE('',*,*,#5209,.T.);
#6604 = ORIENTED_EDGE('',*,*,#6605,.T.);
#6605 = EDGE_CURVE('',#5202,#6606,#6608,.T.);
#6606 = VERTEX_POINT('',#6607);
#6607 = CARTESIAN_POINT('',(0.71,-4.318,2.157));
#6608 = LINE('',#6609,#6610);
#6609 = CARTESIAN_POINT('',(-1.110223024625E-15,-4.318,2.157));
#6610 = VECTOR('',#6611,1.);
#6611 = DIRECTION('',(1.,4.440892098501E-16,0.));
#6612 = ORIENTED_EDGE('',*,*,#6613,.F.);
#6613 = EDGE_CURVE('',#6597,#6606,#6614,.T.);
#6614 = LINE('',#6615,#6616);
#6615 = CARTESIAN_POINT('',(0.71,0.75,2.157));
#6616 = VECTOR('',#6617,1.);
#6617 = DIRECTION('',(4.440892098501E-16,-1.,0.));
#6618 = B_SPLINE_SURFACE_WITH_KNOTS('',1,1,(
    (#6619,#6620)
    ,(#6621,#6622
    )),.UNSPECIFIED.,.F.,.F.,.F.,(2,2),(2,2),(0.,9.27),(0.,1.),
  .PIECEWISE_BEZIER_KNOTS.);
#6619 = CARTESIAN_POINT('',(0.635,0.825,2.157));
#6620 = CARTESIAN_POINT('',(0.71,0.75,2.157));
#6621 = CARTESIAN_POINT('',(0.635,-8.445,2.157));
#6622 = CARTESIAN_POINT('',(0.71,-8.37,2.157));
#6623 = ADVANCED_FACE('',(#6624),#6635,.T.);
#6624 = FACE_BOUND('',#6625,.T.);
#6625 = EDGE_LOOP('',(#6626,#6627,#6628,#6634));
#6626 = ORIENTED_EDGE('',*,*,#5225,.T.);
#6627 = ORIENTED_EDGE('',*,*,#5240,.T.);
#6628 = ORIENTED_EDGE('',*,*,#6629,.F.);
#6629 = EDGE_CURVE('',#6098,#5241,#6630,.T.);
#6630 = LINE('',#6631,#6632);
#6631 = CARTESIAN_POINT('',(0.71,-8.37,2.157));
#6632 = VECTOR('',#6633,1.);
#6633 = DIRECTION('',(1.,4.440892098501E-16,0.));
#6634 = ORIENTED_EDGE('',*,*,#6097,.F.);
#6635 = B_SPLINE_SURFACE_WITH_KNOTS('',1,1,(
    (#6636,#6637)
    ,(#6638,#6639
    )),.UNSPECIFIED.,.F.,.F.,.F.,(2,2),(2,2),(0.,6.35),(0.,1.),
  .PIECEWISE_BEZIER_KNOTS.);
#6636 = CARTESIAN_POINT('',(0.635,-8.445,2.157));
#6637 = CARTESIAN_POINT('',(0.71,-8.37,2.157));
#6638 = CARTESIAN_POINT('',(6.985,-8.445,2.157));
#6639 = CARTESIAN_POINT('',(6.91,-8.37,2.157));
#6640 = ADVANCED_FACE('',(#6641),#6692,.T.);
#6641 = FACE_BOUND('',#6642,.T.);
#6642 = EDGE_LOOP('',(#6643,#6644,#6650,#6651,#6657,#6658,#6664,#6665,
    #6671,#6672,#6679,#6687));
#6643 = ORIENTED_EDGE('',*,*,#5256,.T.);
#6644 = ORIENTED_EDGE('',*,*,#6645,.T.);
#6645 = EDGE_CURVE('',#5249,#5567,#6646,.T.);
#6646 = LINE('',#6647,#6648);
#6647 = CARTESIAN_POINT('',(6.91,-8.37,2.157));
#6648 = VECTOR('',#6649,1.);
#6649 = DIRECTION('',(-4.440892098501E-16,1.,0.));
#6650 = ORIENTED_EDGE('',*,*,#5583,.T.);
#6651 = ORIENTED_EDGE('',*,*,#6652,.T.);
#6652 = EDGE_CURVE('',#5576,#5895,#6653,.T.);
#6653 = LINE('',#6654,#6655);
#6654 = CARTESIAN_POINT('',(6.91,-8.37,2.157));
#6655 = VECTOR('',#6656,1.);
#6656 = DIRECTION('',(-4.440892098501E-16,1.,0.));
#6657 = ORIENTED_EDGE('',*,*,#5911,.T.);
#6658 = ORIENTED_EDGE('',*,*,#6659,.T.);
#6659 = EDGE_CURVE('',#5904,#5714,#6660,.T.);
#6660 = LINE('',#6661,#6662);
#6661 = CARTESIAN_POINT('',(6.91,-8.37,2.157));
#6662 = VECTOR('',#6663,1.);
#6663 = DIRECTION('',(-4.440892098501E-16,1.,0.));
#6664 = ORIENTED_EDGE('',*,*,#5730,.T.);
#6665 = ORIENTED_EDGE('',*,*,#6666,.T.);
#6666 = EDGE_CURVE('',#5723,#5387,#6667,.T.);
#6667 = LINE('',#6668,#6669);
#6668 = CARTESIAN_POINT('',(6.91,-8.37,2.157));
#6669 = VECTOR('',#6670,1.);
#6670 = DIRECTION('',(-4.440892098501E-16,1.,0.));
#6671 = ORIENTED_EDGE('',*,*,#5402,.T.);
#6672 = ORIENTED_EDGE('',*,*,#6673,.T.);
#6673 = EDGE_CURVE('',#5396,#6674,#6676,.T.);
#6674 = VERTEX_POINT('',#6675);
#6675 = CARTESIAN_POINT('',(6.586276356577,0.426276356577,3.68));
#6676 = B_SPLINE_CURVE_WITH_KNOTS('',1,(#6677,#6678),.UNSPECIFIED.,.F.,
  .F.,(2,2),(0.,1.),.PIECEWISE_BEZIER_KNOTS.);
#6677 = CARTESIAN_POINT('',(6.91,0.75,2.157));
#6678 = CARTESIAN_POINT('',(6.586276356577,0.426276356577,3.68));
#6679 = ORIENTED_EDGE('',*,*,#6680,.F.);
#6680 = EDGE_CURVE('',#6681,#6674,#6683,.T.);
#6681 = VERTEX_POINT('',#6682);
#6682 = CARTESIAN_POINT('',(6.586276356577,-8.046276356577,3.68));
#6683 = LINE('',#6684,#6685);
#6684 = CARTESIAN_POINT('',(6.586276356577,-8.046276356577,3.68));
#6685 = VECTOR('',#6686,1.);
#6686 = DIRECTION('',(-4.440892098501E-16,1.,0.));
#6687 = ORIENTED_EDGE('',*,*,#6688,.F.);
#6688 = EDGE_CURVE('',#5241,#6681,#6689,.T.);
#6689 = B_SPLINE_CURVE_WITH_KNOTS('',1,(#6690,#6691),.UNSPECIFIED.,.F.,
  .F.,(2,2),(0.,1.),.PIECEWISE_BEZIER_KNOTS.);
#6690 = CARTESIAN_POINT('',(6.91,-8.37,2.157));
#6691 = CARTESIAN_POINT('',(6.586276356577,-8.046276356577,3.68));
#6692 = B_SPLINE_SURFACE_WITH_KNOTS('',1,1,(
    (#6693,#6694)
    ,(#6695,#6696
    )),.UNSPECIFIED.,.F.,.F.,.F.,(2,2),(2,2),(0.,9.12),(0.,1.),
  .PIECEWISE_BEZIER_KNOTS.);
#6693 = CARTESIAN_POINT('',(6.91,-8.37,2.157));
#6694 = CARTESIAN_POINT('',(6.586276356577,-8.046276356577,3.68));
#6695 = CARTESIAN_POINT('',(6.91,0.75,2.157));
#6696 = CARTESIAN_POINT('',(6.586276356577,0.426276356577,3.68));
#6697 = ADVANCED_FACE('',(#6698),#6711,.T.);
#6698 = FACE_BOUND('',#6699,.T.);
#6699 = EDGE_LOOP('',(#6700,#6701,#6702,#6703,#6709,#6710));
#6700 = ORIENTED_EDGE('',*,*,#6645,.F.);
#6701 = ORIENTED_EDGE('',*,*,#5248,.F.);
#6702 = ORIENTED_EDGE('',*,*,#5272,.F.);
#6703 = ORIENTED_EDGE('',*,*,#6704,.F.);
#6704 = EDGE_CURVE('',#5452,#5273,#6705,.T.);
#6705 = LINE('',#6706,#6707);
#6706 = CARTESIAN_POINT('',(7.366,-6.858,2.157));
#6707 = VECTOR('',#6708,1.);
#6708 = DIRECTION('',(3.216245299353E-16,-1.,0.));
#6709 = ORIENTED_EDGE('',*,*,#5460,.F.);
#6710 = ORIENTED_EDGE('',*,*,#5566,.F.);
#6711 = PLANE('',#6712);
#6712 = AXIS2_PLACEMENT_3D('',#6713,#6714,#6715);
#6713 = CARTESIAN_POINT('',(3.81,-7.8485,2.157));
#6714 = DIRECTION('',(0.,0.,1.));
#6715 = DIRECTION('',(-4.440892098501E-16,1.,0.));
#6716 = ADVANCED_FACE('',(#6717),#6760,.T.);
#6717 = FACE_BOUND('',#6718,.T.);
#6718 = EDGE_LOOP('',(#6719,#6720,#6721,#6722,#6730,#6738,#6746,#6754));
#6719 = ORIENTED_EDGE('',*,*,#5305,.F.);
#6720 = ORIENTED_EDGE('',*,*,#5474,.T.);
#6721 = ORIENTED_EDGE('',*,*,#5427,.F.);
#6722 = ORIENTED_EDGE('',*,*,#6723,.F.);
#6723 = EDGE_CURVE('',#6724,#5428,#6726,.T.);
#6724 = VERTEX_POINT('',#6725);
#6725 = CARTESIAN_POINT('',(7.493,-7.3915,0.));
#6726 = LINE('',#6727,#6728);
#6727 = CARTESIAN_POINT('',(7.493,-7.3915,0.));
#6728 = VECTOR('',#6729,1.);
#6729 = DIRECTION('',(-3.216245299353E-16,1.,0.));
#6730 = ORIENTED_EDGE('',*,*,#6731,.F.);
#6731 = EDGE_CURVE('',#6732,#6724,#6734,.T.);
#6732 = VERTEX_POINT('',#6733);
#6733 = CARTESIAN_POINT('',(7.493,-7.3915,-2.843));
#6734 = LINE('',#6735,#6736);
#6735 = CARTESIAN_POINT('',(7.493,-7.3915,-2.843));
#6736 = VECTOR('',#6737,1.);
#6737 = DIRECTION('',(0.,0.,1.));
#6738 = ORIENTED_EDGE('',*,*,#6739,.F.);
#6739 = EDGE_CURVE('',#6740,#6732,#6742,.T.);
#6740 = VERTEX_POINT('',#6741);
#6741 = CARTESIAN_POINT('',(7.493,-7.50575,-3.3));
#6742 = LINE('',#6743,#6744);
#6743 = CARTESIAN_POINT('',(7.493,-7.50575,-3.3));
#6744 = VECTOR('',#6745,1.);
#6745 = DIRECTION('',(-7.800540639491E-17,0.242535625036,0.970142500145)
  );
#6746 = ORIENTED_EDGE('',*,*,#6747,.F.);
#6747 = EDGE_CURVE('',#6748,#6740,#6750,.T.);
#6748 = VERTEX_POINT('',#6749);
#6749 = CARTESIAN_POINT('',(7.493,-7.73425,-3.3));
#6750 = LINE('',#6751,#6752);
#6751 = CARTESIAN_POINT('',(7.493,-7.73425,-3.3));
#6752 = VECTOR('',#6753,1.);
#6753 = DIRECTION('',(-3.216245299353E-16,1.,0.));
#6754 = ORIENTED_EDGE('',*,*,#6755,.F.);
#6755 = EDGE_CURVE('',#5298,#6748,#6756,.T.);
#6756 = LINE('',#6757,#6758);
#6757 = CARTESIAN_POINT('',(7.493,-7.8485,-2.843));
#6758 = VECTOR('',#6759,1.);
#6759 = DIRECTION('',(-7.800540639491E-17,0.242535625036,-0.970142500145
    ));
#6760 = PLANE('',#6761);
#6761 = AXIS2_PLACEMENT_3D('',#6762,#6763,#6764);
#6762 = CARTESIAN_POINT('',(7.493,-7.8485,2.157));
#6763 = DIRECTION('',(-1.,-3.216245299353E-16,0.));
#6764 = DIRECTION('',(-0.,0.,-1.));
#6765 = ADVANCED_FACE('',(#6766),#6784,.T.);
#6766 = FACE_BOUND('',#6767,.T.);
#6767 = EDGE_LOOP('',(#6768,#6769,#6770,#6778));
#6768 = ORIENTED_EDGE('',*,*,#5297,.T.);
#6769 = ORIENTED_EDGE('',*,*,#6755,.T.);
#6770 = ORIENTED_EDGE('',*,*,#6771,.F.);
#6771 = EDGE_CURVE('',#6772,#6748,#6774,.T.);
#6772 = VERTEX_POINT('',#6773);
#6773 = CARTESIAN_POINT('',(7.747,-7.73425,-3.3));
#6774 = LINE('',#6775,#6776);
#6775 = CARTESIAN_POINT('',(7.747,-7.73425,-3.3));
#6776 = VECTOR('',#6777,1.);
#6777 = DIRECTION('',(-1.,-3.216245299353E-16,0.));
#6778 = ORIENTED_EDGE('',*,*,#6779,.F.);
#6779 = EDGE_CURVE('',#5290,#6772,#6780,.T.);
#6780 = LINE('',#6781,#6782);
#6781 = CARTESIAN_POINT('',(7.747,-7.8485,-2.843));
#6782 = VECTOR('',#6783,1.);
#6783 = DIRECTION('',(-7.800540639491E-17,0.242535625036,-0.970142500145
    ));
#6784 = PLANE('',#6785);
#6785 = AXIS2_PLACEMENT_3D('',#6786,#6787,#6788);
#6786 = CARTESIAN_POINT('',(7.747,-7.8485,-2.843));
#6787 = DIRECTION('',(3.120216255796E-16,-0.970142500145,-0.242535625036
    ));
#6788 = DIRECTION('',(-7.800540639491E-17,0.242535625036,-0.970142500145
    ));
#6789 = ADVANCED_FACE('',(#6790),#6831,.F.);
#6790 = FACE_BOUND('',#6791,.F.);
#6791 = EDGE_LOOP('',(#6792,#6793,#6799,#6800,#6808,#6816,#6824,#6830));
#6792 = ORIENTED_EDGE('',*,*,#5289,.F.);
#6793 = ORIENTED_EDGE('',*,*,#6794,.F.);
#6794 = EDGE_CURVE('',#5444,#5281,#6795,.T.);
#6795 = LINE('',#6796,#6797);
#6796 = CARTESIAN_POINT('',(7.747,-6.858,1.776));
#6797 = VECTOR('',#6798,1.);
#6798 = DIRECTION('',(3.216245299353E-16,-1.,0.));
#6799 = ORIENTED_EDGE('',*,*,#5443,.F.);
#6800 = ORIENTED_EDGE('',*,*,#6801,.F.);
#6801 = EDGE_CURVE('',#6802,#5436,#6804,.T.);
#6802 = VERTEX_POINT('',#6803);
#6803 = CARTESIAN_POINT('',(7.747,-7.3915,0.));
#6804 = LINE('',#6805,#6806);
#6805 = CARTESIAN_POINT('',(7.747,-7.3915,0.));
#6806 = VECTOR('',#6807,1.);
#6807 = DIRECTION('',(-3.216245299353E-16,1.,0.));
#6808 = ORIENTED_EDGE('',*,*,#6809,.F.);
#6809 = EDGE_CURVE('',#6810,#6802,#6812,.T.);
#6810 = VERTEX_POINT('',#6811);
#6811 = CARTESIAN_POINT('',(7.747,-7.3915,-2.843));
#6812 = LINE('',#6813,#6814);
#6813 = CARTESIAN_POINT('',(7.747,-7.3915,-2.843));
#6814 = VECTOR('',#6815,1.);
#6815 = DIRECTION('',(0.,0.,1.));
#6816 = ORIENTED_EDGE('',*,*,#6817,.F.);
#6817 = EDGE_CURVE('',#6818,#6810,#6820,.T.);
#6818 = VERTEX_POINT('',#6819);
#6819 = CARTESIAN_POINT('',(7.747,-7.50575,-3.3));
#6820 = LINE('',#6821,#6822);
#6821 = CARTESIAN_POINT('',(7.747,-7.50575,-3.3));
#6822 = VECTOR('',#6823,1.);
#6823 = DIRECTION('',(-7.800540639491E-17,0.242535625036,0.970142500145)
  );
#6824 = ORIENTED_EDGE('',*,*,#6825,.F.);
#6825 = EDGE_CURVE('',#6772,#6818,#6826,.T.);
#6826 = LINE('',#6827,#6828);
#6827 = CARTESIAN_POINT('',(7.747,-7.73425,-3.3));
#6828 = VECTOR('',#6829,1.);
#6829 = DIRECTION('',(-3.216245299353E-16,1.,0.));
#6830 = ORIENTED_EDGE('',*,*,#6779,.F.);
#6831 = PLANE('',#6832);
#6832 = AXIS2_PLACEMENT_3D('',#6833,#6834,#6835);
#6833 = CARTESIAN_POINT('',(7.747,-7.8485,2.157));
#6834 = DIRECTION('',(-1.,-3.216245299353E-16,0.));
#6835 = DIRECTION('',(-0.,0.,-1.));
#6836 = ADVANCED_FACE('',(#6837),#6843,.T.);
#6837 = FACE_BOUND('',#6838,.T.);
#6838 = EDGE_LOOP('',(#6839,#6840,#6841,#6842));
#6839 = ORIENTED_EDGE('',*,*,#6704,.T.);
#6840 = ORIENTED_EDGE('',*,*,#5280,.T.);
#6841 = ORIENTED_EDGE('',*,*,#6794,.F.);
#6842 = ORIENTED_EDGE('',*,*,#5451,.F.);
#6843 = CYLINDRICAL_SURFACE('',#6844,0.381);
#6844 = AXIS2_PLACEMENT_3D('',#6845,#6846,#6847);
#6845 = CARTESIAN_POINT('',(7.366,-6.858,1.776));
#6846 = DIRECTION('',(3.216245299353E-16,-1.,0.));
#6847 = DIRECTION('',(0.,0.,1.));
#6848 = ADVANCED_FACE('',(#6849),#6862,.T.);
#6849 = FACE_BOUND('',#6850,.T.);
#6850 = EDGE_LOOP('',(#6851,#6852,#6853,#6854,#6860,#6861));
#6851 = ORIENTED_EDGE('',*,*,#6666,.F.);
#6852 = ORIENTED_EDGE('',*,*,#5722,.F.);
#6853 = ORIENTED_EDGE('',*,*,#5552,.F.);
#6854 = ORIENTED_EDGE('',*,*,#6855,.F.);
#6855 = EDGE_CURVE('',#5364,#5544,#6856,.T.);
#6856 = LINE('',#6857,#6858);
#6857 = CARTESIAN_POINT('',(7.366,0.2285,2.157));
#6858 = VECTOR('',#6859,1.);
#6859 = DIRECTION('',(3.216245299353E-16,-1.,0.));
#6860 = ORIENTED_EDGE('',*,*,#5372,.F.);
#6861 = ORIENTED_EDGE('',*,*,#5386,.F.);
#6862 = PLANE('',#6863);
#6863 = AXIS2_PLACEMENT_3D('',#6864,#6865,#6866);
#6864 = CARTESIAN_POINT('',(3.81,-0.762,2.157));
#6865 = DIRECTION('',(0.,0.,1.));
#6866 = DIRECTION('',(-4.440892098501E-16,1.,0.));
#6867 = ADVANCED_FACE('',(#6868),#6879,.T.);
#6868 = FACE_BOUND('',#6869,.T.);
#6869 = EDGE_LOOP('',(#6870,#6871,#6872,#6873));
#6870 = ORIENTED_EDGE('',*,*,#5363,.T.);
#6871 = ORIENTED_EDGE('',*,*,#6855,.T.);
#6872 = ORIENTED_EDGE('',*,*,#5543,.F.);
#6873 = ORIENTED_EDGE('',*,*,#6874,.F.);
#6874 = EDGE_CURVE('',#5356,#5536,#6875,.T.);
#6875 = LINE('',#6876,#6877);
#6876 = CARTESIAN_POINT('',(7.747,0.2285,1.776));
#6877 = VECTOR('',#6878,1.);
#6878 = DIRECTION('',(3.216245299353E-16,-1.,0.));
#6879 = CYLINDRICAL_SURFACE('',#6880,0.381);
#6880 = AXIS2_PLACEMENT_3D('',#6881,#6882,#6883);
#6881 = CARTESIAN_POINT('',(7.366,0.2285,1.776));
#6882 = DIRECTION('',(3.216245299353E-16,-1.,0.));
#6883 = DIRECTION('',(1.,3.216245299353E-16,0.));
#6884 = ADVANCED_FACE('',(#6885),#6928,.T.);
#6885 = FACE_BOUND('',#6886,.T.);
#6886 = EDGE_LOOP('',(#6887,#6888,#6889,#6890,#6898,#6906,#6914,#6922));
#6887 = ORIENTED_EDGE('',*,*,#5355,.F.);
#6888 = ORIENTED_EDGE('',*,*,#6874,.T.);
#6889 = ORIENTED_EDGE('',*,*,#5535,.F.);
#6890 = ORIENTED_EDGE('',*,*,#6891,.F.);
#6891 = EDGE_CURVE('',#6892,#5528,#6894,.T.);
#6892 = VERTEX_POINT('',#6893);
#6893 = CARTESIAN_POINT('',(7.747,-0.2285,0.));
#6894 = LINE('',#6895,#6896);
#6895 = CARTESIAN_POINT('',(7.747,-0.2285,0.));
#6896 = VECTOR('',#6897,1.);
#6897 = DIRECTION('',(3.216245299353E-16,-1.,0.));
#6898 = ORIENTED_EDGE('',*,*,#6899,.F.);
#6899 = EDGE_CURVE('',#6900,#6892,#6902,.T.);
#6900 = VERTEX_POINT('',#6901);
#6901 = CARTESIAN_POINT('',(7.747,-0.2285,-2.843));
#6902 = LINE('',#6903,#6904);
#6903 = CARTESIAN_POINT('',(7.747,-0.2285,-2.843));
#6904 = VECTOR('',#6905,1.);
#6905 = DIRECTION('',(0.,0.,1.));
#6906 = ORIENTED_EDGE('',*,*,#6907,.F.);
#6907 = EDGE_CURVE('',#6908,#6900,#6910,.T.);
#6908 = VERTEX_POINT('',#6909);
#6909 = CARTESIAN_POINT('',(7.747,-0.11425,-3.3));
#6910 = LINE('',#6911,#6912);
#6911 = CARTESIAN_POINT('',(7.747,-0.11425,-3.3));
#6912 = VECTOR('',#6913,1.);
#6913 = DIRECTION('',(7.800540639491E-17,-0.242535625036,0.970142500145)
  );
#6914 = ORIENTED_EDGE('',*,*,#6915,.F.);
#6915 = EDGE_CURVE('',#6916,#6908,#6918,.T.);
#6916 = VERTEX_POINT('',#6917);
#6917 = CARTESIAN_POINT('',(7.747,0.11425,-3.3));
#6918 = LINE('',#6919,#6920);
#6919 = CARTESIAN_POINT('',(7.747,0.11425,-3.3));
#6920 = VECTOR('',#6921,1.);
#6921 = DIRECTION('',(3.216245299353E-16,-1.,0.));
#6922 = ORIENTED_EDGE('',*,*,#6923,.F.);
#6923 = EDGE_CURVE('',#5348,#6916,#6924,.T.);
#6924 = LINE('',#6925,#6926);
#6925 = CARTESIAN_POINT('',(7.747,0.2285,-2.843));
#6926 = VECTOR('',#6927,1.);
#6927 = DIRECTION('',(7.800540639491E-17,-0.242535625036,-0.970142500145
    ));
#6928 = PLANE('',#6929);
#6929 = AXIS2_PLACEMENT_3D('',#6930,#6931,#6932);
#6930 = CARTESIAN_POINT('',(7.747,0.2285,2.157));
#6931 = DIRECTION('',(1.,3.216245299353E-16,0.));
#6932 = DIRECTION('',(0.,-0.,1.));
#6933 = ADVANCED_FACE('',(#6934),#6952,.F.);
#6934 = FACE_BOUND('',#6935,.F.);
#6935 = EDGE_LOOP('',(#6936,#6937,#6945,#6951));
#6936 = ORIENTED_EDGE('',*,*,#5347,.T.);
#6937 = ORIENTED_EDGE('',*,*,#6938,.T.);
#6938 = EDGE_CURVE('',#5340,#6939,#6941,.T.);
#6939 = VERTEX_POINT('',#6940);
#6940 = CARTESIAN_POINT('',(7.493,0.11425,-3.3));
#6941 = LINE('',#6942,#6943);
#6942 = CARTESIAN_POINT('',(7.493,0.2285,-2.843));
#6943 = VECTOR('',#6944,1.);
#6944 = DIRECTION('',(7.800540639491E-17,-0.242535625036,-0.970142500145
    ));
#6945 = ORIENTED_EDGE('',*,*,#6946,.F.);
#6946 = EDGE_CURVE('',#6916,#6939,#6947,.T.);
#6947 = LINE('',#6948,#6949);
#6948 = CARTESIAN_POINT('',(7.747,0.11425,-3.3));
#6949 = VECTOR('',#6950,1.);
#6950 = DIRECTION('',(-1.,-3.216245299353E-16,0.));
#6951 = ORIENTED_EDGE('',*,*,#6923,.F.);
#6952 = PLANE('',#6953);
#6953 = AXIS2_PLACEMENT_3D('',#6954,#6955,#6956);
#6954 = CARTESIAN_POINT('',(7.747,0.2285,-2.843));
#6955 = DIRECTION('',(3.120216255796E-16,-0.970142500145,0.242535625036)
  );
#6956 = DIRECTION('',(7.800540639491E-17,-0.242535625036,-0.970142500145
    ));
#6957 = ADVANCED_FACE('',(#6958),#6994,.F.);
#6958 = FACE_BOUND('',#6959,.F.);
#6959 = EDGE_LOOP('',(#6960,#6961,#6962,#6963,#6971,#6979,#6987,#6993));
#6960 = ORIENTED_EDGE('',*,*,#5339,.F.);
#6961 = ORIENTED_EDGE('',*,*,#5502,.T.);
#6962 = ORIENTED_EDGE('',*,*,#5519,.F.);
#6963 = ORIENTED_EDGE('',*,*,#6964,.F.);
#6964 = EDGE_CURVE('',#6965,#5520,#6967,.T.);
#6965 = VERTEX_POINT('',#6966);
#6966 = CARTESIAN_POINT('',(7.493,-0.2285,0.));
#6967 = LINE('',#6968,#6969);
#6968 = CARTESIAN_POINT('',(7.493,-0.2285,0.));
#6969 = VECTOR('',#6970,1.);
#6970 = DIRECTION('',(3.216245299353E-16,-1.,0.));
#6971 = ORIENTED_EDGE('',*,*,#6972,.F.);
#6972 = EDGE_CURVE('',#6973,#6965,#6975,.T.);
#6973 = VERTEX_POINT('',#6974);
#6974 = CARTESIAN_POINT('',(7.493,-0.2285,-2.843));
#6975 = LINE('',#6976,#6977);
#6976 = CARTESIAN_POINT('',(7.493,-0.2285,-2.843));
#6977 = VECTOR('',#6978,1.);
#6978 = DIRECTION('',(0.,0.,1.));
#6979 = ORIENTED_EDGE('',*,*,#6980,.F.);
#6980 = EDGE_CURVE('',#6981,#6973,#6983,.T.);
#6981 = VERTEX_POINT('',#6982);
#6982 = CARTESIAN_POINT('',(7.493,-0.11425,-3.3));
#6983 = LINE('',#6984,#6985);
#6984 = CARTESIAN_POINT('',(7.493,-0.11425,-3.3));
#6985 = VECTOR('',#6986,1.);
#6986 = DIRECTION('',(7.800540639491E-17,-0.242535625036,0.970142500145)
  );
#6987 = ORIENTED_EDGE('',*,*,#6988,.F.);
#6988 = EDGE_CURVE('',#6939,#6981,#6989,.T.);
#6989 = LINE('',#6990,#6991);
#6990 = CARTESIAN_POINT('',(7.493,0.11425,-3.3));
#6991 = VECTOR('',#6992,1.);
#6992 = DIRECTION('',(3.216245299353E-16,-1.,0.));
#6993 = ORIENTED_EDGE('',*,*,#6938,.F.);
#6994 = PLANE('',#6995);
#6995 = AXIS2_PLACEMENT_3D('',#6996,#6997,#6998);
#6996 = CARTESIAN_POINT('',(7.493,0.2285,2.157));
#6997 = DIRECTION('',(1.,3.216245299353E-16,0.));
#6998 = DIRECTION('',(0.,-0.,1.));
#6999 = ADVANCED_FACE('',(#7000),#7011,.T.);
#7000 = FACE_BOUND('',#7001,.T.);
#7001 = EDGE_LOOP('',(#7002,#7008,#7009,#7010));
#7002 = ORIENTED_EDGE('',*,*,#7003,.T.);
#7003 = EDGE_CURVE('',#6802,#6724,#7004,.T.);
#7004 = LINE('',#7005,#7006);
#7005 = CARTESIAN_POINT('',(7.747,-7.3915,0.));
#7006 = VECTOR('',#7007,1.);
#7007 = DIRECTION('',(-1.,-3.216245299353E-16,0.));
#7008 = ORIENTED_EDGE('',*,*,#6723,.T.);
#7009 = ORIENTED_EDGE('',*,*,#5435,.F.);
#7010 = ORIENTED_EDGE('',*,*,#6801,.F.);
#7011 = PLANE('',#7012);
#7012 = AXIS2_PLACEMENT_3D('',#7013,#7014,#7015);
#7013 = CARTESIAN_POINT('',(7.747,-7.3915,0.));
#7014 = DIRECTION('',(-0.,0.,-1.));
#7015 = DIRECTION('',(-3.216245299353E-16,1.,0.));
#7016 = ADVANCED_FACE('',(#7017),#7028,.F.);
#7017 = FACE_BOUND('',#7018,.F.);
#7018 = EDGE_LOOP('',(#7019,#7025,#7026,#7027));
#7019 = ORIENTED_EDGE('',*,*,#7020,.T.);
#7020 = EDGE_CURVE('',#6892,#6965,#7021,.T.);
#7021 = LINE('',#7022,#7023);
#7022 = CARTESIAN_POINT('',(7.747,-0.2285,0.));
#7023 = VECTOR('',#7024,1.);
#7024 = DIRECTION('',(-1.,-3.216245299353E-16,0.));
#7025 = ORIENTED_EDGE('',*,*,#6964,.T.);
#7026 = ORIENTED_EDGE('',*,*,#5527,.F.);
#7027 = ORIENTED_EDGE('',*,*,#6891,.F.);
#7028 = PLANE('',#7029);
#7029 = AXIS2_PLACEMENT_3D('',#7030,#7031,#7032);
#7030 = CARTESIAN_POINT('',(7.747,-0.2285,0.));
#7031 = DIRECTION('',(0.,0.,1.));
#7032 = DIRECTION('',(3.216245299353E-16,-1.,0.));
#7033 = ADVANCED_FACE('',(#7034),#7047,.T.);
#7034 = FACE_BOUND('',#7035,.T.);
#7035 = EDGE_LOOP('',(#7036,#7037,#7038,#7039,#7045,#7046));
#7036 = ORIENTED_EDGE('',*,*,#6652,.F.);
#7037 = ORIENTED_EDGE('',*,*,#5575,.F.);
#7038 = ORIENTED_EDGE('',*,*,#5599,.F.);
#7039 = ORIENTED_EDGE('',*,*,#7040,.F.);
#7040 = EDGE_CURVE('',#5747,#5600,#7041,.T.);
#7041 = LINE('',#7042,#7043);
#7042 = CARTESIAN_POINT('',(7.366,-4.318,2.157));
#7043 = VECTOR('',#7044,1.);
#7044 = DIRECTION('',(3.216245299353E-16,-1.,0.));
#7045 = ORIENTED_EDGE('',*,*,#5746,.F.);
#7046 = ORIENTED_EDGE('',*,*,#5894,.F.);
#7047 = PLANE('',#7048);
#7048 = AXIS2_PLACEMENT_3D('',#7049,#7050,#7051);
#7049 = CARTESIAN_POINT('',(3.683,-5.842,2.157));
#7050 = DIRECTION('',(0.,0.,1.));
#7051 = DIRECTION('',(-4.440892098501E-16,1.,0.));
#7052 = ADVANCED_FACE('',(#7053),#7112,.T.);
#7053 = FACE_BOUND('',#7054,.T.);
#7054 = EDGE_LOOP('',(#7055,#7056,#7057,#7058,#7066,#7074,#7082,#7090,
    #7098,#7106));
#7055 = ORIENTED_EDGE('',*,*,#5632,.F.);
#7056 = ORIENTED_EDGE('',*,*,#5802,.T.);
#7057 = ORIENTED_EDGE('',*,*,#5779,.F.);
#7058 = ORIENTED_EDGE('',*,*,#7059,.F.);
#7059 = EDGE_CURVE('',#7060,#5772,#7062,.T.);
#7060 = VERTEX_POINT('',#7061);
#7061 = CARTESIAN_POINT('',(7.493,-4.8515,0.));
#7062 = LINE('',#7063,#7064);
#7063 = CARTESIAN_POINT('',(7.493,-4.8515,0.));
#7064 = VECTOR('',#7065,1.);
#7065 = DIRECTION('',(-3.216245299353E-16,1.,0.));
#7066 = ORIENTED_EDGE('',*,*,#7067,.F.);
#7067 = EDGE_CURVE('',#7068,#7060,#7070,.T.);
#7068 = VERTEX_POINT('',#7069);
#7069 = CARTESIAN_POINT('',(7.493,-4.8515,-2.843));
#7070 = LINE('',#7071,#7072);
#7071 = CARTESIAN_POINT('',(7.493,-4.8515,-2.843));
#7072 = VECTOR('',#7073,1.);
#7073 = DIRECTION('',(0.,0.,1.));
#7074 = ORIENTED_EDGE('',*,*,#7075,.F.);
#7075 = EDGE_CURVE('',#7076,#7068,#7078,.T.);
#7076 = VERTEX_POINT('',#7077);
#7077 = CARTESIAN_POINT('',(7.493,-4.96575,-3.3));
#7078 = LINE('',#7079,#7080);
#7079 = CARTESIAN_POINT('',(7.493,-4.96575,-3.3));
#7080 = VECTOR('',#7081,1.);
#7081 = DIRECTION('',(-7.800540639491E-17,0.242535625036,0.970142500145)
  );
#7082 = ORIENTED_EDGE('',*,*,#7083,.F.);
#7083 = EDGE_CURVE('',#7084,#7076,#7086,.T.);
#7084 = VERTEX_POINT('',#7085);
#7085 = CARTESIAN_POINT('',(7.493,-5.19425,-3.3));
#7086 = LINE('',#7087,#7088);
#7087 = CARTESIAN_POINT('',(7.493,-5.19425,-3.3));
#7088 = VECTOR('',#7089,1.);
#7089 = DIRECTION('',(-3.216245299353E-16,1.,0.));
#7090 = ORIENTED_EDGE('',*,*,#7091,.F.);
#7091 = EDGE_CURVE('',#7092,#7084,#7094,.T.);
#7092 = VERTEX_POINT('',#7093);
#7093 = CARTESIAN_POINT('',(7.493,-5.3085,-2.843));
#7094 = LINE('',#7095,#7096);
#7095 = CARTESIAN_POINT('',(7.493,-5.3085,-2.843));
#7096 = VECTOR('',#7097,1.);
#7097 = DIRECTION('',(-7.800540639491E-17,0.242535625036,-0.970142500145
    ));
#7098 = ORIENTED_EDGE('',*,*,#7099,.F.);
#7099 = EDGE_CURVE('',#7100,#7092,#7102,.T.);
#7100 = VERTEX_POINT('',#7101);
#7101 = CARTESIAN_POINT('',(7.493,-5.3085,0.));
#7102 = LINE('',#7103,#7104);
#7103 = CARTESIAN_POINT('',(7.493,-5.3085,0.));
#7104 = VECTOR('',#7105,1.);
#7105 = DIRECTION('',(0.,0.,-1.));
#7106 = ORIENTED_EDGE('',*,*,#7107,.F.);
#7107 = EDGE_CURVE('',#5625,#7100,#7108,.T.);
#7108 = LINE('',#7109,#7110);
#7109 = CARTESIAN_POINT('',(7.493,-5.842,0.));
#7110 = VECTOR('',#7111,1.);
#7111 = DIRECTION('',(-3.216245299353E-16,1.,0.));
#7112 = PLANE('',#7113);
#7113 = AXIS2_PLACEMENT_3D('',#7114,#7115,#7116);
#7114 = CARTESIAN_POINT('',(7.493,-5.842,2.157));
#7115 = DIRECTION('',(-1.,-3.216245299353E-16,0.));
#7116 = DIRECTION('',(-0.,0.,-1.));
#7117 = ADVANCED_FACE('',(#7118),#7136,.T.);
#7118 = FACE_BOUND('',#7119,.T.);
#7119 = EDGE_LOOP('',(#7120,#7121,#7122,#7130));
#7120 = ORIENTED_EDGE('',*,*,#5624,.T.);
#7121 = ORIENTED_EDGE('',*,*,#7107,.T.);
#7122 = ORIENTED_EDGE('',*,*,#7123,.F.);
#7123 = EDGE_CURVE('',#7124,#7100,#7126,.T.);
#7124 = VERTEX_POINT('',#7125);
#7125 = CARTESIAN_POINT('',(7.747,-5.3085,0.));
#7126 = LINE('',#7127,#7128);
#7127 = CARTESIAN_POINT('',(7.747,-5.3085,0.));
#7128 = VECTOR('',#7129,1.);
#7129 = DIRECTION('',(-1.,-3.216245299353E-16,0.));
#7130 = ORIENTED_EDGE('',*,*,#7131,.F.);
#7131 = EDGE_CURVE('',#5617,#7124,#7132,.T.);
#7132 = LINE('',#7133,#7134);
#7133 = CARTESIAN_POINT('',(7.747,-5.842,0.));
#7134 = VECTOR('',#7135,1.);
#7135 = DIRECTION('',(-3.216245299353E-16,1.,0.));
#7136 = PLANE('',#7137);
#7137 = AXIS2_PLACEMENT_3D('',#7138,#7139,#7140);
#7138 = CARTESIAN_POINT('',(7.747,-5.842,0.));
#7139 = DIRECTION('',(-0.,0.,-1.));
#7140 = DIRECTION('',(-3.216245299353E-16,1.,0.));
#7141 = ADVANCED_FACE('',(#7142),#7199,.F.);
#7142 = FACE_BOUND('',#7143,.F.);
#7143 = EDGE_LOOP('',(#7144,#7145,#7151,#7152,#7160,#7168,#7176,#7184,
    #7192,#7198));
#7144 = ORIENTED_EDGE('',*,*,#5616,.F.);
#7145 = ORIENTED_EDGE('',*,*,#7146,.F.);
#7146 = EDGE_CURVE('',#5755,#5608,#7147,.T.);
#7147 = LINE('',#7148,#7149);
#7148 = CARTESIAN_POINT('',(7.747,-4.318,1.776));
#7149 = VECTOR('',#7150,1.);
#7150 = DIRECTION('',(3.216245299353E-16,-1.,0.));
#7151 = ORIENTED_EDGE('',*,*,#5763,.F.);
#7152 = ORIENTED_EDGE('',*,*,#7153,.F.);
#7153 = EDGE_CURVE('',#7154,#5764,#7156,.T.);
#7154 = VERTEX_POINT('',#7155);
#7155 = CARTESIAN_POINT('',(7.747,-4.8515,0.));
#7156 = LINE('',#7157,#7158);
#7157 = CARTESIAN_POINT('',(7.747,-4.8515,0.));
#7158 = VECTOR('',#7159,1.);
#7159 = DIRECTION('',(-3.216245299353E-16,1.,0.));
#7160 = ORIENTED_EDGE('',*,*,#7161,.F.);
#7161 = EDGE_CURVE('',#7162,#7154,#7164,.T.);
#7162 = VERTEX_POINT('',#7163);
#7163 = CARTESIAN_POINT('',(7.747,-4.8515,-2.843));
#7164 = LINE('',#7165,#7166);
#7165 = CARTESIAN_POINT('',(7.747,-4.8515,-2.843));
#7166 = VECTOR('',#7167,1.);
#7167 = DIRECTION('',(0.,0.,1.));
#7168 = ORIENTED_EDGE('',*,*,#7169,.F.);
#7169 = EDGE_CURVE('',#7170,#7162,#7172,.T.);
#7170 = VERTEX_POINT('',#7171);
#7171 = CARTESIAN_POINT('',(7.747,-4.96575,-3.3));
#7172 = LINE('',#7173,#7174);
#7173 = CARTESIAN_POINT('',(7.747,-4.96575,-3.3));
#7174 = VECTOR('',#7175,1.);
#7175 = DIRECTION('',(-7.800540639491E-17,0.242535625036,0.970142500145)
  );
#7176 = ORIENTED_EDGE('',*,*,#7177,.F.);
#7177 = EDGE_CURVE('',#7178,#7170,#7180,.T.);
#7178 = VERTEX_POINT('',#7179);
#7179 = CARTESIAN_POINT('',(7.747,-5.19425,-3.3));
#7180 = LINE('',#7181,#7182);
#7181 = CARTESIAN_POINT('',(7.747,-5.19425,-3.3));
#7182 = VECTOR('',#7183,1.);
#7183 = DIRECTION('',(-3.216245299353E-16,1.,0.));
#7184 = ORIENTED_EDGE('',*,*,#7185,.F.);
#7185 = EDGE_CURVE('',#7186,#7178,#7188,.T.);
#7186 = VERTEX_POINT('',#7187);
#7187 = CARTESIAN_POINT('',(7.747,-5.3085,-2.843));
#7188 = LINE('',#7189,#7190);
#7189 = CARTESIAN_POINT('',(7.747,-5.3085,-2.843));
#7190 = VECTOR('',#7191,1.);
#7191 = DIRECTION('',(-7.800540639491E-17,0.242535625036,-0.970142500145
    ));
#7192 = ORIENTED_EDGE('',*,*,#7193,.F.);
#7193 = EDGE_CURVE('',#7124,#7186,#7194,.T.);
#7194 = LINE('',#7195,#7196);
#7195 = CARTESIAN_POINT('',(7.747,-5.3085,0.));
#7196 = VECTOR('',#7197,1.);
#7197 = DIRECTION('',(0.,0.,-1.));
#7198 = ORIENTED_EDGE('',*,*,#7131,.F.);
#7199 = PLANE('',#7200);
#7200 = AXIS2_PLACEMENT_3D('',#7201,#7202,#7203);
#7201 = CARTESIAN_POINT('',(7.747,-5.842,2.157));
#7202 = DIRECTION('',(-1.,-3.216245299353E-16,0.));
#7203 = DIRECTION('',(-0.,0.,-1.));
#7204 = ADVANCED_FACE('',(#7205),#7211,.T.);
#7205 = FACE_BOUND('',#7206,.T.);
#7206 = EDGE_LOOP('',(#7207,#7208,#7209,#7210));
#7207 = ORIENTED_EDGE('',*,*,#7040,.T.);
#7208 = ORIENTED_EDGE('',*,*,#5607,.T.);
#7209 = ORIENTED_EDGE('',*,*,#7146,.F.);
#7210 = ORIENTED_EDGE('',*,*,#5754,.F.);
#7211 = CYLINDRICAL_SURFACE('',#7212,0.381);
#7212 = AXIS2_PLACEMENT_3D('',#7213,#7214,#7215);
#7213 = CARTESIAN_POINT('',(7.366,-4.318,1.776));
#7214 = DIRECTION('',(3.216245299353E-16,-1.,0.));
#7215 = DIRECTION('',(0.,0.,1.));
#7216 = ADVANCED_FACE('',(#7217),#7276,.T.);
#7217 = FACE_BOUND('',#7218,.T.);
#7218 = EDGE_LOOP('',(#7219,#7220,#7221,#7222,#7230,#7238,#7246,#7254,
    #7262,#7270));
#7219 = ORIENTED_EDGE('',*,*,#5879,.F.);
#7220 = ORIENTED_EDGE('',*,*,#5819,.T.);
#7221 = ORIENTED_EDGE('',*,*,#5690,.F.);
#7222 = ORIENTED_EDGE('',*,*,#7223,.F.);
#7223 = EDGE_CURVE('',#7224,#5683,#7226,.T.);
#7224 = VERTEX_POINT('',#7225);
#7225 = CARTESIAN_POINT('',(7.493,-2.3115,0.));
#7226 = LINE('',#7227,#7228);
#7227 = CARTESIAN_POINT('',(7.493,-2.3115,0.));
#7228 = VECTOR('',#7229,1.);
#7229 = DIRECTION('',(-3.216245299353E-16,1.,0.));
#7230 = ORIENTED_EDGE('',*,*,#7231,.F.);
#7231 = EDGE_CURVE('',#7232,#7224,#7234,.T.);
#7232 = VERTEX_POINT('',#7233);
#7233 = CARTESIAN_POINT('',(7.493,-2.3115,-2.843));
#7234 = LINE('',#7235,#7236);
#7235 = CARTESIAN_POINT('',(7.493,-2.3115,-2.843));
#7236 = VECTOR('',#7237,1.);
#7237 = DIRECTION('',(0.,0.,1.));
#7238 = ORIENTED_EDGE('',*,*,#7239,.F.);
#7239 = EDGE_CURVE('',#7240,#7232,#7242,.T.);
#7240 = VERTEX_POINT('',#7241);
#7241 = CARTESIAN_POINT('',(7.493,-2.42575,-3.3));
#7242 = LINE('',#7243,#7244);
#7243 = CARTESIAN_POINT('',(7.493,-2.42575,-3.3));
#7244 = VECTOR('',#7245,1.);
#7245 = DIRECTION('',(-7.800540639491E-17,0.242535625036,0.970142500145)
  );
#7246 = ORIENTED_EDGE('',*,*,#7247,.F.);
#7247 = EDGE_CURVE('',#7248,#7240,#7250,.T.);
#7248 = VERTEX_POINT('',#7249);
#7249 = CARTESIAN_POINT('',(7.493,-2.65425,-3.3));
#7250 = LINE('',#7251,#7252);
#7251 = CARTESIAN_POINT('',(7.493,-2.65425,-3.3));
#7252 = VECTOR('',#7253,1.);
#7253 = DIRECTION('',(-3.216245299353E-16,1.,0.));
#7254 = ORIENTED_EDGE('',*,*,#7255,.F.);
#7255 = EDGE_CURVE('',#7256,#7248,#7258,.T.);
#7256 = VERTEX_POINT('',#7257);
#7257 = CARTESIAN_POINT('',(7.493,-2.7685,-2.843));
#7258 = LINE('',#7259,#7260);
#7259 = CARTESIAN_POINT('',(7.493,-2.7685,-2.843));
#7260 = VECTOR('',#7261,1.);
#7261 = DIRECTION('',(-7.800540639491E-17,0.242535625036,-0.970142500145
    ));
#7262 = ORIENTED_EDGE('',*,*,#7263,.F.);
#7263 = EDGE_CURVE('',#7264,#7256,#7266,.T.);
#7264 = VERTEX_POINT('',#7265);
#7265 = CARTESIAN_POINT('',(7.493,-2.7685,0.));
#7266 = LINE('',#7267,#7268);
#7267 = CARTESIAN_POINT('',(7.493,-2.7685,0.));
#7268 = VECTOR('',#7269,1.);
#7269 = DIRECTION('',(0.,0.,-1.));
#7270 = ORIENTED_EDGE('',*,*,#7271,.F.);
#7271 = EDGE_CURVE('',#5872,#7264,#7272,.T.);
#7272 = LINE('',#7273,#7274);
#7273 = CARTESIAN_POINT('',(7.493,-3.302,0.));
#7274 = VECTOR('',#7275,1.);
#7275 = DIRECTION('',(-3.216245299353E-16,1.,0.));
#7276 = PLANE('',#7277);
#7277 = AXIS2_PLACEMENT_3D('',#7278,#7279,#7280);
#7278 = CARTESIAN_POINT('',(7.493,-3.302,2.157));
#7279 = DIRECTION('',(-1.,-3.216245299353E-16,0.));
#7280 = DIRECTION('',(-0.,0.,-1.));
#7281 = ADVANCED_FACE('',(#7282),#7300,.T.);
#7282 = FACE_BOUND('',#7283,.T.);
#7283 = EDGE_LOOP('',(#7284,#7292,#7293,#7294));
#7284 = ORIENTED_EDGE('',*,*,#7285,.T.);
#7285 = EDGE_CURVE('',#7286,#7224,#7288,.T.);
#7286 = VERTEX_POINT('',#7287);
#7287 = CARTESIAN_POINT('',(7.747,-2.3115,0.));
#7288 = LINE('',#7289,#7290);
#7289 = CARTESIAN_POINT('',(7.747,-2.3115,0.));
#7290 = VECTOR('',#7291,1.);
#7291 = DIRECTION('',(-1.,-3.216245299353E-16,0.));
#7292 = ORIENTED_EDGE('',*,*,#7223,.T.);
#7293 = ORIENTED_EDGE('',*,*,#5682,.F.);
#7294 = ORIENTED_EDGE('',*,*,#7295,.F.);
#7295 = EDGE_CURVE('',#7286,#5675,#7296,.T.);
#7296 = LINE('',#7297,#7298);
#7297 = CARTESIAN_POINT('',(7.747,-2.3115,0.));
#7298 = VECTOR('',#7299,1.);
#7299 = DIRECTION('',(-3.216245299353E-16,1.,0.));
#7300 = PLANE('',#7301);
#7301 = AXIS2_PLACEMENT_3D('',#7302,#7303,#7304);
#7302 = CARTESIAN_POINT('',(7.747,-2.3115,0.));
#7303 = DIRECTION('',(-0.,0.,-1.));
#7304 = DIRECTION('',(-3.216245299353E-16,1.,0.));
#7305 = ADVANCED_FACE('',(#7306),#7363,.F.);
#7306 = FACE_BOUND('',#7307,.F.);
#7307 = EDGE_LOOP('',(#7308,#7309,#7315,#7316,#7317,#7325,#7333,#7341,
    #7349,#7357));
#7308 = ORIENTED_EDGE('',*,*,#5863,.F.);
#7309 = ORIENTED_EDGE('',*,*,#7310,.F.);
#7310 = EDGE_CURVE('',#5666,#5855,#7311,.T.);
#7311 = LINE('',#7312,#7313);
#7312 = CARTESIAN_POINT('',(7.747,-1.778,1.776));
#7313 = VECTOR('',#7314,1.);
#7314 = DIRECTION('',(3.216245299353E-16,-1.,0.));
#7315 = ORIENTED_EDGE('',*,*,#5674,.F.);
#7316 = ORIENTED_EDGE('',*,*,#7295,.F.);
#7317 = ORIENTED_EDGE('',*,*,#7318,.F.);
#7318 = EDGE_CURVE('',#7319,#7286,#7321,.T.);
#7319 = VERTEX_POINT('',#7320);
#7320 = CARTESIAN_POINT('',(7.747,-2.3115,-2.843));
#7321 = LINE('',#7322,#7323);
#7322 = CARTESIAN_POINT('',(7.747,-2.3115,-2.843));
#7323 = VECTOR('',#7324,1.);
#7324 = DIRECTION('',(0.,0.,1.));
#7325 = ORIENTED_EDGE('',*,*,#7326,.F.);
#7326 = EDGE_CURVE('',#7327,#7319,#7329,.T.);
#7327 = VERTEX_POINT('',#7328);
#7328 = CARTESIAN_POINT('',(7.747,-2.42575,-3.3));
#7329 = LINE('',#7330,#7331);
#7330 = CARTESIAN_POINT('',(7.747,-2.42575,-3.3));
#7331 = VECTOR('',#7332,1.);
#7332 = DIRECTION('',(-7.800540639491E-17,0.242535625036,0.970142500145)
  );
#7333 = ORIENTED_EDGE('',*,*,#7334,.F.);
#7334 = EDGE_CURVE('',#7335,#7327,#7337,.T.);
#7335 = VERTEX_POINT('',#7336);
#7336 = CARTESIAN_POINT('',(7.747,-2.65425,-3.3));
#7337 = LINE('',#7338,#7339);
#7338 = CARTESIAN_POINT('',(7.747,-2.65425,-3.3));
#7339 = VECTOR('',#7340,1.);
#7340 = DIRECTION('',(-3.216245299353E-16,1.,0.));
#7341 = ORIENTED_EDGE('',*,*,#7342,.F.);
#7342 = EDGE_CURVE('',#7343,#7335,#7345,.T.);
#7343 = VERTEX_POINT('',#7344);
#7344 = CARTESIAN_POINT('',(7.747,-2.7685,-2.843));
#7345 = LINE('',#7346,#7347);
#7346 = CARTESIAN_POINT('',(7.747,-2.7685,-2.843));
#7347 = VECTOR('',#7348,1.);
#7348 = DIRECTION('',(-7.800540639491E-17,0.242535625036,-0.970142500145
    ));
#7349 = ORIENTED_EDGE('',*,*,#7350,.F.);
#7350 = EDGE_CURVE('',#7351,#7343,#7353,.T.);
#7351 = VERTEX_POINT('',#7352);
#7352 = CARTESIAN_POINT('',(7.747,-2.7685,0.));
#7353 = LINE('',#7354,#7355);
#7354 = CARTESIAN_POINT('',(7.747,-2.7685,0.));
#7355 = VECTOR('',#7356,1.);
#7356 = DIRECTION('',(0.,0.,-1.));
#7357 = ORIENTED_EDGE('',*,*,#7358,.F.);
#7358 = EDGE_CURVE('',#5864,#7351,#7359,.T.);
#7359 = LINE('',#7360,#7361);
#7360 = CARTESIAN_POINT('',(7.747,-3.302,0.));
#7361 = VECTOR('',#7362,1.);
#7362 = DIRECTION('',(-3.216245299353E-16,1.,0.));
#7363 = PLANE('',#7364);
#7364 = AXIS2_PLACEMENT_3D('',#7365,#7366,#7367);
#7365 = CARTESIAN_POINT('',(7.747,-3.302,2.157));
#7366 = DIRECTION('',(-1.,-3.216245299353E-16,0.));
#7367 = DIRECTION('',(-0.,0.,-1.));
#7368 = ADVANCED_FACE('',(#7369),#7380,.T.);
#7369 = FACE_BOUND('',#7370,.T.);
#7370 = EDGE_LOOP('',(#7371,#7377,#7378,#7379));
#7371 = ORIENTED_EDGE('',*,*,#7372,.T.);
#7372 = EDGE_CURVE('',#5658,#5847,#7373,.T.);
#7373 = LINE('',#7374,#7375);
#7374 = CARTESIAN_POINT('',(7.366,-1.778,2.157));
#7375 = VECTOR('',#7376,1.);
#7376 = DIRECTION('',(3.216245299353E-16,-1.,0.));
#7377 = ORIENTED_EDGE('',*,*,#5854,.T.);
#7378 = ORIENTED_EDGE('',*,*,#7310,.F.);
#7379 = ORIENTED_EDGE('',*,*,#5665,.F.);
#7380 = CYLINDRICAL_SURFACE('',#7381,0.381);
#7381 = AXIS2_PLACEMENT_3D('',#7382,#7383,#7384);
#7382 = CARTESIAN_POINT('',(7.366,-1.778,1.776));
#7383 = DIRECTION('',(3.216245299353E-16,-1.,0.));
#7384 = DIRECTION('',(0.,0.,1.));
#7385 = ADVANCED_FACE('',(#7386),#7394,.T.);
#7386 = FACE_BOUND('',#7387,.T.);
#7387 = EDGE_LOOP('',(#7388,#7389,#7390,#7391,#7392,#7393));
#7388 = ORIENTED_EDGE('',*,*,#6659,.F.);
#7389 = ORIENTED_EDGE('',*,*,#5903,.F.);
#7390 = ORIENTED_EDGE('',*,*,#5846,.F.);
#7391 = ORIENTED_EDGE('',*,*,#7372,.F.);
#7392 = ORIENTED_EDGE('',*,*,#5657,.F.);
#7393 = ORIENTED_EDGE('',*,*,#5713,.F.);
#7394 = PLANE('',#7395);
#7395 = AXIS2_PLACEMENT_3D('',#7396,#7397,#7398);
#7396 = CARTESIAN_POINT('',(3.683,-3.302,2.157));
#7397 = DIRECTION('',(0.,0.,1.));
#7398 = DIRECTION('',(-4.440892098501E-16,1.,0.));
#7399 = ADVANCED_FACE('',(#7400),#7411,.T.);
#7400 = FACE_BOUND('',#7401,.T.);
#7401 = EDGE_LOOP('',(#7402,#7408,#7409,#7410));
#7402 = ORIENTED_EDGE('',*,*,#7403,.T.);
#7403 = EDGE_CURVE('',#7154,#7060,#7404,.T.);
#7404 = LINE('',#7405,#7406);
#7405 = CARTESIAN_POINT('',(7.747,-4.8515,0.));
#7406 = VECTOR('',#7407,1.);
#7407 = DIRECTION('',(-1.,-3.216245299353E-16,0.));
#7408 = ORIENTED_EDGE('',*,*,#7059,.T.);
#7409 = ORIENTED_EDGE('',*,*,#5771,.F.);
#7410 = ORIENTED_EDGE('',*,*,#7153,.F.);
#7411 = PLANE('',#7412);
#7412 = AXIS2_PLACEMENT_3D('',#7413,#7414,#7415);
#7413 = CARTESIAN_POINT('',(7.747,-4.8515,0.));
#7414 = DIRECTION('',(-0.,0.,-1.));
#7415 = DIRECTION('',(-3.216245299353E-16,1.,0.));
#7416 = ADVANCED_FACE('',(#7417),#7428,.T.);
#7417 = FACE_BOUND('',#7418,.T.);
#7418 = EDGE_LOOP('',(#7419,#7420,#7421,#7427));
#7419 = ORIENTED_EDGE('',*,*,#5871,.T.);
#7420 = ORIENTED_EDGE('',*,*,#7271,.T.);
#7421 = ORIENTED_EDGE('',*,*,#7422,.F.);
#7422 = EDGE_CURVE('',#7351,#7264,#7423,.T.);
#7423 = LINE('',#7424,#7425);
#7424 = CARTESIAN_POINT('',(7.747,-2.7685,0.));
#7425 = VECTOR('',#7426,1.);
#7426 = DIRECTION('',(-1.,-3.216245299353E-16,0.));
#7427 = ORIENTED_EDGE('',*,*,#7358,.F.);
#7428 = PLANE('',#7429);
#7429 = AXIS2_PLACEMENT_3D('',#7430,#7431,#7432);
#7430 = CARTESIAN_POINT('',(7.747,-3.302,0.));
#7431 = DIRECTION('',(-0.,0.,-1.));
#7432 = DIRECTION('',(-3.216245299353E-16,1.,0.));
#7433 = ADVANCED_FACE('',(#7434),#7777,.T.);
#7434 = FACE_BOUND('',#7435,.T.);
#7435 = EDGE_LOOP('',(#7436,#7437,#7438,#7445,#7453,#7559,#7665,#7771));
#7436 = ORIENTED_EDGE('',*,*,#6673,.F.);
#7437 = ORIENTED_EDGE('',*,*,#5933,.T.);
#7438 = ORIENTED_EDGE('',*,*,#7439,.T.);
#7439 = EDGE_CURVE('',#5927,#7440,#7442,.T.);
#7440 = VERTEX_POINT('',#7441);
#7441 = CARTESIAN_POINT('',(1.033723643423,0.426276356577,3.68));
#7442 = B_SPLINE_CURVE_WITH_KNOTS('',1,(#7443,#7444),.UNSPECIFIED.,.F.,
  .F.,(2,2),(0.,1.),.PIECEWISE_BEZIER_KNOTS.);
#7443 = CARTESIAN_POINT('',(0.71,0.75,2.157));
#7444 = CARTESIAN_POINT('',(1.033723643423,0.426276356577,3.68));
#7445 = ORIENTED_EDGE('',*,*,#7446,.F.);
#7446 = EDGE_CURVE('',#7447,#7440,#7449,.T.);
#7447 = VERTEX_POINT('',#7448);
#7448 = CARTESIAN_POINT('',(3.06375942217,0.426276356577,3.68));
#7449 = LINE('',#7450,#7451);
#7450 = CARTESIAN_POINT('',(6.586276356577,0.426276356577,3.68));
#7451 = VECTOR('',#7452,1.);
#7452 = DIRECTION('',(-1.,-4.440892098501E-16,0.));
#7453 = ORIENTED_EDGE('',*,*,#7454,.F.);
#7454 = EDGE_CURVE('',#7455,#7447,#7457,.T.);
#7455 = VERTEX_POINT('',#7456);
#7456 = CARTESIAN_POINT('',(3.060652504409,0.532554637412,3.18));
#7457 = B_SPLINE_CURVE_WITH_KNOTS('',4,(#7458,#7459,#7460,#7461,#7462,
    #7463,#7464,#7465,#7466,#7467,#7468,#7469,#7470,#7471,#7472,#7473,
    #7474,#7475,#7476,#7477,#7478,#7479,#7480,#7481,#7482,#7483,#7484,
    #7485,#7486,#7487,#7488,#7489,#7490,#7491,#7492,#7493,#7494,#7495,
    #7496,#7497,#7498,#7499,#7500,#7501,#7502,#7503,#7504,#7505,#7506,
    #7507,#7508,#7509,#7510,#7511,#7512,#7513,#7514,#7515,#7516,#7517,
    #7518,#7519,#7520,#7521,#7522,#7523,#7524,#7525,#7526,#7527,#7528,
    #7529,#7530,#7531,#7532,#7533,#7534,#7535,#7536,#7537,#7538,#7539,
    #7540,#7541,#7542,#7543,#7544,#7545,#7546,#7547,#7548,#7549,#7550,
    #7551,#7552,#7553,#7554,#7555,#7556,#7557,#7558),.UNSPECIFIED.,.F.,
  .F.,(5,3,3,3,3,3,3,3,3,3,3,3,3,3,3,3,3,3,3,3,3,3,3,3,3,3,3,3,3,3,3,3,3
    ,5),(0.,3.832661857541E-02,7.588616027402E-02,0.112697851853,
    0.148780767068,0.184153940431,0.218836486671,0.252847727222,
    0.286207325059,0.318935429062,0.351052828922,0.382581121221,
    0.413542886787,0.443961878574,0.47386321812,0.503273596996,
    0.532221477517,0.560737284348,0.588853575632,0.616605179129,
    0.644029276191,0.671165414825,0.69805543375,0.723856466375,
    0.750392376563,0.776817491054,0.80317991565,0.829528157021,
    0.855910545381,0.882374672274,0.908966882882,0.935731854039,
    0.962712277262,1.),.UNSPECIFIED.);
#7458 = CARTESIAN_POINT('',(3.102443253723,0.75,2.157));
#7459 = CARTESIAN_POINT('',(3.10159836505,0.747596502417,2.168307567096)
  );
#7460 = CARTESIAN_POINT('',(3.100760043871,0.745176893235,2.179690933308
    ));
#7461 = CARTESIAN_POINT('',(3.099928470497,0.742740885558,2.191151448372
    ));
#7462 = CARTESIAN_POINT('',(3.098295716868,0.737884563992,2.213998645033
    ));
#7463 = CARTESIAN_POINT('',(3.097494261506,0.735464911842,2.225382213394
    ));
#7464 = CARTESIAN_POINT('',(3.096699660478,0.733028942322,2.236842548942
    ));
#7465 = CARTESIAN_POINT('',(3.095140251405,0.728172618361,2.259689756871
    ));
#7466 = CARTESIAN_POINT('',(3.094375165256,0.725752918822,2.271073548177
    ));
#7467 = CARTESIAN_POINT('',(3.093617046982,0.72331699024,2.282533691129)
  );
#7468 = CARTESIAN_POINT('',(3.092130026932,0.718460661398,2.305380922018
    ));
#7469 = CARTESIAN_POINT('',(3.091400843964,0.716040908555,2.316764964101
    ));
#7470 = CARTESIAN_POINT('',(3.090678749632,0.71360502492,2.328224895597)
  );
#7471 = CARTESIAN_POINT('',(3.089263222812,0.708748688464,2.351072162308
    ));
#7472 = CARTESIAN_POINT('',(3.088569506013,0.706328874704,2.362456490983
    ));
#7473 = CARTESIAN_POINT('',(3.087883006017,0.703893041415,2.373916185615
    ));
#7474 = CARTESIAN_POINT('',(3.08653813337,0.699036694321,2.396763502377)
  );
#7475 = CARTESIAN_POINT('',(3.085879473324,0.696616810106,2.408148162516
    ));
#7476 = CARTESIAN_POINT('',(3.085228165819,0.694181034144,2.419607587444
    ));
#7477 = CARTESIAN_POINT('',(3.083953162281,0.689324673051,2.442454970066
    ));
#7478 = CARTESIAN_POINT('',(3.08332917589,0.686904706661,2.453840016811)
  );
#7479 = CARTESIAN_POINT('',(3.08271268547,0.684468996804,2.465299130741)
  );
#7480 = CARTESIAN_POINT('',(3.081506817467,0.67961261797,2.488146596824)
  );
#7481 = CARTESIAN_POINT('',(3.080917146787,0.677192555215,2.499532096932
    ));
#7482 = CARTESIAN_POINT('',(3.080335123266,0.674756922283,2.510990848958
    ));
#7483 = CARTESIAN_POINT('',(3.079197706436,0.669900521543,2.533838418102
    ));
#7484 = CARTESIAN_POINT('',(3.078642017638,0.667480345451,2.545224451414
    ));
#7485 = CARTESIAN_POINT('',(3.078094134929,0.665044802583,2.556682779723
    ));
#7486 = CARTESIAN_POINT('',(3.07702453204,0.66018837531,2.579530473698)
  );
#7487 = CARTESIAN_POINT('',(3.07650251448,0.657768065798,2.590917134701)
  );
#7488 = CARTESIAN_POINT('',(3.075988469554,0.655332628757,2.602374965137
    ));
#7489 = CARTESIAN_POINT('',(3.074986088616,0.650476169835,2.625222808007
    ));
#7490 = CARTESIAN_POINT('',(3.074497454016,0.648055703366,2.636610207432
    ));
#7491 = CARTESIAN_POINT('',(3.074016965933,0.645620390865,2.64806745195)
  );
#7492 = CARTESIAN_POINT('',(3.073081258485,0.640763894688,2.670915470094
    ));
#7493 = CARTESIAN_POINT('',(3.072625740214,0.638343243943,2.682303736473
    ));
#7494 = CARTESIAN_POINT('',(3.072178549227,0.635908077994,2.693760291517
    ));
#7495 = CARTESIAN_POINT('',(3.071309008778,0.631051538489,2.716608513501
    ));
#7496 = CARTESIAN_POINT('',(3.070886361242,0.628630672067,2.727997794563
    ));
#7497 = CARTESIAN_POINT('',(3.070472227939,0.626195678326,2.739453539431
    ));
#7498 = CARTESIAN_POINT('',(3.069668388574,0.621339089031,2.762301995656
    ));
#7499 = CARTESIAN_POINT('',(3.069278386703,0.618917971229,2.773692459367
    ));
#7500 = CARTESIAN_POINT('',(3.068897091202,0.616483179322,2.785147254684
    ));
#7501 = CARTESIAN_POINT('',(3.068158526316,0.611626533526,2.807995976726
    ));
#7502 = CARTESIAN_POINT('',(3.067800965147,0.609205124242,2.81938781175)
  );
#7503 = CARTESIAN_POINT('',(3.067452306324,0.606770568034,2.83084149819)
  );
#7504 = CARTESIAN_POINT('',(3.066778627491,0.601913859003,2.85369051773)
  );
#7505 = CARTESIAN_POINT('',(3.066453321841,0.599492113826,2.865083933008
    ));
#7506 = CARTESIAN_POINT('',(3.066137116583,0.597057831594,2.876536330492
    ));
#7507 = CARTESIAN_POINT('',(3.065527972543,0.592201052906,2.899385677745
    ));
#7508 = CARTESIAN_POINT('',(3.065234756765,0.589778923466,2.910780900835
    ));
#7509 = CARTESIAN_POINT('',(3.064950839246,0.587344957907,2.922231808487
    ));
#7510 = CARTESIAN_POINT('',(3.064405914993,0.582488103904,2.945081510067
    ));
#7511 = CARTESIAN_POINT('',(3.064144642791,0.580065538575,2.956478783859
    ));
#7512 = CARTESIAN_POINT('',(3.063892863774,0.577631936579,2.967927981082
    ));
#7513 = CARTESIAN_POINT('',(3.063411879734,0.572775002947,2.99077805729)
  );
#7514 = CARTESIAN_POINT('',(3.063182424021,0.570351947956,3.002177634756
    ));
#7515 = CARTESIAN_POINT('',(3.062962650185,0.567918760056,3.01362488381)
  );
#7516 = CARTESIAN_POINT('',(3.062545361468,0.563061744495,3.036475345463
    ));
#7517 = CARTESIAN_POINT('',(3.062347614228,0.560638145511,3.047877482217
    ));
#7518 = CARTESIAN_POINT('',(3.062159727543,0.558205424932,3.059322532699
    ));
#7519 = CARTESIAN_POINT('',(3.061805923247,0.553348327874,3.082173377761
    ));
#7520 = CARTESIAN_POINT('',(3.06163979537,0.550924132049,3.093578322432)
  );
#7521 = CARTESIAN_POINT('',(3.061483692536,0.548491933287,3.105020917961
    ));
#7522 = CARTESIAN_POINT('',(3.061193195095,0.543634758563,3.127872128414
    ));
#7523 = CARTESIAN_POINT('',(3.061058616139,0.541209916965,3.139280111208
    ));
#7524 = CARTESIAN_POINT('',(3.060934208127,0.538778293878,3.150719998397
    ));
#7525 = CARTESIAN_POINT('',(3.060710635538,0.534001445917,3.173193301142
    ));
#7526 = CARTESIAN_POINT('',(3.060610652449,0.531656709793,3.184224417312
    ));
#7527 = CARTESIAN_POINT('',(3.060520286222,0.529306845248,3.195279660803
    ));
#7528 = CARTESIAN_POINT('',(3.060356690777,0.524531015986,3.217748170946
    ));
#7529 = CARTESIAN_POINT('',(3.060284022745,0.522104789354,3.229162669811
    ));
#7530 = CARTESIAN_POINT('',(3.060221741893,0.519674441603,3.240596557019
    ));
#7531 = CARTESIAN_POINT('',(3.060118326142,0.514817097121,3.26344856612)
  );
#7532 = CARTESIAN_POINT('',(3.060077103863,0.512390127828,3.274866558929
    ));
#7533 = CARTESIAN_POINT('',(3.060046335552,0.509960487816,3.286297116485
    ));
#7534 = CARTESIAN_POINT('',(3.060005839486,0.505103118425,3.309149242777
    ));
#7535 = CARTESIAN_POINT('',(3.059996061896,0.502675397106,3.320570773588
    ));
#7536 = CARTESIAN_POINT('',(3.059996772537,0.500246491538,3.331997875857
    ));
#7537 = CARTESIAN_POINT('',(3.060019176318,0.49538911742,3.354850024389)
  );
#7538 = CARTESIAN_POINT('',(3.060040858167,0.492960648212,3.366275073744
    ));
#7539 = CARTESIAN_POINT('',(3.060073028876,0.490532491387,3.37769865345)
  );
#7540 = CARTESIAN_POINT('',(3.060158343526,0.485675133035,3.400550727806
    ));
#7541 = CARTESIAN_POINT('',(3.060211514682,0.483245933163,3.411979214666
    ));
#7542 = CARTESIAN_POINT('',(3.060275141935,0.480818526053,3.423399267246
    ));
#7543 = CARTESIAN_POINT('',(3.060423409398,0.475961202735,3.446251176778
    ));
#7544 = CARTESIAN_POINT('',(3.060508114269,0.473531301133,3.457682965016
    ));
#7545 = CARTESIAN_POINT('',(3.06060321063,0.471104631472,3.469099548169)
  );
#7546 = CARTESIAN_POINT('',(3.060814503999,0.466247359896,3.491951214278
    ));
#7547 = CARTESIAN_POINT('',(3.060930801132,0.463816795086,3.503386122664
    ));
#7548 = CARTESIAN_POINT('',(3.061057395988,0.461390838462,3.514799351241
    ));
#7549 = CARTESIAN_POINT('',(3.061331819874,0.456533631832,3.537650711804
    ));
#7550 = CARTESIAN_POINT('',(3.06147978178,0.454102449372,3.549088526007)
  );
#7551 = CARTESIAN_POINT('',(3.061637921998,0.451677171116,3.560498563111
    ));
#7552 = CARTESIAN_POINT('',(3.061975613012,0.446820038677,3.583349574633
    ));
#7553 = CARTESIAN_POINT('',(3.062155326198,0.444388288514,3.594790059667
    ));
#7554 = CARTESIAN_POINT('',(3.062345076673,0.441963646102,3.606197105365
    ));
#7555 = CARTESIAN_POINT('',(3.062820569592,0.436206135645,3.633284062415
    ));
#7556 = CARTESIAN_POINT('',(3.063115291368,0.432880166482,3.64893151708)
  );
#7557 = CARTESIAN_POINT('',(3.063428406313,0.42956992391,3.664504983956)
  );
#7558 = CARTESIAN_POINT('',(3.06375942217,0.426276356577,3.68));
#7559 = ORIENTED_EDGE('',*,*,#7560,.T.);
#7560 = EDGE_CURVE('',#7455,#7561,#7563,.T.);
#7561 = VERTEX_POINT('',#7562);
#7562 = CARTESIAN_POINT('',(4.559347495591,0.532554637412,3.18));
#7563 = B_SPLINE_CURVE_WITH_KNOTS('',4,(#7564,#7565,#7566,#7567,#7568,
    #7569,#7570,#7571,#7572,#7573,#7574,#7575,#7576,#7577,#7578,#7579,
    #7580,#7581,#7582,#7583,#7584,#7585,#7586,#7587,#7588,#7589,#7590,
    #7591,#7592,#7593,#7594,#7595,#7596,#7597,#7598,#7599,#7600,#7601,
    #7602,#7603,#7604,#7605,#7606,#7607,#7608,#7609,#7610,#7611,#7612,
    #7613,#7614,#7615,#7616,#7617,#7618,#7619,#7620,#7621,#7622,#7623,
    #7624,#7625,#7626,#7627,#7628,#7629,#7630,#7631,#7632,#7633,#7634,
    #7635,#7636,#7637,#7638,#7639,#7640,#7641,#7642,#7643,#7644,#7645,
    #7646,#7647,#7648,#7649,#7650,#7651,#7652,#7653,#7654,#7655,#7656,
    #7657,#7658,#7659,#7660,#7661,#7662,#7663,#7664),.UNSPECIFIED.,.F.,
  .F.,(5,3,3,3,3,3,3,3,3,3,3,3,3,3,3,3,3,3,3,3,3,3,3,3,3,3,3,3,3,3,3,3,3
    ,5),(0.,3.000000000006E-02,6.000000000009E-02,9.000000000011E-02,
    0.12,0.15,0.18,0.21,0.24,0.27,0.3,0.33,0.36,0.389,0.419,0.449,0.479,
    0.509,0.539,0.569,0.599,0.629,0.658,0.688,0.718,0.748,0.778,0.808,
    0.838,0.868,0.898,0.928,0.958,1.),.UNSPECIFIED.);
#7564 = CARTESIAN_POINT('',(0.927445362588,0.532554637412,3.18));
#7565 = CARTESIAN_POINT('',(0.97068368215,0.532554637412,3.18));
#7566 = CARTESIAN_POINT('',(1.013922001711,0.532554637412,3.18));
#7567 = CARTESIAN_POINT('',(1.057160321272,0.532554637412,3.18));
#7568 = CARTESIAN_POINT('',(1.143636960394,0.532554637412,3.18));
#7569 = CARTESIAN_POINT('',(1.186875279956,0.532554637412,3.18));
#7570 = CARTESIAN_POINT('',(1.230113599517,0.532554637412,3.18));
#7571 = CARTESIAN_POINT('',(1.316590238639,0.532554637412,3.18));
#7572 = CARTESIAN_POINT('',(1.3598285582,0.532554637412,3.18));
#7573 = CARTESIAN_POINT('',(1.403066877761,0.532554637412,3.18));
#7574 = CARTESIAN_POINT('',(1.489543516884,0.532554637412,3.18));
#7575 = CARTESIAN_POINT('',(1.532781836445,0.532554637412,3.18));
#7576 = CARTESIAN_POINT('',(1.576020156006,0.532554637412,3.18));
#7577 = CARTESIAN_POINT('',(1.662496795128,0.532554637412,3.18));
#7578 = CARTESIAN_POINT('',(1.70573511469,0.532554637412,3.18));
#7579 = CARTESIAN_POINT('',(1.748973434251,0.532554637412,3.18));
#7580 = CARTESIAN_POINT('',(1.835450073373,0.532554637412,3.18));
#7581 = CARTESIAN_POINT('',(1.878688392934,0.532554637412,3.18));
#7582 = CARTESIAN_POINT('',(1.921926712495,0.532554637412,3.18));
#7583 = CARTESIAN_POINT('',(2.008403351618,0.532554637412,3.18));
#7584 = CARTESIAN_POINT('',(2.051641671179,0.532554637412,3.18));
#7585 = CARTESIAN_POINT('',(2.09487999074,0.532554637412,3.18));
#7586 = CARTESIAN_POINT('',(2.181356629862,0.532554637412,3.18));
#7587 = CARTESIAN_POINT('',(2.224594949424,0.532554637412,3.18));
#7588 = CARTESIAN_POINT('',(2.267833268985,0.532554637412,3.18));
#7589 = CARTESIAN_POINT('',(2.354309908107,0.532554637412,3.18));
#7590 = CARTESIAN_POINT('',(2.397548227668,0.532554637412,3.18));
#7591 = CARTESIAN_POINT('',(2.440786547229,0.532554637412,3.18));
#7592 = CARTESIAN_POINT('',(2.527263186352,0.532554637412,3.18));
#7593 = CARTESIAN_POINT('',(2.570501505913,0.532554637412,3.18));
#7594 = CARTESIAN_POINT('',(2.613739825474,0.532554637412,3.18));
#7595 = CARTESIAN_POINT('',(2.700216464596,0.532554637412,3.18));
#7596 = CARTESIAN_POINT('',(2.743454784158,0.532554637412,3.18));
#7597 = CARTESIAN_POINT('',(2.786693103719,0.532554637412,3.18));
#7598 = CARTESIAN_POINT('',(2.873169742841,0.532554637412,3.18));
#7599 = CARTESIAN_POINT('',(2.916408062402,0.532554637412,3.18));
#7600 = CARTESIAN_POINT('',(2.959646381963,0.532554637412,3.18));
#7601 = CARTESIAN_POINT('',(3.044681743767,0.532554637412,3.18));
#7602 = CARTESIAN_POINT('',(3.08647878601,0.532554637412,3.18));
#7603 = CARTESIAN_POINT('',(3.128275828252,0.532554637412,3.18));
#7604 = CARTESIAN_POINT('',(3.213311190056,0.532554637412,3.18));
#7605 = CARTESIAN_POINT('',(3.256549509617,0.532554637412,3.18));
#7606 = CARTESIAN_POINT('',(3.299787829178,0.532554637412,3.18));
#7607 = CARTESIAN_POINT('',(3.3862644683,0.532554637412,3.18));
#7608 = CARTESIAN_POINT('',(3.429502787862,0.532554637412,3.18));
#7609 = CARTESIAN_POINT('',(3.472741107423,0.532554637412,3.18));
#7610 = CARTESIAN_POINT('',(3.559217746545,0.532554637412,3.18));
#7611 = CARTESIAN_POINT('',(3.602456066106,0.532554637412,3.18));
#7612 = CARTESIAN_POINT('',(3.645694385667,0.532554637412,3.18));
#7613 = CARTESIAN_POINT('',(3.73217102479,0.532554637412,3.18));
#7614 = CARTESIAN_POINT('',(3.775409344351,0.532554637412,3.18));
#7615 = CARTESIAN_POINT('',(3.818647663912,0.532554637412,3.18));
#7616 = CARTESIAN_POINT('',(3.905124303035,0.532554637412,3.18));
#7617 = CARTESIAN_POINT('',(3.948362622596,0.532554637412,3.18));
#7618 = CARTESIAN_POINT('',(3.991600942157,0.532554637412,3.18));
#7619 = CARTESIAN_POINT('',(4.078077581279,0.532554637412,3.18));
#7620 = CARTESIAN_POINT('',(4.12131590084,0.532554637412,3.18));
#7621 = CARTESIAN_POINT('',(4.164554220402,0.532554637412,3.18));
#7622 = CARTESIAN_POINT('',(4.251030859524,0.532554637412,3.18));
#7623 = CARTESIAN_POINT('',(4.294269179085,0.532554637412,3.18));
#7624 = CARTESIAN_POINT('',(4.337507498646,0.532554637412,3.18));
#7625 = CARTESIAN_POINT('',(4.423984137769,0.532554637412,3.18));
#7626 = CARTESIAN_POINT('',(4.46722245733,0.532554637412,3.18));
#7627 = CARTESIAN_POINT('',(4.510460776891,0.532554637412,3.18));
#7628 = CARTESIAN_POINT('',(4.595496138695,0.532554637412,3.18));
#7629 = CARTESIAN_POINT('',(4.637293180937,0.532554637412,3.18));
#7630 = CARTESIAN_POINT('',(4.67909022318,0.532554637412,3.18));
#7631 = CARTESIAN_POINT('',(4.764125584983,0.532554637412,3.18));
#7632 = CARTESIAN_POINT('',(4.807363904544,0.532554637412,3.18));
#7633 = CARTESIAN_POINT('',(4.850602224106,0.532554637412,3.18));
#7634 = CARTESIAN_POINT('',(4.937078863228,0.532554637412,3.18));
#7635 = CARTESIAN_POINT('',(4.980317182789,0.532554637412,3.18));
#7636 = CARTESIAN_POINT('',(5.02355550235,0.532554637412,3.18));
#7637 = CARTESIAN_POINT('',(5.110032141473,0.532554637412,3.18));
#7638 = CARTESIAN_POINT('',(5.153270461034,0.532554637412,3.18));
#7639 = CARTESIAN_POINT('',(5.196508780595,0.532554637412,3.18));
#7640 = CARTESIAN_POINT('',(5.282985419717,0.532554637412,3.18));
#7641 = CARTESIAN_POINT('',(5.326223739278,0.532554637412,3.18));
#7642 = CARTESIAN_POINT('',(5.36946205884,0.532554637412,3.18));
#7643 = CARTESIAN_POINT('',(5.455938697962,0.532554637412,3.18));
#7644 = CARTESIAN_POINT('',(5.499177017523,0.532554637412,3.18));
#7645 = CARTESIAN_POINT('',(5.542415337084,0.532554637412,3.18));
#7646 = CARTESIAN_POINT('',(5.628891976207,0.532554637412,3.18));
#7647 = CARTESIAN_POINT('',(5.672130295768,0.532554637412,3.18));
#7648 = CARTESIAN_POINT('',(5.715368615329,0.532554637412,3.18));
#7649 = CARTESIAN_POINT('',(5.801845254451,0.532554637412,3.18));
#7650 = CARTESIAN_POINT('',(5.845083574013,0.532554637412,3.18));
#7651 = CARTESIAN_POINT('',(5.888321893574,0.532554637412,3.18));
#7652 = CARTESIAN_POINT('',(5.974798532696,0.532554637412,3.18));
#7653 = CARTESIAN_POINT('',(6.018036852257,0.532554637412,3.18));
#7654 = CARTESIAN_POINT('',(6.061275171818,0.532554637412,3.18));
#7655 = CARTESIAN_POINT('',(6.147751810941,0.532554637412,3.18));
#7656 = CARTESIAN_POINT('',(6.190990130502,0.532554637412,3.18));
#7657 = CARTESIAN_POINT('',(6.234228450063,0.532554637412,3.18));
#7658 = CARTESIAN_POINT('',(6.320705089185,0.532554637412,3.18));
#7659 = CARTESIAN_POINT('',(6.363943408747,0.532554637412,3.18));
#7660 = CARTESIAN_POINT('',(6.407181728308,0.532554637412,3.18));
#7661 = CARTESIAN_POINT('',(6.510953695255,0.532554637412,3.18));
#7662 = CARTESIAN_POINT('',(6.57148734264,0.532554637412,3.18));
#7663 = CARTESIAN_POINT('',(6.632020990026,0.532554637412,3.18));
#7664 = CARTESIAN_POINT('',(6.692554637412,0.532554637412,3.18));
#7665 = ORIENTED_EDGE('',*,*,#7666,.T.);
#7666 = EDGE_CURVE('',#7561,#7667,#7669,.T.);
#7667 = VERTEX_POINT('',#7668);
#7668 = CARTESIAN_POINT('',(4.55624057783,0.426276356577,3.68));
#7669 = B_SPLINE_CURVE_WITH_KNOTS('',4,(#7670,#7671,#7672,#7673,#7674,
    #7675,#7676,#7677,#7678,#7679,#7680,#7681,#7682,#7683,#7684,#7685,
    #7686,#7687,#7688,#7689,#7690,#7691,#7692,#7693,#7694,#7695,#7696,
    #7697,#7698,#7699,#7700,#7701,#7702,#7703,#7704,#7705,#7706,#7707,
    #7708,#7709,#7710,#7711,#7712,#7713,#7714,#7715,#7716,#7717,#7718,
    #7719,#7720,#7721,#7722,#7723,#7724,#7725,#7726,#7727,#7728,#7729,
    #7730,#7731,#7732,#7733,#7734,#7735,#7736,#7737,#7738,#7739,#7740,
    #7741,#7742,#7743,#7744,#7745,#7746,#7747,#7748,#7749,#7750,#7751,
    #7752,#7753,#7754,#7755,#7756,#7757,#7758,#7759,#7760,#7761,#7762,
    #7763,#7764,#7765,#7766,#7767,#7768,#7769,#7770),.UNSPECIFIED.,.F.,
  .F.,(5,3,3,3,3,3,3,3,3,3,3,3,3,3,3,3,3,3,3,3,3,3,3,3,3,3,3,3,3,3,3,3,3
    ,5),(0.,3.832661857541E-02,7.588616027406E-02,0.112697851853,
    0.148780767068,0.184153940431,0.218836486671,0.252847727222,
    0.286207325059,0.318935429062,0.351052828922,0.382581121221,
    0.413542886787,0.443961878574,0.47386321812,0.503273596997,
    0.532221477517,0.560737284349,0.588853575632,0.61660517913,
    0.644029276191,0.671165414826,0.69805543375,0.723856466375,
    0.750392376563,0.776817491055,0.803179915651,0.829528157022,
    0.855910545381,0.882374672274,0.908966882882,0.935731854039,
    0.962712277262,1.),.UNSPECIFIED.);
#7670 = CARTESIAN_POINT('',(4.517556746277,0.75,2.157));
#7671 = CARTESIAN_POINT('',(4.51840163495,0.747596502417,2.168307567096)
  );
#7672 = CARTESIAN_POINT('',(4.519239956129,0.745176893235,2.179690933308
    ));
#7673 = CARTESIAN_POINT('',(4.520071529503,0.742740885558,2.191151448372
    ));
#7674 = CARTESIAN_POINT('',(4.521704283132,0.737884563992,2.213998645033
    ));
#7675 = CARTESIAN_POINT('',(4.522505738494,0.735464911842,2.225382213394
    ));
#7676 = CARTESIAN_POINT('',(4.523300339522,0.733028942322,2.236842548942
    ));
#7677 = CARTESIAN_POINT('',(4.524859748595,0.728172618361,2.259689756871
    ));
#7678 = CARTESIAN_POINT('',(4.525624834744,0.725752918822,2.271073548177
    ));
#7679 = CARTESIAN_POINT('',(4.526382953018,0.72331699024,2.282533691129)
  );
#7680 = CARTESIAN_POINT('',(4.527869973068,0.718460661398,2.305380922018
    ));
#7681 = CARTESIAN_POINT('',(4.528599156036,0.716040908555,2.316764964101
    ));
#7682 = CARTESIAN_POINT('',(4.529321250368,0.71360502492,2.328224895597)
  );
#7683 = CARTESIAN_POINT('',(4.530736777188,0.708748688464,2.351072162308
    ));
#7684 = CARTESIAN_POINT('',(4.531430493987,0.706328874704,2.362456490983
    ));
#7685 = CARTESIAN_POINT('',(4.532116993983,0.703893041415,2.373916185615
    ));
#7686 = CARTESIAN_POINT('',(4.53346186663,0.699036694321,2.396763502377)
  );
#7687 = CARTESIAN_POINT('',(4.534120526676,0.696616810106,2.408148162516
    ));
#7688 = CARTESIAN_POINT('',(4.534771834181,0.694181034144,2.419607587444
    ));
#7689 = CARTESIAN_POINT('',(4.536046837719,0.689324673051,2.442454970066
    ));
#7690 = CARTESIAN_POINT('',(4.53667082411,0.686904706661,2.453840016811)
  );
#7691 = CARTESIAN_POINT('',(4.53728731453,0.684468996804,2.465299130741)
  );
#7692 = CARTESIAN_POINT('',(4.538493182533,0.67961261797,2.488146596824)
  );
#7693 = CARTESIAN_POINT('',(4.539082853213,0.677192555215,2.499532096932
    ));
#7694 = CARTESIAN_POINT('',(4.539664876734,0.674756922283,2.510990848958
    ));
#7695 = CARTESIAN_POINT('',(4.540802293564,0.669900521543,2.533838418102
    ));
#7696 = CARTESIAN_POINT('',(4.541357982362,0.667480345451,2.545224451414
    ));
#7697 = CARTESIAN_POINT('',(4.541905865071,0.665044802583,2.556682779723
    ));
#7698 = CARTESIAN_POINT('',(4.54297546796,0.66018837531,2.579530473698)
  );
#7699 = CARTESIAN_POINT('',(4.54349748552,0.657768065798,2.590917134701)
  );
#7700 = CARTESIAN_POINT('',(4.544011530446,0.655332628757,2.602374965137
    ));
#7701 = CARTESIAN_POINT('',(4.545013911384,0.650476169835,2.625222808007
    ));
#7702 = CARTESIAN_POINT('',(4.545502545984,0.648055703366,2.636610207432
    ));
#7703 = CARTESIAN_POINT('',(4.545983034067,0.645620390865,2.64806745195)
  );
#7704 = CARTESIAN_POINT('',(4.546918741515,0.640763894688,2.670915470094
    ));
#7705 = CARTESIAN_POINT('',(4.547374259786,0.638343243943,2.682303736473
    ));
#7706 = CARTESIAN_POINT('',(4.547821450773,0.635908077994,2.693760291517
    ));
#7707 = CARTESIAN_POINT('',(4.548690991222,0.631051538489,2.716608513501
    ));
#7708 = CARTESIAN_POINT('',(4.549113638758,0.628630672067,2.727997794563
    ));
#7709 = CARTESIAN_POINT('',(4.549527772061,0.626195678326,2.739453539431
    ));
#7710 = CARTESIAN_POINT('',(4.550331611426,0.621339089031,2.762301995656
    ));
#7711 = CARTESIAN_POINT('',(4.550721613297,0.618917971229,2.773692459367
    ));
#7712 = CARTESIAN_POINT('',(4.551102908798,0.616483179322,2.785147254684
    ));
#7713 = CARTESIAN_POINT('',(4.551841473684,0.611626533526,2.807995976726
    ));
#7714 = CARTESIAN_POINT('',(4.552199034853,0.609205124242,2.81938781175)
  );
#7715 = CARTESIAN_POINT('',(4.552547693676,0.606770568034,2.83084149819)
  );
#7716 = CARTESIAN_POINT('',(4.553221372509,0.601913859003,2.85369051773)
  );
#7717 = CARTESIAN_POINT('',(4.553546678159,0.599492113826,2.865083933008
    ));
#7718 = CARTESIAN_POINT('',(4.553862883417,0.597057831594,2.876536330492
    ));
#7719 = CARTESIAN_POINT('',(4.554472027457,0.592201052906,2.899385677745
    ));
#7720 = CARTESIAN_POINT('',(4.554765243235,0.589778923466,2.910780900835
    ));
#7721 = CARTESIAN_POINT('',(4.555049160754,0.587344957907,2.922231808488
    ));
#7722 = CARTESIAN_POINT('',(4.555594085007,0.582488103904,2.945081510067
    ));
#7723 = CARTESIAN_POINT('',(4.555855357209,0.580065538575,2.956478783859
    ));
#7724 = CARTESIAN_POINT('',(4.556107136226,0.577631936579,2.967927981082
    ));
#7725 = CARTESIAN_POINT('',(4.556588120266,0.572775002947,2.99077805729)
  );
#7726 = CARTESIAN_POINT('',(4.556817575979,0.570351947956,3.002177634756
    ));
#7727 = CARTESIAN_POINT('',(4.557037349815,0.567918760056,3.01362488381)
  );
#7728 = CARTESIAN_POINT('',(4.557454638532,0.563061744495,3.036475345463
    ));
#7729 = CARTESIAN_POINT('',(4.557652385772,0.560638145511,3.047877482217
    ));
#7730 = CARTESIAN_POINT('',(4.557840272457,0.558205424932,3.059322532699
    ));
#7731 = CARTESIAN_POINT('',(4.558194076753,0.553348327874,3.082173377761
    ));
#7732 = CARTESIAN_POINT('',(4.55836020463,0.550924132049,3.093578322432)
  );
#7733 = CARTESIAN_POINT('',(4.558516307464,0.548491933287,3.105020917961
    ));
#7734 = CARTESIAN_POINT('',(4.558806804905,0.543634758563,3.127872128414
    ));
#7735 = CARTESIAN_POINT('',(4.558941383861,0.541209916965,3.139280111208
    ));
#7736 = CARTESIAN_POINT('',(4.559065791873,0.538778293878,3.150719998397
    ));
#7737 = CARTESIAN_POINT('',(4.559289364462,0.534001445917,3.173193301142
    ));
#7738 = CARTESIAN_POINT('',(4.559389347551,0.531656709793,3.184224417312
    ));
#7739 = CARTESIAN_POINT('',(4.559479713778,0.529306845248,3.195279660803
    ));
#7740 = CARTESIAN_POINT('',(4.559643309223,0.524531015986,3.217748170946
    ));
#7741 = CARTESIAN_POINT('',(4.559715977255,0.522104789354,3.229162669811
    ));
#7742 = CARTESIAN_POINT('',(4.559778258107,0.519674441603,3.240596557019
    ));
#7743 = CARTESIAN_POINT('',(4.559881673858,0.514817097121,3.263448566119
    ));
#7744 = CARTESIAN_POINT('',(4.559922896137,0.512390127828,3.274866558929
    ));
#7745 = CARTESIAN_POINT('',(4.559953664448,0.509960487816,3.286297116485
    ));
#7746 = CARTESIAN_POINT('',(4.559994160514,0.505103118425,3.309149242777
    ));
#7747 = CARTESIAN_POINT('',(4.560003938104,0.502675397106,3.320570773588
    ));
#7748 = CARTESIAN_POINT('',(4.560003227463,0.500246491538,3.331997875857
    ));
#7749 = CARTESIAN_POINT('',(4.559980823682,0.49538911742,3.354850024389)
  );
#7750 = CARTESIAN_POINT('',(4.559959141833,0.492960648212,3.366275073744
    ));
#7751 = CARTESIAN_POINT('',(4.559926971124,0.490532491387,3.37769865345)
  );
#7752 = CARTESIAN_POINT('',(4.559841656474,0.485675133035,3.400550727806
    ));
#7753 = CARTESIAN_POINT('',(4.559788485318,0.483245933163,3.411979214666
    ));
#7754 = CARTESIAN_POINT('',(4.559724858065,0.480818526053,3.423399267246
    ));
#7755 = CARTESIAN_POINT('',(4.559576590602,0.475961202735,3.446251176778
    ));
#7756 = CARTESIAN_POINT('',(4.559491885731,0.473531301133,3.457682965016
    ));
#7757 = CARTESIAN_POINT('',(4.55939678937,0.471104631472,3.469099548169)
  );
#7758 = CARTESIAN_POINT('',(4.559185496001,0.466247359896,3.491951214278
    ));
#7759 = CARTESIAN_POINT('',(4.559069198868,0.463816795086,3.503386122664
    ));
#7760 = CARTESIAN_POINT('',(4.558942604012,0.461390838462,3.514799351241
    ));
#7761 = CARTESIAN_POINT('',(4.558668180126,0.456533631832,3.537650711804
    ));
#7762 = CARTESIAN_POINT('',(4.55852021822,0.454102449372,3.549088526007)
  );
#7763 = CARTESIAN_POINT('',(4.558362078002,0.451677171116,3.560498563111
    ));
#7764 = CARTESIAN_POINT('',(4.558024386988,0.446820038677,3.583349574633
    ));
#7765 = CARTESIAN_POINT('',(4.557844673802,0.444388288514,3.594790059667
    ));
#7766 = CARTESIAN_POINT('',(4.557654923327,0.441963646102,3.606197105365
    ));
#7767 = CARTESIAN_POINT('',(4.557179430408,0.436206135645,3.633284062415
    ));
#7768 = CARTESIAN_POINT('',(4.556884708632,0.432880166482,3.64893151708)
  );
#7769 = CARTESIAN_POINT('',(4.556571593687,0.42956992391,3.664504983956)
  );
#7770 = CARTESIAN_POINT('',(4.55624057783,0.426276356577,3.68));
#7771 = ORIENTED_EDGE('',*,*,#7772,.F.);
#7772 = EDGE_CURVE('',#6674,#7667,#7773,.T.);
#7773 = LINE('',#7774,#7775);
#7774 = CARTESIAN_POINT('',(6.586276356577,0.426276356577,3.68));
#7775 = VECTOR('',#7776,1.);
#7776 = DIRECTION('',(-1.,-4.440892098501E-16,0.));
#7777 = B_SPLINE_SURFACE_WITH_KNOTS('',1,1,(
    (#7778,#7779)
    ,(#7780,#7781
    )),.UNSPECIFIED.,.F.,.F.,.F.,(2,2),(2,2),(0.,6.2),(0.,1.),
  .PIECEWISE_BEZIER_KNOTS.);
#7778 = CARTESIAN_POINT('',(6.91,0.75,2.157));
#7779 = CARTESIAN_POINT('',(6.586276356577,0.426276356577,3.68));
#7780 = CARTESIAN_POINT('',(0.71,0.75,2.157));
#7781 = CARTESIAN_POINT('',(1.033723643423,0.426276356577,3.68));
#7782 = ADVANCED_FACE('',(#7783),#7828,.T.);
#7783 = FACE_BOUND('',#7784,.T.);
#7784 = EDGE_LOOP('',(#7785,#7786,#7792,#7793,#7799,#7800,#7806,#7807,
    #7813,#7814,#7821,#7827));
#7785 = ORIENTED_EDGE('',*,*,#5958,.T.);
#7786 = ORIENTED_EDGE('',*,*,#7787,.T.);
#7787 = EDGE_CURVE('',#5951,#6269,#7788,.T.);
#7788 = LINE('',#7789,#7790);
#7789 = CARTESIAN_POINT('',(0.71,0.75,2.157));
#7790 = VECTOR('',#7791,1.);
#7791 = DIRECTION('',(4.440892098501E-16,-1.,0.));
#7792 = ORIENTED_EDGE('',*,*,#6285,.T.);
#7793 = ORIENTED_EDGE('',*,*,#7794,.T.);
#7794 = EDGE_CURVE('',#6278,#6597,#7795,.T.);
#7795 = LINE('',#7796,#7797);
#7796 = CARTESIAN_POINT('',(0.71,0.75,2.157));
#7797 = VECTOR('',#7798,1.);
#7798 = DIRECTION('',(4.440892098501E-16,-1.,0.));
#7799 = ORIENTED_EDGE('',*,*,#6613,.T.);
#7800 = ORIENTED_EDGE('',*,*,#7801,.T.);
#7801 = EDGE_CURVE('',#6606,#6416,#7802,.T.);
#7802 = LINE('',#7803,#7804);
#7803 = CARTESIAN_POINT('',(0.71,0.75,2.157));
#7804 = VECTOR('',#7805,1.);
#7805 = DIRECTION('',(4.440892098501E-16,-1.,0.));
#7806 = ORIENTED_EDGE('',*,*,#6432,.T.);
#7807 = ORIENTED_EDGE('',*,*,#7808,.T.);
#7808 = EDGE_CURVE('',#6425,#6089,#7809,.T.);
#7809 = LINE('',#7810,#7811);
#7810 = CARTESIAN_POINT('',(0.71,0.75,2.157));
#7811 = VECTOR('',#7812,1.);
#7812 = DIRECTION('',(4.440892098501E-16,-1.,0.));
#7813 = ORIENTED_EDGE('',*,*,#6104,.T.);
#7814 = ORIENTED_EDGE('',*,*,#7815,.T.);
#7815 = EDGE_CURVE('',#6098,#7816,#7818,.T.);
#7816 = VERTEX_POINT('',#7817);
#7817 = CARTESIAN_POINT('',(1.033723643423,-8.046276356577,3.68));
#7818 = B_SPLINE_CURVE_WITH_KNOTS('',1,(#7819,#7820),.UNSPECIFIED.,.F.,
  .F.,(2,2),(0.,1.),.PIECEWISE_BEZIER_KNOTS.);
#7819 = CARTESIAN_POINT('',(0.71,-8.37,2.157));
#7820 = CARTESIAN_POINT('',(1.033723643423,-8.046276356577,3.68));
#7821 = ORIENTED_EDGE('',*,*,#7822,.F.);
#7822 = EDGE_CURVE('',#7440,#7816,#7823,.T.);
#7823 = LINE('',#7824,#7825);
#7824 = CARTESIAN_POINT('',(1.033723643423,0.426276356577,3.68));
#7825 = VECTOR('',#7826,1.);
#7826 = DIRECTION('',(4.440892098501E-16,-1.,0.));
#7827 = ORIENTED_EDGE('',*,*,#7439,.F.);
#7828 = B_SPLINE_SURFACE_WITH_KNOTS('',1,1,(
    (#7829,#7830)
    ,(#7831,#7832
    )),.UNSPECIFIED.,.F.,.F.,.F.,(2,2),(2,2),(0.,9.12),(0.,1.),
  .PIECEWISE_BEZIER_KNOTS.);
#7829 = CARTESIAN_POINT('',(0.71,0.75,2.157));
#7830 = CARTESIAN_POINT('',(1.033723643423,0.426276356577,3.68));
#7831 = CARTESIAN_POINT('',(0.71,-8.37,2.157));
#7832 = CARTESIAN_POINT('',(1.033723643423,-8.046276356577,3.68));
#7833 = ADVANCED_FACE('',(#7834),#7847,.T.);
#7834 = FACE_BOUND('',#7835,.T.);
#7835 = EDGE_LOOP('',(#7836,#7837,#7838,#7839,#7840,#7846));
#7836 = ORIENTED_EDGE('',*,*,#6268,.F.);
#7837 = ORIENTED_EDGE('',*,*,#7787,.F.);
#7838 = ORIENTED_EDGE('',*,*,#5950,.F.);
#7839 = ORIENTED_EDGE('',*,*,#5972,.F.);
#7840 = ORIENTED_EDGE('',*,*,#7841,.F.);
#7841 = EDGE_CURVE('',#6119,#5973,#7842,.T.);
#7842 = LINE('',#7843,#7844);
#7843 = CARTESIAN_POINT('',(0.254,-0.762,2.157));
#7844 = VECTOR('',#7845,1.);
#7845 = DIRECTION('',(-4.440892098501E-16,1.,0.));
#7846 = ORIENTED_EDGE('',*,*,#6162,.F.);
#7847 = PLANE('',#7848);
#7848 = AXIS2_PLACEMENT_3D('',#7849,#7850,#7851);
#7849 = CARTESIAN_POINT('',(3.81,-0.762,2.157));
#7850 = DIRECTION('',(0.,0.,1.));
#7851 = DIRECTION('',(-4.440892098501E-16,1.,0.));
#7852 = ADVANCED_FACE('',(#7853),#7896,.T.);
#7853 = FACE_BOUND('',#7854,.T.);
#7854 = EDGE_LOOP('',(#7855,#7856,#7857,#7858,#7866,#7874,#7882,#7890));
#7855 = ORIENTED_EDGE('',*,*,#6005,.F.);
#7856 = ORIENTED_EDGE('',*,*,#6176,.T.);
#7857 = ORIENTED_EDGE('',*,*,#6145,.F.);
#7858 = ORIENTED_EDGE('',*,*,#7859,.F.);
#7859 = EDGE_CURVE('',#7860,#6138,#7862,.T.);
#7860 = VERTEX_POINT('',#7861);
#7861 = CARTESIAN_POINT('',(0.127,-0.2285,0.));
#7862 = LINE('',#7863,#7864);
#7863 = CARTESIAN_POINT('',(0.127,-0.2285,0.));
#7864 = VECTOR('',#7865,1.);
#7865 = DIRECTION('',(4.440892098501E-16,-1.,0.));
#7866 = ORIENTED_EDGE('',*,*,#7867,.F.);
#7867 = EDGE_CURVE('',#7868,#7860,#7870,.T.);
#7868 = VERTEX_POINT('',#7869);
#7869 = CARTESIAN_POINT('',(0.127,-0.2285,-2.843));
#7870 = LINE('',#7871,#7872);
#7871 = CARTESIAN_POINT('',(0.127,-0.2285,-2.843));
#7872 = VECTOR('',#7873,1.);
#7873 = DIRECTION('',(0.,0.,1.));
#7874 = ORIENTED_EDGE('',*,*,#7875,.F.);
#7875 = EDGE_CURVE('',#7876,#7868,#7878,.T.);
#7876 = VERTEX_POINT('',#7877);
#7877 = CARTESIAN_POINT('',(0.127,-0.11425,-3.3));
#7878 = LINE('',#7879,#7880);
#7879 = CARTESIAN_POINT('',(0.127,-0.11425,-3.3));
#7880 = VECTOR('',#7881,1.);
#7881 = DIRECTION('',(1.077074540829E-16,-0.242535625036,0.970142500145)
  );
#7882 = ORIENTED_EDGE('',*,*,#7883,.F.);
#7883 = EDGE_CURVE('',#7884,#7876,#7886,.T.);
#7884 = VERTEX_POINT('',#7885);
#7885 = CARTESIAN_POINT('',(0.127,0.11425,-3.3));
#7886 = LINE('',#7887,#7888);
#7887 = CARTESIAN_POINT('',(0.127,0.11425,-3.3));
#7888 = VECTOR('',#7889,1.);
#7889 = DIRECTION('',(4.440892098501E-16,-1.,0.));
#7890 = ORIENTED_EDGE('',*,*,#7891,.F.);
#7891 = EDGE_CURVE('',#5998,#7884,#7892,.T.);
#7892 = LINE('',#7893,#7894);
#7893 = CARTESIAN_POINT('',(0.127,0.2285,-2.843));
#7894 = VECTOR('',#7895,1.);
#7895 = DIRECTION('',(1.077074540829E-16,-0.242535625036,-0.970142500145
    ));
#7896 = PLANE('',#7897);
#7897 = AXIS2_PLACEMENT_3D('',#7898,#7899,#7900);
#7898 = CARTESIAN_POINT('',(0.127,0.2285,2.157));
#7899 = DIRECTION('',(1.,4.440892098501E-16,0.));
#7900 = DIRECTION('',(0.,0.,-1.));
#7901 = ADVANCED_FACE('',(#7902),#7920,.T.);
#7902 = FACE_BOUND('',#7903,.T.);
#7903 = EDGE_LOOP('',(#7904,#7905,#7906,#7914));
#7904 = ORIENTED_EDGE('',*,*,#5997,.T.);
#7905 = ORIENTED_EDGE('',*,*,#7891,.T.);
#7906 = ORIENTED_EDGE('',*,*,#7907,.F.);
#7907 = EDGE_CURVE('',#7908,#7884,#7910,.T.);
#7908 = VERTEX_POINT('',#7909);
#7909 = CARTESIAN_POINT('',(-0.127,0.11425,-3.3));
#7910 = LINE('',#7911,#7912);
#7911 = CARTESIAN_POINT('',(-0.127,0.11425,-3.3));
#7912 = VECTOR('',#7913,1.);
#7913 = DIRECTION('',(1.,4.440892098501E-16,0.));
#7914 = ORIENTED_EDGE('',*,*,#7915,.F.);
#7915 = EDGE_CURVE('',#5990,#7908,#7916,.T.);
#7916 = LINE('',#7917,#7918);
#7917 = CARTESIAN_POINT('',(-0.127,0.2285,-2.843));
#7918 = VECTOR('',#7919,1.);
#7919 = DIRECTION('',(1.077074540829E-16,-0.242535625036,-0.970142500145
    ));
#7920 = PLANE('',#7921);
#7921 = AXIS2_PLACEMENT_3D('',#7922,#7923,#7924);
#7922 = CARTESIAN_POINT('',(-0.127,0.2285,-2.843));
#7923 = DIRECTION('',(-4.308298163317E-16,0.970142500145,-0.242535625036
    ));
#7924 = DIRECTION('',(1.077074540829E-16,-0.242535625036,-0.970142500145
    ));
#7925 = ADVANCED_FACE('',(#7926),#7967,.F.);
#7926 = FACE_BOUND('',#7927,.F.);
#7927 = EDGE_LOOP('',(#7928,#7929,#7935,#7936,#7944,#7952,#7960,#7966));
#7928 = ORIENTED_EDGE('',*,*,#5989,.F.);
#7929 = ORIENTED_EDGE('',*,*,#7930,.F.);
#7930 = EDGE_CURVE('',#6121,#5981,#7931,.T.);
#7931 = LINE('',#7932,#7933);
#7932 = CARTESIAN_POINT('',(-0.127,-0.762,1.776));
#7933 = VECTOR('',#7934,1.);
#7934 = DIRECTION('',(-4.440892098501E-16,1.,0.));
#7935 = ORIENTED_EDGE('',*,*,#6129,.F.);
#7936 = ORIENTED_EDGE('',*,*,#7937,.F.);
#7937 = EDGE_CURVE('',#7938,#6130,#7940,.T.);
#7938 = VERTEX_POINT('',#7939);
#7939 = CARTESIAN_POINT('',(-0.127,-0.2285,0.));
#7940 = LINE('',#7941,#7942);
#7941 = CARTESIAN_POINT('',(-0.127,-0.2285,0.));
#7942 = VECTOR('',#7943,1.);
#7943 = DIRECTION('',(4.440892098501E-16,-1.,0.));
#7944 = ORIENTED_EDGE('',*,*,#7945,.F.);
#7945 = EDGE_CURVE('',#7946,#7938,#7948,.T.);
#7946 = VERTEX_POINT('',#7947);
#7947 = CARTESIAN_POINT('',(-0.127,-0.2285,-2.843));
#7948 = LINE('',#7949,#7950);
#7949 = CARTESIAN_POINT('',(-0.127,-0.2285,-2.843));
#7950 = VECTOR('',#7951,1.);
#7951 = DIRECTION('',(0.,0.,1.));
#7952 = ORIENTED_EDGE('',*,*,#7953,.F.);
#7953 = EDGE_CURVE('',#7954,#7946,#7956,.T.);
#7954 = VERTEX_POINT('',#7955);
#7955 = CARTESIAN_POINT('',(-0.127,-0.11425,-3.3));
#7956 = LINE('',#7957,#7958);
#7957 = CARTESIAN_POINT('',(-0.127,-0.11425,-3.3));
#7958 = VECTOR('',#7959,1.);
#7959 = DIRECTION('',(1.077074540829E-16,-0.242535625036,0.970142500145)
  );
#7960 = ORIENTED_EDGE('',*,*,#7961,.F.);
#7961 = EDGE_CURVE('',#7908,#7954,#7962,.T.);
#7962 = LINE('',#7963,#7964);
#7963 = CARTESIAN_POINT('',(-0.127,0.11425,-3.3));
#7964 = VECTOR('',#7965,1.);
#7965 = DIRECTION('',(4.440892098501E-16,-1.,0.));
#7966 = ORIENTED_EDGE('',*,*,#7915,.F.);
#7967 = PLANE('',#7968);
#7968 = AXIS2_PLACEMENT_3D('',#7969,#7970,#7971);
#7969 = CARTESIAN_POINT('',(-0.127,0.2285,2.157));
#7970 = DIRECTION('',(1.,4.440892098501E-16,0.));
#7971 = DIRECTION('',(0.,0.,-1.));
#7972 = ADVANCED_FACE('',(#7973),#7979,.T.);
#7973 = FACE_BOUND('',#7974,.T.);
#7974 = EDGE_LOOP('',(#7975,#7976,#7977,#7978));
#7975 = ORIENTED_EDGE('',*,*,#7841,.T.);
#7976 = ORIENTED_EDGE('',*,*,#5980,.T.);
#7977 = ORIENTED_EDGE('',*,*,#7930,.F.);
#7978 = ORIENTED_EDGE('',*,*,#6118,.F.);
#7979 = CYLINDRICAL_SURFACE('',#7980,0.381);
#7980 = AXIS2_PLACEMENT_3D('',#7981,#7982,#7983);
#7981 = CARTESIAN_POINT('',(0.254,-0.762,1.776));
#7982 = DIRECTION('',(-4.440892098501E-16,1.,0.));
#7983 = DIRECTION('',(0.,0.,1.));
#7984 = ADVANCED_FACE('',(#7985),#8033,.T.);
#7985 = FACE_BOUND('',#7986,.T.);
#7986 = EDGE_LOOP('',(#7987,#7988,#7994,#7995,#8003,#8011,#8019,#8027));
#7987 = ORIENTED_EDGE('',*,*,#6030,.F.);
#7988 = ORIENTED_EDGE('',*,*,#7989,.T.);
#7989 = EDGE_CURVE('',#6031,#6202,#7990,.T.);
#7990 = LINE('',#7991,#7992);
#7991 = CARTESIAN_POINT('',(-0.127,-7.8485,1.776));
#7992 = VECTOR('',#7993,1.);
#7993 = DIRECTION('',(-4.440892098501E-16,1.,0.));
#7994 = ORIENTED_EDGE('',*,*,#6210,.F.);
#7995 = ORIENTED_EDGE('',*,*,#7996,.F.);
#7996 = EDGE_CURVE('',#7997,#6211,#7999,.T.);
#7997 = VERTEX_POINT('',#7998);
#7998 = CARTESIAN_POINT('',(-0.127,-7.3915,0.));
#7999 = LINE('',#8000,#8001);
#8000 = CARTESIAN_POINT('',(-0.127,-7.3915,0.));
#8001 = VECTOR('',#8002,1.);
#8002 = DIRECTION('',(-4.440892098501E-16,1.,0.));
#8003 = ORIENTED_EDGE('',*,*,#8004,.F.);
#8004 = EDGE_CURVE('',#8005,#7997,#8007,.T.);
#8005 = VERTEX_POINT('',#8006);
#8006 = CARTESIAN_POINT('',(-0.127,-7.3915,-2.843));
#8007 = LINE('',#8008,#8009);
#8008 = CARTESIAN_POINT('',(-0.127,-7.3915,-2.843));
#8009 = VECTOR('',#8010,1.);
#8010 = DIRECTION('',(0.,0.,1.));
#8011 = ORIENTED_EDGE('',*,*,#8012,.F.);
#8012 = EDGE_CURVE('',#8013,#8005,#8015,.T.);
#8013 = VERTEX_POINT('',#8014);
#8014 = CARTESIAN_POINT('',(-0.127,-7.50575,-3.3));
#8015 = LINE('',#8016,#8017);
#8016 = CARTESIAN_POINT('',(-0.127,-7.50575,-3.3));
#8017 = VECTOR('',#8018,1.);
#8018 = DIRECTION('',(-1.077074540829E-16,0.242535625036,0.970142500145)
  );
#8019 = ORIENTED_EDGE('',*,*,#8020,.F.);
#8020 = EDGE_CURVE('',#8021,#8013,#8023,.T.);
#8021 = VERTEX_POINT('',#8022);
#8022 = CARTESIAN_POINT('',(-0.127,-7.73425,-3.3));
#8023 = LINE('',#8024,#8025);
#8024 = CARTESIAN_POINT('',(-0.127,-7.73425,-3.3));
#8025 = VECTOR('',#8026,1.);
#8026 = DIRECTION('',(-4.440892098501E-16,1.,0.));
#8027 = ORIENTED_EDGE('',*,*,#8028,.F.);
#8028 = EDGE_CURVE('',#6033,#8021,#8029,.T.);
#8029 = LINE('',#8030,#8031);
#8030 = CARTESIAN_POINT('',(-0.127,-7.8485,-2.843));
#8031 = VECTOR('',#8032,1.);
#8032 = DIRECTION('',(-1.077074540829E-16,0.242535625036,-0.970142500145
    ));
#8033 = PLANE('',#8034);
#8034 = AXIS2_PLACEMENT_3D('',#8035,#8036,#8037);
#8035 = CARTESIAN_POINT('',(-0.127,-7.8485,2.157));
#8036 = DIRECTION('',(-1.,-4.440892098501E-16,0.));
#8037 = DIRECTION('',(0.,0.,1.));
#8038 = ADVANCED_FACE('',(#8039),#8057,.F.);
#8039 = FACE_BOUND('',#8040,.F.);
#8040 = EDGE_LOOP('',(#8041,#8042,#8050,#8056));
#8041 = ORIENTED_EDGE('',*,*,#6074,.T.);
#8042 = ORIENTED_EDGE('',*,*,#8043,.T.);
#8043 = EDGE_CURVE('',#6067,#8044,#8046,.T.);
#8044 = VERTEX_POINT('',#8045);
#8045 = CARTESIAN_POINT('',(0.127,-7.73425,-3.3));
#8046 = LINE('',#8047,#8048);
#8047 = CARTESIAN_POINT('',(0.127,-7.8485,-2.843));
#8048 = VECTOR('',#8049,1.);
#8049 = DIRECTION('',(-1.077074540829E-16,0.242535625036,-0.970142500145
    ));
#8050 = ORIENTED_EDGE('',*,*,#8051,.F.);
#8051 = EDGE_CURVE('',#8021,#8044,#8052,.T.);
#8052 = LINE('',#8053,#8054);
#8053 = CARTESIAN_POINT('',(-0.127,-7.73425,-3.3));
#8054 = VECTOR('',#8055,1.);
#8055 = DIRECTION('',(1.,4.440892098501E-16,0.));
#8056 = ORIENTED_EDGE('',*,*,#8028,.F.);
#8057 = PLANE('',#8058);
#8058 = AXIS2_PLACEMENT_3D('',#8059,#8060,#8061);
#8059 = CARTESIAN_POINT('',(-0.127,-7.8485,-2.843));
#8060 = DIRECTION('',(-4.308298163317E-16,0.970142500145,0.242535625036)
  );
#8061 = DIRECTION('',(-1.077074540829E-16,0.242535625036,-0.970142500145
    ));
#8062 = ADVANCED_FACE('',(#8063),#8099,.F.);
#8063 = FACE_BOUND('',#8064,.F.);
#8064 = EDGE_LOOP('',(#8065,#8066,#8067,#8068,#8076,#8084,#8092,#8098));
#8065 = ORIENTED_EDGE('',*,*,#6066,.F.);
#8066 = ORIENTED_EDGE('',*,*,#6254,.T.);
#8067 = ORIENTED_EDGE('',*,*,#6226,.F.);
#8068 = ORIENTED_EDGE('',*,*,#8069,.F.);
#8069 = EDGE_CURVE('',#8070,#6219,#8072,.T.);
#8070 = VERTEX_POINT('',#8071);
#8071 = CARTESIAN_POINT('',(0.127,-7.3915,0.));
#8072 = LINE('',#8073,#8074);
#8073 = CARTESIAN_POINT('',(0.127,-7.3915,0.));
#8074 = VECTOR('',#8075,1.);
#8075 = DIRECTION('',(-4.440892098501E-16,1.,0.));
#8076 = ORIENTED_EDGE('',*,*,#8077,.F.);
#8077 = EDGE_CURVE('',#8078,#8070,#8080,.T.);
#8078 = VERTEX_POINT('',#8079);
#8079 = CARTESIAN_POINT('',(0.127,-7.3915,-2.843));
#8080 = LINE('',#8081,#8082);
#8081 = CARTESIAN_POINT('',(0.127,-7.3915,-2.843));
#8082 = VECTOR('',#8083,1.);
#8083 = DIRECTION('',(0.,0.,1.));
#8084 = ORIENTED_EDGE('',*,*,#8085,.F.);
#8085 = EDGE_CURVE('',#8086,#8078,#8088,.T.);
#8086 = VERTEX_POINT('',#8087);
#8087 = CARTESIAN_POINT('',(0.127,-7.50575,-3.3));
#8088 = LINE('',#8089,#8090);
#8089 = CARTESIAN_POINT('',(0.127,-7.50575,-3.3));
#8090 = VECTOR('',#8091,1.);
#8091 = DIRECTION('',(-1.077074540829E-16,0.242535625036,0.970142500145)
  );
#8092 = ORIENTED_EDGE('',*,*,#8093,.F.);
#8093 = EDGE_CURVE('',#8044,#8086,#8094,.T.);
#8094 = LINE('',#8095,#8096);
#8095 = CARTESIAN_POINT('',(0.127,-7.73425,-3.3));
#8096 = VECTOR('',#8097,1.);
#8097 = DIRECTION('',(-4.440892098501E-16,1.,0.));
#8098 = ORIENTED_EDGE('',*,*,#8043,.F.);
#8099 = PLANE('',#8100);
#8100 = AXIS2_PLACEMENT_3D('',#8101,#8102,#8103);
#8101 = CARTESIAN_POINT('',(0.127,-7.8485,2.157));
#8102 = DIRECTION('',(-1.,-4.440892098501E-16,0.));
#8103 = DIRECTION('',(0.,0.,1.));
#8104 = ADVANCED_FACE('',(#8105),#8118,.T.);
#8105 = FACE_BOUND('',#8106,.T.);
#8106 = EDGE_LOOP('',(#8107,#8108,#8109,#8110,#8111,#8117));
#8107 = ORIENTED_EDGE('',*,*,#6088,.F.);
#8108 = ORIENTED_EDGE('',*,*,#7808,.F.);
#8109 = ORIENTED_EDGE('',*,*,#6424,.F.);
#8110 = ORIENTED_EDGE('',*,*,#6193,.F.);
#8111 = ORIENTED_EDGE('',*,*,#8112,.F.);
#8112 = EDGE_CURVE('',#6041,#6194,#8113,.T.);
#8113 = LINE('',#8114,#8115);
#8114 = CARTESIAN_POINT('',(0.254,-7.8485,2.157));
#8115 = VECTOR('',#8116,1.);
#8116 = DIRECTION('',(-4.440892098501E-16,1.,0.));
#8117 = ORIENTED_EDGE('',*,*,#6049,.F.);
#8118 = PLANE('',#8119);
#8119 = AXIS2_PLACEMENT_3D('',#8120,#8121,#8122);
#8120 = CARTESIAN_POINT('',(3.81,-7.8485,2.157));
#8121 = DIRECTION('',(0.,0.,1.));
#8122 = DIRECTION('',(-4.440892098501E-16,1.,0.));
#8123 = ADVANCED_FACE('',(#8124),#8130,.T.);
#8124 = FACE_BOUND('',#8125,.T.);
#8125 = EDGE_LOOP('',(#8126,#8127,#8128,#8129));
#8126 = ORIENTED_EDGE('',*,*,#6040,.T.);
#8127 = ORIENTED_EDGE('',*,*,#8112,.T.);
#8128 = ORIENTED_EDGE('',*,*,#6201,.F.);
#8129 = ORIENTED_EDGE('',*,*,#7989,.F.);
#8130 = CYLINDRICAL_SURFACE('',#8131,0.381);
#8131 = AXIS2_PLACEMENT_3D('',#8132,#8133,#8134);
#8132 = CARTESIAN_POINT('',(0.254,-7.8485,1.776));
#8133 = DIRECTION('',(-4.440892098501E-16,1.,0.));
#8134 = DIRECTION('',(-1.,-4.440892098501E-16,0.));
#8135 = ADVANCED_FACE('',(#8136),#8147,.T.);
#8136 = FACE_BOUND('',#8137,.T.);
#8137 = EDGE_LOOP('',(#8138,#8144,#8145,#8146));
#8138 = ORIENTED_EDGE('',*,*,#8139,.T.);
#8139 = EDGE_CURVE('',#7938,#7860,#8140,.T.);
#8140 = LINE('',#8141,#8142);
#8141 = CARTESIAN_POINT('',(-0.127,-0.2285,0.));
#8142 = VECTOR('',#8143,1.);
#8143 = DIRECTION('',(1.,4.440892098501E-16,0.));
#8144 = ORIENTED_EDGE('',*,*,#7859,.T.);
#8145 = ORIENTED_EDGE('',*,*,#6137,.F.);
#8146 = ORIENTED_EDGE('',*,*,#7937,.F.);
#8147 = PLANE('',#8148);
#8148 = AXIS2_PLACEMENT_3D('',#8149,#8150,#8151);
#8149 = CARTESIAN_POINT('',(-0.127,-0.2285,0.));
#8150 = DIRECTION('',(0.,0.,-1.));
#8151 = DIRECTION('',(4.440892098501E-16,-1.,0.));
#8152 = ADVANCED_FACE('',(#8153),#8164,.F.);
#8153 = FACE_BOUND('',#8154,.F.);
#8154 = EDGE_LOOP('',(#8155,#8161,#8162,#8163));
#8155 = ORIENTED_EDGE('',*,*,#8156,.T.);
#8156 = EDGE_CURVE('',#7997,#8070,#8157,.T.);
#8157 = LINE('',#8158,#8159);
#8158 = CARTESIAN_POINT('',(-0.127,-7.3915,0.));
#8159 = VECTOR('',#8160,1.);
#8160 = DIRECTION('',(1.,4.440892098501E-16,0.));
#8161 = ORIENTED_EDGE('',*,*,#8069,.T.);
#8162 = ORIENTED_EDGE('',*,*,#6218,.F.);
#8163 = ORIENTED_EDGE('',*,*,#7996,.F.);
#8164 = PLANE('',#8165);
#8165 = AXIS2_PLACEMENT_3D('',#8166,#8167,#8168);
#8166 = CARTESIAN_POINT('',(-0.127,-7.3915,0.));
#8167 = DIRECTION('',(0.,0.,1.));
#8168 = DIRECTION('',(-4.440892098501E-16,1.,0.));
#8169 = ADVANCED_FACE('',(#8170),#8183,.T.);
#8170 = FACE_BOUND('',#8171,.T.);
#8171 = EDGE_LOOP('',(#8172,#8173,#8174,#8175,#8176,#8182));
#8172 = ORIENTED_EDGE('',*,*,#6596,.F.);
#8173 = ORIENTED_EDGE('',*,*,#7794,.F.);
#8174 = ORIENTED_EDGE('',*,*,#6277,.F.);
#8175 = ORIENTED_EDGE('',*,*,#6310,.F.);
#8176 = ORIENTED_EDGE('',*,*,#8177,.F.);
#8177 = EDGE_CURVE('',#6447,#6300,#8178,.T.);
#8178 = LINE('',#8179,#8180);
#8179 = CARTESIAN_POINT('',(0.254,-3.302,2.157));
#8180 = VECTOR('',#8181,1.);
#8181 = DIRECTION('',(-4.440892098501E-16,1.,0.));
#8182 = ORIENTED_EDGE('',*,*,#6457,.F.);
#8183 = PLANE('',#8184);
#8184 = AXIS2_PLACEMENT_3D('',#8185,#8186,#8187);
#8185 = CARTESIAN_POINT('',(3.683,-3.302,2.157));
#8186 = DIRECTION('',(0.,0.,1.));
#8187 = DIRECTION('',(-4.440892098501E-16,1.,0.));
#8188 = ADVANCED_FACE('',(#8189),#8200,.T.);
#8189 = FACE_BOUND('',#8190,.T.);
#8190 = EDGE_LOOP('',(#8191,#8192,#8193,#8199));
#8191 = ORIENTED_EDGE('',*,*,#8177,.T.);
#8192 = ORIENTED_EDGE('',*,*,#6299,.T.);
#8193 = ORIENTED_EDGE('',*,*,#8194,.F.);
#8194 = EDGE_CURVE('',#6449,#6302,#8195,.T.);
#8195 = LINE('',#8196,#8197);
#8196 = CARTESIAN_POINT('',(-0.127,-3.302,1.776));
#8197 = VECTOR('',#8198,1.);
#8198 = DIRECTION('',(-4.440892098501E-16,1.,0.));
#8199 = ORIENTED_EDGE('',*,*,#6446,.F.);
#8200 = CYLINDRICAL_SURFACE('',#8201,0.381);
#8201 = AXIS2_PLACEMENT_3D('',#8202,#8203,#8204);
#8202 = CARTESIAN_POINT('',(0.254,-3.302,1.776));
#8203 = DIRECTION('',(-4.440892098501E-16,1.,0.));
#8204 = DIRECTION('',(0.,0.,1.));
#8205 = ADVANCED_FACE('',(#8206),#8265,.F.);
#8206 = FACE_BOUND('',#8207,.F.);
#8207 = EDGE_LOOP('',(#8208,#8209,#8210,#8211,#8219,#8227,#8235,#8243,
    #8251,#8259));
#8208 = ORIENTED_EDGE('',*,*,#6343,.F.);
#8209 = ORIENTED_EDGE('',*,*,#8194,.F.);
#8210 = ORIENTED_EDGE('',*,*,#6490,.F.);
#8211 = ORIENTED_EDGE('',*,*,#8212,.F.);
#8212 = EDGE_CURVE('',#8213,#6483,#8215,.T.);
#8213 = VERTEX_POINT('',#8214);
#8214 = CARTESIAN_POINT('',(-0.127,-2.7685,0.));
#8215 = LINE('',#8216,#8217);
#8216 = CARTESIAN_POINT('',(-0.127,-2.7685,0.));
#8217 = VECTOR('',#8218,1.);
#8218 = DIRECTION('',(4.440892098501E-16,-1.,0.));
#8219 = ORIENTED_EDGE('',*,*,#8220,.F.);
#8220 = EDGE_CURVE('',#8221,#8213,#8223,.T.);
#8221 = VERTEX_POINT('',#8222);
#8222 = CARTESIAN_POINT('',(-0.127,-2.7685,-2.843));
#8223 = LINE('',#8224,#8225);
#8224 = CARTESIAN_POINT('',(-0.127,-2.7685,-2.843));
#8225 = VECTOR('',#8226,1.);
#8226 = DIRECTION('',(0.,0.,1.));
#8227 = ORIENTED_EDGE('',*,*,#8228,.F.);
#8228 = EDGE_CURVE('',#8229,#8221,#8231,.T.);
#8229 = VERTEX_POINT('',#8230);
#8230 = CARTESIAN_POINT('',(-0.127,-2.65425,-3.3));
#8231 = LINE('',#8232,#8233);
#8232 = CARTESIAN_POINT('',(-0.127,-2.65425,-3.3));
#8233 = VECTOR('',#8234,1.);
#8234 = DIRECTION('',(1.077074540829E-16,-0.242535625036,0.970142500145)
  );
#8235 = ORIENTED_EDGE('',*,*,#8236,.F.);
#8236 = EDGE_CURVE('',#8237,#8229,#8239,.T.);
#8237 = VERTEX_POINT('',#8238);
#8238 = CARTESIAN_POINT('',(-0.127,-2.42575,-3.3));
#8239 = LINE('',#8240,#8241);
#8240 = CARTESIAN_POINT('',(-0.127,-2.42575,-3.3));
#8241 = VECTOR('',#8242,1.);
#8242 = DIRECTION('',(4.440892098501E-16,-1.,0.));
#8243 = ORIENTED_EDGE('',*,*,#8244,.F.);
#8244 = EDGE_CURVE('',#8245,#8237,#8247,.T.);
#8245 = VERTEX_POINT('',#8246);
#8246 = CARTESIAN_POINT('',(-0.127,-2.3115,-2.843));
#8247 = LINE('',#8248,#8249);
#8248 = CARTESIAN_POINT('',(-0.127,-2.3115,-2.843));
#8249 = VECTOR('',#8250,1.);
#8250 = DIRECTION('',(1.077074540829E-16,-0.242535625036,-0.970142500145
    ));
#8251 = ORIENTED_EDGE('',*,*,#8252,.F.);
#8252 = EDGE_CURVE('',#8253,#8245,#8255,.T.);
#8253 = VERTEX_POINT('',#8254);
#8254 = CARTESIAN_POINT('',(-0.127,-2.3115,0.));
#8255 = LINE('',#8256,#8257);
#8256 = CARTESIAN_POINT('',(-0.127,-2.3115,0.));
#8257 = VECTOR('',#8258,1.);
#8258 = DIRECTION('',(-0.,0.,-1.));
#8259 = ORIENTED_EDGE('',*,*,#8260,.F.);
#8260 = EDGE_CURVE('',#6336,#8253,#8261,.T.);
#8261 = LINE('',#8262,#8263);
#8262 = CARTESIAN_POINT('',(-0.127,-1.778,0.));
#8263 = VECTOR('',#8264,1.);
#8264 = DIRECTION('',(4.440892098501E-16,-1.,0.));
#8265 = PLANE('',#8266);
#8266 = AXIS2_PLACEMENT_3D('',#8267,#8268,#8269);
#8267 = CARTESIAN_POINT('',(-0.127,-1.778,2.157));
#8268 = DIRECTION('',(1.,4.440892098501E-16,0.));
#8269 = DIRECTION('',(0.,0.,-1.));
#8270 = ADVANCED_FACE('',(#8271),#8289,.T.);
#8271 = FACE_BOUND('',#8272,.T.);
#8272 = EDGE_LOOP('',(#8273,#8274,#8282,#8288));
#8273 = ORIENTED_EDGE('',*,*,#6335,.T.);
#8274 = ORIENTED_EDGE('',*,*,#8275,.T.);
#8275 = EDGE_CURVE('',#6328,#8276,#8278,.T.);
#8276 = VERTEX_POINT('',#8277);
#8277 = CARTESIAN_POINT('',(0.127,-2.3115,0.));
#8278 = LINE('',#8279,#8280);
#8279 = CARTESIAN_POINT('',(0.127,-1.778,0.));
#8280 = VECTOR('',#8281,1.);
#8281 = DIRECTION('',(4.440892098501E-16,-1.,0.));
#8282 = ORIENTED_EDGE('',*,*,#8283,.F.);
#8283 = EDGE_CURVE('',#8253,#8276,#8284,.T.);
#8284 = LINE('',#8285,#8286);
#8285 = CARTESIAN_POINT('',(-0.127,-2.3115,0.));
#8286 = VECTOR('',#8287,1.);
#8287 = DIRECTION('',(1.,4.440892098501E-16,0.));
#8288 = ORIENTED_EDGE('',*,*,#8260,.F.);
#8289 = PLANE('',#8290);
#8290 = AXIS2_PLACEMENT_3D('',#8291,#8292,#8293);
#8291 = CARTESIAN_POINT('',(-0.127,-1.778,0.));
#8292 = DIRECTION('',(0.,0.,-1.));
#8293 = DIRECTION('',(4.440892098501E-16,-1.,0.));
#8294 = ADVANCED_FACE('',(#8295),#8347,.T.);
#8295 = FACE_BOUND('',#8296,.T.);
#8296 = EDGE_LOOP('',(#8297,#8298,#8299,#8300,#8308,#8316,#8324,#8332,
    #8340,#8346));
#8297 = ORIENTED_EDGE('',*,*,#6327,.F.);
#8298 = ORIENTED_EDGE('',*,*,#6504,.T.);
#8299 = ORIENTED_EDGE('',*,*,#6474,.F.);
#8300 = ORIENTED_EDGE('',*,*,#8301,.F.);
#8301 = EDGE_CURVE('',#8302,#6475,#8304,.T.);
#8302 = VERTEX_POINT('',#8303);
#8303 = CARTESIAN_POINT('',(0.127,-2.7685,0.));
#8304 = LINE('',#8305,#8306);
#8305 = CARTESIAN_POINT('',(0.127,-2.7685,0.));
#8306 = VECTOR('',#8307,1.);
#8307 = DIRECTION('',(4.440892098501E-16,-1.,0.));
#8308 = ORIENTED_EDGE('',*,*,#8309,.F.);
#8309 = EDGE_CURVE('',#8310,#8302,#8312,.T.);
#8310 = VERTEX_POINT('',#8311);
#8311 = CARTESIAN_POINT('',(0.127,-2.7685,-2.843));
#8312 = LINE('',#8313,#8314);
#8313 = CARTESIAN_POINT('',(0.127,-2.7685,-2.843));
#8314 = VECTOR('',#8315,1.);
#8315 = DIRECTION('',(0.,0.,1.));
#8316 = ORIENTED_EDGE('',*,*,#8317,.F.);
#8317 = EDGE_CURVE('',#8318,#8310,#8320,.T.);
#8318 = VERTEX_POINT('',#8319);
#8319 = CARTESIAN_POINT('',(0.127,-2.65425,-3.3));
#8320 = LINE('',#8321,#8322);
#8321 = CARTESIAN_POINT('',(0.127,-2.65425,-3.3));
#8322 = VECTOR('',#8323,1.);
#8323 = DIRECTION('',(1.077074540829E-16,-0.242535625036,0.970142500145)
  );
#8324 = ORIENTED_EDGE('',*,*,#8325,.F.);
#8325 = EDGE_CURVE('',#8326,#8318,#8328,.T.);
#8326 = VERTEX_POINT('',#8327);
#8327 = CARTESIAN_POINT('',(0.127,-2.42575,-3.3));
#8328 = LINE('',#8329,#8330);
#8329 = CARTESIAN_POINT('',(0.127,-2.42575,-3.3));
#8330 = VECTOR('',#8331,1.);
#8331 = DIRECTION('',(4.440892098501E-16,-1.,0.));
#8332 = ORIENTED_EDGE('',*,*,#8333,.F.);
#8333 = EDGE_CURVE('',#8334,#8326,#8336,.T.);
#8334 = VERTEX_POINT('',#8335);
#8335 = CARTESIAN_POINT('',(0.127,-2.3115,-2.843));
#8336 = LINE('',#8337,#8338);
#8337 = CARTESIAN_POINT('',(0.127,-2.3115,-2.843));
#8338 = VECTOR('',#8339,1.);
#8339 = DIRECTION('',(1.077074540829E-16,-0.242535625036,-0.970142500145
    ));
#8340 = ORIENTED_EDGE('',*,*,#8341,.F.);
#8341 = EDGE_CURVE('',#8276,#8334,#8342,.T.);
#8342 = LINE('',#8343,#8344);
#8343 = CARTESIAN_POINT('',(0.127,-2.3115,0.));
#8344 = VECTOR('',#8345,1.);
#8345 = DIRECTION('',(-0.,0.,-1.));
#8346 = ORIENTED_EDGE('',*,*,#8275,.F.);
#8347 = PLANE('',#8348);
#8348 = AXIS2_PLACEMENT_3D('',#8349,#8350,#8351);
#8349 = CARTESIAN_POINT('',(0.127,-1.778,2.157));
#8350 = DIRECTION('',(1.,4.440892098501E-16,0.));
#8351 = DIRECTION('',(0.,0.,-1.));
#8352 = ADVANCED_FACE('',(#8353),#8369,.T.);
#8353 = FACE_BOUND('',#8354,.T.);
#8354 = EDGE_LOOP('',(#8355,#8361,#8362,#8368));
#8355 = ORIENTED_EDGE('',*,*,#8356,.T.);
#8356 = EDGE_CURVE('',#6358,#6522,#8357,.T.);
#8357 = LINE('',#8358,#8359);
#8358 = CARTESIAN_POINT('',(0.254,-5.842,2.157));
#8359 = VECTOR('',#8360,1.);
#8360 = DIRECTION('',(-4.440892098501E-16,1.,0.));
#8361 = ORIENTED_EDGE('',*,*,#6521,.T.);
#8362 = ORIENTED_EDGE('',*,*,#8363,.F.);
#8363 = EDGE_CURVE('',#6360,#6524,#8364,.T.);
#8364 = LINE('',#8365,#8366);
#8365 = CARTESIAN_POINT('',(-0.127,-5.842,1.776));
#8366 = VECTOR('',#8367,1.);
#8367 = DIRECTION('',(-4.440892098501E-16,1.,0.));
#8368 = ORIENTED_EDGE('',*,*,#6357,.F.);
#8369 = CYLINDRICAL_SURFACE('',#8370,0.381);
#8370 = AXIS2_PLACEMENT_3D('',#8371,#8372,#8373);
#8371 = CARTESIAN_POINT('',(0.254,-5.842,1.776));
#8372 = DIRECTION('',(-4.440892098501E-16,1.,0.));
#8373 = DIRECTION('',(0.,0.,1.));
#8374 = ADVANCED_FACE('',(#8375),#8434,.F.);
#8375 = FACE_BOUND('',#8376,.F.);
#8376 = EDGE_LOOP('',(#8377,#8378,#8379,#8380,#8388,#8396,#8404,#8412,
    #8420,#8428));
#8377 = ORIENTED_EDGE('',*,*,#6565,.F.);
#8378 = ORIENTED_EDGE('',*,*,#8363,.F.);
#8379 = ORIENTED_EDGE('',*,*,#6401,.F.);
#8380 = ORIENTED_EDGE('',*,*,#8381,.F.);
#8381 = EDGE_CURVE('',#8382,#6394,#8384,.T.);
#8382 = VERTEX_POINT('',#8383);
#8383 = CARTESIAN_POINT('',(-0.127,-5.3085,0.));
#8384 = LINE('',#8385,#8386);
#8385 = CARTESIAN_POINT('',(-0.127,-5.3085,0.));
#8386 = VECTOR('',#8387,1.);
#8387 = DIRECTION('',(4.440892098501E-16,-1.,0.));
#8388 = ORIENTED_EDGE('',*,*,#8389,.F.);
#8389 = EDGE_CURVE('',#8390,#8382,#8392,.T.);
#8390 = VERTEX_POINT('',#8391);
#8391 = CARTESIAN_POINT('',(-0.127,-5.3085,-2.843));
#8392 = LINE('',#8393,#8394);
#8393 = CARTESIAN_POINT('',(-0.127,-5.3085,-2.843));
#8394 = VECTOR('',#8395,1.);
#8395 = DIRECTION('',(0.,0.,1.));
#8396 = ORIENTED_EDGE('',*,*,#8397,.F.);
#8397 = EDGE_CURVE('',#8398,#8390,#8400,.T.);
#8398 = VERTEX_POINT('',#8399);
#8399 = CARTESIAN_POINT('',(-0.127,-5.19425,-3.3));
#8400 = LINE('',#8401,#8402);
#8401 = CARTESIAN_POINT('',(-0.127,-5.19425,-3.3));
#8402 = VECTOR('',#8403,1.);
#8403 = DIRECTION('',(1.077074540829E-16,-0.242535625036,0.970142500145)
  );
#8404 = ORIENTED_EDGE('',*,*,#8405,.F.);
#8405 = EDGE_CURVE('',#8406,#8398,#8408,.T.);
#8406 = VERTEX_POINT('',#8407);
#8407 = CARTESIAN_POINT('',(-0.127,-4.96575,-3.3));
#8408 = LINE('',#8409,#8410);
#8409 = CARTESIAN_POINT('',(-0.127,-4.96575,-3.3));
#8410 = VECTOR('',#8411,1.);
#8411 = DIRECTION('',(4.440892098501E-16,-1.,0.));
#8412 = ORIENTED_EDGE('',*,*,#8413,.F.);
#8413 = EDGE_CURVE('',#8414,#8406,#8416,.T.);
#8414 = VERTEX_POINT('',#8415);
#8415 = CARTESIAN_POINT('',(-0.127,-4.8515,-2.843));
#8416 = LINE('',#8417,#8418);
#8417 = CARTESIAN_POINT('',(-0.127,-4.8515,-2.843));
#8418 = VECTOR('',#8419,1.);
#8419 = DIRECTION('',(1.077074540829E-16,-0.242535625036,-0.970142500145
    ));
#8420 = ORIENTED_EDGE('',*,*,#8421,.F.);
#8421 = EDGE_CURVE('',#8422,#8414,#8424,.T.);
#8422 = VERTEX_POINT('',#8423);
#8423 = CARTESIAN_POINT('',(-0.127,-4.8515,0.));
#8424 = LINE('',#8425,#8426);
#8425 = CARTESIAN_POINT('',(-0.127,-4.8515,0.));
#8426 = VECTOR('',#8427,1.);
#8427 = DIRECTION('',(-0.,0.,-1.));
#8428 = ORIENTED_EDGE('',*,*,#8429,.F.);
#8429 = EDGE_CURVE('',#6558,#8422,#8430,.T.);
#8430 = LINE('',#8431,#8432);
#8431 = CARTESIAN_POINT('',(-0.127,-4.318,0.));
#8432 = VECTOR('',#8433,1.);
#8433 = DIRECTION('',(4.440892098501E-16,-1.,0.));
#8434 = PLANE('',#8435);
#8435 = AXIS2_PLACEMENT_3D('',#8436,#8437,#8438);
#8436 = CARTESIAN_POINT('',(-0.127,-4.318,2.157));
#8437 = DIRECTION('',(1.,4.440892098501E-16,0.));
#8438 = DIRECTION('',(0.,0.,-1.));
#8439 = ADVANCED_FACE('',(#8440),#8458,.T.);
#8440 = FACE_BOUND('',#8441,.T.);
#8441 = EDGE_LOOP('',(#8442,#8450,#8456,#8457));
#8442 = ORIENTED_EDGE('',*,*,#8443,.T.);
#8443 = EDGE_CURVE('',#8382,#8444,#8446,.T.);
#8444 = VERTEX_POINT('',#8445);
#8445 = CARTESIAN_POINT('',(0.127,-5.3085,0.));
#8446 = LINE('',#8447,#8448);
#8447 = CARTESIAN_POINT('',(-0.127,-5.3085,0.));
#8448 = VECTOR('',#8449,1.);
#8449 = DIRECTION('',(1.,4.440892098501E-16,0.));
#8450 = ORIENTED_EDGE('',*,*,#8451,.T.);
#8451 = EDGE_CURVE('',#8444,#6386,#8452,.T.);
#8452 = LINE('',#8453,#8454);
#8453 = CARTESIAN_POINT('',(0.127,-5.3085,0.));
#8454 = VECTOR('',#8455,1.);
#8455 = DIRECTION('',(4.440892098501E-16,-1.,0.));
#8456 = ORIENTED_EDGE('',*,*,#6393,.F.);
#8457 = ORIENTED_EDGE('',*,*,#8381,.F.);
#8458 = PLANE('',#8459);
#8459 = AXIS2_PLACEMENT_3D('',#8460,#8461,#8462);
#8460 = CARTESIAN_POINT('',(-0.127,-5.3085,0.));
#8461 = DIRECTION('',(0.,0.,-1.));
#8462 = DIRECTION('',(4.440892098501E-16,-1.,0.));
#8463 = ADVANCED_FACE('',(#8464),#8516,.T.);
#8464 = FACE_BOUND('',#8465,.T.);
#8465 = EDGE_LOOP('',(#8466,#8467,#8468,#8469,#8470,#8478,#8486,#8494,
    #8502,#8510));
#8466 = ORIENTED_EDGE('',*,*,#6549,.F.);
#8467 = ORIENTED_EDGE('',*,*,#6579,.T.);
#8468 = ORIENTED_EDGE('',*,*,#6385,.F.);
#8469 = ORIENTED_EDGE('',*,*,#8451,.F.);
#8470 = ORIENTED_EDGE('',*,*,#8471,.F.);
#8471 = EDGE_CURVE('',#8472,#8444,#8474,.T.);
#8472 = VERTEX_POINT('',#8473);
#8473 = CARTESIAN_POINT('',(0.127,-5.3085,-2.843));
#8474 = LINE('',#8475,#8476);
#8475 = CARTESIAN_POINT('',(0.127,-5.3085,-2.843));
#8476 = VECTOR('',#8477,1.);
#8477 = DIRECTION('',(0.,0.,1.));
#8478 = ORIENTED_EDGE('',*,*,#8479,.F.);
#8479 = EDGE_CURVE('',#8480,#8472,#8482,.T.);
#8480 = VERTEX_POINT('',#8481);
#8481 = CARTESIAN_POINT('',(0.127,-5.19425,-3.3));
#8482 = LINE('',#8483,#8484);
#8483 = CARTESIAN_POINT('',(0.127,-5.19425,-3.3));
#8484 = VECTOR('',#8485,1.);
#8485 = DIRECTION('',(1.077074540829E-16,-0.242535625036,0.970142500145)
  );
#8486 = ORIENTED_EDGE('',*,*,#8487,.F.);
#8487 = EDGE_CURVE('',#8488,#8480,#8490,.T.);
#8488 = VERTEX_POINT('',#8489);
#8489 = CARTESIAN_POINT('',(0.127,-4.96575,-3.3));
#8490 = LINE('',#8491,#8492);
#8491 = CARTESIAN_POINT('',(0.127,-4.96575,-3.3));
#8492 = VECTOR('',#8493,1.);
#8493 = DIRECTION('',(4.440892098501E-16,-1.,0.));
#8494 = ORIENTED_EDGE('',*,*,#8495,.F.);
#8495 = EDGE_CURVE('',#8496,#8488,#8498,.T.);
#8496 = VERTEX_POINT('',#8497);
#8497 = CARTESIAN_POINT('',(0.127,-4.8515,-2.843));
#8498 = LINE('',#8499,#8500);
#8499 = CARTESIAN_POINT('',(0.127,-4.8515,-2.843));
#8500 = VECTOR('',#8501,1.);
#8501 = DIRECTION('',(1.077074540829E-16,-0.242535625036,-0.970142500145
    ));
#8502 = ORIENTED_EDGE('',*,*,#8503,.F.);
#8503 = EDGE_CURVE('',#8504,#8496,#8506,.T.);
#8504 = VERTEX_POINT('',#8505);
#8505 = CARTESIAN_POINT('',(0.127,-4.8515,0.));
#8506 = LINE('',#8507,#8508);
#8507 = CARTESIAN_POINT('',(0.127,-4.8515,0.));
#8508 = VECTOR('',#8509,1.);
#8509 = DIRECTION('',(-0.,0.,-1.));
#8510 = ORIENTED_EDGE('',*,*,#8511,.F.);
#8511 = EDGE_CURVE('',#6550,#8504,#8512,.T.);
#8512 = LINE('',#8513,#8514);
#8513 = CARTESIAN_POINT('',(0.127,-4.318,0.));
#8514 = VECTOR('',#8515,1.);
#8515 = DIRECTION('',(4.440892098501E-16,-1.,0.));
#8516 = PLANE('',#8517);
#8517 = AXIS2_PLACEMENT_3D('',#8518,#8519,#8520);
#8518 = CARTESIAN_POINT('',(0.127,-4.318,2.157));
#8519 = DIRECTION('',(1.,4.440892098501E-16,0.));
#8520 = DIRECTION('',(0.,0.,-1.));
#8521 = ADVANCED_FACE('',(#8522),#8530,.T.);
#8522 = FACE_BOUND('',#8523,.T.);
#8523 = EDGE_LOOP('',(#8524,#8525,#8526,#8527,#8528,#8529));
#8524 = ORIENTED_EDGE('',*,*,#6415,.F.);
#8525 = ORIENTED_EDGE('',*,*,#7801,.F.);
#8526 = ORIENTED_EDGE('',*,*,#6605,.F.);
#8527 = ORIENTED_EDGE('',*,*,#6532,.F.);
#8528 = ORIENTED_EDGE('',*,*,#8356,.F.);
#8529 = ORIENTED_EDGE('',*,*,#6368,.F.);
#8530 = PLANE('',#8531);
#8531 = AXIS2_PLACEMENT_3D('',#8532,#8533,#8534);
#8532 = CARTESIAN_POINT('',(3.683,-5.842,2.157));
#8533 = DIRECTION('',(0.,0.,1.));
#8534 = DIRECTION('',(-4.440892098501E-16,1.,0.));
#8535 = ADVANCED_FACE('',(#8536),#8547,.T.);
#8536 = FACE_BOUND('',#8537,.T.);
#8537 = EDGE_LOOP('',(#8538,#8544,#8545,#8546));
#8538 = ORIENTED_EDGE('',*,*,#8539,.T.);
#8539 = EDGE_CURVE('',#8213,#8302,#8540,.T.);
#8540 = LINE('',#8541,#8542);
#8541 = CARTESIAN_POINT('',(-0.127,-2.7685,0.));
#8542 = VECTOR('',#8543,1.);
#8543 = DIRECTION('',(1.,4.440892098501E-16,0.));
#8544 = ORIENTED_EDGE('',*,*,#8301,.T.);
#8545 = ORIENTED_EDGE('',*,*,#6482,.F.);
#8546 = ORIENTED_EDGE('',*,*,#8212,.F.);
#8547 = PLANE('',#8548);
#8548 = AXIS2_PLACEMENT_3D('',#8549,#8550,#8551);
#8549 = CARTESIAN_POINT('',(-0.127,-2.7685,0.));
#8550 = DIRECTION('',(0.,0.,-1.));
#8551 = DIRECTION('',(4.440892098501E-16,-1.,0.));
#8552 = ADVANCED_FACE('',(#8553),#8564,.T.);
#8553 = FACE_BOUND('',#8554,.T.);
#8554 = EDGE_LOOP('',(#8555,#8556,#8557,#8563));
#8555 = ORIENTED_EDGE('',*,*,#6557,.T.);
#8556 = ORIENTED_EDGE('',*,*,#8511,.T.);
#8557 = ORIENTED_EDGE('',*,*,#8558,.F.);
#8558 = EDGE_CURVE('',#8422,#8504,#8559,.T.);
#8559 = LINE('',#8560,#8561);
#8560 = CARTESIAN_POINT('',(-0.127,-4.8515,0.));
#8561 = VECTOR('',#8562,1.);
#8562 = DIRECTION('',(1.,4.440892098501E-16,0.));
#8563 = ORIENTED_EDGE('',*,*,#8429,.F.);
#8564 = PLANE('',#8565);
#8565 = AXIS2_PLACEMENT_3D('',#8566,#8567,#8568);
#8566 = CARTESIAN_POINT('',(-0.127,-4.318,0.));
#8567 = DIRECTION('',(0.,0.,-1.));
#8568 = DIRECTION('',(4.440892098501E-16,-1.,0.));
#8569 = ADVANCED_FACE('',(#8570),#8581,.T.);
#8570 = FACE_BOUND('',#8571,.T.);
#8571 = EDGE_LOOP('',(#8572,#8573,#8574,#8580));
#8572 = ORIENTED_EDGE('',*,*,#6629,.T.);
#8573 = ORIENTED_EDGE('',*,*,#6688,.T.);
#8574 = ORIENTED_EDGE('',*,*,#8575,.F.);
#8575 = EDGE_CURVE('',#7816,#6681,#8576,.T.);
#8576 = LINE('',#8577,#8578);
#8577 = CARTESIAN_POINT('',(1.033723643423,-8.046276356577,3.68));
#8578 = VECTOR('',#8579,1.);
#8579 = DIRECTION('',(1.,4.440892098501E-16,0.));
#8580 = ORIENTED_EDGE('',*,*,#7815,.F.);
#8581 = B_SPLINE_SURFACE_WITH_KNOTS('',1,1,(
    (#8582,#8583)
    ,(#8584,#8585
    )),.UNSPECIFIED.,.F.,.F.,.F.,(2,2),(2,2),(0.,6.2),(0.,1.),
  .PIECEWISE_BEZIER_KNOTS.);
#8582 = CARTESIAN_POINT('',(0.71,-8.37,2.157));
#8583 = CARTESIAN_POINT('',(1.033723643423,-8.046276356577,3.68));
#8584 = CARTESIAN_POINT('',(6.91,-8.37,2.157));
#8585 = CARTESIAN_POINT('',(6.586276356577,-8.046276356577,3.68));
#8586 = ADVANCED_FACE('',(#8587),#8610,.F.);
#8587 = FACE_BOUND('',#8588,.F.);
#8588 = EDGE_LOOP('',(#8589,#8590,#8591,#8592,#8593,#8602,#8609));
#8589 = ORIENTED_EDGE('',*,*,#6680,.F.);
#8590 = ORIENTED_EDGE('',*,*,#8575,.F.);
#8591 = ORIENTED_EDGE('',*,*,#7822,.F.);
#8592 = ORIENTED_EDGE('',*,*,#7446,.F.);
#8593 = ORIENTED_EDGE('',*,*,#8594,.F.);
#8594 = EDGE_CURVE('',#8595,#7447,#8597,.T.);
#8595 = VERTEX_POINT('',#8596);
#8596 = CARTESIAN_POINT('',(3.81,-0.248723643423,3.68));
#8597 = CIRCLE('',#8598,0.75);
#8598 = AXIS2_PLACEMENT_3D('',#8599,#8600,#8601);
#8599 = CARTESIAN_POINT('',(3.81,0.501276356577,3.68));
#8600 = DIRECTION('',(0.,-0.,-1.));
#8601 = DIRECTION('',(4.440892098501E-16,-1.,0.));
#8602 = ORIENTED_EDGE('',*,*,#8603,.F.);
#8603 = EDGE_CURVE('',#7667,#8595,#8604,.T.);
#8604 = CIRCLE('',#8605,0.75);
#8605 = AXIS2_PLACEMENT_3D('',#8606,#8607,#8608);
#8606 = CARTESIAN_POINT('',(3.81,0.501276356577,3.68));
#8607 = DIRECTION('',(0.,-0.,-1.));
#8608 = DIRECTION('',(4.440892098501E-16,-1.,0.));
#8609 = ORIENTED_EDGE('',*,*,#7772,.F.);
#8610 = PLANE('',#8611);
#8611 = AXIS2_PLACEMENT_3D('',#8612,#8613,#8614);
#8612 = CARTESIAN_POINT('',(6.586276356577,-8.046276356577,3.68));
#8613 = DIRECTION('',(-0.,0.,-1.));
#8614 = DIRECTION('',(-0.548134684942,0.836390080742,0.));
#8615 = ADVANCED_FACE('',(#8616),#8627,.T.);
#8616 = FACE_BOUND('',#8617,.T.);
#8617 = EDGE_LOOP('',(#8618,#8619,#8620,#8626));
#8618 = ORIENTED_EDGE('',*,*,#6771,.T.);
#8619 = ORIENTED_EDGE('',*,*,#6747,.T.);
#8620 = ORIENTED_EDGE('',*,*,#8621,.F.);
#8621 = EDGE_CURVE('',#6818,#6740,#8622,.T.);
#8622 = LINE('',#8623,#8624);
#8623 = CARTESIAN_POINT('',(7.747,-7.50575,-3.3));
#8624 = VECTOR('',#8625,1.);
#8625 = DIRECTION('',(-1.,-3.216245299353E-16,0.));
#8626 = ORIENTED_EDGE('',*,*,#6825,.F.);
#8627 = PLANE('',#8628);
#8628 = AXIS2_PLACEMENT_3D('',#8629,#8630,#8631);
#8629 = CARTESIAN_POINT('',(7.747,-7.73425,-3.3));
#8630 = DIRECTION('',(-0.,0.,-1.));
#8631 = DIRECTION('',(-3.216245299353E-16,1.,0.));
#8632 = ADVANCED_FACE('',(#8633),#8644,.T.);
#8633 = FACE_BOUND('',#8634,.T.);
#8634 = EDGE_LOOP('',(#8635,#8636,#8637,#8643));
#8635 = ORIENTED_EDGE('',*,*,#8621,.T.);
#8636 = ORIENTED_EDGE('',*,*,#6739,.T.);
#8637 = ORIENTED_EDGE('',*,*,#8638,.F.);
#8638 = EDGE_CURVE('',#6810,#6732,#8639,.T.);
#8639 = LINE('',#8640,#8641);
#8640 = CARTESIAN_POINT('',(7.747,-7.3915,-2.843));
#8641 = VECTOR('',#8642,1.);
#8642 = DIRECTION('',(-1.,-3.216245299353E-16,0.));
#8643 = ORIENTED_EDGE('',*,*,#6817,.F.);
#8644 = PLANE('',#8645);
#8645 = AXIS2_PLACEMENT_3D('',#8646,#8647,#8648);
#8646 = CARTESIAN_POINT('',(7.747,-7.50575,-3.3));
#8647 = DIRECTION('',(-3.120216255796E-16,0.970142500145,-0.242535625036
    ));
#8648 = DIRECTION('',(-7.800540639491E-17,0.242535625036,0.970142500145)
  );
#8649 = ADVANCED_FACE('',(#8650),#8656,.T.);
#8650 = FACE_BOUND('',#8651,.T.);
#8651 = EDGE_LOOP('',(#8652,#8653,#8654,#8655));
#8652 = ORIENTED_EDGE('',*,*,#8638,.T.);
#8653 = ORIENTED_EDGE('',*,*,#6731,.T.);
#8654 = ORIENTED_EDGE('',*,*,#7003,.F.);
#8655 = ORIENTED_EDGE('',*,*,#6809,.F.);
#8656 = PLANE('',#8657);
#8657 = AXIS2_PLACEMENT_3D('',#8658,#8659,#8660);
#8658 = CARTESIAN_POINT('',(7.747,-7.3915,-2.843));
#8659 = DIRECTION('',(-3.216245299353E-16,1.,0.));
#8660 = DIRECTION('',(0.,0.,1.));
#8661 = ADVANCED_FACE('',(#8662),#8673,.F.);
#8662 = FACE_BOUND('',#8663,.F.);
#8663 = EDGE_LOOP('',(#8664,#8665,#8666,#8672));
#8664 = ORIENTED_EDGE('',*,*,#6946,.T.);
#8665 = ORIENTED_EDGE('',*,*,#6988,.T.);
#8666 = ORIENTED_EDGE('',*,*,#8667,.F.);
#8667 = EDGE_CURVE('',#6908,#6981,#8668,.T.);
#8668 = LINE('',#8669,#8670);
#8669 = CARTESIAN_POINT('',(7.747,-0.11425,-3.3));
#8670 = VECTOR('',#8671,1.);
#8671 = DIRECTION('',(-1.,-3.216245299353E-16,0.));
#8672 = ORIENTED_EDGE('',*,*,#6915,.F.);
#8673 = PLANE('',#8674);
#8674 = AXIS2_PLACEMENT_3D('',#8675,#8676,#8677);
#8675 = CARTESIAN_POINT('',(7.747,0.11425,-3.3));
#8676 = DIRECTION('',(0.,0.,1.));
#8677 = DIRECTION('',(3.216245299353E-16,-1.,0.));
#8678 = ADVANCED_FACE('',(#8679),#8690,.F.);
#8679 = FACE_BOUND('',#8680,.F.);
#8680 = EDGE_LOOP('',(#8681,#8682,#8683,#8689));
#8681 = ORIENTED_EDGE('',*,*,#8667,.T.);
#8682 = ORIENTED_EDGE('',*,*,#6980,.T.);
#8683 = ORIENTED_EDGE('',*,*,#8684,.F.);
#8684 = EDGE_CURVE('',#6900,#6973,#8685,.T.);
#8685 = LINE('',#8686,#8687);
#8686 = CARTESIAN_POINT('',(7.747,-0.2285,-2.843));
#8687 = VECTOR('',#8688,1.);
#8688 = DIRECTION('',(-1.,-3.216245299353E-16,0.));
#8689 = ORIENTED_EDGE('',*,*,#6907,.F.);
#8690 = PLANE('',#8691);
#8691 = AXIS2_PLACEMENT_3D('',#8692,#8693,#8694);
#8692 = CARTESIAN_POINT('',(7.747,-0.11425,-3.3));
#8693 = DIRECTION('',(-3.120216255796E-16,0.970142500145,0.242535625036)
  );
#8694 = DIRECTION('',(7.800540639491E-17,-0.242535625036,0.970142500145)
  );
#8695 = ADVANCED_FACE('',(#8696),#8702,.F.);
#8696 = FACE_BOUND('',#8697,.F.);
#8697 = EDGE_LOOP('',(#8698,#8699,#8700,#8701));
#8698 = ORIENTED_EDGE('',*,*,#8684,.T.);
#8699 = ORIENTED_EDGE('',*,*,#6972,.T.);
#8700 = ORIENTED_EDGE('',*,*,#7020,.F.);
#8701 = ORIENTED_EDGE('',*,*,#6899,.F.);
#8702 = PLANE('',#8703);
#8703 = AXIS2_PLACEMENT_3D('',#8704,#8705,#8706);
#8704 = CARTESIAN_POINT('',(7.747,-0.2285,-2.843));
#8705 = DIRECTION('',(-3.216245299353E-16,1.,0.));
#8706 = DIRECTION('',(0.,0.,1.));
#8707 = ADVANCED_FACE('',(#8708),#8719,.T.);
#8708 = FACE_BOUND('',#8709,.T.);
#8709 = EDGE_LOOP('',(#8710,#8711,#8712,#8718));
#8710 = ORIENTED_EDGE('',*,*,#7123,.T.);
#8711 = ORIENTED_EDGE('',*,*,#7099,.T.);
#8712 = ORIENTED_EDGE('',*,*,#8713,.F.);
#8713 = EDGE_CURVE('',#7186,#7092,#8714,.T.);
#8714 = LINE('',#8715,#8716);
#8715 = CARTESIAN_POINT('',(7.747,-5.3085,-2.843));
#8716 = VECTOR('',#8717,1.);
#8717 = DIRECTION('',(-1.,-3.216245299353E-16,0.));
#8718 = ORIENTED_EDGE('',*,*,#7193,.F.);
#8719 = PLANE('',#8720);
#8720 = AXIS2_PLACEMENT_3D('',#8721,#8722,#8723);
#8721 = CARTESIAN_POINT('',(7.747,-5.3085,0.));
#8722 = DIRECTION('',(3.216245299353E-16,-1.,0.));
#8723 = DIRECTION('',(0.,0.,-1.));
#8724 = ADVANCED_FACE('',(#8725),#8736,.T.);
#8725 = FACE_BOUND('',#8726,.T.);
#8726 = EDGE_LOOP('',(#8727,#8728,#8729,#8735));
#8727 = ORIENTED_EDGE('',*,*,#8713,.T.);
#8728 = ORIENTED_EDGE('',*,*,#7091,.T.);
#8729 = ORIENTED_EDGE('',*,*,#8730,.F.);
#8730 = EDGE_CURVE('',#7178,#7084,#8731,.T.);
#8731 = LINE('',#8732,#8733);
#8732 = CARTESIAN_POINT('',(7.747,-5.19425,-3.3));
#8733 = VECTOR('',#8734,1.);
#8734 = DIRECTION('',(-1.,-3.216245299353E-16,0.));
#8735 = ORIENTED_EDGE('',*,*,#7185,.F.);
#8736 = PLANE('',#8737);
#8737 = AXIS2_PLACEMENT_3D('',#8738,#8739,#8740);
#8738 = CARTESIAN_POINT('',(7.747,-5.3085,-2.843));
#8739 = DIRECTION('',(3.120216255796E-16,-0.970142500145,-0.242535625036
    ));
#8740 = DIRECTION('',(-7.800540639491E-17,0.242535625036,-0.970142500145
    ));
#8741 = ADVANCED_FACE('',(#8742),#8753,.T.);
#8742 = FACE_BOUND('',#8743,.T.);
#8743 = EDGE_LOOP('',(#8744,#8750,#8751,#8752));
#8744 = ORIENTED_EDGE('',*,*,#8745,.T.);
#8745 = EDGE_CURVE('',#7162,#7068,#8746,.T.);
#8746 = LINE('',#8747,#8748);
#8747 = CARTESIAN_POINT('',(7.747,-4.8515,-2.843));
#8748 = VECTOR('',#8749,1.);
#8749 = DIRECTION('',(-1.,-3.216245299353E-16,0.));
#8750 = ORIENTED_EDGE('',*,*,#7067,.T.);
#8751 = ORIENTED_EDGE('',*,*,#7403,.F.);
#8752 = ORIENTED_EDGE('',*,*,#7161,.F.);
#8753 = PLANE('',#8754);
#8754 = AXIS2_PLACEMENT_3D('',#8755,#8756,#8757);
#8755 = CARTESIAN_POINT('',(7.747,-4.8515,-2.843));
#8756 = DIRECTION('',(-3.216245299353E-16,1.,0.));
#8757 = DIRECTION('',(0.,0.,1.));
#8758 = ADVANCED_FACE('',(#8759),#8770,.T.);
#8759 = FACE_BOUND('',#8760,.T.);
#8760 = EDGE_LOOP('',(#8761,#8762,#8763,#8769));
#8761 = ORIENTED_EDGE('',*,*,#8730,.T.);
#8762 = ORIENTED_EDGE('',*,*,#7083,.T.);
#8763 = ORIENTED_EDGE('',*,*,#8764,.F.);
#8764 = EDGE_CURVE('',#7170,#7076,#8765,.T.);
#8765 = LINE('',#8766,#8767);
#8766 = CARTESIAN_POINT('',(7.747,-4.96575,-3.3));
#8767 = VECTOR('',#8768,1.);
#8768 = DIRECTION('',(-1.,-3.216245299353E-16,0.));
#8769 = ORIENTED_EDGE('',*,*,#7177,.F.);
#8770 = PLANE('',#8771);
#8771 = AXIS2_PLACEMENT_3D('',#8772,#8773,#8774);
#8772 = CARTESIAN_POINT('',(7.747,-5.19425,-3.3));
#8773 = DIRECTION('',(-0.,0.,-1.));
#8774 = DIRECTION('',(-3.216245299353E-16,1.,0.));
#8775 = ADVANCED_FACE('',(#8776),#8782,.T.);
#8776 = FACE_BOUND('',#8777,.T.);
#8777 = EDGE_LOOP('',(#8778,#8779,#8780,#8781));
#8778 = ORIENTED_EDGE('',*,*,#8764,.T.);
#8779 = ORIENTED_EDGE('',*,*,#7075,.T.);
#8780 = ORIENTED_EDGE('',*,*,#8745,.F.);
#8781 = ORIENTED_EDGE('',*,*,#7169,.F.);
#8782 = PLANE('',#8783);
#8783 = AXIS2_PLACEMENT_3D('',#8784,#8785,#8786);
#8784 = CARTESIAN_POINT('',(7.747,-4.96575,-3.3));
#8785 = DIRECTION('',(-3.120216255796E-16,0.970142500145,-0.242535625036
    ));
#8786 = DIRECTION('',(-7.800540639491E-17,0.242535625036,0.970142500145)
  );
#8787 = ADVANCED_FACE('',(#8788),#8799,.T.);
#8788 = FACE_BOUND('',#8789,.T.);
#8789 = EDGE_LOOP('',(#8790,#8791,#8792,#8798));
#8790 = ORIENTED_EDGE('',*,*,#7422,.T.);
#8791 = ORIENTED_EDGE('',*,*,#7263,.T.);
#8792 = ORIENTED_EDGE('',*,*,#8793,.F.);
#8793 = EDGE_CURVE('',#7343,#7256,#8794,.T.);
#8794 = LINE('',#8795,#8796);
#8795 = CARTESIAN_POINT('',(7.747,-2.7685,-2.843));
#8796 = VECTOR('',#8797,1.);
#8797 = DIRECTION('',(-1.,-3.216245299353E-16,0.));
#8798 = ORIENTED_EDGE('',*,*,#7350,.F.);
#8799 = PLANE('',#8800);
#8800 = AXIS2_PLACEMENT_3D('',#8801,#8802,#8803);
#8801 = CARTESIAN_POINT('',(7.747,-2.7685,0.));
#8802 = DIRECTION('',(3.216245299353E-16,-1.,0.));
#8803 = DIRECTION('',(0.,0.,-1.));
#8804 = ADVANCED_FACE('',(#8805),#8816,.T.);
#8805 = FACE_BOUND('',#8806,.T.);
#8806 = EDGE_LOOP('',(#8807,#8808,#8809,#8815));
#8807 = ORIENTED_EDGE('',*,*,#8793,.T.);
#8808 = ORIENTED_EDGE('',*,*,#7255,.T.);
#8809 = ORIENTED_EDGE('',*,*,#8810,.F.);
#8810 = EDGE_CURVE('',#7335,#7248,#8811,.T.);
#8811 = LINE('',#8812,#8813);
#8812 = CARTESIAN_POINT('',(7.747,-2.65425,-3.3));
#8813 = VECTOR('',#8814,1.);
#8814 = DIRECTION('',(-1.,-3.216245299353E-16,0.));
#8815 = ORIENTED_EDGE('',*,*,#7342,.F.);
#8816 = PLANE('',#8817);
#8817 = AXIS2_PLACEMENT_3D('',#8818,#8819,#8820);
#8818 = CARTESIAN_POINT('',(7.747,-2.7685,-2.843));
#8819 = DIRECTION('',(3.120216255796E-16,-0.970142500145,-0.242535625036
    ));
#8820 = DIRECTION('',(-7.800540639491E-17,0.242535625036,-0.970142500145
    ));
#8821 = ADVANCED_FACE('',(#8822),#8833,.T.);
#8822 = FACE_BOUND('',#8823,.T.);
#8823 = EDGE_LOOP('',(#8824,#8830,#8831,#8832));
#8824 = ORIENTED_EDGE('',*,*,#8825,.T.);
#8825 = EDGE_CURVE('',#7319,#7232,#8826,.T.);
#8826 = LINE('',#8827,#8828);
#8827 = CARTESIAN_POINT('',(7.747,-2.3115,-2.843));
#8828 = VECTOR('',#8829,1.);
#8829 = DIRECTION('',(-1.,-3.216245299353E-16,0.));
#8830 = ORIENTED_EDGE('',*,*,#7231,.T.);
#8831 = ORIENTED_EDGE('',*,*,#7285,.F.);
#8832 = ORIENTED_EDGE('',*,*,#7318,.F.);
#8833 = PLANE('',#8834);
#8834 = AXIS2_PLACEMENT_3D('',#8835,#8836,#8837);
#8835 = CARTESIAN_POINT('',(7.747,-2.3115,-2.843));
#8836 = DIRECTION('',(-3.216245299353E-16,1.,0.));
#8837 = DIRECTION('',(0.,0.,1.));
#8838 = ADVANCED_FACE('',(#8839),#8850,.T.);
#8839 = FACE_BOUND('',#8840,.T.);
#8840 = EDGE_LOOP('',(#8841,#8842,#8843,#8849));
#8841 = ORIENTED_EDGE('',*,*,#8810,.T.);
#8842 = ORIENTED_EDGE('',*,*,#7247,.T.);
#8843 = ORIENTED_EDGE('',*,*,#8844,.F.);
#8844 = EDGE_CURVE('',#7327,#7240,#8845,.T.);
#8845 = LINE('',#8846,#8847);
#8846 = CARTESIAN_POINT('',(7.747,-2.42575,-3.3));
#8847 = VECTOR('',#8848,1.);
#8848 = DIRECTION('',(-1.,-3.216245299353E-16,0.));
#8849 = ORIENTED_EDGE('',*,*,#7334,.F.);
#8850 = PLANE('',#8851);
#8851 = AXIS2_PLACEMENT_3D('',#8852,#8853,#8854);
#8852 = CARTESIAN_POINT('',(7.747,-2.65425,-3.3));
#8853 = DIRECTION('',(-0.,0.,-1.));
#8854 = DIRECTION('',(-3.216245299353E-16,1.,0.));
#8855 = ADVANCED_FACE('',(#8856),#8862,.T.);
#8856 = FACE_BOUND('',#8857,.T.);
#8857 = EDGE_LOOP('',(#8858,#8859,#8860,#8861));
#8858 = ORIENTED_EDGE('',*,*,#8844,.T.);
#8859 = ORIENTED_EDGE('',*,*,#7239,.T.);
#8860 = ORIENTED_EDGE('',*,*,#8825,.F.);
#8861 = ORIENTED_EDGE('',*,*,#7326,.F.);
#8862 = PLANE('',#8863);
#8863 = AXIS2_PLACEMENT_3D('',#8864,#8865,#8866);
#8864 = CARTESIAN_POINT('',(7.747,-2.42575,-3.3));
#8865 = DIRECTION('',(-3.120216255796E-16,0.970142500145,-0.242535625036
    ));
#8866 = DIRECTION('',(-7.800540639491E-17,0.242535625036,0.970142500145)
  );
#8867 = ADVANCED_FACE('',(#8868),#8890,.F.);
#8868 = FACE_BOUND('',#8869,.F.);
#8869 = EDGE_LOOP('',(#8870,#8871,#8880,#8887,#8888,#8889));
#8870 = ORIENTED_EDGE('',*,*,#7454,.F.);
#8871 = ORIENTED_EDGE('',*,*,#8872,.F.);
#8872 = EDGE_CURVE('',#8873,#7455,#8875,.T.);
#8873 = VERTEX_POINT('',#8874);
#8874 = CARTESIAN_POINT('',(3.81,-0.248723643423,3.18));
#8875 = CIRCLE('',#8876,0.75);
#8876 = AXIS2_PLACEMENT_3D('',#8877,#8878,#8879);
#8877 = CARTESIAN_POINT('',(3.81,0.501276356577,3.18));
#8878 = DIRECTION('',(0.,-0.,-1.));
#8879 = DIRECTION('',(4.440892098501E-16,-1.,0.));
#8880 = ORIENTED_EDGE('',*,*,#8881,.F.);
#8881 = EDGE_CURVE('',#7561,#8873,#8882,.T.);
#8882 = CIRCLE('',#8883,0.75);
#8883 = AXIS2_PLACEMENT_3D('',#8884,#8885,#8886);
#8884 = CARTESIAN_POINT('',(3.81,0.501276356577,3.18));
#8885 = DIRECTION('',(0.,-0.,-1.));
#8886 = DIRECTION('',(4.440892098501E-16,-1.,0.));
#8887 = ORIENTED_EDGE('',*,*,#7666,.T.);
#8888 = ORIENTED_EDGE('',*,*,#8603,.T.);
#8889 = ORIENTED_EDGE('',*,*,#8594,.T.);
#8890 = CYLINDRICAL_SURFACE('',#8891,0.75);
#8891 = AXIS2_PLACEMENT_3D('',#8892,#8893,#8894);
#8892 = CARTESIAN_POINT('',(3.81,0.501276356577,3.68));
#8893 = DIRECTION('',(-0.,0.,-1.));
#8894 = DIRECTION('',(4.440892098501E-16,-1.,-0.));
#8895 = ADVANCED_FACE('',(#8896),#8901,.F.);
#8896 = FACE_BOUND('',#8897,.F.);
#8897 = EDGE_LOOP('',(#8898,#8899,#8900));
#8898 = ORIENTED_EDGE('',*,*,#8881,.T.);
#8899 = ORIENTED_EDGE('',*,*,#8872,.T.);
#8900 = ORIENTED_EDGE('',*,*,#7560,.T.);
#8901 = PLANE('',#8902);
#8902 = AXIS2_PLACEMENT_3D('',#8903,#8904,#8905);
#8903 = CARTESIAN_POINT('',(3.81,0.501276356577,3.18));
#8904 = DIRECTION('',(-0.,0.,-1.));
#8905 = DIRECTION('',(4.440892098501E-16,-1.,-0.));
#8906 = ADVANCED_FACE('',(#8907),#8918,.T.);
#8907 = FACE_BOUND('',#8908,.T.);
#8908 = EDGE_LOOP('',(#8909,#8910,#8911,#8917));
#8909 = ORIENTED_EDGE('',*,*,#7907,.T.);
#8910 = ORIENTED_EDGE('',*,*,#7883,.T.);
#8911 = ORIENTED_EDGE('',*,*,#8912,.F.);
#8912 = EDGE_CURVE('',#7954,#7876,#8913,.T.);
#8913 = LINE('',#8914,#8915);
#8914 = CARTESIAN_POINT('',(-0.127,-0.11425,-3.3));
#8915 = VECTOR('',#8916,1.);
#8916 = DIRECTION('',(1.,4.440892098501E-16,0.));
#8917 = ORIENTED_EDGE('',*,*,#7961,.F.);
#8918 = PLANE('',#8919);
#8919 = AXIS2_PLACEMENT_3D('',#8920,#8921,#8922);
#8920 = CARTESIAN_POINT('',(-0.127,0.11425,-3.3));
#8921 = DIRECTION('',(0.,0.,-1.));
#8922 = DIRECTION('',(4.440892098501E-16,-1.,0.));
#8923 = ADVANCED_FACE('',(#8924),#8935,.T.);
#8924 = FACE_BOUND('',#8925,.T.);
#8925 = EDGE_LOOP('',(#8926,#8927,#8928,#8934));
#8926 = ORIENTED_EDGE('',*,*,#8912,.T.);
#8927 = ORIENTED_EDGE('',*,*,#7875,.T.);
#8928 = ORIENTED_EDGE('',*,*,#8929,.F.);
#8929 = EDGE_CURVE('',#7946,#7868,#8930,.T.);
#8930 = LINE('',#8931,#8932);
#8931 = CARTESIAN_POINT('',(-0.127,-0.2285,-2.843));
#8932 = VECTOR('',#8933,1.);
#8933 = DIRECTION('',(1.,4.440892098501E-16,0.));
#8934 = ORIENTED_EDGE('',*,*,#7953,.F.);
#8935 = PLANE('',#8936);
#8936 = AXIS2_PLACEMENT_3D('',#8937,#8938,#8939);
#8937 = CARTESIAN_POINT('',(-0.127,-0.11425,-3.3));
#8938 = DIRECTION('',(4.308298163317E-16,-0.970142500145,-0.242535625036
    ));
#8939 = DIRECTION('',(1.077074540829E-16,-0.242535625036,0.970142500145)
  );
#8940 = ADVANCED_FACE('',(#8941),#8947,.T.);
#8941 = FACE_BOUND('',#8942,.T.);
#8942 = EDGE_LOOP('',(#8943,#8944,#8945,#8946));
#8943 = ORIENTED_EDGE('',*,*,#8929,.T.);
#8944 = ORIENTED_EDGE('',*,*,#7867,.T.);
#8945 = ORIENTED_EDGE('',*,*,#8139,.F.);
#8946 = ORIENTED_EDGE('',*,*,#7945,.F.);
#8947 = PLANE('',#8948);
#8948 = AXIS2_PLACEMENT_3D('',#8949,#8950,#8951);
#8949 = CARTESIAN_POINT('',(-0.127,-0.2285,-2.843));
#8950 = DIRECTION('',(4.440892098501E-16,-1.,0.));
#8951 = DIRECTION('',(0.,0.,1.));
#8952 = ADVANCED_FACE('',(#8953),#8964,.F.);
#8953 = FACE_BOUND('',#8954,.F.);
#8954 = EDGE_LOOP('',(#8955,#8956,#8957,#8963));
#8955 = ORIENTED_EDGE('',*,*,#8051,.T.);
#8956 = ORIENTED_EDGE('',*,*,#8093,.T.);
#8957 = ORIENTED_EDGE('',*,*,#8958,.F.);
#8958 = EDGE_CURVE('',#8013,#8086,#8959,.T.);
#8959 = LINE('',#8960,#8961);
#8960 = CARTESIAN_POINT('',(-0.127,-7.50575,-3.3));
#8961 = VECTOR('',#8962,1.);
#8962 = DIRECTION('',(1.,4.440892098501E-16,0.));
#8963 = ORIENTED_EDGE('',*,*,#8020,.F.);
#8964 = PLANE('',#8965);
#8965 = AXIS2_PLACEMENT_3D('',#8966,#8967,#8968);
#8966 = CARTESIAN_POINT('',(-0.127,-7.73425,-3.3));
#8967 = DIRECTION('',(0.,0.,1.));
#8968 = DIRECTION('',(-4.440892098501E-16,1.,0.));
#8969 = ADVANCED_FACE('',(#8970),#8981,.F.);
#8970 = FACE_BOUND('',#8971,.F.);
#8971 = EDGE_LOOP('',(#8972,#8973,#8974,#8980));
#8972 = ORIENTED_EDGE('',*,*,#8958,.T.);
#8973 = ORIENTED_EDGE('',*,*,#8085,.T.);
#8974 = ORIENTED_EDGE('',*,*,#8975,.F.);
#8975 = EDGE_CURVE('',#8005,#8078,#8976,.T.);
#8976 = LINE('',#8977,#8978);
#8977 = CARTESIAN_POINT('',(-0.127,-7.3915,-2.843));
#8978 = VECTOR('',#8979,1.);
#8979 = DIRECTION('',(1.,4.440892098501E-16,0.));
#8980 = ORIENTED_EDGE('',*,*,#8012,.F.);
#8981 = PLANE('',#8982);
#8982 = AXIS2_PLACEMENT_3D('',#8983,#8984,#8985);
#8983 = CARTESIAN_POINT('',(-0.127,-7.50575,-3.3));
#8984 = DIRECTION('',(4.308298163317E-16,-0.970142500145,0.242535625036)
  );
#8985 = DIRECTION('',(-1.077074540829E-16,0.242535625036,0.970142500145)
  );
#8986 = ADVANCED_FACE('',(#8987),#8993,.F.);
#8987 = FACE_BOUND('',#8988,.F.);
#8988 = EDGE_LOOP('',(#8989,#8990,#8991,#8992));
#8989 = ORIENTED_EDGE('',*,*,#8975,.T.);
#8990 = ORIENTED_EDGE('',*,*,#8077,.T.);
#8991 = ORIENTED_EDGE('',*,*,#8156,.F.);
#8992 = ORIENTED_EDGE('',*,*,#8004,.F.);
#8993 = PLANE('',#8994);
#8994 = AXIS2_PLACEMENT_3D('',#8995,#8996,#8997);
#8995 = CARTESIAN_POINT('',(-0.127,-7.3915,-2.843));
#8996 = DIRECTION('',(4.440892098501E-16,-1.,0.));
#8997 = DIRECTION('',(0.,0.,1.));
#8998 = ADVANCED_FACE('',(#8999),#9010,.T.);
#8999 = FACE_BOUND('',#9000,.T.);
#9000 = EDGE_LOOP('',(#9001,#9002,#9003,#9009));
#9001 = ORIENTED_EDGE('',*,*,#8283,.T.);
#9002 = ORIENTED_EDGE('',*,*,#8341,.T.);
#9003 = ORIENTED_EDGE('',*,*,#9004,.F.);
#9004 = EDGE_CURVE('',#8245,#8334,#9005,.T.);
#9005 = LINE('',#9006,#9007);
#9006 = CARTESIAN_POINT('',(-0.127,-2.3115,-2.843));
#9007 = VECTOR('',#9008,1.);
#9008 = DIRECTION('',(1.,4.440892098501E-16,0.));
#9009 = ORIENTED_EDGE('',*,*,#8252,.F.);
#9010 = PLANE('',#9011);
#9011 = AXIS2_PLACEMENT_3D('',#9012,#9013,#9014);
#9012 = CARTESIAN_POINT('',(-0.127,-2.3115,0.));
#9013 = DIRECTION('',(-4.440892098501E-16,1.,0.));
#9014 = DIRECTION('',(0.,0.,-1.));
#9015 = ADVANCED_FACE('',(#9016),#9027,.T.);
#9016 = FACE_BOUND('',#9017,.T.);
#9017 = EDGE_LOOP('',(#9018,#9019,#9020,#9026));
#9018 = ORIENTED_EDGE('',*,*,#9004,.T.);
#9019 = ORIENTED_EDGE('',*,*,#8333,.T.);
#9020 = ORIENTED_EDGE('',*,*,#9021,.F.);
#9021 = EDGE_CURVE('',#8237,#8326,#9022,.T.);
#9022 = LINE('',#9023,#9024);
#9023 = CARTESIAN_POINT('',(-0.127,-2.42575,-3.3));
#9024 = VECTOR('',#9025,1.);
#9025 = DIRECTION('',(1.,4.440892098501E-16,0.));
#9026 = ORIENTED_EDGE('',*,*,#8244,.F.);
#9027 = PLANE('',#9028);
#9028 = AXIS2_PLACEMENT_3D('',#9029,#9030,#9031);
#9029 = CARTESIAN_POINT('',(-0.127,-2.3115,-2.843));
#9030 = DIRECTION('',(-4.308298163317E-16,0.970142500145,-0.242535625036
    ));
#9031 = DIRECTION('',(1.077074540829E-16,-0.242535625036,-0.970142500145
    ));
#9032 = ADVANCED_FACE('',(#9033),#9044,.T.);
#9033 = FACE_BOUND('',#9034,.T.);
#9034 = EDGE_LOOP('',(#9035,#9041,#9042,#9043));
#9035 = ORIENTED_EDGE('',*,*,#9036,.T.);
#9036 = EDGE_CURVE('',#8221,#8310,#9037,.T.);
#9037 = LINE('',#9038,#9039);
#9038 = CARTESIAN_POINT('',(-0.127,-2.7685,-2.843));
#9039 = VECTOR('',#9040,1.);
#9040 = DIRECTION('',(1.,4.440892098501E-16,0.));
#9041 = ORIENTED_EDGE('',*,*,#8309,.T.);
#9042 = ORIENTED_EDGE('',*,*,#8539,.F.);
#9043 = ORIENTED_EDGE('',*,*,#8220,.F.);
#9044 = PLANE('',#9045);
#9045 = AXIS2_PLACEMENT_3D('',#9046,#9047,#9048);
#9046 = CARTESIAN_POINT('',(-0.127,-2.7685,-2.843));
#9047 = DIRECTION('',(4.440892098501E-16,-1.,0.));
#9048 = DIRECTION('',(0.,0.,1.));
#9049 = ADVANCED_FACE('',(#9050),#9061,.T.);
#9050 = FACE_BOUND('',#9051,.T.);
#9051 = EDGE_LOOP('',(#9052,#9053,#9054,#9060));
#9052 = ORIENTED_EDGE('',*,*,#9021,.T.);
#9053 = ORIENTED_EDGE('',*,*,#8325,.T.);
#9054 = ORIENTED_EDGE('',*,*,#9055,.F.);
#9055 = EDGE_CURVE('',#8229,#8318,#9056,.T.);
#9056 = LINE('',#9057,#9058);
#9057 = CARTESIAN_POINT('',(-0.127,-2.65425,-3.3));
#9058 = VECTOR('',#9059,1.);
#9059 = DIRECTION('',(1.,4.440892098501E-16,0.));
#9060 = ORIENTED_EDGE('',*,*,#8236,.F.);
#9061 = PLANE('',#9062);
#9062 = AXIS2_PLACEMENT_3D('',#9063,#9064,#9065);
#9063 = CARTESIAN_POINT('',(-0.127,-2.42575,-3.3));
#9064 = DIRECTION('',(0.,0.,-1.));
#9065 = DIRECTION('',(4.440892098501E-16,-1.,0.));
#9066 = ADVANCED_FACE('',(#9067),#9073,.T.);
#9067 = FACE_BOUND('',#9068,.T.);
#9068 = EDGE_LOOP('',(#9069,#9070,#9071,#9072));
#9069 = ORIENTED_EDGE('',*,*,#9055,.T.);
#9070 = ORIENTED_EDGE('',*,*,#8317,.T.);
#9071 = ORIENTED_EDGE('',*,*,#9036,.F.);
#9072 = ORIENTED_EDGE('',*,*,#8228,.F.);
#9073 = PLANE('',#9074);
#9074 = AXIS2_PLACEMENT_3D('',#9075,#9076,#9077);
#9075 = CARTESIAN_POINT('',(-0.127,-2.65425,-3.3));
#9076 = DIRECTION('',(4.308298163317E-16,-0.970142500145,-0.242535625036
    ));
#9077 = DIRECTION('',(1.077074540829E-16,-0.242535625036,0.970142500145)
  );
#9078 = ADVANCED_FACE('',(#9079),#9090,.T.);
#9079 = FACE_BOUND('',#9080,.T.);
#9080 = EDGE_LOOP('',(#9081,#9082,#9083,#9089));
#9081 = ORIENTED_EDGE('',*,*,#8558,.T.);
#9082 = ORIENTED_EDGE('',*,*,#8503,.T.);
#9083 = ORIENTED_EDGE('',*,*,#9084,.F.);
#9084 = EDGE_CURVE('',#8414,#8496,#9085,.T.);
#9085 = LINE('',#9086,#9087);
#9086 = CARTESIAN_POINT('',(-0.127,-4.8515,-2.843));
#9087 = VECTOR('',#9088,1.);
#9088 = DIRECTION('',(1.,4.440892098501E-16,0.));
#9089 = ORIENTED_EDGE('',*,*,#8421,.F.);
#9090 = PLANE('',#9091);
#9091 = AXIS2_PLACEMENT_3D('',#9092,#9093,#9094);
#9092 = CARTESIAN_POINT('',(-0.127,-4.8515,0.));
#9093 = DIRECTION('',(-4.440892098501E-16,1.,0.));
#9094 = DIRECTION('',(0.,0.,-1.));
#9095 = ADVANCED_FACE('',(#9096),#9107,.T.);
#9096 = FACE_BOUND('',#9097,.T.);
#9097 = EDGE_LOOP('',(#9098,#9099,#9100,#9106));
#9098 = ORIENTED_EDGE('',*,*,#9084,.T.);
#9099 = ORIENTED_EDGE('',*,*,#8495,.T.);
#9100 = ORIENTED_EDGE('',*,*,#9101,.F.);
#9101 = EDGE_CURVE('',#8406,#8488,#9102,.T.);
#9102 = LINE('',#9103,#9104);
#9103 = CARTESIAN_POINT('',(-0.127,-4.96575,-3.3));
#9104 = VECTOR('',#9105,1.);
#9105 = DIRECTION('',(1.,4.440892098501E-16,0.));
#9106 = ORIENTED_EDGE('',*,*,#8413,.F.);
#9107 = PLANE('',#9108);
#9108 = AXIS2_PLACEMENT_3D('',#9109,#9110,#9111);
#9109 = CARTESIAN_POINT('',(-0.127,-4.8515,-2.843));
#9110 = DIRECTION('',(-4.308298163317E-16,0.970142500145,-0.242535625036
    ));
#9111 = DIRECTION('',(1.077074540829E-16,-0.242535625036,-0.970142500145
    ));
#9112 = ADVANCED_FACE('',(#9113),#9124,.T.);
#9113 = FACE_BOUND('',#9114,.T.);
#9114 = EDGE_LOOP('',(#9115,#9121,#9122,#9123));
#9115 = ORIENTED_EDGE('',*,*,#9116,.T.);
#9116 = EDGE_CURVE('',#8390,#8472,#9117,.T.);
#9117 = LINE('',#9118,#9119);
#9118 = CARTESIAN_POINT('',(-0.127,-5.3085,-2.843));
#9119 = VECTOR('',#9120,1.);
#9120 = DIRECTION('',(1.,4.440892098501E-16,0.));
#9121 = ORIENTED_EDGE('',*,*,#8471,.T.);
#9122 = ORIENTED_EDGE('',*,*,#8443,.F.);
#9123 = ORIENTED_EDGE('',*,*,#8389,.F.);
#9124 = PLANE('',#9125);
#9125 = AXIS2_PLACEMENT_3D('',#9126,#9127,#9128);
#9126 = CARTESIAN_POINT('',(-0.127,-5.3085,-2.843));
#9127 = DIRECTION('',(4.440892098501E-16,-1.,0.));
#9128 = DIRECTION('',(0.,0.,1.));
#9129 = ADVANCED_FACE('',(#9130),#9141,.T.);
#9130 = FACE_BOUND('',#9131,.T.);
#9131 = EDGE_LOOP('',(#9132,#9133,#9134,#9140));
#9132 = ORIENTED_EDGE('',*,*,#9101,.T.);
#9133 = ORIENTED_EDGE('',*,*,#8487,.T.);
#9134 = ORIENTED_EDGE('',*,*,#9135,.F.);
#9135 = EDGE_CURVE('',#8398,#8480,#9136,.T.);
#9136 = LINE('',#9137,#9138);
#9137 = CARTESIAN_POINT('',(-0.127,-5.19425,-3.3));
#9138 = VECTOR('',#9139,1.);
#9139 = DIRECTION('',(1.,4.440892098501E-16,0.));
#9140 = ORIENTED_EDGE('',*,*,#8405,.F.);
#9141 = PLANE('',#9142);
#9142 = AXIS2_PLACEMENT_3D('',#9143,#9144,#9145);
#9143 = CARTESIAN_POINT('',(-0.127,-4.96575,-3.3));
#9144 = DIRECTION('',(0.,0.,-1.));
#9145 = DIRECTION('',(4.440892098501E-16,-1.,0.));
#9146 = ADVANCED_FACE('',(#9147),#9153,.T.);
#9147 = FACE_BOUND('',#9148,.T.);
#9148 = EDGE_LOOP('',(#9149,#9150,#9151,#9152));
#9149 = ORIENTED_EDGE('',*,*,#9135,.T.);
#9150 = ORIENTED_EDGE('',*,*,#8479,.T.);
#9151 = ORIENTED_EDGE('',*,*,#9116,.F.);
#9152 = ORIENTED_EDGE('',*,*,#8397,.F.);
#9153 = PLANE('',#9154);
#9154 = AXIS2_PLACEMENT_3D('',#9155,#9156,#9157);
#9155 = CARTESIAN_POINT('',(-0.127,-5.19425,-3.3));
#9156 = DIRECTION('',(4.308298163317E-16,-0.970142500145,-0.242535625036
    ));
#9157 = DIRECTION('',(1.077074540829E-16,-0.242535625036,0.970142500145)
  );
#9158 = ( GEOMETRIC_REPRESENTATION_CONTEXT(3) 
GLOBAL_UNCERTAINTY_ASSIGNED_CONTEXT((#9162)) 
GLOBAL_UNIT_ASSIGNED_CONTEXT((#9159,#9160,#9161)) REPRESENTATION_CONTEXT
('Context #1','3D Context with UNIT and UNCERTAINTY') );
#9159 = ( LENGTH_UNIT() NAMED_UNIT(*) SI_UNIT(.MILLI.,.METRE.) );
#9160 = ( NAMED_UNIT(*) PLANE_ANGLE_UNIT() SI_UNIT($,.RADIAN.) );
#9161 = ( NAMED_UNIT(*) SI_UNIT($,.STERADIAN.) SOLID_ANGLE_UNIT() );
#9162 = UNCERTAINTY_MEASURE_WITH_UNIT(LENGTH_MEASURE(1.E-06),#9159,
  'distance_accuracy_value','confusion accuracy');
#9163 = CONTEXT_DEPENDENT_SHAPE_REPRESENTATION(#9164,#9166);
#9164 = ( REPRESENTATION_RELATIONSHIP('','',#4385,#10) 
REPRESENTATION_RELATIONSHIP_WITH_TRANSFORMATION(#9165) 
SHAPE_REPRESENTATION_RELATIONSHIP() );
#9165 = ITEM_DEFINED_TRANSFORMATION('','',#11,#47);
#9166 = PRODUCT_DEFINITION_SHAPE('Placement','Placement of an item',
  #9167);
#9167 = NEXT_ASSEMBLY_USAGE_OCCURRENCE('9','U1','',#5,#4380,$);
#9168 = PRODUCT_RELATED_PRODUCT_CATEGORY('part',$,(#4382));
#9169 = CONTEXT_DEPENDENT_SHAPE_REPRESENTATION(#9170,#9172);
#9170 = ( REPRESENTATION_RELATIONSHIP('','',#3571,#10) 
REPRESENTATION_RELATIONSHIP_WITH_TRANSFORMATION(#9171) 
SHAPE_REPRESENTATION_RELATIONSHIP() );
#9171 = ITEM_DEFINED_TRANSFORMATION('','',#11,#51);
#9172 = PRODUCT_DEFINITION_SHAPE('Placement','Placement of an item',
  #9173);
#9173 = NEXT_ASSEMBLY_USAGE_OCCURRENCE('10','R1','',#5,#3566,$);
#9174 = SHAPE_DEFINITION_REPRESENTATION(#9175,#9181);
#9175 = PRODUCT_DEFINITION_SHAPE('','',#9176);
#9176 = PRODUCT_DEFINITION('design','',#9177,#9180);
#9177 = PRODUCT_DEFINITION_FORMATION('','',#9178);
#9178 = PRODUCT('PinHeader_1x06_P2.54mm_Vertical',
  'PinHeader_1x06_P2.54mm_Vertical','',(#9179));
#9179 = PRODUCT_CONTEXT('',#2,'mechanical');
#9180 = PRODUCT_DEFINITION_CONTEXT('part definition',#2,'design');
#9181 = ADVANCED_BREP_SHAPE_REPRESENTATION('',(#11,#9182),#13310);
#9182 = MANIFOLD_SOLID_BREP('',#9183);
#9183 = CLOSED_SHELL('',(#9184,#9224,#9255,#9286,#9779,#10272,#10289,
    #10306,#10323,#10340,#10357,#10374,#10391,#10408,#10425,#10442,
    #10459,#10476,#10493,#10510,#10527,#10544,#10561,#10578,#10595,
    #10612,#10629,#10646,#10663,#10680,#10697,#10714,#10731,#10748,
    #10765,#10782,#10799,#10816,#10833,#10850,#10862,#10893,#10917,
    #10941,#10958,#10989,#11013,#11037,#11054,#11085,#11109,#11133,
    #11150,#11181,#11205,#11229,#11246,#11277,#11301,#11325,#11342,
    #11373,#11397,#11421,#11438,#11469,#11493,#11517,#11534,#11565,
    #11589,#11613,#11630,#11661,#11685,#11709,#11726,#11757,#11781,
    #11805,#11822,#11853,#11877,#11901,#11918,#11949,#11973,#11997,
    #12014,#12045,#12069,#12093,#12110,#12141,#12165,#12189,#12206,
    #12237,#12261,#12285,#12302,#12333,#12357,#12381,#12398,#12429,
    #12453,#12477,#12494,#12525,#12549,#12573,#12590,#12621,#12645,
    #12669,#12686,#12717,#12741,#12765,#12782,#12813,#12837,#12861,
    #12878,#12909,#12933,#12957,#12974,#13005,#13029,#13053,#13070,
    #13101,#13125,#13149,#13166,#13178,#13190,#13202,#13214,#13226,
    #13238,#13250,#13262,#13274,#13286,#13298));
#9184 = ADVANCED_FACE('',(#9185),#9219,.F.);
#9185 = FACE_BOUND('',#9186,.F.);
#9186 = EDGE_LOOP('',(#9187,#9197,#9205,#9213));
#9187 = ORIENTED_EDGE('',*,*,#9188,.T.);
#9188 = EDGE_CURVE('',#9189,#9191,#9193,.T.);
#9189 = VERTEX_POINT('',#9190);
#9190 = CARTESIAN_POINT('',(-1.016,1.27,0.));
#9191 = VERTEX_POINT('',#9192);
#9192 = CARTESIAN_POINT('',(-1.016,1.27,2.54));
#9193 = LINE('',#9194,#9195);
#9194 = CARTESIAN_POINT('',(-1.016,1.27,0.));
#9195 = VECTOR('',#9196,1.);
#9196 = DIRECTION('',(0.,0.,1.));
#9197 = ORIENTED_EDGE('',*,*,#9198,.T.);
#9198 = EDGE_CURVE('',#9191,#9199,#9201,.T.);
#9199 = VERTEX_POINT('',#9200);
#9200 = CARTESIAN_POINT('',(-1.27,1.016,2.54));
#9201 = LINE('',#9202,#9203);
#9202 = CARTESIAN_POINT('',(-1.016,1.27,2.54));
#9203 = VECTOR('',#9204,1.);
#9204 = DIRECTION('',(-0.707106781187,-0.707106781187,0.));
#9205 = ORIENTED_EDGE('',*,*,#9206,.F.);
#9206 = EDGE_CURVE('',#9207,#9199,#9209,.T.);
#9207 = VERTEX_POINT('',#9208);
#9208 = CARTESIAN_POINT('',(-1.27,1.016,0.));
#9209 = LINE('',#9210,#9211);
#9210 = CARTESIAN_POINT('',(-1.27,1.016,0.));
#9211 = VECTOR('',#9212,1.);
#9212 = DIRECTION('',(0.,0.,1.));
#9213 = ORIENTED_EDGE('',*,*,#9214,.F.);
#9214 = EDGE_CURVE('',#9189,#9207,#9215,.T.);
#9215 = LINE('',#9216,#9217);
#9216 = CARTESIAN_POINT('',(-1.016,1.27,0.));
#9217 = VECTOR('',#9218,1.);
#9218 = DIRECTION('',(-0.707106781187,-0.707106781187,0.));
#9219 = PLANE('',#9220);
#9220 = AXIS2_PLACEMENT_3D('',#9221,#9222,#9223);
#9221 = CARTESIAN_POINT('',(-1.016,1.27,0.));
#9222 = DIRECTION('',(0.707106781187,-0.707106781187,0.));
#9223 = DIRECTION('',(-0.707106781187,-0.707106781187,0.));
#9224 = ADVANCED_FACE('',(#9225),#9250,.F.);
#9225 = FACE_BOUND('',#9226,.F.);
#9226 = EDGE_LOOP('',(#9227,#9237,#9243,#9244));
#9227 = ORIENTED_EDGE('',*,*,#9228,.T.);
#9228 = EDGE_CURVE('',#9229,#9231,#9233,.T.);
#9229 = VERTEX_POINT('',#9230);
#9230 = CARTESIAN_POINT('',(1.016,1.27,0.));
#9231 = VERTEX_POINT('',#9232);
#9232 = CARTESIAN_POINT('',(1.016,1.27,2.54));
#9233 = LINE('',#9234,#9235);
#9234 = CARTESIAN_POINT('',(1.016,1.27,0.));
#9235 = VECTOR('',#9236,1.);
#9236 = DIRECTION('',(0.,0.,1.));
#9237 = ORIENTED_EDGE('',*,*,#9238,.T.);
#9238 = EDGE_CURVE('',#9231,#9191,#9239,.T.);
#9239 = LINE('',#9240,#9241);
#9240 = CARTESIAN_POINT('',(1.016,1.27,2.54));
#9241 = VECTOR('',#9242,1.);
#9242 = DIRECTION('',(-1.,0.,0.));
#9243 = ORIENTED_EDGE('',*,*,#9188,.F.);
#9244 = ORIENTED_EDGE('',*,*,#9245,.F.);
#9245 = EDGE_CURVE('',#9229,#9189,#9246,.T.);
#9246 = LINE('',#9247,#9248);
#9247 = CARTESIAN_POINT('',(1.016,1.27,0.));
#9248 = VECTOR('',#9249,1.);
#9249 = DIRECTION('',(-1.,0.,0.));
#9250 = PLANE('',#9251);
#9251 = AXIS2_PLACEMENT_3D('',#9252,#9253,#9254);
#9252 = CARTESIAN_POINT('',(1.016,1.27,0.));
#9253 = DIRECTION('',(0.,-1.,0.));
#9254 = DIRECTION('',(-1.,0.,0.));
#9255 = ADVANCED_FACE('',(#9256),#9281,.F.);
#9256 = FACE_BOUND('',#9257,.F.);
#9257 = EDGE_LOOP('',(#9258,#9259,#9267,#9275));
#9258 = ORIENTED_EDGE('',*,*,#9206,.T.);
#9259 = ORIENTED_EDGE('',*,*,#9260,.T.);
#9260 = EDGE_CURVE('',#9199,#9261,#9263,.T.);
#9261 = VERTEX_POINT('',#9262);
#9262 = CARTESIAN_POINT('',(-1.27,-1.016,2.54));
#9263 = LINE('',#9264,#9265);
#9264 = CARTESIAN_POINT('',(-1.27,1.016,2.54));
#9265 = VECTOR('',#9266,1.);
#9266 = DIRECTION('',(0.,-1.,0.));
#9267 = ORIENTED_EDGE('',*,*,#9268,.F.);
#9268 = EDGE_CURVE('',#9269,#9261,#9271,.T.);
#9269 = VERTEX_POINT('',#9270);
#9270 = CARTESIAN_POINT('',(-1.27,-1.016,0.));
#9271 = LINE('',#9272,#9273);
#9272 = CARTESIAN_POINT('',(-1.27,-1.016,0.));
#9273 = VECTOR('',#9274,1.);
#9274 = DIRECTION('',(0.,0.,1.));
#9275 = ORIENTED_EDGE('',*,*,#9276,.F.);
#9276 = EDGE_CURVE('',#9207,#9269,#9277,.T.);
#9277 = LINE('',#9278,#9279);
#9278 = CARTESIAN_POINT('',(-1.27,1.016,0.));
#9279 = VECTOR('',#9280,1.);
#9280 = DIRECTION('',(0.,-1.,0.));
#9281 = PLANE('',#9282);
#9282 = AXIS2_PLACEMENT_3D('',#9283,#9284,#9285);
#9283 = CARTESIAN_POINT('',(-1.27,1.016,0.));
#9284 = DIRECTION('',(1.,0.,0.));
#9285 = DIRECTION('',(0.,-1.,0.));
#9286 = ADVANCED_FACE('',(#9287,#9570,#9604,#9638,#9672,#9706,#9740),
  #9774,.F.);
#9287 = FACE_BOUND('',#9288,.F.);
#9288 = EDGE_LOOP('',(#9289,#9290,#9291,#9299,#9307,#9315,#9323,#9331,
    #9339,#9347,#9355,#9363,#9371,#9379,#9387,#9395,#9403,#9411,#9419,
    #9427,#9435,#9443,#9451,#9459,#9467,#9475,#9483,#9491,#9499,#9507,
    #9515,#9523,#9531,#9539,#9547,#9555,#9563,#9569));
#9289 = ORIENTED_EDGE('',*,*,#9214,.T.);
#9290 = ORIENTED_EDGE('',*,*,#9276,.T.);
#9291 = ORIENTED_EDGE('',*,*,#9292,.T.);
#9292 = EDGE_CURVE('',#9269,#9293,#9295,.T.);
#9293 = VERTEX_POINT('',#9294);
#9294 = CARTESIAN_POINT('',(-1.016,-1.27,0.));
#9295 = LINE('',#9296,#9297);
#9296 = CARTESIAN_POINT('',(-1.27,-1.016,0.));
#9297 = VECTOR('',#9298,1.);
#9298 = DIRECTION('',(0.707106781187,-0.707106781187,0.));
#9299 = ORIENTED_EDGE('',*,*,#9300,.T.);
#9300 = EDGE_CURVE('',#9293,#9301,#9303,.T.);
#9301 = VERTEX_POINT('',#9302);
#9302 = CARTESIAN_POINT('',(-1.27,-1.524,0.));
#9303 = LINE('',#9304,#9305);
#9304 = CARTESIAN_POINT('',(-1.016,-1.27,0.));
#9305 = VECTOR('',#9306,1.);
#9306 = DIRECTION('',(-0.707106781187,-0.707106781187,0.));
#9307 = ORIENTED_EDGE('',*,*,#9308,.T.);
#9308 = EDGE_CURVE('',#9301,#9309,#9311,.T.);
#9309 = VERTEX_POINT('',#9310);
#9310 = CARTESIAN_POINT('',(-1.27,-3.556,0.));
#9311 = LINE('',#9312,#9313);
#9312 = CARTESIAN_POINT('',(-1.27,-1.524,0.));
#9313 = VECTOR('',#9314,1.);
#9314 = DIRECTION('',(0.,-1.,0.));
#9315 = ORIENTED_EDGE('',*,*,#9316,.T.);
#9316 = EDGE_CURVE('',#9309,#9317,#9319,.T.);
#9317 = VERTEX_POINT('',#9318);
#9318 = CARTESIAN_POINT('',(-1.016,-3.81,0.));
#9319 = LINE('',#9320,#9321);
#9320 = CARTESIAN_POINT('',(-1.27,-3.556,0.));
#9321 = VECTOR('',#9322,1.);
#9322 = DIRECTION('',(0.707106781187,-0.707106781187,0.));
#9323 = ORIENTED_EDGE('',*,*,#9324,.T.);
#9324 = EDGE_CURVE('',#9317,#9325,#9327,.T.);
#9325 = VERTEX_POINT('',#9326);
#9326 = CARTESIAN_POINT('',(-1.27,-4.064,0.));
#9327 = LINE('',#9328,#9329);
#9328 = CARTESIAN_POINT('',(-1.016,-3.81,0.));
#9329 = VECTOR('',#9330,1.);
#9330 = DIRECTION('',(-0.707106781187,-0.707106781187,0.));
#9331 = ORIENTED_EDGE('',*,*,#9332,.T.);
#9332 = EDGE_CURVE('',#9325,#9333,#9335,.T.);
#9333 = VERTEX_POINT('',#9334);
#9334 = CARTESIAN_POINT('',(-1.27,-6.096,0.));
#9335 = LINE('',#9336,#9337);
#9336 = CARTESIAN_POINT('',(-1.27,-4.064,0.));
#9337 = VECTOR('',#9338,1.);
#9338 = DIRECTION('',(0.,-1.,0.));
#9339 = ORIENTED_EDGE('',*,*,#9340,.T.);
#9340 = EDGE_CURVE('',#9333,#9341,#9343,.T.);
#9341 = VERTEX_POINT('',#9342);
#9342 = CARTESIAN_POINT('',(-1.016,-6.35,0.));
#9343 = LINE('',#9344,#9345);
#9344 = CARTESIAN_POINT('',(-1.27,-6.096,0.));
#9345 = VECTOR('',#9346,1.);
#9346 = DIRECTION('',(0.707106781187,-0.707106781187,0.));
#9347 = ORIENTED_EDGE('',*,*,#9348,.T.);
#9348 = EDGE_CURVE('',#9341,#9349,#9351,.T.);
#9349 = VERTEX_POINT('',#9350);
#9350 = CARTESIAN_POINT('',(-1.27,-6.604,0.));
#9351 = LINE('',#9352,#9353);
#9352 = CARTESIAN_POINT('',(-1.016,-6.35,0.));
#9353 = VECTOR('',#9354,1.);
#9354 = DIRECTION('',(-0.707106781187,-0.707106781187,0.));
#9355 = ORIENTED_EDGE('',*,*,#9356,.T.);
#9356 = EDGE_CURVE('',#9349,#9357,#9359,.T.);
#9357 = VERTEX_POINT('',#9358);
#9358 = CARTESIAN_POINT('',(-1.27,-8.636,0.));
#9359 = LINE('',#9360,#9361);
#9360 = CARTESIAN_POINT('',(-1.27,-6.604,0.));
#9361 = VECTOR('',#9362,1.);
#9362 = DIRECTION('',(0.,-1.,0.));
#9363 = ORIENTED_EDGE('',*,*,#9364,.T.);
#9364 = EDGE_CURVE('',#9357,#9365,#9367,.T.);
#9365 = VERTEX_POINT('',#9366);
#9366 = CARTESIAN_POINT('',(-1.016,-8.89,0.));
#9367 = LINE('',#9368,#9369);
#9368 = CARTESIAN_POINT('',(-1.27,-8.636,0.));
#9369 = VECTOR('',#9370,1.);
#9370 = DIRECTION('',(0.707106781187,-0.707106781187,0.));
#9371 = ORIENTED_EDGE('',*,*,#9372,.T.);
#9372 = EDGE_CURVE('',#9365,#9373,#9375,.T.);
#9373 = VERTEX_POINT('',#9374);
#9374 = CARTESIAN_POINT('',(-1.27,-9.144,0.));
#9375 = LINE('',#9376,#9377);
#9376 = CARTESIAN_POINT('',(-1.016,-8.89,0.));
#9377 = VECTOR('',#9378,1.);
#9378 = DIRECTION('',(-0.707106781187,-0.707106781187,0.));
#9379 = ORIENTED_EDGE('',*,*,#9380,.T.);
#9380 = EDGE_CURVE('',#9373,#9381,#9383,.T.);
#9381 = VERTEX_POINT('',#9382);
#9382 = CARTESIAN_POINT('',(-1.27,-11.176,0.));
#9383 = LINE('',#9384,#9385);
#9384 = CARTESIAN_POINT('',(-1.27,-9.144,0.));
#9385 = VECTOR('',#9386,1.);
#9386 = DIRECTION('',(0.,-1.,0.));
#9387 = ORIENTED_EDGE('',*,*,#9388,.T.);
#9388 = EDGE_CURVE('',#9381,#9389,#9391,.T.);
#9389 = VERTEX_POINT('',#9390);
#9390 = CARTESIAN_POINT('',(-1.016,-11.43,0.));
#9391 = LINE('',#9392,#9393);
#9392 = CARTESIAN_POINT('',(-1.27,-11.176,0.));
#9393 = VECTOR('',#9394,1.);
#9394 = DIRECTION('',(0.707106781187,-0.707106781187,0.));
#9395 = ORIENTED_EDGE('',*,*,#9396,.T.);
#9396 = EDGE_CURVE('',#9389,#9397,#9399,.T.);
#9397 = VERTEX_POINT('',#9398);
#9398 = CARTESIAN_POINT('',(-1.27,-11.684,0.));
#9399 = LINE('',#9400,#9401);
#9400 = CARTESIAN_POINT('',(-1.016,-11.43,0.));
#9401 = VECTOR('',#9402,1.);
#9402 = DIRECTION('',(-0.707106781187,-0.707106781187,0.));
#9403 = ORIENTED_EDGE('',*,*,#9404,.T.);
#9404 = EDGE_CURVE('',#9397,#9405,#9407,.T.);
#9405 = VERTEX_POINT('',#9406);
#9406 = CARTESIAN_POINT('',(-1.27,-13.716,0.));
#9407 = LINE('',#9408,#9409);
#9408 = CARTESIAN_POINT('',(-1.27,-11.684,0.));
#9409 = VECTOR('',#9410,1.);
#9410 = DIRECTION('',(0.,-1.,0.));
#9411 = ORIENTED_EDGE('',*,*,#9412,.T.);
#9412 = EDGE_CURVE('',#9405,#9413,#9415,.T.);
#9413 = VERTEX_POINT('',#9414);
#9414 = CARTESIAN_POINT('',(-1.016,-13.97,0.));
#9415 = LINE('',#9416,#9417);
#9416 = CARTESIAN_POINT('',(-1.27,-13.716,0.));
#9417 = VECTOR('',#9418,1.);
#9418 = DIRECTION('',(0.707106781187,-0.707106781187,0.));
#9419 = ORIENTED_EDGE('',*,*,#9420,.T.);
#9420 = EDGE_CURVE('',#9413,#9421,#9423,.T.);
#9421 = VERTEX_POINT('',#9422);
#9422 = CARTESIAN_POINT('',(1.016,-13.97,0.));
#9423 = LINE('',#9424,#9425);
#9424 = CARTESIAN_POINT('',(-1.016,-13.97,0.));
#9425 = VECTOR('',#9426,1.);
#9426 = DIRECTION('',(1.,0.,0.));
#9427 = ORIENTED_EDGE('',*,*,#9428,.T.);
#9428 = EDGE_CURVE('',#9421,#9429,#9431,.T.);
#9429 = VERTEX_POINT('',#9430);
#9430 = CARTESIAN_POINT('',(1.27,-13.716,0.));
#9431 = LINE('',#9432,#9433);
#9432 = CARTESIAN_POINT('',(1.016,-13.97,0.));
#9433 = VECTOR('',#9434,1.);
#9434 = DIRECTION('',(0.707106781187,0.707106781187,0.));
#9435 = ORIENTED_EDGE('',*,*,#9436,.T.);
#9436 = EDGE_CURVE('',#9429,#9437,#9439,.T.);
#9437 = VERTEX_POINT('',#9438);
#9438 = CARTESIAN_POINT('',(1.27,-11.684,0.));
#9439 = LINE('',#9440,#9441);
#9440 = CARTESIAN_POINT('',(1.27,-13.716,0.));
#9441 = VECTOR('',#9442,1.);
#9442 = DIRECTION('',(0.,1.,0.));
#9443 = ORIENTED_EDGE('',*,*,#9444,.T.);
#9444 = EDGE_CURVE('',#9437,#9445,#9447,.T.);
#9445 = VERTEX_POINT('',#9446);
#9446 = CARTESIAN_POINT('',(1.016,-11.43,0.));
#9447 = LINE('',#9448,#9449);
#9448 = CARTESIAN_POINT('',(1.27,-11.684,0.));
#9449 = VECTOR('',#9450,1.);
#9450 = DIRECTION('',(-0.707106781187,0.707106781187,0.));
#9451 = ORIENTED_EDGE('',*,*,#9452,.T.);
#9452 = EDGE_CURVE('',#9445,#9453,#9455,.T.);
#9453 = VERTEX_POINT('',#9454);
#9454 = CARTESIAN_POINT('',(1.27,-11.176,0.));
#9455 = LINE('',#9456,#9457);
#9456 = CARTESIAN_POINT('',(1.016,-11.43,0.));
#9457 = VECTOR('',#9458,1.);
#9458 = DIRECTION('',(0.707106781187,0.707106781187,0.));
#9459 = ORIENTED_EDGE('',*,*,#9460,.T.);
#9460 = EDGE_CURVE('',#9453,#9461,#9463,.T.);
#9461 = VERTEX_POINT('',#9462);
#9462 = CARTESIAN_POINT('',(1.27,-9.144,0.));
#9463 = LINE('',#9464,#9465);
#9464 = CARTESIAN_POINT('',(1.27,-11.176,0.));
#9465 = VECTOR('',#9466,1.);
#9466 = DIRECTION('',(0.,1.,0.));
#9467 = ORIENTED_EDGE('',*,*,#9468,.T.);
#9468 = EDGE_CURVE('',#9461,#9469,#9471,.T.);
#9469 = VERTEX_POINT('',#9470);
#9470 = CARTESIAN_POINT('',(1.016,-8.89,0.));
#9471 = LINE('',#9472,#9473);
#9472 = CARTESIAN_POINT('',(1.27,-9.144,0.));
#9473 = VECTOR('',#9474,1.);
#9474 = DIRECTION('',(-0.707106781187,0.707106781187,0.));
#9475 = ORIENTED_EDGE('',*,*,#9476,.T.);
#9476 = EDGE_CURVE('',#9469,#9477,#9479,.T.);
#9477 = VERTEX_POINT('',#9478);
#9478 = CARTESIAN_POINT('',(1.27,-8.636,0.));
#9479 = LINE('',#9480,#9481);
#9480 = CARTESIAN_POINT('',(1.016,-8.89,0.));
#9481 = VECTOR('',#9482,1.);
#9482 = DIRECTION('',(0.707106781187,0.707106781187,0.));
#9483 = ORIENTED_EDGE('',*,*,#9484,.T.);
#9484 = EDGE_CURVE('',#9477,#9485,#9487,.T.);
#9485 = VERTEX_POINT('',#9486);
#9486 = CARTESIAN_POINT('',(1.27,-6.604,0.));
#9487 = LINE('',#9488,#9489);
#9488 = CARTESIAN_POINT('',(1.27,-8.636,0.));
#9489 = VECTOR('',#9490,1.);
#9490 = DIRECTION('',(0.,1.,0.));
#9491 = ORIENTED_EDGE('',*,*,#9492,.T.);
#9492 = EDGE_CURVE('',#9485,#9493,#9495,.T.);
#9493 = VERTEX_POINT('',#9494);
#9494 = CARTESIAN_POINT('',(1.016,-6.35,0.));
#9495 = LINE('',#9496,#9497);
#9496 = CARTESIAN_POINT('',(1.27,-6.604,0.));
#9497 = VECTOR('',#9498,1.);
#9498 = DIRECTION('',(-0.707106781187,0.707106781187,0.));
#9499 = ORIENTED_EDGE('',*,*,#9500,.T.);
#9500 = EDGE_CURVE('',#9493,#9501,#9503,.T.);
#9501 = VERTEX_POINT('',#9502);
#9502 = CARTESIAN_POINT('',(1.27,-6.096,0.));
#9503 = LINE('',#9504,#9505);
#9504 = CARTESIAN_POINT('',(1.016,-6.35,0.));
#9505 = VECTOR('',#9506,1.);
#9506 = DIRECTION('',(0.707106781187,0.707106781187,0.));
#9507 = ORIENTED_EDGE('',*,*,#9508,.T.);
#9508 = EDGE_CURVE('',#9501,#9509,#9511,.T.);
#9509 = VERTEX_POINT('',#9510);
#9510 = CARTESIAN_POINT('',(1.27,-4.064,0.));
#9511 = LINE('',#9512,#9513);
#9512 = CARTESIAN_POINT('',(1.27,-6.096,0.));
#9513 = VECTOR('',#9514,1.);
#9514 = DIRECTION('',(0.,1.,0.));
#9515 = ORIENTED_EDGE('',*,*,#9516,.T.);
#9516 = EDGE_CURVE('',#9509,#9517,#9519,.T.);
#9517 = VERTEX_POINT('',#9518);
#9518 = CARTESIAN_POINT('',(1.016,-3.81,0.));
#9519 = LINE('',#9520,#9521);
#9520 = CARTESIAN_POINT('',(1.27,-4.064,0.));
#9521 = VECTOR('',#9522,1.);
#9522 = DIRECTION('',(-0.707106781187,0.707106781187,0.));
#9523 = ORIENTED_EDGE('',*,*,#9524,.T.);
#9524 = EDGE_CURVE('',#9517,#9525,#9527,.T.);
#9525 = VERTEX_POINT('',#9526);
#9526 = CARTESIAN_POINT('',(1.27,-3.556,0.));
#9527 = LINE('',#9528,#9529);
#9528 = CARTESIAN_POINT('',(1.016,-3.81,0.));
#9529 = VECTOR('',#9530,1.);
#9530 = DIRECTION('',(0.707106781187,0.707106781187,0.));
#9531 = ORIENTED_EDGE('',*,*,#9532,.T.);
#9532 = EDGE_CURVE('',#9525,#9533,#9535,.T.);
#9533 = VERTEX_POINT('',#9534);
#9534 = CARTESIAN_POINT('',(1.27,-1.524,0.));
#9535 = LINE('',#9536,#9537);
#9536 = CARTESIAN_POINT('',(1.27,-3.556,0.));
#9537 = VECTOR('',#9538,1.);
#9538 = DIRECTION('',(0.,1.,0.));
#9539 = ORIENTED_EDGE('',*,*,#9540,.T.);
#9540 = EDGE_CURVE('',#9533,#9541,#9543,.T.);
#9541 = VERTEX_POINT('',#9542);
#9542 = CARTESIAN_POINT('',(1.016,-1.27,0.));
#9543 = LINE('',#9544,#9545);
#9544 = CARTESIAN_POINT('',(1.27,-1.524,0.));
#9545 = VECTOR('',#9546,1.);
#9546 = DIRECTION('',(-0.707106781187,0.707106781187,0.));
#9547 = ORIENTED_EDGE('',*,*,#9548,.T.);
#9548 = EDGE_CURVE('',#9541,#9549,#9551,.T.);
#9549 = VERTEX_POINT('',#9550);
#9550 = CARTESIAN_POINT('',(1.27,-1.016,0.));
#9551 = LINE('',#9552,#9553);
#9552 = CARTESIAN_POINT('',(1.016,-1.27,0.));
#9553 = VECTOR('',#9554,1.);
#9554 = DIRECTION('',(0.707106781187,0.707106781187,0.));
#9555 = ORIENTED_EDGE('',*,*,#9556,.T.);
#9556 = EDGE_CURVE('',#9549,#9557,#9559,.T.);
#9557 = VERTEX_POINT('',#9558);
#9558 = CARTESIAN_POINT('',(1.27,1.016,0.));
#9559 = LINE('',#9560,#9561);
#9560 = CARTESIAN_POINT('',(1.27,-1.016,0.));
#9561 = VECTOR('',#9562,1.);
#9562 = DIRECTION('',(0.,1.,0.));
#9563 = ORIENTED_EDGE('',*,*,#9564,.T.);
#9564 = EDGE_CURVE('',#9557,#9229,#9565,.T.);
#9565 = LINE('',#9566,#9567);
#9566 = CARTESIAN_POINT('',(1.27,1.016,0.));
#9567 = VECTOR('',#9568,1.);
#9568 = DIRECTION('',(-0.707106781187,0.707106781187,0.));
#9569 = ORIENTED_EDGE('',*,*,#9245,.T.);
#9570 = FACE_BOUND('',#9571,.F.);
#9571 = EDGE_LOOP('',(#9572,#9582,#9590,#9598));
#9572 = ORIENTED_EDGE('',*,*,#9573,.F.);
#9573 = EDGE_CURVE('',#9574,#9576,#9578,.T.);
#9574 = VERTEX_POINT('',#9575);
#9575 = CARTESIAN_POINT('',(0.32,-0.32,0.));
#9576 = VERTEX_POINT('',#9577);
#9577 = CARTESIAN_POINT('',(0.32,0.32,0.));
#9578 = LINE('',#9579,#9580);
#9579 = CARTESIAN_POINT('',(0.32,-3.335,0.));
#9580 = VECTOR('',#9581,1.);
#9581 = DIRECTION('',(0.,1.,0.));
#9582 = ORIENTED_EDGE('',*,*,#9583,.T.);
#9583 = EDGE_CURVE('',#9574,#9584,#9586,.T.);
#9584 = VERTEX_POINT('',#9585);
#9585 = CARTESIAN_POINT('',(-0.32,-0.32,0.));
#9586 = LINE('',#9587,#9588);
#9587 = CARTESIAN_POINT('',(-0.16,-0.32,0.));
#9588 = VECTOR('',#9589,1.);
#9589 = DIRECTION('',(-1.,0.,0.));
#9590 = ORIENTED_EDGE('',*,*,#9591,.T.);
#9591 = EDGE_CURVE('',#9584,#9592,#9594,.T.);
#9592 = VERTEX_POINT('',#9593);
#9593 = CARTESIAN_POINT('',(-0.32,0.32,0.));
#9594 = LINE('',#9595,#9596);
#9595 = CARTESIAN_POINT('',(-0.32,-3.335,0.));
#9596 = VECTOR('',#9597,1.);
#9597 = DIRECTION('',(0.,1.,0.));
#9598 = ORIENTED_EDGE('',*,*,#9599,.F.);
#9599 = EDGE_CURVE('',#9576,#9592,#9600,.T.);
#9600 = LINE('',#9601,#9602);
#9601 = CARTESIAN_POINT('',(-0.16,0.32,0.));
#9602 = VECTOR('',#9603,1.);
#9603 = DIRECTION('',(-1.,0.,0.));
#9604 = FACE_BOUND('',#9605,.F.);
#9605 = EDGE_LOOP('',(#9606,#9616,#9624,#9632));
#9606 = ORIENTED_EDGE('',*,*,#9607,.F.);
#9607 = EDGE_CURVE('',#9608,#9610,#9612,.T.);
#9608 = VERTEX_POINT('',#9609);
#9609 = CARTESIAN_POINT('',(0.32,-5.4,0.));
#9610 = VERTEX_POINT('',#9611);
#9611 = CARTESIAN_POINT('',(0.32,-4.76,0.));
#9612 = LINE('',#9613,#9614);
#9613 = CARTESIAN_POINT('',(0.32,-5.875,0.));
#9614 = VECTOR('',#9615,1.);
#9615 = DIRECTION('',(0.,1.,0.));
#9616 = ORIENTED_EDGE('',*,*,#9617,.T.);
#9617 = EDGE_CURVE('',#9608,#9618,#9620,.T.);
#9618 = VERTEX_POINT('',#9619);
#9619 = CARTESIAN_POINT('',(-0.32,-5.4,0.));
#9620 = LINE('',#9621,#9622);
#9621 = CARTESIAN_POINT('',(-0.16,-5.4,0.));
#9622 = VECTOR('',#9623,1.);
#9623 = DIRECTION('',(-1.,0.,0.));
#9624 = ORIENTED_EDGE('',*,*,#9625,.T.);
#9625 = EDGE_CURVE('',#9618,#9626,#9628,.T.);
#9626 = VERTEX_POINT('',#9627);
#9627 = CARTESIAN_POINT('',(-0.32,-4.76,0.));
#9628 = LINE('',#9629,#9630);
#9629 = CARTESIAN_POINT('',(-0.32,-5.875,0.));
#9630 = VECTOR('',#9631,1.);
#9631 = DIRECTION('',(0.,1.,0.));
#9632 = ORIENTED_EDGE('',*,*,#9633,.F.);
#9633 = EDGE_CURVE('',#9610,#9626,#9634,.T.);
#9634 = LINE('',#9635,#9636);
#9635 = CARTESIAN_POINT('',(-0.16,-4.76,0.));
#9636 = VECTOR('',#9637,1.);
#9637 = DIRECTION('',(-1.,0.,0.));
#9638 = FACE_BOUND('',#9639,.F.);
#9639 = EDGE_LOOP('',(#9640,#9650,#9658,#9666));
#9640 = ORIENTED_EDGE('',*,*,#9641,.F.);
#9641 = EDGE_CURVE('',#9642,#9644,#9646,.T.);
#9642 = VERTEX_POINT('',#9643);
#9643 = CARTESIAN_POINT('',(0.32,-2.86,0.));
#9644 = VERTEX_POINT('',#9645);
#9645 = CARTESIAN_POINT('',(0.32,-2.22,0.));
#9646 = LINE('',#9647,#9648);
#9647 = CARTESIAN_POINT('',(0.32,-4.605,0.));
#9648 = VECTOR('',#9649,1.);
#9649 = DIRECTION('',(0.,1.,0.));
#9650 = ORIENTED_EDGE('',*,*,#9651,.T.);
#9651 = EDGE_CURVE('',#9642,#9652,#9654,.T.);
#9652 = VERTEX_POINT('',#9653);
#9653 = CARTESIAN_POINT('',(-0.32,-2.86,0.));
#9654 = LINE('',#9655,#9656);
#9655 = CARTESIAN_POINT('',(-0.16,-2.86,0.));
#9656 = VECTOR('',#9657,1.);
#9657 = DIRECTION('',(-1.,0.,0.));
#9658 = ORIENTED_EDGE('',*,*,#9659,.T.);
#9659 = EDGE_CURVE('',#9652,#9660,#9662,.T.);
#9660 = VERTEX_POINT('',#9661);
#9661 = CARTESIAN_POINT('',(-0.32,-2.22,0.));
#9662 = LINE('',#9663,#9664);
#9663 = CARTESIAN_POINT('',(-0.32,-4.605,0.));
#9664 = VECTOR('',#9665,1.);
#9665 = DIRECTION('',(0.,1.,0.));
#9666 = ORIENTED_EDGE('',*,*,#9667,.F.);
#9667 = EDGE_CURVE('',#9644,#9660,#9668,.T.);
#9668 = LINE('',#9669,#9670);
#9669 = CARTESIAN_POINT('',(-0.16,-2.22,0.));
#9670 = VECTOR('',#9671,1.);
#9671 = DIRECTION('',(-1.,0.,0.));
#9672 = FACE_BOUND('',#9673,.F.);
#9673 = EDGE_LOOP('',(#9674,#9684,#9692,#9700));
#9674 = ORIENTED_EDGE('',*,*,#9675,.T.);
#9675 = EDGE_CURVE('',#9676,#9678,#9680,.T.);
#9676 = VERTEX_POINT('',#9677);
#9677 = CARTESIAN_POINT('',(0.32,-13.02,0.));
#9678 = VERTEX_POINT('',#9679);
#9679 = CARTESIAN_POINT('',(-0.32,-13.02,0.));
#9680 = LINE('',#9681,#9682);
#9681 = CARTESIAN_POINT('',(-0.16,-13.02,0.));
#9682 = VECTOR('',#9683,1.);
#9683 = DIRECTION('',(-1.,0.,0.));
#9684 = ORIENTED_EDGE('',*,*,#9685,.T.);
#9685 = EDGE_CURVE('',#9678,#9686,#9688,.T.);
#9686 = VERTEX_POINT('',#9687);
#9687 = CARTESIAN_POINT('',(-0.32,-12.38,0.));
#9688 = LINE('',#9689,#9690);
#9689 = CARTESIAN_POINT('',(-0.32,-9.685,0.));
#9690 = VECTOR('',#9691,1.);
#9691 = DIRECTION('',(0.,1.,0.));
#9692 = ORIENTED_EDGE('',*,*,#9693,.F.);
#9693 = EDGE_CURVE('',#9694,#9686,#9696,.T.);
#9694 = VERTEX_POINT('',#9695);
#9695 = CARTESIAN_POINT('',(0.32,-12.38,0.));
#9696 = LINE('',#9697,#9698);
#9697 = CARTESIAN_POINT('',(-0.16,-12.38,0.));
#9698 = VECTOR('',#9699,1.);
#9699 = DIRECTION('',(-1.,0.,0.));
#9700 = ORIENTED_EDGE('',*,*,#9701,.F.);
#9701 = EDGE_CURVE('',#9676,#9694,#9702,.T.);
#9702 = LINE('',#9703,#9704);
#9703 = CARTESIAN_POINT('',(0.32,-9.685,0.));
#9704 = VECTOR('',#9705,1.);
#9705 = DIRECTION('',(0.,1.,0.));
#9706 = FACE_BOUND('',#9707,.F.);
#9707 = EDGE_LOOP('',(#9708,#9718,#9726,#9734));
#9708 = ORIENTED_EDGE('',*,*,#9709,.F.);
#9709 = EDGE_CURVE('',#9710,#9712,#9714,.T.);
#9710 = VERTEX_POINT('',#9711);
#9711 = CARTESIAN_POINT('',(0.32,-9.84,0.));
#9712 = VERTEX_POINT('',#9713);
#9713 = CARTESIAN_POINT('',(-0.32,-9.84,0.));
#9714 = LINE('',#9715,#9716);
#9715 = CARTESIAN_POINT('',(-0.16,-9.84,0.));
#9716 = VECTOR('',#9717,1.);
#9717 = DIRECTION('',(-1.,0.,0.));
#9718 = ORIENTED_EDGE('',*,*,#9719,.F.);
#9719 = EDGE_CURVE('',#9720,#9710,#9722,.T.);
#9720 = VERTEX_POINT('',#9721);
#9721 = CARTESIAN_POINT('',(0.32,-10.48,0.));
#9722 = LINE('',#9723,#9724);
#9723 = CARTESIAN_POINT('',(0.32,-8.415,0.));
#9724 = VECTOR('',#9725,1.);
#9725 = DIRECTION('',(0.,1.,0.));
#9726 = ORIENTED_EDGE('',*,*,#9727,.T.);
#9727 = EDGE_CURVE('',#9720,#9728,#9730,.T.);
#9728 = VERTEX_POINT('',#9729);
#9729 = CARTESIAN_POINT('',(-0.32,-10.48,0.));
#9730 = LINE('',#9731,#9732);
#9731 = CARTESIAN_POINT('',(-0.16,-10.48,0.));
#9732 = VECTOR('',#9733,1.);
#9733 = DIRECTION('',(-1.,0.,0.));
#9734 = ORIENTED_EDGE('',*,*,#9735,.T.);
#9735 = EDGE_CURVE('',#9728,#9712,#9736,.T.);
#9736 = LINE('',#9737,#9738);
#9737 = CARTESIAN_POINT('',(-0.32,-8.415,0.));
#9738 = VECTOR('',#9739,1.);
#9739 = DIRECTION('',(0.,1.,0.));
#9740 = FACE_BOUND('',#9741,.F.);
#9741 = EDGE_LOOP('',(#9742,#9752,#9760,#9768));
#9742 = ORIENTED_EDGE('',*,*,#9743,.T.);
#9743 = EDGE_CURVE('',#9744,#9746,#9748,.T.);
#9744 = VERTEX_POINT('',#9745);
#9745 = CARTESIAN_POINT('',(0.32,-7.94,0.));
#9746 = VERTEX_POINT('',#9747);
#9747 = CARTESIAN_POINT('',(-0.32,-7.94,0.));
#9748 = LINE('',#9749,#9750);
#9749 = CARTESIAN_POINT('',(-0.16,-7.94,0.));
#9750 = VECTOR('',#9751,1.);
#9751 = DIRECTION('',(-1.,0.,0.));
#9752 = ORIENTED_EDGE('',*,*,#9753,.T.);
#9753 = EDGE_CURVE('',#9746,#9754,#9756,.T.);
#9754 = VERTEX_POINT('',#9755);
#9755 = CARTESIAN_POINT('',(-0.32,-7.3,0.));
#9756 = LINE('',#9757,#9758);
#9757 = CARTESIAN_POINT('',(-0.32,-7.145,0.));
#9758 = VECTOR('',#9759,1.);
#9759 = DIRECTION('',(0.,1.,0.));
#9760 = ORIENTED_EDGE('',*,*,#9761,.F.);
#9761 = EDGE_CURVE('',#9762,#9754,#9764,.T.);
#9762 = VERTEX_POINT('',#9763);
#9763 = CARTESIAN_POINT('',(0.32,-7.3,0.));
#9764 = LINE('',#9765,#9766);
#9765 = CARTESIAN_POINT('',(-0.16,-7.3,0.));
#9766 = VECTOR('',#9767,1.);
#9767 = DIRECTION('',(-1.,0.,0.));
#9768 = ORIENTED_EDGE('',*,*,#9769,.F.);
#9769 = EDGE_CURVE('',#9744,#9762,#9770,.T.);
#9770 = LINE('',#9771,#9772);
#9771 = CARTESIAN_POINT('',(0.32,-7.145,0.));
#9772 = VECTOR('',#9773,1.);
#9773 = DIRECTION('',(0.,1.,0.));
#9774 = PLANE('',#9775);
#9775 = AXIS2_PLACEMENT_3D('',#9776,#9777,#9778);
#9776 = CARTESIAN_POINT('',(-1.797008255889E-17,-6.35,0.));
#9777 = DIRECTION('',(0.,0.,1.));
#9778 = DIRECTION('',(1.,0.,-0.));
#9779 = ADVANCED_FACE('',(#9780,#10063,#10097,#10131,#10165,#10199,
    #10233),#10267,.T.);
#9780 = FACE_BOUND('',#9781,.T.);
#9781 = EDGE_LOOP('',(#9782,#9783,#9784,#9792,#9800,#9808,#9816,#9824,
    #9832,#9840,#9848,#9856,#9864,#9872,#9880,#9888,#9896,#9904,#9912,
    #9920,#9928,#9936,#9944,#9952,#9960,#9968,#9976,#9984,#9992,#10000,
    #10008,#10016,#10024,#10032,#10040,#10048,#10056,#10062));
#9782 = ORIENTED_EDGE('',*,*,#9198,.T.);
#9783 = ORIENTED_EDGE('',*,*,#9260,.T.);
#9784 = ORIENTED_EDGE('',*,*,#9785,.T.);
#9785 = EDGE_CURVE('',#9261,#9786,#9788,.T.);
#9786 = VERTEX_POINT('',#9787);
#9787 = CARTESIAN_POINT('',(-1.016,-1.27,2.54));
#9788 = LINE('',#9789,#9790);
#9789 = CARTESIAN_POINT('',(-1.27,-1.016,2.54));
#9790 = VECTOR('',#9791,1.);
#9791 = DIRECTION('',(0.707106781187,-0.707106781187,0.));
#9792 = ORIENTED_EDGE('',*,*,#9793,.T.);
#9793 = EDGE_CURVE('',#9786,#9794,#9796,.T.);
#9794 = VERTEX_POINT('',#9795);
#9795 = CARTESIAN_POINT('',(-1.27,-1.524,2.54));
#9796 = LINE('',#9797,#9798);
#9797 = CARTESIAN_POINT('',(-1.016,-1.27,2.54));
#9798 = VECTOR('',#9799,1.);
#9799 = DIRECTION('',(-0.707106781187,-0.707106781187,0.));
#9800 = ORIENTED_EDGE('',*,*,#9801,.T.);
#9801 = EDGE_CURVE('',#9794,#9802,#9804,.T.);
#9802 = VERTEX_POINT('',#9803);
#9803 = CARTESIAN_POINT('',(-1.27,-3.556,2.54));
#9804 = LINE('',#9805,#9806);
#9805 = CARTESIAN_POINT('',(-1.27,-1.524,2.54));
#9806 = VECTOR('',#9807,1.);
#9807 = DIRECTION('',(0.,-1.,0.));
#9808 = ORIENTED_EDGE('',*,*,#9809,.T.);
#9809 = EDGE_CURVE('',#9802,#9810,#9812,.T.);
#9810 = VERTEX_POINT('',#9811);
#9811 = CARTESIAN_POINT('',(-1.016,-3.81,2.54));
#9812 = LINE('',#9813,#9814);
#9813 = CARTESIAN_POINT('',(-1.27,-3.556,2.54));
#9814 = VECTOR('',#9815,1.);
#9815 = DIRECTION('',(0.707106781187,-0.707106781187,0.));
#9816 = ORIENTED_EDGE('',*,*,#9817,.T.);
#9817 = EDGE_CURVE('',#9810,#9818,#9820,.T.);
#9818 = VERTEX_POINT('',#9819);
#9819 = CARTESIAN_POINT('',(-1.27,-4.064,2.54));
#9820 = LINE('',#9821,#9822);
#9821 = CARTESIAN_POINT('',(-1.016,-3.81,2.54));
#9822 = VECTOR('',#9823,1.);
#9823 = DIRECTION('',(-0.707106781187,-0.707106781187,0.));
#9824 = ORIENTED_EDGE('',*,*,#9825,.T.);
#9825 = EDGE_CURVE('',#9818,#9826,#9828,.T.);
#9826 = VERTEX_POINT('',#9827);
#9827 = CARTESIAN_POINT('',(-1.27,-6.096,2.54));
#9828 = LINE('',#9829,#9830);
#9829 = CARTESIAN_POINT('',(-1.27,-4.064,2.54));
#9830 = VECTOR('',#9831,1.);
#9831 = DIRECTION('',(0.,-1.,0.));
#9832 = ORIENTED_EDGE('',*,*,#9833,.T.);
#9833 = EDGE_CURVE('',#9826,#9834,#9836,.T.);
#9834 = VERTEX_POINT('',#9835);
#9835 = CARTESIAN_POINT('',(-1.016,-6.35,2.54));
#9836 = LINE('',#9837,#9838);
#9837 = CARTESIAN_POINT('',(-1.27,-6.096,2.54));
#9838 = VECTOR('',#9839,1.);
#9839 = DIRECTION('',(0.707106781187,-0.707106781187,0.));
#9840 = ORIENTED_EDGE('',*,*,#9841,.T.);
#9841 = EDGE_CURVE('',#9834,#9842,#9844,.T.);
#9842 = VERTEX_POINT('',#9843);
#9843 = CARTESIAN_POINT('',(-1.27,-6.604,2.54));
#9844 = LINE('',#9845,#9846);
#9845 = CARTESIAN_POINT('',(-1.016,-6.35,2.54));
#9846 = VECTOR('',#9847,1.);
#9847 = DIRECTION('',(-0.707106781187,-0.707106781187,0.));
#9848 = ORIENTED_EDGE('',*,*,#9849,.T.);
#9849 = EDGE_CURVE('',#9842,#9850,#9852,.T.);
#9850 = VERTEX_POINT('',#9851);
#9851 = CARTESIAN_POINT('',(-1.27,-8.636,2.54));
#9852 = LINE('',#9853,#9854);
#9853 = CARTESIAN_POINT('',(-1.27,-6.604,2.54));
#9854 = VECTOR('',#9855,1.);
#9855 = DIRECTION('',(0.,-1.,0.));
#9856 = ORIENTED_EDGE('',*,*,#9857,.T.);
#9857 = EDGE_CURVE('',#9850,#9858,#9860,.T.);
#9858 = VERTEX_POINT('',#9859);
#9859 = CARTESIAN_POINT('',(-1.016,-8.89,2.54));
#9860 = LINE('',#9861,#9862);
#9861 = CARTESIAN_POINT('',(-1.27,-8.636,2.54));
#9862 = VECTOR('',#9863,1.);
#9863 = DIRECTION('',(0.707106781187,-0.707106781187,0.));
#9864 = ORIENTED_EDGE('',*,*,#9865,.T.);
#9865 = EDGE_CURVE('',#9858,#9866,#9868,.T.);
#9866 = VERTEX_POINT('',#9867);
#9867 = CARTESIAN_POINT('',(-1.27,-9.144,2.54));
#9868 = LINE('',#9869,#9870);
#9869 = CARTESIAN_POINT('',(-1.016,-8.89,2.54));
#9870 = VECTOR('',#9871,1.);
#9871 = DIRECTION('',(-0.707106781187,-0.707106781187,0.));
#9872 = ORIENTED_EDGE('',*,*,#9873,.T.);
#9873 = EDGE_CURVE('',#9866,#9874,#9876,.T.);
#9874 = VERTEX_POINT('',#9875);
#9875 = CARTESIAN_POINT('',(-1.27,-11.176,2.54));
#9876 = LINE('',#9877,#9878);
#9877 = CARTESIAN_POINT('',(-1.27,-9.144,2.54));
#9878 = VECTOR('',#9879,1.);
#9879 = DIRECTION('',(0.,-1.,0.));
#9880 = ORIENTED_EDGE('',*,*,#9881,.T.);
#9881 = EDGE_CURVE('',#9874,#9882,#9884,.T.);
#9882 = VERTEX_POINT('',#9883);
#9883 = CARTESIAN_POINT('',(-1.016,-11.43,2.54));
#9884 = LINE('',#9885,#9886);
#9885 = CARTESIAN_POINT('',(-1.27,-11.176,2.54));
#9886 = VECTOR('',#9887,1.);
#9887 = DIRECTION('',(0.707106781187,-0.707106781187,0.));
#9888 = ORIENTED_EDGE('',*,*,#9889,.T.);
#9889 = EDGE_CURVE('',#9882,#9890,#9892,.T.);
#9890 = VERTEX_POINT('',#9891);
#9891 = CARTESIAN_POINT('',(-1.27,-11.684,2.54));
#9892 = LINE('',#9893,#9894);
#9893 = CARTESIAN_POINT('',(-1.016,-11.43,2.54));
#9894 = VECTOR('',#9895,1.);
#9895 = DIRECTION('',(-0.707106781187,-0.707106781187,0.));
#9896 = ORIENTED_EDGE('',*,*,#9897,.T.);
#9897 = EDGE_CURVE('',#9890,#9898,#9900,.T.);
#9898 = VERTEX_POINT('',#9899);
#9899 = CARTESIAN_POINT('',(-1.27,-13.716,2.54));
#9900 = LINE('',#9901,#9902);
#9901 = CARTESIAN_POINT('',(-1.27,-11.684,2.54));
#9902 = VECTOR('',#9903,1.);
#9903 = DIRECTION('',(0.,-1.,0.));
#9904 = ORIENTED_EDGE('',*,*,#9905,.T.);
#9905 = EDGE_CURVE('',#9898,#9906,#9908,.T.);
#9906 = VERTEX_POINT('',#9907);
#9907 = CARTESIAN_POINT('',(-1.016,-13.97,2.54));
#9908 = LINE('',#9909,#9910);
#9909 = CARTESIAN_POINT('',(-1.27,-13.716,2.54));
#9910 = VECTOR('',#9911,1.);
#9911 = DIRECTION('',(0.707106781187,-0.707106781187,0.));
#9912 = ORIENTED_EDGE('',*,*,#9913,.T.);
#9913 = EDGE_CURVE('',#9906,#9914,#9916,.T.);
#9914 = VERTEX_POINT('',#9915);
#9915 = CARTESIAN_POINT('',(1.016,-13.97,2.54));
#9916 = LINE('',#9917,#9918);
#9917 = CARTESIAN_POINT('',(-1.016,-13.97,2.54));
#9918 = VECTOR('',#9919,1.);
#9919 = DIRECTION('',(1.,0.,0.));
#9920 = ORIENTED_EDGE('',*,*,#9921,.T.);
#9921 = EDGE_CURVE('',#9914,#9922,#9924,.T.);
#9922 = VERTEX_POINT('',#9923);
#9923 = CARTESIAN_POINT('',(1.27,-13.716,2.54));
#9924 = LINE('',#9925,#9926);
#9925 = CARTESIAN_POINT('',(1.016,-13.97,2.54));
#9926 = VECTOR('',#9927,1.);
#9927 = DIRECTION('',(0.707106781187,0.707106781187,0.));
#9928 = ORIENTED_EDGE('',*,*,#9929,.T.);
#9929 = EDGE_CURVE('',#9922,#9930,#9932,.T.);
#9930 = VERTEX_POINT('',#9931);
#9931 = CARTESIAN_POINT('',(1.27,-11.684,2.54));
#9932 = LINE('',#9933,#9934);
#9933 = CARTESIAN_POINT('',(1.27,-13.716,2.54));
#9934 = VECTOR('',#9935,1.);
#9935 = DIRECTION('',(0.,1.,0.));
#9936 = ORIENTED_EDGE('',*,*,#9937,.T.);
#9937 = EDGE_CURVE('',#9930,#9938,#9940,.T.);
#9938 = VERTEX_POINT('',#9939);
#9939 = CARTESIAN_POINT('',(1.016,-11.43,2.54));
#9940 = LINE('',#9941,#9942);
#9941 = CARTESIAN_POINT('',(1.27,-11.684,2.54));
#9942 = VECTOR('',#9943,1.);
#9943 = DIRECTION('',(-0.707106781187,0.707106781187,0.));
#9944 = ORIENTED_EDGE('',*,*,#9945,.T.);
#9945 = EDGE_CURVE('',#9938,#9946,#9948,.T.);
#9946 = VERTEX_POINT('',#9947);
#9947 = CARTESIAN_POINT('',(1.27,-11.176,2.54));
#9948 = LINE('',#9949,#9950);
#9949 = CARTESIAN_POINT('',(1.016,-11.43,2.54));
#9950 = VECTOR('',#9951,1.);
#9951 = DIRECTION('',(0.707106781187,0.707106781187,0.));
#9952 = ORIENTED_EDGE('',*,*,#9953,.T.);
#9953 = EDGE_CURVE('',#9946,#9954,#9956,.T.);
#9954 = VERTEX_POINT('',#9955);
#9955 = CARTESIAN_POINT('',(1.27,-9.144,2.54));
#9956 = LINE('',#9957,#9958);
#9957 = CARTESIAN_POINT('',(1.27,-11.176,2.54));
#9958 = VECTOR('',#9959,1.);
#9959 = DIRECTION('',(0.,1.,0.));
#9960 = ORIENTED_EDGE('',*,*,#9961,.T.);
#9961 = EDGE_CURVE('',#9954,#9962,#9964,.T.);
#9962 = VERTEX_POINT('',#9963);
#9963 = CARTESIAN_POINT('',(1.016,-8.89,2.54));
#9964 = LINE('',#9965,#9966);
#9965 = CARTESIAN_POINT('',(1.27,-9.144,2.54));
#9966 = VECTOR('',#9967,1.);
#9967 = DIRECTION('',(-0.707106781187,0.707106781187,0.));
#9968 = ORIENTED_EDGE('',*,*,#9969,.T.);
#9969 = EDGE_CURVE('',#9962,#9970,#9972,.T.);
#9970 = VERTEX_POINT('',#9971);
#9971 = CARTESIAN_POINT('',(1.27,-8.636,2.54));
#9972 = LINE('',#9973,#9974);
#9973 = CARTESIAN_POINT('',(1.016,-8.89,2.54));
#9974 = VECTOR('',#9975,1.);
#9975 = DIRECTION('',(0.707106781187,0.707106781187,0.));
#9976 = ORIENTED_EDGE('',*,*,#9977,.T.);
#9977 = EDGE_CURVE('',#9970,#9978,#9980,.T.);
#9978 = VERTEX_POINT('',#9979);
#9979 = CARTESIAN_POINT('',(1.27,-6.604,2.54));
#9980 = LINE('',#9981,#9982);
#9981 = CARTESIAN_POINT('',(1.27,-8.636,2.54));
#9982 = VECTOR('',#9983,1.);
#9983 = DIRECTION('',(0.,1.,0.));
#9984 = ORIENTED_EDGE('',*,*,#9985,.T.);
#9985 = EDGE_CURVE('',#9978,#9986,#9988,.T.);
#9986 = VERTEX_POINT('',#9987);
#9987 = CARTESIAN_POINT('',(1.016,-6.35,2.54));
#9988 = LINE('',#9989,#9990);
#9989 = CARTESIAN_POINT('',(1.27,-6.604,2.54));
#9990 = VECTOR('',#9991,1.);
#9991 = DIRECTION('',(-0.707106781187,0.707106781187,0.));
#9992 = ORIENTED_EDGE('',*,*,#9993,.T.);
#9993 = EDGE_CURVE('',#9986,#9994,#9996,.T.);
#9994 = VERTEX_POINT('',#9995);
#9995 = CARTESIAN_POINT('',(1.27,-6.096,2.54));
#9996 = LINE('',#9997,#9998);
#9997 = CARTESIAN_POINT('',(1.016,-6.35,2.54));
#9998 = VECTOR('',#9999,1.);
#9999 = DIRECTION('',(0.707106781187,0.707106781187,0.));
#10000 = ORIENTED_EDGE('',*,*,#10001,.T.);
#10001 = EDGE_CURVE('',#9994,#10002,#10004,.T.);
#10002 = VERTEX_POINT('',#10003);
#10003 = CARTESIAN_POINT('',(1.27,-4.064,2.54));
#10004 = LINE('',#10005,#10006);
#10005 = CARTESIAN_POINT('',(1.27,-6.096,2.54));
#10006 = VECTOR('',#10007,1.);
#10007 = DIRECTION('',(0.,1.,0.));
#10008 = ORIENTED_EDGE('',*,*,#10009,.T.);
#10009 = EDGE_CURVE('',#10002,#10010,#10012,.T.);
#10010 = VERTEX_POINT('',#10011);
#10011 = CARTESIAN_POINT('',(1.016,-3.81,2.54));
#10012 = LINE('',#10013,#10014);
#10013 = CARTESIAN_POINT('',(1.27,-4.064,2.54));
#10014 = VECTOR('',#10015,1.);
#10015 = DIRECTION('',(-0.707106781187,0.707106781187,0.));
#10016 = ORIENTED_EDGE('',*,*,#10017,.T.);
#10017 = EDGE_CURVE('',#10010,#10018,#10020,.T.);
#10018 = VERTEX_POINT('',#10019);
#10019 = CARTESIAN_POINT('',(1.27,-3.556,2.54));
#10020 = LINE('',#10021,#10022);
#10021 = CARTESIAN_POINT('',(1.016,-3.81,2.54));
#10022 = VECTOR('',#10023,1.);
#10023 = DIRECTION('',(0.707106781187,0.707106781187,0.));
#10024 = ORIENTED_EDGE('',*,*,#10025,.T.);
#10025 = EDGE_CURVE('',#10018,#10026,#10028,.T.);
#10026 = VERTEX_POINT('',#10027);
#10027 = CARTESIAN_POINT('',(1.27,-1.524,2.54));
#10028 = LINE('',#10029,#10030);
#10029 = CARTESIAN_POINT('',(1.27,-3.556,2.54));
#10030 = VECTOR('',#10031,1.);
#10031 = DIRECTION('',(0.,1.,0.));
#10032 = ORIENTED_EDGE('',*,*,#10033,.T.);
#10033 = EDGE_CURVE('',#10026,#10034,#10036,.T.);
#10034 = VERTEX_POINT('',#10035);
#10035 = CARTESIAN_POINT('',(1.016,-1.27,2.54));
#10036 = LINE('',#10037,#10038);
#10037 = CARTESIAN_POINT('',(1.27,-1.524,2.54));
#10038 = VECTOR('',#10039,1.);
#10039 = DIRECTION('',(-0.707106781187,0.707106781187,0.));
#10040 = ORIENTED_EDGE('',*,*,#10041,.T.);
#10041 = EDGE_CURVE('',#10034,#10042,#10044,.T.);
#10042 = VERTEX_POINT('',#10043);
#10043 = CARTESIAN_POINT('',(1.27,-1.016,2.54));
#10044 = LINE('',#10045,#10046);
#10045 = CARTESIAN_POINT('',(1.016,-1.27,2.54));
#10046 = VECTOR('',#10047,1.);
#10047 = DIRECTION('',(0.707106781187,0.707106781187,0.));
#10048 = ORIENTED_EDGE('',*,*,#10049,.T.);
#10049 = EDGE_CURVE('',#10042,#10050,#10052,.T.);
#10050 = VERTEX_POINT('',#10051);
#10051 = CARTESIAN_POINT('',(1.27,1.016,2.54));
#10052 = LINE('',#10053,#10054);
#10053 = CARTESIAN_POINT('',(1.27,-1.016,2.54));
#10054 = VECTOR('',#10055,1.);
#10055 = DIRECTION('',(0.,1.,0.));
#10056 = ORIENTED_EDGE('',*,*,#10057,.T.);
#10057 = EDGE_CURVE('',#10050,#9231,#10058,.T.);
#10058 = LINE('',#10059,#10060);
#10059 = CARTESIAN_POINT('',(1.27,1.016,2.54));
#10060 = VECTOR('',#10061,1.);
#10061 = DIRECTION('',(-0.707106781187,0.707106781187,0.));
#10062 = ORIENTED_EDGE('',*,*,#9238,.T.);
#10063 = FACE_BOUND('',#10064,.T.);
#10064 = EDGE_LOOP('',(#10065,#10075,#10083,#10091));
#10065 = ORIENTED_EDGE('',*,*,#10066,.F.);
#10066 = EDGE_CURVE('',#10067,#10069,#10071,.T.);
#10067 = VERTEX_POINT('',#10068);
#10068 = CARTESIAN_POINT('',(0.32,-0.32,2.54));
#10069 = VERTEX_POINT('',#10070);
#10070 = CARTESIAN_POINT('',(0.32,0.32,2.54));
#10071 = LINE('',#10072,#10073);
#10072 = CARTESIAN_POINT('',(0.32,-3.335,2.54));
#10073 = VECTOR('',#10074,1.);
#10074 = DIRECTION('',(0.,1.,0.));
#10075 = ORIENTED_EDGE('',*,*,#10076,.T.);
#10076 = EDGE_CURVE('',#10067,#10077,#10079,.T.);
#10077 = VERTEX_POINT('',#10078);
#10078 = CARTESIAN_POINT('',(-0.32,-0.32,2.54));
#10079 = LINE('',#10080,#10081);
#10080 = CARTESIAN_POINT('',(-0.16,-0.32,2.54));
#10081 = VECTOR('',#10082,1.);
#10082 = DIRECTION('',(-1.,0.,0.));
#10083 = ORIENTED_EDGE('',*,*,#10084,.T.);
#10084 = EDGE_CURVE('',#10077,#10085,#10087,.T.);
#10085 = VERTEX_POINT('',#10086);
#10086 = CARTESIAN_POINT('',(-0.32,0.32,2.54));
#10087 = LINE('',#10088,#10089);
#10088 = CARTESIAN_POINT('',(-0.32,-3.335,2.54));
#10089 = VECTOR('',#10090,1.);
#10090 = DIRECTION('',(0.,1.,0.));
#10091 = ORIENTED_EDGE('',*,*,#10092,.F.);
#10092 = EDGE_CURVE('',#10069,#10085,#10093,.T.);
#10093 = LINE('',#10094,#10095);
#10094 = CARTESIAN_POINT('',(-0.16,0.32,2.54));
#10095 = VECTOR('',#10096,1.);
#10096 = DIRECTION('',(-1.,0.,0.));
#10097 = FACE_BOUND('',#10098,.T.);
#10098 = EDGE_LOOP('',(#10099,#10109,#10117,#10125));
#10099 = ORIENTED_EDGE('',*,*,#10100,.F.);
#10100 = EDGE_CURVE('',#10101,#10103,#10105,.T.);
#10101 = VERTEX_POINT('',#10102);
#10102 = CARTESIAN_POINT('',(0.32,-5.4,2.54));
#10103 = VERTEX_POINT('',#10104);
#10104 = CARTESIAN_POINT('',(0.32,-4.76,2.54));
#10105 = LINE('',#10106,#10107);
#10106 = CARTESIAN_POINT('',(0.32,-5.875,2.54));
#10107 = VECTOR('',#10108,1.);
#10108 = DIRECTION('',(0.,1.,0.));
#10109 = ORIENTED_EDGE('',*,*,#10110,.T.);
#10110 = EDGE_CURVE('',#10101,#10111,#10113,.T.);
#10111 = VERTEX_POINT('',#10112);
#10112 = CARTESIAN_POINT('',(-0.32,-5.4,2.54));
#10113 = LINE('',#10114,#10115);
#10114 = CARTESIAN_POINT('',(-0.16,-5.4,2.54));
#10115 = VECTOR('',#10116,1.);
#10116 = DIRECTION('',(-1.,0.,0.));
#10117 = ORIENTED_EDGE('',*,*,#10118,.T.);
#10118 = EDGE_CURVE('',#10111,#10119,#10121,.T.);
#10119 = VERTEX_POINT('',#10120);
#10120 = CARTESIAN_POINT('',(-0.32,-4.76,2.54));
#10121 = LINE('',#10122,#10123);
#10122 = CARTESIAN_POINT('',(-0.32,-5.875,2.54));
#10123 = VECTOR('',#10124,1.);
#10124 = DIRECTION('',(0.,1.,0.));
#10125 = ORIENTED_EDGE('',*,*,#10126,.F.);
#10126 = EDGE_CURVE('',#10103,#10119,#10127,.T.);
#10127 = LINE('',#10128,#10129);
#10128 = CARTESIAN_POINT('',(-0.16,-4.76,2.54));
#10129 = VECTOR('',#10130,1.);
#10130 = DIRECTION('',(-1.,0.,0.));
#10131 = FACE_BOUND('',#10132,.T.);
#10132 = EDGE_LOOP('',(#10133,#10143,#10151,#10159));
#10133 = ORIENTED_EDGE('',*,*,#10134,.F.);
#10134 = EDGE_CURVE('',#10135,#10137,#10139,.T.);
#10135 = VERTEX_POINT('',#10136);
#10136 = CARTESIAN_POINT('',(0.32,-2.86,2.54));
#10137 = VERTEX_POINT('',#10138);
#10138 = CARTESIAN_POINT('',(0.32,-2.22,2.54));
#10139 = LINE('',#10140,#10141);
#10140 = CARTESIAN_POINT('',(0.32,-4.605,2.54));
#10141 = VECTOR('',#10142,1.);
#10142 = DIRECTION('',(0.,1.,0.));
#10143 = ORIENTED_EDGE('',*,*,#10144,.T.);
#10144 = EDGE_CURVE('',#10135,#10145,#10147,.T.);
#10145 = VERTEX_POINT('',#10146);
#10146 = CARTESIAN_POINT('',(-0.32,-2.86,2.54));
#10147 = LINE('',#10148,#10149);
#10148 = CARTESIAN_POINT('',(-0.16,-2.86,2.54));
#10149 = VECTOR('',#10150,1.);
#10150 = DIRECTION('',(-1.,0.,0.));
#10151 = ORIENTED_EDGE('',*,*,#10152,.T.);
#10152 = EDGE_CURVE('',#10145,#10153,#10155,.T.);
#10153 = VERTEX_POINT('',#10154);
#10154 = CARTESIAN_POINT('',(-0.32,-2.22,2.54));
#10155 = LINE('',#10156,#10157);
#10156 = CARTESIAN_POINT('',(-0.32,-4.605,2.54));
#10157 = VECTOR('',#10158,1.);
#10158 = DIRECTION('',(0.,1.,0.));
#10159 = ORIENTED_EDGE('',*,*,#10160,.F.);
#10160 = EDGE_CURVE('',#10137,#10153,#10161,.T.);
#10161 = LINE('',#10162,#10163);
#10162 = CARTESIAN_POINT('',(-0.16,-2.22,2.54));
#10163 = VECTOR('',#10164,1.);
#10164 = DIRECTION('',(-1.,0.,0.));
#10165 = FACE_BOUND('',#10166,.T.);
#10166 = EDGE_LOOP('',(#10167,#10177,#10185,#10193));
#10167 = ORIENTED_EDGE('',*,*,#10168,.T.);
#10168 = EDGE_CURVE('',#10169,#10171,#10173,.T.);
#10169 = VERTEX_POINT('',#10170);
#10170 = CARTESIAN_POINT('',(0.32,-13.02,2.54));
#10171 = VERTEX_POINT('',#10172);
#10172 = CARTESIAN_POINT('',(-0.32,-13.02,2.54));
#10173 = LINE('',#10174,#10175);
#10174 = CARTESIAN_POINT('',(-0.16,-13.02,2.54));
#10175 = VECTOR('',#10176,1.);
#10176 = DIRECTION('',(-1.,0.,0.));
#10177 = ORIENTED_EDGE('',*,*,#10178,.T.);
#10178 = EDGE_CURVE('',#10171,#10179,#10181,.T.);
#10179 = VERTEX_POINT('',#10180);
#10180 = CARTESIAN_POINT('',(-0.32,-12.38,2.54));
#10181 = LINE('',#10182,#10183);
#10182 = CARTESIAN_POINT('',(-0.32,-9.685,2.54));
#10183 = VECTOR('',#10184,1.);
#10184 = DIRECTION('',(0.,1.,0.));
#10185 = ORIENTED_EDGE('',*,*,#10186,.F.);
#10186 = EDGE_CURVE('',#10187,#10179,#10189,.T.);
#10187 = VERTEX_POINT('',#10188);
#10188 = CARTESIAN_POINT('',(0.32,-12.38,2.54));
#10189 = LINE('',#10190,#10191);
#10190 = CARTESIAN_POINT('',(-0.16,-12.38,2.54));
#10191 = VECTOR('',#10192,1.);
#10192 = DIRECTION('',(-1.,0.,0.));
#10193 = ORIENTED_EDGE('',*,*,#10194,.F.);
#10194 = EDGE_CURVE('',#10169,#10187,#10195,.T.);
#10195 = LINE('',#10196,#10197);
#10196 = CARTESIAN_POINT('',(0.32,-9.685,2.54));
#10197 = VECTOR('',#10198,1.);
#10198 = DIRECTION('',(0.,1.,0.));
#10199 = FACE_BOUND('',#10200,.T.);
#10200 = EDGE_LOOP('',(#10201,#10211,#10219,#10227));
#10201 = ORIENTED_EDGE('',*,*,#10202,.F.);
#10202 = EDGE_CURVE('',#10203,#10205,#10207,.T.);
#10203 = VERTEX_POINT('',#10204);
#10204 = CARTESIAN_POINT('',(0.32,-9.84,2.54));
#10205 = VERTEX_POINT('',#10206);
#10206 = CARTESIAN_POINT('',(-0.32,-9.84,2.54));
#10207 = LINE('',#10208,#10209);
#10208 = CARTESIAN_POINT('',(-0.16,-9.84,2.54));
#10209 = VECTOR('',#10210,1.);
#10210 = DIRECTION('',(-1.,0.,0.));
#10211 = ORIENTED_EDGE('',*,*,#10212,.F.);
#10212 = EDGE_CURVE('',#10213,#10203,#10215,.T.);
#10213 = VERTEX_POINT('',#10214);
#10214 = CARTESIAN_POINT('',(0.32,-10.48,2.54));
#10215 = LINE('',#10216,#10217);
#10216 = CARTESIAN_POINT('',(0.32,-8.415,2.54));
#10217 = VECTOR('',#10218,1.);
#10218 = DIRECTION('',(0.,1.,0.));
#10219 = ORIENTED_EDGE('',*,*,#10220,.T.);
#10220 = EDGE_CURVE('',#10213,#10221,#10223,.T.);
#10221 = VERTEX_POINT('',#10222);
#10222 = CARTESIAN_POINT('',(-0.32,-10.48,2.54));
#10223 = LINE('',#10224,#10225);
#10224 = CARTESIAN_POINT('',(-0.16,-10.48,2.54));
#10225 = VECTOR('',#10226,1.);
#10226 = DIRECTION('',(-1.,0.,0.));
#10227 = ORIENTED_EDGE('',*,*,#10228,.T.);
#10228 = EDGE_CURVE('',#10221,#10205,#10229,.T.);
#10229 = LINE('',#10230,#10231);
#10230 = CARTESIAN_POINT('',(-0.32,-8.415,2.54));
#10231 = VECTOR('',#10232,1.);
#10232 = DIRECTION('',(0.,1.,0.));
#10233 = FACE_BOUND('',#10234,.T.);
#10234 = EDGE_LOOP('',(#10235,#10245,#10253,#10261));
#10235 = ORIENTED_EDGE('',*,*,#10236,.T.);
#10236 = EDGE_CURVE('',#10237,#10239,#10241,.T.);
#10237 = VERTEX_POINT('',#10238);
#10238 = CARTESIAN_POINT('',(0.32,-7.94,2.54));
#10239 = VERTEX_POINT('',#10240);
#10240 = CARTESIAN_POINT('',(-0.32,-7.94,2.54));
#10241 = LINE('',#10242,#10243);
#10242 = CARTESIAN_POINT('',(-0.16,-7.94,2.54));
#10243 = VECTOR('',#10244,1.);
#10244 = DIRECTION('',(-1.,0.,0.));
#10245 = ORIENTED_EDGE('',*,*,#10246,.T.);
#10246 = EDGE_CURVE('',#10239,#10247,#10249,.T.);
#10247 = VERTEX_POINT('',#10248);
#10248 = CARTESIAN_POINT('',(-0.32,-7.3,2.54));
#10249 = LINE('',#10250,#10251);
#10250 = CARTESIAN_POINT('',(-0.32,-7.145,2.54));
#10251 = VECTOR('',#10252,1.);
#10252 = DIRECTION('',(0.,1.,0.));
#10253 = ORIENTED_EDGE('',*,*,#10254,.F.);
#10254 = EDGE_CURVE('',#10255,#10247,#10257,.T.);
#10255 = VERTEX_POINT('',#10256);
#10256 = CARTESIAN_POINT('',(0.32,-7.3,2.54));
#10257 = LINE('',#10258,#10259);
#10258 = CARTESIAN_POINT('',(-0.16,-7.3,2.54));
#10259 = VECTOR('',#10260,1.);
#10260 = DIRECTION('',(-1.,0.,0.));
#10261 = ORIENTED_EDGE('',*,*,#10262,.F.);
#10262 = EDGE_CURVE('',#10237,#10255,#10263,.T.);
#10263 = LINE('',#10264,#10265);
#10264 = CARTESIAN_POINT('',(0.32,-7.145,2.54));
#10265 = VECTOR('',#10266,1.);
#10266 = DIRECTION('',(0.,1.,0.));
#10267 = PLANE('',#10268);
#10268 = AXIS2_PLACEMENT_3D('',#10269,#10270,#10271);
#10269 = CARTESIAN_POINT('',(-1.797008255889E-17,-6.35,2.54));
#10270 = DIRECTION('',(0.,0.,1.));
#10271 = DIRECTION('',(1.,0.,-0.));
#10272 = ADVANCED_FACE('',(#10273),#10284,.F.);
#10273 = FACE_BOUND('',#10274,.F.);
#10274 = EDGE_LOOP('',(#10275,#10281,#10282,#10283));
#10275 = ORIENTED_EDGE('',*,*,#10276,.T.);
#10276 = EDGE_CURVE('',#9557,#10050,#10277,.T.);
#10277 = LINE('',#10278,#10279);
#10278 = CARTESIAN_POINT('',(1.27,1.016,0.));
#10279 = VECTOR('',#10280,1.);
#10280 = DIRECTION('',(0.,0.,1.));
#10281 = ORIENTED_EDGE('',*,*,#10057,.T.);
#10282 = ORIENTED_EDGE('',*,*,#9228,.F.);
#10283 = ORIENTED_EDGE('',*,*,#9564,.F.);
#10284 = PLANE('',#10285);
#10285 = AXIS2_PLACEMENT_3D('',#10286,#10287,#10288);
#10286 = CARTESIAN_POINT('',(1.27,1.016,0.));
#10287 = DIRECTION('',(-0.707106781187,-0.707106781187,0.));
#10288 = DIRECTION('',(-0.707106781187,0.707106781187,0.));
#10289 = ADVANCED_FACE('',(#10290),#10301,.F.);
#10290 = FACE_BOUND('',#10291,.F.);
#10291 = EDGE_LOOP('',(#10292,#10293,#10294,#10300));
#10292 = ORIENTED_EDGE('',*,*,#9268,.T.);
#10293 = ORIENTED_EDGE('',*,*,#9785,.T.);
#10294 = ORIENTED_EDGE('',*,*,#10295,.F.);
#10295 = EDGE_CURVE('',#9293,#9786,#10296,.T.);
#10296 = LINE('',#10297,#10298);
#10297 = CARTESIAN_POINT('',(-1.016,-1.27,0.));
#10298 = VECTOR('',#10299,1.);
#10299 = DIRECTION('',(0.,0.,1.));
#10300 = ORIENTED_EDGE('',*,*,#9292,.F.);
#10301 = PLANE('',#10302);
#10302 = AXIS2_PLACEMENT_3D('',#10303,#10304,#10305);
#10303 = CARTESIAN_POINT('',(-1.27,-1.016,0.));
#10304 = DIRECTION('',(0.707106781187,0.707106781187,0.));
#10305 = DIRECTION('',(0.707106781187,-0.707106781187,0.));
#10306 = ADVANCED_FACE('',(#10307),#10318,.F.);
#10307 = FACE_BOUND('',#10308,.F.);
#10308 = EDGE_LOOP('',(#10309,#10315,#10316,#10317));
#10309 = ORIENTED_EDGE('',*,*,#10310,.T.);
#10310 = EDGE_CURVE('',#9549,#10042,#10311,.T.);
#10311 = LINE('',#10312,#10313);
#10312 = CARTESIAN_POINT('',(1.27,-1.016,0.));
#10313 = VECTOR('',#10314,1.);
#10314 = DIRECTION('',(0.,0.,1.));
#10315 = ORIENTED_EDGE('',*,*,#10049,.T.);
#10316 = ORIENTED_EDGE('',*,*,#10276,.F.);
#10317 = ORIENTED_EDGE('',*,*,#9556,.F.);
#10318 = PLANE('',#10319);
#10319 = AXIS2_PLACEMENT_3D('',#10320,#10321,#10322);
#10320 = CARTESIAN_POINT('',(1.27,-1.016,0.));
#10321 = DIRECTION('',(-1.,0.,0.));
#10322 = DIRECTION('',(0.,1.,0.));
#10323 = ADVANCED_FACE('',(#10324),#10335,.F.);
#10324 = FACE_BOUND('',#10325,.F.);
#10325 = EDGE_LOOP('',(#10326,#10327,#10328,#10334));
#10326 = ORIENTED_EDGE('',*,*,#10295,.T.);
#10327 = ORIENTED_EDGE('',*,*,#9793,.T.);
#10328 = ORIENTED_EDGE('',*,*,#10329,.F.);
#10329 = EDGE_CURVE('',#9301,#9794,#10330,.T.);
#10330 = LINE('',#10331,#10332);
#10331 = CARTESIAN_POINT('',(-1.27,-1.524,0.));
#10332 = VECTOR('',#10333,1.);
#10333 = DIRECTION('',(0.,0.,1.));
#10334 = ORIENTED_EDGE('',*,*,#9300,.F.);
#10335 = PLANE('',#10336);
#10336 = AXIS2_PLACEMENT_3D('',#10337,#10338,#10339);
#10337 = CARTESIAN_POINT('',(-1.016,-1.27,0.));
#10338 = DIRECTION('',(0.707106781187,-0.707106781187,0.));
#10339 = DIRECTION('',(-0.707106781187,-0.707106781187,0.));
#10340 = ADVANCED_FACE('',(#10341),#10352,.F.);
#10341 = FACE_BOUND('',#10342,.F.);
#10342 = EDGE_LOOP('',(#10343,#10349,#10350,#10351));
#10343 = ORIENTED_EDGE('',*,*,#10344,.T.);
#10344 = EDGE_CURVE('',#9541,#10034,#10345,.T.);
#10345 = LINE('',#10346,#10347);
#10346 = CARTESIAN_POINT('',(1.016,-1.27,0.));
#10347 = VECTOR('',#10348,1.);
#10348 = DIRECTION('',(0.,0.,1.));
#10349 = ORIENTED_EDGE('',*,*,#10041,.T.);
#10350 = ORIENTED_EDGE('',*,*,#10310,.F.);
#10351 = ORIENTED_EDGE('',*,*,#9548,.F.);
#10352 = PLANE('',#10353);
#10353 = AXIS2_PLACEMENT_3D('',#10354,#10355,#10356);
#10354 = CARTESIAN_POINT('',(1.016,-1.27,0.));
#10355 = DIRECTION('',(-0.707106781187,0.707106781187,0.));
#10356 = DIRECTION('',(0.707106781187,0.707106781187,0.));
#10357 = ADVANCED_FACE('',(#10358),#10369,.F.);
#10358 = FACE_BOUND('',#10359,.F.);
#10359 = EDGE_LOOP('',(#10360,#10361,#10362,#10368));
#10360 = ORIENTED_EDGE('',*,*,#10329,.T.);
#10361 = ORIENTED_EDGE('',*,*,#9801,.T.);
#10362 = ORIENTED_EDGE('',*,*,#10363,.F.);
#10363 = EDGE_CURVE('',#9309,#9802,#10364,.T.);
#10364 = LINE('',#10365,#10366);
#10365 = CARTESIAN_POINT('',(-1.27,-3.556,0.));
#10366 = VECTOR('',#10367,1.);
#10367 = DIRECTION('',(0.,0.,1.));
#10368 = ORIENTED_EDGE('',*,*,#9308,.F.);
#10369 = PLANE('',#10370);
#10370 = AXIS2_PLACEMENT_3D('',#10371,#10372,#10373);
#10371 = CARTESIAN_POINT('',(-1.27,-1.524,0.));
#10372 = DIRECTION('',(1.,0.,0.));
#10373 = DIRECTION('',(0.,-1.,0.));
#10374 = ADVANCED_FACE('',(#10375),#10386,.F.);
#10375 = FACE_BOUND('',#10376,.F.);
#10376 = EDGE_LOOP('',(#10377,#10383,#10384,#10385));
#10377 = ORIENTED_EDGE('',*,*,#10378,.T.);
#10378 = EDGE_CURVE('',#9533,#10026,#10379,.T.);
#10379 = LINE('',#10380,#10381);
#10380 = CARTESIAN_POINT('',(1.27,-1.524,0.));
#10381 = VECTOR('',#10382,1.);
#10382 = DIRECTION('',(0.,0.,1.));
#10383 = ORIENTED_EDGE('',*,*,#10033,.T.);
#10384 = ORIENTED_EDGE('',*,*,#10344,.F.);
#10385 = ORIENTED_EDGE('',*,*,#9540,.F.);
#10386 = PLANE('',#10387);
#10387 = AXIS2_PLACEMENT_3D('',#10388,#10389,#10390);
#10388 = CARTESIAN_POINT('',(1.27,-1.524,0.));
#10389 = DIRECTION('',(-0.707106781187,-0.707106781187,0.));
#10390 = DIRECTION('',(-0.707106781187,0.707106781187,0.));
#10391 = ADVANCED_FACE('',(#10392),#10403,.F.);
#10392 = FACE_BOUND('',#10393,.F.);
#10393 = EDGE_LOOP('',(#10394,#10395,#10396,#10402));
#10394 = ORIENTED_EDGE('',*,*,#10363,.T.);
#10395 = ORIENTED_EDGE('',*,*,#9809,.T.);
#10396 = ORIENTED_EDGE('',*,*,#10397,.F.);
#10397 = EDGE_CURVE('',#9317,#9810,#10398,.T.);
#10398 = LINE('',#10399,#10400);
#10399 = CARTESIAN_POINT('',(-1.016,-3.81,0.));
#10400 = VECTOR('',#10401,1.);
#10401 = DIRECTION('',(0.,0.,1.));
#10402 = ORIENTED_EDGE('',*,*,#9316,.F.);
#10403 = PLANE('',#10404);
#10404 = AXIS2_PLACEMENT_3D('',#10405,#10406,#10407);
#10405 = CARTESIAN_POINT('',(-1.27,-3.556,0.));
#10406 = DIRECTION('',(0.707106781187,0.707106781187,0.));
#10407 = DIRECTION('',(0.707106781187,-0.707106781187,0.));
#10408 = ADVANCED_FACE('',(#10409),#10420,.F.);
#10409 = FACE_BOUND('',#10410,.F.);
#10410 = EDGE_LOOP('',(#10411,#10417,#10418,#10419));
#10411 = ORIENTED_EDGE('',*,*,#10412,.T.);
#10412 = EDGE_CURVE('',#9525,#10018,#10413,.T.);
#10413 = LINE('',#10414,#10415);
#10414 = CARTESIAN_POINT('',(1.27,-3.556,0.));
#10415 = VECTOR('',#10416,1.);
#10416 = DIRECTION('',(0.,0.,1.));
#10417 = ORIENTED_EDGE('',*,*,#10025,.T.);
#10418 = ORIENTED_EDGE('',*,*,#10378,.F.);
#10419 = ORIENTED_EDGE('',*,*,#9532,.F.);
#10420 = PLANE('',#10421);
#10421 = AXIS2_PLACEMENT_3D('',#10422,#10423,#10424);
#10422 = CARTESIAN_POINT('',(1.27,-3.556,0.));
#10423 = DIRECTION('',(-1.,0.,0.));
#10424 = DIRECTION('',(0.,1.,0.));
#10425 = ADVANCED_FACE('',(#10426),#10437,.F.);
#10426 = FACE_BOUND('',#10427,.F.);
#10427 = EDGE_LOOP('',(#10428,#10429,#10430,#10436));
#10428 = ORIENTED_EDGE('',*,*,#10397,.T.);
#10429 = ORIENTED_EDGE('',*,*,#9817,.T.);
#10430 = ORIENTED_EDGE('',*,*,#10431,.F.);
#10431 = EDGE_CURVE('',#9325,#9818,#10432,.T.);
#10432 = LINE('',#10433,#10434);
#10433 = CARTESIAN_POINT('',(-1.27,-4.064,0.));
#10434 = VECTOR('',#10435,1.);
#10435 = DIRECTION('',(0.,0.,1.));
#10436 = ORIENTED_EDGE('',*,*,#9324,.F.);
#10437 = PLANE('',#10438);
#10438 = AXIS2_PLACEMENT_3D('',#10439,#10440,#10441);
#10439 = CARTESIAN_POINT('',(-1.016,-3.81,0.));
#10440 = DIRECTION('',(0.707106781187,-0.707106781187,0.));
#10441 = DIRECTION('',(-0.707106781187,-0.707106781187,0.));
#10442 = ADVANCED_FACE('',(#10443),#10454,.F.);
#10443 = FACE_BOUND('',#10444,.F.);
#10444 = EDGE_LOOP('',(#10445,#10451,#10452,#10453));
#10445 = ORIENTED_EDGE('',*,*,#10446,.T.);
#10446 = EDGE_CURVE('',#9517,#10010,#10447,.T.);
#10447 = LINE('',#10448,#10449);
#10448 = CARTESIAN_POINT('',(1.016,-3.81,0.));
#10449 = VECTOR('',#10450,1.);
#10450 = DIRECTION('',(0.,0.,1.));
#10451 = ORIENTED_EDGE('',*,*,#10017,.T.);
#10452 = ORIENTED_EDGE('',*,*,#10412,.F.);
#10453 = ORIENTED_EDGE('',*,*,#9524,.F.);
#10454 = PLANE('',#10455);
#10455 = AXIS2_PLACEMENT_3D('',#10456,#10457,#10458);
#10456 = CARTESIAN_POINT('',(1.016,-3.81,0.));
#10457 = DIRECTION('',(-0.707106781187,0.707106781187,0.));
#10458 = DIRECTION('',(0.707106781187,0.707106781187,0.));
#10459 = ADVANCED_FACE('',(#10460),#10471,.F.);
#10460 = FACE_BOUND('',#10461,.F.);
#10461 = EDGE_LOOP('',(#10462,#10463,#10464,#10470));
#10462 = ORIENTED_EDGE('',*,*,#10431,.T.);
#10463 = ORIENTED_EDGE('',*,*,#9825,.T.);
#10464 = ORIENTED_EDGE('',*,*,#10465,.F.);
#10465 = EDGE_CURVE('',#9333,#9826,#10466,.T.);
#10466 = LINE('',#10467,#10468);
#10467 = CARTESIAN_POINT('',(-1.27,-6.096,0.));
#10468 = VECTOR('',#10469,1.);
#10469 = DIRECTION('',(0.,0.,1.));
#10470 = ORIENTED_EDGE('',*,*,#9332,.F.);
#10471 = PLANE('',#10472);
#10472 = AXIS2_PLACEMENT_3D('',#10473,#10474,#10475);
#10473 = CARTESIAN_POINT('',(-1.27,-4.064,0.));
#10474 = DIRECTION('',(1.,0.,0.));
#10475 = DIRECTION('',(0.,-1.,0.));
#10476 = ADVANCED_FACE('',(#10477),#10488,.F.);
#10477 = FACE_BOUND('',#10478,.F.);
#10478 = EDGE_LOOP('',(#10479,#10485,#10486,#10487));
#10479 = ORIENTED_EDGE('',*,*,#10480,.T.);
#10480 = EDGE_CURVE('',#9509,#10002,#10481,.T.);
#10481 = LINE('',#10482,#10483);
#10482 = CARTESIAN_POINT('',(1.27,-4.064,0.));
#10483 = VECTOR('',#10484,1.);
#10484 = DIRECTION('',(0.,0.,1.));
#10485 = ORIENTED_EDGE('',*,*,#10009,.T.);
#10486 = ORIENTED_EDGE('',*,*,#10446,.F.);
#10487 = ORIENTED_EDGE('',*,*,#9516,.F.);
#10488 = PLANE('',#10489);
#10489 = AXIS2_PLACEMENT_3D('',#10490,#10491,#10492);
#10490 = CARTESIAN_POINT('',(1.27,-4.064,0.));
#10491 = DIRECTION('',(-0.707106781187,-0.707106781187,0.));
#10492 = DIRECTION('',(-0.707106781187,0.707106781187,0.));
#10493 = ADVANCED_FACE('',(#10494),#10505,.F.);
#10494 = FACE_BOUND('',#10495,.F.);
#10495 = EDGE_LOOP('',(#10496,#10497,#10498,#10504));
#10496 = ORIENTED_EDGE('',*,*,#10465,.T.);
#10497 = ORIENTED_EDGE('',*,*,#9833,.T.);
#10498 = ORIENTED_EDGE('',*,*,#10499,.F.);
#10499 = EDGE_CURVE('',#9341,#9834,#10500,.T.);
#10500 = LINE('',#10501,#10502);
#10501 = CARTESIAN_POINT('',(-1.016,-6.35,0.));
#10502 = VECTOR('',#10503,1.);
#10503 = DIRECTION('',(0.,0.,1.));
#10504 = ORIENTED_EDGE('',*,*,#9340,.F.);
#10505 = PLANE('',#10506);
#10506 = AXIS2_PLACEMENT_3D('',#10507,#10508,#10509);
#10507 = CARTESIAN_POINT('',(-1.27,-6.096,0.));
#10508 = DIRECTION('',(0.707106781187,0.707106781187,0.));
#10509 = DIRECTION('',(0.707106781187,-0.707106781187,0.));
#10510 = ADVANCED_FACE('',(#10511),#10522,.F.);
#10511 = FACE_BOUND('',#10512,.F.);
#10512 = EDGE_LOOP('',(#10513,#10519,#10520,#10521));
#10513 = ORIENTED_EDGE('',*,*,#10514,.T.);
#10514 = EDGE_CURVE('',#9501,#9994,#10515,.T.);
#10515 = LINE('',#10516,#10517);
#10516 = CARTESIAN_POINT('',(1.27,-6.096,0.));
#10517 = VECTOR('',#10518,1.);
#10518 = DIRECTION('',(0.,0.,1.));
#10519 = ORIENTED_EDGE('',*,*,#10001,.T.);
#10520 = ORIENTED_EDGE('',*,*,#10480,.F.);
#10521 = ORIENTED_EDGE('',*,*,#9508,.F.);
#10522 = PLANE('',#10523);
#10523 = AXIS2_PLACEMENT_3D('',#10524,#10525,#10526);
#10524 = CARTESIAN_POINT('',(1.27,-6.096,0.));
#10525 = DIRECTION('',(-1.,0.,0.));
#10526 = DIRECTION('',(0.,1.,0.));
#10527 = ADVANCED_FACE('',(#10528),#10539,.F.);
#10528 = FACE_BOUND('',#10529,.F.);
#10529 = EDGE_LOOP('',(#10530,#10531,#10532,#10538));
#10530 = ORIENTED_EDGE('',*,*,#10499,.T.);
#10531 = ORIENTED_EDGE('',*,*,#9841,.T.);
#10532 = ORIENTED_EDGE('',*,*,#10533,.F.);
#10533 = EDGE_CURVE('',#9349,#9842,#10534,.T.);
#10534 = LINE('',#10535,#10536);
#10535 = CARTESIAN_POINT('',(-1.27,-6.604,0.));
#10536 = VECTOR('',#10537,1.);
#10537 = DIRECTION('',(0.,0.,1.));
#10538 = ORIENTED_EDGE('',*,*,#9348,.F.);
#10539 = PLANE('',#10540);
#10540 = AXIS2_PLACEMENT_3D('',#10541,#10542,#10543);
#10541 = CARTESIAN_POINT('',(-1.016,-6.35,0.));
#10542 = DIRECTION('',(0.707106781187,-0.707106781187,0.));
#10543 = DIRECTION('',(-0.707106781187,-0.707106781187,0.));
#10544 = ADVANCED_FACE('',(#10545),#10556,.F.);
#10545 = FACE_BOUND('',#10546,.F.);
#10546 = EDGE_LOOP('',(#10547,#10553,#10554,#10555));
#10547 = ORIENTED_EDGE('',*,*,#10548,.T.);
#10548 = EDGE_CURVE('',#9493,#9986,#10549,.T.);
#10549 = LINE('',#10550,#10551);
#10550 = CARTESIAN_POINT('',(1.016,-6.35,0.));
#10551 = VECTOR('',#10552,1.);
#10552 = DIRECTION('',(0.,0.,1.));
#10553 = ORIENTED_EDGE('',*,*,#9993,.T.);
#10554 = ORIENTED_EDGE('',*,*,#10514,.F.);
#10555 = ORIENTED_EDGE('',*,*,#9500,.F.);
#10556 = PLANE('',#10557);
#10557 = AXIS2_PLACEMENT_3D('',#10558,#10559,#10560);
#10558 = CARTESIAN_POINT('',(1.016,-6.35,0.));
#10559 = DIRECTION('',(-0.707106781187,0.707106781187,0.));
#10560 = DIRECTION('',(0.707106781187,0.707106781187,0.));
#10561 = ADVANCED_FACE('',(#10562),#10573,.F.);
#10562 = FACE_BOUND('',#10563,.F.);
#10563 = EDGE_LOOP('',(#10564,#10565,#10566,#10572));
#10564 = ORIENTED_EDGE('',*,*,#10533,.T.);
#10565 = ORIENTED_EDGE('',*,*,#9849,.T.);
#10566 = ORIENTED_EDGE('',*,*,#10567,.F.);
#10567 = EDGE_CURVE('',#9357,#9850,#10568,.T.);
#10568 = LINE('',#10569,#10570);
#10569 = CARTESIAN_POINT('',(-1.27,-8.636,0.));
#10570 = VECTOR('',#10571,1.);
#10571 = DIRECTION('',(0.,0.,1.));
#10572 = ORIENTED_EDGE('',*,*,#9356,.F.);
#10573 = PLANE('',#10574);
#10574 = AXIS2_PLACEMENT_3D('',#10575,#10576,#10577);
#10575 = CARTESIAN_POINT('',(-1.27,-6.604,0.));
#10576 = DIRECTION('',(1.,0.,0.));
#10577 = DIRECTION('',(0.,-1.,0.));
#10578 = ADVANCED_FACE('',(#10579),#10590,.F.);
#10579 = FACE_BOUND('',#10580,.F.);
#10580 = EDGE_LOOP('',(#10581,#10587,#10588,#10589));
#10581 = ORIENTED_EDGE('',*,*,#10582,.T.);
#10582 = EDGE_CURVE('',#9485,#9978,#10583,.T.);
#10583 = LINE('',#10584,#10585);
#10584 = CARTESIAN_POINT('',(1.27,-6.604,0.));
#10585 = VECTOR('',#10586,1.);
#10586 = DIRECTION('',(0.,0.,1.));
#10587 = ORIENTED_EDGE('',*,*,#9985,.T.);
#10588 = ORIENTED_EDGE('',*,*,#10548,.F.);
#10589 = ORIENTED_EDGE('',*,*,#9492,.F.);
#10590 = PLANE('',#10591);
#10591 = AXIS2_PLACEMENT_3D('',#10592,#10593,#10594);
#10592 = CARTESIAN_POINT('',(1.27,-6.604,0.));
#10593 = DIRECTION('',(-0.707106781187,-0.707106781187,0.));
#10594 = DIRECTION('',(-0.707106781187,0.707106781187,0.));
#10595 = ADVANCED_FACE('',(#10596),#10607,.F.);
#10596 = FACE_BOUND('',#10597,.F.);
#10597 = EDGE_LOOP('',(#10598,#10599,#10600,#10606));
#10598 = ORIENTED_EDGE('',*,*,#10567,.T.);
#10599 = ORIENTED_EDGE('',*,*,#9857,.T.);
#10600 = ORIENTED_EDGE('',*,*,#10601,.F.);
#10601 = EDGE_CURVE('',#9365,#9858,#10602,.T.);
#10602 = LINE('',#10603,#10604);
#10603 = CARTESIAN_POINT('',(-1.016,-8.89,0.));
#10604 = VECTOR('',#10605,1.);
#10605 = DIRECTION('',(0.,0.,1.));
#10606 = ORIENTED_EDGE('',*,*,#9364,.F.);
#10607 = PLANE('',#10608);
#10608 = AXIS2_PLACEMENT_3D('',#10609,#10610,#10611);
#10609 = CARTESIAN_POINT('',(-1.27,-8.636,0.));
#10610 = DIRECTION('',(0.707106781187,0.707106781187,0.));
#10611 = DIRECTION('',(0.707106781187,-0.707106781187,0.));
#10612 = ADVANCED_FACE('',(#10613),#10624,.F.);
#10613 = FACE_BOUND('',#10614,.F.);
#10614 = EDGE_LOOP('',(#10615,#10621,#10622,#10623));
#10615 = ORIENTED_EDGE('',*,*,#10616,.T.);
#10616 = EDGE_CURVE('',#9477,#9970,#10617,.T.);
#10617 = LINE('',#10618,#10619);
#10618 = CARTESIAN_POINT('',(1.27,-8.636,0.));
#10619 = VECTOR('',#10620,1.);
#10620 = DIRECTION('',(0.,0.,1.));
#10621 = ORIENTED_EDGE('',*,*,#9977,.T.);
#10622 = ORIENTED_EDGE('',*,*,#10582,.F.);
#10623 = ORIENTED_EDGE('',*,*,#9484,.F.);
#10624 = PLANE('',#10625);
#10625 = AXIS2_PLACEMENT_3D('',#10626,#10627,#10628);
#10626 = CARTESIAN_POINT('',(1.27,-8.636,0.));
#10627 = DIRECTION('',(-1.,0.,0.));
#10628 = DIRECTION('',(0.,1.,0.));
#10629 = ADVANCED_FACE('',(#10630),#10641,.F.);
#10630 = FACE_BOUND('',#10631,.F.);
#10631 = EDGE_LOOP('',(#10632,#10633,#10634,#10640));
#10632 = ORIENTED_EDGE('',*,*,#10601,.T.);
#10633 = ORIENTED_EDGE('',*,*,#9865,.T.);
#10634 = ORIENTED_EDGE('',*,*,#10635,.F.);
#10635 = EDGE_CURVE('',#9373,#9866,#10636,.T.);
#10636 = LINE('',#10637,#10638);
#10637 = CARTESIAN_POINT('',(-1.27,-9.144,0.));
#10638 = VECTOR('',#10639,1.);
#10639 = DIRECTION('',(0.,0.,1.));
#10640 = ORIENTED_EDGE('',*,*,#9372,.F.);
#10641 = PLANE('',#10642);
#10642 = AXIS2_PLACEMENT_3D('',#10643,#10644,#10645);
#10643 = CARTESIAN_POINT('',(-1.016,-8.89,0.));
#10644 = DIRECTION('',(0.707106781187,-0.707106781187,0.));
#10645 = DIRECTION('',(-0.707106781187,-0.707106781187,0.));
#10646 = ADVANCED_FACE('',(#10647),#10658,.F.);
#10647 = FACE_BOUND('',#10648,.F.);
#10648 = EDGE_LOOP('',(#10649,#10655,#10656,#10657));
#10649 = ORIENTED_EDGE('',*,*,#10650,.T.);
#10650 = EDGE_CURVE('',#9469,#9962,#10651,.T.);
#10651 = LINE('',#10652,#10653);
#10652 = CARTESIAN_POINT('',(1.016,-8.89,0.));
#10653 = VECTOR('',#10654,1.);
#10654 = DIRECTION('',(0.,0.,1.));
#10655 = ORIENTED_EDGE('',*,*,#9969,.T.);
#10656 = ORIENTED_EDGE('',*,*,#10616,.F.);
#10657 = ORIENTED_EDGE('',*,*,#9476,.F.);
#10658 = PLANE('',#10659);
#10659 = AXIS2_PLACEMENT_3D('',#10660,#10661,#10662);
#10660 = CARTESIAN_POINT('',(1.016,-8.89,0.));
#10661 = DIRECTION('',(-0.707106781187,0.707106781187,0.));
#10662 = DIRECTION('',(0.707106781187,0.707106781187,0.));
#10663 = ADVANCED_FACE('',(#10664),#10675,.F.);
#10664 = FACE_BOUND('',#10665,.F.);
#10665 = EDGE_LOOP('',(#10666,#10667,#10668,#10674));
#10666 = ORIENTED_EDGE('',*,*,#10635,.T.);
#10667 = ORIENTED_EDGE('',*,*,#9873,.T.);
#10668 = ORIENTED_EDGE('',*,*,#10669,.F.);
#10669 = EDGE_CURVE('',#9381,#9874,#10670,.T.);
#10670 = LINE('',#10671,#10672);
#10671 = CARTESIAN_POINT('',(-1.27,-11.176,0.));
#10672 = VECTOR('',#10673,1.);
#10673 = DIRECTION('',(0.,0.,1.));
#10674 = ORIENTED_EDGE('',*,*,#9380,.F.);
#10675 = PLANE('',#10676);
#10676 = AXIS2_PLACEMENT_3D('',#10677,#10678,#10679);
#10677 = CARTESIAN_POINT('',(-1.27,-9.144,0.));
#10678 = DIRECTION('',(1.,0.,0.));
#10679 = DIRECTION('',(0.,-1.,0.));
#10680 = ADVANCED_FACE('',(#10681),#10692,.F.);
#10681 = FACE_BOUND('',#10682,.F.);
#10682 = EDGE_LOOP('',(#10683,#10689,#10690,#10691));
#10683 = ORIENTED_EDGE('',*,*,#10684,.T.);
#10684 = EDGE_CURVE('',#9461,#9954,#10685,.T.);
#10685 = LINE('',#10686,#10687);
#10686 = CARTESIAN_POINT('',(1.27,-9.144,0.));
#10687 = VECTOR('',#10688,1.);
#10688 = DIRECTION('',(0.,0.,1.));
#10689 = ORIENTED_EDGE('',*,*,#9961,.T.);
#10690 = ORIENTED_EDGE('',*,*,#10650,.F.);
#10691 = ORIENTED_EDGE('',*,*,#9468,.F.);
#10692 = PLANE('',#10693);
#10693 = AXIS2_PLACEMENT_3D('',#10694,#10695,#10696);
#10694 = CARTESIAN_POINT('',(1.27,-9.144,0.));
#10695 = DIRECTION('',(-0.707106781187,-0.707106781187,0.));
#10696 = DIRECTION('',(-0.707106781187,0.707106781187,0.));
#10697 = ADVANCED_FACE('',(#10698),#10709,.F.);
#10698 = FACE_BOUND('',#10699,.F.);
#10699 = EDGE_LOOP('',(#10700,#10701,#10702,#10708));
#10700 = ORIENTED_EDGE('',*,*,#10669,.T.);
#10701 = ORIENTED_EDGE('',*,*,#9881,.T.);
#10702 = ORIENTED_EDGE('',*,*,#10703,.F.);
#10703 = EDGE_CURVE('',#9389,#9882,#10704,.T.);
#10704 = LINE('',#10705,#10706);
#10705 = CARTESIAN_POINT('',(-1.016,-11.43,0.));
#10706 = VECTOR('',#10707,1.);
#10707 = DIRECTION('',(0.,0.,1.));
#10708 = ORIENTED_EDGE('',*,*,#9388,.F.);
#10709 = PLANE('',#10710);
#10710 = AXIS2_PLACEMENT_3D('',#10711,#10712,#10713);
#10711 = CARTESIAN_POINT('',(-1.27,-11.176,0.));
#10712 = DIRECTION('',(0.707106781187,0.707106781187,0.));
#10713 = DIRECTION('',(0.707106781187,-0.707106781187,0.));
#10714 = ADVANCED_FACE('',(#10715),#10726,.F.);
#10715 = FACE_BOUND('',#10716,.F.);
#10716 = EDGE_LOOP('',(#10717,#10723,#10724,#10725));
#10717 = ORIENTED_EDGE('',*,*,#10718,.T.);
#10718 = EDGE_CURVE('',#9453,#9946,#10719,.T.);
#10719 = LINE('',#10720,#10721);
#10720 = CARTESIAN_POINT('',(1.27,-11.176,0.));
#10721 = VECTOR('',#10722,1.);
#10722 = DIRECTION('',(0.,0.,1.));
#10723 = ORIENTED_EDGE('',*,*,#9953,.T.);
#10724 = ORIENTED_EDGE('',*,*,#10684,.F.);
#10725 = ORIENTED_EDGE('',*,*,#9460,.F.);
#10726 = PLANE('',#10727);
#10727 = AXIS2_PLACEMENT_3D('',#10728,#10729,#10730);
#10728 = CARTESIAN_POINT('',(1.27,-11.176,0.));
#10729 = DIRECTION('',(-1.,0.,0.));
#10730 = DIRECTION('',(0.,1.,0.));
#10731 = ADVANCED_FACE('',(#10732),#10743,.F.);
#10732 = FACE_BOUND('',#10733,.F.);
#10733 = EDGE_LOOP('',(#10734,#10735,#10736,#10742));
#10734 = ORIENTED_EDGE('',*,*,#10703,.T.);
#10735 = ORIENTED_EDGE('',*,*,#9889,.T.);
#10736 = ORIENTED_EDGE('',*,*,#10737,.F.);
#10737 = EDGE_CURVE('',#9397,#9890,#10738,.T.);
#10738 = LINE('',#10739,#10740);
#10739 = CARTESIAN_POINT('',(-1.27,-11.684,0.));
#10740 = VECTOR('',#10741,1.);
#10741 = DIRECTION('',(0.,0.,1.));
#10742 = ORIENTED_EDGE('',*,*,#9396,.F.);
#10743 = PLANE('',#10744);
#10744 = AXIS2_PLACEMENT_3D('',#10745,#10746,#10747);
#10745 = CARTESIAN_POINT('',(-1.016,-11.43,0.));
#10746 = DIRECTION('',(0.707106781187,-0.707106781187,0.));
#10747 = DIRECTION('',(-0.707106781187,-0.707106781187,0.));
#10748 = ADVANCED_FACE('',(#10749),#10760,.F.);
#10749 = FACE_BOUND('',#10750,.F.);
#10750 = EDGE_LOOP('',(#10751,#10757,#10758,#10759));
#10751 = ORIENTED_EDGE('',*,*,#10752,.T.);
#10752 = EDGE_CURVE('',#9445,#9938,#10753,.T.);
#10753 = LINE('',#10754,#10755);
#10754 = CARTESIAN_POINT('',(1.016,-11.43,0.));
#10755 = VECTOR('',#10756,1.);
#10756 = DIRECTION('',(0.,0.,1.));
#10757 = ORIENTED_EDGE('',*,*,#9945,.T.);
#10758 = ORIENTED_EDGE('',*,*,#10718,.F.);
#10759 = ORIENTED_EDGE('',*,*,#9452,.F.);
#10760 = PLANE('',#10761);
#10761 = AXIS2_PLACEMENT_3D('',#10762,#10763,#10764);
#10762 = CARTESIAN_POINT('',(1.016,-11.43,0.));
#10763 = DIRECTION('',(-0.707106781187,0.707106781187,0.));
#10764 = DIRECTION('',(0.707106781187,0.707106781187,0.));
#10765 = ADVANCED_FACE('',(#10766),#10777,.F.);
#10766 = FACE_BOUND('',#10767,.F.);
#10767 = EDGE_LOOP('',(#10768,#10769,#10770,#10776));
#10768 = ORIENTED_EDGE('',*,*,#10737,.T.);
#10769 = ORIENTED_EDGE('',*,*,#9897,.T.);
#10770 = ORIENTED_EDGE('',*,*,#10771,.F.);
#10771 = EDGE_CURVE('',#9405,#9898,#10772,.T.);
#10772 = LINE('',#10773,#10774);
#10773 = CARTESIAN_POINT('',(-1.27,-13.716,0.));
#10774 = VECTOR('',#10775,1.);
#10775 = DIRECTION('',(0.,0.,1.));
#10776 = ORIENTED_EDGE('',*,*,#9404,.F.);
#10777 = PLANE('',#10778);
#10778 = AXIS2_PLACEMENT_3D('',#10779,#10780,#10781);
#10779 = CARTESIAN_POINT('',(-1.27,-11.684,0.));
#10780 = DIRECTION('',(1.,0.,0.));
#10781 = DIRECTION('',(0.,-1.,0.));
#10782 = ADVANCED_FACE('',(#10783),#10794,.F.);
#10783 = FACE_BOUND('',#10784,.F.);
#10784 = EDGE_LOOP('',(#10785,#10791,#10792,#10793));
#10785 = ORIENTED_EDGE('',*,*,#10786,.T.);
#10786 = EDGE_CURVE('',#9437,#9930,#10787,.T.);
#10787 = LINE('',#10788,#10789);
#10788 = CARTESIAN_POINT('',(1.27,-11.684,0.));
#10789 = VECTOR('',#10790,1.);
#10790 = DIRECTION('',(0.,0.,1.));
#10791 = ORIENTED_EDGE('',*,*,#9937,.T.);
#10792 = ORIENTED_EDGE('',*,*,#10752,.F.);
#10793 = ORIENTED_EDGE('',*,*,#9444,.F.);
#10794 = PLANE('',#10795);
#10795 = AXIS2_PLACEMENT_3D('',#10796,#10797,#10798);
#10796 = CARTESIAN_POINT('',(1.27,-11.684,0.));
#10797 = DIRECTION('',(-0.707106781187,-0.707106781187,0.));
#10798 = DIRECTION('',(-0.707106781187,0.707106781187,0.));
#10799 = ADVANCED_FACE('',(#10800),#10811,.F.);
#10800 = FACE_BOUND('',#10801,.F.);
#10801 = EDGE_LOOP('',(#10802,#10803,#10804,#10810));
#10802 = ORIENTED_EDGE('',*,*,#10771,.T.);
#10803 = ORIENTED_EDGE('',*,*,#9905,.T.);
#10804 = ORIENTED_EDGE('',*,*,#10805,.F.);
#10805 = EDGE_CURVE('',#9413,#9906,#10806,.T.);
#10806 = LINE('',#10807,#10808);
#10807 = CARTESIAN_POINT('',(-1.016,-13.97,0.));
#10808 = VECTOR('',#10809,1.);
#10809 = DIRECTION('',(0.,0.,1.));
#10810 = ORIENTED_EDGE('',*,*,#9412,.F.);
#10811 = PLANE('',#10812);
#10812 = AXIS2_PLACEMENT_3D('',#10813,#10814,#10815);
#10813 = CARTESIAN_POINT('',(-1.27,-13.716,0.));
#10814 = DIRECTION('',(0.707106781187,0.707106781187,0.));
#10815 = DIRECTION('',(0.707106781187,-0.707106781187,0.));
#10816 = ADVANCED_FACE('',(#10817),#10828,.F.);
#10817 = FACE_BOUND('',#10818,.F.);
#10818 = EDGE_LOOP('',(#10819,#10825,#10826,#10827));
#10819 = ORIENTED_EDGE('',*,*,#10820,.T.);
#10820 = EDGE_CURVE('',#9429,#9922,#10821,.T.);
#10821 = LINE('',#10822,#10823);
#10822 = CARTESIAN_POINT('',(1.27,-13.716,0.));
#10823 = VECTOR('',#10824,1.);
#10824 = DIRECTION('',(0.,0.,1.));
#10825 = ORIENTED_EDGE('',*,*,#9929,.T.);
#10826 = ORIENTED_EDGE('',*,*,#10786,.F.);
#10827 = ORIENTED_EDGE('',*,*,#9436,.F.);
#10828 = PLANE('',#10829);
#10829 = AXIS2_PLACEMENT_3D('',#10830,#10831,#10832);
#10830 = CARTESIAN_POINT('',(1.27,-13.716,0.));
#10831 = DIRECTION('',(-1.,0.,0.));
#10832 = DIRECTION('',(0.,1.,0.));
#10833 = ADVANCED_FACE('',(#10834),#10845,.F.);
#10834 = FACE_BOUND('',#10835,.F.);
#10835 = EDGE_LOOP('',(#10836,#10837,#10838,#10844));
#10836 = ORIENTED_EDGE('',*,*,#10805,.T.);
#10837 = ORIENTED_EDGE('',*,*,#9913,.T.);
#10838 = ORIENTED_EDGE('',*,*,#10839,.F.);
#10839 = EDGE_CURVE('',#9421,#9914,#10840,.T.);
#10840 = LINE('',#10841,#10842);
#10841 = CARTESIAN_POINT('',(1.016,-13.97,0.));
#10842 = VECTOR('',#10843,1.);
#10843 = DIRECTION('',(0.,0.,1.));
#10844 = ORIENTED_EDGE('',*,*,#9420,.F.);
#10845 = PLANE('',#10846);
#10846 = AXIS2_PLACEMENT_3D('',#10847,#10848,#10849);
#10847 = CARTESIAN_POINT('',(-1.016,-13.97,0.));
#10848 = DIRECTION('',(0.,1.,0.));
#10849 = DIRECTION('',(1.,0.,0.));
#10850 = ADVANCED_FACE('',(#10851),#10857,.F.);
#10851 = FACE_BOUND('',#10852,.F.);
#10852 = EDGE_LOOP('',(#10853,#10854,#10855,#10856));
#10853 = ORIENTED_EDGE('',*,*,#10839,.T.);
#10854 = ORIENTED_EDGE('',*,*,#9921,.T.);
#10855 = ORIENTED_EDGE('',*,*,#10820,.F.);
#10856 = ORIENTED_EDGE('',*,*,#9428,.F.);
#10857 = PLANE('',#10858);
#10858 = AXIS2_PLACEMENT_3D('',#10859,#10860,#10861);
#10859 = CARTESIAN_POINT('',(1.016,-13.97,0.));
#10860 = DIRECTION('',(-0.707106781187,0.707106781187,0.));
#10861 = DIRECTION('',(0.707106781187,0.707106781187,0.));
#10862 = ADVANCED_FACE('',(#10863),#10888,.T.);
#10863 = FACE_BOUND('',#10864,.T.);
#10864 = EDGE_LOOP('',(#10865,#10873,#10881,#10887));
#10865 = ORIENTED_EDGE('',*,*,#10866,.F.);
#10866 = EDGE_CURVE('',#10867,#9574,#10869,.T.);
#10867 = VERTEX_POINT('',#10868);
#10868 = CARTESIAN_POINT('',(0.32,-0.32,-2.84));
#10869 = LINE('',#10870,#10871);
#10870 = CARTESIAN_POINT('',(0.32,-0.32,-3.));
#10871 = VECTOR('',#10872,1.);
#10872 = DIRECTION('',(0.,0.,1.));
#10873 = ORIENTED_EDGE('',*,*,#10874,.T.);
#10874 = EDGE_CURVE('',#10867,#10875,#10877,.T.);
#10875 = VERTEX_POINT('',#10876);
#10876 = CARTESIAN_POINT('',(0.32,0.32,-2.84));
#10877 = LINE('',#10878,#10879);
#10878 = CARTESIAN_POINT('',(0.32,-0.32,-2.84));
#10879 = VECTOR('',#10880,1.);
#10880 = DIRECTION('',(0.,1.,0.));
#10881 = ORIENTED_EDGE('',*,*,#10882,.T.);
#10882 = EDGE_CURVE('',#10875,#9576,#10883,.T.);
#10883 = LINE('',#10884,#10885);
#10884 = CARTESIAN_POINT('',(0.32,0.32,-3.));
#10885 = VECTOR('',#10886,1.);
#10886 = DIRECTION('',(0.,0.,1.));
#10887 = ORIENTED_EDGE('',*,*,#9573,.F.);
#10888 = PLANE('',#10889);
#10889 = AXIS2_PLACEMENT_3D('',#10890,#10891,#10892);
#10890 = CARTESIAN_POINT('',(0.32,-0.32,-3.));
#10891 = DIRECTION('',(1.,0.,0.));
#10892 = DIRECTION('',(0.,0.,1.));
#10893 = ADVANCED_FACE('',(#10894),#10912,.T.);
#10894 = FACE_BOUND('',#10895,.T.);
#10895 = EDGE_LOOP('',(#10896,#10897,#10905,#10911));
#10896 = ORIENTED_EDGE('',*,*,#10882,.F.);
#10897 = ORIENTED_EDGE('',*,*,#10898,.F.);
#10898 = EDGE_CURVE('',#10899,#10875,#10901,.T.);
#10899 = VERTEX_POINT('',#10900);
#10900 = CARTESIAN_POINT('',(-0.32,0.32,-2.84));
#10901 = LINE('',#10902,#10903);
#10902 = CARTESIAN_POINT('',(-0.32,0.32,-2.84));
#10903 = VECTOR('',#10904,1.);
#10904 = DIRECTION('',(1.,0.,0.));
#10905 = ORIENTED_EDGE('',*,*,#10906,.T.);
#10906 = EDGE_CURVE('',#10899,#9592,#10907,.T.);
#10907 = LINE('',#10908,#10909);
#10908 = CARTESIAN_POINT('',(-0.32,0.32,-3.));
#10909 = VECTOR('',#10910,1.);
#10910 = DIRECTION('',(0.,0.,1.));
#10911 = ORIENTED_EDGE('',*,*,#9599,.F.);
#10912 = PLANE('',#10913);
#10913 = AXIS2_PLACEMENT_3D('',#10914,#10915,#10916);
#10914 = CARTESIAN_POINT('',(-0.32,0.32,-3.));
#10915 = DIRECTION('',(0.,1.,0.));
#10916 = DIRECTION('',(0.,-0.,1.));
#10917 = ADVANCED_FACE('',(#10918),#10936,.F.);
#10918 = FACE_BOUND('',#10919,.F.);
#10919 = EDGE_LOOP('',(#10920,#10928,#10934,#10935));
#10920 = ORIENTED_EDGE('',*,*,#10921,.F.);
#10921 = EDGE_CURVE('',#10922,#9584,#10924,.T.);
#10922 = VERTEX_POINT('',#10923);
#10923 = CARTESIAN_POINT('',(-0.32,-0.32,-2.84));
#10924 = LINE('',#10925,#10926);
#10925 = CARTESIAN_POINT('',(-0.32,-0.32,-3.));
#10926 = VECTOR('',#10927,1.);
#10927 = DIRECTION('',(0.,0.,1.));
#10928 = ORIENTED_EDGE('',*,*,#10929,.T.);
#10929 = EDGE_CURVE('',#10922,#10899,#10930,.T.);
#10930 = LINE('',#10931,#10932);
#10931 = CARTESIAN_POINT('',(-0.32,-0.32,-2.84));
#10932 = VECTOR('',#10933,1.);
#10933 = DIRECTION('',(0.,1.,0.));
#10934 = ORIENTED_EDGE('',*,*,#10906,.T.);
#10935 = ORIENTED_EDGE('',*,*,#9591,.F.);
#10936 = PLANE('',#10937);
#10937 = AXIS2_PLACEMENT_3D('',#10938,#10939,#10940);
#10938 = CARTESIAN_POINT('',(-0.32,-0.32,-3.));
#10939 = DIRECTION('',(1.,0.,0.));
#10940 = DIRECTION('',(0.,0.,1.));
#10941 = ADVANCED_FACE('',(#10942),#10953,.F.);
#10942 = FACE_BOUND('',#10943,.F.);
#10943 = EDGE_LOOP('',(#10944,#10945,#10951,#10952));
#10944 = ORIENTED_EDGE('',*,*,#10866,.F.);
#10945 = ORIENTED_EDGE('',*,*,#10946,.F.);
#10946 = EDGE_CURVE('',#10922,#10867,#10947,.T.);
#10947 = LINE('',#10948,#10949);
#10948 = CARTESIAN_POINT('',(-0.32,-0.32,-2.84));
#10949 = VECTOR('',#10950,1.);
#10950 = DIRECTION('',(1.,0.,0.));
#10951 = ORIENTED_EDGE('',*,*,#10921,.T.);
#10952 = ORIENTED_EDGE('',*,*,#9583,.F.);
#10953 = PLANE('',#10954);
#10954 = AXIS2_PLACEMENT_3D('',#10955,#10956,#10957);
#10955 = CARTESIAN_POINT('',(-0.32,-0.32,-3.));
#10956 = DIRECTION('',(0.,1.,0.));
#10957 = DIRECTION('',(0.,-0.,1.));
#10958 = ADVANCED_FACE('',(#10959),#10984,.T.);
#10959 = FACE_BOUND('',#10960,.T.);
#10960 = EDGE_LOOP('',(#10961,#10969,#10977,#10983));
#10961 = ORIENTED_EDGE('',*,*,#10962,.F.);
#10962 = EDGE_CURVE('',#10963,#9608,#10965,.T.);
#10963 = VERTEX_POINT('',#10964);
#10964 = CARTESIAN_POINT('',(0.32,-5.4,-2.84));
#10965 = LINE('',#10966,#10967);
#10966 = CARTESIAN_POINT('',(0.32,-5.4,-3.));
#10967 = VECTOR('',#10968,1.);
#10968 = DIRECTION('',(0.,0.,1.));
#10969 = ORIENTED_EDGE('',*,*,#10970,.T.);
#10970 = EDGE_CURVE('',#10963,#10971,#10973,.T.);
#10971 = VERTEX_POINT('',#10972);
#10972 = CARTESIAN_POINT('',(0.32,-4.76,-2.84));
#10973 = LINE('',#10974,#10975);
#10974 = CARTESIAN_POINT('',(0.32,-5.4,-2.84));
#10975 = VECTOR('',#10976,1.);
#10976 = DIRECTION('',(0.,1.,0.));
#10977 = ORIENTED_EDGE('',*,*,#10978,.T.);
#10978 = EDGE_CURVE('',#10971,#9610,#10979,.T.);
#10979 = LINE('',#10980,#10981);
#10980 = CARTESIAN_POINT('',(0.32,-4.76,-3.));
#10981 = VECTOR('',#10982,1.);
#10982 = DIRECTION('',(0.,0.,1.));
#10983 = ORIENTED_EDGE('',*,*,#9607,.F.);
#10984 = PLANE('',#10985);
#10985 = AXIS2_PLACEMENT_3D('',#10986,#10987,#10988);
#10986 = CARTESIAN_POINT('',(0.32,-5.4,-3.));
#10987 = DIRECTION('',(1.,0.,0.));
#10988 = DIRECTION('',(0.,0.,1.));
#10989 = ADVANCED_FACE('',(#10990),#11008,.T.);
#10990 = FACE_BOUND('',#10991,.T.);
#10991 = EDGE_LOOP('',(#10992,#10993,#11001,#11007));
#10992 = ORIENTED_EDGE('',*,*,#10978,.F.);
#10993 = ORIENTED_EDGE('',*,*,#10994,.F.);
#10994 = EDGE_CURVE('',#10995,#10971,#10997,.T.);
#10995 = VERTEX_POINT('',#10996);
#10996 = CARTESIAN_POINT('',(-0.32,-4.76,-2.84));
#10997 = LINE('',#10998,#10999);
#10998 = CARTESIAN_POINT('',(-0.32,-4.76,-2.84));
#10999 = VECTOR('',#11000,1.);
#11000 = DIRECTION('',(1.,0.,0.));
#11001 = ORIENTED_EDGE('',*,*,#11002,.T.);
#11002 = EDGE_CURVE('',#10995,#9626,#11003,.T.);
#11003 = LINE('',#11004,#11005);
#11004 = CARTESIAN_POINT('',(-0.32,-4.76,-3.));
#11005 = VECTOR('',#11006,1.);
#11006 = DIRECTION('',(0.,0.,1.));
#11007 = ORIENTED_EDGE('',*,*,#9633,.F.);
#11008 = PLANE('',#11009);
#11009 = AXIS2_PLACEMENT_3D('',#11010,#11011,#11012);
#11010 = CARTESIAN_POINT('',(-0.32,-4.76,-3.));
#11011 = DIRECTION('',(0.,1.,0.));
#11012 = DIRECTION('',(0.,-0.,1.));
#11013 = ADVANCED_FACE('',(#11014),#11032,.F.);
#11014 = FACE_BOUND('',#11015,.F.);
#11015 = EDGE_LOOP('',(#11016,#11024,#11030,#11031));
#11016 = ORIENTED_EDGE('',*,*,#11017,.F.);
#11017 = EDGE_CURVE('',#11018,#9618,#11020,.T.);
#11018 = VERTEX_POINT('',#11019);
#11019 = CARTESIAN_POINT('',(-0.32,-5.4,-2.84));
#11020 = LINE('',#11021,#11022);
#11021 = CARTESIAN_POINT('',(-0.32,-5.4,-3.));
#11022 = VECTOR('',#11023,1.);
#11023 = DIRECTION('',(0.,0.,1.));
#11024 = ORIENTED_EDGE('',*,*,#11025,.T.);
#11025 = EDGE_CURVE('',#11018,#10995,#11026,.T.);
#11026 = LINE('',#11027,#11028);
#11027 = CARTESIAN_POINT('',(-0.32,-5.4,-2.84));
#11028 = VECTOR('',#11029,1.);
#11029 = DIRECTION('',(0.,1.,0.));
#11030 = ORIENTED_EDGE('',*,*,#11002,.T.);
#11031 = ORIENTED_EDGE('',*,*,#9625,.F.);
#11032 = PLANE('',#11033);
#11033 = AXIS2_PLACEMENT_3D('',#11034,#11035,#11036);
#11034 = CARTESIAN_POINT('',(-0.32,-5.4,-3.));
#11035 = DIRECTION('',(1.,0.,0.));
#11036 = DIRECTION('',(0.,0.,1.));
#11037 = ADVANCED_FACE('',(#11038),#11049,.F.);
#11038 = FACE_BOUND('',#11039,.F.);
#11039 = EDGE_LOOP('',(#11040,#11041,#11047,#11048));
#11040 = ORIENTED_EDGE('',*,*,#10962,.F.);
#11041 = ORIENTED_EDGE('',*,*,#11042,.F.);
#11042 = EDGE_CURVE('',#11018,#10963,#11043,.T.);
#11043 = LINE('',#11044,#11045);
#11044 = CARTESIAN_POINT('',(-0.32,-5.4,-2.84));
#11045 = VECTOR('',#11046,1.);
#11046 = DIRECTION('',(1.,0.,0.));
#11047 = ORIENTED_EDGE('',*,*,#11017,.T.);
#11048 = ORIENTED_EDGE('',*,*,#9617,.F.);
#11049 = PLANE('',#11050);
#11050 = AXIS2_PLACEMENT_3D('',#11051,#11052,#11053);
#11051 = CARTESIAN_POINT('',(-0.32,-5.4,-3.));
#11052 = DIRECTION('',(0.,1.,0.));
#11053 = DIRECTION('',(0.,-0.,1.));
#11054 = ADVANCED_FACE('',(#11055),#11080,.T.);
#11055 = FACE_BOUND('',#11056,.T.);
#11056 = EDGE_LOOP('',(#11057,#11065,#11073,#11079));
#11057 = ORIENTED_EDGE('',*,*,#11058,.F.);
#11058 = EDGE_CURVE('',#11059,#9642,#11061,.T.);
#11059 = VERTEX_POINT('',#11060);
#11060 = CARTESIAN_POINT('',(0.32,-2.86,-2.84));
#11061 = LINE('',#11062,#11063);
#11062 = CARTESIAN_POINT('',(0.32,-2.86,-3.));
#11063 = VECTOR('',#11064,1.);
#11064 = DIRECTION('',(0.,0.,1.));
#11065 = ORIENTED_EDGE('',*,*,#11066,.T.);
#11066 = EDGE_CURVE('',#11059,#11067,#11069,.T.);
#11067 = VERTEX_POINT('',#11068);
#11068 = CARTESIAN_POINT('',(0.32,-2.22,-2.84));
#11069 = LINE('',#11070,#11071);
#11070 = CARTESIAN_POINT('',(0.32,-2.86,-2.84));
#11071 = VECTOR('',#11072,1.);
#11072 = DIRECTION('',(0.,1.,0.));
#11073 = ORIENTED_EDGE('',*,*,#11074,.T.);
#11074 = EDGE_CURVE('',#11067,#9644,#11075,.T.);
#11075 = LINE('',#11076,#11077);
#11076 = CARTESIAN_POINT('',(0.32,-2.22,-3.));
#11077 = VECTOR('',#11078,1.);
#11078 = DIRECTION('',(0.,0.,1.));
#11079 = ORIENTED_EDGE('',*,*,#9641,.F.);
#11080 = PLANE('',#11081);
#11081 = AXIS2_PLACEMENT_3D('',#11082,#11083,#11084);
#11082 = CARTESIAN_POINT('',(0.32,-2.86,-3.));
#11083 = DIRECTION('',(1.,0.,0.));
#11084 = DIRECTION('',(0.,0.,1.));
#11085 = ADVANCED_FACE('',(#11086),#11104,.T.);
#11086 = FACE_BOUND('',#11087,.T.);
#11087 = EDGE_LOOP('',(#11088,#11089,#11097,#11103));
#11088 = ORIENTED_EDGE('',*,*,#11074,.F.);
#11089 = ORIENTED_EDGE('',*,*,#11090,.F.);
#11090 = EDGE_CURVE('',#11091,#11067,#11093,.T.);
#11091 = VERTEX_POINT('',#11092);
#11092 = CARTESIAN_POINT('',(-0.32,-2.22,-2.84));
#11093 = LINE('',#11094,#11095);
#11094 = CARTESIAN_POINT('',(-0.32,-2.22,-2.84));
#11095 = VECTOR('',#11096,1.);
#11096 = DIRECTION('',(1.,0.,0.));
#11097 = ORIENTED_EDGE('',*,*,#11098,.T.);
#11098 = EDGE_CURVE('',#11091,#9660,#11099,.T.);
#11099 = LINE('',#11100,#11101);
#11100 = CARTESIAN_POINT('',(-0.32,-2.22,-3.));
#11101 = VECTOR('',#11102,1.);
#11102 = DIRECTION('',(0.,0.,1.));
#11103 = ORIENTED_EDGE('',*,*,#9667,.F.);
#11104 = PLANE('',#11105);
#11105 = AXIS2_PLACEMENT_3D('',#11106,#11107,#11108);
#11106 = CARTESIAN_POINT('',(-0.32,-2.22,-3.));
#11107 = DIRECTION('',(0.,1.,0.));
#11108 = DIRECTION('',(0.,-0.,1.));
#11109 = ADVANCED_FACE('',(#11110),#11128,.F.);
#11110 = FACE_BOUND('',#11111,.F.);
#11111 = EDGE_LOOP('',(#11112,#11120,#11126,#11127));
#11112 = ORIENTED_EDGE('',*,*,#11113,.F.);
#11113 = EDGE_CURVE('',#11114,#9652,#11116,.T.);
#11114 = VERTEX_POINT('',#11115);
#11115 = CARTESIAN_POINT('',(-0.32,-2.86,-2.84));
#11116 = LINE('',#11117,#11118);
#11117 = CARTESIAN_POINT('',(-0.32,-2.86,-3.));
#11118 = VECTOR('',#11119,1.);
#11119 = DIRECTION('',(0.,0.,1.));
#11120 = ORIENTED_EDGE('',*,*,#11121,.T.);
#11121 = EDGE_CURVE('',#11114,#11091,#11122,.T.);
#11122 = LINE('',#11123,#11124);
#11123 = CARTESIAN_POINT('',(-0.32,-2.86,-2.84));
#11124 = VECTOR('',#11125,1.);
#11125 = DIRECTION('',(0.,1.,0.));
#11126 = ORIENTED_EDGE('',*,*,#11098,.T.);
#11127 = ORIENTED_EDGE('',*,*,#9659,.F.);
#11128 = PLANE('',#11129);
#11129 = AXIS2_PLACEMENT_3D('',#11130,#11131,#11132);
#11130 = CARTESIAN_POINT('',(-0.32,-2.86,-3.));
#11131 = DIRECTION('',(1.,0.,0.));
#11132 = DIRECTION('',(0.,0.,1.));
#11133 = ADVANCED_FACE('',(#11134),#11145,.F.);
#11134 = FACE_BOUND('',#11135,.F.);
#11135 = EDGE_LOOP('',(#11136,#11137,#11143,#11144));
#11136 = ORIENTED_EDGE('',*,*,#11058,.F.);
#11137 = ORIENTED_EDGE('',*,*,#11138,.F.);
#11138 = EDGE_CURVE('',#11114,#11059,#11139,.T.);
#11139 = LINE('',#11140,#11141);
#11140 = CARTESIAN_POINT('',(-0.32,-2.86,-2.84));
#11141 = VECTOR('',#11142,1.);
#11142 = DIRECTION('',(1.,0.,0.));
#11143 = ORIENTED_EDGE('',*,*,#11113,.T.);
#11144 = ORIENTED_EDGE('',*,*,#9651,.F.);
#11145 = PLANE('',#11146);
#11146 = AXIS2_PLACEMENT_3D('',#11147,#11148,#11149);
#11147 = CARTESIAN_POINT('',(-0.32,-2.86,-3.));
#11148 = DIRECTION('',(0.,1.,0.));
#11149 = DIRECTION('',(0.,-0.,1.));
#11150 = ADVANCED_FACE('',(#11151),#11176,.F.);
#11151 = FACE_BOUND('',#11152,.F.);
#11152 = EDGE_LOOP('',(#11153,#11161,#11169,#11175));
#11153 = ORIENTED_EDGE('',*,*,#11154,.F.);
#11154 = EDGE_CURVE('',#11155,#9676,#11157,.T.);
#11155 = VERTEX_POINT('',#11156);
#11156 = CARTESIAN_POINT('',(0.32,-13.02,-2.84));
#11157 = LINE('',#11158,#11159);
#11158 = CARTESIAN_POINT('',(0.32,-13.02,-3.));
#11159 = VECTOR('',#11160,1.);
#11160 = DIRECTION('',(0.,0.,1.));
#11161 = ORIENTED_EDGE('',*,*,#11162,.F.);
#11162 = EDGE_CURVE('',#11163,#11155,#11165,.T.);
#11163 = VERTEX_POINT('',#11164);
#11164 = CARTESIAN_POINT('',(-0.32,-13.02,-2.84));
#11165 = LINE('',#11166,#11167);
#11166 = CARTESIAN_POINT('',(-0.32,-13.02,-2.84));
#11167 = VECTOR('',#11168,1.);
#11168 = DIRECTION('',(1.,0.,0.));
#11169 = ORIENTED_EDGE('',*,*,#11170,.T.);
#11170 = EDGE_CURVE('',#11163,#9678,#11171,.T.);
#11171 = LINE('',#11172,#11173);
#11172 = CARTESIAN_POINT('',(-0.32,-13.02,-3.));
#11173 = VECTOR('',#11174,1.);
#11174 = DIRECTION('',(0.,0.,1.));
#11175 = ORIENTED_EDGE('',*,*,#9675,.F.);
#11176 = PLANE('',#11177);
#11177 = AXIS2_PLACEMENT_3D('',#11178,#11179,#11180);
#11178 = CARTESIAN_POINT('',(-0.32,-13.02,-3.));
#11179 = DIRECTION('',(0.,1.,0.));
#11180 = DIRECTION('',(0.,-0.,1.));
#11181 = ADVANCED_FACE('',(#11182),#11200,.T.);
#11182 = FACE_BOUND('',#11183,.T.);
#11183 = EDGE_LOOP('',(#11184,#11185,#11193,#11199));
#11184 = ORIENTED_EDGE('',*,*,#11154,.F.);
#11185 = ORIENTED_EDGE('',*,*,#11186,.T.);
#11186 = EDGE_CURVE('',#11155,#11187,#11189,.T.);
#11187 = VERTEX_POINT('',#11188);
#11188 = CARTESIAN_POINT('',(0.32,-12.38,-2.84));
#11189 = LINE('',#11190,#11191);
#11190 = CARTESIAN_POINT('',(0.32,-13.02,-2.84));
#11191 = VECTOR('',#11192,1.);
#11192 = DIRECTION('',(0.,1.,0.));
#11193 = ORIENTED_EDGE('',*,*,#11194,.T.);
#11194 = EDGE_CURVE('',#11187,#9694,#11195,.T.);
#11195 = LINE('',#11196,#11197);
#11196 = CARTESIAN_POINT('',(0.32,-12.38,-3.));
#11197 = VECTOR('',#11198,1.);
#11198 = DIRECTION('',(0.,0.,1.));
#11199 = ORIENTED_EDGE('',*,*,#9701,.F.);
#11200 = PLANE('',#11201);
#11201 = AXIS2_PLACEMENT_3D('',#11202,#11203,#11204);
#11202 = CARTESIAN_POINT('',(0.32,-13.02,-3.));
#11203 = DIRECTION('',(1.,0.,0.));
#11204 = DIRECTION('',(0.,0.,1.));
#11205 = ADVANCED_FACE('',(#11206),#11224,.T.);
#11206 = FACE_BOUND('',#11207,.T.);
#11207 = EDGE_LOOP('',(#11208,#11209,#11217,#11223));
#11208 = ORIENTED_EDGE('',*,*,#11194,.F.);
#11209 = ORIENTED_EDGE('',*,*,#11210,.F.);
#11210 = EDGE_CURVE('',#11211,#11187,#11213,.T.);
#11211 = VERTEX_POINT('',#11212);
#11212 = CARTESIAN_POINT('',(-0.32,-12.38,-2.84));
#11213 = LINE('',#11214,#11215);
#11214 = CARTESIAN_POINT('',(-0.32,-12.38,-2.84));
#11215 = VECTOR('',#11216,1.);
#11216 = DIRECTION('',(1.,0.,0.));
#11217 = ORIENTED_EDGE('',*,*,#11218,.T.);
#11218 = EDGE_CURVE('',#11211,#9686,#11219,.T.);
#11219 = LINE('',#11220,#11221);
#11220 = CARTESIAN_POINT('',(-0.32,-12.38,-3.));
#11221 = VECTOR('',#11222,1.);
#11222 = DIRECTION('',(0.,0.,1.));
#11223 = ORIENTED_EDGE('',*,*,#9693,.F.);
#11224 = PLANE('',#11225);
#11225 = AXIS2_PLACEMENT_3D('',#11226,#11227,#11228);
#11226 = CARTESIAN_POINT('',(-0.32,-12.38,-3.));
#11227 = DIRECTION('',(0.,1.,0.));
#11228 = DIRECTION('',(0.,-0.,1.));
#11229 = ADVANCED_FACE('',(#11230),#11241,.F.);
#11230 = FACE_BOUND('',#11231,.F.);
#11231 = EDGE_LOOP('',(#11232,#11233,#11239,#11240));
#11232 = ORIENTED_EDGE('',*,*,#11170,.F.);
#11233 = ORIENTED_EDGE('',*,*,#11234,.T.);
#11234 = EDGE_CURVE('',#11163,#11211,#11235,.T.);
#11235 = LINE('',#11236,#11237);
#11236 = CARTESIAN_POINT('',(-0.32,-13.02,-2.84));
#11237 = VECTOR('',#11238,1.);
#11238 = DIRECTION('',(0.,1.,0.));
#11239 = ORIENTED_EDGE('',*,*,#11218,.T.);
#11240 = ORIENTED_EDGE('',*,*,#9685,.F.);
#11241 = PLANE('',#11242);
#11242 = AXIS2_PLACEMENT_3D('',#11243,#11244,#11245);
#11243 = CARTESIAN_POINT('',(-0.32,-13.02,-3.));
#11244 = DIRECTION('',(1.,0.,0.));
#11245 = DIRECTION('',(0.,0.,1.));
#11246 = ADVANCED_FACE('',(#11247),#11272,.T.);
#11247 = FACE_BOUND('',#11248,.T.);
#11248 = EDGE_LOOP('',(#11249,#11257,#11265,#11271));
#11249 = ORIENTED_EDGE('',*,*,#11250,.F.);
#11250 = EDGE_CURVE('',#11251,#9710,#11253,.T.);
#11251 = VERTEX_POINT('',#11252);
#11252 = CARTESIAN_POINT('',(0.32,-9.84,-2.84));
#11253 = LINE('',#11254,#11255);
#11254 = CARTESIAN_POINT('',(0.32,-9.84,-3.));
#11255 = VECTOR('',#11256,1.);
#11256 = DIRECTION('',(0.,0.,1.));
#11257 = ORIENTED_EDGE('',*,*,#11258,.F.);
#11258 = EDGE_CURVE('',#11259,#11251,#11261,.T.);
#11259 = VERTEX_POINT('',#11260);
#11260 = CARTESIAN_POINT('',(-0.32,-9.84,-2.84));
#11261 = LINE('',#11262,#11263);
#11262 = CARTESIAN_POINT('',(-0.32,-9.84,-2.84));
#11263 = VECTOR('',#11264,1.);
#11264 = DIRECTION('',(1.,0.,0.));
#11265 = ORIENTED_EDGE('',*,*,#11266,.T.);
#11266 = EDGE_CURVE('',#11259,#9712,#11267,.T.);
#11267 = LINE('',#11268,#11269);
#11268 = CARTESIAN_POINT('',(-0.32,-9.84,-3.));
#11269 = VECTOR('',#11270,1.);
#11270 = DIRECTION('',(0.,0.,1.));
#11271 = ORIENTED_EDGE('',*,*,#9709,.F.);
#11272 = PLANE('',#11273);
#11273 = AXIS2_PLACEMENT_3D('',#11274,#11275,#11276);
#11274 = CARTESIAN_POINT('',(-0.32,-9.84,-3.));
#11275 = DIRECTION('',(0.,1.,0.));
#11276 = DIRECTION('',(0.,-0.,1.));
#11277 = ADVANCED_FACE('',(#11278),#11296,.F.);
#11278 = FACE_BOUND('',#11279,.F.);
#11279 = EDGE_LOOP('',(#11280,#11288,#11294,#11295));
#11280 = ORIENTED_EDGE('',*,*,#11281,.F.);
#11281 = EDGE_CURVE('',#11282,#9728,#11284,.T.);
#11282 = VERTEX_POINT('',#11283);
#11283 = CARTESIAN_POINT('',(-0.32,-10.48,-2.84));
#11284 = LINE('',#11285,#11286);
#11285 = CARTESIAN_POINT('',(-0.32,-10.48,-3.));
#11286 = VECTOR('',#11287,1.);
#11287 = DIRECTION('',(0.,0.,1.));
#11288 = ORIENTED_EDGE('',*,*,#11289,.T.);
#11289 = EDGE_CURVE('',#11282,#11259,#11290,.T.);
#11290 = LINE('',#11291,#11292);
#11291 = CARTESIAN_POINT('',(-0.32,-10.48,-2.84));
#11292 = VECTOR('',#11293,1.);
#11293 = DIRECTION('',(0.,1.,0.));
#11294 = ORIENTED_EDGE('',*,*,#11266,.T.);
#11295 = ORIENTED_EDGE('',*,*,#9735,.F.);
#11296 = PLANE('',#11297);
#11297 = AXIS2_PLACEMENT_3D('',#11298,#11299,#11300);
#11298 = CARTESIAN_POINT('',(-0.32,-10.48,-3.));
#11299 = DIRECTION('',(1.,0.,0.));
#11300 = DIRECTION('',(0.,0.,1.));
#11301 = ADVANCED_FACE('',(#11302),#11320,.F.);
#11302 = FACE_BOUND('',#11303,.F.);
#11303 = EDGE_LOOP('',(#11304,#11312,#11318,#11319));
#11304 = ORIENTED_EDGE('',*,*,#11305,.F.);
#11305 = EDGE_CURVE('',#11306,#9720,#11308,.T.);
#11306 = VERTEX_POINT('',#11307);
#11307 = CARTESIAN_POINT('',(0.32,-10.48,-2.84));
#11308 = LINE('',#11309,#11310);
#11309 = CARTESIAN_POINT('',(0.32,-10.48,-3.));
#11310 = VECTOR('',#11311,1.);
#11311 = DIRECTION('',(0.,0.,1.));
#11312 = ORIENTED_EDGE('',*,*,#11313,.F.);
#11313 = EDGE_CURVE('',#11282,#11306,#11314,.T.);
#11314 = LINE('',#11315,#11316);
#11315 = CARTESIAN_POINT('',(-0.32,-10.48,-2.84));
#11316 = VECTOR('',#11317,1.);
#11317 = DIRECTION('',(1.,0.,0.));
#11318 = ORIENTED_EDGE('',*,*,#11281,.T.);
#11319 = ORIENTED_EDGE('',*,*,#9727,.F.);
#11320 = PLANE('',#11321);
#11321 = AXIS2_PLACEMENT_3D('',#11322,#11323,#11324);
#11322 = CARTESIAN_POINT('',(-0.32,-10.48,-3.));
#11323 = DIRECTION('',(0.,1.,0.));
#11324 = DIRECTION('',(0.,-0.,1.));
#11325 = ADVANCED_FACE('',(#11326),#11337,.T.);
#11326 = FACE_BOUND('',#11327,.T.);
#11327 = EDGE_LOOP('',(#11328,#11329,#11335,#11336));
#11328 = ORIENTED_EDGE('',*,*,#11305,.F.);
#11329 = ORIENTED_EDGE('',*,*,#11330,.T.);
#11330 = EDGE_CURVE('',#11306,#11251,#11331,.T.);
#11331 = LINE('',#11332,#11333);
#11332 = CARTESIAN_POINT('',(0.32,-10.48,-2.84));
#11333 = VECTOR('',#11334,1.);
#11334 = DIRECTION('',(0.,1.,0.));
#11335 = ORIENTED_EDGE('',*,*,#11250,.T.);
#11336 = ORIENTED_EDGE('',*,*,#9719,.F.);
#11337 = PLANE('',#11338);
#11338 = AXIS2_PLACEMENT_3D('',#11339,#11340,#11341);
#11339 = CARTESIAN_POINT('',(0.32,-10.48,-3.));
#11340 = DIRECTION('',(1.,0.,0.));
#11341 = DIRECTION('',(0.,0.,1.));
#11342 = ADVANCED_FACE('',(#11343),#11368,.F.);
#11343 = FACE_BOUND('',#11344,.F.);
#11344 = EDGE_LOOP('',(#11345,#11353,#11361,#11367));
#11345 = ORIENTED_EDGE('',*,*,#11346,.F.);
#11346 = EDGE_CURVE('',#11347,#9744,#11349,.T.);
#11347 = VERTEX_POINT('',#11348);
#11348 = CARTESIAN_POINT('',(0.32,-7.94,-2.84));
#11349 = LINE('',#11350,#11351);
#11350 = CARTESIAN_POINT('',(0.32,-7.94,-3.));
#11351 = VECTOR('',#11352,1.);
#11352 = DIRECTION('',(0.,0.,1.));
#11353 = ORIENTED_EDGE('',*,*,#11354,.F.);
#11354 = EDGE_CURVE('',#11355,#11347,#11357,.T.);
#11355 = VERTEX_POINT('',#11356);
#11356 = CARTESIAN_POINT('',(-0.32,-7.94,-2.84));
#11357 = LINE('',#11358,#11359);
#11358 = CARTESIAN_POINT('',(-0.32,-7.94,-2.84));
#11359 = VECTOR('',#11360,1.);
#11360 = DIRECTION('',(1.,0.,0.));
#11361 = ORIENTED_EDGE('',*,*,#11362,.T.);
#11362 = EDGE_CURVE('',#11355,#9746,#11363,.T.);
#11363 = LINE('',#11364,#11365);
#11364 = CARTESIAN_POINT('',(-0.32,-7.94,-3.));
#11365 = VECTOR('',#11366,1.);
#11366 = DIRECTION('',(0.,0.,1.));
#11367 = ORIENTED_EDGE('',*,*,#9743,.F.);
#11368 = PLANE('',#11369);
#11369 = AXIS2_PLACEMENT_3D('',#11370,#11371,#11372);
#11370 = CARTESIAN_POINT('',(-0.32,-7.94,-3.));
#11371 = DIRECTION('',(0.,1.,0.));
#11372 = DIRECTION('',(0.,-0.,1.));
#11373 = ADVANCED_FACE('',(#11374),#11392,.T.);
#11374 = FACE_BOUND('',#11375,.T.);
#11375 = EDGE_LOOP('',(#11376,#11377,#11385,#11391));
#11376 = ORIENTED_EDGE('',*,*,#11346,.F.);
#11377 = ORIENTED_EDGE('',*,*,#11378,.T.);
#11378 = EDGE_CURVE('',#11347,#11379,#11381,.T.);
#11379 = VERTEX_POINT('',#11380);
#11380 = CARTESIAN_POINT('',(0.32,-7.3,-2.84));
#11381 = LINE('',#11382,#11383);
#11382 = CARTESIAN_POINT('',(0.32,-7.94,-2.84));
#11383 = VECTOR('',#11384,1.);
#11384 = DIRECTION('',(0.,1.,0.));
#11385 = ORIENTED_EDGE('',*,*,#11386,.T.);
#11386 = EDGE_CURVE('',#11379,#9762,#11387,.T.);
#11387 = LINE('',#11388,#11389);
#11388 = CARTESIAN_POINT('',(0.32,-7.3,-3.));
#11389 = VECTOR('',#11390,1.);
#11390 = DIRECTION('',(0.,0.,1.));
#11391 = ORIENTED_EDGE('',*,*,#9769,.F.);
#11392 = PLANE('',#11393);
#11393 = AXIS2_PLACEMENT_3D('',#11394,#11395,#11396);
#11394 = CARTESIAN_POINT('',(0.32,-7.94,-3.));
#11395 = DIRECTION('',(1.,0.,0.));
#11396 = DIRECTION('',(0.,0.,1.));
#11397 = ADVANCED_FACE('',(#11398),#11416,.T.);
#11398 = FACE_BOUND('',#11399,.T.);
#11399 = EDGE_LOOP('',(#11400,#11401,#11409,#11415));
#11400 = ORIENTED_EDGE('',*,*,#11386,.F.);
#11401 = ORIENTED_EDGE('',*,*,#11402,.F.);
#11402 = EDGE_CURVE('',#11403,#11379,#11405,.T.);
#11403 = VERTEX_POINT('',#11404);
#11404 = CARTESIAN_POINT('',(-0.32,-7.3,-2.84));
#11405 = LINE('',#11406,#11407);
#11406 = CARTESIAN_POINT('',(-0.32,-7.3,-2.84));
#11407 = VECTOR('',#11408,1.);
#11408 = DIRECTION('',(1.,0.,0.));
#11409 = ORIENTED_EDGE('',*,*,#11410,.T.);
#11410 = EDGE_CURVE('',#11403,#9754,#11411,.T.);
#11411 = LINE('',#11412,#11413);
#11412 = CARTESIAN_POINT('',(-0.32,-7.3,-3.));
#11413 = VECTOR('',#11414,1.);
#11414 = DIRECTION('',(0.,0.,1.));
#11415 = ORIENTED_EDGE('',*,*,#9761,.F.);
#11416 = PLANE('',#11417);
#11417 = AXIS2_PLACEMENT_3D('',#11418,#11419,#11420);
#11418 = CARTESIAN_POINT('',(-0.32,-7.3,-3.));
#11419 = DIRECTION('',(0.,1.,0.));
#11420 = DIRECTION('',(0.,-0.,1.));
#11421 = ADVANCED_FACE('',(#11422),#11433,.F.);
#11422 = FACE_BOUND('',#11423,.F.);
#11423 = EDGE_LOOP('',(#11424,#11425,#11431,#11432));
#11424 = ORIENTED_EDGE('',*,*,#11362,.F.);
#11425 = ORIENTED_EDGE('',*,*,#11426,.T.);
#11426 = EDGE_CURVE('',#11355,#11403,#11427,.T.);
#11427 = LINE('',#11428,#11429);
#11428 = CARTESIAN_POINT('',(-0.32,-7.94,-2.84));
#11429 = VECTOR('',#11430,1.);
#11430 = DIRECTION('',(0.,1.,0.));
#11431 = ORIENTED_EDGE('',*,*,#11410,.T.);
#11432 = ORIENTED_EDGE('',*,*,#9753,.F.);
#11433 = PLANE('',#11434);
#11434 = AXIS2_PLACEMENT_3D('',#11435,#11436,#11437);
#11435 = CARTESIAN_POINT('',(-0.32,-7.94,-3.));
#11436 = DIRECTION('',(1.,0.,0.));
#11437 = DIRECTION('',(0.,0.,1.));
#11438 = ADVANCED_FACE('',(#11439),#11464,.T.);
#11439 = FACE_BOUND('',#11440,.T.);
#11440 = EDGE_LOOP('',(#11441,#11449,#11450,#11458));
#11441 = ORIENTED_EDGE('',*,*,#11442,.F.);
#11442 = EDGE_CURVE('',#10067,#11443,#11445,.T.);
#11443 = VERTEX_POINT('',#11444);
#11444 = CARTESIAN_POINT('',(0.32,-0.32,8.38));
#11445 = LINE('',#11446,#11447);
#11446 = CARTESIAN_POINT('',(0.32,-0.32,-3.));
#11447 = VECTOR('',#11448,1.);
#11448 = DIRECTION('',(0.,0.,1.));
#11449 = ORIENTED_EDGE('',*,*,#10066,.T.);
#11450 = ORIENTED_EDGE('',*,*,#11451,.T.);
#11451 = EDGE_CURVE('',#10069,#11452,#11454,.T.);
#11452 = VERTEX_POINT('',#11453);
#11453 = CARTESIAN_POINT('',(0.32,0.32,8.38));
#11454 = LINE('',#11455,#11456);
#11455 = CARTESIAN_POINT('',(0.32,0.32,-3.));
#11456 = VECTOR('',#11457,1.);
#11457 = DIRECTION('',(0.,0.,1.));
#11458 = ORIENTED_EDGE('',*,*,#11459,.F.);
#11459 = EDGE_CURVE('',#11443,#11452,#11460,.T.);
#11460 = LINE('',#11461,#11462);
#11461 = CARTESIAN_POINT('',(0.32,-0.32,8.38));
#11462 = VECTOR('',#11463,1.);
#11463 = DIRECTION('',(0.,1.,0.));
#11464 = PLANE('',#11465);
#11465 = AXIS2_PLACEMENT_3D('',#11466,#11467,#11468);
#11466 = CARTESIAN_POINT('',(0.32,-0.32,-3.));
#11467 = DIRECTION('',(1.,0.,0.));
#11468 = DIRECTION('',(0.,0.,1.));
#11469 = ADVANCED_FACE('',(#11470),#11488,.T.);
#11470 = FACE_BOUND('',#11471,.T.);
#11471 = EDGE_LOOP('',(#11472,#11473,#11474,#11482));
#11472 = ORIENTED_EDGE('',*,*,#11451,.F.);
#11473 = ORIENTED_EDGE('',*,*,#10092,.T.);
#11474 = ORIENTED_EDGE('',*,*,#11475,.T.);
#11475 = EDGE_CURVE('',#10085,#11476,#11478,.T.);
#11476 = VERTEX_POINT('',#11477);
#11477 = CARTESIAN_POINT('',(-0.32,0.32,8.38));
#11478 = LINE('',#11479,#11480);
#11479 = CARTESIAN_POINT('',(-0.32,0.32,-3.));
#11480 = VECTOR('',#11481,1.);
#11481 = DIRECTION('',(0.,0.,1.));
#11482 = ORIENTED_EDGE('',*,*,#11483,.T.);
#11483 = EDGE_CURVE('',#11476,#11452,#11484,.T.);
#11484 = LINE('',#11485,#11486);
#11485 = CARTESIAN_POINT('',(-0.32,0.32,8.38));
#11486 = VECTOR('',#11487,1.);
#11487 = DIRECTION('',(1.,0.,0.));
#11488 = PLANE('',#11489);
#11489 = AXIS2_PLACEMENT_3D('',#11490,#11491,#11492);
#11490 = CARTESIAN_POINT('',(-0.32,0.32,-3.));
#11491 = DIRECTION('',(0.,1.,0.));
#11492 = DIRECTION('',(0.,-0.,1.));
#11493 = ADVANCED_FACE('',(#11494),#11512,.F.);
#11494 = FACE_BOUND('',#11495,.F.);
#11495 = EDGE_LOOP('',(#11496,#11504,#11505,#11506));
#11496 = ORIENTED_EDGE('',*,*,#11497,.F.);
#11497 = EDGE_CURVE('',#10077,#11498,#11500,.T.);
#11498 = VERTEX_POINT('',#11499);
#11499 = CARTESIAN_POINT('',(-0.32,-0.32,8.38));
#11500 = LINE('',#11501,#11502);
#11501 = CARTESIAN_POINT('',(-0.32,-0.32,-3.));
#11502 = VECTOR('',#11503,1.);
#11503 = DIRECTION('',(0.,0.,1.));
#11504 = ORIENTED_EDGE('',*,*,#10084,.T.);
#11505 = ORIENTED_EDGE('',*,*,#11475,.T.);
#11506 = ORIENTED_EDGE('',*,*,#11507,.F.);
#11507 = EDGE_CURVE('',#11498,#11476,#11508,.T.);
#11508 = LINE('',#11509,#11510);
#11509 = CARTESIAN_POINT('',(-0.32,-0.32,8.38));
#11510 = VECTOR('',#11511,1.);
#11511 = DIRECTION('',(0.,1.,0.));
#11512 = PLANE('',#11513);
#11513 = AXIS2_PLACEMENT_3D('',#11514,#11515,#11516);
#11514 = CARTESIAN_POINT('',(-0.32,-0.32,-3.));
#11515 = DIRECTION('',(1.,0.,0.));
#11516 = DIRECTION('',(0.,0.,1.));
#11517 = ADVANCED_FACE('',(#11518),#11529,.F.);
#11518 = FACE_BOUND('',#11519,.F.);
#11519 = EDGE_LOOP('',(#11520,#11521,#11522,#11523));
#11520 = ORIENTED_EDGE('',*,*,#11442,.F.);
#11521 = ORIENTED_EDGE('',*,*,#10076,.T.);
#11522 = ORIENTED_EDGE('',*,*,#11497,.T.);
#11523 = ORIENTED_EDGE('',*,*,#11524,.T.);
#11524 = EDGE_CURVE('',#11498,#11443,#11525,.T.);
#11525 = LINE('',#11526,#11527);
#11526 = CARTESIAN_POINT('',(-0.32,-0.32,8.38));
#11527 = VECTOR('',#11528,1.);
#11528 = DIRECTION('',(1.,0.,0.));
#11529 = PLANE('',#11530);
#11530 = AXIS2_PLACEMENT_3D('',#11531,#11532,#11533);
#11531 = CARTESIAN_POINT('',(-0.32,-0.32,-3.));
#11532 = DIRECTION('',(0.,1.,0.));
#11533 = DIRECTION('',(0.,-0.,1.));
#11534 = ADVANCED_FACE('',(#11535),#11560,.T.);
#11535 = FACE_BOUND('',#11536,.T.);
#11536 = EDGE_LOOP('',(#11537,#11545,#11546,#11554));
#11537 = ORIENTED_EDGE('',*,*,#11538,.F.);
#11538 = EDGE_CURVE('',#10101,#11539,#11541,.T.);
#11539 = VERTEX_POINT('',#11540);
#11540 = CARTESIAN_POINT('',(0.32,-5.4,8.38));
#11541 = LINE('',#11542,#11543);
#11542 = CARTESIAN_POINT('',(0.32,-5.4,-3.));
#11543 = VECTOR('',#11544,1.);
#11544 = DIRECTION('',(0.,0.,1.));
#11545 = ORIENTED_EDGE('',*,*,#10100,.T.);
#11546 = ORIENTED_EDGE('',*,*,#11547,.T.);
#11547 = EDGE_CURVE('',#10103,#11548,#11550,.T.);
#11548 = VERTEX_POINT('',#11549);
#11549 = CARTESIAN_POINT('',(0.32,-4.76,8.38));
#11550 = LINE('',#11551,#11552);
#11551 = CARTESIAN_POINT('',(0.32,-4.76,-3.));
#11552 = VECTOR('',#11553,1.);
#11553 = DIRECTION('',(0.,0.,1.));
#11554 = ORIENTED_EDGE('',*,*,#11555,.F.);
#11555 = EDGE_CURVE('',#11539,#11548,#11556,.T.);
#11556 = LINE('',#11557,#11558);
#11557 = CARTESIAN_POINT('',(0.32,-5.4,8.38));
#11558 = VECTOR('',#11559,1.);
#11559 = DIRECTION('',(0.,1.,0.));
#11560 = PLANE('',#11561);
#11561 = AXIS2_PLACEMENT_3D('',#11562,#11563,#11564);
#11562 = CARTESIAN_POINT('',(0.32,-5.4,-3.));
#11563 = DIRECTION('',(1.,0.,0.));
#11564 = DIRECTION('',(0.,0.,1.));
#11565 = ADVANCED_FACE('',(#11566),#11584,.T.);
#11566 = FACE_BOUND('',#11567,.T.);
#11567 = EDGE_LOOP('',(#11568,#11569,#11570,#11578));
#11568 = ORIENTED_EDGE('',*,*,#11547,.F.);
#11569 = ORIENTED_EDGE('',*,*,#10126,.T.);
#11570 = ORIENTED_EDGE('',*,*,#11571,.T.);
#11571 = EDGE_CURVE('',#10119,#11572,#11574,.T.);
#11572 = VERTEX_POINT('',#11573);
#11573 = CARTESIAN_POINT('',(-0.32,-4.76,8.38));
#11574 = LINE('',#11575,#11576);
#11575 = CARTESIAN_POINT('',(-0.32,-4.76,-3.));
#11576 = VECTOR('',#11577,1.);
#11577 = DIRECTION('',(0.,0.,1.));
#11578 = ORIENTED_EDGE('',*,*,#11579,.T.);
#11579 = EDGE_CURVE('',#11572,#11548,#11580,.T.);
#11580 = LINE('',#11581,#11582);
#11581 = CARTESIAN_POINT('',(-0.32,-4.76,8.38));
#11582 = VECTOR('',#11583,1.);
#11583 = DIRECTION('',(1.,0.,0.));
#11584 = PLANE('',#11585);
#11585 = AXIS2_PLACEMENT_3D('',#11586,#11587,#11588);
#11586 = CARTESIAN_POINT('',(-0.32,-4.76,-3.));
#11587 = DIRECTION('',(0.,1.,0.));
#11588 = DIRECTION('',(0.,-0.,1.));
#11589 = ADVANCED_FACE('',(#11590),#11608,.F.);
#11590 = FACE_BOUND('',#11591,.F.);
#11591 = EDGE_LOOP('',(#11592,#11600,#11601,#11602));
#11592 = ORIENTED_EDGE('',*,*,#11593,.F.);
#11593 = EDGE_CURVE('',#10111,#11594,#11596,.T.);
#11594 = VERTEX_POINT('',#11595);
#11595 = CARTESIAN_POINT('',(-0.32,-5.4,8.38));
#11596 = LINE('',#11597,#11598);
#11597 = CARTESIAN_POINT('',(-0.32,-5.4,-3.));
#11598 = VECTOR('',#11599,1.);
#11599 = DIRECTION('',(0.,0.,1.));
#11600 = ORIENTED_EDGE('',*,*,#10118,.T.);
#11601 = ORIENTED_EDGE('',*,*,#11571,.T.);
#11602 = ORIENTED_EDGE('',*,*,#11603,.F.);
#11603 = EDGE_CURVE('',#11594,#11572,#11604,.T.);
#11604 = LINE('',#11605,#11606);
#11605 = CARTESIAN_POINT('',(-0.32,-5.4,8.38));
#11606 = VECTOR('',#11607,1.);
#11607 = DIRECTION('',(0.,1.,0.));
#11608 = PLANE('',#11609);
#11609 = AXIS2_PLACEMENT_3D('',#11610,#11611,#11612);
#11610 = CARTESIAN_POINT('',(-0.32,-5.4,-3.));
#11611 = DIRECTION('',(1.,0.,0.));
#11612 = DIRECTION('',(0.,0.,1.));
#11613 = ADVANCED_FACE('',(#11614),#11625,.F.);
#11614 = FACE_BOUND('',#11615,.F.);
#11615 = EDGE_LOOP('',(#11616,#11617,#11618,#11619));
#11616 = ORIENTED_EDGE('',*,*,#11538,.F.);
#11617 = ORIENTED_EDGE('',*,*,#10110,.T.);
#11618 = ORIENTED_EDGE('',*,*,#11593,.T.);
#11619 = ORIENTED_EDGE('',*,*,#11620,.T.);
#11620 = EDGE_CURVE('',#11594,#11539,#11621,.T.);
#11621 = LINE('',#11622,#11623);
#11622 = CARTESIAN_POINT('',(-0.32,-5.4,8.38));
#11623 = VECTOR('',#11624,1.);
#11624 = DIRECTION('',(1.,0.,0.));
#11625 = PLANE('',#11626);
#11626 = AXIS2_PLACEMENT_3D('',#11627,#11628,#11629);
#11627 = CARTESIAN_POINT('',(-0.32,-5.4,-3.));
#11628 = DIRECTION('',(0.,1.,0.));
#11629 = DIRECTION('',(0.,-0.,1.));
#11630 = ADVANCED_FACE('',(#11631),#11656,.T.);
#11631 = FACE_BOUND('',#11632,.T.);
#11632 = EDGE_LOOP('',(#11633,#11641,#11642,#11650));
#11633 = ORIENTED_EDGE('',*,*,#11634,.F.);
#11634 = EDGE_CURVE('',#10135,#11635,#11637,.T.);
#11635 = VERTEX_POINT('',#11636);
#11636 = CARTESIAN_POINT('',(0.32,-2.86,8.38));
#11637 = LINE('',#11638,#11639);
#11638 = CARTESIAN_POINT('',(0.32,-2.86,-3.));
#11639 = VECTOR('',#11640,1.);
#11640 = DIRECTION('',(0.,0.,1.));
#11641 = ORIENTED_EDGE('',*,*,#10134,.T.);
#11642 = ORIENTED_EDGE('',*,*,#11643,.T.);
#11643 = EDGE_CURVE('',#10137,#11644,#11646,.T.);
#11644 = VERTEX_POINT('',#11645);
#11645 = CARTESIAN_POINT('',(0.32,-2.22,8.38));
#11646 = LINE('',#11647,#11648);
#11647 = CARTESIAN_POINT('',(0.32,-2.22,-3.));
#11648 = VECTOR('',#11649,1.);
#11649 = DIRECTION('',(0.,0.,1.));
#11650 = ORIENTED_EDGE('',*,*,#11651,.F.);
#11651 = EDGE_CURVE('',#11635,#11644,#11652,.T.);
#11652 = LINE('',#11653,#11654);
#11653 = CARTESIAN_POINT('',(0.32,-2.86,8.38));
#11654 = VECTOR('',#11655,1.);
#11655 = DIRECTION('',(0.,1.,0.));
#11656 = PLANE('',#11657);
#11657 = AXIS2_PLACEMENT_3D('',#11658,#11659,#11660);
#11658 = CARTESIAN_POINT('',(0.32,-2.86,-3.));
#11659 = DIRECTION('',(1.,0.,0.));
#11660 = DIRECTION('',(0.,0.,1.));
#11661 = ADVANCED_FACE('',(#11662),#11680,.T.);
#11662 = FACE_BOUND('',#11663,.T.);
#11663 = EDGE_LOOP('',(#11664,#11665,#11666,#11674));
#11664 = ORIENTED_EDGE('',*,*,#11643,.F.);
#11665 = ORIENTED_EDGE('',*,*,#10160,.T.);
#11666 = ORIENTED_EDGE('',*,*,#11667,.T.);
#11667 = EDGE_CURVE('',#10153,#11668,#11670,.T.);
#11668 = VERTEX_POINT('',#11669);
#11669 = CARTESIAN_POINT('',(-0.32,-2.22,8.38));
#11670 = LINE('',#11671,#11672);
#11671 = CARTESIAN_POINT('',(-0.32,-2.22,-3.));
#11672 = VECTOR('',#11673,1.);
#11673 = DIRECTION('',(0.,0.,1.));
#11674 = ORIENTED_EDGE('',*,*,#11675,.T.);
#11675 = EDGE_CURVE('',#11668,#11644,#11676,.T.);
#11676 = LINE('',#11677,#11678);
#11677 = CARTESIAN_POINT('',(-0.32,-2.22,8.38));
#11678 = VECTOR('',#11679,1.);
#11679 = DIRECTION('',(1.,0.,0.));
#11680 = PLANE('',#11681);
#11681 = AXIS2_PLACEMENT_3D('',#11682,#11683,#11684);
#11682 = CARTESIAN_POINT('',(-0.32,-2.22,-3.));
#11683 = DIRECTION('',(0.,1.,0.));
#11684 = DIRECTION('',(0.,-0.,1.));
#11685 = ADVANCED_FACE('',(#11686),#11704,.F.);
#11686 = FACE_BOUND('',#11687,.F.);
#11687 = EDGE_LOOP('',(#11688,#11696,#11697,#11698));
#11688 = ORIENTED_EDGE('',*,*,#11689,.F.);
#11689 = EDGE_CURVE('',#10145,#11690,#11692,.T.);
#11690 = VERTEX_POINT('',#11691);
#11691 = CARTESIAN_POINT('',(-0.32,-2.86,8.38));
#11692 = LINE('',#11693,#11694);
#11693 = CARTESIAN_POINT('',(-0.32,-2.86,-3.));
#11694 = VECTOR('',#11695,1.);
#11695 = DIRECTION('',(0.,0.,1.));
#11696 = ORIENTED_EDGE('',*,*,#10152,.T.);
#11697 = ORIENTED_EDGE('',*,*,#11667,.T.);
#11698 = ORIENTED_EDGE('',*,*,#11699,.F.);
#11699 = EDGE_CURVE('',#11690,#11668,#11700,.T.);
#11700 = LINE('',#11701,#11702);
#11701 = CARTESIAN_POINT('',(-0.32,-2.86,8.38));
#11702 = VECTOR('',#11703,1.);
#11703 = DIRECTION('',(0.,1.,0.));
#11704 = PLANE('',#11705);
#11705 = AXIS2_PLACEMENT_3D('',#11706,#11707,#11708);
#11706 = CARTESIAN_POINT('',(-0.32,-2.86,-3.));
#11707 = DIRECTION('',(1.,0.,0.));
#11708 = DIRECTION('',(0.,0.,1.));
#11709 = ADVANCED_FACE('',(#11710),#11721,.F.);
#11710 = FACE_BOUND('',#11711,.F.);
#11711 = EDGE_LOOP('',(#11712,#11713,#11714,#11715));
#11712 = ORIENTED_EDGE('',*,*,#11634,.F.);
#11713 = ORIENTED_EDGE('',*,*,#10144,.T.);
#11714 = ORIENTED_EDGE('',*,*,#11689,.T.);
#11715 = ORIENTED_EDGE('',*,*,#11716,.T.);
#11716 = EDGE_CURVE('',#11690,#11635,#11717,.T.);
#11717 = LINE('',#11718,#11719);
#11718 = CARTESIAN_POINT('',(-0.32,-2.86,8.38));
#11719 = VECTOR('',#11720,1.);
#11720 = DIRECTION('',(1.,0.,0.));
#11721 = PLANE('',#11722);
#11722 = AXIS2_PLACEMENT_3D('',#11723,#11724,#11725);
#11723 = CARTESIAN_POINT('',(-0.32,-2.86,-3.));
#11724 = DIRECTION('',(0.,1.,0.));
#11725 = DIRECTION('',(0.,-0.,1.));
#11726 = ADVANCED_FACE('',(#11727),#11752,.F.);
#11727 = FACE_BOUND('',#11728,.F.);
#11728 = EDGE_LOOP('',(#11729,#11737,#11738,#11746));
#11729 = ORIENTED_EDGE('',*,*,#11730,.F.);
#11730 = EDGE_CURVE('',#10169,#11731,#11733,.T.);
#11731 = VERTEX_POINT('',#11732);
#11732 = CARTESIAN_POINT('',(0.32,-13.02,8.38));
#11733 = LINE('',#11734,#11735);
#11734 = CARTESIAN_POINT('',(0.32,-13.02,-3.));
#11735 = VECTOR('',#11736,1.);
#11736 = DIRECTION('',(0.,0.,1.));
#11737 = ORIENTED_EDGE('',*,*,#10168,.T.);
#11738 = ORIENTED_EDGE('',*,*,#11739,.T.);
#11739 = EDGE_CURVE('',#10171,#11740,#11742,.T.);
#11740 = VERTEX_POINT('',#11741);
#11741 = CARTESIAN_POINT('',(-0.32,-13.02,8.38));
#11742 = LINE('',#11743,#11744);
#11743 = CARTESIAN_POINT('',(-0.32,-13.02,-3.));
#11744 = VECTOR('',#11745,1.);
#11745 = DIRECTION('',(0.,0.,1.));
#11746 = ORIENTED_EDGE('',*,*,#11747,.T.);
#11747 = EDGE_CURVE('',#11740,#11731,#11748,.T.);
#11748 = LINE('',#11749,#11750);
#11749 = CARTESIAN_POINT('',(-0.32,-13.02,8.38));
#11750 = VECTOR('',#11751,1.);
#11751 = DIRECTION('',(1.,0.,0.));
#11752 = PLANE('',#11753);
#11753 = AXIS2_PLACEMENT_3D('',#11754,#11755,#11756);
#11754 = CARTESIAN_POINT('',(-0.32,-13.02,-3.));
#11755 = DIRECTION('',(0.,1.,0.));
#11756 = DIRECTION('',(0.,-0.,1.));
#11757 = ADVANCED_FACE('',(#11758),#11776,.T.);
#11758 = FACE_BOUND('',#11759,.T.);
#11759 = EDGE_LOOP('',(#11760,#11761,#11762,#11770));
#11760 = ORIENTED_EDGE('',*,*,#11730,.F.);
#11761 = ORIENTED_EDGE('',*,*,#10194,.T.);
#11762 = ORIENTED_EDGE('',*,*,#11763,.T.);
#11763 = EDGE_CURVE('',#10187,#11764,#11766,.T.);
#11764 = VERTEX_POINT('',#11765);
#11765 = CARTESIAN_POINT('',(0.32,-12.38,8.38));
#11766 = LINE('',#11767,#11768);
#11767 = CARTESIAN_POINT('',(0.32,-12.38,-3.));
#11768 = VECTOR('',#11769,1.);
#11769 = DIRECTION('',(0.,0.,1.));
#11770 = ORIENTED_EDGE('',*,*,#11771,.F.);
#11771 = EDGE_CURVE('',#11731,#11764,#11772,.T.);
#11772 = LINE('',#11773,#11774);
#11773 = CARTESIAN_POINT('',(0.32,-13.02,8.38));
#11774 = VECTOR('',#11775,1.);
#11775 = DIRECTION('',(0.,1.,0.));
#11776 = PLANE('',#11777);
#11777 = AXIS2_PLACEMENT_3D('',#11778,#11779,#11780);
#11778 = CARTESIAN_POINT('',(0.32,-13.02,-3.));
#11779 = DIRECTION('',(1.,0.,0.));
#11780 = DIRECTION('',(0.,0.,1.));
#11781 = ADVANCED_FACE('',(#11782),#11800,.T.);
#11782 = FACE_BOUND('',#11783,.T.);
#11783 = EDGE_LOOP('',(#11784,#11785,#11786,#11794));
#11784 = ORIENTED_EDGE('',*,*,#11763,.F.);
#11785 = ORIENTED_EDGE('',*,*,#10186,.T.);
#11786 = ORIENTED_EDGE('',*,*,#11787,.T.);
#11787 = EDGE_CURVE('',#10179,#11788,#11790,.T.);
#11788 = VERTEX_POINT('',#11789);
#11789 = CARTESIAN_POINT('',(-0.32,-12.38,8.38));
#11790 = LINE('',#11791,#11792);
#11791 = CARTESIAN_POINT('',(-0.32,-12.38,-3.));
#11792 = VECTOR('',#11793,1.);
#11793 = DIRECTION('',(0.,0.,1.));
#11794 = ORIENTED_EDGE('',*,*,#11795,.T.);
#11795 = EDGE_CURVE('',#11788,#11764,#11796,.T.);
#11796 = LINE('',#11797,#11798);
#11797 = CARTESIAN_POINT('',(-0.32,-12.38,8.38));
#11798 = VECTOR('',#11799,1.);
#11799 = DIRECTION('',(1.,0.,0.));
#11800 = PLANE('',#11801);
#11801 = AXIS2_PLACEMENT_3D('',#11802,#11803,#11804);
#11802 = CARTESIAN_POINT('',(-0.32,-12.38,-3.));
#11803 = DIRECTION('',(0.,1.,0.));
#11804 = DIRECTION('',(0.,-0.,1.));
#11805 = ADVANCED_FACE('',(#11806),#11817,.F.);
#11806 = FACE_BOUND('',#11807,.F.);
#11807 = EDGE_LOOP('',(#11808,#11809,#11810,#11811));
#11808 = ORIENTED_EDGE('',*,*,#11739,.F.);
#11809 = ORIENTED_EDGE('',*,*,#10178,.T.);
#11810 = ORIENTED_EDGE('',*,*,#11787,.T.);
#11811 = ORIENTED_EDGE('',*,*,#11812,.F.);
#11812 = EDGE_CURVE('',#11740,#11788,#11813,.T.);
#11813 = LINE('',#11814,#11815);
#11814 = CARTESIAN_POINT('',(-0.32,-13.02,8.38));
#11815 = VECTOR('',#11816,1.);
#11816 = DIRECTION('',(0.,1.,0.));
#11817 = PLANE('',#11818);
#11818 = AXIS2_PLACEMENT_3D('',#11819,#11820,#11821);
#11819 = CARTESIAN_POINT('',(-0.32,-13.02,-3.));
#11820 = DIRECTION('',(1.,0.,0.));
#11821 = DIRECTION('',(0.,0.,1.));
#11822 = ADVANCED_FACE('',(#11823),#11848,.T.);
#11823 = FACE_BOUND('',#11824,.T.);
#11824 = EDGE_LOOP('',(#11825,#11833,#11834,#11842));
#11825 = ORIENTED_EDGE('',*,*,#11826,.F.);
#11826 = EDGE_CURVE('',#10203,#11827,#11829,.T.);
#11827 = VERTEX_POINT('',#11828);
#11828 = CARTESIAN_POINT('',(0.32,-9.84,8.38));
#11829 = LINE('',#11830,#11831);
#11830 = CARTESIAN_POINT('',(0.32,-9.84,-3.));
#11831 = VECTOR('',#11832,1.);
#11832 = DIRECTION('',(0.,0.,1.));
#11833 = ORIENTED_EDGE('',*,*,#10202,.T.);
#11834 = ORIENTED_EDGE('',*,*,#11835,.T.);
#11835 = EDGE_CURVE('',#10205,#11836,#11838,.T.);
#11836 = VERTEX_POINT('',#11837);
#11837 = CARTESIAN_POINT('',(-0.32,-9.84,8.38));
#11838 = LINE('',#11839,#11840);
#11839 = CARTESIAN_POINT('',(-0.32,-9.84,-3.));
#11840 = VECTOR('',#11841,1.);
#11841 = DIRECTION('',(0.,0.,1.));
#11842 = ORIENTED_EDGE('',*,*,#11843,.T.);
#11843 = EDGE_CURVE('',#11836,#11827,#11844,.T.);
#11844 = LINE('',#11845,#11846);
#11845 = CARTESIAN_POINT('',(-0.32,-9.84,8.38));
#11846 = VECTOR('',#11847,1.);
#11847 = DIRECTION('',(1.,0.,0.));
#11848 = PLANE('',#11849);
#11849 = AXIS2_PLACEMENT_3D('',#11850,#11851,#11852);
#11850 = CARTESIAN_POINT('',(-0.32,-9.84,-3.));
#11851 = DIRECTION('',(0.,1.,0.));
#11852 = DIRECTION('',(0.,-0.,1.));
#11853 = ADVANCED_FACE('',(#11854),#11872,.F.);
#11854 = FACE_BOUND('',#11855,.F.);
#11855 = EDGE_LOOP('',(#11856,#11864,#11865,#11866));
#11856 = ORIENTED_EDGE('',*,*,#11857,.F.);
#11857 = EDGE_CURVE('',#10221,#11858,#11860,.T.);
#11858 = VERTEX_POINT('',#11859);
#11859 = CARTESIAN_POINT('',(-0.32,-10.48,8.38));
#11860 = LINE('',#11861,#11862);
#11861 = CARTESIAN_POINT('',(-0.32,-10.48,-3.));
#11862 = VECTOR('',#11863,1.);
#11863 = DIRECTION('',(0.,0.,1.));
#11864 = ORIENTED_EDGE('',*,*,#10228,.T.);
#11865 = ORIENTED_EDGE('',*,*,#11835,.T.);
#11866 = ORIENTED_EDGE('',*,*,#11867,.F.);
#11867 = EDGE_CURVE('',#11858,#11836,#11868,.T.);
#11868 = LINE('',#11869,#11870);
#11869 = CARTESIAN_POINT('',(-0.32,-10.48,8.38));
#11870 = VECTOR('',#11871,1.);
#11871 = DIRECTION('',(0.,1.,0.));
#11872 = PLANE('',#11873);
#11873 = AXIS2_PLACEMENT_3D('',#11874,#11875,#11876);
#11874 = CARTESIAN_POINT('',(-0.32,-10.48,-3.));
#11875 = DIRECTION('',(1.,0.,0.));
#11876 = DIRECTION('',(0.,0.,1.));
#11877 = ADVANCED_FACE('',(#11878),#11896,.F.);
#11878 = FACE_BOUND('',#11879,.F.);
#11879 = EDGE_LOOP('',(#11880,#11888,#11889,#11890));
#11880 = ORIENTED_EDGE('',*,*,#11881,.F.);
#11881 = EDGE_CURVE('',#10213,#11882,#11884,.T.);
#11882 = VERTEX_POINT('',#11883);
#11883 = CARTESIAN_POINT('',(0.32,-10.48,8.38));
#11884 = LINE('',#11885,#11886);
#11885 = CARTESIAN_POINT('',(0.32,-10.48,-3.));
#11886 = VECTOR('',#11887,1.);
#11887 = DIRECTION('',(0.,0.,1.));
#11888 = ORIENTED_EDGE('',*,*,#10220,.T.);
#11889 = ORIENTED_EDGE('',*,*,#11857,.T.);
#11890 = ORIENTED_EDGE('',*,*,#11891,.T.);
#11891 = EDGE_CURVE('',#11858,#11882,#11892,.T.);
#11892 = LINE('',#11893,#11894);
#11893 = CARTESIAN_POINT('',(-0.32,-10.48,8.38));
#11894 = VECTOR('',#11895,1.);
#11895 = DIRECTION('',(1.,0.,0.));
#11896 = PLANE('',#11897);
#11897 = AXIS2_PLACEMENT_3D('',#11898,#11899,#11900);
#11898 = CARTESIAN_POINT('',(-0.32,-10.48,-3.));
#11899 = DIRECTION('',(0.,1.,0.));
#11900 = DIRECTION('',(0.,-0.,1.));
#11901 = ADVANCED_FACE('',(#11902),#11913,.T.);
#11902 = FACE_BOUND('',#11903,.T.);
#11903 = EDGE_LOOP('',(#11904,#11905,#11906,#11907));
#11904 = ORIENTED_EDGE('',*,*,#11881,.F.);
#11905 = ORIENTED_EDGE('',*,*,#10212,.T.);
#11906 = ORIENTED_EDGE('',*,*,#11826,.T.);
#11907 = ORIENTED_EDGE('',*,*,#11908,.F.);
#11908 = EDGE_CURVE('',#11882,#11827,#11909,.T.);
#11909 = LINE('',#11910,#11911);
#11910 = CARTESIAN_POINT('',(0.32,-10.48,8.38));
#11911 = VECTOR('',#11912,1.);
#11912 = DIRECTION('',(0.,1.,0.));
#11913 = PLANE('',#11914);
#11914 = AXIS2_PLACEMENT_3D('',#11915,#11916,#11917);
#11915 = CARTESIAN_POINT('',(0.32,-10.48,-3.));
#11916 = DIRECTION('',(1.,0.,0.));
#11917 = DIRECTION('',(0.,0.,1.));
#11918 = ADVANCED_FACE('',(#11919),#11944,.F.);
#11919 = FACE_BOUND('',#11920,.F.);
#11920 = EDGE_LOOP('',(#11921,#11929,#11930,#11938));
#11921 = ORIENTED_EDGE('',*,*,#11922,.F.);
#11922 = EDGE_CURVE('',#10237,#11923,#11925,.T.);
#11923 = VERTEX_POINT('',#11924);
#11924 = CARTESIAN_POINT('',(0.32,-7.94,8.38));
#11925 = LINE('',#11926,#11927);
#11926 = CARTESIAN_POINT('',(0.32,-7.94,-3.));
#11927 = VECTOR('',#11928,1.);
#11928 = DIRECTION('',(0.,0.,1.));
#11929 = ORIENTED_EDGE('',*,*,#10236,.T.);
#11930 = ORIENTED_EDGE('',*,*,#11931,.T.);
#11931 = EDGE_CURVE('',#10239,#11932,#11934,.T.);
#11932 = VERTEX_POINT('',#11933);
#11933 = CARTESIAN_POINT('',(-0.32,-7.94,8.38));
#11934 = LINE('',#11935,#11936);
#11935 = CARTESIAN_POINT('',(-0.32,-7.94,-3.));
#11936 = VECTOR('',#11937,1.);
#11937 = DIRECTION('',(0.,0.,1.));
#11938 = ORIENTED_EDGE('',*,*,#11939,.T.);
#11939 = EDGE_CURVE('',#11932,#11923,#11940,.T.);
#11940 = LINE('',#11941,#11942);
#11941 = CARTESIAN_POINT('',(-0.32,-7.94,8.38));
#11942 = VECTOR('',#11943,1.);
#11943 = DIRECTION('',(1.,0.,0.));
#11944 = PLANE('',#11945);
#11945 = AXIS2_PLACEMENT_3D('',#11946,#11947,#11948);
#11946 = CARTESIAN_POINT('',(-0.32,-7.94,-3.));
#11947 = DIRECTION('',(0.,1.,0.));
#11948 = DIRECTION('',(0.,-0.,1.));
#11949 = ADVANCED_FACE('',(#11950),#11968,.T.);
#11950 = FACE_BOUND('',#11951,.T.);
#11951 = EDGE_LOOP('',(#11952,#11953,#11954,#11962));
#11952 = ORIENTED_EDGE('',*,*,#11922,.F.);
#11953 = ORIENTED_EDGE('',*,*,#10262,.T.);
#11954 = ORIENTED_EDGE('',*,*,#11955,.T.);
#11955 = EDGE_CURVE('',#10255,#11956,#11958,.T.);
#11956 = VERTEX_POINT('',#11957);
#11957 = CARTESIAN_POINT('',(0.32,-7.3,8.38));
#11958 = LINE('',#11959,#11960);
#11959 = CARTESIAN_POINT('',(0.32,-7.3,-3.));
#11960 = VECTOR('',#11961,1.);
#11961 = DIRECTION('',(0.,0.,1.));
#11962 = ORIENTED_EDGE('',*,*,#11963,.F.);
#11963 = EDGE_CURVE('',#11923,#11956,#11964,.T.);
#11964 = LINE('',#11965,#11966);
#11965 = CARTESIAN_POINT('',(0.32,-7.94,8.38));
#11966 = VECTOR('',#11967,1.);
#11967 = DIRECTION('',(0.,1.,0.));
#11968 = PLANE('',#11969);
#11969 = AXIS2_PLACEMENT_3D('',#11970,#11971,#11972);
#11970 = CARTESIAN_POINT('',(0.32,-7.94,-3.));
#11971 = DIRECTION('',(1.,0.,0.));
#11972 = DIRECTION('',(0.,0.,1.));
#11973 = ADVANCED_FACE('',(#11974),#11992,.T.);
#11974 = FACE_BOUND('',#11975,.T.);
#11975 = EDGE_LOOP('',(#11976,#11977,#11978,#11986));
#11976 = ORIENTED_EDGE('',*,*,#11955,.F.);
#11977 = ORIENTED_EDGE('',*,*,#10254,.T.);
#11978 = ORIENTED_EDGE('',*,*,#11979,.T.);
#11979 = EDGE_CURVE('',#10247,#11980,#11982,.T.);
#11980 = VERTEX_POINT('',#11981);
#11981 = CARTESIAN_POINT('',(-0.32,-7.3,8.38));
#11982 = LINE('',#11983,#11984);
#11983 = CARTESIAN_POINT('',(-0.32,-7.3,-3.));
#11984 = VECTOR('',#11985,1.);
#11985 = DIRECTION('',(0.,0.,1.));
#11986 = ORIENTED_EDGE('',*,*,#11987,.T.);
#11987 = EDGE_CURVE('',#11980,#11956,#11988,.T.);
#11988 = LINE('',#11989,#11990);
#11989 = CARTESIAN_POINT('',(-0.32,-7.3,8.38));
#11990 = VECTOR('',#11991,1.);
#11991 = DIRECTION('',(1.,0.,0.));
#11992 = PLANE('',#11993);
#11993 = AXIS2_PLACEMENT_3D('',#11994,#11995,#11996);
#11994 = CARTESIAN_POINT('',(-0.32,-7.3,-3.));
#11995 = DIRECTION('',(0.,1.,0.));
#11996 = DIRECTION('',(0.,-0.,1.));
#11997 = ADVANCED_FACE('',(#11998),#12009,.F.);
#11998 = FACE_BOUND('',#11999,.F.);
#11999 = EDGE_LOOP('',(#12000,#12001,#12002,#12003));
#12000 = ORIENTED_EDGE('',*,*,#11931,.F.);
#12001 = ORIENTED_EDGE('',*,*,#10246,.T.);
#12002 = ORIENTED_EDGE('',*,*,#11979,.T.);
#12003 = ORIENTED_EDGE('',*,*,#12004,.F.);
#12004 = EDGE_CURVE('',#11932,#11980,#12005,.T.);
#12005 = LINE('',#12006,#12007);
#12006 = CARTESIAN_POINT('',(-0.32,-7.94,8.38));
#12007 = VECTOR('',#12008,1.);
#12008 = DIRECTION('',(0.,1.,0.));
#12009 = PLANE('',#12010);
#12010 = AXIS2_PLACEMENT_3D('',#12011,#12012,#12013);
#12011 = CARTESIAN_POINT('',(-0.32,-7.94,-3.));
#12012 = DIRECTION('',(1.,0.,0.));
#12013 = DIRECTION('',(0.,0.,1.));
#12014 = ADVANCED_FACE('',(#12015),#12040,.F.);
#12015 = FACE_BOUND('',#12016,.F.);
#12016 = EDGE_LOOP('',(#12017,#12025,#12026,#12034));
#12017 = ORIENTED_EDGE('',*,*,#12018,.F.);
#12018 = EDGE_CURVE('',#10867,#12019,#12021,.T.);
#12019 = VERTEX_POINT('',#12020);
#12020 = CARTESIAN_POINT('',(0.16,-0.16,-3.));
#12021 = LINE('',#12022,#12023);
#12022 = CARTESIAN_POINT('',(0.16,-0.16,-3.));
#12023 = VECTOR('',#12024,1.);
#12024 = DIRECTION('',(-0.57735026919,0.57735026919,-0.57735026919));
#12025 = ORIENTED_EDGE('',*,*,#10874,.T.);
#12026 = ORIENTED_EDGE('',*,*,#12027,.T.);
#12027 = EDGE_CURVE('',#10875,#12028,#12030,.T.);
#12028 = VERTEX_POINT('',#12029);
#12029 = CARTESIAN_POINT('',(0.16,0.16,-3.));
#12030 = LINE('',#12031,#12032);
#12031 = CARTESIAN_POINT('',(5.333333333333E-02,5.333333333333E-02,
    -3.106666666667));
#12032 = VECTOR('',#12033,1.);
#12033 = DIRECTION('',(-0.57735026919,-0.57735026919,-0.57735026919));
#12034 = ORIENTED_EDGE('',*,*,#12035,.F.);
#12035 = EDGE_CURVE('',#12019,#12028,#12036,.T.);
#12036 = LINE('',#12037,#12038);
#12037 = CARTESIAN_POINT('',(0.16,-0.32,-3.));
#12038 = VECTOR('',#12039,1.);
#12039 = DIRECTION('',(0.,1.,0.));
#12040 = PLANE('',#12041);
#12041 = AXIS2_PLACEMENT_3D('',#12042,#12043,#12044);
#12042 = CARTESIAN_POINT('',(0.24,-0.32,-2.92));
#12043 = DIRECTION('',(-0.707106781187,1.735167508357E-18,0.707106781187
    ));
#12044 = DIRECTION('',(1.226948711654E-18,1.,-1.226948711654E-18));
#12045 = ADVANCED_FACE('',(#12046),#12064,.F.);
#12046 = FACE_BOUND('',#12047,.T.);
#12047 = EDGE_LOOP('',(#12048,#12056,#12057,#12058));
#12048 = ORIENTED_EDGE('',*,*,#12049,.F.);
#12049 = EDGE_CURVE('',#10899,#12050,#12052,.T.);
#12050 = VERTEX_POINT('',#12051);
#12051 = CARTESIAN_POINT('',(-0.16,0.16,-3.));
#12052 = LINE('',#12053,#12054);
#12053 = CARTESIAN_POINT('',(-0.16,0.16,-3.));
#12054 = VECTOR('',#12055,1.);
#12055 = DIRECTION('',(0.57735026919,-0.57735026919,-0.57735026919));
#12056 = ORIENTED_EDGE('',*,*,#10898,.T.);
#12057 = ORIENTED_EDGE('',*,*,#12027,.T.);
#12058 = ORIENTED_EDGE('',*,*,#12059,.F.);
#12059 = EDGE_CURVE('',#12050,#12028,#12060,.T.);
#12060 = LINE('',#12061,#12062);
#12061 = CARTESIAN_POINT('',(-0.32,0.16,-3.));
#12062 = VECTOR('',#12063,1.);
#12063 = DIRECTION('',(1.,0.,0.));
#12064 = PLANE('',#12065);
#12065 = AXIS2_PLACEMENT_3D('',#12066,#12067,#12068);
#12066 = CARTESIAN_POINT('',(-0.32,0.24,-2.92));
#12067 = DIRECTION('',(-1.735167508357E-18,-0.707106781187,
    0.707106781187));
#12068 = DIRECTION('',(-1.,1.226948711654E-18,-1.226948711654E-18));
#12069 = ADVANCED_FACE('',(#12070),#12088,.T.);
#12070 = FACE_BOUND('',#12071,.T.);
#12071 = EDGE_LOOP('',(#12072,#12080,#12081,#12082));
#12072 = ORIENTED_EDGE('',*,*,#12073,.F.);
#12073 = EDGE_CURVE('',#10922,#12074,#12076,.T.);
#12074 = VERTEX_POINT('',#12075);
#12075 = CARTESIAN_POINT('',(-0.16,-0.16,-3.));
#12076 = LINE('',#12077,#12078);
#12077 = CARTESIAN_POINT('',(-0.266666666667,-0.266666666667,
    -2.893333333333));
#12078 = VECTOR('',#12079,1.);
#12079 = DIRECTION('',(0.57735026919,0.57735026919,-0.57735026919));
#12080 = ORIENTED_EDGE('',*,*,#10929,.T.);
#12081 = ORIENTED_EDGE('',*,*,#12049,.T.);
#12082 = ORIENTED_EDGE('',*,*,#12083,.F.);
#12083 = EDGE_CURVE('',#12074,#12050,#12084,.T.);
#12084 = LINE('',#12085,#12086);
#12085 = CARTESIAN_POINT('',(-0.16,-0.32,-3.));
#12086 = VECTOR('',#12087,1.);
#12087 = DIRECTION('',(0.,1.,0.));
#12088 = PLANE('',#12089);
#12089 = AXIS2_PLACEMENT_3D('',#12090,#12091,#12092);
#12090 = CARTESIAN_POINT('',(-0.24,-0.32,-2.92));
#12091 = DIRECTION('',(-0.707106781187,-1.735167508357E-18,
    -0.707106781187));
#12092 = DIRECTION('',(-1.226948711654E-18,1.,-1.226948711654E-18));
#12093 = ADVANCED_FACE('',(#12094),#12105,.T.);
#12094 = FACE_BOUND('',#12095,.F.);
#12095 = EDGE_LOOP('',(#12096,#12097,#12098,#12099));
#12096 = ORIENTED_EDGE('',*,*,#12073,.F.);
#12097 = ORIENTED_EDGE('',*,*,#10946,.T.);
#12098 = ORIENTED_EDGE('',*,*,#12018,.T.);
#12099 = ORIENTED_EDGE('',*,*,#12100,.F.);
#12100 = EDGE_CURVE('',#12074,#12019,#12101,.T.);
#12101 = LINE('',#12102,#12103);
#12102 = CARTESIAN_POINT('',(-0.32,-0.16,-3.));
#12103 = VECTOR('',#12104,1.);
#12104 = DIRECTION('',(1.,0.,0.));
#12105 = PLANE('',#12106);
#12106 = AXIS2_PLACEMENT_3D('',#12107,#12108,#12109);
#12107 = CARTESIAN_POINT('',(-0.32,-0.24,-2.92));
#12108 = DIRECTION('',(1.735167508357E-18,-0.707106781187,
    -0.707106781187));
#12109 = DIRECTION('',(-1.,-1.226948711654E-18,-1.226948711654E-18));
#12110 = ADVANCED_FACE('',(#12111),#12136,.F.);
#12111 = FACE_BOUND('',#12112,.F.);
#12112 = EDGE_LOOP('',(#12113,#12121,#12122,#12130));
#12113 = ORIENTED_EDGE('',*,*,#12114,.F.);
#12114 = EDGE_CURVE('',#10963,#12115,#12117,.T.);
#12115 = VERTEX_POINT('',#12116);
#12116 = CARTESIAN_POINT('',(0.16,-5.24,-3.));
#12117 = LINE('',#12118,#12119);
#12118 = CARTESIAN_POINT('',(0.16,-5.24,-3.));
#12119 = VECTOR('',#12120,1.);
#12120 = DIRECTION('',(-0.57735026919,0.57735026919,-0.57735026919));
#12121 = ORIENTED_EDGE('',*,*,#10970,.T.);
#12122 = ORIENTED_EDGE('',*,*,#12123,.T.);
#12123 = EDGE_CURVE('',#10971,#12124,#12126,.T.);
#12124 = VERTEX_POINT('',#12125);
#12125 = CARTESIAN_POINT('',(0.16,-4.92,-3.));
#12126 = LINE('',#12127,#12128);
#12127 = CARTESIAN_POINT('',(5.333333333333E-02,-5.026666666667,
    -3.106666666667));
#12128 = VECTOR('',#12129,1.);
#12129 = DIRECTION('',(-0.57735026919,-0.57735026919,-0.57735026919));
#12130 = ORIENTED_EDGE('',*,*,#12131,.F.);
#12131 = EDGE_CURVE('',#12115,#12124,#12132,.T.);
#12132 = LINE('',#12133,#12134);
#12133 = CARTESIAN_POINT('',(0.16,-5.4,-3.));
#12134 = VECTOR('',#12135,1.);
#12135 = DIRECTION('',(0.,1.,0.));
#12136 = PLANE('',#12137);
#12137 = AXIS2_PLACEMENT_3D('',#12138,#12139,#12140);
#12138 = CARTESIAN_POINT('',(0.24,-5.4,-2.92));
#12139 = DIRECTION('',(-0.707106781187,1.735167508357E-18,0.707106781187
    ));
#12140 = DIRECTION('',(1.226948711654E-18,1.,-1.226948711654E-18));
#12141 = ADVANCED_FACE('',(#12142),#12160,.F.);
#12142 = FACE_BOUND('',#12143,.T.);
#12143 = EDGE_LOOP('',(#12144,#12152,#12153,#12154));
#12144 = ORIENTED_EDGE('',*,*,#12145,.F.);
#12145 = EDGE_CURVE('',#10995,#12146,#12148,.T.);
#12146 = VERTEX_POINT('',#12147);
#12147 = CARTESIAN_POINT('',(-0.16,-4.92,-3.));
#12148 = LINE('',#12149,#12150);
#12149 = CARTESIAN_POINT('',(-0.16,-4.92,-3.));
#12150 = VECTOR('',#12151,1.);
#12151 = DIRECTION('',(0.57735026919,-0.57735026919,-0.57735026919));
#12152 = ORIENTED_EDGE('',*,*,#10994,.T.);
#12153 = ORIENTED_EDGE('',*,*,#12123,.T.);
#12154 = ORIENTED_EDGE('',*,*,#12155,.F.);
#12155 = EDGE_CURVE('',#12146,#12124,#12156,.T.);
#12156 = LINE('',#12157,#12158);
#12157 = CARTESIAN_POINT('',(-0.32,-4.92,-3.));
#12158 = VECTOR('',#12159,1.);
#12159 = DIRECTION('',(1.,0.,0.));
#12160 = PLANE('',#12161);
#12161 = AXIS2_PLACEMENT_3D('',#12162,#12163,#12164);
#12162 = CARTESIAN_POINT('',(-0.32,-4.84,-2.92));
#12163 = DIRECTION('',(-1.735167508357E-18,-0.707106781187,
    0.707106781187));
#12164 = DIRECTION('',(-1.,1.226948711654E-18,-1.226948711654E-18));
#12165 = ADVANCED_FACE('',(#12166),#12184,.T.);
#12166 = FACE_BOUND('',#12167,.T.);
#12167 = EDGE_LOOP('',(#12168,#12176,#12177,#12178));
#12168 = ORIENTED_EDGE('',*,*,#12169,.F.);
#12169 = EDGE_CURVE('',#11018,#12170,#12172,.T.);
#12170 = VERTEX_POINT('',#12171);
#12171 = CARTESIAN_POINT('',(-0.16,-5.24,-3.));
#12172 = LINE('',#12173,#12174);
#12173 = CARTESIAN_POINT('',(-0.266666666667,-5.346666666667,
    -2.893333333333));
#12174 = VECTOR('',#12175,1.);
#12175 = DIRECTION('',(0.57735026919,0.57735026919,-0.57735026919));
#12176 = ORIENTED_EDGE('',*,*,#11025,.T.);
#12177 = ORIENTED_EDGE('',*,*,#12145,.T.);
#12178 = ORIENTED_EDGE('',*,*,#12179,.F.);
#12179 = EDGE_CURVE('',#12170,#12146,#12180,.T.);
#12180 = LINE('',#12181,#12182);
#12181 = CARTESIAN_POINT('',(-0.16,-5.4,-3.));
#12182 = VECTOR('',#12183,1.);
#12183 = DIRECTION('',(0.,1.,0.));
#12184 = PLANE('',#12185);
#12185 = AXIS2_PLACEMENT_3D('',#12186,#12187,#12188);
#12186 = CARTESIAN_POINT('',(-0.24,-5.4,-2.92));
#12187 = DIRECTION('',(-0.707106781187,-1.735167508357E-18,
    -0.707106781187));
#12188 = DIRECTION('',(-1.226948711654E-18,1.,-1.226948711654E-18));
#12189 = ADVANCED_FACE('',(#12190),#12201,.T.);
#12190 = FACE_BOUND('',#12191,.F.);
#12191 = EDGE_LOOP('',(#12192,#12193,#12194,#12195));
#12192 = ORIENTED_EDGE('',*,*,#12169,.F.);
#12193 = ORIENTED_EDGE('',*,*,#11042,.T.);
#12194 = ORIENTED_EDGE('',*,*,#12114,.T.);
#12195 = ORIENTED_EDGE('',*,*,#12196,.F.);
#12196 = EDGE_CURVE('',#12170,#12115,#12197,.T.);
#12197 = LINE('',#12198,#12199);
#12198 = CARTESIAN_POINT('',(-0.32,-5.24,-3.));
#12199 = VECTOR('',#12200,1.);
#12200 = DIRECTION('',(1.,0.,0.));
#12201 = PLANE('',#12202);
#12202 = AXIS2_PLACEMENT_3D('',#12203,#12204,#12205);
#12203 = CARTESIAN_POINT('',(-0.32,-5.32,-2.92));
#12204 = DIRECTION('',(1.735167508357E-18,-0.707106781187,
    -0.707106781187));
#12205 = DIRECTION('',(-1.,-1.226948711654E-18,-1.226948711654E-18));
#12206 = ADVANCED_FACE('',(#12207),#12232,.F.);
#12207 = FACE_BOUND('',#12208,.F.);
#12208 = EDGE_LOOP('',(#12209,#12217,#12218,#12226));
#12209 = ORIENTED_EDGE('',*,*,#12210,.F.);
#12210 = EDGE_CURVE('',#11059,#12211,#12213,.T.);
#12211 = VERTEX_POINT('',#12212);
#12212 = CARTESIAN_POINT('',(0.16,-2.7,-3.));
#12213 = LINE('',#12214,#12215);
#12214 = CARTESIAN_POINT('',(0.16,-2.7,-3.));
#12215 = VECTOR('',#12216,1.);
#12216 = DIRECTION('',(-0.57735026919,0.57735026919,-0.57735026919));
#12217 = ORIENTED_EDGE('',*,*,#11066,.T.);
#12218 = ORIENTED_EDGE('',*,*,#12219,.T.);
#12219 = EDGE_CURVE('',#11067,#12220,#12222,.T.);
#12220 = VERTEX_POINT('',#12221);
#12221 = CARTESIAN_POINT('',(0.16,-2.38,-3.));
#12222 = LINE('',#12223,#12224);
#12223 = CARTESIAN_POINT('',(5.333333333333E-02,-2.486666666667,
    -3.106666666667));
#12224 = VECTOR('',#12225,1.);
#12225 = DIRECTION('',(-0.57735026919,-0.57735026919,-0.57735026919));
#12226 = ORIENTED_EDGE('',*,*,#12227,.F.);
#12227 = EDGE_CURVE('',#12211,#12220,#12228,.T.);
#12228 = LINE('',#12229,#12230);
#12229 = CARTESIAN_POINT('',(0.16,-2.86,-3.));
#12230 = VECTOR('',#12231,1.);
#12231 = DIRECTION('',(0.,1.,0.));
#12232 = PLANE('',#12233);
#12233 = AXIS2_PLACEMENT_3D('',#12234,#12235,#12236);
#12234 = CARTESIAN_POINT('',(0.24,-2.86,-2.92));
#12235 = DIRECTION('',(-0.707106781187,1.735167508357E-18,0.707106781187
    ));
#12236 = DIRECTION('',(1.226948711654E-18,1.,-1.226948711654E-18));
#12237 = ADVANCED_FACE('',(#12238),#12256,.F.);
#12238 = FACE_BOUND('',#12239,.T.);
#12239 = EDGE_LOOP('',(#12240,#12248,#12249,#12250));
#12240 = ORIENTED_EDGE('',*,*,#12241,.F.);
#12241 = EDGE_CURVE('',#11091,#12242,#12244,.T.);
#12242 = VERTEX_POINT('',#12243);
#12243 = CARTESIAN_POINT('',(-0.16,-2.38,-3.));
#12244 = LINE('',#12245,#12246);
#12245 = CARTESIAN_POINT('',(-0.16,-2.38,-3.));
#12246 = VECTOR('',#12247,1.);
#12247 = DIRECTION('',(0.57735026919,-0.57735026919,-0.57735026919));
#12248 = ORIENTED_EDGE('',*,*,#11090,.T.);
#12249 = ORIENTED_EDGE('',*,*,#12219,.T.);
#12250 = ORIENTED_EDGE('',*,*,#12251,.F.);
#12251 = EDGE_CURVE('',#12242,#12220,#12252,.T.);
#12252 = LINE('',#12253,#12254);
#12253 = CARTESIAN_POINT('',(-0.32,-2.38,-3.));
#12254 = VECTOR('',#12255,1.);
#12255 = DIRECTION('',(1.,0.,0.));
#12256 = PLANE('',#12257);
#12257 = AXIS2_PLACEMENT_3D('',#12258,#12259,#12260);
#12258 = CARTESIAN_POINT('',(-0.32,-2.3,-2.92));
#12259 = DIRECTION('',(-1.735167508357E-18,-0.707106781187,
    0.707106781187));
#12260 = DIRECTION('',(-1.,1.226948711654E-18,-1.226948711654E-18));
#12261 = ADVANCED_FACE('',(#12262),#12280,.T.);
#12262 = FACE_BOUND('',#12263,.T.);
#12263 = EDGE_LOOP('',(#12264,#12272,#12273,#12274));
#12264 = ORIENTED_EDGE('',*,*,#12265,.F.);
#12265 = EDGE_CURVE('',#11114,#12266,#12268,.T.);
#12266 = VERTEX_POINT('',#12267);
#12267 = CARTESIAN_POINT('',(-0.16,-2.7,-3.));
#12268 = LINE('',#12269,#12270);
#12269 = CARTESIAN_POINT('',(-0.266666666667,-2.806666666667,
    -2.893333333333));
#12270 = VECTOR('',#12271,1.);
#12271 = DIRECTION('',(0.57735026919,0.57735026919,-0.57735026919));
#12272 = ORIENTED_EDGE('',*,*,#11121,.T.);
#12273 = ORIENTED_EDGE('',*,*,#12241,.T.);
#12274 = ORIENTED_EDGE('',*,*,#12275,.F.);
#12275 = EDGE_CURVE('',#12266,#12242,#12276,.T.);
#12276 = LINE('',#12277,#12278);
#12277 = CARTESIAN_POINT('',(-0.16,-2.86,-3.));
#12278 = VECTOR('',#12279,1.);
#12279 = DIRECTION('',(0.,1.,0.));
#12280 = PLANE('',#12281);
#12281 = AXIS2_PLACEMENT_3D('',#12282,#12283,#12284);
#12282 = CARTESIAN_POINT('',(-0.24,-2.86,-2.92));
#12283 = DIRECTION('',(-0.707106781187,-1.735167508357E-18,
    -0.707106781187));
#12284 = DIRECTION('',(-1.226948711654E-18,1.,-1.226948711654E-18));
#12285 = ADVANCED_FACE('',(#12286),#12297,.T.);
#12286 = FACE_BOUND('',#12287,.F.);
#12287 = EDGE_LOOP('',(#12288,#12289,#12290,#12291));
#12288 = ORIENTED_EDGE('',*,*,#12265,.F.);
#12289 = ORIENTED_EDGE('',*,*,#11138,.T.);
#12290 = ORIENTED_EDGE('',*,*,#12210,.T.);
#12291 = ORIENTED_EDGE('',*,*,#12292,.F.);
#12292 = EDGE_CURVE('',#12266,#12211,#12293,.T.);
#12293 = LINE('',#12294,#12295);
#12294 = CARTESIAN_POINT('',(-0.32,-2.7,-3.));
#12295 = VECTOR('',#12296,1.);
#12296 = DIRECTION('',(1.,0.,0.));
#12297 = PLANE('',#12298);
#12298 = AXIS2_PLACEMENT_3D('',#12299,#12300,#12301);
#12299 = CARTESIAN_POINT('',(-0.32,-2.78,-2.92));
#12300 = DIRECTION('',(1.735167508357E-18,-0.707106781187,
    -0.707106781187));
#12301 = DIRECTION('',(-1.,-1.226948711654E-18,-1.226948711654E-18));
#12302 = ADVANCED_FACE('',(#12303),#12328,.T.);
#12303 = FACE_BOUND('',#12304,.F.);
#12304 = EDGE_LOOP('',(#12305,#12313,#12314,#12322));
#12305 = ORIENTED_EDGE('',*,*,#12306,.F.);
#12306 = EDGE_CURVE('',#11163,#12307,#12309,.T.);
#12307 = VERTEX_POINT('',#12308);
#12308 = CARTESIAN_POINT('',(-0.16,-12.86,-3.));
#12309 = LINE('',#12310,#12311);
#12310 = CARTESIAN_POINT('',(-0.266666666667,-12.96666666666,
    -2.893333333333));
#12311 = VECTOR('',#12312,1.);
#12312 = DIRECTION('',(0.57735026919,0.57735026919,-0.57735026919));
#12313 = ORIENTED_EDGE('',*,*,#11162,.T.);
#12314 = ORIENTED_EDGE('',*,*,#12315,.T.);
#12315 = EDGE_CURVE('',#11155,#12316,#12318,.T.);
#12316 = VERTEX_POINT('',#12317);
#12317 = CARTESIAN_POINT('',(0.16,-12.86,-3.));
#12318 = LINE('',#12319,#12320);
#12319 = CARTESIAN_POINT('',(0.16,-12.86,-3.));
#12320 = VECTOR('',#12321,1.);
#12321 = DIRECTION('',(-0.57735026919,0.57735026919,-0.57735026919));
#12322 = ORIENTED_EDGE('',*,*,#12323,.F.);
#12323 = EDGE_CURVE('',#12307,#12316,#12324,.T.);
#12324 = LINE('',#12325,#12326);
#12325 = CARTESIAN_POINT('',(-0.32,-12.86,-3.));
#12326 = VECTOR('',#12327,1.);
#12327 = DIRECTION('',(1.,0.,0.));
#12328 = PLANE('',#12329);
#12329 = AXIS2_PLACEMENT_3D('',#12330,#12331,#12332);
#12330 = CARTESIAN_POINT('',(-0.32,-12.94,-2.92));
#12331 = DIRECTION('',(1.735167508357E-18,-0.707106781187,
    -0.707106781187));
#12332 = DIRECTION('',(-1.,-1.226948711654E-18,-1.226948711654E-18));
#12333 = ADVANCED_FACE('',(#12334),#12352,.F.);
#12334 = FACE_BOUND('',#12335,.F.);
#12335 = EDGE_LOOP('',(#12336,#12337,#12338,#12346));
#12336 = ORIENTED_EDGE('',*,*,#12315,.F.);
#12337 = ORIENTED_EDGE('',*,*,#11186,.T.);
#12338 = ORIENTED_EDGE('',*,*,#12339,.T.);
#12339 = EDGE_CURVE('',#11187,#12340,#12342,.T.);
#12340 = VERTEX_POINT('',#12341);
#12341 = CARTESIAN_POINT('',(0.16,-12.54,-3.));
#12342 = LINE('',#12343,#12344);
#12343 = CARTESIAN_POINT('',(5.333333333333E-02,-12.64666666666,
    -3.106666666667));
#12344 = VECTOR('',#12345,1.);
#12345 = DIRECTION('',(-0.57735026919,-0.57735026919,-0.57735026919));
#12346 = ORIENTED_EDGE('',*,*,#12347,.F.);
#12347 = EDGE_CURVE('',#12316,#12340,#12348,.T.);
#12348 = LINE('',#12349,#12350);
#12349 = CARTESIAN_POINT('',(0.16,-13.02,-3.));
#12350 = VECTOR('',#12351,1.);
#12351 = DIRECTION('',(0.,1.,0.));
#12352 = PLANE('',#12353);
#12353 = AXIS2_PLACEMENT_3D('',#12354,#12355,#12356);
#12354 = CARTESIAN_POINT('',(0.24,-13.02,-2.92));
#12355 = DIRECTION('',(-0.707106781187,1.735167508357E-18,0.707106781187
    ));
#12356 = DIRECTION('',(1.226948711654E-18,1.,-1.226948711654E-18));
#12357 = ADVANCED_FACE('',(#12358),#12376,.F.);
#12358 = FACE_BOUND('',#12359,.T.);
#12359 = EDGE_LOOP('',(#12360,#12368,#12369,#12370));
#12360 = ORIENTED_EDGE('',*,*,#12361,.F.);
#12361 = EDGE_CURVE('',#11211,#12362,#12364,.T.);
#12362 = VERTEX_POINT('',#12363);
#12363 = CARTESIAN_POINT('',(-0.16,-12.54,-3.));
#12364 = LINE('',#12365,#12366);
#12365 = CARTESIAN_POINT('',(-0.16,-12.54,-3.));
#12366 = VECTOR('',#12367,1.);
#12367 = DIRECTION('',(0.57735026919,-0.57735026919,-0.57735026919));
#12368 = ORIENTED_EDGE('',*,*,#11210,.T.);
#12369 = ORIENTED_EDGE('',*,*,#12339,.T.);
#12370 = ORIENTED_EDGE('',*,*,#12371,.F.);
#12371 = EDGE_CURVE('',#12362,#12340,#12372,.T.);
#12372 = LINE('',#12373,#12374);
#12373 = CARTESIAN_POINT('',(-0.32,-12.54,-3.));
#12374 = VECTOR('',#12375,1.);
#12375 = DIRECTION('',(1.,0.,0.));
#12376 = PLANE('',#12377);
#12377 = AXIS2_PLACEMENT_3D('',#12378,#12379,#12380);
#12378 = CARTESIAN_POINT('',(-0.32,-12.46,-2.92));
#12379 = DIRECTION('',(-1.735167508357E-18,-0.707106781187,
    0.707106781187));
#12380 = DIRECTION('',(-1.,1.226948711654E-18,-1.226948711654E-18));
#12381 = ADVANCED_FACE('',(#12382),#12393,.T.);
#12382 = FACE_BOUND('',#12383,.T.);
#12383 = EDGE_LOOP('',(#12384,#12385,#12386,#12387));
#12384 = ORIENTED_EDGE('',*,*,#12306,.F.);
#12385 = ORIENTED_EDGE('',*,*,#11234,.T.);
#12386 = ORIENTED_EDGE('',*,*,#12361,.T.);
#12387 = ORIENTED_EDGE('',*,*,#12388,.F.);
#12388 = EDGE_CURVE('',#12307,#12362,#12389,.T.);
#12389 = LINE('',#12390,#12391);
#12390 = CARTESIAN_POINT('',(-0.16,-13.02,-3.));
#12391 = VECTOR('',#12392,1.);
#12392 = DIRECTION('',(0.,1.,0.));
#12393 = PLANE('',#12394);
#12394 = AXIS2_PLACEMENT_3D('',#12395,#12396,#12397);
#12395 = CARTESIAN_POINT('',(-0.24,-13.02,-2.92));
#12396 = DIRECTION('',(-0.707106781187,-1.735167508357E-18,
    -0.707106781187));
#12397 = DIRECTION('',(-1.226948711654E-18,1.,-1.226948711654E-18));
#12398 = ADVANCED_FACE('',(#12399),#12424,.F.);
#12399 = FACE_BOUND('',#12400,.T.);
#12400 = EDGE_LOOP('',(#12401,#12409,#12410,#12418));
#12401 = ORIENTED_EDGE('',*,*,#12402,.F.);
#12402 = EDGE_CURVE('',#11259,#12403,#12405,.T.);
#12403 = VERTEX_POINT('',#12404);
#12404 = CARTESIAN_POINT('',(-0.16,-10.,-3.));
#12405 = LINE('',#12406,#12407);
#12406 = CARTESIAN_POINT('',(-0.16,-10.,-3.));
#12407 = VECTOR('',#12408,1.);
#12408 = DIRECTION('',(0.57735026919,-0.57735026919,-0.57735026919));
#12409 = ORIENTED_EDGE('',*,*,#11258,.T.);
#12410 = ORIENTED_EDGE('',*,*,#12411,.T.);
#12411 = EDGE_CURVE('',#11251,#12412,#12414,.T.);
#12412 = VERTEX_POINT('',#12413);
#12413 = CARTESIAN_POINT('',(0.16,-10.,-3.));
#12414 = LINE('',#12415,#12416);
#12415 = CARTESIAN_POINT('',(5.333333333333E-02,-10.10666666666,
    -3.106666666667));
#12416 = VECTOR('',#12417,1.);
#12417 = DIRECTION('',(-0.57735026919,-0.57735026919,-0.57735026919));
#12418 = ORIENTED_EDGE('',*,*,#12419,.F.);
#12419 = EDGE_CURVE('',#12403,#12412,#12420,.T.);
#12420 = LINE('',#12421,#12422);
#12421 = CARTESIAN_POINT('',(-0.32,-10.,-3.));
#12422 = VECTOR('',#12423,1.);
#12423 = DIRECTION('',(1.,0.,0.));
#12424 = PLANE('',#12425);
#12425 = AXIS2_PLACEMENT_3D('',#12426,#12427,#12428);
#12426 = CARTESIAN_POINT('',(-0.32,-9.92,-2.92));
#12427 = DIRECTION('',(-1.735167508357E-18,-0.707106781187,
    0.707106781187));
#12428 = DIRECTION('',(-1.,1.226948711654E-18,-1.226948711654E-18));
#12429 = ADVANCED_FACE('',(#12430),#12448,.T.);
#12430 = FACE_BOUND('',#12431,.T.);
#12431 = EDGE_LOOP('',(#12432,#12440,#12441,#12442));
#12432 = ORIENTED_EDGE('',*,*,#12433,.F.);
#12433 = EDGE_CURVE('',#11282,#12434,#12436,.T.);
#12434 = VERTEX_POINT('',#12435);
#12435 = CARTESIAN_POINT('',(-0.16,-10.32,-3.));
#12436 = LINE('',#12437,#12438);
#12437 = CARTESIAN_POINT('',(-0.266666666667,-10.42666666666,
    -2.893333333333));
#12438 = VECTOR('',#12439,1.);
#12439 = DIRECTION('',(0.57735026919,0.57735026919,-0.57735026919));
#12440 = ORIENTED_EDGE('',*,*,#11289,.T.);
#12441 = ORIENTED_EDGE('',*,*,#12402,.T.);
#12442 = ORIENTED_EDGE('',*,*,#12443,.F.);
#12443 = EDGE_CURVE('',#12434,#12403,#12444,.T.);
#12444 = LINE('',#12445,#12446);
#12445 = CARTESIAN_POINT('',(-0.16,-10.48,-3.));
#12446 = VECTOR('',#12447,1.);
#12447 = DIRECTION('',(0.,1.,0.));
#12448 = PLANE('',#12449);
#12449 = AXIS2_PLACEMENT_3D('',#12450,#12451,#12452);
#12450 = CARTESIAN_POINT('',(-0.24,-10.48,-2.92));
#12451 = DIRECTION('',(-0.707106781187,-1.735167508357E-18,
    -0.707106781187));
#12452 = DIRECTION('',(-1.226948711654E-18,1.,-1.226948711654E-18));
#12453 = ADVANCED_FACE('',(#12454),#12472,.T.);
#12454 = FACE_BOUND('',#12455,.F.);
#12455 = EDGE_LOOP('',(#12456,#12457,#12458,#12466));
#12456 = ORIENTED_EDGE('',*,*,#12433,.F.);
#12457 = ORIENTED_EDGE('',*,*,#11313,.T.);
#12458 = ORIENTED_EDGE('',*,*,#12459,.T.);
#12459 = EDGE_CURVE('',#11306,#12460,#12462,.T.);
#12460 = VERTEX_POINT('',#12461);
#12461 = CARTESIAN_POINT('',(0.16,-10.32,-3.));
#12462 = LINE('',#12463,#12464);
#12463 = CARTESIAN_POINT('',(0.16,-10.32,-3.));
#12464 = VECTOR('',#12465,1.);
#12465 = DIRECTION('',(-0.57735026919,0.57735026919,-0.57735026919));
#12466 = ORIENTED_EDGE('',*,*,#12467,.F.);
#12467 = EDGE_CURVE('',#12434,#12460,#12468,.T.);
#12468 = LINE('',#12469,#12470);
#12469 = CARTESIAN_POINT('',(-0.32,-10.32,-3.));
#12470 = VECTOR('',#12471,1.);
#12471 = DIRECTION('',(1.,0.,0.));
#12472 = PLANE('',#12473);
#12473 = AXIS2_PLACEMENT_3D('',#12474,#12475,#12476);
#12474 = CARTESIAN_POINT('',(-0.32,-10.4,-2.92));
#12475 = DIRECTION('',(1.735167508357E-18,-0.707106781187,
    -0.707106781187));
#12476 = DIRECTION('',(-1.,-1.226948711654E-18,-1.226948711654E-18));
#12477 = ADVANCED_FACE('',(#12478),#12489,.F.);
#12478 = FACE_BOUND('',#12479,.F.);
#12479 = EDGE_LOOP('',(#12480,#12481,#12482,#12483));
#12480 = ORIENTED_EDGE('',*,*,#12459,.F.);
#12481 = ORIENTED_EDGE('',*,*,#11330,.T.);
#12482 = ORIENTED_EDGE('',*,*,#12411,.T.);
#12483 = ORIENTED_EDGE('',*,*,#12484,.F.);
#12484 = EDGE_CURVE('',#12460,#12412,#12485,.T.);
#12485 = LINE('',#12486,#12487);
#12486 = CARTESIAN_POINT('',(0.16,-10.48,-3.));
#12487 = VECTOR('',#12488,1.);
#12488 = DIRECTION('',(0.,1.,0.));
#12489 = PLANE('',#12490);
#12490 = AXIS2_PLACEMENT_3D('',#12491,#12492,#12493);
#12491 = CARTESIAN_POINT('',(0.24,-10.48,-2.92));
#12492 = DIRECTION('',(-0.707106781187,1.735167508357E-18,0.707106781187
    ));
#12493 = DIRECTION('',(1.226948711654E-18,1.,-1.226948711654E-18));
#12494 = ADVANCED_FACE('',(#12495),#12520,.T.);
#12495 = FACE_BOUND('',#12496,.F.);
#12496 = EDGE_LOOP('',(#12497,#12505,#12506,#12514));
#12497 = ORIENTED_EDGE('',*,*,#12498,.F.);
#12498 = EDGE_CURVE('',#11355,#12499,#12501,.T.);
#12499 = VERTEX_POINT('',#12500);
#12500 = CARTESIAN_POINT('',(-0.16,-7.78,-3.));
#12501 = LINE('',#12502,#12503);
#12502 = CARTESIAN_POINT('',(-0.266666666667,-7.886666666667,
    -2.893333333333));
#12503 = VECTOR('',#12504,1.);
#12504 = DIRECTION('',(0.57735026919,0.57735026919,-0.57735026919));
#12505 = ORIENTED_EDGE('',*,*,#11354,.T.);
#12506 = ORIENTED_EDGE('',*,*,#12507,.T.);
#12507 = EDGE_CURVE('',#11347,#12508,#12510,.T.);
#12508 = VERTEX_POINT('',#12509);
#12509 = CARTESIAN_POINT('',(0.16,-7.78,-3.));
#12510 = LINE('',#12511,#12512);
#12511 = CARTESIAN_POINT('',(0.16,-7.78,-3.));
#12512 = VECTOR('',#12513,1.);
#12513 = DIRECTION('',(-0.57735026919,0.57735026919,-0.57735026919));
#12514 = ORIENTED_EDGE('',*,*,#12515,.F.);
#12515 = EDGE_CURVE('',#12499,#12508,#12516,.T.);
#12516 = LINE('',#12517,#12518);
#12517 = CARTESIAN_POINT('',(-0.32,-7.78,-3.));
#12518 = VECTOR('',#12519,1.);
#12519 = DIRECTION('',(1.,0.,0.));
#12520 = PLANE('',#12521);
#12521 = AXIS2_PLACEMENT_3D('',#12522,#12523,#12524);
#12522 = CARTESIAN_POINT('',(-0.32,-7.86,-2.92));
#12523 = DIRECTION('',(1.735167508357E-18,-0.707106781187,
    -0.707106781187));
#12524 = DIRECTION('',(-1.,-1.226948711654E-18,-1.226948711654E-18));
#12525 = ADVANCED_FACE('',(#12526),#12544,.F.);
#12526 = FACE_BOUND('',#12527,.F.);
#12527 = EDGE_LOOP('',(#12528,#12529,#12530,#12538));
#12528 = ORIENTED_EDGE('',*,*,#12507,.F.);
#12529 = ORIENTED_EDGE('',*,*,#11378,.T.);
#12530 = ORIENTED_EDGE('',*,*,#12531,.T.);
#12531 = EDGE_CURVE('',#11379,#12532,#12534,.T.);
#12532 = VERTEX_POINT('',#12533);
#12533 = CARTESIAN_POINT('',(0.16,-7.46,-3.));
#12534 = LINE('',#12535,#12536);
#12535 = CARTESIAN_POINT('',(5.333333333333E-02,-7.566666666667,
    -3.106666666667));
#12536 = VECTOR('',#12537,1.);
#12537 = DIRECTION('',(-0.57735026919,-0.57735026919,-0.57735026919));
#12538 = ORIENTED_EDGE('',*,*,#12539,.F.);
#12539 = EDGE_CURVE('',#12508,#12532,#12540,.T.);
#12540 = LINE('',#12541,#12542);
#12541 = CARTESIAN_POINT('',(0.16,-7.94,-3.));
#12542 = VECTOR('',#12543,1.);
#12543 = DIRECTION('',(0.,1.,0.));
#12544 = PLANE('',#12545);
#12545 = AXIS2_PLACEMENT_3D('',#12546,#12547,#12548);
#12546 = CARTESIAN_POINT('',(0.24,-7.94,-2.92));
#12547 = DIRECTION('',(-0.707106781187,1.735167508357E-18,0.707106781187
    ));
#12548 = DIRECTION('',(1.226948711654E-18,1.,-1.226948711654E-18));
#12549 = ADVANCED_FACE('',(#12550),#12568,.F.);
#12550 = FACE_BOUND('',#12551,.T.);
#12551 = EDGE_LOOP('',(#12552,#12560,#12561,#12562));
#12552 = ORIENTED_EDGE('',*,*,#12553,.F.);
#12553 = EDGE_CURVE('',#11403,#12554,#12556,.T.);
#12554 = VERTEX_POINT('',#12555);
#12555 = CARTESIAN_POINT('',(-0.16,-7.46,-3.));
#12556 = LINE('',#12557,#12558);
#12557 = CARTESIAN_POINT('',(-0.16,-7.46,-3.));
#12558 = VECTOR('',#12559,1.);
#12559 = DIRECTION('',(0.57735026919,-0.57735026919,-0.57735026919));
#12560 = ORIENTED_EDGE('',*,*,#11402,.T.);
#12561 = ORIENTED_EDGE('',*,*,#12531,.T.);
#12562 = ORIENTED_EDGE('',*,*,#12563,.F.);
#12563 = EDGE_CURVE('',#12554,#12532,#12564,.T.);
#12564 = LINE('',#12565,#12566);
#12565 = CARTESIAN_POINT('',(-0.32,-7.46,-3.));
#12566 = VECTOR('',#12567,1.);
#12567 = DIRECTION('',(1.,0.,0.));
#12568 = PLANE('',#12569);
#12569 = AXIS2_PLACEMENT_3D('',#12570,#12571,#12572);
#12570 = CARTESIAN_POINT('',(-0.32,-7.38,-2.92));
#12571 = DIRECTION('',(-1.735167508357E-18,-0.707106781187,
    0.707106781187));
#12572 = DIRECTION('',(-1.,1.226948711654E-18,-1.226948711654E-18));
#12573 = ADVANCED_FACE('',(#12574),#12585,.T.);
#12574 = FACE_BOUND('',#12575,.T.);
#12575 = EDGE_LOOP('',(#12576,#12577,#12578,#12579));
#12576 = ORIENTED_EDGE('',*,*,#12498,.F.);
#12577 = ORIENTED_EDGE('',*,*,#11426,.T.);
#12578 = ORIENTED_EDGE('',*,*,#12553,.T.);
#12579 = ORIENTED_EDGE('',*,*,#12580,.F.);
#12580 = EDGE_CURVE('',#12499,#12554,#12581,.T.);
#12581 = LINE('',#12582,#12583);
#12582 = CARTESIAN_POINT('',(-0.16,-7.94,-3.));
#12583 = VECTOR('',#12584,1.);
#12584 = DIRECTION('',(0.,1.,0.));
#12585 = PLANE('',#12586);
#12586 = AXIS2_PLACEMENT_3D('',#12587,#12588,#12589);
#12587 = CARTESIAN_POINT('',(-0.24,-7.94,-2.92));
#12588 = DIRECTION('',(-0.707106781187,-1.735167508357E-18,
    -0.707106781187));
#12589 = DIRECTION('',(-1.226948711654E-18,1.,-1.226948711654E-18));
#12590 = ADVANCED_FACE('',(#12591),#12616,.T.);
#12591 = FACE_BOUND('',#12592,.T.);
#12592 = EDGE_LOOP('',(#12593,#12601,#12602,#12610));
#12593 = ORIENTED_EDGE('',*,*,#12594,.F.);
#12594 = EDGE_CURVE('',#11443,#12595,#12597,.T.);
#12595 = VERTEX_POINT('',#12596);
#12596 = CARTESIAN_POINT('',(0.16,-0.16,8.54));
#12597 = LINE('',#12598,#12599);
#12598 = CARTESIAN_POINT('',(0.16,-0.16,8.54));
#12599 = VECTOR('',#12600,1.);
#12600 = DIRECTION('',(-0.57735026919,0.57735026919,0.57735026919));
#12601 = ORIENTED_EDGE('',*,*,#11459,.T.);
#12602 = ORIENTED_EDGE('',*,*,#12603,.T.);
#12603 = EDGE_CURVE('',#11452,#12604,#12606,.T.);
#12604 = VERTEX_POINT('',#12605);
#12605 = CARTESIAN_POINT('',(0.16,0.16,8.54));
#12606 = LINE('',#12607,#12608);
#12607 = CARTESIAN_POINT('',(5.333333333333E-02,5.333333333333E-02,
    8.646666666667));
#12608 = VECTOR('',#12609,1.);
#12609 = DIRECTION('',(-0.57735026919,-0.57735026919,0.57735026919));
#12610 = ORIENTED_EDGE('',*,*,#12611,.F.);
#12611 = EDGE_CURVE('',#12595,#12604,#12612,.T.);
#12612 = LINE('',#12613,#12614);
#12613 = CARTESIAN_POINT('',(0.16,-0.32,8.54));
#12614 = VECTOR('',#12615,1.);
#12615 = DIRECTION('',(0.,1.,0.));
#12616 = PLANE('',#12617);
#12617 = AXIS2_PLACEMENT_3D('',#12618,#12619,#12620);
#12618 = CARTESIAN_POINT('',(0.24,-0.32,8.46));
#12619 = DIRECTION('',(0.707106781187,-1.735167508357E-18,0.707106781187
    ));
#12620 = DIRECTION('',(1.226948711654E-18,1.,1.226948711654E-18));
#12621 = ADVANCED_FACE('',(#12622),#12640,.T.);
#12622 = FACE_BOUND('',#12623,.F.);
#12623 = EDGE_LOOP('',(#12624,#12632,#12633,#12634));
#12624 = ORIENTED_EDGE('',*,*,#12625,.F.);
#12625 = EDGE_CURVE('',#11476,#12626,#12628,.T.);
#12626 = VERTEX_POINT('',#12627);
#12627 = CARTESIAN_POINT('',(-0.16,0.16,8.54));
#12628 = LINE('',#12629,#12630);
#12629 = CARTESIAN_POINT('',(-0.16,0.16,8.54));
#12630 = VECTOR('',#12631,1.);
#12631 = DIRECTION('',(0.57735026919,-0.57735026919,0.57735026919));
#12632 = ORIENTED_EDGE('',*,*,#11483,.T.);
#12633 = ORIENTED_EDGE('',*,*,#12603,.T.);
#12634 = ORIENTED_EDGE('',*,*,#12635,.F.);
#12635 = EDGE_CURVE('',#12626,#12604,#12636,.T.);
#12636 = LINE('',#12637,#12638);
#12637 = CARTESIAN_POINT('',(-0.32,0.16,8.54));
#12638 = VECTOR('',#12639,1.);
#12639 = DIRECTION('',(1.,0.,0.));
#12640 = PLANE('',#12641);
#12641 = AXIS2_PLACEMENT_3D('',#12642,#12643,#12644);
#12642 = CARTESIAN_POINT('',(-0.32,0.24,8.46));
#12643 = DIRECTION('',(1.735167508357E-18,0.707106781187,0.707106781187)
  );
#12644 = DIRECTION('',(-1.,1.226948711654E-18,1.226948711654E-18));
#12645 = ADVANCED_FACE('',(#12646),#12664,.F.);
#12646 = FACE_BOUND('',#12647,.F.);
#12647 = EDGE_LOOP('',(#12648,#12656,#12657,#12658));
#12648 = ORIENTED_EDGE('',*,*,#12649,.F.);
#12649 = EDGE_CURVE('',#11498,#12650,#12652,.T.);
#12650 = VERTEX_POINT('',#12651);
#12651 = CARTESIAN_POINT('',(-0.16,-0.16,8.54));
#12652 = LINE('',#12653,#12654);
#12653 = CARTESIAN_POINT('',(-0.266666666667,-0.266666666667,
    8.433333333333));
#12654 = VECTOR('',#12655,1.);
#12655 = DIRECTION('',(0.57735026919,0.57735026919,0.57735026919));
#12656 = ORIENTED_EDGE('',*,*,#11507,.T.);
#12657 = ORIENTED_EDGE('',*,*,#12625,.T.);
#12658 = ORIENTED_EDGE('',*,*,#12659,.F.);
#12659 = EDGE_CURVE('',#12650,#12626,#12660,.T.);
#12660 = LINE('',#12661,#12662);
#12661 = CARTESIAN_POINT('',(-0.16,-0.32,8.54));
#12662 = VECTOR('',#12663,1.);
#12663 = DIRECTION('',(0.,1.,0.));
#12664 = PLANE('',#12665);
#12665 = AXIS2_PLACEMENT_3D('',#12666,#12667,#12668);
#12666 = CARTESIAN_POINT('',(-0.24,-0.32,8.46));
#12667 = DIRECTION('',(0.707106781187,1.735167508357E-18,-0.707106781187
    ));
#12668 = DIRECTION('',(-1.226948711654E-18,1.,1.226948711654E-18));
#12669 = ADVANCED_FACE('',(#12670),#12681,.F.);
#12670 = FACE_BOUND('',#12671,.T.);
#12671 = EDGE_LOOP('',(#12672,#12673,#12674,#12675));
#12672 = ORIENTED_EDGE('',*,*,#12649,.F.);
#12673 = ORIENTED_EDGE('',*,*,#11524,.T.);
#12674 = ORIENTED_EDGE('',*,*,#12594,.T.);
#12675 = ORIENTED_EDGE('',*,*,#12676,.F.);
#12676 = EDGE_CURVE('',#12650,#12595,#12677,.T.);
#12677 = LINE('',#12678,#12679);
#12678 = CARTESIAN_POINT('',(-0.32,-0.16,8.54));
#12679 = VECTOR('',#12680,1.);
#12680 = DIRECTION('',(1.,0.,0.));
#12681 = PLANE('',#12682);
#12682 = AXIS2_PLACEMENT_3D('',#12683,#12684,#12685);
#12683 = CARTESIAN_POINT('',(-0.32,-0.24,8.46));
#12684 = DIRECTION('',(-1.735167508357E-18,0.707106781187,
    -0.707106781187));
#12685 = DIRECTION('',(-1.,-1.226948711654E-18,1.226948711654E-18));
#12686 = ADVANCED_FACE('',(#12687),#12712,.T.);
#12687 = FACE_BOUND('',#12688,.T.);
#12688 = EDGE_LOOP('',(#12689,#12697,#12698,#12706));
#12689 = ORIENTED_EDGE('',*,*,#12690,.F.);
#12690 = EDGE_CURVE('',#11539,#12691,#12693,.T.);
#12691 = VERTEX_POINT('',#12692);
#12692 = CARTESIAN_POINT('',(0.16,-5.24,8.54));
#12693 = LINE('',#12694,#12695);
#12694 = CARTESIAN_POINT('',(0.16,-5.24,8.54));
#12695 = VECTOR('',#12696,1.);
#12696 = DIRECTION('',(-0.57735026919,0.57735026919,0.57735026919));
#12697 = ORIENTED_EDGE('',*,*,#11555,.T.);
#12698 = ORIENTED_EDGE('',*,*,#12699,.T.);
#12699 = EDGE_CURVE('',#11548,#12700,#12702,.T.);
#12700 = VERTEX_POINT('',#12701);
#12701 = CARTESIAN_POINT('',(0.16,-4.92,8.54));
#12702 = LINE('',#12703,#12704);
#12703 = CARTESIAN_POINT('',(5.333333333333E-02,-5.026666666667,
    8.646666666667));
#12704 = VECTOR('',#12705,1.);
#12705 = DIRECTION('',(-0.57735026919,-0.57735026919,0.57735026919));
#12706 = ORIENTED_EDGE('',*,*,#12707,.F.);
#12707 = EDGE_CURVE('',#12691,#12700,#12708,.T.);
#12708 = LINE('',#12709,#12710);
#12709 = CARTESIAN_POINT('',(0.16,-5.4,8.54));
#12710 = VECTOR('',#12711,1.);
#12711 = DIRECTION('',(0.,1.,0.));
#12712 = PLANE('',#12713);
#12713 = AXIS2_PLACEMENT_3D('',#12714,#12715,#12716);
#12714 = CARTESIAN_POINT('',(0.24,-5.4,8.46));
#12715 = DIRECTION('',(0.707106781187,-1.735167508357E-18,0.707106781187
    ));
#12716 = DIRECTION('',(1.226948711654E-18,1.,1.226948711654E-18));
#12717 = ADVANCED_FACE('',(#12718),#12736,.T.);
#12718 = FACE_BOUND('',#12719,.F.);
#12719 = EDGE_LOOP('',(#12720,#12728,#12729,#12730));
#12720 = ORIENTED_EDGE('',*,*,#12721,.F.);
#12721 = EDGE_CURVE('',#11572,#12722,#12724,.T.);
#12722 = VERTEX_POINT('',#12723);
#12723 = CARTESIAN_POINT('',(-0.16,-4.92,8.54));
#12724 = LINE('',#12725,#12726);
#12725 = CARTESIAN_POINT('',(-0.16,-4.92,8.54));
#12726 = VECTOR('',#12727,1.);
#12727 = DIRECTION('',(0.57735026919,-0.57735026919,0.57735026919));
#12728 = ORIENTED_EDGE('',*,*,#11579,.T.);
#12729 = ORIENTED_EDGE('',*,*,#12699,.T.);
#12730 = ORIENTED_EDGE('',*,*,#12731,.F.);
#12731 = EDGE_CURVE('',#12722,#12700,#12732,.T.);
#12732 = LINE('',#12733,#12734);
#12733 = CARTESIAN_POINT('',(-0.32,-4.92,8.54));
#12734 = VECTOR('',#12735,1.);
#12735 = DIRECTION('',(1.,0.,0.));
#12736 = PLANE('',#12737);
#12737 = AXIS2_PLACEMENT_3D('',#12738,#12739,#12740);
#12738 = CARTESIAN_POINT('',(-0.32,-4.84,8.46));
#12739 = DIRECTION('',(1.735167508357E-18,0.707106781187,0.707106781187)
  );
#12740 = DIRECTION('',(-1.,1.226948711654E-18,1.226948711654E-18));
#12741 = ADVANCED_FACE('',(#12742),#12760,.F.);
#12742 = FACE_BOUND('',#12743,.F.);
#12743 = EDGE_LOOP('',(#12744,#12752,#12753,#12754));
#12744 = ORIENTED_EDGE('',*,*,#12745,.F.);
#12745 = EDGE_CURVE('',#11594,#12746,#12748,.T.);
#12746 = VERTEX_POINT('',#12747);
#12747 = CARTESIAN_POINT('',(-0.16,-5.24,8.54));
#12748 = LINE('',#12749,#12750);
#12749 = CARTESIAN_POINT('',(-0.266666666667,-5.346666666667,
    8.433333333333));
#12750 = VECTOR('',#12751,1.);
#12751 = DIRECTION('',(0.57735026919,0.57735026919,0.57735026919));
#12752 = ORIENTED_EDGE('',*,*,#11603,.T.);
#12753 = ORIENTED_EDGE('',*,*,#12721,.T.);
#12754 = ORIENTED_EDGE('',*,*,#12755,.F.);
#12755 = EDGE_CURVE('',#12746,#12722,#12756,.T.);
#12756 = LINE('',#12757,#12758);
#12757 = CARTESIAN_POINT('',(-0.16,-5.4,8.54));
#12758 = VECTOR('',#12759,1.);
#12759 = DIRECTION('',(0.,1.,0.));
#12760 = PLANE('',#12761);
#12761 = AXIS2_PLACEMENT_3D('',#12762,#12763,#12764);
#12762 = CARTESIAN_POINT('',(-0.24,-5.4,8.46));
#12763 = DIRECTION('',(0.707106781187,1.735167508357E-18,-0.707106781187
    ));
#12764 = DIRECTION('',(-1.226948711654E-18,1.,1.226948711654E-18));
#12765 = ADVANCED_FACE('',(#12766),#12777,.F.);
#12766 = FACE_BOUND('',#12767,.T.);
#12767 = EDGE_LOOP('',(#12768,#12769,#12770,#12771));
#12768 = ORIENTED_EDGE('',*,*,#12745,.F.);
#12769 = ORIENTED_EDGE('',*,*,#11620,.T.);
#12770 = ORIENTED_EDGE('',*,*,#12690,.T.);
#12771 = ORIENTED_EDGE('',*,*,#12772,.F.);
#12772 = EDGE_CURVE('',#12746,#12691,#12773,.T.);
#12773 = LINE('',#12774,#12775);
#12774 = CARTESIAN_POINT('',(-0.32,-5.24,8.54));
#12775 = VECTOR('',#12776,1.);
#12776 = DIRECTION('',(1.,0.,0.));
#12777 = PLANE('',#12778);
#12778 = AXIS2_PLACEMENT_3D('',#12779,#12780,#12781);
#12779 = CARTESIAN_POINT('',(-0.32,-5.32,8.46));
#12780 = DIRECTION('',(-1.735167508357E-18,0.707106781187,
    -0.707106781187));
#12781 = DIRECTION('',(-1.,-1.226948711654E-18,1.226948711654E-18));
#12782 = ADVANCED_FACE('',(#12783),#12808,.T.);
#12783 = FACE_BOUND('',#12784,.T.);
#12784 = EDGE_LOOP('',(#12785,#12793,#12794,#12802));
#12785 = ORIENTED_EDGE('',*,*,#12786,.F.);
#12786 = EDGE_CURVE('',#11635,#12787,#12789,.T.);
#12787 = VERTEX_POINT('',#12788);
#12788 = CARTESIAN_POINT('',(0.16,-2.7,8.54));
#12789 = LINE('',#12790,#12791);
#12790 = CARTESIAN_POINT('',(0.16,-2.7,8.54));
#12791 = VECTOR('',#12792,1.);
#12792 = DIRECTION('',(-0.57735026919,0.57735026919,0.57735026919));
#12793 = ORIENTED_EDGE('',*,*,#11651,.T.);
#12794 = ORIENTED_EDGE('',*,*,#12795,.T.);
#12795 = EDGE_CURVE('',#11644,#12796,#12798,.T.);
#12796 = VERTEX_POINT('',#12797);
#12797 = CARTESIAN_POINT('',(0.16,-2.38,8.54));
#12798 = LINE('',#12799,#12800);
#12799 = CARTESIAN_POINT('',(5.333333333333E-02,-2.486666666667,
    8.646666666667));
#12800 = VECTOR('',#12801,1.);
#12801 = DIRECTION('',(-0.57735026919,-0.57735026919,0.57735026919));
#12802 = ORIENTED_EDGE('',*,*,#12803,.F.);
#12803 = EDGE_CURVE('',#12787,#12796,#12804,.T.);
#12804 = LINE('',#12805,#12806);
#12805 = CARTESIAN_POINT('',(0.16,-2.86,8.54));
#12806 = VECTOR('',#12807,1.);
#12807 = DIRECTION('',(0.,1.,0.));
#12808 = PLANE('',#12809);
#12809 = AXIS2_PLACEMENT_3D('',#12810,#12811,#12812);
#12810 = CARTESIAN_POINT('',(0.24,-2.86,8.46));
#12811 = DIRECTION('',(0.707106781187,-1.735167508357E-18,0.707106781187
    ));
#12812 = DIRECTION('',(1.226948711654E-18,1.,1.226948711654E-18));
#12813 = ADVANCED_FACE('',(#12814),#12832,.T.);
#12814 = FACE_BOUND('',#12815,.F.);
#12815 = EDGE_LOOP('',(#12816,#12824,#12825,#12826));
#12816 = ORIENTED_EDGE('',*,*,#12817,.F.);
#12817 = EDGE_CURVE('',#11668,#12818,#12820,.T.);
#12818 = VERTEX_POINT('',#12819);
#12819 = CARTESIAN_POINT('',(-0.16,-2.38,8.54));
#12820 = LINE('',#12821,#12822);
#12821 = CARTESIAN_POINT('',(-0.16,-2.38,8.54));
#12822 = VECTOR('',#12823,1.);
#12823 = DIRECTION('',(0.57735026919,-0.57735026919,0.57735026919));
#12824 = ORIENTED_EDGE('',*,*,#11675,.T.);
#12825 = ORIENTED_EDGE('',*,*,#12795,.T.);
#12826 = ORIENTED_EDGE('',*,*,#12827,.F.);
#12827 = EDGE_CURVE('',#12818,#12796,#12828,.T.);
#12828 = LINE('',#12829,#12830);
#12829 = CARTESIAN_POINT('',(-0.32,-2.38,8.54));
#12830 = VECTOR('',#12831,1.);
#12831 = DIRECTION('',(1.,0.,0.));
#12832 = PLANE('',#12833);
#12833 = AXIS2_PLACEMENT_3D('',#12834,#12835,#12836);
#12834 = CARTESIAN_POINT('',(-0.32,-2.3,8.46));
#12835 = DIRECTION('',(1.735167508357E-18,0.707106781187,0.707106781187)
  );
#12836 = DIRECTION('',(-1.,1.226948711654E-18,1.226948711654E-18));
#12837 = ADVANCED_FACE('',(#12838),#12856,.F.);
#12838 = FACE_BOUND('',#12839,.F.);
#12839 = EDGE_LOOP('',(#12840,#12848,#12849,#12850));
#12840 = ORIENTED_EDGE('',*,*,#12841,.F.);
#12841 = EDGE_CURVE('',#11690,#12842,#12844,.T.);
#12842 = VERTEX_POINT('',#12843);
#12843 = CARTESIAN_POINT('',(-0.16,-2.7,8.54));
#12844 = LINE('',#12845,#12846);
#12845 = CARTESIAN_POINT('',(-0.266666666667,-2.806666666667,
    8.433333333333));
#12846 = VECTOR('',#12847,1.);
#12847 = DIRECTION('',(0.57735026919,0.57735026919,0.57735026919));
#12848 = ORIENTED_EDGE('',*,*,#11699,.T.);
#12849 = ORIENTED_EDGE('',*,*,#12817,.T.);
#12850 = ORIENTED_EDGE('',*,*,#12851,.F.);
#12851 = EDGE_CURVE('',#12842,#12818,#12852,.T.);
#12852 = LINE('',#12853,#12854);
#12853 = CARTESIAN_POINT('',(-0.16,-2.86,8.54));
#12854 = VECTOR('',#12855,1.);
#12855 = DIRECTION('',(0.,1.,0.));
#12856 = PLANE('',#12857);
#12857 = AXIS2_PLACEMENT_3D('',#12858,#12859,#12860);
#12858 = CARTESIAN_POINT('',(-0.24,-2.86,8.46));
#12859 = DIRECTION('',(0.707106781187,1.735167508357E-18,-0.707106781187
    ));
#12860 = DIRECTION('',(-1.226948711654E-18,1.,1.226948711654E-18));
#12861 = ADVANCED_FACE('',(#12862),#12873,.F.);
#12862 = FACE_BOUND('',#12863,.T.);
#12863 = EDGE_LOOP('',(#12864,#12865,#12866,#12867));
#12864 = ORIENTED_EDGE('',*,*,#12841,.F.);
#12865 = ORIENTED_EDGE('',*,*,#11716,.T.);
#12866 = ORIENTED_EDGE('',*,*,#12786,.T.);
#12867 = ORIENTED_EDGE('',*,*,#12868,.F.);
#12868 = EDGE_CURVE('',#12842,#12787,#12869,.T.);
#12869 = LINE('',#12870,#12871);
#12870 = CARTESIAN_POINT('',(-0.32,-2.7,8.54));
#12871 = VECTOR('',#12872,1.);
#12872 = DIRECTION('',(1.,0.,0.));
#12873 = PLANE('',#12874);
#12874 = AXIS2_PLACEMENT_3D('',#12875,#12876,#12877);
#12875 = CARTESIAN_POINT('',(-0.32,-2.78,8.46));
#12876 = DIRECTION('',(-1.735167508357E-18,0.707106781187,
    -0.707106781187));
#12877 = DIRECTION('',(-1.,-1.226948711654E-18,1.226948711654E-18));
#12878 = ADVANCED_FACE('',(#12879),#12904,.F.);
#12879 = FACE_BOUND('',#12880,.T.);
#12880 = EDGE_LOOP('',(#12881,#12889,#12890,#12898));
#12881 = ORIENTED_EDGE('',*,*,#12882,.F.);
#12882 = EDGE_CURVE('',#11740,#12883,#12885,.T.);
#12883 = VERTEX_POINT('',#12884);
#12884 = CARTESIAN_POINT('',(-0.16,-12.86,8.54));
#12885 = LINE('',#12886,#12887);
#12886 = CARTESIAN_POINT('',(-0.266666666667,-12.96666666666,
    8.433333333333));
#12887 = VECTOR('',#12888,1.);
#12888 = DIRECTION('',(0.57735026919,0.57735026919,0.57735026919));
#12889 = ORIENTED_EDGE('',*,*,#11747,.T.);
#12890 = ORIENTED_EDGE('',*,*,#12891,.T.);
#12891 = EDGE_CURVE('',#11731,#12892,#12894,.T.);
#12892 = VERTEX_POINT('',#12893);
#12893 = CARTESIAN_POINT('',(0.16,-12.86,8.54));
#12894 = LINE('',#12895,#12896);
#12895 = CARTESIAN_POINT('',(0.16,-12.86,8.54));
#12896 = VECTOR('',#12897,1.);
#12897 = DIRECTION('',(-0.57735026919,0.57735026919,0.57735026919));
#12898 = ORIENTED_EDGE('',*,*,#12899,.F.);
#12899 = EDGE_CURVE('',#12883,#12892,#12900,.T.);
#12900 = LINE('',#12901,#12902);
#12901 = CARTESIAN_POINT('',(-0.32,-12.86,8.54));
#12902 = VECTOR('',#12903,1.);
#12903 = DIRECTION('',(1.,0.,0.));
#12904 = PLANE('',#12905);
#12905 = AXIS2_PLACEMENT_3D('',#12906,#12907,#12908);
#12906 = CARTESIAN_POINT('',(-0.32,-12.94,8.46));
#12907 = DIRECTION('',(-1.735167508357E-18,0.707106781187,
    -0.707106781187));
#12908 = DIRECTION('',(-1.,-1.226948711654E-18,1.226948711654E-18));
#12909 = ADVANCED_FACE('',(#12910),#12928,.T.);
#12910 = FACE_BOUND('',#12911,.T.);
#12911 = EDGE_LOOP('',(#12912,#12913,#12914,#12922));
#12912 = ORIENTED_EDGE('',*,*,#12891,.F.);
#12913 = ORIENTED_EDGE('',*,*,#11771,.T.);
#12914 = ORIENTED_EDGE('',*,*,#12915,.T.);
#12915 = EDGE_CURVE('',#11764,#12916,#12918,.T.);
#12916 = VERTEX_POINT('',#12917);
#12917 = CARTESIAN_POINT('',(0.16,-12.54,8.54));
#12918 = LINE('',#12919,#12920);
#12919 = CARTESIAN_POINT('',(5.333333333333E-02,-12.64666666666,
    8.646666666667));
#12920 = VECTOR('',#12921,1.);
#12921 = DIRECTION('',(-0.57735026919,-0.57735026919,0.57735026919));
#12922 = ORIENTED_EDGE('',*,*,#12923,.F.);
#12923 = EDGE_CURVE('',#12892,#12916,#12924,.T.);
#12924 = LINE('',#12925,#12926);
#12925 = CARTESIAN_POINT('',(0.16,-13.02,8.54));
#12926 = VECTOR('',#12927,1.);
#12927 = DIRECTION('',(0.,1.,0.));
#12928 = PLANE('',#12929);
#12929 = AXIS2_PLACEMENT_3D('',#12930,#12931,#12932);
#12930 = CARTESIAN_POINT('',(0.24,-13.02,8.46));
#12931 = DIRECTION('',(0.707106781187,-1.735167508357E-18,0.707106781187
    ));
#12932 = DIRECTION('',(1.226948711654E-18,1.,1.226948711654E-18));
#12933 = ADVANCED_FACE('',(#12934),#12952,.T.);
#12934 = FACE_BOUND('',#12935,.F.);
#12935 = EDGE_LOOP('',(#12936,#12944,#12945,#12946));
#12936 = ORIENTED_EDGE('',*,*,#12937,.F.);
#12937 = EDGE_CURVE('',#11788,#12938,#12940,.T.);
#12938 = VERTEX_POINT('',#12939);
#12939 = CARTESIAN_POINT('',(-0.16,-12.54,8.54));
#12940 = LINE('',#12941,#12942);
#12941 = CARTESIAN_POINT('',(-0.16,-12.54,8.54));
#12942 = VECTOR('',#12943,1.);
#12943 = DIRECTION('',(0.57735026919,-0.57735026919,0.57735026919));
#12944 = ORIENTED_EDGE('',*,*,#11795,.T.);
#12945 = ORIENTED_EDGE('',*,*,#12915,.T.);
#12946 = ORIENTED_EDGE('',*,*,#12947,.F.);
#12947 = EDGE_CURVE('',#12938,#12916,#12948,.T.);
#12948 = LINE('',#12949,#12950);
#12949 = CARTESIAN_POINT('',(-0.32,-12.54,8.54));
#12950 = VECTOR('',#12951,1.);
#12951 = DIRECTION('',(1.,0.,0.));
#12952 = PLANE('',#12953);
#12953 = AXIS2_PLACEMENT_3D('',#12954,#12955,#12956);
#12954 = CARTESIAN_POINT('',(-0.32,-12.46,8.46));
#12955 = DIRECTION('',(1.735167508357E-18,0.707106781187,0.707106781187)
  );
#12956 = DIRECTION('',(-1.,1.226948711654E-18,1.226948711654E-18));
#12957 = ADVANCED_FACE('',(#12958),#12969,.F.);
#12958 = FACE_BOUND('',#12959,.F.);
#12959 = EDGE_LOOP('',(#12960,#12961,#12962,#12963));
#12960 = ORIENTED_EDGE('',*,*,#12882,.F.);
#12961 = ORIENTED_EDGE('',*,*,#11812,.T.);
#12962 = ORIENTED_EDGE('',*,*,#12937,.T.);
#12963 = ORIENTED_EDGE('',*,*,#12964,.F.);
#12964 = EDGE_CURVE('',#12883,#12938,#12965,.T.);
#12965 = LINE('',#12966,#12967);
#12966 = CARTESIAN_POINT('',(-0.16,-13.02,8.54));
#12967 = VECTOR('',#12968,1.);
#12968 = DIRECTION('',(0.,1.,0.));
#12969 = PLANE('',#12970);
#12970 = AXIS2_PLACEMENT_3D('',#12971,#12972,#12973);
#12971 = CARTESIAN_POINT('',(-0.24,-13.02,8.46));
#12972 = DIRECTION('',(0.707106781187,1.735167508357E-18,-0.707106781187
    ));
#12973 = DIRECTION('',(-1.226948711654E-18,1.,1.226948711654E-18));
#12974 = ADVANCED_FACE('',(#12975),#13000,.T.);
#12975 = FACE_BOUND('',#12976,.F.);
#12976 = EDGE_LOOP('',(#12977,#12985,#12986,#12994));
#12977 = ORIENTED_EDGE('',*,*,#12978,.F.);
#12978 = EDGE_CURVE('',#11836,#12979,#12981,.T.);
#12979 = VERTEX_POINT('',#12980);
#12980 = CARTESIAN_POINT('',(-0.16,-10.,8.54));
#12981 = LINE('',#12982,#12983);
#12982 = CARTESIAN_POINT('',(-0.16,-10.,8.54));
#12983 = VECTOR('',#12984,1.);
#12984 = DIRECTION('',(0.57735026919,-0.57735026919,0.57735026919));
#12985 = ORIENTED_EDGE('',*,*,#11843,.T.);
#12986 = ORIENTED_EDGE('',*,*,#12987,.T.);
#12987 = EDGE_CURVE('',#11827,#12988,#12990,.T.);
#12988 = VERTEX_POINT('',#12989);
#12989 = CARTESIAN_POINT('',(0.16,-10.,8.54));
#12990 = LINE('',#12991,#12992);
#12991 = CARTESIAN_POINT('',(5.333333333333E-02,-10.10666666666,
    8.646666666667));
#12992 = VECTOR('',#12993,1.);
#12993 = DIRECTION('',(-0.57735026919,-0.57735026919,0.57735026919));
#12994 = ORIENTED_EDGE('',*,*,#12995,.F.);
#12995 = EDGE_CURVE('',#12979,#12988,#12996,.T.);
#12996 = LINE('',#12997,#12998);
#12997 = CARTESIAN_POINT('',(-0.32,-10.,8.54));
#12998 = VECTOR('',#12999,1.);
#12999 = DIRECTION('',(1.,0.,0.));
#13000 = PLANE('',#13001);
#13001 = AXIS2_PLACEMENT_3D('',#13002,#13003,#13004);
#13002 = CARTESIAN_POINT('',(-0.32,-9.92,8.46));
#13003 = DIRECTION('',(1.735167508357E-18,0.707106781187,0.707106781187)
  );
#13004 = DIRECTION('',(-1.,1.226948711654E-18,1.226948711654E-18));
#13005 = ADVANCED_FACE('',(#13006),#13024,.F.);
#13006 = FACE_BOUND('',#13007,.F.);
#13007 = EDGE_LOOP('',(#13008,#13016,#13017,#13018));
#13008 = ORIENTED_EDGE('',*,*,#13009,.F.);
#13009 = EDGE_CURVE('',#11858,#13010,#13012,.T.);
#13010 = VERTEX_POINT('',#13011);
#13011 = CARTESIAN_POINT('',(-0.16,-10.32,8.54));
#13012 = LINE('',#13013,#13014);
#13013 = CARTESIAN_POINT('',(-0.266666666667,-10.42666666666,
    8.433333333333));
#13014 = VECTOR('',#13015,1.);
#13015 = DIRECTION('',(0.57735026919,0.57735026919,0.57735026919));
#13016 = ORIENTED_EDGE('',*,*,#11867,.T.);
#13017 = ORIENTED_EDGE('',*,*,#12978,.T.);
#13018 = ORIENTED_EDGE('',*,*,#13019,.F.);
#13019 = EDGE_CURVE('',#13010,#12979,#13020,.T.);
#13020 = LINE('',#13021,#13022);
#13021 = CARTESIAN_POINT('',(-0.16,-10.48,8.54));
#13022 = VECTOR('',#13023,1.);
#13023 = DIRECTION('',(0.,1.,0.));
#13024 = PLANE('',#13025);
#13025 = AXIS2_PLACEMENT_3D('',#13026,#13027,#13028);
#13026 = CARTESIAN_POINT('',(-0.24,-10.48,8.46));
#13027 = DIRECTION('',(0.707106781187,1.735167508357E-18,-0.707106781187
    ));
#13028 = DIRECTION('',(-1.226948711654E-18,1.,1.226948711654E-18));
#13029 = ADVANCED_FACE('',(#13030),#13048,.F.);
#13030 = FACE_BOUND('',#13031,.T.);
#13031 = EDGE_LOOP('',(#13032,#13033,#13034,#13042));
#13032 = ORIENTED_EDGE('',*,*,#13009,.F.);
#13033 = ORIENTED_EDGE('',*,*,#11891,.T.);
#13034 = ORIENTED_EDGE('',*,*,#13035,.T.);
#13035 = EDGE_CURVE('',#11882,#13036,#13038,.T.);
#13036 = VERTEX_POINT('',#13037);
#13037 = CARTESIAN_POINT('',(0.16,-10.32,8.54));
#13038 = LINE('',#13039,#13040);
#13039 = CARTESIAN_POINT('',(0.16,-10.32,8.54));
#13040 = VECTOR('',#13041,1.);
#13041 = DIRECTION('',(-0.57735026919,0.57735026919,0.57735026919));
#13042 = ORIENTED_EDGE('',*,*,#13043,.F.);
#13043 = EDGE_CURVE('',#13010,#13036,#13044,.T.);
#13044 = LINE('',#13045,#13046);
#13045 = CARTESIAN_POINT('',(-0.32,-10.32,8.54));
#13046 = VECTOR('',#13047,1.);
#13047 = DIRECTION('',(1.,0.,0.));
#13048 = PLANE('',#13049);
#13049 = AXIS2_PLACEMENT_3D('',#13050,#13051,#13052);
#13050 = CARTESIAN_POINT('',(-0.32,-10.4,8.46));
#13051 = DIRECTION('',(-1.735167508357E-18,0.707106781187,
    -0.707106781187));
#13052 = DIRECTION('',(-1.,-1.226948711654E-18,1.226948711654E-18));
#13053 = ADVANCED_FACE('',(#13054),#13065,.T.);
#13054 = FACE_BOUND('',#13055,.T.);
#13055 = EDGE_LOOP('',(#13056,#13057,#13058,#13059));
#13056 = ORIENTED_EDGE('',*,*,#13035,.F.);
#13057 = ORIENTED_EDGE('',*,*,#11908,.T.);
#13058 = ORIENTED_EDGE('',*,*,#12987,.T.);
#13059 = ORIENTED_EDGE('',*,*,#13060,.F.);
#13060 = EDGE_CURVE('',#13036,#12988,#13061,.T.);
#13061 = LINE('',#13062,#13063);
#13062 = CARTESIAN_POINT('',(0.16,-10.48,8.54));
#13063 = VECTOR('',#13064,1.);
#13064 = DIRECTION('',(0.,1.,0.));
#13065 = PLANE('',#13066);
#13066 = AXIS2_PLACEMENT_3D('',#13067,#13068,#13069);
#13067 = CARTESIAN_POINT('',(0.24,-10.48,8.46));
#13068 = DIRECTION('',(0.707106781187,-1.735167508357E-18,0.707106781187
    ));
#13069 = DIRECTION('',(1.226948711654E-18,1.,1.226948711654E-18));
#13070 = ADVANCED_FACE('',(#13071),#13096,.F.);
#13071 = FACE_BOUND('',#13072,.T.);
#13072 = EDGE_LOOP('',(#13073,#13081,#13082,#13090));
#13073 = ORIENTED_EDGE('',*,*,#13074,.F.);
#13074 = EDGE_CURVE('',#11932,#13075,#13077,.T.);
#13075 = VERTEX_POINT('',#13076);
#13076 = CARTESIAN_POINT('',(-0.16,-7.78,8.54));
#13077 = LINE('',#13078,#13079);
#13078 = CARTESIAN_POINT('',(-0.266666666667,-7.886666666667,
    8.433333333333));
#13079 = VECTOR('',#13080,1.);
#13080 = DIRECTION('',(0.57735026919,0.57735026919,0.57735026919));
#13081 = ORIENTED_EDGE('',*,*,#11939,.T.);
#13082 = ORIENTED_EDGE('',*,*,#13083,.T.);
#13083 = EDGE_CURVE('',#11923,#13084,#13086,.T.);
#13084 = VERTEX_POINT('',#13085);
#13085 = CARTESIAN_POINT('',(0.16,-7.78,8.54));
#13086 = LINE('',#13087,#13088);
#13087 = CARTESIAN_POINT('',(0.16,-7.78,8.54));
#13088 = VECTOR('',#13089,1.);
#13089 = DIRECTION('',(-0.57735026919,0.57735026919,0.57735026919));
#13090 = ORIENTED_EDGE('',*,*,#13091,.F.);
#13091 = EDGE_CURVE('',#13075,#13084,#13092,.T.);
#13092 = LINE('',#13093,#13094);
#13093 = CARTESIAN_POINT('',(-0.32,-7.78,8.54));
#13094 = VECTOR('',#13095,1.);
#13095 = DIRECTION('',(1.,0.,0.));
#13096 = PLANE('',#13097);
#13097 = AXIS2_PLACEMENT_3D('',#13098,#13099,#13100);
#13098 = CARTESIAN_POINT('',(-0.32,-7.86,8.46));
#13099 = DIRECTION('',(-1.735167508357E-18,0.707106781187,
    -0.707106781187));
#13100 = DIRECTION('',(-1.,-1.226948711654E-18,1.226948711654E-18));
#13101 = ADVANCED_FACE('',(#13102),#13120,.T.);
#13102 = FACE_BOUND('',#13103,.T.);
#13103 = EDGE_LOOP('',(#13104,#13105,#13106,#13114));
#13104 = ORIENTED_EDGE('',*,*,#13083,.F.);
#13105 = ORIENTED_EDGE('',*,*,#11963,.T.);
#13106 = ORIENTED_EDGE('',*,*,#13107,.T.);
#13107 = EDGE_CURVE('',#11956,#13108,#13110,.T.);
#13108 = VERTEX_POINT('',#13109);
#13109 = CARTESIAN_POINT('',(0.16,-7.46,8.54));
#13110 = LINE('',#13111,#13112);
#13111 = CARTESIAN_POINT('',(5.333333333333E-02,-7.566666666667,
    8.646666666667));
#13112 = VECTOR('',#13113,1.);
#13113 = DIRECTION('',(-0.57735026919,-0.57735026919,0.57735026919));
#13114 = ORIENTED_EDGE('',*,*,#13115,.F.);
#13115 = EDGE_CURVE('',#13084,#13108,#13116,.T.);
#13116 = LINE('',#13117,#13118);
#13117 = CARTESIAN_POINT('',(0.16,-7.94,8.54));
#13118 = VECTOR('',#13119,1.);
#13119 = DIRECTION('',(0.,1.,0.));
#13120 = PLANE('',#13121);
#13121 = AXIS2_PLACEMENT_3D('',#13122,#13123,#13124);
#13122 = CARTESIAN_POINT('',(0.24,-7.94,8.46));
#13123 = DIRECTION('',(0.707106781187,-1.735167508357E-18,0.707106781187
    ));
#13124 = DIRECTION('',(1.226948711654E-18,1.,1.226948711654E-18));
#13125 = ADVANCED_FACE('',(#13126),#13144,.T.);
#13126 = FACE_BOUND('',#13127,.F.);
#13127 = EDGE_LOOP('',(#13128,#13136,#13137,#13138));
#13128 = ORIENTED_EDGE('',*,*,#13129,.F.);
#13129 = EDGE_CURVE('',#11980,#13130,#13132,.T.);
#13130 = VERTEX_POINT('',#13131);
#13131 = CARTESIAN_POINT('',(-0.16,-7.46,8.54));
#13132 = LINE('',#13133,#13134);
#13133 = CARTESIAN_POINT('',(-0.16,-7.46,8.54));
#13134 = VECTOR('',#13135,1.);
#13135 = DIRECTION('',(0.57735026919,-0.57735026919,0.57735026919));
#13136 = ORIENTED_EDGE('',*,*,#11987,.T.);
#13137 = ORIENTED_EDGE('',*,*,#13107,.T.);
#13138 = ORIENTED_EDGE('',*,*,#13139,.F.);
#13139 = EDGE_CURVE('',#13130,#13108,#13140,.T.);
#13140 = LINE('',#13141,#13142);
#13141 = CARTESIAN_POINT('',(-0.32,-7.46,8.54));
#13142 = VECTOR('',#13143,1.);
#13143 = DIRECTION('',(1.,0.,0.));
#13144 = PLANE('',#13145);
#13145 = AXIS2_PLACEMENT_3D('',#13146,#13147,#13148);
#13146 = CARTESIAN_POINT('',(-0.32,-7.38,8.46));
#13147 = DIRECTION('',(1.735167508357E-18,0.707106781187,0.707106781187)
  );
#13148 = DIRECTION('',(-1.,1.226948711654E-18,1.226948711654E-18));
#13149 = ADVANCED_FACE('',(#13150),#13161,.F.);
#13150 = FACE_BOUND('',#13151,.F.);
#13151 = EDGE_LOOP('',(#13152,#13153,#13154,#13155));
#13152 = ORIENTED_EDGE('',*,*,#13074,.F.);
#13153 = ORIENTED_EDGE('',*,*,#12004,.T.);
#13154 = ORIENTED_EDGE('',*,*,#13129,.T.);
#13155 = ORIENTED_EDGE('',*,*,#13156,.F.);
#13156 = EDGE_CURVE('',#13075,#13130,#13157,.T.);
#13157 = LINE('',#13158,#13159);
#13158 = CARTESIAN_POINT('',(-0.16,-7.94,8.54));
#13159 = VECTOR('',#13160,1.);
#13160 = DIRECTION('',(0.,1.,0.));
#13161 = PLANE('',#13162);
#13162 = AXIS2_PLACEMENT_3D('',#13163,#13164,#13165);
#13163 = CARTESIAN_POINT('',(-0.24,-7.94,8.46));
#13164 = DIRECTION('',(0.707106781187,1.735167508357E-18,-0.707106781187
    ));
#13165 = DIRECTION('',(-1.226948711654E-18,1.,1.226948711654E-18));
#13166 = ADVANCED_FACE('',(#13167),#13173,.F.);
#13167 = FACE_BOUND('',#13168,.F.);
#13168 = EDGE_LOOP('',(#13169,#13170,#13171,#13172));
#13169 = ORIENTED_EDGE('',*,*,#12059,.F.);
#13170 = ORIENTED_EDGE('',*,*,#12083,.F.);
#13171 = ORIENTED_EDGE('',*,*,#12100,.T.);
#13172 = ORIENTED_EDGE('',*,*,#12035,.T.);
#13173 = PLANE('',#13174);
#13174 = AXIS2_PLACEMENT_3D('',#13175,#13176,#13177);
#13175 = CARTESIAN_POINT('',(-0.32,-0.32,-3.));
#13176 = DIRECTION('',(0.,0.,1.));
#13177 = DIRECTION('',(1.,0.,-0.));
#13178 = ADVANCED_FACE('',(#13179),#13185,.F.);
#13179 = FACE_BOUND('',#13180,.F.);
#13180 = EDGE_LOOP('',(#13181,#13182,#13183,#13184));
#13181 = ORIENTED_EDGE('',*,*,#12155,.F.);
#13182 = ORIENTED_EDGE('',*,*,#12179,.F.);
#13183 = ORIENTED_EDGE('',*,*,#12196,.T.);
#13184 = ORIENTED_EDGE('',*,*,#12131,.T.);
#13185 = PLANE('',#13186);
#13186 = AXIS2_PLACEMENT_3D('',#13187,#13188,#13189);
#13187 = CARTESIAN_POINT('',(-0.32,-5.4,-3.));
#13188 = DIRECTION('',(0.,0.,1.));
#13189 = DIRECTION('',(1.,0.,-0.));
#13190 = ADVANCED_FACE('',(#13191),#13197,.F.);
#13191 = FACE_BOUND('',#13192,.F.);
#13192 = EDGE_LOOP('',(#13193,#13194,#13195,#13196));
#13193 = ORIENTED_EDGE('',*,*,#12251,.F.);
#13194 = ORIENTED_EDGE('',*,*,#12275,.F.);
#13195 = ORIENTED_EDGE('',*,*,#12292,.T.);
#13196 = ORIENTED_EDGE('',*,*,#12227,.T.);
#13197 = PLANE('',#13198);
#13198 = AXIS2_PLACEMENT_3D('',#13199,#13200,#13201);
#13199 = CARTESIAN_POINT('',(-0.32,-2.86,-3.));
#13200 = DIRECTION('',(0.,0.,1.));
#13201 = DIRECTION('',(1.,0.,-0.));
#13202 = ADVANCED_FACE('',(#13203),#13209,.F.);
#13203 = FACE_BOUND('',#13204,.F.);
#13204 = EDGE_LOOP('',(#13205,#13206,#13207,#13208));
#13205 = ORIENTED_EDGE('',*,*,#12371,.F.);
#13206 = ORIENTED_EDGE('',*,*,#12388,.F.);
#13207 = ORIENTED_EDGE('',*,*,#12323,.T.);
#13208 = ORIENTED_EDGE('',*,*,#12347,.T.);
#13209 = PLANE('',#13210);
#13210 = AXIS2_PLACEMENT_3D('',#13211,#13212,#13213);
#13211 = CARTESIAN_POINT('',(-0.32,-13.02,-3.));
#13212 = DIRECTION('',(0.,0.,1.));
#13213 = DIRECTION('',(1.,0.,-0.));
#13214 = ADVANCED_FACE('',(#13215),#13221,.F.);
#13215 = FACE_BOUND('',#13216,.F.);
#13216 = EDGE_LOOP('',(#13217,#13218,#13219,#13220));
#13217 = ORIENTED_EDGE('',*,*,#12419,.F.);
#13218 = ORIENTED_EDGE('',*,*,#12443,.F.);
#13219 = ORIENTED_EDGE('',*,*,#12467,.T.);
#13220 = ORIENTED_EDGE('',*,*,#12484,.T.);
#13221 = PLANE('',#13222);
#13222 = AXIS2_PLACEMENT_3D('',#13223,#13224,#13225);
#13223 = CARTESIAN_POINT('',(-0.32,-10.48,-3.));
#13224 = DIRECTION('',(0.,0.,1.));
#13225 = DIRECTION('',(1.,0.,-0.));
#13226 = ADVANCED_FACE('',(#13227),#13233,.F.);
#13227 = FACE_BOUND('',#13228,.F.);
#13228 = EDGE_LOOP('',(#13229,#13230,#13231,#13232));
#13229 = ORIENTED_EDGE('',*,*,#12563,.F.);
#13230 = ORIENTED_EDGE('',*,*,#12580,.F.);
#13231 = ORIENTED_EDGE('',*,*,#12515,.T.);
#13232 = ORIENTED_EDGE('',*,*,#12539,.T.);
#13233 = PLANE('',#13234);
#13234 = AXIS2_PLACEMENT_3D('',#13235,#13236,#13237);
#13235 = CARTESIAN_POINT('',(-0.32,-7.94,-3.));
#13236 = DIRECTION('',(0.,0.,1.));
#13237 = DIRECTION('',(1.,0.,-0.));
#13238 = ADVANCED_FACE('',(#13239),#13245,.T.);
#13239 = FACE_BOUND('',#13240,.T.);
#13240 = EDGE_LOOP('',(#13241,#13242,#13243,#13244));
#13241 = ORIENTED_EDGE('',*,*,#12611,.T.);
#13242 = ORIENTED_EDGE('',*,*,#12635,.F.);
#13243 = ORIENTED_EDGE('',*,*,#12659,.F.);
#13244 = ORIENTED_EDGE('',*,*,#12676,.T.);
#13245 = PLANE('',#13246);
#13246 = AXIS2_PLACEMENT_3D('',#13247,#13248,#13249);
#13247 = CARTESIAN_POINT('',(-0.32,-0.32,8.54));
#13248 = DIRECTION('',(0.,0.,1.));
#13249 = DIRECTION('',(1.,0.,-0.));
#13250 = ADVANCED_FACE('',(#13251),#13257,.T.);
#13251 = FACE_BOUND('',#13252,.T.);
#13252 = EDGE_LOOP('',(#13253,#13254,#13255,#13256));
#13253 = ORIENTED_EDGE('',*,*,#12707,.T.);
#13254 = ORIENTED_EDGE('',*,*,#12731,.F.);
#13255 = ORIENTED_EDGE('',*,*,#12755,.F.);
#13256 = ORIENTED_EDGE('',*,*,#12772,.T.);
#13257 = PLANE('',#13258);
#13258 = AXIS2_PLACEMENT_3D('',#13259,#13260,#13261);
#13259 = CARTESIAN_POINT('',(-0.32,-5.4,8.54));
#13260 = DIRECTION('',(0.,0.,1.));
#13261 = DIRECTION('',(1.,0.,-0.));
#13262 = ADVANCED_FACE('',(#13263),#13269,.T.);
#13263 = FACE_BOUND('',#13264,.T.);
#13264 = EDGE_LOOP('',(#13265,#13266,#13267,#13268));
#13265 = ORIENTED_EDGE('',*,*,#12803,.T.);
#13266 = ORIENTED_EDGE('',*,*,#12827,.F.);
#13267 = ORIENTED_EDGE('',*,*,#12851,.F.);
#13268 = ORIENTED_EDGE('',*,*,#12868,.T.);
#13269 = PLANE('',#13270);
#13270 = AXIS2_PLACEMENT_3D('',#13271,#13272,#13273);
#13271 = CARTESIAN_POINT('',(-0.32,-2.86,8.54));
#13272 = DIRECTION('',(0.,0.,1.));
#13273 = DIRECTION('',(1.,0.,-0.));
#13274 = ADVANCED_FACE('',(#13275),#13281,.T.);
#13275 = FACE_BOUND('',#13276,.T.);
#13276 = EDGE_LOOP('',(#13277,#13278,#13279,#13280));
#13277 = ORIENTED_EDGE('',*,*,#12923,.T.);
#13278 = ORIENTED_EDGE('',*,*,#12947,.F.);
#13279 = ORIENTED_EDGE('',*,*,#12964,.F.);
#13280 = ORIENTED_EDGE('',*,*,#12899,.T.);
#13281 = PLANE('',#13282);
#13282 = AXIS2_PLACEMENT_3D('',#13283,#13284,#13285);
#13283 = CARTESIAN_POINT('',(-0.32,-13.02,8.54));
#13284 = DIRECTION('',(0.,0.,1.));
#13285 = DIRECTION('',(1.,0.,-0.));
#13286 = ADVANCED_FACE('',(#13287),#13293,.T.);
#13287 = FACE_BOUND('',#13288,.T.);
#13288 = EDGE_LOOP('',(#13289,#13290,#13291,#13292));
#13289 = ORIENTED_EDGE('',*,*,#13060,.T.);
#13290 = ORIENTED_EDGE('',*,*,#12995,.F.);
#13291 = ORIENTED_EDGE('',*,*,#13019,.F.);
#13292 = ORIENTED_EDGE('',*,*,#13043,.T.);
#13293 = PLANE('',#13294);
#13294 = AXIS2_PLACEMENT_3D('',#13295,#13296,#13297);
#13295 = CARTESIAN_POINT('',(-0.32,-10.48,8.54));
#13296 = DIRECTION('',(0.,0.,1.));
#13297 = DIRECTION('',(1.,0.,-0.));
#13298 = ADVANCED_FACE('',(#13299),#13305,.T.);
#13299 = FACE_BOUND('',#13300,.T.);
#13300 = EDGE_LOOP('',(#13301,#13302,#13303,#13304));
#13301 = ORIENTED_EDGE('',*,*,#13115,.T.);
#13302 = ORIENTED_EDGE('',*,*,#13139,.F.);
#13303 = ORIENTED_EDGE('',*,*,#13156,.F.);
#13304 = ORIENTED_EDGE('',*,*,#13091,.T.);
#13305 = PLANE('',#13306);
#13306 = AXIS2_PLACEMENT_3D('',#13307,#13308,#13309);
#13307 = CARTESIAN_POINT('',(-0.32,-7.94,8.54));
#13308 = DIRECTION('',(0.,0.,1.));
#13309 = DIRECTION('',(1.,0.,-0.));
#13310 = ( GEOMETRIC_REPRESENTATION_CONTEXT(3) 
GLOBAL_UNCERTAINTY_ASSIGNED_CONTEXT((#13314)) 
GLOBAL_UNIT_ASSIGNED_CONTEXT((#13311,#13312,#13313)) 
REPRESENTATION_CONTEXT('Context #1',
  '3D Context with UNIT and UNCERTAINTY') );
#13311 = ( LENGTH_UNIT() NAMED_UNIT(*) SI_UNIT(.MILLI.,.METRE.) );
#13312 = ( NAMED_UNIT(*) PLANE_ANGLE_UNIT() SI_UNIT($,.RADIAN.) );
#13313 = ( NAMED_UNIT(*) SI_UNIT($,.STERADIAN.) SOLID_ANGLE_UNIT() );
#13314 = UNCERTAINTY_MEASURE_WITH_UNIT(LENGTH_MEASURE(1.E-07),#13311,
  'distance_accuracy_value','confusion accuracy');
#13315 = CONTEXT_DEPENDENT_SHAPE_REPRESENTATION(#13316,#13318);
#13316 = ( REPRESENTATION_RELATIONSHIP('','',#9181,#10) 
REPRESENTATION_RELATIONSHIP_WITH_TRANSFORMATION(#13317) 
SHAPE_REPRESENTATION_RELATIONSHIP() );
#13317 = ITEM_DEFINED_TRANSFORMATION('','',#11,#55);
#13318 = PRODUCT_DEFINITION_SHAPE('Placement','Placement of an item',
  #13319);
#13319 = NEXT_ASSEMBLY_USAGE_OCCURRENCE('11','J2J3','',#5,#9176,$);
#13320 = PRODUCT_RELATED_PRODUCT_CATEGORY('part',$,(#9178));
#13321 = SHAPE_DEFINITION_REPRESENTATION(#13322,#13328);
#13322 = PRODUCT_DEFINITION_SHAPE('','',#13323);
#13323 = PRODUCT_DEFINITION('design','',#13324,#13327);
#13324 = PRODUCT_DEFINITION_FORMATION('','',#13325);
#13325 = PRODUCT('PinHeader_1x02_P2.54mm_Vertical',
  'PinHeader_1x02_P2.54mm_Vertical','',(#13326));
#13326 = PRODUCT_CONTEXT('',#2,'mechanical');
#13327 = PRODUCT_DEFINITION_CONTEXT('part definition',#2,'design');
#13328 = ADVANCED_BREP_SHAPE_REPRESENTATION('',(#11,#13329),#14761);
#13329 = MANIFOLD_SOLID_BREP('',#13330);
#13330 = CLOSED_SHELL('',(#13331,#13371,#13402,#13433,#13598,#13763,
    #13780,#13797,#13814,#13831,#13848,#13865,#13882,#13899,#13916,
    #13933,#13945,#13976,#14000,#14024,#14041,#14072,#14096,#14120,
    #14137,#14168,#14192,#14216,#14233,#14264,#14288,#14312,#14329,
    #14360,#14384,#14408,#14425,#14456,#14480,#14504,#14521,#14552,
    #14576,#14600,#14617,#14648,#14672,#14696,#14713,#14725,#14737,
    #14749));
#13331 = ADVANCED_FACE('',(#13332),#13366,.F.);
#13332 = FACE_BOUND('',#13333,.F.);
#13333 = EDGE_LOOP('',(#13334,#13344,#13352,#13360));
#13334 = ORIENTED_EDGE('',*,*,#13335,.T.);
#13335 = EDGE_CURVE('',#13336,#13338,#13340,.T.);
#13336 = VERTEX_POINT('',#13337);
#13337 = CARTESIAN_POINT('',(-1.016,1.27,0.));
#13338 = VERTEX_POINT('',#13339);
#13339 = CARTESIAN_POINT('',(-1.016,1.27,2.54));
#13340 = LINE('',#13341,#13342);
#13341 = CARTESIAN_POINT('',(-1.016,1.27,0.));
#13342 = VECTOR('',#13343,1.);
#13343 = DIRECTION('',(0.,0.,1.));
#13344 = ORIENTED_EDGE('',*,*,#13345,.T.);
#13345 = EDGE_CURVE('',#13338,#13346,#13348,.T.);
#13346 = VERTEX_POINT('',#13347);
#13347 = CARTESIAN_POINT('',(-1.27,1.016,2.54));
#13348 = LINE('',#13349,#13350);
#13349 = CARTESIAN_POINT('',(-1.016,1.27,2.54));
#13350 = VECTOR('',#13351,1.);
#13351 = DIRECTION('',(-0.707106781187,-0.707106781187,0.));
#13352 = ORIENTED_EDGE('',*,*,#13353,.F.);
#13353 = EDGE_CURVE('',#13354,#13346,#13356,.T.);
#13354 = VERTEX_POINT('',#13355);
#13355 = CARTESIAN_POINT('',(-1.27,1.016,0.));
#13356 = LINE('',#13357,#13358);
#13357 = CARTESIAN_POINT('',(-1.27,1.016,0.));
#13358 = VECTOR('',#13359,1.);
#13359 = DIRECTION('',(0.,0.,1.));
#13360 = ORIENTED_EDGE('',*,*,#13361,.F.);
#13361 = EDGE_CURVE('',#13336,#13354,#13362,.T.);
#13362 = LINE('',#13363,#13364);
#13363 = CARTESIAN_POINT('',(-1.016,1.27,0.));
#13364 = VECTOR('',#13365,1.);
#13365 = DIRECTION('',(-0.707106781187,-0.707106781187,0.));
#13366 = PLANE('',#13367);
#13367 = AXIS2_PLACEMENT_3D('',#13368,#13369,#13370);
#13368 = CARTESIAN_POINT('',(-1.016,1.27,0.));
#13369 = DIRECTION('',(0.707106781187,-0.707106781187,0.));
#13370 = DIRECTION('',(-0.707106781187,-0.707106781187,0.));
#13371 = ADVANCED_FACE('',(#13372),#13397,.F.);
#13372 = FACE_BOUND('',#13373,.F.);
#13373 = EDGE_LOOP('',(#13374,#13384,#13390,#13391));
#13374 = ORIENTED_EDGE('',*,*,#13375,.T.);
#13375 = EDGE_CURVE('',#13376,#13378,#13380,.T.);
#13376 = VERTEX_POINT('',#13377);
#13377 = CARTESIAN_POINT('',(1.016,1.27,0.));
#13378 = VERTEX_POINT('',#13379);
#13379 = CARTESIAN_POINT('',(1.016,1.27,2.54));
#13380 = LINE('',#13381,#13382);
#13381 = CARTESIAN_POINT('',(1.016,1.27,0.));
#13382 = VECTOR('',#13383,1.);
#13383 = DIRECTION('',(0.,0.,1.));
#13384 = ORIENTED_EDGE('',*,*,#13385,.T.);
#13385 = EDGE_CURVE('',#13378,#13338,#13386,.T.);
#13386 = LINE('',#13387,#13388);
#13387 = CARTESIAN_POINT('',(1.016,1.27,2.54));
#13388 = VECTOR('',#13389,1.);
#13389 = DIRECTION('',(-1.,0.,0.));
#13390 = ORIENTED_EDGE('',*,*,#13335,.F.);
#13391 = ORIENTED_EDGE('',*,*,#13392,.F.);
#13392 = EDGE_CURVE('',#13376,#13336,#13393,.T.);
#13393 = LINE('',#13394,#13395);
#13394 = CARTESIAN_POINT('',(1.016,1.27,0.));
#13395 = VECTOR('',#13396,1.);
#13396 = DIRECTION('',(-1.,0.,0.));
#13397 = PLANE('',#13398);
#13398 = AXIS2_PLACEMENT_3D('',#13399,#13400,#13401);
#13399 = CARTESIAN_POINT('',(1.016,1.27,0.));
#13400 = DIRECTION('',(0.,-1.,0.));
#13401 = DIRECTION('',(-1.,0.,0.));
#13402 = ADVANCED_FACE('',(#13403),#13428,.F.);
#13403 = FACE_BOUND('',#13404,.F.);
#13404 = EDGE_LOOP('',(#13405,#13406,#13414,#13422));
#13405 = ORIENTED_EDGE('',*,*,#13353,.T.);
#13406 = ORIENTED_EDGE('',*,*,#13407,.T.);
#13407 = EDGE_CURVE('',#13346,#13408,#13410,.T.);
#13408 = VERTEX_POINT('',#13409);
#13409 = CARTESIAN_POINT('',(-1.27,-1.016,2.54));
#13410 = LINE('',#13411,#13412);
#13411 = CARTESIAN_POINT('',(-1.27,1.016,2.54));
#13412 = VECTOR('',#13413,1.);
#13413 = DIRECTION('',(0.,-1.,0.));
#13414 = ORIENTED_EDGE('',*,*,#13415,.F.);
#13415 = EDGE_CURVE('',#13416,#13408,#13418,.T.);
#13416 = VERTEX_POINT('',#13417);
#13417 = CARTESIAN_POINT('',(-1.27,-1.016,0.));
#13418 = LINE('',#13419,#13420);
#13419 = CARTESIAN_POINT('',(-1.27,-1.016,0.));
#13420 = VECTOR('',#13421,1.);
#13421 = DIRECTION('',(0.,0.,1.));
#13422 = ORIENTED_EDGE('',*,*,#13423,.F.);
#13423 = EDGE_CURVE('',#13354,#13416,#13424,.T.);
#13424 = LINE('',#13425,#13426);
#13425 = CARTESIAN_POINT('',(-1.27,1.016,0.));
#13426 = VECTOR('',#13427,1.);
#13427 = DIRECTION('',(0.,-1.,0.));
#13428 = PLANE('',#13429);
#13429 = AXIS2_PLACEMENT_3D('',#13430,#13431,#13432);
#13430 = CARTESIAN_POINT('',(-1.27,1.016,0.));
#13431 = DIRECTION('',(1.,0.,0.));
#13432 = DIRECTION('',(0.,-1.,0.));
#13433 = ADVANCED_FACE('',(#13434,#13525,#13559),#13593,.F.);
#13434 = FACE_BOUND('',#13435,.F.);
#13435 = EDGE_LOOP('',(#13436,#13437,#13438,#13446,#13454,#13462,#13470,
    #13478,#13486,#13494,#13502,#13510,#13518,#13524));
#13436 = ORIENTED_EDGE('',*,*,#13361,.T.);
#13437 = ORIENTED_EDGE('',*,*,#13423,.T.);
#13438 = ORIENTED_EDGE('',*,*,#13439,.T.);
#13439 = EDGE_CURVE('',#13416,#13440,#13442,.T.);
#13440 = VERTEX_POINT('',#13441);
#13441 = CARTESIAN_POINT('',(-1.016,-1.27,0.));
#13442 = LINE('',#13443,#13444);
#13443 = CARTESIAN_POINT('',(-1.27,-1.016,0.));
#13444 = VECTOR('',#13445,1.);
#13445 = DIRECTION('',(0.707106781187,-0.707106781187,0.));
#13446 = ORIENTED_EDGE('',*,*,#13447,.T.);
#13447 = EDGE_CURVE('',#13440,#13448,#13450,.T.);
#13448 = VERTEX_POINT('',#13449);
#13449 = CARTESIAN_POINT('',(-1.27,-1.524,0.));
#13450 = LINE('',#13451,#13452);
#13451 = CARTESIAN_POINT('',(-1.016,-1.27,0.));
#13452 = VECTOR('',#13453,1.);
#13453 = DIRECTION('',(-0.707106781187,-0.707106781187,0.));
#13454 = ORIENTED_EDGE('',*,*,#13455,.T.);
#13455 = EDGE_CURVE('',#13448,#13456,#13458,.T.);
#13456 = VERTEX_POINT('',#13457);
#13457 = CARTESIAN_POINT('',(-1.27,-3.556,0.));
#13458 = LINE('',#13459,#13460);
#13459 = CARTESIAN_POINT('',(-1.27,-1.524,0.));
#13460 = VECTOR('',#13461,1.);
#13461 = DIRECTION('',(0.,-1.,0.));
#13462 = ORIENTED_EDGE('',*,*,#13463,.T.);
#13463 = EDGE_CURVE('',#13456,#13464,#13466,.T.);
#13464 = VERTEX_POINT('',#13465);
#13465 = CARTESIAN_POINT('',(-1.016,-3.81,0.));
#13466 = LINE('',#13467,#13468);
#13467 = CARTESIAN_POINT('',(-1.27,-3.556,0.));
#13468 = VECTOR('',#13469,1.);
#13469 = DIRECTION('',(0.707106781187,-0.707106781187,0.));
#13470 = ORIENTED_EDGE('',*,*,#13471,.T.);
#13471 = EDGE_CURVE('',#13464,#13472,#13474,.T.);
#13472 = VERTEX_POINT('',#13473);
#13473 = CARTESIAN_POINT('',(1.016,-3.81,0.));
#13474 = LINE('',#13475,#13476);
#13475 = CARTESIAN_POINT('',(-1.016,-3.81,0.));
#13476 = VECTOR('',#13477,1.);
#13477 = DIRECTION('',(1.,0.,0.));
#13478 = ORIENTED_EDGE('',*,*,#13479,.T.);
#13479 = EDGE_CURVE('',#13472,#13480,#13482,.T.);
#13480 = VERTEX_POINT('',#13481);
#13481 = CARTESIAN_POINT('',(1.27,-3.556,0.));
#13482 = LINE('',#13483,#13484);
#13483 = CARTESIAN_POINT('',(1.016,-3.81,0.));
#13484 = VECTOR('',#13485,1.);
#13485 = DIRECTION('',(0.707106781187,0.707106781187,0.));
#13486 = ORIENTED_EDGE('',*,*,#13487,.T.);
#13487 = EDGE_CURVE('',#13480,#13488,#13490,.T.);
#13488 = VERTEX_POINT('',#13489);
#13489 = CARTESIAN_POINT('',(1.27,-1.524,0.));
#13490 = LINE('',#13491,#13492);
#13491 = CARTESIAN_POINT('',(1.27,-3.556,0.));
#13492 = VECTOR('',#13493,1.);
#13493 = DIRECTION('',(0.,1.,0.));
#13494 = ORIENTED_EDGE('',*,*,#13495,.T.);
#13495 = EDGE_CURVE('',#13488,#13496,#13498,.T.);
#13496 = VERTEX_POINT('',#13497);
#13497 = CARTESIAN_POINT('',(1.016,-1.27,0.));
#13498 = LINE('',#13499,#13500);
#13499 = CARTESIAN_POINT('',(1.27,-1.524,0.));
#13500 = VECTOR('',#13501,1.);
#13501 = DIRECTION('',(-0.707106781187,0.707106781187,0.));
#13502 = ORIENTED_EDGE('',*,*,#13503,.T.);
#13503 = EDGE_CURVE('',#13496,#13504,#13506,.T.);
#13504 = VERTEX_POINT('',#13505);
#13505 = CARTESIAN_POINT('',(1.27,-1.016,0.));
#13506 = LINE('',#13507,#13508);
#13507 = CARTESIAN_POINT('',(1.016,-1.27,0.));
#13508 = VECTOR('',#13509,1.);
#13509 = DIRECTION('',(0.707106781187,0.707106781187,0.));
#13510 = ORIENTED_EDGE('',*,*,#13511,.T.);
#13511 = EDGE_CURVE('',#13504,#13512,#13514,.T.);
#13512 = VERTEX_POINT('',#13513);
#13513 = CARTESIAN_POINT('',(1.27,1.016,0.));
#13514 = LINE('',#13515,#13516);
#13515 = CARTESIAN_POINT('',(1.27,-1.016,0.));
#13516 = VECTOR('',#13517,1.);
#13517 = DIRECTION('',(0.,1.,0.));
#13518 = ORIENTED_EDGE('',*,*,#13519,.T.);
#13519 = EDGE_CURVE('',#13512,#13376,#13520,.T.);
#13520 = LINE('',#13521,#13522);
#13521 = CARTESIAN_POINT('',(1.27,1.016,0.));
#13522 = VECTOR('',#13523,1.);
#13523 = DIRECTION('',(-0.707106781187,0.707106781187,0.));
#13524 = ORIENTED_EDGE('',*,*,#13392,.T.);
#13525 = FACE_BOUND('',#13526,.F.);
#13526 = EDGE_LOOP('',(#13527,#13537,#13545,#13553));
#13527 = ORIENTED_EDGE('',*,*,#13528,.T.);
#13528 = EDGE_CURVE('',#13529,#13531,#13533,.T.);
#13529 = VERTEX_POINT('',#13530);
#13530 = CARTESIAN_POINT('',(0.32,-0.32,0.));
#13531 = VERTEX_POINT('',#13532);
#13532 = CARTESIAN_POINT('',(-0.32,-0.32,0.));
#13533 = LINE('',#13534,#13535);
#13534 = CARTESIAN_POINT('',(-0.16,-0.32,0.));
#13535 = VECTOR('',#13536,1.);
#13536 = DIRECTION('',(-1.,0.,0.));
#13537 = ORIENTED_EDGE('',*,*,#13538,.T.);
#13538 = EDGE_CURVE('',#13531,#13539,#13541,.T.);
#13539 = VERTEX_POINT('',#13540);
#13540 = CARTESIAN_POINT('',(-0.32,0.32,0.));
#13541 = LINE('',#13542,#13543);
#13542 = CARTESIAN_POINT('',(-0.32,-0.795,0.));
#13543 = VECTOR('',#13544,1.);
#13544 = DIRECTION('',(0.,1.,0.));
#13545 = ORIENTED_EDGE('',*,*,#13546,.F.);
#13546 = EDGE_CURVE('',#13547,#13539,#13549,.T.);
#13547 = VERTEX_POINT('',#13548);
#13548 = CARTESIAN_POINT('',(0.32,0.32,0.));
#13549 = LINE('',#13550,#13551);
#13550 = CARTESIAN_POINT('',(-0.16,0.32,0.));
#13551 = VECTOR('',#13552,1.);
#13552 = DIRECTION('',(-1.,0.,0.));
#13553 = ORIENTED_EDGE('',*,*,#13554,.F.);
#13554 = EDGE_CURVE('',#13529,#13547,#13555,.T.);
#13555 = LINE('',#13556,#13557);
#13556 = CARTESIAN_POINT('',(0.32,-0.795,0.));
#13557 = VECTOR('',#13558,1.);
#13558 = DIRECTION('',(0.,1.,0.));
#13559 = FACE_BOUND('',#13560,.F.);
#13560 = EDGE_LOOP('',(#13561,#13571,#13579,#13587));
#13561 = ORIENTED_EDGE('',*,*,#13562,.T.);
#13562 = EDGE_CURVE('',#13563,#13565,#13567,.T.);
#13563 = VERTEX_POINT('',#13564);
#13564 = CARTESIAN_POINT('',(0.32,-2.86,0.));
#13565 = VERTEX_POINT('',#13566);
#13566 = CARTESIAN_POINT('',(-0.32,-2.86,0.));
#13567 = LINE('',#13568,#13569);
#13568 = CARTESIAN_POINT('',(-0.16,-2.86,0.));
#13569 = VECTOR('',#13570,1.);
#13570 = DIRECTION('',(-1.,0.,0.));
#13571 = ORIENTED_EDGE('',*,*,#13572,.T.);
#13572 = EDGE_CURVE('',#13565,#13573,#13575,.T.);
#13573 = VERTEX_POINT('',#13574);
#13574 = CARTESIAN_POINT('',(-0.32,-2.22,0.));
#13575 = LINE('',#13576,#13577);
#13576 = CARTESIAN_POINT('',(-0.32,-2.065,0.));
#13577 = VECTOR('',#13578,1.);
#13578 = DIRECTION('',(0.,1.,0.));
#13579 = ORIENTED_EDGE('',*,*,#13580,.F.);
#13580 = EDGE_CURVE('',#13581,#13573,#13583,.T.);
#13581 = VERTEX_POINT('',#13582);
#13582 = CARTESIAN_POINT('',(0.32,-2.22,0.));
#13583 = LINE('',#13584,#13585);
#13584 = CARTESIAN_POINT('',(-0.16,-2.22,0.));
#13585 = VECTOR('',#13586,1.);
#13586 = DIRECTION('',(-1.,0.,0.));
#13587 = ORIENTED_EDGE('',*,*,#13588,.F.);
#13588 = EDGE_CURVE('',#13563,#13581,#13589,.T.);
#13589 = LINE('',#13590,#13591);
#13590 = CARTESIAN_POINT('',(0.32,-2.065,0.));
#13591 = VECTOR('',#13592,1.);
#13592 = DIRECTION('',(0.,1.,0.));
#13593 = PLANE('',#13594);
#13594 = AXIS2_PLACEMENT_3D('',#13595,#13596,#13597);
#13595 = CARTESIAN_POINT('',(1.473843703412E-17,-1.27,0.));
#13596 = DIRECTION('',(0.,0.,1.));
#13597 = DIRECTION('',(1.,0.,-0.));
#13598 = ADVANCED_FACE('',(#13599,#13690,#13724),#13758,.T.);
#13599 = FACE_BOUND('',#13600,.T.);
#13600 = EDGE_LOOP('',(#13601,#13602,#13603,#13611,#13619,#13627,#13635,
    #13643,#13651,#13659,#13667,#13675,#13683,#13689));
#13601 = ORIENTED_EDGE('',*,*,#13345,.T.);
#13602 = ORIENTED_EDGE('',*,*,#13407,.T.);
#13603 = ORIENTED_EDGE('',*,*,#13604,.T.);
#13604 = EDGE_CURVE('',#13408,#13605,#13607,.T.);
#13605 = VERTEX_POINT('',#13606);
#13606 = CARTESIAN_POINT('',(-1.016,-1.27,2.54));
#13607 = LINE('',#13608,#13609);
#13608 = CARTESIAN_POINT('',(-1.27,-1.016,2.54));
#13609 = VECTOR('',#13610,1.);
#13610 = DIRECTION('',(0.707106781187,-0.707106781187,0.));
#13611 = ORIENTED_EDGE('',*,*,#13612,.T.);
#13612 = EDGE_CURVE('',#13605,#13613,#13615,.T.);
#13613 = VERTEX_POINT('',#13614);
#13614 = CARTESIAN_POINT('',(-1.27,-1.524,2.54));
#13615 = LINE('',#13616,#13617);
#13616 = CARTESIAN_POINT('',(-1.016,-1.27,2.54));
#13617 = VECTOR('',#13618,1.);
#13618 = DIRECTION('',(-0.707106781187,-0.707106781187,0.));
#13619 = ORIENTED_EDGE('',*,*,#13620,.T.);
#13620 = EDGE_CURVE('',#13613,#13621,#13623,.T.);
#13621 = VERTEX_POINT('',#13622);
#13622 = CARTESIAN_POINT('',(-1.27,-3.556,2.54));
#13623 = LINE('',#13624,#13625);
#13624 = CARTESIAN_POINT('',(-1.27,-1.524,2.54));
#13625 = VECTOR('',#13626,1.);
#13626 = DIRECTION('',(0.,-1.,0.));
#13627 = ORIENTED_EDGE('',*,*,#13628,.T.);
#13628 = EDGE_CURVE('',#13621,#13629,#13631,.T.);
#13629 = VERTEX_POINT('',#13630);
#13630 = CARTESIAN_POINT('',(-1.016,-3.81,2.54));
#13631 = LINE('',#13632,#13633);
#13632 = CARTESIAN_POINT('',(-1.27,-3.556,2.54));
#13633 = VECTOR('',#13634,1.);
#13634 = DIRECTION('',(0.707106781187,-0.707106781187,0.));
#13635 = ORIENTED_EDGE('',*,*,#13636,.T.);
#13636 = EDGE_CURVE('',#13629,#13637,#13639,.T.);
#13637 = VERTEX_POINT('',#13638);
#13638 = CARTESIAN_POINT('',(1.016,-3.81,2.54));
#13639 = LINE('',#13640,#13641);
#13640 = CARTESIAN_POINT('',(-1.016,-3.81,2.54));
#13641 = VECTOR('',#13642,1.);
#13642 = DIRECTION('',(1.,0.,0.));
#13643 = ORIENTED_EDGE('',*,*,#13644,.T.);
#13644 = EDGE_CURVE('',#13637,#13645,#13647,.T.);
#13645 = VERTEX_POINT('',#13646);
#13646 = CARTESIAN_POINT('',(1.27,-3.556,2.54));
#13647 = LINE('',#13648,#13649);
#13648 = CARTESIAN_POINT('',(1.016,-3.81,2.54));
#13649 = VECTOR('',#13650,1.);
#13650 = DIRECTION('',(0.707106781187,0.707106781187,0.));
#13651 = ORIENTED_EDGE('',*,*,#13652,.T.);
#13652 = EDGE_CURVE('',#13645,#13653,#13655,.T.);
#13653 = VERTEX_POINT('',#13654);
#13654 = CARTESIAN_POINT('',(1.27,-1.524,2.54));
#13655 = LINE('',#13656,#13657);
#13656 = CARTESIAN_POINT('',(1.27,-3.556,2.54));
#13657 = VECTOR('',#13658,1.);
#13658 = DIRECTION('',(0.,1.,0.));
#13659 = ORIENTED_EDGE('',*,*,#13660,.T.);
#13660 = EDGE_CURVE('',#13653,#13661,#13663,.T.);
#13661 = VERTEX_POINT('',#13662);
#13662 = CARTESIAN_POINT('',(1.016,-1.27,2.54));
#13663 = LINE('',#13664,#13665);
#13664 = CARTESIAN_POINT('',(1.27,-1.524,2.54));
#13665 = VECTOR('',#13666,1.);
#13666 = DIRECTION('',(-0.707106781187,0.707106781187,0.));
#13667 = ORIENTED_EDGE('',*,*,#13668,.T.);
#13668 = EDGE_CURVE('',#13661,#13669,#13671,.T.);
#13669 = VERTEX_POINT('',#13670);
#13670 = CARTESIAN_POINT('',(1.27,-1.016,2.54));
#13671 = LINE('',#13672,#13673);
#13672 = CARTESIAN_POINT('',(1.016,-1.27,2.54));
#13673 = VECTOR('',#13674,1.);
#13674 = DIRECTION('',(0.707106781187,0.707106781187,0.));
#13675 = ORIENTED_EDGE('',*,*,#13676,.T.);
#13676 = EDGE_CURVE('',#13669,#13677,#13679,.T.);
#13677 = VERTEX_POINT('',#13678);
#13678 = CARTESIAN_POINT('',(1.27,1.016,2.54));
#13679 = LINE('',#13680,#13681);
#13680 = CARTESIAN_POINT('',(1.27,-1.016,2.54));
#13681 = VECTOR('',#13682,1.);
#13682 = DIRECTION('',(0.,1.,0.));
#13683 = ORIENTED_EDGE('',*,*,#13684,.T.);
#13684 = EDGE_CURVE('',#13677,#13378,#13685,.T.);
#13685 = LINE('',#13686,#13687);
#13686 = CARTESIAN_POINT('',(1.27,1.016,2.54));
#13687 = VECTOR('',#13688,1.);
#13688 = DIRECTION('',(-0.707106781187,0.707106781187,0.));
#13689 = ORIENTED_EDGE('',*,*,#13385,.T.);
#13690 = FACE_BOUND('',#13691,.T.);
#13691 = EDGE_LOOP('',(#13692,#13702,#13710,#13718));
#13692 = ORIENTED_EDGE('',*,*,#13693,.T.);
#13693 = EDGE_CURVE('',#13694,#13696,#13698,.T.);
#13694 = VERTEX_POINT('',#13695);
#13695 = CARTESIAN_POINT('',(0.32,-0.32,2.54));
#13696 = VERTEX_POINT('',#13697);
#13697 = CARTESIAN_POINT('',(-0.32,-0.32,2.54));
#13698 = LINE('',#13699,#13700);
#13699 = CARTESIAN_POINT('',(-0.16,-0.32,2.54));
#13700 = VECTOR('',#13701,1.);
#13701 = DIRECTION('',(-1.,0.,0.));
#13702 = ORIENTED_EDGE('',*,*,#13703,.T.);
#13703 = EDGE_CURVE('',#13696,#13704,#13706,.T.);
#13704 = VERTEX_POINT('',#13705);
#13705 = CARTESIAN_POINT('',(-0.32,0.32,2.54));
#13706 = LINE('',#13707,#13708);
#13707 = CARTESIAN_POINT('',(-0.32,-0.795,2.54));
#13708 = VECTOR('',#13709,1.);
#13709 = DIRECTION('',(0.,1.,0.));
#13710 = ORIENTED_EDGE('',*,*,#13711,.F.);
#13711 = EDGE_CURVE('',#13712,#13704,#13714,.T.);
#13712 = VERTEX_POINT('',#13713);
#13713 = CARTESIAN_POINT('',(0.32,0.32,2.54));
#13714 = LINE('',#13715,#13716);
#13715 = CARTESIAN_POINT('',(-0.16,0.32,2.54));
#13716 = VECTOR('',#13717,1.);
#13717 = DIRECTION('',(-1.,0.,0.));
#13718 = ORIENTED_EDGE('',*,*,#13719,.F.);
#13719 = EDGE_CURVE('',#13694,#13712,#13720,.T.);
#13720 = LINE('',#13721,#13722);
#13721 = CARTESIAN_POINT('',(0.32,-0.795,2.54));
#13722 = VECTOR('',#13723,1.);
#13723 = DIRECTION('',(0.,1.,0.));
#13724 = FACE_BOUND('',#13725,.T.);
#13725 = EDGE_LOOP('',(#13726,#13736,#13744,#13752));
#13726 = ORIENTED_EDGE('',*,*,#13727,.T.);
#13727 = EDGE_CURVE('',#13728,#13730,#13732,.T.);
#13728 = VERTEX_POINT('',#13729);
#13729 = CARTESIAN_POINT('',(0.32,-2.86,2.54));
#13730 = VERTEX_POINT('',#13731);
#13731 = CARTESIAN_POINT('',(-0.32,-2.86,2.54));
#13732 = LINE('',#13733,#13734);
#13733 = CARTESIAN_POINT('',(-0.16,-2.86,2.54));
#13734 = VECTOR('',#13735,1.);
#13735 = DIRECTION('',(-1.,0.,0.));
#13736 = ORIENTED_EDGE('',*,*,#13737,.T.);
#13737 = EDGE_CURVE('',#13730,#13738,#13740,.T.);
#13738 = VERTEX_POINT('',#13739);
#13739 = CARTESIAN_POINT('',(-0.32,-2.22,2.54));
#13740 = LINE('',#13741,#13742);
#13741 = CARTESIAN_POINT('',(-0.32,-2.065,2.54));
#13742 = VECTOR('',#13743,1.);
#13743 = DIRECTION('',(0.,1.,0.));
#13744 = ORIENTED_EDGE('',*,*,#13745,.F.);
#13745 = EDGE_CURVE('',#13746,#13738,#13748,.T.);
#13746 = VERTEX_POINT('',#13747);
#13747 = CARTESIAN_POINT('',(0.32,-2.22,2.54));
#13748 = LINE('',#13749,#13750);
#13749 = CARTESIAN_POINT('',(-0.16,-2.22,2.54));
#13750 = VECTOR('',#13751,1.);
#13751 = DIRECTION('',(-1.,0.,0.));
#13752 = ORIENTED_EDGE('',*,*,#13753,.F.);
#13753 = EDGE_CURVE('',#13728,#13746,#13754,.T.);
#13754 = LINE('',#13755,#13756);
#13755 = CARTESIAN_POINT('',(0.32,-2.065,2.54));
#13756 = VECTOR('',#13757,1.);
#13757 = DIRECTION('',(0.,1.,0.));
#13758 = PLANE('',#13759);
#13759 = AXIS2_PLACEMENT_3D('',#13760,#13761,#13762);
#13760 = CARTESIAN_POINT('',(1.473843703412E-17,-1.27,2.54));
#13761 = DIRECTION('',(0.,0.,1.));
#13762 = DIRECTION('',(1.,0.,-0.));
#13763 = ADVANCED_FACE('',(#13764),#13775,.F.);
#13764 = FACE_BOUND('',#13765,.F.);
#13765 = EDGE_LOOP('',(#13766,#13772,#13773,#13774));
#13766 = ORIENTED_EDGE('',*,*,#13767,.T.);
#13767 = EDGE_CURVE('',#13512,#13677,#13768,.T.);
#13768 = LINE('',#13769,#13770);
#13769 = CARTESIAN_POINT('',(1.27,1.016,0.));
#13770 = VECTOR('',#13771,1.);
#13771 = DIRECTION('',(0.,0.,1.));
#13772 = ORIENTED_EDGE('',*,*,#13684,.T.);
#13773 = ORIENTED_EDGE('',*,*,#13375,.F.);
#13774 = ORIENTED_EDGE('',*,*,#13519,.F.);
#13775 = PLANE('',#13776);
#13776 = AXIS2_PLACEMENT_3D('',#13777,#13778,#13779);
#13777 = CARTESIAN_POINT('',(1.27,1.016,0.));
#13778 = DIRECTION('',(-0.707106781187,-0.707106781187,0.));
#13779 = DIRECTION('',(-0.707106781187,0.707106781187,0.));
#13780 = ADVANCED_FACE('',(#13781),#13792,.F.);
#13781 = FACE_BOUND('',#13782,.F.);
#13782 = EDGE_LOOP('',(#13783,#13784,#13785,#13791));
#13783 = ORIENTED_EDGE('',*,*,#13415,.T.);
#13784 = ORIENTED_EDGE('',*,*,#13604,.T.);
#13785 = ORIENTED_EDGE('',*,*,#13786,.F.);
#13786 = EDGE_CURVE('',#13440,#13605,#13787,.T.);
#13787 = LINE('',#13788,#13789);
#13788 = CARTESIAN_POINT('',(-1.016,-1.27,0.));
#13789 = VECTOR('',#13790,1.);
#13790 = DIRECTION('',(0.,0.,1.));
#13791 = ORIENTED_EDGE('',*,*,#13439,.F.);
#13792 = PLANE('',#13793);
#13793 = AXIS2_PLACEMENT_3D('',#13794,#13795,#13796);
#13794 = CARTESIAN_POINT('',(-1.27,-1.016,0.));
#13795 = DIRECTION('',(0.707106781187,0.707106781187,0.));
#13796 = DIRECTION('',(0.707106781187,-0.707106781187,0.));
#13797 = ADVANCED_FACE('',(#13798),#13809,.F.);
#13798 = FACE_BOUND('',#13799,.F.);
#13799 = EDGE_LOOP('',(#13800,#13806,#13807,#13808));
#13800 = ORIENTED_EDGE('',*,*,#13801,.T.);
#13801 = EDGE_CURVE('',#13504,#13669,#13802,.T.);
#13802 = LINE('',#13803,#13804);
#13803 = CARTESIAN_POINT('',(1.27,-1.016,0.));
#13804 = VECTOR('',#13805,1.);
#13805 = DIRECTION('',(0.,0.,1.));
#13806 = ORIENTED_EDGE('',*,*,#13676,.T.);
#13807 = ORIENTED_EDGE('',*,*,#13767,.F.);
#13808 = ORIENTED_EDGE('',*,*,#13511,.F.);
#13809 = PLANE('',#13810);
#13810 = AXIS2_PLACEMENT_3D('',#13811,#13812,#13813);
#13811 = CARTESIAN_POINT('',(1.27,-1.016,0.));
#13812 = DIRECTION('',(-1.,0.,0.));
#13813 = DIRECTION('',(0.,1.,0.));
#13814 = ADVANCED_FACE('',(#13815),#13826,.F.);
#13815 = FACE_BOUND('',#13816,.F.);
#13816 = EDGE_LOOP('',(#13817,#13818,#13819,#13825));
#13817 = ORIENTED_EDGE('',*,*,#13786,.T.);
#13818 = ORIENTED_EDGE('',*,*,#13612,.T.);
#13819 = ORIENTED_EDGE('',*,*,#13820,.F.);
#13820 = EDGE_CURVE('',#13448,#13613,#13821,.T.);
#13821 = LINE('',#13822,#13823);
#13822 = CARTESIAN_POINT('',(-1.27,-1.524,0.));
#13823 = VECTOR('',#13824,1.);
#13824 = DIRECTION('',(0.,0.,1.));
#13825 = ORIENTED_EDGE('',*,*,#13447,.F.);
#13826 = PLANE('',#13827);
#13827 = AXIS2_PLACEMENT_3D('',#13828,#13829,#13830);
#13828 = CARTESIAN_POINT('',(-1.016,-1.27,0.));
#13829 = DIRECTION('',(0.707106781187,-0.707106781187,0.));
#13830 = DIRECTION('',(-0.707106781187,-0.707106781187,0.));
#13831 = ADVANCED_FACE('',(#13832),#13843,.F.);
#13832 = FACE_BOUND('',#13833,.F.);
#13833 = EDGE_LOOP('',(#13834,#13840,#13841,#13842));
#13834 = ORIENTED_EDGE('',*,*,#13835,.T.);
#13835 = EDGE_CURVE('',#13496,#13661,#13836,.T.);
#13836 = LINE('',#13837,#13838);
#13837 = CARTESIAN_POINT('',(1.016,-1.27,0.));
#13838 = VECTOR('',#13839,1.);
#13839 = DIRECTION('',(0.,0.,1.));
#13840 = ORIENTED_EDGE('',*,*,#13668,.T.);
#13841 = ORIENTED_EDGE('',*,*,#13801,.F.);
#13842 = ORIENTED_EDGE('',*,*,#13503,.F.);
#13843 = PLANE('',#13844);
#13844 = AXIS2_PLACEMENT_3D('',#13845,#13846,#13847);
#13845 = CARTESIAN_POINT('',(1.016,-1.27,0.));
#13846 = DIRECTION('',(-0.707106781187,0.707106781187,0.));
#13847 = DIRECTION('',(0.707106781187,0.707106781187,0.));
#13848 = ADVANCED_FACE('',(#13849),#13860,.F.);
#13849 = FACE_BOUND('',#13850,.F.);
#13850 = EDGE_LOOP('',(#13851,#13852,#13853,#13859));
#13851 = ORIENTED_EDGE('',*,*,#13820,.T.);
#13852 = ORIENTED_EDGE('',*,*,#13620,.T.);
#13853 = ORIENTED_EDGE('',*,*,#13854,.F.);
#13854 = EDGE_CURVE('',#13456,#13621,#13855,.T.);
#13855 = LINE('',#13856,#13857);
#13856 = CARTESIAN_POINT('',(-1.27,-3.556,0.));
#13857 = VECTOR('',#13858,1.);
#13858 = DIRECTION('',(0.,0.,1.));
#13859 = ORIENTED_EDGE('',*,*,#13455,.F.);
#13860 = PLANE('',#13861);
#13861 = AXIS2_PLACEMENT_3D('',#13862,#13863,#13864);
#13862 = CARTESIAN_POINT('',(-1.27,-1.524,0.));
#13863 = DIRECTION('',(1.,0.,0.));
#13864 = DIRECTION('',(0.,-1.,0.));
#13865 = ADVANCED_FACE('',(#13866),#13877,.F.);
#13866 = FACE_BOUND('',#13867,.F.);
#13867 = EDGE_LOOP('',(#13868,#13874,#13875,#13876));
#13868 = ORIENTED_EDGE('',*,*,#13869,.T.);
#13869 = EDGE_CURVE('',#13488,#13653,#13870,.T.);
#13870 = LINE('',#13871,#13872);
#13871 = CARTESIAN_POINT('',(1.27,-1.524,0.));
#13872 = VECTOR('',#13873,1.);
#13873 = DIRECTION('',(0.,0.,1.));
#13874 = ORIENTED_EDGE('',*,*,#13660,.T.);
#13875 = ORIENTED_EDGE('',*,*,#13835,.F.);
#13876 = ORIENTED_EDGE('',*,*,#13495,.F.);
#13877 = PLANE('',#13878);
#13878 = AXIS2_PLACEMENT_3D('',#13879,#13880,#13881);
#13879 = CARTESIAN_POINT('',(1.27,-1.524,0.));
#13880 = DIRECTION('',(-0.707106781187,-0.707106781187,0.));
#13881 = DIRECTION('',(-0.707106781187,0.707106781187,0.));
#13882 = ADVANCED_FACE('',(#13883),#13894,.F.);
#13883 = FACE_BOUND('',#13884,.F.);
#13884 = EDGE_LOOP('',(#13885,#13886,#13887,#13893));
#13885 = ORIENTED_EDGE('',*,*,#13854,.T.);
#13886 = ORIENTED_EDGE('',*,*,#13628,.T.);
#13887 = ORIENTED_EDGE('',*,*,#13888,.F.);
#13888 = EDGE_CURVE('',#13464,#13629,#13889,.T.);
#13889 = LINE('',#13890,#13891);
#13890 = CARTESIAN_POINT('',(-1.016,-3.81,0.));
#13891 = VECTOR('',#13892,1.);
#13892 = DIRECTION('',(0.,0.,1.));
#13893 = ORIENTED_EDGE('',*,*,#13463,.F.);
#13894 = PLANE('',#13895);
#13895 = AXIS2_PLACEMENT_3D('',#13896,#13897,#13898);
#13896 = CARTESIAN_POINT('',(-1.27,-3.556,0.));
#13897 = DIRECTION('',(0.707106781187,0.707106781187,0.));
#13898 = DIRECTION('',(0.707106781187,-0.707106781187,0.));
#13899 = ADVANCED_FACE('',(#13900),#13911,.F.);
#13900 = FACE_BOUND('',#13901,.F.);
#13901 = EDGE_LOOP('',(#13902,#13908,#13909,#13910));
#13902 = ORIENTED_EDGE('',*,*,#13903,.T.);
#13903 = EDGE_CURVE('',#13480,#13645,#13904,.T.);
#13904 = LINE('',#13905,#13906);
#13905 = CARTESIAN_POINT('',(1.27,-3.556,0.));
#13906 = VECTOR('',#13907,1.);
#13907 = DIRECTION('',(0.,0.,1.));
#13908 = ORIENTED_EDGE('',*,*,#13652,.T.);
#13909 = ORIENTED_EDGE('',*,*,#13869,.F.);
#13910 = ORIENTED_EDGE('',*,*,#13487,.F.);
#13911 = PLANE('',#13912);
#13912 = AXIS2_PLACEMENT_3D('',#13913,#13914,#13915);
#13913 = CARTESIAN_POINT('',(1.27,-3.556,0.));
#13914 = DIRECTION('',(-1.,0.,0.));
#13915 = DIRECTION('',(0.,1.,0.));
#13916 = ADVANCED_FACE('',(#13917),#13928,.F.);
#13917 = FACE_BOUND('',#13918,.F.);
#13918 = EDGE_LOOP('',(#13919,#13920,#13921,#13927));
#13919 = ORIENTED_EDGE('',*,*,#13888,.T.);
#13920 = ORIENTED_EDGE('',*,*,#13636,.T.);
#13921 = ORIENTED_EDGE('',*,*,#13922,.F.);
#13922 = EDGE_CURVE('',#13472,#13637,#13923,.T.);
#13923 = LINE('',#13924,#13925);
#13924 = CARTESIAN_POINT('',(1.016,-3.81,0.));
#13925 = VECTOR('',#13926,1.);
#13926 = DIRECTION('',(0.,0.,1.));
#13927 = ORIENTED_EDGE('',*,*,#13471,.F.);
#13928 = PLANE('',#13929);
#13929 = AXIS2_PLACEMENT_3D('',#13930,#13931,#13932);
#13930 = CARTESIAN_POINT('',(-1.016,-3.81,0.));
#13931 = DIRECTION('',(0.,1.,0.));
#13932 = DIRECTION('',(1.,0.,0.));
#13933 = ADVANCED_FACE('',(#13934),#13940,.F.);
#13934 = FACE_BOUND('',#13935,.F.);
#13935 = EDGE_LOOP('',(#13936,#13937,#13938,#13939));
#13936 = ORIENTED_EDGE('',*,*,#13922,.T.);
#13937 = ORIENTED_EDGE('',*,*,#13644,.T.);
#13938 = ORIENTED_EDGE('',*,*,#13903,.F.);
#13939 = ORIENTED_EDGE('',*,*,#13479,.F.);
#13940 = PLANE('',#13941);
#13941 = AXIS2_PLACEMENT_3D('',#13942,#13943,#13944);
#13942 = CARTESIAN_POINT('',(1.016,-3.81,0.));
#13943 = DIRECTION('',(-0.707106781187,0.707106781187,0.));
#13944 = DIRECTION('',(0.707106781187,0.707106781187,0.));
#13945 = ADVANCED_FACE('',(#13946),#13971,.F.);
#13946 = FACE_BOUND('',#13947,.F.);
#13947 = EDGE_LOOP('',(#13948,#13956,#13964,#13970));
#13948 = ORIENTED_EDGE('',*,*,#13949,.F.);
#13949 = EDGE_CURVE('',#13950,#13529,#13952,.T.);
#13950 = VERTEX_POINT('',#13951);
#13951 = CARTESIAN_POINT('',(0.32,-0.32,-2.84));
#13952 = LINE('',#13953,#13954);
#13953 = CARTESIAN_POINT('',(0.32,-0.32,-3.));
#13954 = VECTOR('',#13955,1.);
#13955 = DIRECTION('',(0.,0.,1.));
#13956 = ORIENTED_EDGE('',*,*,#13957,.F.);
#13957 = EDGE_CURVE('',#13958,#13950,#13960,.T.);
#13958 = VERTEX_POINT('',#13959);
#13959 = CARTESIAN_POINT('',(-0.32,-0.32,-2.84));
#13960 = LINE('',#13961,#13962);
#13961 = CARTESIAN_POINT('',(-0.32,-0.32,-2.84));
#13962 = VECTOR('',#13963,1.);
#13963 = DIRECTION('',(1.,0.,0.));
#13964 = ORIENTED_EDGE('',*,*,#13965,.T.);
#13965 = EDGE_CURVE('',#13958,#13531,#13966,.T.);
#13966 = LINE('',#13967,#13968);
#13967 = CARTESIAN_POINT('',(-0.32,-0.32,-3.));
#13968 = VECTOR('',#13969,1.);
#13969 = DIRECTION('',(0.,0.,1.));
#13970 = ORIENTED_EDGE('',*,*,#13528,.F.);
#13971 = PLANE('',#13972);
#13972 = AXIS2_PLACEMENT_3D('',#13973,#13974,#13975);
#13973 = CARTESIAN_POINT('',(-0.32,-0.32,-3.));
#13974 = DIRECTION('',(0.,1.,0.));
#13975 = DIRECTION('',(0.,-0.,1.));
#13976 = ADVANCED_FACE('',(#13977),#13995,.T.);
#13977 = FACE_BOUND('',#13978,.T.);
#13978 = EDGE_LOOP('',(#13979,#13980,#13988,#13994));
#13979 = ORIENTED_EDGE('',*,*,#13949,.F.);
#13980 = ORIENTED_EDGE('',*,*,#13981,.T.);
#13981 = EDGE_CURVE('',#13950,#13982,#13984,.T.);
#13982 = VERTEX_POINT('',#13983);
#13983 = CARTESIAN_POINT('',(0.32,0.32,-2.84));
#13984 = LINE('',#13985,#13986);
#13985 = CARTESIAN_POINT('',(0.32,-0.32,-2.84));
#13986 = VECTOR('',#13987,1.);
#13987 = DIRECTION('',(0.,1.,0.));
#13988 = ORIENTED_EDGE('',*,*,#13989,.T.);
#13989 = EDGE_CURVE('',#13982,#13547,#13990,.T.);
#13990 = LINE('',#13991,#13992);
#13991 = CARTESIAN_POINT('',(0.32,0.32,-3.));
#13992 = VECTOR('',#13993,1.);
#13993 = DIRECTION('',(0.,0.,1.));
#13994 = ORIENTED_EDGE('',*,*,#13554,.F.);
#13995 = PLANE('',#13996);
#13996 = AXIS2_PLACEMENT_3D('',#13997,#13998,#13999);
#13997 = CARTESIAN_POINT('',(0.32,-0.32,-3.));
#13998 = DIRECTION('',(1.,0.,0.));
#13999 = DIRECTION('',(0.,0.,1.));
#14000 = ADVANCED_FACE('',(#14001),#14019,.T.);
#14001 = FACE_BOUND('',#14002,.T.);
#14002 = EDGE_LOOP('',(#14003,#14004,#14012,#14018));
#14003 = ORIENTED_EDGE('',*,*,#13989,.F.);
#14004 = ORIENTED_EDGE('',*,*,#14005,.F.);
#14005 = EDGE_CURVE('',#14006,#13982,#14008,.T.);
#14006 = VERTEX_POINT('',#14007);
#14007 = CARTESIAN_POINT('',(-0.32,0.32,-2.84));
#14008 = LINE('',#14009,#14010);
#14009 = CARTESIAN_POINT('',(-0.32,0.32,-2.84));
#14010 = VECTOR('',#14011,1.);
#14011 = DIRECTION('',(1.,0.,0.));
#14012 = ORIENTED_EDGE('',*,*,#14013,.T.);
#14013 = EDGE_CURVE('',#14006,#13539,#14014,.T.);
#14014 = LINE('',#14015,#14016);
#14015 = CARTESIAN_POINT('',(-0.32,0.32,-3.));
#14016 = VECTOR('',#14017,1.);
#14017 = DIRECTION('',(0.,0.,1.));
#14018 = ORIENTED_EDGE('',*,*,#13546,.F.);
#14019 = PLANE('',#14020);
#14020 = AXIS2_PLACEMENT_3D('',#14021,#14022,#14023);
#14021 = CARTESIAN_POINT('',(-0.32,0.32,-3.));
#14022 = DIRECTION('',(0.,1.,0.));
#14023 = DIRECTION('',(0.,-0.,1.));
#14024 = ADVANCED_FACE('',(#14025),#14036,.F.);
#14025 = FACE_BOUND('',#14026,.F.);
#14026 = EDGE_LOOP('',(#14027,#14028,#14034,#14035));
#14027 = ORIENTED_EDGE('',*,*,#13965,.F.);
#14028 = ORIENTED_EDGE('',*,*,#14029,.T.);
#14029 = EDGE_CURVE('',#13958,#14006,#14030,.T.);
#14030 = LINE('',#14031,#14032);
#14031 = CARTESIAN_POINT('',(-0.32,-0.32,-2.84));
#14032 = VECTOR('',#14033,1.);
#14033 = DIRECTION('',(0.,1.,0.));
#14034 = ORIENTED_EDGE('',*,*,#14013,.T.);
#14035 = ORIENTED_EDGE('',*,*,#13538,.F.);
#14036 = PLANE('',#14037);
#14037 = AXIS2_PLACEMENT_3D('',#14038,#14039,#14040);
#14038 = CARTESIAN_POINT('',(-0.32,-0.32,-3.));
#14039 = DIRECTION('',(1.,0.,0.));
#14040 = DIRECTION('',(0.,0.,1.));
#14041 = ADVANCED_FACE('',(#14042),#14067,.F.);
#14042 = FACE_BOUND('',#14043,.F.);
#14043 = EDGE_LOOP('',(#14044,#14052,#14060,#14066));
#14044 = ORIENTED_EDGE('',*,*,#14045,.F.);
#14045 = EDGE_CURVE('',#14046,#13563,#14048,.T.);
#14046 = VERTEX_POINT('',#14047);
#14047 = CARTESIAN_POINT('',(0.32,-2.86,-2.84));
#14048 = LINE('',#14049,#14050);
#14049 = CARTESIAN_POINT('',(0.32,-2.86,-3.));
#14050 = VECTOR('',#14051,1.);
#14051 = DIRECTION('',(0.,0.,1.));
#14052 = ORIENTED_EDGE('',*,*,#14053,.F.);
#14053 = EDGE_CURVE('',#14054,#14046,#14056,.T.);
#14054 = VERTEX_POINT('',#14055);
#14055 = CARTESIAN_POINT('',(-0.32,-2.86,-2.84));
#14056 = LINE('',#14057,#14058);
#14057 = CARTESIAN_POINT('',(-0.32,-2.86,-2.84));
#14058 = VECTOR('',#14059,1.);
#14059 = DIRECTION('',(1.,0.,0.));
#14060 = ORIENTED_EDGE('',*,*,#14061,.T.);
#14061 = EDGE_CURVE('',#14054,#13565,#14062,.T.);
#14062 = LINE('',#14063,#14064);
#14063 = CARTESIAN_POINT('',(-0.32,-2.86,-3.));
#14064 = VECTOR('',#14065,1.);
#14065 = DIRECTION('',(0.,0.,1.));
#14066 = ORIENTED_EDGE('',*,*,#13562,.F.);
#14067 = PLANE('',#14068);
#14068 = AXIS2_PLACEMENT_3D('',#14069,#14070,#14071);
#14069 = CARTESIAN_POINT('',(-0.32,-2.86,-3.));
#14070 = DIRECTION('',(0.,1.,0.));
#14071 = DIRECTION('',(0.,-0.,1.));
#14072 = ADVANCED_FACE('',(#14073),#14091,.T.);
#14073 = FACE_BOUND('',#14074,.T.);
#14074 = EDGE_LOOP('',(#14075,#14076,#14084,#14090));
#14075 = ORIENTED_EDGE('',*,*,#14045,.F.);
#14076 = ORIENTED_EDGE('',*,*,#14077,.T.);
#14077 = EDGE_CURVE('',#14046,#14078,#14080,.T.);
#14078 = VERTEX_POINT('',#14079);
#14079 = CARTESIAN_POINT('',(0.32,-2.22,-2.84));
#14080 = LINE('',#14081,#14082);
#14081 = CARTESIAN_POINT('',(0.32,-2.86,-2.84));
#14082 = VECTOR('',#14083,1.);
#14083 = DIRECTION('',(0.,1.,0.));
#14084 = ORIENTED_EDGE('',*,*,#14085,.T.);
#14085 = EDGE_CURVE('',#14078,#13581,#14086,.T.);
#14086 = LINE('',#14087,#14088);
#14087 = CARTESIAN_POINT('',(0.32,-2.22,-3.));
#14088 = VECTOR('',#14089,1.);
#14089 = DIRECTION('',(0.,0.,1.));
#14090 = ORIENTED_EDGE('',*,*,#13588,.F.);
#14091 = PLANE('',#14092);
#14092 = AXIS2_PLACEMENT_3D('',#14093,#14094,#14095);
#14093 = CARTESIAN_POINT('',(0.32,-2.86,-3.));
#14094 = DIRECTION('',(1.,0.,0.));
#14095 = DIRECTION('',(0.,0.,1.));
#14096 = ADVANCED_FACE('',(#14097),#14115,.T.);
#14097 = FACE_BOUND('',#14098,.T.);
#14098 = EDGE_LOOP('',(#14099,#14100,#14108,#14114));
#14099 = ORIENTED_EDGE('',*,*,#14085,.F.);
#14100 = ORIENTED_EDGE('',*,*,#14101,.F.);
#14101 = EDGE_CURVE('',#14102,#14078,#14104,.T.);
#14102 = VERTEX_POINT('',#14103);
#14103 = CARTESIAN_POINT('',(-0.32,-2.22,-2.84));
#14104 = LINE('',#14105,#14106);
#14105 = CARTESIAN_POINT('',(-0.32,-2.22,-2.84));
#14106 = VECTOR('',#14107,1.);
#14107 = DIRECTION('',(1.,0.,0.));
#14108 = ORIENTED_EDGE('',*,*,#14109,.T.);
#14109 = EDGE_CURVE('',#14102,#13573,#14110,.T.);
#14110 = LINE('',#14111,#14112);
#14111 = CARTESIAN_POINT('',(-0.32,-2.22,-3.));
#14112 = VECTOR('',#14113,1.);
#14113 = DIRECTION('',(0.,0.,1.));
#14114 = ORIENTED_EDGE('',*,*,#13580,.F.);
#14115 = PLANE('',#14116);
#14116 = AXIS2_PLACEMENT_3D('',#14117,#14118,#14119);
#14117 = CARTESIAN_POINT('',(-0.32,-2.22,-3.));
#14118 = DIRECTION('',(0.,1.,0.));
#14119 = DIRECTION('',(0.,-0.,1.));
#14120 = ADVANCED_FACE('',(#14121),#14132,.F.);
#14121 = FACE_BOUND('',#14122,.F.);
#14122 = EDGE_LOOP('',(#14123,#14124,#14130,#14131));
#14123 = ORIENTED_EDGE('',*,*,#14061,.F.);
#14124 = ORIENTED_EDGE('',*,*,#14125,.T.);
#14125 = EDGE_CURVE('',#14054,#14102,#14126,.T.);
#14126 = LINE('',#14127,#14128);
#14127 = CARTESIAN_POINT('',(-0.32,-2.86,-2.84));
#14128 = VECTOR('',#14129,1.);
#14129 = DIRECTION('',(0.,1.,0.));
#14130 = ORIENTED_EDGE('',*,*,#14109,.T.);
#14131 = ORIENTED_EDGE('',*,*,#13572,.F.);
#14132 = PLANE('',#14133);
#14133 = AXIS2_PLACEMENT_3D('',#14134,#14135,#14136);
#14134 = CARTESIAN_POINT('',(-0.32,-2.86,-3.));
#14135 = DIRECTION('',(1.,0.,0.));
#14136 = DIRECTION('',(0.,0.,1.));
#14137 = ADVANCED_FACE('',(#14138),#14163,.F.);
#14138 = FACE_BOUND('',#14139,.F.);
#14139 = EDGE_LOOP('',(#14140,#14148,#14149,#14157));
#14140 = ORIENTED_EDGE('',*,*,#14141,.F.);
#14141 = EDGE_CURVE('',#13694,#14142,#14144,.T.);
#14142 = VERTEX_POINT('',#14143);
#14143 = CARTESIAN_POINT('',(0.32,-0.32,8.38));
#14144 = LINE('',#14145,#14146);
#14145 = CARTESIAN_POINT('',(0.32,-0.32,-3.));
#14146 = VECTOR('',#14147,1.);
#14147 = DIRECTION('',(0.,0.,1.));
#14148 = ORIENTED_EDGE('',*,*,#13693,.T.);
#14149 = ORIENTED_EDGE('',*,*,#14150,.T.);
#14150 = EDGE_CURVE('',#13696,#14151,#14153,.T.);
#14151 = VERTEX_POINT('',#14152);
#14152 = CARTESIAN_POINT('',(-0.32,-0.32,8.38));
#14153 = LINE('',#14154,#14155);
#14154 = CARTESIAN_POINT('',(-0.32,-0.32,-3.));
#14155 = VECTOR('',#14156,1.);
#14156 = DIRECTION('',(0.,0.,1.));
#14157 = ORIENTED_EDGE('',*,*,#14158,.T.);
#14158 = EDGE_CURVE('',#14151,#14142,#14159,.T.);
#14159 = LINE('',#14160,#14161);
#14160 = CARTESIAN_POINT('',(-0.32,-0.32,8.38));
#14161 = VECTOR('',#14162,1.);
#14162 = DIRECTION('',(1.,0.,0.));
#14163 = PLANE('',#14164);
#14164 = AXIS2_PLACEMENT_3D('',#14165,#14166,#14167);
#14165 = CARTESIAN_POINT('',(-0.32,-0.32,-3.));
#14166 = DIRECTION('',(0.,1.,0.));
#14167 = DIRECTION('',(0.,-0.,1.));
#14168 = ADVANCED_FACE('',(#14169),#14187,.T.);
#14169 = FACE_BOUND('',#14170,.T.);
#14170 = EDGE_LOOP('',(#14171,#14172,#14173,#14181));
#14171 = ORIENTED_EDGE('',*,*,#14141,.F.);
#14172 = ORIENTED_EDGE('',*,*,#13719,.T.);
#14173 = ORIENTED_EDGE('',*,*,#14174,.T.);
#14174 = EDGE_CURVE('',#13712,#14175,#14177,.T.);
#14175 = VERTEX_POINT('',#14176);
#14176 = CARTESIAN_POINT('',(0.32,0.32,8.38));
#14177 = LINE('',#14178,#14179);
#14178 = CARTESIAN_POINT('',(0.32,0.32,-3.));
#14179 = VECTOR('',#14180,1.);
#14180 = DIRECTION('',(0.,0.,1.));
#14181 = ORIENTED_EDGE('',*,*,#14182,.F.);
#14182 = EDGE_CURVE('',#14142,#14175,#14183,.T.);
#14183 = LINE('',#14184,#14185);
#14184 = CARTESIAN_POINT('',(0.32,-0.32,8.38));
#14185 = VECTOR('',#14186,1.);
#14186 = DIRECTION('',(0.,1.,0.));
#14187 = PLANE('',#14188);
#14188 = AXIS2_PLACEMENT_3D('',#14189,#14190,#14191);
#14189 = CARTESIAN_POINT('',(0.32,-0.32,-3.));
#14190 = DIRECTION('',(1.,0.,0.));
#14191 = DIRECTION('',(0.,0.,1.));
#14192 = ADVANCED_FACE('',(#14193),#14211,.T.);
#14193 = FACE_BOUND('',#14194,.T.);
#14194 = EDGE_LOOP('',(#14195,#14196,#14197,#14205));
#14195 = ORIENTED_EDGE('',*,*,#14174,.F.);
#14196 = ORIENTED_EDGE('',*,*,#13711,.T.);
#14197 = ORIENTED_EDGE('',*,*,#14198,.T.);
#14198 = EDGE_CURVE('',#13704,#14199,#14201,.T.);
#14199 = VERTEX_POINT('',#14200);
#14200 = CARTESIAN_POINT('',(-0.32,0.32,8.38));
#14201 = LINE('',#14202,#14203);
#14202 = CARTESIAN_POINT('',(-0.32,0.32,-3.));
#14203 = VECTOR('',#14204,1.);
#14204 = DIRECTION('',(0.,0.,1.));
#14205 = ORIENTED_EDGE('',*,*,#14206,.T.);
#14206 = EDGE_CURVE('',#14199,#14175,#14207,.T.);
#14207 = LINE('',#14208,#14209);
#14208 = CARTESIAN_POINT('',(-0.32,0.32,8.38));
#14209 = VECTOR('',#14210,1.);
#14210 = DIRECTION('',(1.,0.,0.));
#14211 = PLANE('',#14212);
#14212 = AXIS2_PLACEMENT_3D('',#14213,#14214,#14215);
#14213 = CARTESIAN_POINT('',(-0.32,0.32,-3.));
#14214 = DIRECTION('',(0.,1.,0.));
#14215 = DIRECTION('',(0.,-0.,1.));
#14216 = ADVANCED_FACE('',(#14217),#14228,.F.);
#14217 = FACE_BOUND('',#14218,.F.);
#14218 = EDGE_LOOP('',(#14219,#14220,#14221,#14222));
#14219 = ORIENTED_EDGE('',*,*,#14150,.F.);
#14220 = ORIENTED_EDGE('',*,*,#13703,.T.);
#14221 = ORIENTED_EDGE('',*,*,#14198,.T.);
#14222 = ORIENTED_EDGE('',*,*,#14223,.F.);
#14223 = EDGE_CURVE('',#14151,#14199,#14224,.T.);
#14224 = LINE('',#14225,#14226);
#14225 = CARTESIAN_POINT('',(-0.32,-0.32,8.38));
#14226 = VECTOR('',#14227,1.);
#14227 = DIRECTION('',(0.,1.,0.));
#14228 = PLANE('',#14229);
#14229 = AXIS2_PLACEMENT_3D('',#14230,#14231,#14232);
#14230 = CARTESIAN_POINT('',(-0.32,-0.32,-3.));
#14231 = DIRECTION('',(1.,0.,0.));
#14232 = DIRECTION('',(0.,0.,1.));
#14233 = ADVANCED_FACE('',(#14234),#14259,.F.);
#14234 = FACE_BOUND('',#14235,.F.);
#14235 = EDGE_LOOP('',(#14236,#14244,#14245,#14253));
#14236 = ORIENTED_EDGE('',*,*,#14237,.F.);
#14237 = EDGE_CURVE('',#13728,#14238,#14240,.T.);
#14238 = VERTEX_POINT('',#14239);
#14239 = CARTESIAN_POINT('',(0.32,-2.86,8.38));
#14240 = LINE('',#14241,#14242);
#14241 = CARTESIAN_POINT('',(0.32,-2.86,-3.));
#14242 = VECTOR('',#14243,1.);
#14243 = DIRECTION('',(0.,0.,1.));
#14244 = ORIENTED_EDGE('',*,*,#13727,.T.);
#14245 = ORIENTED_EDGE('',*,*,#14246,.T.);
#14246 = EDGE_CURVE('',#13730,#14247,#14249,.T.);
#14247 = VERTEX_POINT('',#14248);
#14248 = CARTESIAN_POINT('',(-0.32,-2.86,8.38));
#14249 = LINE('',#14250,#14251);
#14250 = CARTESIAN_POINT('',(-0.32,-2.86,-3.));
#14251 = VECTOR('',#14252,1.);
#14252 = DIRECTION('',(0.,0.,1.));
#14253 = ORIENTED_EDGE('',*,*,#14254,.T.);
#14254 = EDGE_CURVE('',#14247,#14238,#14255,.T.);
#14255 = LINE('',#14256,#14257);
#14256 = CARTESIAN_POINT('',(-0.32,-2.86,8.38));
#14257 = VECTOR('',#14258,1.);
#14258 = DIRECTION('',(1.,0.,0.));
#14259 = PLANE('',#14260);
#14260 = AXIS2_PLACEMENT_3D('',#14261,#14262,#14263);
#14261 = CARTESIAN_POINT('',(-0.32,-2.86,-3.));
#14262 = DIRECTION('',(0.,1.,0.));
#14263 = DIRECTION('',(0.,-0.,1.));
#14264 = ADVANCED_FACE('',(#14265),#14283,.T.);
#14265 = FACE_BOUND('',#14266,.T.);
#14266 = EDGE_LOOP('',(#14267,#14268,#14269,#14277));
#14267 = ORIENTED_EDGE('',*,*,#14237,.F.);
#14268 = ORIENTED_EDGE('',*,*,#13753,.T.);
#14269 = ORIENTED_EDGE('',*,*,#14270,.T.);
#14270 = EDGE_CURVE('',#13746,#14271,#14273,.T.);
#14271 = VERTEX_POINT('',#14272);
#14272 = CARTESIAN_POINT('',(0.32,-2.22,8.38));
#14273 = LINE('',#14274,#14275);
#14274 = CARTESIAN_POINT('',(0.32,-2.22,-3.));
#14275 = VECTOR('',#14276,1.);
#14276 = DIRECTION('',(0.,0.,1.));
#14277 = ORIENTED_EDGE('',*,*,#14278,.F.);
#14278 = EDGE_CURVE('',#14238,#14271,#14279,.T.);
#14279 = LINE('',#14280,#14281);
#14280 = CARTESIAN_POINT('',(0.32,-2.86,8.38));
#14281 = VECTOR('',#14282,1.);
#14282 = DIRECTION('',(0.,1.,0.));
#14283 = PLANE('',#14284);
#14284 = AXIS2_PLACEMENT_3D('',#14285,#14286,#14287);
#14285 = CARTESIAN_POINT('',(0.32,-2.86,-3.));
#14286 = DIRECTION('',(1.,0.,0.));
#14287 = DIRECTION('',(0.,0.,1.));
#14288 = ADVANCED_FACE('',(#14289),#14307,.T.);
#14289 = FACE_BOUND('',#14290,.T.);
#14290 = EDGE_LOOP('',(#14291,#14292,#14293,#14301));
#14291 = ORIENTED_EDGE('',*,*,#14270,.F.);
#14292 = ORIENTED_EDGE('',*,*,#13745,.T.);
#14293 = ORIENTED_EDGE('',*,*,#14294,.T.);
#14294 = EDGE_CURVE('',#13738,#14295,#14297,.T.);
#14295 = VERTEX_POINT('',#14296);
#14296 = CARTESIAN_POINT('',(-0.32,-2.22,8.38));
#14297 = LINE('',#14298,#14299);
#14298 = CARTESIAN_POINT('',(-0.32,-2.22,-3.));
#14299 = VECTOR('',#14300,1.);
#14300 = DIRECTION('',(0.,0.,1.));
#14301 = ORIENTED_EDGE('',*,*,#14302,.T.);
#14302 = EDGE_CURVE('',#14295,#14271,#14303,.T.);
#14303 = LINE('',#14304,#14305);
#14304 = CARTESIAN_POINT('',(-0.32,-2.22,8.38));
#14305 = VECTOR('',#14306,1.);
#14306 = DIRECTION('',(1.,0.,0.));
#14307 = PLANE('',#14308);
#14308 = AXIS2_PLACEMENT_3D('',#14309,#14310,#14311);
#14309 = CARTESIAN_POINT('',(-0.32,-2.22,-3.));
#14310 = DIRECTION('',(0.,1.,0.));
#14311 = DIRECTION('',(0.,-0.,1.));
#14312 = ADVANCED_FACE('',(#14313),#14324,.F.);
#14313 = FACE_BOUND('',#14314,.F.);
#14314 = EDGE_LOOP('',(#14315,#14316,#14317,#14318));
#14315 = ORIENTED_EDGE('',*,*,#14246,.F.);
#14316 = ORIENTED_EDGE('',*,*,#13737,.T.);
#14317 = ORIENTED_EDGE('',*,*,#14294,.T.);
#14318 = ORIENTED_EDGE('',*,*,#14319,.F.);
#14319 = EDGE_CURVE('',#14247,#14295,#14320,.T.);
#14320 = LINE('',#14321,#14322);
#14321 = CARTESIAN_POINT('',(-0.32,-2.86,8.38));
#14322 = VECTOR('',#14323,1.);
#14323 = DIRECTION('',(0.,1.,0.));
#14324 = PLANE('',#14325);
#14325 = AXIS2_PLACEMENT_3D('',#14326,#14327,#14328);
#14326 = CARTESIAN_POINT('',(-0.32,-2.86,-3.));
#14327 = DIRECTION('',(1.,0.,0.));
#14328 = DIRECTION('',(0.,0.,1.));
#14329 = ADVANCED_FACE('',(#14330),#14355,.T.);
#14330 = FACE_BOUND('',#14331,.F.);
#14331 = EDGE_LOOP('',(#14332,#14340,#14341,#14349));
#14332 = ORIENTED_EDGE('',*,*,#14333,.F.);
#14333 = EDGE_CURVE('',#13958,#14334,#14336,.T.);
#14334 = VERTEX_POINT('',#14335);
#14335 = CARTESIAN_POINT('',(-0.16,-0.16,-3.));
#14336 = LINE('',#14337,#14338);
#14337 = CARTESIAN_POINT('',(-0.266666666667,-0.266666666667,
    -2.893333333333));
#14338 = VECTOR('',#14339,1.);
#14339 = DIRECTION('',(0.57735026919,0.57735026919,-0.57735026919));
#14340 = ORIENTED_EDGE('',*,*,#13957,.T.);
#14341 = ORIENTED_EDGE('',*,*,#14342,.T.);
#14342 = EDGE_CURVE('',#13950,#14343,#14345,.T.);
#14343 = VERTEX_POINT('',#14344);
#14344 = CARTESIAN_POINT('',(0.16,-0.16,-3.));
#14345 = LINE('',#14346,#14347);
#14346 = CARTESIAN_POINT('',(0.16,-0.16,-3.));
#14347 = VECTOR('',#14348,1.);
#14348 = DIRECTION('',(-0.57735026919,0.57735026919,-0.57735026919));
#14349 = ORIENTED_EDGE('',*,*,#14350,.F.);
#14350 = EDGE_CURVE('',#14334,#14343,#14351,.T.);
#14351 = LINE('',#14352,#14353);
#14352 = CARTESIAN_POINT('',(-0.32,-0.16,-3.));
#14353 = VECTOR('',#14354,1.);
#14354 = DIRECTION('',(1.,0.,0.));
#14355 = PLANE('',#14356);
#14356 = AXIS2_PLACEMENT_3D('',#14357,#14358,#14359);
#14357 = CARTESIAN_POINT('',(-0.32,-0.24,-2.92));
#14358 = DIRECTION('',(1.735167508357E-18,-0.707106781187,
    -0.707106781187));
#14359 = DIRECTION('',(-1.,-1.226948711654E-18,-1.226948711654E-18));
#14360 = ADVANCED_FACE('',(#14361),#14379,.F.);
#14361 = FACE_BOUND('',#14362,.F.);
#14362 = EDGE_LOOP('',(#14363,#14364,#14365,#14373));
#14363 = ORIENTED_EDGE('',*,*,#14342,.F.);
#14364 = ORIENTED_EDGE('',*,*,#13981,.T.);
#14365 = ORIENTED_EDGE('',*,*,#14366,.T.);
#14366 = EDGE_CURVE('',#13982,#14367,#14369,.T.);
#14367 = VERTEX_POINT('',#14368);
#14368 = CARTESIAN_POINT('',(0.16,0.16,-3.));
#14369 = LINE('',#14370,#14371);
#14370 = CARTESIAN_POINT('',(5.333333333333E-02,5.333333333333E-02,
    -3.106666666667));
#14371 = VECTOR('',#14372,1.);
#14372 = DIRECTION('',(-0.57735026919,-0.57735026919,-0.57735026919));
#14373 = ORIENTED_EDGE('',*,*,#14374,.F.);
#14374 = EDGE_CURVE('',#14343,#14367,#14375,.T.);
#14375 = LINE('',#14376,#14377);
#14376 = CARTESIAN_POINT('',(0.16,-0.32,-3.));
#14377 = VECTOR('',#14378,1.);
#14378 = DIRECTION('',(0.,1.,0.));
#14379 = PLANE('',#14380);
#14380 = AXIS2_PLACEMENT_3D('',#14381,#14382,#14383);
#14381 = CARTESIAN_POINT('',(0.24,-0.32,-2.92));
#14382 = DIRECTION('',(-0.707106781187,1.735167508357E-18,0.707106781187
    ));
#14383 = DIRECTION('',(1.226948711654E-18,1.,-1.226948711654E-18));
#14384 = ADVANCED_FACE('',(#14385),#14403,.F.);
#14385 = FACE_BOUND('',#14386,.T.);
#14386 = EDGE_LOOP('',(#14387,#14395,#14396,#14397));
#14387 = ORIENTED_EDGE('',*,*,#14388,.F.);
#14388 = EDGE_CURVE('',#14006,#14389,#14391,.T.);
#14389 = VERTEX_POINT('',#14390);
#14390 = CARTESIAN_POINT('',(-0.16,0.16,-3.));
#14391 = LINE('',#14392,#14393);
#14392 = CARTESIAN_POINT('',(-0.16,0.16,-3.));
#14393 = VECTOR('',#14394,1.);
#14394 = DIRECTION('',(0.57735026919,-0.57735026919,-0.57735026919));
#14395 = ORIENTED_EDGE('',*,*,#14005,.T.);
#14396 = ORIENTED_EDGE('',*,*,#14366,.T.);
#14397 = ORIENTED_EDGE('',*,*,#14398,.F.);
#14398 = EDGE_CURVE('',#14389,#14367,#14399,.T.);
#14399 = LINE('',#14400,#14401);
#14400 = CARTESIAN_POINT('',(-0.32,0.16,-3.));
#14401 = VECTOR('',#14402,1.);
#14402 = DIRECTION('',(1.,0.,0.));
#14403 = PLANE('',#14404);
#14404 = AXIS2_PLACEMENT_3D('',#14405,#14406,#14407);
#14405 = CARTESIAN_POINT('',(-0.32,0.24,-2.92));
#14406 = DIRECTION('',(-1.735167508357E-18,-0.707106781187,
    0.707106781187));
#14407 = DIRECTION('',(-1.,1.226948711654E-18,-1.226948711654E-18));
#14408 = ADVANCED_FACE('',(#14409),#14420,.T.);
#14409 = FACE_BOUND('',#14410,.T.);
#14410 = EDGE_LOOP('',(#14411,#14412,#14413,#14414));
#14411 = ORIENTED_EDGE('',*,*,#14333,.F.);
#14412 = ORIENTED_EDGE('',*,*,#14029,.T.);
#14413 = ORIENTED_EDGE('',*,*,#14388,.T.);
#14414 = ORIENTED_EDGE('',*,*,#14415,.F.);
#14415 = EDGE_CURVE('',#14334,#14389,#14416,.T.);
#14416 = LINE('',#14417,#14418);
#14417 = CARTESIAN_POINT('',(-0.16,-0.32,-3.));
#14418 = VECTOR('',#14419,1.);
#14419 = DIRECTION('',(0.,1.,0.));
#14420 = PLANE('',#14421);
#14421 = AXIS2_PLACEMENT_3D('',#14422,#14423,#14424);
#14422 = CARTESIAN_POINT('',(-0.24,-0.32,-2.92));
#14423 = DIRECTION('',(-0.707106781187,-1.735167508357E-18,
    -0.707106781187));
#14424 = DIRECTION('',(-1.226948711654E-18,1.,-1.226948711654E-18));
#14425 = ADVANCED_FACE('',(#14426),#14451,.T.);
#14426 = FACE_BOUND('',#14427,.F.);
#14427 = EDGE_LOOP('',(#14428,#14436,#14437,#14445));
#14428 = ORIENTED_EDGE('',*,*,#14429,.F.);
#14429 = EDGE_CURVE('',#14054,#14430,#14432,.T.);
#14430 = VERTEX_POINT('',#14431);
#14431 = CARTESIAN_POINT('',(-0.16,-2.7,-3.));
#14432 = LINE('',#14433,#14434);
#14433 = CARTESIAN_POINT('',(-0.266666666667,-2.806666666667,
    -2.893333333333));
#14434 = VECTOR('',#14435,1.);
#14435 = DIRECTION('',(0.57735026919,0.57735026919,-0.57735026919));
#14436 = ORIENTED_EDGE('',*,*,#14053,.T.);
#14437 = ORIENTED_EDGE('',*,*,#14438,.T.);
#14438 = EDGE_CURVE('',#14046,#14439,#14441,.T.);
#14439 = VERTEX_POINT('',#14440);
#14440 = CARTESIAN_POINT('',(0.16,-2.7,-3.));
#14441 = LINE('',#14442,#14443);
#14442 = CARTESIAN_POINT('',(0.16,-2.7,-3.));
#14443 = VECTOR('',#14444,1.);
#14444 = DIRECTION('',(-0.57735026919,0.57735026919,-0.57735026919));
#14445 = ORIENTED_EDGE('',*,*,#14446,.F.);
#14446 = EDGE_CURVE('',#14430,#14439,#14447,.T.);
#14447 = LINE('',#14448,#14449);
#14448 = CARTESIAN_POINT('',(-0.32,-2.7,-3.));
#14449 = VECTOR('',#14450,1.);
#14450 = DIRECTION('',(1.,0.,0.));
#14451 = PLANE('',#14452);
#14452 = AXIS2_PLACEMENT_3D('',#14453,#14454,#14455);
#14453 = CARTESIAN_POINT('',(-0.32,-2.78,-2.92));
#14454 = DIRECTION('',(1.735167508357E-18,-0.707106781187,
    -0.707106781187));
#14455 = DIRECTION('',(-1.,-1.226948711654E-18,-1.226948711654E-18));
#14456 = ADVANCED_FACE('',(#14457),#14475,.F.);
#14457 = FACE_BOUND('',#14458,.F.);
#14458 = EDGE_LOOP('',(#14459,#14460,#14461,#14469));
#14459 = ORIENTED_EDGE('',*,*,#14438,.F.);
#14460 = ORIENTED_EDGE('',*,*,#14077,.T.);
#14461 = ORIENTED_EDGE('',*,*,#14462,.T.);
#14462 = EDGE_CURVE('',#14078,#14463,#14465,.T.);
#14463 = VERTEX_POINT('',#14464);
#14464 = CARTESIAN_POINT('',(0.16,-2.38,-3.));
#14465 = LINE('',#14466,#14467);
#14466 = CARTESIAN_POINT('',(5.333333333333E-02,-2.486666666667,
    -3.106666666667));
#14467 = VECTOR('',#14468,1.);
#14468 = DIRECTION('',(-0.57735026919,-0.57735026919,-0.57735026919));
#14469 = ORIENTED_EDGE('',*,*,#14470,.F.);
#14470 = EDGE_CURVE('',#14439,#14463,#14471,.T.);
#14471 = LINE('',#14472,#14473);
#14472 = CARTESIAN_POINT('',(0.16,-2.86,-3.));
#14473 = VECTOR('',#14474,1.);
#14474 = DIRECTION('',(0.,1.,0.));
#14475 = PLANE('',#14476);
#14476 = AXIS2_PLACEMENT_3D('',#14477,#14478,#14479);
#14477 = CARTESIAN_POINT('',(0.24,-2.86,-2.92));
#14478 = DIRECTION('',(-0.707106781187,1.735167508357E-18,0.707106781187
    ));
#14479 = DIRECTION('',(1.226948711654E-18,1.,-1.226948711654E-18));
#14480 = ADVANCED_FACE('',(#14481),#14499,.F.);
#14481 = FACE_BOUND('',#14482,.T.);
#14482 = EDGE_LOOP('',(#14483,#14491,#14492,#14493));
#14483 = ORIENTED_EDGE('',*,*,#14484,.F.);
#14484 = EDGE_CURVE('',#14102,#14485,#14487,.T.);
#14485 = VERTEX_POINT('',#14486);
#14486 = CARTESIAN_POINT('',(-0.16,-2.38,-3.));
#14487 = LINE('',#14488,#14489);
#14488 = CARTESIAN_POINT('',(-0.16,-2.38,-3.));
#14489 = VECTOR('',#14490,1.);
#14490 = DIRECTION('',(0.57735026919,-0.57735026919,-0.57735026919));
#14491 = ORIENTED_EDGE('',*,*,#14101,.T.);
#14492 = ORIENTED_EDGE('',*,*,#14462,.T.);
#14493 = ORIENTED_EDGE('',*,*,#14494,.F.);
#14494 = EDGE_CURVE('',#14485,#14463,#14495,.T.);
#14495 = LINE('',#14496,#14497);
#14496 = CARTESIAN_POINT('',(-0.32,-2.38,-3.));
#14497 = VECTOR('',#14498,1.);
#14498 = DIRECTION('',(1.,0.,0.));
#14499 = PLANE('',#14500);
#14500 = AXIS2_PLACEMENT_3D('',#14501,#14502,#14503);
#14501 = CARTESIAN_POINT('',(-0.32,-2.3,-2.92));
#14502 = DIRECTION('',(-1.735167508357E-18,-0.707106781187,
    0.707106781187));
#14503 = DIRECTION('',(-1.,1.226948711654E-18,-1.226948711654E-18));
#14504 = ADVANCED_FACE('',(#14505),#14516,.T.);
#14505 = FACE_BOUND('',#14506,.T.);
#14506 = EDGE_LOOP('',(#14507,#14508,#14509,#14510));
#14507 = ORIENTED_EDGE('',*,*,#14429,.F.);
#14508 = ORIENTED_EDGE('',*,*,#14125,.T.);
#14509 = ORIENTED_EDGE('',*,*,#14484,.T.);
#14510 = ORIENTED_EDGE('',*,*,#14511,.F.);
#14511 = EDGE_CURVE('',#14430,#14485,#14512,.T.);
#14512 = LINE('',#14513,#14514);
#14513 = CARTESIAN_POINT('',(-0.16,-2.86,-3.));
#14514 = VECTOR('',#14515,1.);
#14515 = DIRECTION('',(0.,1.,0.));
#14516 = PLANE('',#14517);
#14517 = AXIS2_PLACEMENT_3D('',#14518,#14519,#14520);
#14518 = CARTESIAN_POINT('',(-0.24,-2.86,-2.92));
#14519 = DIRECTION('',(-0.707106781187,-1.735167508357E-18,
    -0.707106781187));
#14520 = DIRECTION('',(-1.226948711654E-18,1.,-1.226948711654E-18));
#14521 = ADVANCED_FACE('',(#14522),#14547,.F.);
#14522 = FACE_BOUND('',#14523,.T.);
#14523 = EDGE_LOOP('',(#14524,#14532,#14533,#14541));
#14524 = ORIENTED_EDGE('',*,*,#14525,.F.);
#14525 = EDGE_CURVE('',#14151,#14526,#14528,.T.);
#14526 = VERTEX_POINT('',#14527);
#14527 = CARTESIAN_POINT('',(-0.16,-0.16,8.54));
#14528 = LINE('',#14529,#14530);
#14529 = CARTESIAN_POINT('',(-0.266666666667,-0.266666666667,
    8.433333333333));
#14530 = VECTOR('',#14531,1.);
#14531 = DIRECTION('',(0.57735026919,0.57735026919,0.57735026919));
#14532 = ORIENTED_EDGE('',*,*,#14158,.T.);
#14533 = ORIENTED_EDGE('',*,*,#14534,.T.);
#14534 = EDGE_CURVE('',#14142,#14535,#14537,.T.);
#14535 = VERTEX_POINT('',#14536);
#14536 = CARTESIAN_POINT('',(0.16,-0.16,8.54));
#14537 = LINE('',#14538,#14539);
#14538 = CARTESIAN_POINT('',(0.16,-0.16,8.54));
#14539 = VECTOR('',#14540,1.);
#14540 = DIRECTION('',(-0.57735026919,0.57735026919,0.57735026919));
#14541 = ORIENTED_EDGE('',*,*,#14542,.F.);
#14542 = EDGE_CURVE('',#14526,#14535,#14543,.T.);
#14543 = LINE('',#14544,#14545);
#14544 = CARTESIAN_POINT('',(-0.32,-0.16,8.54));
#14545 = VECTOR('',#14546,1.);
#14546 = DIRECTION('',(1.,0.,0.));
#14547 = PLANE('',#14548);
#14548 = AXIS2_PLACEMENT_3D('',#14549,#14550,#14551);
#14549 = CARTESIAN_POINT('',(-0.32,-0.24,8.46));
#14550 = DIRECTION('',(-1.735167508357E-18,0.707106781187,
    -0.707106781187));
#14551 = DIRECTION('',(-1.,-1.226948711654E-18,1.226948711654E-18));
#14552 = ADVANCED_FACE('',(#14553),#14571,.T.);
#14553 = FACE_BOUND('',#14554,.T.);
#14554 = EDGE_LOOP('',(#14555,#14556,#14557,#14565));
#14555 = ORIENTED_EDGE('',*,*,#14534,.F.);
#14556 = ORIENTED_EDGE('',*,*,#14182,.T.);
#14557 = ORIENTED_EDGE('',*,*,#14558,.T.);
#14558 = EDGE_CURVE('',#14175,#14559,#14561,.T.);
#14559 = VERTEX_POINT('',#14560);
#14560 = CARTESIAN_POINT('',(0.16,0.16,8.54));
#14561 = LINE('',#14562,#14563);
#14562 = CARTESIAN_POINT('',(5.333333333333E-02,5.333333333333E-02,
    8.646666666667));
#14563 = VECTOR('',#14564,1.);
#14564 = DIRECTION('',(-0.57735026919,-0.57735026919,0.57735026919));
#14565 = ORIENTED_EDGE('',*,*,#14566,.F.);
#14566 = EDGE_CURVE('',#14535,#14559,#14567,.T.);
#14567 = LINE('',#14568,#14569);
#14568 = CARTESIAN_POINT('',(0.16,-0.32,8.54));
#14569 = VECTOR('',#14570,1.);
#14570 = DIRECTION('',(0.,1.,0.));
#14571 = PLANE('',#14572);
#14572 = AXIS2_PLACEMENT_3D('',#14573,#14574,#14575);
#14573 = CARTESIAN_POINT('',(0.24,-0.32,8.46));
#14574 = DIRECTION('',(0.707106781187,-1.735167508357E-18,0.707106781187
    ));
#14575 = DIRECTION('',(1.226948711654E-18,1.,1.226948711654E-18));
#14576 = ADVANCED_FACE('',(#14577),#14595,.T.);
#14577 = FACE_BOUND('',#14578,.F.);
#14578 = EDGE_LOOP('',(#14579,#14587,#14588,#14589));
#14579 = ORIENTED_EDGE('',*,*,#14580,.F.);
#14580 = EDGE_CURVE('',#14199,#14581,#14583,.T.);
#14581 = VERTEX_POINT('',#14582);
#14582 = CARTESIAN_POINT('',(-0.16,0.16,8.54));
#14583 = LINE('',#14584,#14585);
#14584 = CARTESIAN_POINT('',(-0.16,0.16,8.54));
#14585 = VECTOR('',#14586,1.);
#14586 = DIRECTION('',(0.57735026919,-0.57735026919,0.57735026919));
#14587 = ORIENTED_EDGE('',*,*,#14206,.T.);
#14588 = ORIENTED_EDGE('',*,*,#14558,.T.);
#14589 = ORIENTED_EDGE('',*,*,#14590,.F.);
#14590 = EDGE_CURVE('',#14581,#14559,#14591,.T.);
#14591 = LINE('',#14592,#14593);
#14592 = CARTESIAN_POINT('',(-0.32,0.16,8.54));
#14593 = VECTOR('',#14594,1.);
#14594 = DIRECTION('',(1.,0.,0.));
#14595 = PLANE('',#14596);
#14596 = AXIS2_PLACEMENT_3D('',#14597,#14598,#14599);
#14597 = CARTESIAN_POINT('',(-0.32,0.24,8.46));
#14598 = DIRECTION('',(1.735167508357E-18,0.707106781187,0.707106781187)
  );
#14599 = DIRECTION('',(-1.,1.226948711654E-18,1.226948711654E-18));
#14600 = ADVANCED_FACE('',(#14601),#14612,.F.);
#14601 = FACE_BOUND('',#14602,.F.);
#14602 = EDGE_LOOP('',(#14603,#14604,#14605,#14606));
#14603 = ORIENTED_EDGE('',*,*,#14525,.F.);
#14604 = ORIENTED_EDGE('',*,*,#14223,.T.);
#14605 = ORIENTED_EDGE('',*,*,#14580,.T.);
#14606 = ORIENTED_EDGE('',*,*,#14607,.F.);
#14607 = EDGE_CURVE('',#14526,#14581,#14608,.T.);
#14608 = LINE('',#14609,#14610);
#14609 = CARTESIAN_POINT('',(-0.16,-0.32,8.54));
#14610 = VECTOR('',#14611,1.);
#14611 = DIRECTION('',(0.,1.,0.));
#14612 = PLANE('',#14613);
#14613 = AXIS2_PLACEMENT_3D('',#14614,#14615,#14616);
#14614 = CARTESIAN_POINT('',(-0.24,-0.32,8.46));
#14615 = DIRECTION('',(0.707106781187,1.735167508357E-18,-0.707106781187
    ));
#14616 = DIRECTION('',(-1.226948711654E-18,1.,1.226948711654E-18));
#14617 = ADVANCED_FACE('',(#14618),#14643,.F.);
#14618 = FACE_BOUND('',#14619,.T.);
#14619 = EDGE_LOOP('',(#14620,#14628,#14629,#14637));
#14620 = ORIENTED_EDGE('',*,*,#14621,.F.);
#14621 = EDGE_CURVE('',#14247,#14622,#14624,.T.);
#14622 = VERTEX_POINT('',#14623);
#14623 = CARTESIAN_POINT('',(-0.16,-2.7,8.54));
#14624 = LINE('',#14625,#14626);
#14625 = CARTESIAN_POINT('',(-0.266666666667,-2.806666666667,
    8.433333333333));
#14626 = VECTOR('',#14627,1.);
#14627 = DIRECTION('',(0.57735026919,0.57735026919,0.57735026919));
#14628 = ORIENTED_EDGE('',*,*,#14254,.T.);
#14629 = ORIENTED_EDGE('',*,*,#14630,.T.);
#14630 = EDGE_CURVE('',#14238,#14631,#14633,.T.);
#14631 = VERTEX_POINT('',#14632);
#14632 = CARTESIAN_POINT('',(0.16,-2.7,8.54));
#14633 = LINE('',#14634,#14635);
#14634 = CARTESIAN_POINT('',(0.16,-2.7,8.54));
#14635 = VECTOR('',#14636,1.);
#14636 = DIRECTION('',(-0.57735026919,0.57735026919,0.57735026919));
#14637 = ORIENTED_EDGE('',*,*,#14638,.F.);
#14638 = EDGE_CURVE('',#14622,#14631,#14639,.T.);
#14639 = LINE('',#14640,#14641);
#14640 = CARTESIAN_POINT('',(-0.32,-2.7,8.54));
#14641 = VECTOR('',#14642,1.);
#14642 = DIRECTION('',(1.,0.,0.));
#14643 = PLANE('',#14644);
#14644 = AXIS2_PLACEMENT_3D('',#14645,#14646,#14647);
#14645 = CARTESIAN_POINT('',(-0.32,-2.78,8.46));
#14646 = DIRECTION('',(-1.735167508357E-18,0.707106781187,
    -0.707106781187));
#14647 = DIRECTION('',(-1.,-1.226948711654E-18,1.226948711654E-18));
#14648 = ADVANCED_FACE('',(#14649),#14667,.T.);
#14649 = FACE_BOUND('',#14650,.T.);
#14650 = EDGE_LOOP('',(#14651,#14652,#14653,#14661));
#14651 = ORIENTED_EDGE('',*,*,#14630,.F.);
#14652 = ORIENTED_EDGE('',*,*,#14278,.T.);
#14653 = ORIENTED_EDGE('',*,*,#14654,.T.);
#14654 = EDGE_CURVE('',#14271,#14655,#14657,.T.);
#14655 = VERTEX_POINT('',#14656);
#14656 = CARTESIAN_POINT('',(0.16,-2.38,8.54));
#14657 = LINE('',#14658,#14659);
#14658 = CARTESIAN_POINT('',(5.333333333333E-02,-2.486666666667,
    8.646666666667));
#14659 = VECTOR('',#14660,1.);
#14660 = DIRECTION('',(-0.57735026919,-0.57735026919,0.57735026919));
#14661 = ORIENTED_EDGE('',*,*,#14662,.F.);
#14662 = EDGE_CURVE('',#14631,#14655,#14663,.T.);
#14663 = LINE('',#14664,#14665);
#14664 = CARTESIAN_POINT('',(0.16,-2.86,8.54));
#14665 = VECTOR('',#14666,1.);
#14666 = DIRECTION('',(0.,1.,0.));
#14667 = PLANE('',#14668);
#14668 = AXIS2_PLACEMENT_3D('',#14669,#14670,#14671);
#14669 = CARTESIAN_POINT('',(0.24,-2.86,8.46));
#14670 = DIRECTION('',(0.707106781187,-1.735167508357E-18,0.707106781187
    ));
#14671 = DIRECTION('',(1.226948711654E-18,1.,1.226948711654E-18));
#14672 = ADVANCED_FACE('',(#14673),#14691,.T.);
#14673 = FACE_BOUND('',#14674,.F.);
#14674 = EDGE_LOOP('',(#14675,#14683,#14684,#14685));
#14675 = ORIENTED_EDGE('',*,*,#14676,.F.);
#14676 = EDGE_CURVE('',#14295,#14677,#14679,.T.);
#14677 = VERTEX_POINT('',#14678);
#14678 = CARTESIAN_POINT('',(-0.16,-2.38,8.54));
#14679 = LINE('',#14680,#14681);
#14680 = CARTESIAN_POINT('',(-0.16,-2.38,8.54));
#14681 = VECTOR('',#14682,1.);
#14682 = DIRECTION('',(0.57735026919,-0.57735026919,0.57735026919));
#14683 = ORIENTED_EDGE('',*,*,#14302,.T.);
#14684 = ORIENTED_EDGE('',*,*,#14654,.T.);
#14685 = ORIENTED_EDGE('',*,*,#14686,.F.);
#14686 = EDGE_CURVE('',#14677,#14655,#14687,.T.);
#14687 = LINE('',#14688,#14689);
#14688 = CARTESIAN_POINT('',(-0.32,-2.38,8.54));
#14689 = VECTOR('',#14690,1.);
#14690 = DIRECTION('',(1.,0.,0.));
#14691 = PLANE('',#14692);
#14692 = AXIS2_PLACEMENT_3D('',#14693,#14694,#14695);
#14693 = CARTESIAN_POINT('',(-0.32,-2.3,8.46));
#14694 = DIRECTION('',(1.735167508357E-18,0.707106781187,0.707106781187)
  );
#14695 = DIRECTION('',(-1.,1.226948711654E-18,1.226948711654E-18));
#14696 = ADVANCED_FACE('',(#14697),#14708,.F.);
#14697 = FACE_BOUND('',#14698,.F.);
#14698 = EDGE_LOOP('',(#14699,#14700,#14701,#14702));
#14699 = ORIENTED_EDGE('',*,*,#14621,.F.);
#14700 = ORIENTED_EDGE('',*,*,#14319,.T.);
#14701 = ORIENTED_EDGE('',*,*,#14676,.T.);
#14702 = ORIENTED_EDGE('',*,*,#14703,.F.);
#14703 = EDGE_CURVE('',#14622,#14677,#14704,.T.);
#14704 = LINE('',#14705,#14706);
#14705 = CARTESIAN_POINT('',(-0.16,-2.86,8.54));
#14706 = VECTOR('',#14707,1.);
#14707 = DIRECTION('',(0.,1.,0.));
#14708 = PLANE('',#14709);
#14709 = AXIS2_PLACEMENT_3D('',#14710,#14711,#14712);
#14710 = CARTESIAN_POINT('',(-0.24,-2.86,8.46));
#14711 = DIRECTION('',(0.707106781187,1.735167508357E-18,-0.707106781187
    ));
#14712 = DIRECTION('',(-1.226948711654E-18,1.,1.226948711654E-18));
#14713 = ADVANCED_FACE('',(#14714),#14720,.F.);
#14714 = FACE_BOUND('',#14715,.F.);
#14715 = EDGE_LOOP('',(#14716,#14717,#14718,#14719));
#14716 = ORIENTED_EDGE('',*,*,#14415,.F.);
#14717 = ORIENTED_EDGE('',*,*,#14350,.T.);
#14718 = ORIENTED_EDGE('',*,*,#14374,.T.);
#14719 = ORIENTED_EDGE('',*,*,#14398,.F.);
#14720 = PLANE('',#14721);
#14721 = AXIS2_PLACEMENT_3D('',#14722,#14723,#14724);
#14722 = CARTESIAN_POINT('',(-0.32,-0.32,-3.));
#14723 = DIRECTION('',(0.,0.,1.));
#14724 = DIRECTION('',(1.,0.,-0.));
#14725 = ADVANCED_FACE('',(#14726),#14732,.F.);
#14726 = FACE_BOUND('',#14727,.F.);
#14727 = EDGE_LOOP('',(#14728,#14729,#14730,#14731));
#14728 = ORIENTED_EDGE('',*,*,#14511,.F.);
#14729 = ORIENTED_EDGE('',*,*,#14446,.T.);
#14730 = ORIENTED_EDGE('',*,*,#14470,.T.);
#14731 = ORIENTED_EDGE('',*,*,#14494,.F.);
#14732 = PLANE('',#14733);
#14733 = AXIS2_PLACEMENT_3D('',#14734,#14735,#14736);
#14734 = CARTESIAN_POINT('',(-0.32,-2.86,-3.));
#14735 = DIRECTION('',(0.,0.,1.));
#14736 = DIRECTION('',(1.,0.,-0.));
#14737 = ADVANCED_FACE('',(#14738),#14744,.T.);
#14738 = FACE_BOUND('',#14739,.T.);
#14739 = EDGE_LOOP('',(#14740,#14741,#14742,#14743));
#14740 = ORIENTED_EDGE('',*,*,#14590,.F.);
#14741 = ORIENTED_EDGE('',*,*,#14607,.F.);
#14742 = ORIENTED_EDGE('',*,*,#14542,.T.);
#14743 = ORIENTED_EDGE('',*,*,#14566,.T.);
#14744 = PLANE('',#14745);
#14745 = AXIS2_PLACEMENT_3D('',#14746,#14747,#14748);
#14746 = CARTESIAN_POINT('',(-0.32,-0.32,8.54));
#14747 = DIRECTION('',(0.,0.,1.));
#14748 = DIRECTION('',(1.,0.,-0.));
#14749 = ADVANCED_FACE('',(#14750),#14756,.T.);
#14750 = FACE_BOUND('',#14751,.T.);
#14751 = EDGE_LOOP('',(#14752,#14753,#14754,#14755));
#14752 = ORIENTED_EDGE('',*,*,#14686,.F.);
#14753 = ORIENTED_EDGE('',*,*,#14703,.F.);
#14754 = ORIENTED_EDGE('',*,*,#14638,.T.);
#14755 = ORIENTED_EDGE('',*,*,#14662,.T.);
#14756 = PLANE('',#14757);
#14757 = AXIS2_PLACEMENT_3D('',#14758,#14759,#14760);
#14758 = CARTESIAN_POINT('',(-0.32,-2.86,8.54));
#14759 = DIRECTION('',(0.,0.,1.));
#14760 = DIRECTION('',(1.,0.,-0.));
#14761 = ( GEOMETRIC_REPRESENTATION_CONTEXT(3) 
GLOBAL_UNCERTAINTY_ASSIGNED_CONTEXT((#14765)) 
GLOBAL_UNIT_ASSIGNED_CONTEXT((#14762,#14763,#14764)) 
REPRESENTATION_CONTEXT('Context #1',
  '3D Context with UNIT and UNCERTAINTY') );
#14762 = ( LENGTH_UNIT() NAMED_UNIT(*) SI_UNIT(.MILLI.,.METRE.) );
#14763 = ( NAMED_UNIT(*) PLANE_ANGLE_UNIT() SI_UNIT($,.RADIAN.) );
#14764 = ( NAMED_UNIT(*) SI_UNIT($,.STERADIAN.) SOLID_ANGLE_UNIT() );
#14765 = UNCERTAINTY_MEASURE_WITH_UNIT(LENGTH_MEASURE(1.E-07),#14762,
  'distance_accuracy_value','confusion accuracy');
#14766 = CONTEXT_DEPENDENT_SHAPE_REPRESENTATION(#14767,#14769);
#14767 = ( REPRESENTATION_RELATIONSHIP('','',#13328,#10) 
REPRESENTATION_RELATIONSHIP_WITH_TRANSFORMATION(#14768) 
SHAPE_REPRESENTATION_RELATIONSHIP() );
#14768 = ITEM_DEFINED_TRANSFORMATION('','',#11,#59);
#14769 = PRODUCT_DEFINITION_SHAPE('Placement','Placement of an item',
  #14770);
#14770 = NEXT_ASSEMBLY_USAGE_OCCURRENCE('12','J4','',#5,#13323,$);
#14771 = PRODUCT_RELATED_PRODUCT_CATEGORY('part',$,(#13325));
#14772 = SHAPE_DEFINITION_REPRESENTATION(#14773,#14779);
#14773 = PRODUCT_DEFINITION_SHAPE('','',#14774);
#14774 = PRODUCT_DEFINITION('design','',#14775,#14778);
#14775 = PRODUCT_DEFINITION_FORMATION('','',#14776);
#14776 = PRODUCT('dfrobot-module_PCB','dfrobot-module_PCB','',(#14777));
#14777 = PRODUCT_CONTEXT('',#2,'mechanical');
#14778 = PRODUCT_DEFINITION_CONTEXT('part definition',#2,'design');
#14779 = ADVANCED_BREP_SHAPE_REPRESENTATION('',(#11,#14780),#15900);
#14780 = MANIFOLD_SOLID_BREP('',#14781);
#14781 = CLOSED_SHELL('',(#14782,#14824,#14855,#14886,#15166,#15446,
    #15463,#15480,#15497,#15514,#15531,#15548,#15565,#15582,#15599,
    #15616,#15628,#15645,#15662,#15679,#15696,#15713,#15730,#15747,
    #15764,#15781,#15798,#15815,#15832,#15849,#15866,#15883));
#14782 = ADVANCED_FACE('',(#14783),#14819,.T.);
#14783 = FACE_BOUND('',#14784,.T.);
#14784 = EDGE_LOOP('',(#14785,#14795,#14804,#14812));
#14785 = ORIENTED_EDGE('',*,*,#14786,.T.);
#14786 = EDGE_CURVE('',#14787,#14789,#14791,.T.);
#14787 = VERTEX_POINT('',#14788);
#14788 = CARTESIAN_POINT('',(19.16,9.,0.));
#14789 = VERTEX_POINT('',#14790);
#14790 = CARTESIAN_POINT('',(19.16,9.,1.51));
#14791 = LINE('',#14792,#14793);
#14792 = CARTESIAN_POINT('',(19.16,9.,0.));
#14793 = VECTOR('',#14794,1.);
#14794 = DIRECTION('',(0.,0.,1.));
#14795 = ORIENTED_EDGE('',*,*,#14796,.T.);
#14796 = EDGE_CURVE('',#14789,#14797,#14799,.T.);
#14797 = VERTEX_POINT('',#14798);
#14798 = CARTESIAN_POINT('',(21.16,7.,1.51));
#14799 = CIRCLE('',#14800,2.000000212955);
#14800 = AXIS2_PLACEMENT_3D('',#14801,#14802,#14803);
#14801 = CARTESIAN_POINT('',(19.159999787045,6.999999787045,1.51));
#14802 = DIRECTION('',(0.,0.,-1.));
#14803 = DIRECTION('',(1.064773862282E-07,1.,0.));
#14804 = ORIENTED_EDGE('',*,*,#14805,.F.);
#14805 = EDGE_CURVE('',#14806,#14797,#14808,.T.);
#14806 = VERTEX_POINT('',#14807);
#14807 = CARTESIAN_POINT('',(21.16,7.,0.));
#14808 = LINE('',#14809,#14810);
#14809 = CARTESIAN_POINT('',(21.16,7.,0.));
#14810 = VECTOR('',#14811,1.);
#14811 = DIRECTION('',(0.,0.,1.));
#14812 = ORIENTED_EDGE('',*,*,#14813,.F.);
#14813 = EDGE_CURVE('',#14787,#14806,#14814,.T.);
#14814 = CIRCLE('',#14815,2.000000212955);
#14815 = AXIS2_PLACEMENT_3D('',#14816,#14817,#14818);
#14816 = CARTESIAN_POINT('',(19.159999787045,6.999999787045,0.));
#14817 = DIRECTION('',(0.,0.,-1.));
#14818 = DIRECTION('',(1.064773862282E-07,1.,0.));
#14819 = CYLINDRICAL_SURFACE('',#14820,2.000000212955);
#14820 = AXIS2_PLACEMENT_3D('',#14821,#14822,#14823);
#14821 = CARTESIAN_POINT('',(19.159999787045,6.999999787045,0.));
#14822 = DIRECTION('',(0.,0.,-1.));
#14823 = DIRECTION('',(1.064773862282E-07,1.,0.));
#14824 = ADVANCED_FACE('',(#14825),#14850,.T.);
#14825 = FACE_BOUND('',#14826,.T.);
#14826 = EDGE_LOOP('',(#14827,#14837,#14843,#14844));
#14827 = ORIENTED_EDGE('',*,*,#14828,.T.);
#14828 = EDGE_CURVE('',#14829,#14831,#14833,.T.);
#14829 = VERTEX_POINT('',#14830);
#14830 = CARTESIAN_POINT('',(1.16,9.,0.));
#14831 = VERTEX_POINT('',#14832);
#14832 = CARTESIAN_POINT('',(1.16,9.,1.51));
#14833 = LINE('',#14834,#14835);
#14834 = CARTESIAN_POINT('',(1.16,9.,0.));
#14835 = VECTOR('',#14836,1.);
#14836 = DIRECTION('',(0.,0.,1.));
#14837 = ORIENTED_EDGE('',*,*,#14838,.T.);
#14838 = EDGE_CURVE('',#14831,#14789,#14839,.T.);
#14839 = LINE('',#14840,#14841);
#14840 = CARTESIAN_POINT('',(1.16,9.,1.51));
#14841 = VECTOR('',#14842,1.);
#14842 = DIRECTION('',(1.,0.,0.));
#14843 = ORIENTED_EDGE('',*,*,#14786,.F.);
#14844 = ORIENTED_EDGE('',*,*,#14845,.F.);
#14845 = EDGE_CURVE('',#14829,#14787,#14846,.T.);
#14846 = LINE('',#14847,#14848);
#14847 = CARTESIAN_POINT('',(1.16,9.,0.));
#14848 = VECTOR('',#14849,1.);
#14849 = DIRECTION('',(1.,0.,0.));
#14850 = PLANE('',#14851);
#14851 = AXIS2_PLACEMENT_3D('',#14852,#14853,#14854);
#14852 = CARTESIAN_POINT('',(1.16,9.,0.));
#14853 = DIRECTION('',(0.,1.,0.));
#14854 = DIRECTION('',(1.,0.,0.));
#14855 = ADVANCED_FACE('',(#14856),#14881,.T.);
#14856 = FACE_BOUND('',#14857,.T.);
#14857 = EDGE_LOOP('',(#14858,#14866,#14867,#14875));
#14858 = ORIENTED_EDGE('',*,*,#14859,.F.);
#14859 = EDGE_CURVE('',#14806,#14860,#14862,.T.);
#14860 = VERTEX_POINT('',#14861);
#14861 = CARTESIAN_POINT('',(21.16,1.361763562444,0.));
#14862 = LINE('',#14863,#14864);
#14863 = CARTESIAN_POINT('',(21.16,7.,0.));
#14864 = VECTOR('',#14865,1.);
#14865 = DIRECTION('',(0.,-1.,0.));
#14866 = ORIENTED_EDGE('',*,*,#14805,.T.);
#14867 = ORIENTED_EDGE('',*,*,#14868,.T.);
#14868 = EDGE_CURVE('',#14797,#14869,#14871,.T.);
#14869 = VERTEX_POINT('',#14870);
#14870 = CARTESIAN_POINT('',(21.16,1.361763562444,1.51));
#14871 = LINE('',#14872,#14873);
#14872 = CARTESIAN_POINT('',(21.16,7.,1.51));
#14873 = VECTOR('',#14874,1.);
#14874 = DIRECTION('',(0.,-1.,0.));
#14875 = ORIENTED_EDGE('',*,*,#14876,.T.);
#14876 = EDGE_CURVE('',#14869,#14860,#14877,.T.);
#14877 = LINE('',#14878,#14879);
#14878 = CARTESIAN_POINT('',(21.16,1.361763562444,-4.6E-02));
#14879 = VECTOR('',#14880,1.);
#14880 = DIRECTION('',(-0.,-0.,-1.));
#14881 = PLANE('',#14882);
#14882 = AXIS2_PLACEMENT_3D('',#14883,#14884,#14885);
#14883 = CARTESIAN_POINT('',(21.16,7.,0.));
#14884 = DIRECTION('',(1.,0.,-0.));
#14885 = DIRECTION('',(0.,-1.,0.));
#14886 = ADVANCED_FACE('',(#14887,#14985,#14996,#15007,#15018,#15029,
    #15040,#15051,#15062,#15073,#15084,#15095,#15106,#15117,#15128,
    #15139,#15150),#15161,.F.);
#14887 = FACE_BOUND('',#14888,.F.);
#14888 = EDGE_LOOP('',(#14889,#14890,#14891,#14900,#14908,#14917,#14926,
    #14934,#14943,#14951,#14960,#14968,#14977,#14984));
#14889 = ORIENTED_EDGE('',*,*,#14813,.F.);
#14890 = ORIENTED_EDGE('',*,*,#14845,.F.);
#14891 = ORIENTED_EDGE('',*,*,#14892,.F.);
#14892 = EDGE_CURVE('',#14893,#14829,#14895,.T.);
#14893 = VERTEX_POINT('',#14894);
#14894 = CARTESIAN_POINT('',(-0.84,7.,0.));
#14895 = CIRCLE('',#14896,1.99999850585);
#14896 = AXIS2_PLACEMENT_3D('',#14897,#14898,#14899);
#14897 = CARTESIAN_POINT('',(1.15999850585,7.00000149415,0.));
#14898 = DIRECTION('',(0.,0.,-1.));
#14899 = DIRECTION('',(-1.,-7.470757411712E-07,-0.));
#14900 = ORIENTED_EDGE('',*,*,#14901,.F.);
#14901 = EDGE_CURVE('',#14902,#14893,#14904,.T.);
#14902 = VERTEX_POINT('',#14903);
#14903 = CARTESIAN_POINT('',(-0.84,1.361763562444,0.));
#14904 = LINE('',#14905,#14906);
#14905 = CARTESIAN_POINT('',(-0.84,-23.,0.));
#14906 = VECTOR('',#14907,1.);
#14907 = DIRECTION('',(0.,1.,0.));
#14908 = ORIENTED_EDGE('',*,*,#14909,.T.);
#14909 = EDGE_CURVE('',#14902,#14910,#14912,.T.);
#14910 = VERTEX_POINT('',#14911);
#14911 = CARTESIAN_POINT('',(0.,-1.6,0.));
#14912 = CIRCLE('',#14913,1.6);
#14913 = AXIS2_PLACEMENT_3D('',#14914,#14915,#14916);
#14914 = CARTESIAN_POINT('',(-1.665334536938E-16,2.775557561563E-16,0.)
  );
#14915 = DIRECTION('',(-0.,0.,-1.));
#14916 = DIRECTION('',(1.040834085586E-16,-1.,-0.));
#14917 = ORIENTED_EDGE('',*,*,#14918,.T.);
#14918 = EDGE_CURVE('',#14910,#14919,#14921,.T.);
#14919 = VERTEX_POINT('',#14920);
#14920 = CARTESIAN_POINT('',(-0.84,-1.361763562444,0.));
#14921 = CIRCLE('',#14922,1.6);
#14922 = AXIS2_PLACEMENT_3D('',#14923,#14924,#14925);
#14923 = CARTESIAN_POINT('',(-1.665334536938E-16,2.775557561563E-16,0.)
  );
#14924 = DIRECTION('',(-0.,0.,-1.));
#14925 = DIRECTION('',(1.040834085586E-16,-1.,-0.));
#14926 = ORIENTED_EDGE('',*,*,#14927,.F.);
#14927 = EDGE_CURVE('',#14928,#14919,#14930,.T.);
#14928 = VERTEX_POINT('',#14929);
#14929 = CARTESIAN_POINT('',(-0.84,-23.,0.));
#14930 = LINE('',#14931,#14932);
#14931 = CARTESIAN_POINT('',(-0.84,-23.,0.));
#14932 = VECTOR('',#14933,1.);
#14933 = DIRECTION('',(0.,1.,0.));
#14934 = ORIENTED_EDGE('',*,*,#14935,.F.);
#14935 = EDGE_CURVE('',#14936,#14928,#14938,.T.);
#14936 = VERTEX_POINT('',#14937);
#14937 = CARTESIAN_POINT('',(1.16,-25.,0.));
#14938 = CIRCLE('',#14939,2.000000212955);
#14939 = AXIS2_PLACEMENT_3D('',#14940,#14941,#14942);
#14940 = CARTESIAN_POINT('',(1.160000212955,-22.99999978704,0.));
#14941 = DIRECTION('',(0.,0.,-1.));
#14942 = DIRECTION('',(-1.06477385007E-07,-1.,-0.));
#14943 = ORIENTED_EDGE('',*,*,#14944,.F.);
#14944 = EDGE_CURVE('',#14945,#14936,#14947,.T.);
#14945 = VERTEX_POINT('',#14946);
#14946 = CARTESIAN_POINT('',(19.16,-25.,0.));
#14947 = LINE('',#14948,#14949);
#14948 = CARTESIAN_POINT('',(19.16,-25.,0.));
#14949 = VECTOR('',#14950,1.);
#14950 = DIRECTION('',(-1.,0.,0.));
#14951 = ORIENTED_EDGE('',*,*,#14952,.F.);
#14952 = EDGE_CURVE('',#14953,#14945,#14955,.T.);
#14953 = VERTEX_POINT('',#14954);
#14954 = CARTESIAN_POINT('',(21.16,-23.,0.));
#14955 = CIRCLE('',#14956,2.000001920065);
#14956 = AXIS2_PLACEMENT_3D('',#14957,#14958,#14959);
#14957 = CARTESIAN_POINT('',(19.159998079936,-22.99999807993,0.));
#14958 = DIRECTION('',(0.,0.,-1.));
#14959 = DIRECTION('',(1.,-9.600311144292E-07,0.));
#14960 = ORIENTED_EDGE('',*,*,#14961,.F.);
#14961 = EDGE_CURVE('',#14962,#14953,#14964,.T.);
#14962 = VERTEX_POINT('',#14963);
#14963 = CARTESIAN_POINT('',(21.16,-1.361763562444,0.));
#14964 = LINE('',#14965,#14966);
#14965 = CARTESIAN_POINT('',(21.16,7.,0.));
#14966 = VECTOR('',#14967,1.);
#14967 = DIRECTION('',(0.,-1.,0.));
#14968 = ORIENTED_EDGE('',*,*,#14969,.T.);
#14969 = EDGE_CURVE('',#14962,#14970,#14972,.T.);
#14970 = VERTEX_POINT('',#14971);
#14971 = CARTESIAN_POINT('',(20.32,-1.6,0.));
#14972 = CIRCLE('',#14973,1.6);
#14973 = AXIS2_PLACEMENT_3D('',#14974,#14975,#14976);
#14974 = CARTESIAN_POINT('',(20.32,1.7763568394E-15,0.));
#14975 = DIRECTION('',(-0.,0.,-1.));
#14976 = DIRECTION('',(-0.,-1.,0.));
#14977 = ORIENTED_EDGE('',*,*,#14978,.T.);
#14978 = EDGE_CURVE('',#14970,#14860,#14979,.T.);
#14979 = CIRCLE('',#14980,1.6);
#14980 = AXIS2_PLACEMENT_3D('',#14981,#14982,#14983);
#14981 = CARTESIAN_POINT('',(20.32,1.7763568394E-15,0.));
#14982 = DIRECTION('',(-0.,0.,-1.));
#14983 = DIRECTION('',(-0.,-1.,0.));
#14984 = ORIENTED_EDGE('',*,*,#14859,.F.);
#14985 = FACE_BOUND('',#14986,.F.);
#14986 = EDGE_LOOP('',(#14987));
#14987 = ORIENTED_EDGE('',*,*,#14988,.T.);
#14988 = EDGE_CURVE('',#14989,#14989,#14991,.T.);
#14989 = VERTEX_POINT('',#14990);
#14990 = CARTESIAN_POINT('',(6.35,-11.83,0.));
#14991 = CIRCLE('',#14992,0.4);
#14992 = AXIS2_PLACEMENT_3D('',#14993,#14994,#14995);
#14993 = CARTESIAN_POINT('',(6.35,-11.43,0.));
#14994 = DIRECTION('',(-0.,0.,-1.));
#14995 = DIRECTION('',(-0.,-1.,0.));
#14996 = FACE_BOUND('',#14997,.F.);
#14997 = EDGE_LOOP('',(#14998));
#14998 = ORIENTED_EDGE('',*,*,#14999,.T.);
#14999 = EDGE_CURVE('',#15000,#15000,#15002,.T.);
#15000 = VERTEX_POINT('',#15001);
#15001 = CARTESIAN_POINT('',(8.89,-11.83,0.));
#15002 = CIRCLE('',#15003,0.4);
#15003 = AXIS2_PLACEMENT_3D('',#15004,#15005,#15006);
#15004 = CARTESIAN_POINT('',(8.89,-11.43,0.));
#15005 = DIRECTION('',(-0.,0.,-1.));
#15006 = DIRECTION('',(-0.,-1.,0.));
#15007 = FACE_BOUND('',#15008,.F.);
#15008 = EDGE_LOOP('',(#15009));
#15009 = ORIENTED_EDGE('',*,*,#15010,.T.);
#15010 = EDGE_CURVE('',#15011,#15011,#15013,.T.);
#15011 = VERTEX_POINT('',#15012);
#15012 = CARTESIAN_POINT('',(16.51,-18.28,0.));
#15013 = CIRCLE('',#15014,0.5);
#15014 = AXIS2_PLACEMENT_3D('',#15015,#15016,#15017);
#15015 = CARTESIAN_POINT('',(16.51,-17.78,0.));
#15016 = DIRECTION('',(-0.,0.,-1.));
#15017 = DIRECTION('',(-0.,-1.,0.));
#15018 = FACE_BOUND('',#15019,.F.);
#15019 = EDGE_LOOP('',(#15020));
#15020 = ORIENTED_EDGE('',*,*,#15021,.T.);
#15021 = EDGE_CURVE('',#15022,#15022,#15024,.T.);
#15022 = VERTEX_POINT('',#15023);
#15023 = CARTESIAN_POINT('',(19.05,-18.28,0.));
#15024 = CIRCLE('',#15025,0.5);
#15025 = AXIS2_PLACEMENT_3D('',#15026,#15027,#15028);
#15026 = CARTESIAN_POINT('',(19.05,-17.78,0.));
#15027 = DIRECTION('',(-0.,0.,-1.));
#15028 = DIRECTION('',(-0.,-1.,0.));
#15029 = FACE_BOUND('',#15030,.F.);
#15030 = EDGE_LOOP('',(#15031));
#15031 = ORIENTED_EDGE('',*,*,#15032,.T.);
#15032 = EDGE_CURVE('',#15033,#15033,#15035,.T.);
#15033 = VERTEX_POINT('',#15034);
#15034 = CARTESIAN_POINT('',(11.43,-11.83,0.));
#15035 = CIRCLE('',#15036,0.4);
#15036 = AXIS2_PLACEMENT_3D('',#15037,#15038,#15039);
#15037 = CARTESIAN_POINT('',(11.43,-11.43,0.));
#15038 = DIRECTION('',(-0.,0.,-1.));
#15039 = DIRECTION('',(-0.,-1.,0.));
#15040 = FACE_BOUND('',#15041,.F.);
#15041 = EDGE_LOOP('',(#15042));
#15042 = ORIENTED_EDGE('',*,*,#15043,.T.);
#15043 = EDGE_CURVE('',#15044,#15044,#15046,.T.);
#15044 = VERTEX_POINT('',#15045);
#15045 = CARTESIAN_POINT('',(13.97,-11.83,0.));
#15046 = CIRCLE('',#15047,0.4);
#15047 = AXIS2_PLACEMENT_3D('',#15048,#15049,#15050);
#15048 = CARTESIAN_POINT('',(13.97,-11.43,0.));
#15049 = DIRECTION('',(-0.,0.,-1.));
#15050 = DIRECTION('',(4.440892098501E-15,-1.,-0.));
#15051 = FACE_BOUND('',#15052,.F.);
#15052 = EDGE_LOOP('',(#15053));
#15053 = ORIENTED_EDGE('',*,*,#15054,.T.);
#15054 = EDGE_CURVE('',#15055,#15055,#15057,.T.);
#15055 = VERTEX_POINT('',#15056);
#15056 = CARTESIAN_POINT('',(6.35,-4.21,0.));
#15057 = CIRCLE('',#15058,0.4);
#15058 = AXIS2_PLACEMENT_3D('',#15059,#15060,#15061);
#15059 = CARTESIAN_POINT('',(6.35,-3.81,0.));
#15060 = DIRECTION('',(-0.,0.,-1.));
#15061 = DIRECTION('',(-0.,-1.,0.));
#15062 = FACE_BOUND('',#15063,.F.);
#15063 = EDGE_LOOP('',(#15064));
#15064 = ORIENTED_EDGE('',*,*,#15065,.T.);
#15065 = EDGE_CURVE('',#15066,#15066,#15068,.T.);
#15066 = VERTEX_POINT('',#15067);
#15067 = CARTESIAN_POINT('',(8.89,-4.21,0.));
#15068 = CIRCLE('',#15069,0.4);
#15069 = AXIS2_PLACEMENT_3D('',#15070,#15071,#15072);
#15070 = CARTESIAN_POINT('',(8.89,-3.81,0.));
#15071 = DIRECTION('',(-0.,0.,-1.));
#15072 = DIRECTION('',(-0.,-1.,0.));
#15073 = FACE_BOUND('',#15074,.F.);
#15074 = EDGE_LOOP('',(#15075));
#15075 = ORIENTED_EDGE('',*,*,#15076,.T.);
#15076 = EDGE_CURVE('',#15077,#15077,#15079,.T.);
#15077 = VERTEX_POINT('',#15078);
#15078 = CARTESIAN_POINT('',(3.81,4.58,0.));
#15079 = CIRCLE('',#15080,0.5);
#15080 = AXIS2_PLACEMENT_3D('',#15081,#15082,#15083);
#15081 = CARTESIAN_POINT('',(3.81,5.08,0.));
#15082 = DIRECTION('',(-0.,0.,-1.));
#15083 = DIRECTION('',(8.881784197001E-16,-1.,-0.));
#15084 = FACE_BOUND('',#15085,.F.);
#15085 = EDGE_LOOP('',(#15086));
#15086 = ORIENTED_EDGE('',*,*,#15087,.T.);
#15087 = EDGE_CURVE('',#15088,#15088,#15090,.T.);
#15088 = VERTEX_POINT('',#15089);
#15089 = CARTESIAN_POINT('',(6.35,4.58,0.));
#15090 = CIRCLE('',#15091,0.5);
#15091 = AXIS2_PLACEMENT_3D('',#15092,#15093,#15094);
#15092 = CARTESIAN_POINT('',(6.35,5.08,0.));
#15093 = DIRECTION('',(-0.,0.,-1.));
#15094 = DIRECTION('',(-0.,-1.,0.));
#15095 = FACE_BOUND('',#15096,.F.);
#15096 = EDGE_LOOP('',(#15097));
#15097 = ORIENTED_EDGE('',*,*,#15098,.T.);
#15098 = EDGE_CURVE('',#15099,#15099,#15101,.T.);
#15099 = VERTEX_POINT('',#15100);
#15100 = CARTESIAN_POINT('',(8.89,4.58,0.));
#15101 = CIRCLE('',#15102,0.5);
#15102 = AXIS2_PLACEMENT_3D('',#15103,#15104,#15105);
#15103 = CARTESIAN_POINT('',(8.89,5.08,0.));
#15104 = DIRECTION('',(-0.,0.,-1.));
#15105 = DIRECTION('',(-0.,-1.,0.));
#15106 = FACE_BOUND('',#15107,.F.);
#15107 = EDGE_LOOP('',(#15108));
#15108 = ORIENTED_EDGE('',*,*,#15109,.T.);
#15109 = EDGE_CURVE('',#15110,#15110,#15112,.T.);
#15110 = VERTEX_POINT('',#15111);
#15111 = CARTESIAN_POINT('',(11.43,-4.21,0.));
#15112 = CIRCLE('',#15113,0.4);
#15113 = AXIS2_PLACEMENT_3D('',#15114,#15115,#15116);
#15114 = CARTESIAN_POINT('',(11.43,-3.81,0.));
#15115 = DIRECTION('',(-0.,0.,-1.));
#15116 = DIRECTION('',(-0.,-1.,0.));
#15117 = FACE_BOUND('',#15118,.F.);
#15118 = EDGE_LOOP('',(#15119));
#15119 = ORIENTED_EDGE('',*,*,#15120,.T.);
#15120 = EDGE_CURVE('',#15121,#15121,#15123,.T.);
#15121 = VERTEX_POINT('',#15122);
#15122 = CARTESIAN_POINT('',(13.97,-4.21,0.));
#15123 = CIRCLE('',#15124,0.4);
#15124 = AXIS2_PLACEMENT_3D('',#15125,#15126,#15127);
#15125 = CARTESIAN_POINT('',(13.97,-3.81,0.));
#15126 = DIRECTION('',(-0.,0.,-1.));
#15127 = DIRECTION('',(4.440892098501E-15,-1.,-0.));
#15128 = FACE_BOUND('',#15129,.F.);
#15129 = EDGE_LOOP('',(#15130));
#15130 = ORIENTED_EDGE('',*,*,#15131,.T.);
#15131 = EDGE_CURVE('',#15132,#15132,#15134,.T.);
#15132 = VERTEX_POINT('',#15133);
#15133 = CARTESIAN_POINT('',(11.43,4.58,0.));
#15134 = CIRCLE('',#15135,0.5);
#15135 = AXIS2_PLACEMENT_3D('',#15136,#15137,#15138);
#15136 = CARTESIAN_POINT('',(11.43,5.08,0.));
#15137 = DIRECTION('',(-0.,0.,-1.));
#15138 = DIRECTION('',(-0.,-1.,0.));
#15139 = FACE_BOUND('',#15140,.F.);
#15140 = EDGE_LOOP('',(#15141));
#15141 = ORIENTED_EDGE('',*,*,#15142,.T.);
#15142 = EDGE_CURVE('',#15143,#15143,#15145,.T.);
#15143 = VERTEX_POINT('',#15144);
#15144 = CARTESIAN_POINT('',(13.97,4.58,0.));
#15145 = CIRCLE('',#15146,0.5);
#15146 = AXIS2_PLACEMENT_3D('',#15147,#15148,#15149);
#15147 = CARTESIAN_POINT('',(13.97,5.08,0.));
#15148 = DIRECTION('',(-0.,0.,-1.));
#15149 = DIRECTION('',(-0.,-1.,0.));
#15150 = FACE_BOUND('',#15151,.F.);
#15151 = EDGE_LOOP('',(#15152));
#15152 = ORIENTED_EDGE('',*,*,#15153,.T.);
#15153 = EDGE_CURVE('',#15154,#15154,#15156,.T.);
#15154 = VERTEX_POINT('',#15155);
#15155 = CARTESIAN_POINT('',(16.51,4.58,0.));
#15156 = CIRCLE('',#15157,0.5);
#15157 = AXIS2_PLACEMENT_3D('',#15158,#15159,#15160);
#15158 = CARTESIAN_POINT('',(16.51,5.08,0.));
#15159 = DIRECTION('',(-0.,0.,-1.));
#15160 = DIRECTION('',(-0.,-1.,0.));
#15161 = PLANE('',#15162);
#15162 = AXIS2_PLACEMENT_3D('',#15163,#15164,#15165);
#15163 = CARTESIAN_POINT('',(0.,0.,0.));
#15164 = DIRECTION('',(0.,0.,1.));
#15165 = DIRECTION('',(1.,0.,-0.));
#15166 = ADVANCED_FACE('',(#15167,#15265,#15276,#15287,#15298,#15309,
    #15320,#15331,#15342,#15353,#15364,#15375,#15386,#15397,#15408,
    #15419,#15430),#15441,.T.);
#15167 = FACE_BOUND('',#15168,.T.);
#15168 = EDGE_LOOP('',(#15169,#15170,#15171,#15180,#15188,#15197,#15206,
    #15214,#15223,#15231,#15240,#15248,#15257,#15264));
#15169 = ORIENTED_EDGE('',*,*,#14796,.F.);
#15170 = ORIENTED_EDGE('',*,*,#14838,.F.);
#15171 = ORIENTED_EDGE('',*,*,#15172,.F.);
#15172 = EDGE_CURVE('',#15173,#14831,#15175,.T.);
#15173 = VERTEX_POINT('',#15174);
#15174 = CARTESIAN_POINT('',(-0.84,7.,1.51));
#15175 = CIRCLE('',#15176,1.99999850585);
#15176 = AXIS2_PLACEMENT_3D('',#15177,#15178,#15179);
#15177 = CARTESIAN_POINT('',(1.15999850585,7.00000149415,1.51));
#15178 = DIRECTION('',(0.,0.,-1.));
#15179 = DIRECTION('',(-1.,-7.470757411712E-07,-0.));
#15180 = ORIENTED_EDGE('',*,*,#15181,.F.);
#15181 = EDGE_CURVE('',#15182,#15173,#15184,.T.);
#15182 = VERTEX_POINT('',#15183);
#15183 = CARTESIAN_POINT('',(-0.84,1.361763562444,1.51));
#15184 = LINE('',#15185,#15186);
#15185 = CARTESIAN_POINT('',(-0.84,-23.,1.51));
#15186 = VECTOR('',#15187,1.);
#15187 = DIRECTION('',(0.,1.,0.));
#15188 = ORIENTED_EDGE('',*,*,#15189,.T.);
#15189 = EDGE_CURVE('',#15182,#15190,#15192,.T.);
#15190 = VERTEX_POINT('',#15191);
#15191 = CARTESIAN_POINT('',(0.,-1.6,1.51));
#15192 = CIRCLE('',#15193,1.6);
#15193 = AXIS2_PLACEMENT_3D('',#15194,#15195,#15196);
#15194 = CARTESIAN_POINT('',(-1.665334536938E-16,2.775557561563E-16,1.51
    ));
#15195 = DIRECTION('',(-0.,0.,-1.));
#15196 = DIRECTION('',(1.040834085586E-16,-1.,-0.));
#15197 = ORIENTED_EDGE('',*,*,#15198,.T.);
#15198 = EDGE_CURVE('',#15190,#15199,#15201,.T.);
#15199 = VERTEX_POINT('',#15200);
#15200 = CARTESIAN_POINT('',(-0.84,-1.361763562444,1.51));
#15201 = CIRCLE('',#15202,1.6);
#15202 = AXIS2_PLACEMENT_3D('',#15203,#15204,#15205);
#15203 = CARTESIAN_POINT('',(-1.665334536938E-16,2.775557561563E-16,1.51
    ));
#15204 = DIRECTION('',(-0.,0.,-1.));
#15205 = DIRECTION('',(1.040834085586E-16,-1.,-0.));
#15206 = ORIENTED_EDGE('',*,*,#15207,.F.);
#15207 = EDGE_CURVE('',#15208,#15199,#15210,.T.);
#15208 = VERTEX_POINT('',#15209);
#15209 = CARTESIAN_POINT('',(-0.84,-23.,1.51));
#15210 = LINE('',#15211,#15212);
#15211 = CARTESIAN_POINT('',(-0.84,-23.,1.51));
#15212 = VECTOR('',#15213,1.);
#15213 = DIRECTION('',(0.,1.,0.));
#15214 = ORIENTED_EDGE('',*,*,#15215,.F.);
#15215 = EDGE_CURVE('',#15216,#15208,#15218,.T.);
#15216 = VERTEX_POINT('',#15217);
#15217 = CARTESIAN_POINT('',(1.16,-25.,1.51));
#15218 = CIRCLE('',#15219,2.000000212955);
#15219 = AXIS2_PLACEMENT_3D('',#15220,#15221,#15222);
#15220 = CARTESIAN_POINT('',(1.160000212955,-22.99999978704,1.51));
#15221 = DIRECTION('',(0.,0.,-1.));
#15222 = DIRECTION('',(-1.06477385007E-07,-1.,-0.));
#15223 = ORIENTED_EDGE('',*,*,#15224,.F.);
#15224 = EDGE_CURVE('',#15225,#15216,#15227,.T.);
#15225 = VERTEX_POINT('',#15226);
#15226 = CARTESIAN_POINT('',(19.16,-25.,1.51));
#15227 = LINE('',#15228,#15229);
#15228 = CARTESIAN_POINT('',(19.16,-25.,1.51));
#15229 = VECTOR('',#15230,1.);
#15230 = DIRECTION('',(-1.,0.,0.));
#15231 = ORIENTED_EDGE('',*,*,#15232,.F.);
#15232 = EDGE_CURVE('',#15233,#15225,#15235,.T.);
#15233 = VERTEX_POINT('',#15234);
#15234 = CARTESIAN_POINT('',(21.16,-23.,1.51));
#15235 = CIRCLE('',#15236,2.000001920065);
#15236 = AXIS2_PLACEMENT_3D('',#15237,#15238,#15239);
#15237 = CARTESIAN_POINT('',(19.159998079936,-22.99999807993,1.51));
#15238 = DIRECTION('',(0.,0.,-1.));
#15239 = DIRECTION('',(1.,-9.600311144292E-07,0.));
#15240 = ORIENTED_EDGE('',*,*,#15241,.F.);
#15241 = EDGE_CURVE('',#15242,#15233,#15244,.T.);
#15242 = VERTEX_POINT('',#15243);
#15243 = CARTESIAN_POINT('',(21.16,-1.361763562444,1.51));
#15244 = LINE('',#15245,#15246);
#15245 = CARTESIAN_POINT('',(21.16,7.,1.51));
#15246 = VECTOR('',#15247,1.);
#15247 = DIRECTION('',(0.,-1.,0.));
#15248 = ORIENTED_EDGE('',*,*,#15249,.T.);
#15249 = EDGE_CURVE('',#15242,#15250,#15252,.T.);
#15250 = VERTEX_POINT('',#15251);
#15251 = CARTESIAN_POINT('',(20.32,-1.6,1.51));
#15252 = CIRCLE('',#15253,1.6);
#15253 = AXIS2_PLACEMENT_3D('',#15254,#15255,#15256);
#15254 = CARTESIAN_POINT('',(20.32,1.7763568394E-15,1.51));
#15255 = DIRECTION('',(-0.,0.,-1.));
#15256 = DIRECTION('',(-0.,-1.,0.));
#15257 = ORIENTED_EDGE('',*,*,#15258,.T.);
#15258 = EDGE_CURVE('',#15250,#14869,#15259,.T.);
#15259 = CIRCLE('',#15260,1.6);
#15260 = AXIS2_PLACEMENT_3D('',#15261,#15262,#15263);
#15261 = CARTESIAN_POINT('',(20.32,1.7763568394E-15,1.51));
#15262 = DIRECTION('',(-0.,0.,-1.));
#15263 = DIRECTION('',(-0.,-1.,0.));
#15264 = ORIENTED_EDGE('',*,*,#14868,.F.);
#15265 = FACE_BOUND('',#15266,.T.);
#15266 = EDGE_LOOP('',(#15267));
#15267 = ORIENTED_EDGE('',*,*,#15268,.T.);
#15268 = EDGE_CURVE('',#15269,#15269,#15271,.T.);
#15269 = VERTEX_POINT('',#15270);
#15270 = CARTESIAN_POINT('',(6.35,-11.83,1.51));
#15271 = CIRCLE('',#15272,0.4);
#15272 = AXIS2_PLACEMENT_3D('',#15273,#15274,#15275);
#15273 = CARTESIAN_POINT('',(6.35,-11.43,1.51));
#15274 = DIRECTION('',(-0.,0.,-1.));
#15275 = DIRECTION('',(-0.,-1.,0.));
#15276 = FACE_BOUND('',#15277,.T.);
#15277 = EDGE_LOOP('',(#15278));
#15278 = ORIENTED_EDGE('',*,*,#15279,.T.);
#15279 = EDGE_CURVE('',#15280,#15280,#15282,.T.);
#15280 = VERTEX_POINT('',#15281);
#15281 = CARTESIAN_POINT('',(8.89,-11.83,1.51));
#15282 = CIRCLE('',#15283,0.4);
#15283 = AXIS2_PLACEMENT_3D('',#15284,#15285,#15286);
#15284 = CARTESIAN_POINT('',(8.89,-11.43,1.51));
#15285 = DIRECTION('',(-0.,0.,-1.));
#15286 = DIRECTION('',(-0.,-1.,0.));
#15287 = FACE_BOUND('',#15288,.T.);
#15288 = EDGE_LOOP('',(#15289));
#15289 = ORIENTED_EDGE('',*,*,#15290,.T.);
#15290 = EDGE_CURVE('',#15291,#15291,#15293,.T.);
#15291 = VERTEX_POINT('',#15292);
#15292 = CARTESIAN_POINT('',(16.51,-18.28,1.51));
#15293 = CIRCLE('',#15294,0.5);
#15294 = AXIS2_PLACEMENT_3D('',#15295,#15296,#15297);
#15295 = CARTESIAN_POINT('',(16.51,-17.78,1.51));
#15296 = DIRECTION('',(-0.,0.,-1.));
#15297 = DIRECTION('',(-0.,-1.,0.));
#15298 = FACE_BOUND('',#15299,.T.);
#15299 = EDGE_LOOP('',(#15300));
#15300 = ORIENTED_EDGE('',*,*,#15301,.T.);
#15301 = EDGE_CURVE('',#15302,#15302,#15304,.T.);
#15302 = VERTEX_POINT('',#15303);
#15303 = CARTESIAN_POINT('',(19.05,-18.28,1.51));
#15304 = CIRCLE('',#15305,0.5);
#15305 = AXIS2_PLACEMENT_3D('',#15306,#15307,#15308);
#15306 = CARTESIAN_POINT('',(19.05,-17.78,1.51));
#15307 = DIRECTION('',(-0.,0.,-1.));
#15308 = DIRECTION('',(-0.,-1.,0.));
#15309 = FACE_BOUND('',#15310,.T.);
#15310 = EDGE_LOOP('',(#15311));
#15311 = ORIENTED_EDGE('',*,*,#15312,.T.);
#15312 = EDGE_CURVE('',#15313,#15313,#15315,.T.);
#15313 = VERTEX_POINT('',#15314);
#15314 = CARTESIAN_POINT('',(11.43,-11.83,1.51));
#15315 = CIRCLE('',#15316,0.4);
#15316 = AXIS2_PLACEMENT_3D('',#15317,#15318,#15319);
#15317 = CARTESIAN_POINT('',(11.43,-11.43,1.51));
#15318 = DIRECTION('',(-0.,0.,-1.));
#15319 = DIRECTION('',(-0.,-1.,0.));
#15320 = FACE_BOUND('',#15321,.T.);
#15321 = EDGE_LOOP('',(#15322));
#15322 = ORIENTED_EDGE('',*,*,#15323,.T.);
#15323 = EDGE_CURVE('',#15324,#15324,#15326,.T.);
#15324 = VERTEX_POINT('',#15325);
#15325 = CARTESIAN_POINT('',(13.97,-11.83,1.51));
#15326 = CIRCLE('',#15327,0.4);
#15327 = AXIS2_PLACEMENT_3D('',#15328,#15329,#15330);
#15328 = CARTESIAN_POINT('',(13.97,-11.43,1.51));
#15329 = DIRECTION('',(-0.,0.,-1.));
#15330 = DIRECTION('',(4.440892098501E-15,-1.,-0.));
#15331 = FACE_BOUND('',#15332,.T.);
#15332 = EDGE_LOOP('',(#15333));
#15333 = ORIENTED_EDGE('',*,*,#15334,.T.);
#15334 = EDGE_CURVE('',#15335,#15335,#15337,.T.);
#15335 = VERTEX_POINT('',#15336);
#15336 = CARTESIAN_POINT('',(6.35,-4.21,1.51));
#15337 = CIRCLE('',#15338,0.4);
#15338 = AXIS2_PLACEMENT_3D('',#15339,#15340,#15341);
#15339 = CARTESIAN_POINT('',(6.35,-3.81,1.51));
#15340 = DIRECTION('',(-0.,0.,-1.));
#15341 = DIRECTION('',(-0.,-1.,0.));
#15342 = FACE_BOUND('',#15343,.T.);
#15343 = EDGE_LOOP('',(#15344));
#15344 = ORIENTED_EDGE('',*,*,#15345,.T.);
#15345 = EDGE_CURVE('',#15346,#15346,#15348,.T.);
#15346 = VERTEX_POINT('',#15347);
#15347 = CARTESIAN_POINT('',(8.89,-4.21,1.51));
#15348 = CIRCLE('',#15349,0.4);
#15349 = AXIS2_PLACEMENT_3D('',#15350,#15351,#15352);
#15350 = CARTESIAN_POINT('',(8.89,-3.81,1.51));
#15351 = DIRECTION('',(-0.,0.,-1.));
#15352 = DIRECTION('',(-0.,-1.,0.));
#15353 = FACE_BOUND('',#15354,.T.);
#15354 = EDGE_LOOP('',(#15355));
#15355 = ORIENTED_EDGE('',*,*,#15356,.T.);
#15356 = EDGE_CURVE('',#15357,#15357,#15359,.T.);
#15357 = VERTEX_POINT('',#15358);
#15358 = CARTESIAN_POINT('',(3.81,4.58,1.51));
#15359 = CIRCLE('',#15360,0.5);
#15360 = AXIS2_PLACEMENT_3D('',#15361,#15362,#15363);
#15361 = CARTESIAN_POINT('',(3.81,5.08,1.51));
#15362 = DIRECTION('',(-0.,0.,-1.));
#15363 = DIRECTION('',(8.881784197001E-16,-1.,-0.));
#15364 = FACE_BOUND('',#15365,.T.);
#15365 = EDGE_LOOP('',(#15366));
#15366 = ORIENTED_EDGE('',*,*,#15367,.T.);
#15367 = EDGE_CURVE('',#15368,#15368,#15370,.T.);
#15368 = VERTEX_POINT('',#15369);
#15369 = CARTESIAN_POINT('',(6.35,4.58,1.51));
#15370 = CIRCLE('',#15371,0.5);
#15371 = AXIS2_PLACEMENT_3D('',#15372,#15373,#15374);
#15372 = CARTESIAN_POINT('',(6.35,5.08,1.51));
#15373 = DIRECTION('',(-0.,0.,-1.));
#15374 = DIRECTION('',(-0.,-1.,0.));
#15375 = FACE_BOUND('',#15376,.T.);
#15376 = EDGE_LOOP('',(#15377));
#15377 = ORIENTED_EDGE('',*,*,#15378,.T.);
#15378 = EDGE_CURVE('',#15379,#15379,#15381,.T.);
#15379 = VERTEX_POINT('',#15380);
#15380 = CARTESIAN_POINT('',(8.89,4.58,1.51));
#15381 = CIRCLE('',#15382,0.5);
#15382 = AXIS2_PLACEMENT_3D('',#15383,#15384,#15385);
#15383 = CARTESIAN_POINT('',(8.89,5.08,1.51));
#15384 = DIRECTION('',(-0.,0.,-1.));
#15385 = DIRECTION('',(-0.,-1.,0.));
#15386 = FACE_BOUND('',#15387,.T.);
#15387 = EDGE_LOOP('',(#15388));
#15388 = ORIENTED_EDGE('',*,*,#15389,.T.);
#15389 = EDGE_CURVE('',#15390,#15390,#15392,.T.);
#15390 = VERTEX_POINT('',#15391);
#15391 = CARTESIAN_POINT('',(11.43,-4.21,1.51));
#15392 = CIRCLE('',#15393,0.4);
#15393 = AXIS2_PLACEMENT_3D('',#15394,#15395,#15396);
#15394 = CARTESIAN_POINT('',(11.43,-3.81,1.51));
#15395 = DIRECTION('',(-0.,0.,-1.));
#15396 = DIRECTION('',(-0.,-1.,0.));
#15397 = FACE_BOUND('',#15398,.T.);
#15398 = EDGE_LOOP('',(#15399));
#15399 = ORIENTED_EDGE('',*,*,#15400,.T.);
#15400 = EDGE_CURVE('',#15401,#15401,#15403,.T.);
#15401 = VERTEX_POINT('',#15402);
#15402 = CARTESIAN_POINT('',(13.97,-4.21,1.51));
#15403 = CIRCLE('',#15404,0.4);
#15404 = AXIS2_PLACEMENT_3D('',#15405,#15406,#15407);
#15405 = CARTESIAN_POINT('',(13.97,-3.81,1.51));
#15406 = DIRECTION('',(-0.,0.,-1.));
#15407 = DIRECTION('',(4.440892098501E-15,-1.,-0.));
#15408 = FACE_BOUND('',#15409,.T.);
#15409 = EDGE_LOOP('',(#15410));
#15410 = ORIENTED_EDGE('',*,*,#15411,.T.);
#15411 = EDGE_CURVE('',#15412,#15412,#15414,.T.);
#15412 = VERTEX_POINT('',#15413);
#15413 = CARTESIAN_POINT('',(11.43,4.58,1.51));
#15414 = CIRCLE('',#15415,0.5);
#15415 = AXIS2_PLACEMENT_3D('',#15416,#15417,#15418);
#15416 = CARTESIAN_POINT('',(11.43,5.08,1.51));
#15417 = DIRECTION('',(-0.,0.,-1.));
#15418 = DIRECTION('',(-0.,-1.,0.));
#15419 = FACE_BOUND('',#15420,.T.);
#15420 = EDGE_LOOP('',(#15421));
#15421 = ORIENTED_EDGE('',*,*,#15422,.T.);
#15422 = EDGE_CURVE('',#15423,#15423,#15425,.T.);
#15423 = VERTEX_POINT('',#15424);
#15424 = CARTESIAN_POINT('',(13.97,4.58,1.51));
#15425 = CIRCLE('',#15426,0.5);
#15426 = AXIS2_PLACEMENT_3D('',#15427,#15428,#15429);
#15427 = CARTESIAN_POINT('',(13.97,5.08,1.51));
#15428 = DIRECTION('',(-0.,0.,-1.));
#15429 = DIRECTION('',(-0.,-1.,0.));
#15430 = FACE_BOUND('',#15431,.T.);
#15431 = EDGE_LOOP('',(#15432));
#15432 = ORIENTED_EDGE('',*,*,#15433,.T.);
#15433 = EDGE_CURVE('',#15434,#15434,#15436,.T.);
#15434 = VERTEX_POINT('',#15435);
#15435 = CARTESIAN_POINT('',(16.51,4.58,1.51));
#15436 = CIRCLE('',#15437,0.5);
#15437 = AXIS2_PLACEMENT_3D('',#15438,#15439,#15440);
#15438 = CARTESIAN_POINT('',(16.51,5.08,1.51));
#15439 = DIRECTION('',(-0.,0.,-1.));
#15440 = DIRECTION('',(-0.,-1.,0.));
#15441 = PLANE('',#15442);
#15442 = AXIS2_PLACEMENT_3D('',#15443,#15444,#15445);
#15443 = CARTESIAN_POINT('',(0.,0.,1.51));
#15444 = DIRECTION('',(0.,0.,1.));
#15445 = DIRECTION('',(1.,0.,-0.));
#15446 = ADVANCED_FACE('',(#15447),#15458,.T.);
#15447 = FACE_BOUND('',#15448,.T.);
#15448 = EDGE_LOOP('',(#15449,#15455,#15456,#15457));
#15449 = ORIENTED_EDGE('',*,*,#15450,.T.);
#15450 = EDGE_CURVE('',#14893,#15173,#15451,.T.);
#15451 = LINE('',#15452,#15453);
#15452 = CARTESIAN_POINT('',(-0.84,7.,0.));
#15453 = VECTOR('',#15454,1.);
#15454 = DIRECTION('',(0.,0.,1.));
#15455 = ORIENTED_EDGE('',*,*,#15172,.T.);
#15456 = ORIENTED_EDGE('',*,*,#14828,.F.);
#15457 = ORIENTED_EDGE('',*,*,#14892,.F.);
#15458 = CYLINDRICAL_SURFACE('',#15459,1.99999850585);
#15459 = AXIS2_PLACEMENT_3D('',#15460,#15461,#15462);
#15460 = CARTESIAN_POINT('',(1.15999850585,7.00000149415,0.));
#15461 = DIRECTION('',(0.,0.,-1.));
#15462 = DIRECTION('',(-1.,-7.470757411712E-07,-0.));
#15463 = ADVANCED_FACE('',(#15464),#15475,.F.);
#15464 = FACE_BOUND('',#15465,.T.);
#15465 = EDGE_LOOP('',(#15466,#15472,#15473,#15474));
#15466 = ORIENTED_EDGE('',*,*,#15467,.F.);
#15467 = EDGE_CURVE('',#14970,#15250,#15468,.T.);
#15468 = LINE('',#15469,#15470);
#15469 = CARTESIAN_POINT('',(20.32,-1.6,-4.6E-02));
#15470 = VECTOR('',#15471,1.);
#15471 = DIRECTION('',(0.,0.,1.));
#15472 = ORIENTED_EDGE('',*,*,#14978,.T.);
#15473 = ORIENTED_EDGE('',*,*,#14876,.F.);
#15474 = ORIENTED_EDGE('',*,*,#15258,.F.);
#15475 = CYLINDRICAL_SURFACE('',#15476,1.6);
#15476 = AXIS2_PLACEMENT_3D('',#15477,#15478,#15479);
#15477 = CARTESIAN_POINT('',(20.32,1.7763568394E-15,-4.6E-02));
#15478 = DIRECTION('',(-0.,-0.,-1.));
#15479 = DIRECTION('',(-0.,-1.,0.));
#15480 = ADVANCED_FACE('',(#15481),#15492,.F.);
#15481 = FACE_BOUND('',#15482,.T.);
#15482 = EDGE_LOOP('',(#15483,#15484,#15485,#15486));
#15483 = ORIENTED_EDGE('',*,*,#14969,.T.);
#15484 = ORIENTED_EDGE('',*,*,#15467,.T.);
#15485 = ORIENTED_EDGE('',*,*,#15249,.F.);
#15486 = ORIENTED_EDGE('',*,*,#15487,.T.);
#15487 = EDGE_CURVE('',#15242,#14962,#15488,.T.);
#15488 = LINE('',#15489,#15490);
#15489 = CARTESIAN_POINT('',(21.16,-1.361763562444,-4.6E-02));
#15490 = VECTOR('',#15491,1.);
#15491 = DIRECTION('',(-0.,-0.,-1.));
#15492 = CYLINDRICAL_SURFACE('',#15493,1.6);
#15493 = AXIS2_PLACEMENT_3D('',#15494,#15495,#15496);
#15494 = CARTESIAN_POINT('',(20.32,1.7763568394E-15,-4.6E-02));
#15495 = DIRECTION('',(-0.,-0.,-1.));
#15496 = DIRECTION('',(-0.,-1.,0.));
#15497 = ADVANCED_FACE('',(#15498),#15509,.T.);
#15498 = FACE_BOUND('',#15499,.T.);
#15499 = EDGE_LOOP('',(#15500,#15501,#15502,#15503));
#15500 = ORIENTED_EDGE('',*,*,#14961,.F.);
#15501 = ORIENTED_EDGE('',*,*,#15487,.F.);
#15502 = ORIENTED_EDGE('',*,*,#15241,.T.);
#15503 = ORIENTED_EDGE('',*,*,#15504,.F.);
#15504 = EDGE_CURVE('',#14953,#15233,#15505,.T.);
#15505 = LINE('',#15506,#15507);
#15506 = CARTESIAN_POINT('',(21.16,-23.,0.));
#15507 = VECTOR('',#15508,1.);
#15508 = DIRECTION('',(0.,0.,1.));
#15509 = PLANE('',#15510);
#15510 = AXIS2_PLACEMENT_3D('',#15511,#15512,#15513);
#15511 = CARTESIAN_POINT('',(21.16,7.,0.));
#15512 = DIRECTION('',(1.,0.,-0.));
#15513 = DIRECTION('',(0.,-1.,0.));
#15514 = ADVANCED_FACE('',(#15515),#15526,.T.);
#15515 = FACE_BOUND('',#15516,.T.);
#15516 = EDGE_LOOP('',(#15517,#15518,#15519,#15525));
#15517 = ORIENTED_EDGE('',*,*,#15504,.T.);
#15518 = ORIENTED_EDGE('',*,*,#15232,.T.);
#15519 = ORIENTED_EDGE('',*,*,#15520,.F.);
#15520 = EDGE_CURVE('',#14945,#15225,#15521,.T.);
#15521 = LINE('',#15522,#15523);
#15522 = CARTESIAN_POINT('',(19.16,-25.,0.));
#15523 = VECTOR('',#15524,1.);
#15524 = DIRECTION('',(0.,0.,1.));
#15525 = ORIENTED_EDGE('',*,*,#14952,.F.);
#15526 = CYLINDRICAL_SURFACE('',#15527,2.000001920065);
#15527 = AXIS2_PLACEMENT_3D('',#15528,#15529,#15530);
#15528 = CARTESIAN_POINT('',(19.159998079936,-22.99999807993,0.));
#15529 = DIRECTION('',(0.,0.,-1.));
#15530 = DIRECTION('',(1.,-9.600311144292E-07,0.));
#15531 = ADVANCED_FACE('',(#15532),#15543,.T.);
#15532 = FACE_BOUND('',#15533,.T.);
#15533 = EDGE_LOOP('',(#15534,#15535,#15536,#15542));
#15534 = ORIENTED_EDGE('',*,*,#15520,.T.);
#15535 = ORIENTED_EDGE('',*,*,#15224,.T.);
#15536 = ORIENTED_EDGE('',*,*,#15537,.F.);
#15537 = EDGE_CURVE('',#14936,#15216,#15538,.T.);
#15538 = LINE('',#15539,#15540);
#15539 = CARTESIAN_POINT('',(1.16,-25.,0.));
#15540 = VECTOR('',#15541,1.);
#15541 = DIRECTION('',(0.,0.,1.));
#15542 = ORIENTED_EDGE('',*,*,#14944,.F.);
#15543 = PLANE('',#15544);
#15544 = AXIS2_PLACEMENT_3D('',#15545,#15546,#15547);
#15545 = CARTESIAN_POINT('',(19.16,-25.,0.));
#15546 = DIRECTION('',(0.,-1.,0.));
#15547 = DIRECTION('',(-1.,0.,0.));
#15548 = ADVANCED_FACE('',(#15549),#15560,.T.);
#15549 = FACE_BOUND('',#15550,.T.);
#15550 = EDGE_LOOP('',(#15551,#15552,#15553,#15559));
#15551 = ORIENTED_EDGE('',*,*,#15537,.T.);
#15552 = ORIENTED_EDGE('',*,*,#15215,.T.);
#15553 = ORIENTED_EDGE('',*,*,#15554,.F.);
#15554 = EDGE_CURVE('',#14928,#15208,#15555,.T.);
#15555 = LINE('',#15556,#15557);
#15556 = CARTESIAN_POINT('',(-0.84,-23.,0.));
#15557 = VECTOR('',#15558,1.);
#15558 = DIRECTION('',(0.,0.,1.));
#15559 = ORIENTED_EDGE('',*,*,#14935,.F.);
#15560 = CYLINDRICAL_SURFACE('',#15561,2.000000212955);
#15561 = AXIS2_PLACEMENT_3D('',#15562,#15563,#15564);
#15562 = CARTESIAN_POINT('',(1.160000212955,-22.99999978704,0.));
#15563 = DIRECTION('',(0.,0.,-1.));
#15564 = DIRECTION('',(-1.06477385007E-07,-1.,-0.));
#15565 = ADVANCED_FACE('',(#15566),#15577,.T.);
#15566 = FACE_BOUND('',#15567,.T.);
#15567 = EDGE_LOOP('',(#15568,#15569,#15570,#15571));
#15568 = ORIENTED_EDGE('',*,*,#14927,.F.);
#15569 = ORIENTED_EDGE('',*,*,#15554,.T.);
#15570 = ORIENTED_EDGE('',*,*,#15207,.T.);
#15571 = ORIENTED_EDGE('',*,*,#15572,.T.);
#15572 = EDGE_CURVE('',#15199,#14919,#15573,.T.);
#15573 = LINE('',#15574,#15575);
#15574 = CARTESIAN_POINT('',(-0.84,-1.361763562444,-4.6E-02));
#15575 = VECTOR('',#15576,1.);
#15576 = DIRECTION('',(-0.,0.,-1.));
#15577 = PLANE('',#15578);
#15578 = AXIS2_PLACEMENT_3D('',#15579,#15580,#15581);
#15579 = CARTESIAN_POINT('',(-0.84,-23.,0.));
#15580 = DIRECTION('',(-1.,0.,0.));
#15581 = DIRECTION('',(0.,1.,0.));
#15582 = ADVANCED_FACE('',(#15583),#15594,.F.);
#15583 = FACE_BOUND('',#15584,.T.);
#15584 = EDGE_LOOP('',(#15585,#15591,#15592,#15593));
#15585 = ORIENTED_EDGE('',*,*,#15586,.F.);
#15586 = EDGE_CURVE('',#14910,#15190,#15587,.T.);
#15587 = LINE('',#15588,#15589);
#15588 = CARTESIAN_POINT('',(0.,-1.6,-4.6E-02));
#15589 = VECTOR('',#15590,1.);
#15590 = DIRECTION('',(0.,0.,1.));
#15591 = ORIENTED_EDGE('',*,*,#14918,.T.);
#15592 = ORIENTED_EDGE('',*,*,#15572,.F.);
#15593 = ORIENTED_EDGE('',*,*,#15198,.F.);
#15594 = CYLINDRICAL_SURFACE('',#15595,1.6);
#15595 = AXIS2_PLACEMENT_3D('',#15596,#15597,#15598);
#15596 = CARTESIAN_POINT('',(-1.665334536938E-16,2.775557561563E-16,
    -4.6E-02));
#15597 = DIRECTION('',(-0.,0.,-1.));
#15598 = DIRECTION('',(1.040834085586E-16,-1.,-0.));
#15599 = ADVANCED_FACE('',(#15600),#15611,.F.);
#15600 = FACE_BOUND('',#15601,.T.);
#15601 = EDGE_LOOP('',(#15602,#15603,#15604,#15605));
#15602 = ORIENTED_EDGE('',*,*,#14909,.T.);
#15603 = ORIENTED_EDGE('',*,*,#15586,.T.);
#15604 = ORIENTED_EDGE('',*,*,#15189,.F.);
#15605 = ORIENTED_EDGE('',*,*,#15606,.T.);
#15606 = EDGE_CURVE('',#15182,#14902,#15607,.T.);
#15607 = LINE('',#15608,#15609);
#15608 = CARTESIAN_POINT('',(-0.84,1.361763562444,-4.6E-02));
#15609 = VECTOR('',#15610,1.);
#15610 = DIRECTION('',(-0.,0.,-1.));
#15611 = CYLINDRICAL_SURFACE('',#15612,1.6);
#15612 = AXIS2_PLACEMENT_3D('',#15613,#15614,#15615);
#15613 = CARTESIAN_POINT('',(-1.665334536938E-16,2.775557561563E-16,
    -4.6E-02));
#15614 = DIRECTION('',(-0.,0.,-1.));
#15615 = DIRECTION('',(1.040834085586E-16,-1.,-0.));
#15616 = ADVANCED_FACE('',(#15617),#15623,.T.);
#15617 = FACE_BOUND('',#15618,.T.);
#15618 = EDGE_LOOP('',(#15619,#15620,#15621,#15622));
#15619 = ORIENTED_EDGE('',*,*,#14901,.F.);
#15620 = ORIENTED_EDGE('',*,*,#15606,.F.);
#15621 = ORIENTED_EDGE('',*,*,#15181,.T.);
#15622 = ORIENTED_EDGE('',*,*,#15450,.F.);
#15623 = PLANE('',#15624);
#15624 = AXIS2_PLACEMENT_3D('',#15625,#15626,#15627);
#15625 = CARTESIAN_POINT('',(-0.84,-23.,0.));
#15626 = DIRECTION('',(-1.,0.,0.));
#15627 = DIRECTION('',(0.,1.,0.));
#15628 = ADVANCED_FACE('',(#15629),#15640,.F.);
#15629 = FACE_BOUND('',#15630,.T.);
#15630 = EDGE_LOOP('',(#15631,#15632,#15638,#15639));
#15631 = ORIENTED_EDGE('',*,*,#14988,.T.);
#15632 = ORIENTED_EDGE('',*,*,#15633,.T.);
#15633 = EDGE_CURVE('',#14989,#15269,#15634,.T.);
#15634 = LINE('',#15635,#15636);
#15635 = CARTESIAN_POINT('',(6.35,-11.83,-4.6E-02));
#15636 = VECTOR('',#15637,1.);
#15637 = DIRECTION('',(0.,0.,1.));
#15638 = ORIENTED_EDGE('',*,*,#15268,.F.);
#15639 = ORIENTED_EDGE('',*,*,#15633,.F.);
#15640 = CYLINDRICAL_SURFACE('',#15641,0.4);
#15641 = AXIS2_PLACEMENT_3D('',#15642,#15643,#15644);
#15642 = CARTESIAN_POINT('',(6.35,-11.43,-4.6E-02));
#15643 = DIRECTION('',(-0.,-0.,-1.));
#15644 = DIRECTION('',(-0.,-1.,0.));
#15645 = ADVANCED_FACE('',(#15646),#15657,.F.);
#15646 = FACE_BOUND('',#15647,.T.);
#15647 = EDGE_LOOP('',(#15648,#15649,#15655,#15656));
#15648 = ORIENTED_EDGE('',*,*,#14999,.T.);
#15649 = ORIENTED_EDGE('',*,*,#15650,.T.);
#15650 = EDGE_CURVE('',#15000,#15280,#15651,.T.);
#15651 = LINE('',#15652,#15653);
#15652 = CARTESIAN_POINT('',(8.89,-11.83,-4.6E-02));
#15653 = VECTOR('',#15654,1.);
#15654 = DIRECTION('',(0.,0.,1.));
#15655 = ORIENTED_EDGE('',*,*,#15279,.F.);
#15656 = ORIENTED_EDGE('',*,*,#15650,.F.);
#15657 = CYLINDRICAL_SURFACE('',#15658,0.4);
#15658 = AXIS2_PLACEMENT_3D('',#15659,#15660,#15661);
#15659 = CARTESIAN_POINT('',(8.89,-11.43,-4.6E-02));
#15660 = DIRECTION('',(-0.,-0.,-1.));
#15661 = DIRECTION('',(-0.,-1.,0.));
#15662 = ADVANCED_FACE('',(#15663),#15674,.F.);
#15663 = FACE_BOUND('',#15664,.T.);
#15664 = EDGE_LOOP('',(#15665,#15666,#15672,#15673));
#15665 = ORIENTED_EDGE('',*,*,#15010,.T.);
#15666 = ORIENTED_EDGE('',*,*,#15667,.T.);
#15667 = EDGE_CURVE('',#15011,#15291,#15668,.T.);
#15668 = LINE('',#15669,#15670);
#15669 = CARTESIAN_POINT('',(16.51,-18.28,-4.6E-02));
#15670 = VECTOR('',#15671,1.);
#15671 = DIRECTION('',(0.,0.,1.));
#15672 = ORIENTED_EDGE('',*,*,#15290,.F.);
#15673 = ORIENTED_EDGE('',*,*,#15667,.F.);
#15674 = CYLINDRICAL_SURFACE('',#15675,0.5);
#15675 = AXIS2_PLACEMENT_3D('',#15676,#15677,#15678);
#15676 = CARTESIAN_POINT('',(16.51,-17.78,-4.6E-02));
#15677 = DIRECTION('',(-0.,-0.,-1.));
#15678 = DIRECTION('',(-0.,-1.,0.));
#15679 = ADVANCED_FACE('',(#15680),#15691,.F.);
#15680 = FACE_BOUND('',#15681,.T.);
#15681 = EDGE_LOOP('',(#15682,#15683,#15689,#15690));
#15682 = ORIENTED_EDGE('',*,*,#15021,.T.);
#15683 = ORIENTED_EDGE('',*,*,#15684,.T.);
#15684 = EDGE_CURVE('',#15022,#15302,#15685,.T.);
#15685 = LINE('',#15686,#15687);
#15686 = CARTESIAN_POINT('',(19.05,-18.28,-4.6E-02));
#15687 = VECTOR('',#15688,1.);
#15688 = DIRECTION('',(0.,0.,1.));
#15689 = ORIENTED_EDGE('',*,*,#15301,.F.);
#15690 = ORIENTED_EDGE('',*,*,#15684,.F.);
#15691 = CYLINDRICAL_SURFACE('',#15692,0.5);
#15692 = AXIS2_PLACEMENT_3D('',#15693,#15694,#15695);
#15693 = CARTESIAN_POINT('',(19.05,-17.78,-4.6E-02));
#15694 = DIRECTION('',(-0.,-0.,-1.));
#15695 = DIRECTION('',(-0.,-1.,0.));
#15696 = ADVANCED_FACE('',(#15697),#15708,.F.);
#15697 = FACE_BOUND('',#15698,.T.);
#15698 = EDGE_LOOP('',(#15699,#15700,#15706,#15707));
#15699 = ORIENTED_EDGE('',*,*,#15032,.T.);
#15700 = ORIENTED_EDGE('',*,*,#15701,.T.);
#15701 = EDGE_CURVE('',#15033,#15313,#15702,.T.);
#15702 = LINE('',#15703,#15704);
#15703 = CARTESIAN_POINT('',(11.43,-11.83,-4.6E-02));
#15704 = VECTOR('',#15705,1.);
#15705 = DIRECTION('',(0.,0.,1.));
#15706 = ORIENTED_EDGE('',*,*,#15312,.F.);
#15707 = ORIENTED_EDGE('',*,*,#15701,.F.);
#15708 = CYLINDRICAL_SURFACE('',#15709,0.4);
#15709 = AXIS2_PLACEMENT_3D('',#15710,#15711,#15712);
#15710 = CARTESIAN_POINT('',(11.43,-11.43,-4.6E-02));
#15711 = DIRECTION('',(-0.,-0.,-1.));
#15712 = DIRECTION('',(-0.,-1.,0.));
#15713 = ADVANCED_FACE('',(#15714),#15725,.F.);
#15714 = FACE_BOUND('',#15715,.T.);
#15715 = EDGE_LOOP('',(#15716,#15717,#15723,#15724));
#15716 = ORIENTED_EDGE('',*,*,#15043,.T.);
#15717 = ORIENTED_EDGE('',*,*,#15718,.T.);
#15718 = EDGE_CURVE('',#15044,#15324,#15719,.T.);
#15719 = LINE('',#15720,#15721);
#15720 = CARTESIAN_POINT('',(13.97,-11.83,-4.6E-02));
#15721 = VECTOR('',#15722,1.);
#15722 = DIRECTION('',(0.,0.,1.));
#15723 = ORIENTED_EDGE('',*,*,#15323,.F.);
#15724 = ORIENTED_EDGE('',*,*,#15718,.F.);
#15725 = CYLINDRICAL_SURFACE('',#15726,0.4);
#15726 = AXIS2_PLACEMENT_3D('',#15727,#15728,#15729);
#15727 = CARTESIAN_POINT('',(13.97,-11.43,-4.6E-02));
#15728 = DIRECTION('',(-0.,0.,-1.));
#15729 = DIRECTION('',(4.440892098501E-15,-1.,-0.));
#15730 = ADVANCED_FACE('',(#15731),#15742,.F.);
#15731 = FACE_BOUND('',#15732,.T.);
#15732 = EDGE_LOOP('',(#15733,#15734,#15740,#15741));
#15733 = ORIENTED_EDGE('',*,*,#15054,.T.);
#15734 = ORIENTED_EDGE('',*,*,#15735,.T.);
#15735 = EDGE_CURVE('',#15055,#15335,#15736,.T.);
#15736 = LINE('',#15737,#15738);
#15737 = CARTESIAN_POINT('',(6.35,-4.21,-4.6E-02));
#15738 = VECTOR('',#15739,1.);
#15739 = DIRECTION('',(0.,0.,1.));
#15740 = ORIENTED_EDGE('',*,*,#15334,.F.);
#15741 = ORIENTED_EDGE('',*,*,#15735,.F.);
#15742 = CYLINDRICAL_SURFACE('',#15743,0.4);
#15743 = AXIS2_PLACEMENT_3D('',#15744,#15745,#15746);
#15744 = CARTESIAN_POINT('',(6.35,-3.81,-4.6E-02));
#15745 = DIRECTION('',(-0.,-0.,-1.));
#15746 = DIRECTION('',(-0.,-1.,0.));
#15747 = ADVANCED_FACE('',(#15748),#15759,.F.);
#15748 = FACE_BOUND('',#15749,.T.);
#15749 = EDGE_LOOP('',(#15750,#15751,#15757,#15758));
#15750 = ORIENTED_EDGE('',*,*,#15065,.T.);
#15751 = ORIENTED_EDGE('',*,*,#15752,.T.);
#15752 = EDGE_CURVE('',#15066,#15346,#15753,.T.);
#15753 = LINE('',#15754,#15755);
#15754 = CARTESIAN_POINT('',(8.89,-4.21,-4.6E-02));
#15755 = VECTOR('',#15756,1.);
#15756 = DIRECTION('',(0.,0.,1.));
#15757 = ORIENTED_EDGE('',*,*,#15345,.F.);
#15758 = ORIENTED_EDGE('',*,*,#15752,.F.);
#15759 = CYLINDRICAL_SURFACE('',#15760,0.4);
#15760 = AXIS2_PLACEMENT_3D('',#15761,#15762,#15763);
#15761 = CARTESIAN_POINT('',(8.89,-3.81,-4.6E-02));
#15762 = DIRECTION('',(-0.,-0.,-1.));
#15763 = DIRECTION('',(-0.,-1.,0.));
#15764 = ADVANCED_FACE('',(#15765),#15776,.F.);
#15765 = FACE_BOUND('',#15766,.T.);
#15766 = EDGE_LOOP('',(#15767,#15768,#15774,#15775));
#15767 = ORIENTED_EDGE('',*,*,#15076,.T.);
#15768 = ORIENTED_EDGE('',*,*,#15769,.T.);
#15769 = EDGE_CURVE('',#15077,#15357,#15770,.T.);
#15770 = LINE('',#15771,#15772);
#15771 = CARTESIAN_POINT('',(3.81,4.58,-4.6E-02));
#15772 = VECTOR('',#15773,1.);
#15773 = DIRECTION('',(0.,0.,1.));
#15774 = ORIENTED_EDGE('',*,*,#15356,.F.);
#15775 = ORIENTED_EDGE('',*,*,#15769,.F.);
#15776 = CYLINDRICAL_SURFACE('',#15777,0.5);
#15777 = AXIS2_PLACEMENT_3D('',#15778,#15779,#15780);
#15778 = CARTESIAN_POINT('',(3.81,5.08,-4.6E-02));
#15779 = DIRECTION('',(-0.,0.,-1.));
#15780 = DIRECTION('',(8.881784197001E-16,-1.,-0.));
#15781 = ADVANCED_FACE('',(#15782),#15793,.F.);
#15782 = FACE_BOUND('',#15783,.T.);
#15783 = EDGE_LOOP('',(#15784,#15785,#15791,#15792));
#15784 = ORIENTED_EDGE('',*,*,#15087,.T.);
#15785 = ORIENTED_EDGE('',*,*,#15786,.T.);
#15786 = EDGE_CURVE('',#15088,#15368,#15787,.T.);
#15787 = LINE('',#15788,#15789);
#15788 = CARTESIAN_POINT('',(6.35,4.58,-4.6E-02));
#15789 = VECTOR('',#15790,1.);
#15790 = DIRECTION('',(0.,0.,1.));
#15791 = ORIENTED_EDGE('',*,*,#15367,.F.);
#15792 = ORIENTED_EDGE('',*,*,#15786,.F.);
#15793 = CYLINDRICAL_SURFACE('',#15794,0.5);
#15794 = AXIS2_PLACEMENT_3D('',#15795,#15796,#15797);
#15795 = CARTESIAN_POINT('',(6.35,5.08,-4.6E-02));
#15796 = DIRECTION('',(-0.,-0.,-1.));
#15797 = DIRECTION('',(-0.,-1.,0.));
#15798 = ADVANCED_FACE('',(#15799),#15810,.F.);
#15799 = FACE_BOUND('',#15800,.T.);
#15800 = EDGE_LOOP('',(#15801,#15802,#15808,#15809));
#15801 = ORIENTED_EDGE('',*,*,#15098,.T.);
#15802 = ORIENTED_EDGE('',*,*,#15803,.T.);
#15803 = EDGE_CURVE('',#15099,#15379,#15804,.T.);
#15804 = LINE('',#15805,#15806);
#15805 = CARTESIAN_POINT('',(8.89,4.58,-4.6E-02));
#15806 = VECTOR('',#15807,1.);
#15807 = DIRECTION('',(0.,0.,1.));
#15808 = ORIENTED_EDGE('',*,*,#15378,.F.);
#15809 = ORIENTED_EDGE('',*,*,#15803,.F.);
#15810 = CYLINDRICAL_SURFACE('',#15811,0.5);
#15811 = AXIS2_PLACEMENT_3D('',#15812,#15813,#15814);
#15812 = CARTESIAN_POINT('',(8.89,5.08,-4.6E-02));
#15813 = DIRECTION('',(-0.,-0.,-1.));
#15814 = DIRECTION('',(-0.,-1.,0.));
#15815 = ADVANCED_FACE('',(#15816),#15827,.F.);
#15816 = FACE_BOUND('',#15817,.T.);
#15817 = EDGE_LOOP('',(#15818,#15819,#15825,#15826));
#15818 = ORIENTED_EDGE('',*,*,#15109,.T.);
#15819 = ORIENTED_EDGE('',*,*,#15820,.T.);
#15820 = EDGE_CURVE('',#15110,#15390,#15821,.T.);
#15821 = LINE('',#15822,#15823);
#15822 = CARTESIAN_POINT('',(11.43,-4.21,-4.6E-02));
#15823 = VECTOR('',#15824,1.);
#15824 = DIRECTION('',(0.,0.,1.));
#15825 = ORIENTED_EDGE('',*,*,#15389,.F.);
#15826 = ORIENTED_EDGE('',*,*,#15820,.F.);
#15827 = CYLINDRICAL_SURFACE('',#15828,0.4);
#15828 = AXIS2_PLACEMENT_3D('',#15829,#15830,#15831);
#15829 = CARTESIAN_POINT('',(11.43,-3.81,-4.6E-02));
#15830 = DIRECTION('',(-0.,-0.,-1.));
#15831 = DIRECTION('',(-0.,-1.,0.));
#15832 = ADVANCED_FACE('',(#15833),#15844,.F.);
#15833 = FACE_BOUND('',#15834,.T.);
#15834 = EDGE_LOOP('',(#15835,#15836,#15842,#15843));
#15835 = ORIENTED_EDGE('',*,*,#15120,.T.);
#15836 = ORIENTED_EDGE('',*,*,#15837,.T.);
#15837 = EDGE_CURVE('',#15121,#15401,#15838,.T.);
#15838 = LINE('',#15839,#15840);
#15839 = CARTESIAN_POINT('',(13.97,-4.21,-4.6E-02));
#15840 = VECTOR('',#15841,1.);
#15841 = DIRECTION('',(0.,0.,1.));
#15842 = ORIENTED_EDGE('',*,*,#15400,.F.);
#15843 = ORIENTED_EDGE('',*,*,#15837,.F.);
#15844 = CYLINDRICAL_SURFACE('',#15845,0.4);
#15845 = AXIS2_PLACEMENT_3D('',#15846,#15847,#15848);
#15846 = CARTESIAN_POINT('',(13.97,-3.81,-4.6E-02));
#15847 = DIRECTION('',(-0.,0.,-1.));
#15848 = DIRECTION('',(4.440892098501E-15,-1.,-0.));
#15849 = ADVANCED_FACE('',(#15850),#15861,.F.);
#15850 = FACE_BOUND('',#15851,.T.);
#15851 = EDGE_LOOP('',(#15852,#15853,#15859,#15860));
#15852 = ORIENTED_EDGE('',*,*,#15131,.T.);
#15853 = ORIENTED_EDGE('',*,*,#15854,.T.);
#15854 = EDGE_CURVE('',#15132,#15412,#15855,.T.);
#15855 = LINE('',#15856,#15857);
#15856 = CARTESIAN_POINT('',(11.43,4.58,-4.6E-02));
#15857 = VECTOR('',#15858,1.);
#15858 = DIRECTION('',(0.,0.,1.));
#15859 = ORIENTED_EDGE('',*,*,#15411,.F.);
#15860 = ORIENTED_EDGE('',*,*,#15854,.F.);
#15861 = CYLINDRICAL_SURFACE('',#15862,0.5);
#15862 = AXIS2_PLACEMENT_3D('',#15863,#15864,#15865);
#15863 = CARTESIAN_POINT('',(11.43,5.08,-4.6E-02));
#15864 = DIRECTION('',(-0.,-0.,-1.));
#15865 = DIRECTION('',(-0.,-1.,0.));
#15866 = ADVANCED_FACE('',(#15867),#15878,.F.);
#15867 = FACE_BOUND('',#15868,.T.);
#15868 = EDGE_LOOP('',(#15869,#15870,#15876,#15877));
#15869 = ORIENTED_EDGE('',*,*,#15142,.T.);
#15870 = ORIENTED_EDGE('',*,*,#15871,.T.);
#15871 = EDGE_CURVE('',#15143,#15423,#15872,.T.);
#15872 = LINE('',#15873,#15874);
#15873 = CARTESIAN_POINT('',(13.97,4.58,-4.6E-02));
#15874 = VECTOR('',#15875,1.);
#15875 = DIRECTION('',(0.,0.,1.));
#15876 = ORIENTED_EDGE('',*,*,#15422,.F.);
#15877 = ORIENTED_EDGE('',*,*,#15871,.F.);
#15878 = CYLINDRICAL_SURFACE('',#15879,0.5);
#15879 = AXIS2_PLACEMENT_3D('',#15880,#15881,#15882);
#15880 = CARTESIAN_POINT('',(13.97,5.08,-4.6E-02));
#15881 = DIRECTION('',(-0.,-0.,-1.));
#15882 = DIRECTION('',(-0.,-1.,0.));
#15883 = ADVANCED_FACE('',(#15884),#15895,.F.);
#15884 = FACE_BOUND('',#15885,.T.);
#15885 = EDGE_LOOP('',(#15886,#15887,#15893,#15894));
#15886 = ORIENTED_EDGE('',*,*,#15153,.T.);
#15887 = ORIENTED_EDGE('',*,*,#15888,.T.);
#15888 = EDGE_CURVE('',#15154,#15434,#15889,.T.);
#15889 = LINE('',#15890,#15891);
#15890 = CARTESIAN_POINT('',(16.51,4.58,-4.6E-02));
#15891 = VECTOR('',#15892,1.);
#15892 = DIRECTION('',(0.,0.,1.));
#15893 = ORIENTED_EDGE('',*,*,#15433,.F.);
#15894 = ORIENTED_EDGE('',*,*,#15888,.F.);
#15895 = CYLINDRICAL_SURFACE('',#15896,0.5);
#15896 = AXIS2_PLACEMENT_3D('',#15897,#15898,#15899);
#15897 = CARTESIAN_POINT('',(16.51,5.08,-4.6E-02));
#15898 = DIRECTION('',(-0.,-0.,-1.));
#15899 = DIRECTION('',(-0.,-1.,0.));
#15900 = ( GEOMETRIC_REPRESENTATION_CONTEXT(3) 
GLOBAL_UNCERTAINTY_ASSIGNED_CONTEXT((#15904)) 
GLOBAL_UNIT_ASSIGNED_CONTEXT((#15901,#15902,#15903)) 
REPRESENTATION_CONTEXT('Context #1',
  '3D Context with UNIT and UNCERTAINTY') );
#15901 = ( LENGTH_UNIT() NAMED_UNIT(*) SI_UNIT(.MILLI.,.METRE.) );
#15902 = ( NAMED_UNIT(*) PLANE_ANGLE_UNIT() SI_UNIT($,.RADIAN.) );
#15903 = ( NAMED_UNIT(*) SI_UNIT($,.STERADIAN.) SOLID_ANGLE_UNIT() );
#15904 = UNCERTAINTY_MEASURE_WITH_UNIT(LENGTH_MEASURE(1.E-07),#15901,
  'distance_accuracy_value','confusion accuracy');
#15905 = CONTEXT_DEPENDENT_SHAPE_REPRESENTATION(#15906,#15908);
#15906 = ( REPRESENTATION_RELATIONSHIP('','',#14779,#10) 
REPRESENTATION_RELATIONSHIP_WITH_TRANSFORMATION(#15907) 
SHAPE_REPRESENTATION_RELATIONSHIP() );
#15907 = ITEM_DEFINED_TRANSFORMATION('','',#11,#63);
#15908 = PRODUCT_DEFINITION_SHAPE('Placement','Placement of an item',
  #15909);
#15909 = NEXT_ASSEMBLY_USAGE_OCCURRENCE('13','=>[0:1:1:9]','',#5,#14774,
  $);
#15910 = PRODUCT_RELATED_PRODUCT_CATEGORY('part',$,(#14776));
#15911 = MECHANICAL_DESIGN_GEOMETRIC_PRESENTATION_REPRESENTATION('',(
    #15912,#15920,#15927,#15934,#15941,#15948,#15955,#15962,#15969,
    #15976,#15983,#15990,#15997,#16004,#16011,#16018,#16025,#16032,
    #16039,#16046,#16053,#16060,#16067,#16074,#16081,#16088,#16095,
    #16102,#16109,#16116,#16123,#16130,#16137,#16144,#16151,#16158,
    #16165,#16172,#16179,#16186,#16193,#16201,#16208,#16215,#16222,
    #16229,#16236,#16243,#16250,#16257,#16264,#16271,#16278,#16285,
    #16292,#16299,#16306,#16313,#16320,#16327,#16334,#16341,#16348,
    #16355,#16362,#16369,#16376,#16383,#16390,#16397,#16404,#16411,
    #16418,#16425,#16432,#16439,#16446,#16453,#16460,#16467,#16474,
    #16481,#16488,#16495,#16502,#16509,#16516,#16523,#16530,#16537,
    #16544,#16551,#16558,#16565,#16572,#16579,#16586,#16593,#16600,
    #16607,#16614,#16621,#16628,#16635,#16642,#16649,#16656,#16663,
    #16670,#16677,#16684,#16691,#16698,#16705,#16712,#16719,#16726,
    #16733,#16740,#16747,#16754,#16761,#16768,#16775,#16782,#16789,
    #16796,#16803,#16810,#16817,#16824,#16831,#16838,#16845,#16852,
    #16859,#16866,#16873,#16880,#16887,#16894,#16901,#16908,#16915,
    #16922,#16929,#16936,#16943),#13310);
#15912 = STYLED_ITEM('color',(#15913),#9184);
#15913 = PRESENTATION_STYLE_ASSIGNMENT((#15914));
#15914 = SURFACE_STYLE_USAGE(.BOTH.,#15915);
#15915 = SURFACE_SIDE_STYLE('',(#15916));
#15916 = SURFACE_STYLE_FILL_AREA(#15917);
#15917 = FILL_AREA_STYLE('',(#15918));
#15918 = FILL_AREA_STYLE_COLOUR('',#15919);
#15919 = COLOUR_RGB('',0.147999998088,0.144999993226,0.144999993226);
#15920 = STYLED_ITEM('color',(#15921),#9224);
#15921 = PRESENTATION_STYLE_ASSIGNMENT((#15922));
#15922 = SURFACE_STYLE_USAGE(.BOTH.,#15923);
#15923 = SURFACE_SIDE_STYLE('',(#15924));
#15924 = SURFACE_STYLE_FILL_AREA(#15925);
#15925 = FILL_AREA_STYLE('',(#15926));
#15926 = FILL_AREA_STYLE_COLOUR('',#15919);
#15927 = STYLED_ITEM('color',(#15928),#9255);
#15928 = PRESENTATION_STYLE_ASSIGNMENT((#15929));
#15929 = SURFACE_STYLE_USAGE(.BOTH.,#15930);
#15930 = SURFACE_SIDE_STYLE('',(#15931));
#15931 = SURFACE_STYLE_FILL_AREA(#15932);
#15932 = FILL_AREA_STYLE('',(#15933));
#15933 = FILL_AREA_STYLE_COLOUR('',#15919);
#15934 = STYLED_ITEM('color',(#15935),#9286);
#15935 = PRESENTATION_STYLE_ASSIGNMENT((#15936));
#15936 = SURFACE_STYLE_USAGE(.BOTH.,#15937);
#15937 = SURFACE_SIDE_STYLE('',(#15938));
#15938 = SURFACE_STYLE_FILL_AREA(#15939);
#15939 = FILL_AREA_STYLE('',(#15940));
#15940 = FILL_AREA_STYLE_COLOUR('',#15919);
#15941 = STYLED_ITEM('color',(#15942),#9779);
#15942 = PRESENTATION_STYLE_ASSIGNMENT((#15943));
#15943 = SURFACE_STYLE_USAGE(.BOTH.,#15944);
#15944 = SURFACE_SIDE_STYLE('',(#15945));
#15945 = SURFACE_STYLE_FILL_AREA(#15946);
#15946 = FILL_AREA_STYLE('',(#15947));
#15947 = FILL_AREA_STYLE_COLOUR('',#15919);
#15948 = STYLED_ITEM('color',(#15949),#10272);
#15949 = PRESENTATION_STYLE_ASSIGNMENT((#15950));
#15950 = SURFACE_STYLE_USAGE(.BOTH.,#15951);
#15951 = SURFACE_SIDE_STYLE('',(#15952));
#15952 = SURFACE_STYLE_FILL_AREA(#15953);
#15953 = FILL_AREA_STYLE('',(#15954));
#15954 = FILL_AREA_STYLE_COLOUR('',#15919);
#15955 = STYLED_ITEM('color',(#15956),#10289);
#15956 = PRESENTATION_STYLE_ASSIGNMENT((#15957));
#15957 = SURFACE_STYLE_USAGE(.BOTH.,#15958);
#15958 = SURFACE_SIDE_STYLE('',(#15959));
#15959 = SURFACE_STYLE_FILL_AREA(#15960);
#15960 = FILL_AREA_STYLE('',(#15961));
#15961 = FILL_AREA_STYLE_COLOUR('',#15919);
#15962 = STYLED_ITEM('color',(#15963),#10306);
#15963 = PRESENTATION_STYLE_ASSIGNMENT((#15964));
#15964 = SURFACE_STYLE_USAGE(.BOTH.,#15965);
#15965 = SURFACE_SIDE_STYLE('',(#15966));
#15966 = SURFACE_STYLE_FILL_AREA(#15967);
#15967 = FILL_AREA_STYLE('',(#15968));
#15968 = FILL_AREA_STYLE_COLOUR('',#15919);
#15969 = STYLED_ITEM('color',(#15970),#10323);
#15970 = PRESENTATION_STYLE_ASSIGNMENT((#15971));
#15971 = SURFACE_STYLE_USAGE(.BOTH.,#15972);
#15972 = SURFACE_SIDE_STYLE('',(#15973));
#15973 = SURFACE_STYLE_FILL_AREA(#15974);
#15974 = FILL_AREA_STYLE('',(#15975));
#15975 = FILL_AREA_STYLE_COLOUR('',#15919);
#15976 = STYLED_ITEM('color',(#15977),#10340);
#15977 = PRESENTATION_STYLE_ASSIGNMENT((#15978));
#15978 = SURFACE_STYLE_USAGE(.BOTH.,#15979);
#15979 = SURFACE_SIDE_STYLE('',(#15980));
#15980 = SURFACE_STYLE_FILL_AREA(#15981);
#15981 = FILL_AREA_STYLE('',(#15982));
#15982 = FILL_AREA_STYLE_COLOUR('',#15919);
#15983 = STYLED_ITEM('color',(#15984),#10357);
#15984 = PRESENTATION_STYLE_ASSIGNMENT((#15985));
#15985 = SURFACE_STYLE_USAGE(.BOTH.,#15986);
#15986 = SURFACE_SIDE_STYLE('',(#15987));
#15987 = SURFACE_STYLE_FILL_AREA(#15988);
#15988 = FILL_AREA_STYLE('',(#15989));
#15989 = FILL_AREA_STYLE_COLOUR('',#15919);
#15990 = STYLED_ITEM('color',(#15991),#10374);
#15991 = PRESENTATION_STYLE_ASSIGNMENT((#15992));
#15992 = SURFACE_STYLE_USAGE(.BOTH.,#15993);
#15993 = SURFACE_SIDE_STYLE('',(#15994));
#15994 = SURFACE_STYLE_FILL_AREA(#15995);
#15995 = FILL_AREA_STYLE('',(#15996));
#15996 = FILL_AREA_STYLE_COLOUR('',#15919);
#15997 = STYLED_ITEM('color',(#15998),#10391);
#15998 = PRESENTATION_STYLE_ASSIGNMENT((#15999));
#15999 = SURFACE_STYLE_USAGE(.BOTH.,#16000);
#16000 = SURFACE_SIDE_STYLE('',(#16001));
#16001 = SURFACE_STYLE_FILL_AREA(#16002);
#16002 = FILL_AREA_STYLE('',(#16003));
#16003 = FILL_AREA_STYLE_COLOUR('',#15919);
#16004 = STYLED_ITEM('color',(#16005),#10408);
#16005 = PRESENTATION_STYLE_ASSIGNMENT((#16006));
#16006 = SURFACE_STYLE_USAGE(.BOTH.,#16007);
#16007 = SURFACE_SIDE_STYLE('',(#16008));
#16008 = SURFACE_STYLE_FILL_AREA(#16009);
#16009 = FILL_AREA_STYLE('',(#16010));
#16010 = FILL_AREA_STYLE_COLOUR('',#15919);
#16011 = STYLED_ITEM('color',(#16012),#10425);
#16012 = PRESENTATION_STYLE_ASSIGNMENT((#16013));
#16013 = SURFACE_STYLE_USAGE(.BOTH.,#16014);
#16014 = SURFACE_SIDE_STYLE('',(#16015));
#16015 = SURFACE_STYLE_FILL_AREA(#16016);
#16016 = FILL_AREA_STYLE('',(#16017));
#16017 = FILL_AREA_STYLE_COLOUR('',#15919);
#16018 = STYLED_ITEM('color',(#16019),#10442);
#16019 = PRESENTATION_STYLE_ASSIGNMENT((#16020));
#16020 = SURFACE_STYLE_USAGE(.BOTH.,#16021);
#16021 = SURFACE_SIDE_STYLE('',(#16022));
#16022 = SURFACE_STYLE_FILL_AREA(#16023);
#16023 = FILL_AREA_STYLE('',(#16024));
#16024 = FILL_AREA_STYLE_COLOUR('',#15919);
#16025 = STYLED_ITEM('color',(#16026),#10459);
#16026 = PRESENTATION_STYLE_ASSIGNMENT((#16027));
#16027 = SURFACE_STYLE_USAGE(.BOTH.,#16028);
#16028 = SURFACE_SIDE_STYLE('',(#16029));
#16029 = SURFACE_STYLE_FILL_AREA(#16030);
#16030 = FILL_AREA_STYLE('',(#16031));
#16031 = FILL_AREA_STYLE_COLOUR('',#15919);
#16032 = STYLED_ITEM('color',(#16033),#10476);
#16033 = PRESENTATION_STYLE_ASSIGNMENT((#16034));
#16034 = SURFACE_STYLE_USAGE(.BOTH.,#16035);
#16035 = SURFACE_SIDE_STYLE('',(#16036));
#16036 = SURFACE_STYLE_FILL_AREA(#16037);
#16037 = FILL_AREA_STYLE('',(#16038));
#16038 = FILL_AREA_STYLE_COLOUR('',#15919);
#16039 = STYLED_ITEM('color',(#16040),#10493);
#16040 = PRESENTATION_STYLE_ASSIGNMENT((#16041));
#16041 = SURFACE_STYLE_USAGE(.BOTH.,#16042);
#16042 = SURFACE_SIDE_STYLE('',(#16043));
#16043 = SURFACE_STYLE_FILL_AREA(#16044);
#16044 = FILL_AREA_STYLE('',(#16045));
#16045 = FILL_AREA_STYLE_COLOUR('',#15919);
#16046 = STYLED_ITEM('color',(#16047),#10510);
#16047 = PRESENTATION_STYLE_ASSIGNMENT((#16048));
#16048 = SURFACE_STYLE_USAGE(.BOTH.,#16049);
#16049 = SURFACE_SIDE_STYLE('',(#16050));
#16050 = SURFACE_STYLE_FILL_AREA(#16051);
#16051 = FILL_AREA_STYLE('',(#16052));
#16052 = FILL_AREA_STYLE_COLOUR('',#15919);
#16053 = STYLED_ITEM('color',(#16054),#10527);
#16054 = PRESENTATION_STYLE_ASSIGNMENT((#16055));
#16055 = SURFACE_STYLE_USAGE(.BOTH.,#16056);
#16056 = SURFACE_SIDE_STYLE('',(#16057));
#16057 = SURFACE_STYLE_FILL_AREA(#16058);
#16058 = FILL_AREA_STYLE('',(#16059));
#16059 = FILL_AREA_STYLE_COLOUR('',#15919);
#16060 = STYLED_ITEM('color',(#16061),#10544);
#16061 = PRESENTATION_STYLE_ASSIGNMENT((#16062));
#16062 = SURFACE_STYLE_USAGE(.BOTH.,#16063);
#16063 = SURFACE_SIDE_STYLE('',(#16064));
#16064 = SURFACE_STYLE_FILL_AREA(#16065);
#16065 = FILL_AREA_STYLE('',(#16066));
#16066 = FILL_AREA_STYLE_COLOUR('',#15919);
#16067 = STYLED_ITEM('color',(#16068),#10561);
#16068 = PRESENTATION_STYLE_ASSIGNMENT((#16069));
#16069 = SURFACE_STYLE_USAGE(.BOTH.,#16070);
#16070 = SURFACE_SIDE_STYLE('',(#16071));
#16071 = SURFACE_STYLE_FILL_AREA(#16072);
#16072 = FILL_AREA_STYLE('',(#16073));
#16073 = FILL_AREA_STYLE_COLOUR('',#15919);
#16074 = STYLED_ITEM('color',(#16075),#10578);
#16075 = PRESENTATION_STYLE_ASSIGNMENT((#16076));
#16076 = SURFACE_STYLE_USAGE(.BOTH.,#16077);
#16077 = SURFACE_SIDE_STYLE('',(#16078));
#16078 = SURFACE_STYLE_FILL_AREA(#16079);
#16079 = FILL_AREA_STYLE('',(#16080));
#16080 = FILL_AREA_STYLE_COLOUR('',#15919);
#16081 = STYLED_ITEM('color',(#16082),#10595);
#16082 = PRESENTATION_STYLE_ASSIGNMENT((#16083));
#16083 = SURFACE_STYLE_USAGE(.BOTH.,#16084);
#16084 = SURFACE_SIDE_STYLE('',(#16085));
#16085 = SURFACE_STYLE_FILL_AREA(#16086);
#16086 = FILL_AREA_STYLE('',(#16087));
#16087 = FILL_AREA_STYLE_COLOUR('',#15919);
#16088 = STYLED_ITEM('color',(#16089),#10612);
#16089 = PRESENTATION_STYLE_ASSIGNMENT((#16090));
#16090 = SURFACE_STYLE_USAGE(.BOTH.,#16091);
#16091 = SURFACE_SIDE_STYLE('',(#16092));
#16092 = SURFACE_STYLE_FILL_AREA(#16093);
#16093 = FILL_AREA_STYLE('',(#16094));
#16094 = FILL_AREA_STYLE_COLOUR('',#15919);
#16095 = STYLED_ITEM('color',(#16096),#10629);
#16096 = PRESENTATION_STYLE_ASSIGNMENT((#16097));
#16097 = SURFACE_STYLE_USAGE(.BOTH.,#16098);
#16098 = SURFACE_SIDE_STYLE('',(#16099));
#16099 = SURFACE_STYLE_FILL_AREA(#16100);
#16100 = FILL_AREA_STYLE('',(#16101));
#16101 = FILL_AREA_STYLE_COLOUR('',#15919);
#16102 = STYLED_ITEM('color',(#16103),#10646);
#16103 = PRESENTATION_STYLE_ASSIGNMENT((#16104));
#16104 = SURFACE_STYLE_USAGE(.BOTH.,#16105);
#16105 = SURFACE_SIDE_STYLE('',(#16106));
#16106 = SURFACE_STYLE_FILL_AREA(#16107);
#16107 = FILL_AREA_STYLE('',(#16108));
#16108 = FILL_AREA_STYLE_COLOUR('',#15919);
#16109 = STYLED_ITEM('color',(#16110),#10663);
#16110 = PRESENTATION_STYLE_ASSIGNMENT((#16111));
#16111 = SURFACE_STYLE_USAGE(.BOTH.,#16112);
#16112 = SURFACE_SIDE_STYLE('',(#16113));
#16113 = SURFACE_STYLE_FILL_AREA(#16114);
#16114 = FILL_AREA_STYLE('',(#16115));
#16115 = FILL_AREA_STYLE_COLOUR('',#15919);
#16116 = STYLED_ITEM('color',(#16117),#10680);
#16117 = PRESENTATION_STYLE_ASSIGNMENT((#16118));
#16118 = SURFACE_STYLE_USAGE(.BOTH.,#16119);
#16119 = SURFACE_SIDE_STYLE('',(#16120));
#16120 = SURFACE_STYLE_FILL_AREA(#16121);
#16121 = FILL_AREA_STYLE('',(#16122));
#16122 = FILL_AREA_STYLE_COLOUR('',#15919);
#16123 = STYLED_ITEM('color',(#16124),#10697);
#16124 = PRESENTATION_STYLE_ASSIGNMENT((#16125));
#16125 = SURFACE_STYLE_USAGE(.BOTH.,#16126);
#16126 = SURFACE_SIDE_STYLE('',(#16127));
#16127 = SURFACE_STYLE_FILL_AREA(#16128);
#16128 = FILL_AREA_STYLE('',(#16129));
#16129 = FILL_AREA_STYLE_COLOUR('',#15919);
#16130 = STYLED_ITEM('color',(#16131),#10714);
#16131 = PRESENTATION_STYLE_ASSIGNMENT((#16132));
#16132 = SURFACE_STYLE_USAGE(.BOTH.,#16133);
#16133 = SURFACE_SIDE_STYLE('',(#16134));
#16134 = SURFACE_STYLE_FILL_AREA(#16135);
#16135 = FILL_AREA_STYLE('',(#16136));
#16136 = FILL_AREA_STYLE_COLOUR('',#15919);
#16137 = STYLED_ITEM('color',(#16138),#10731);
#16138 = PRESENTATION_STYLE_ASSIGNMENT((#16139));
#16139 = SURFACE_STYLE_USAGE(.BOTH.,#16140);
#16140 = SURFACE_SIDE_STYLE('',(#16141));
#16141 = SURFACE_STYLE_FILL_AREA(#16142);
#16142 = FILL_AREA_STYLE('',(#16143));
#16143 = FILL_AREA_STYLE_COLOUR('',#15919);
#16144 = STYLED_ITEM('color',(#16145),#10748);
#16145 = PRESENTATION_STYLE_ASSIGNMENT((#16146));
#16146 = SURFACE_STYLE_USAGE(.BOTH.,#16147);
#16147 = SURFACE_SIDE_STYLE('',(#16148));
#16148 = SURFACE_STYLE_FILL_AREA(#16149);
#16149 = FILL_AREA_STYLE('',(#16150));
#16150 = FILL_AREA_STYLE_COLOUR('',#15919);
#16151 = STYLED_ITEM('color',(#16152),#10765);
#16152 = PRESENTATION_STYLE_ASSIGNMENT((#16153));
#16153 = SURFACE_STYLE_USAGE(.BOTH.,#16154);
#16154 = SURFACE_SIDE_STYLE('',(#16155));
#16155 = SURFACE_STYLE_FILL_AREA(#16156);
#16156 = FILL_AREA_STYLE('',(#16157));
#16157 = FILL_AREA_STYLE_COLOUR('',#15919);
#16158 = STYLED_ITEM('color',(#16159),#10782);
#16159 = PRESENTATION_STYLE_ASSIGNMENT((#16160));
#16160 = SURFACE_STYLE_USAGE(.BOTH.,#16161);
#16161 = SURFACE_SIDE_STYLE('',(#16162));
#16162 = SURFACE_STYLE_FILL_AREA(#16163);
#16163 = FILL_AREA_STYLE('',(#16164));
#16164 = FILL_AREA_STYLE_COLOUR('',#15919);
#16165 = STYLED_ITEM('color',(#16166),#10799);
#16166 = PRESENTATION_STYLE_ASSIGNMENT((#16167));
#16167 = SURFACE_STYLE_USAGE(.BOTH.,#16168);
#16168 = SURFACE_SIDE_STYLE('',(#16169));
#16169 = SURFACE_STYLE_FILL_AREA(#16170);
#16170 = FILL_AREA_STYLE('',(#16171));
#16171 = FILL_AREA_STYLE_COLOUR('',#15919);
#16172 = STYLED_ITEM('color',(#16173),#10816);
#16173 = PRESENTATION_STYLE_ASSIGNMENT((#16174));
#16174 = SURFACE_STYLE_USAGE(.BOTH.,#16175);
#16175 = SURFACE_SIDE_STYLE('',(#16176));
#16176 = SURFACE_STYLE_FILL_AREA(#16177);
#16177 = FILL_AREA_STYLE('',(#16178));
#16178 = FILL_AREA_STYLE_COLOUR('',#15919);
#16179 = STYLED_ITEM('color',(#16180),#10833);
#16180 = PRESENTATION_STYLE_ASSIGNMENT((#16181));
#16181 = SURFACE_STYLE_USAGE(.BOTH.,#16182);
#16182 = SURFACE_SIDE_STYLE('',(#16183));
#16183 = SURFACE_STYLE_FILL_AREA(#16184);
#16184 = FILL_AREA_STYLE('',(#16185));
#16185 = FILL_AREA_STYLE_COLOUR('',#15919);
#16186 = STYLED_ITEM('color',(#16187),#10850);
#16187 = PRESENTATION_STYLE_ASSIGNMENT((#16188));
#16188 = SURFACE_STYLE_USAGE(.BOTH.,#16189);
#16189 = SURFACE_SIDE_STYLE('',(#16190));
#16190 = SURFACE_STYLE_FILL_AREA(#16191);
#16191 = FILL_AREA_STYLE('',(#16192));
#16192 = FILL_AREA_STYLE_COLOUR('',#15919);
#16193 = STYLED_ITEM('color',(#16194),#10862);
#16194 = PRESENTATION_STYLE_ASSIGNMENT((#16195));
#16195 = SURFACE_STYLE_USAGE(.BOTH.,#16196);
#16196 = SURFACE_SIDE_STYLE('',(#16197));
#16197 = SURFACE_STYLE_FILL_AREA(#16198);
#16198 = FILL_AREA_STYLE('',(#16199));
#16199 = FILL_AREA_STYLE_COLOUR('',#16200);
#16200 = COLOUR_RGB('',0.859000020776,0.737999965183,0.495999988746);
#16201 = STYLED_ITEM('color',(#16202),#10893);
#16202 = PRESENTATION_STYLE_ASSIGNMENT((#16203));
#16203 = SURFACE_STYLE_USAGE(.BOTH.,#16204);
#16204 = SURFACE_SIDE_STYLE('',(#16205));
#16205 = SURFACE_STYLE_FILL_AREA(#16206);
#16206 = FILL_AREA_STYLE('',(#16207));
#16207 = FILL_AREA_STYLE_COLOUR('',#16200);
#16208 = STYLED_ITEM('color',(#16209),#10917);
#16209 = PRESENTATION_STYLE_ASSIGNMENT((#16210));
#16210 = SURFACE_STYLE_USAGE(.BOTH.,#16211);
#16211 = SURFACE_SIDE_STYLE('',(#16212));
#16212 = SURFACE_STYLE_FILL_AREA(#16213);
#16213 = FILL_AREA_STYLE('',(#16214));
#16214 = FILL_AREA_STYLE_COLOUR('',#16200);
#16215 = STYLED_ITEM('color',(#16216),#10941);
#16216 = PRESENTATION_STYLE_ASSIGNMENT((#16217));
#16217 = SURFACE_STYLE_USAGE(.BOTH.,#16218);
#16218 = SURFACE_SIDE_STYLE('',(#16219));
#16219 = SURFACE_STYLE_FILL_AREA(#16220);
#16220 = FILL_AREA_STYLE('',(#16221));
#16221 = FILL_AREA_STYLE_COLOUR('',#16200);
#16222 = STYLED_ITEM('color',(#16223),#10958);
#16223 = PRESENTATION_STYLE_ASSIGNMENT((#16224));
#16224 = SURFACE_STYLE_USAGE(.BOTH.,#16225);
#16225 = SURFACE_SIDE_STYLE('',(#16226));
#16226 = SURFACE_STYLE_FILL_AREA(#16227);
#16227 = FILL_AREA_STYLE('',(#16228));
#16228 = FILL_AREA_STYLE_COLOUR('',#16200);
#16229 = STYLED_ITEM('color',(#16230),#10989);
#16230 = PRESENTATION_STYLE_ASSIGNMENT((#16231));
#16231 = SURFACE_STYLE_USAGE(.BOTH.,#16232);
#16232 = SURFACE_SIDE_STYLE('',(#16233));
#16233 = SURFACE_STYLE_FILL_AREA(#16234);
#16234 = FILL_AREA_STYLE('',(#16235));
#16235 = FILL_AREA_STYLE_COLOUR('',#16200);
#16236 = STYLED_ITEM('color',(#16237),#11013);
#16237 = PRESENTATION_STYLE_ASSIGNMENT((#16238));
#16238 = SURFACE_STYLE_USAGE(.BOTH.,#16239);
#16239 = SURFACE_SIDE_STYLE('',(#16240));
#16240 = SURFACE_STYLE_FILL_AREA(#16241);
#16241 = FILL_AREA_STYLE('',(#16242));
#16242 = FILL_AREA_STYLE_COLOUR('',#16200);
#16243 = STYLED_ITEM('color',(#16244),#11037);
#16244 = PRESENTATION_STYLE_ASSIGNMENT((#16245));
#16245 = SURFACE_STYLE_USAGE(.BOTH.,#16246);
#16246 = SURFACE_SIDE_STYLE('',(#16247));
#16247 = SURFACE_STYLE_FILL_AREA(#16248);
#16248 = FILL_AREA_STYLE('',(#16249));
#16249 = FILL_AREA_STYLE_COLOUR('',#16200);
#16250 = STYLED_ITEM('color',(#16251),#11054);
#16251 = PRESENTATION_STYLE_ASSIGNMENT((#16252));
#16252 = SURFACE_STYLE_USAGE(.BOTH.,#16253);
#16253 = SURFACE_SIDE_STYLE('',(#16254));
#16254 = SURFACE_STYLE_FILL_AREA(#16255);
#16255 = FILL_AREA_STYLE('',(#16256));
#16256 = FILL_AREA_STYLE_COLOUR('',#16200);
#16257 = STYLED_ITEM('color',(#16258),#11085);
#16258 = PRESENTATION_STYLE_ASSIGNMENT((#16259));
#16259 = SURFACE_STYLE_USAGE(.BOTH.,#16260);
#16260 = SURFACE_SIDE_STYLE('',(#16261));
#16261 = SURFACE_STYLE_FILL_AREA(#16262);
#16262 = FILL_AREA_STYLE('',(#16263));
#16263 = FILL_AREA_STYLE_COLOUR('',#16200);
#16264 = STYLED_ITEM('color',(#16265),#11109);
#16265 = PRESENTATION_STYLE_ASSIGNMENT((#16266));
#16266 = SURFACE_STYLE_USAGE(.BOTH.,#16267);
#16267 = SURFACE_SIDE_STYLE('',(#16268));
#16268 = SURFACE_STYLE_FILL_AREA(#16269);
#16269 = FILL_AREA_STYLE('',(#16270));
#16270 = FILL_AREA_STYLE_COLOUR('',#16200);
#16271 = STYLED_ITEM('color',(#16272),#11133);
#16272 = PRESENTATION_STYLE_ASSIGNMENT((#16273));
#16273 = SURFACE_STYLE_USAGE(.BOTH.,#16274);
#16274 = SURFACE_SIDE_STYLE('',(#16275));
#16275 = SURFACE_STYLE_FILL_AREA(#16276);
#16276 = FILL_AREA_STYLE('',(#16277));
#16277 = FILL_AREA_STYLE_COLOUR('',#16200);
#16278 = STYLED_ITEM('color',(#16279),#11150);
#16279 = PRESENTATION_STYLE_ASSIGNMENT((#16280));
#16280 = SURFACE_STYLE_USAGE(.BOTH.,#16281);
#16281 = SURFACE_SIDE_STYLE('',(#16282));
#16282 = SURFACE_STYLE_FILL_AREA(#16283);
#16283 = FILL_AREA_STYLE('',(#16284));
#16284 = FILL_AREA_STYLE_COLOUR('',#16200);
#16285 = STYLED_ITEM('color',(#16286),#11181);
#16286 = PRESENTATION_STYLE_ASSIGNMENT((#16287));
#16287 = SURFACE_STYLE_USAGE(.BOTH.,#16288);
#16288 = SURFACE_SIDE_STYLE('',(#16289));
#16289 = SURFACE_STYLE_FILL_AREA(#16290);
#16290 = FILL_AREA_STYLE('',(#16291));
#16291 = FILL_AREA_STYLE_COLOUR('',#16200);
#16292 = STYLED_ITEM('color',(#16293),#11205);
#16293 = PRESENTATION_STYLE_ASSIGNMENT((#16294));
#16294 = SURFACE_STYLE_USAGE(.BOTH.,#16295);
#16295 = SURFACE_SIDE_STYLE('',(#16296));
#16296 = SURFACE_STYLE_FILL_AREA(#16297);
#16297 = FILL_AREA_STYLE('',(#16298));
#16298 = FILL_AREA_STYLE_COLOUR('',#16200);
#16299 = STYLED_ITEM('color',(#16300),#11229);
#16300 = PRESENTATION_STYLE_ASSIGNMENT((#16301));
#16301 = SURFACE_STYLE_USAGE(.BOTH.,#16302);
#16302 = SURFACE_SIDE_STYLE('',(#16303));
#16303 = SURFACE_STYLE_FILL_AREA(#16304);
#16304 = FILL_AREA_STYLE('',(#16305));
#16305 = FILL_AREA_STYLE_COLOUR('',#16200);
#16306 = STYLED_ITEM('color',(#16307),#11246);
#16307 = PRESENTATION_STYLE_ASSIGNMENT((#16308));
#16308 = SURFACE_STYLE_USAGE(.BOTH.,#16309);
#16309 = SURFACE_SIDE_STYLE('',(#16310));
#16310 = SURFACE_STYLE_FILL_AREA(#16311);
#16311 = FILL_AREA_STYLE('',(#16312));
#16312 = FILL_AREA_STYLE_COLOUR('',#16200);
#16313 = STYLED_ITEM('color',(#16314),#11277);
#16314 = PRESENTATION_STYLE_ASSIGNMENT((#16315));
#16315 = SURFACE_STYLE_USAGE(.BOTH.,#16316);
#16316 = SURFACE_SIDE_STYLE('',(#16317));
#16317 = SURFACE_STYLE_FILL_AREA(#16318);
#16318 = FILL_AREA_STYLE('',(#16319));
#16319 = FILL_AREA_STYLE_COLOUR('',#16200);
#16320 = STYLED_ITEM('color',(#16321),#11301);
#16321 = PRESENTATION_STYLE_ASSIGNMENT((#16322));
#16322 = SURFACE_STYLE_USAGE(.BOTH.,#16323);
#16323 = SURFACE_SIDE_STYLE('',(#16324));
#16324 = SURFACE_STYLE_FILL_AREA(#16325);
#16325 = FILL_AREA_STYLE('',(#16326));
#16326 = FILL_AREA_STYLE_COLOUR('',#16200);
#16327 = STYLED_ITEM('color',(#16328),#11325);
#16328 = PRESENTATION_STYLE_ASSIGNMENT((#16329));
#16329 = SURFACE_STYLE_USAGE(.BOTH.,#16330);
#16330 = SURFACE_SIDE_STYLE('',(#16331));
#16331 = SURFACE_STYLE_FILL_AREA(#16332);
#16332 = FILL_AREA_STYLE('',(#16333));
#16333 = FILL_AREA_STYLE_COLOUR('',#16200);
#16334 = STYLED_ITEM('color',(#16335),#11342);
#16335 = PRESENTATION_STYLE_ASSIGNMENT((#16336));
#16336 = SURFACE_STYLE_USAGE(.BOTH.,#16337);
#16337 = SURFACE_SIDE_STYLE('',(#16338));
#16338 = SURFACE_STYLE_FILL_AREA(#16339);
#16339 = FILL_AREA_STYLE('',(#16340));
#16340 = FILL_AREA_STYLE_COLOUR('',#16200);
#16341 = STYLED_ITEM('color',(#16342),#11373);
#16342 = PRESENTATION_STYLE_ASSIGNMENT((#16343));
#16343 = SURFACE_STYLE_USAGE(.BOTH.,#16344);
#16344 = SURFACE_SIDE_STYLE('',(#16345));
#16345 = SURFACE_STYLE_FILL_AREA(#16346);
#16346 = FILL_AREA_STYLE('',(#16347));
#16347 = FILL_AREA_STYLE_COLOUR('',#16200);
#16348 = STYLED_ITEM('color',(#16349),#11397);
#16349 = PRESENTATION_STYLE_ASSIGNMENT((#16350));
#16350 = SURFACE_STYLE_USAGE(.BOTH.,#16351);
#16351 = SURFACE_SIDE_STYLE('',(#16352));
#16352 = SURFACE_STYLE_FILL_AREA(#16353);
#16353 = FILL_AREA_STYLE('',(#16354));
#16354 = FILL_AREA_STYLE_COLOUR('',#16200);
#16355 = STYLED_ITEM('color',(#16356),#11421);
#16356 = PRESENTATION_STYLE_ASSIGNMENT((#16357));
#16357 = SURFACE_STYLE_USAGE(.BOTH.,#16358);
#16358 = SURFACE_SIDE_STYLE('',(#16359));
#16359 = SURFACE_STYLE_FILL_AREA(#16360);
#16360 = FILL_AREA_STYLE('',(#16361));
#16361 = FILL_AREA_STYLE_COLOUR('',#16200);
#16362 = STYLED_ITEM('color',(#16363),#11438);
#16363 = PRESENTATION_STYLE_ASSIGNMENT((#16364));
#16364 = SURFACE_STYLE_USAGE(.BOTH.,#16365);
#16365 = SURFACE_SIDE_STYLE('',(#16366));
#16366 = SURFACE_STYLE_FILL_AREA(#16367);
#16367 = FILL_AREA_STYLE('',(#16368));
#16368 = FILL_AREA_STYLE_COLOUR('',#16200);
#16369 = STYLED_ITEM('color',(#16370),#11469);
#16370 = PRESENTATION_STYLE_ASSIGNMENT((#16371));
#16371 = SURFACE_STYLE_USAGE(.BOTH.,#16372);
#16372 = SURFACE_SIDE_STYLE('',(#16373));
#16373 = SURFACE_STYLE_FILL_AREA(#16374);
#16374 = FILL_AREA_STYLE('',(#16375));
#16375 = FILL_AREA_STYLE_COLOUR('',#16200);
#16376 = STYLED_ITEM('color',(#16377),#11493);
#16377 = PRESENTATION_STYLE_ASSIGNMENT((#16378));
#16378 = SURFACE_STYLE_USAGE(.BOTH.,#16379);
#16379 = SURFACE_SIDE_STYLE('',(#16380));
#16380 = SURFACE_STYLE_FILL_AREA(#16381);
#16381 = FILL_AREA_STYLE('',(#16382));
#16382 = FILL_AREA_STYLE_COLOUR('',#16200);
#16383 = STYLED_ITEM('color',(#16384),#11517);
#16384 = PRESENTATION_STYLE_ASSIGNMENT((#16385));
#16385 = SURFACE_STYLE_USAGE(.BOTH.,#16386);
#16386 = SURFACE_SIDE_STYLE('',(#16387));
#16387 = SURFACE_STYLE_FILL_AREA(#16388);
#16388 = FILL_AREA_STYLE('',(#16389));
#16389 = FILL_AREA_STYLE_COLOUR('',#16200);
#16390 = STYLED_ITEM('color',(#16391),#11534);
#16391 = PRESENTATION_STYLE_ASSIGNMENT((#16392));
#16392 = SURFACE_STYLE_USAGE(.BOTH.,#16393);
#16393 = SURFACE_SIDE_STYLE('',(#16394));
#16394 = SURFACE_STYLE_FILL_AREA(#16395);
#16395 = FILL_AREA_STYLE('',(#16396));
#16396 = FILL_AREA_STYLE_COLOUR('',#16200);
#16397 = STYLED_ITEM('color',(#16398),#11565);
#16398 = PRESENTATION_STYLE_ASSIGNMENT((#16399));
#16399 = SURFACE_STYLE_USAGE(.BOTH.,#16400);
#16400 = SURFACE_SIDE_STYLE('',(#16401));
#16401 = SURFACE_STYLE_FILL_AREA(#16402);
#16402 = FILL_AREA_STYLE('',(#16403));
#16403 = FILL_AREA_STYLE_COLOUR('',#16200);
#16404 = STYLED_ITEM('color',(#16405),#11589);
#16405 = PRESENTATION_STYLE_ASSIGNMENT((#16406));
#16406 = SURFACE_STYLE_USAGE(.BOTH.,#16407);
#16407 = SURFACE_SIDE_STYLE('',(#16408));
#16408 = SURFACE_STYLE_FILL_AREA(#16409);
#16409 = FILL_AREA_STYLE('',(#16410));
#16410 = FILL_AREA_STYLE_COLOUR('',#16200);
#16411 = STYLED_ITEM('color',(#16412),#11613);
#16412 = PRESENTATION_STYLE_ASSIGNMENT((#16413));
#16413 = SURFACE_STYLE_USAGE(.BOTH.,#16414);
#16414 = SURFACE_SIDE_STYLE('',(#16415));
#16415 = SURFACE_STYLE_FILL_AREA(#16416);
#16416 = FILL_AREA_STYLE('',(#16417));
#16417 = FILL_AREA_STYLE_COLOUR('',#16200);
#16418 = STYLED_ITEM('color',(#16419),#11630);
#16419 = PRESENTATION_STYLE_ASSIGNMENT((#16420));
#16420 = SURFACE_STYLE_USAGE(.BOTH.,#16421);
#16421 = SURFACE_SIDE_STYLE('',(#16422));
#16422 = SURFACE_STYLE_FILL_AREA(#16423);
#16423 = FILL_AREA_STYLE('',(#16424));
#16424 = FILL_AREA_STYLE_COLOUR('',#16200);
#16425 = STYLED_ITEM('color',(#16426),#11661);
#16426 = PRESENTATION_STYLE_ASSIGNMENT((#16427));
#16427 = SURFACE_STYLE_USAGE(.BOTH.,#16428);
#16428 = SURFACE_SIDE_STYLE('',(#16429));
#16429 = SURFACE_STYLE_FILL_AREA(#16430);
#16430 = FILL_AREA_STYLE('',(#16431));
#16431 = FILL_AREA_STYLE_COLOUR('',#16200);
#16432 = STYLED_ITEM('color',(#16433),#11685);
#16433 = PRESENTATION_STYLE_ASSIGNMENT((#16434));
#16434 = SURFACE_STYLE_USAGE(.BOTH.,#16435);
#16435 = SURFACE_SIDE_STYLE('',(#16436));
#16436 = SURFACE_STYLE_FILL_AREA(#16437);
#16437 = FILL_AREA_STYLE('',(#16438));
#16438 = FILL_AREA_STYLE_COLOUR('',#16200);
#16439 = STYLED_ITEM('color',(#16440),#11709);
#16440 = PRESENTATION_STYLE_ASSIGNMENT((#16441));
#16441 = SURFACE_STYLE_USAGE(.BOTH.,#16442);
#16442 = SURFACE_SIDE_STYLE('',(#16443));
#16443 = SURFACE_STYLE_FILL_AREA(#16444);
#16444 = FILL_AREA_STYLE('',(#16445));
#16445 = FILL_AREA_STYLE_COLOUR('',#16200);
#16446 = STYLED_ITEM('color',(#16447),#11726);
#16447 = PRESENTATION_STYLE_ASSIGNMENT((#16448));
#16448 = SURFACE_STYLE_USAGE(.BOTH.,#16449);
#16449 = SURFACE_SIDE_STYLE('',(#16450));
#16450 = SURFACE_STYLE_FILL_AREA(#16451);
#16451 = FILL_AREA_STYLE('',(#16452));
#16452 = FILL_AREA_STYLE_COLOUR('',#16200);
#16453 = STYLED_ITEM('color',(#16454),#11757);
#16454 = PRESENTATION_STYLE_ASSIGNMENT((#16455));
#16455 = SURFACE_STYLE_USAGE(.BOTH.,#16456);
#16456 = SURFACE_SIDE_STYLE('',(#16457));
#16457 = SURFACE_STYLE_FILL_AREA(#16458);
#16458 = FILL_AREA_STYLE('',(#16459));
#16459 = FILL_AREA_STYLE_COLOUR('',#16200);
#16460 = STYLED_ITEM('color',(#16461),#11781);
#16461 = PRESENTATION_STYLE_ASSIGNMENT((#16462));
#16462 = SURFACE_STYLE_USAGE(.BOTH.,#16463);
#16463 = SURFACE_SIDE_STYLE('',(#16464));
#16464 = SURFACE_STYLE_FILL_AREA(#16465);
#16465 = FILL_AREA_STYLE('',(#16466));
#16466 = FILL_AREA_STYLE_COLOUR('',#16200);
#16467 = STYLED_ITEM('color',(#16468),#11805);
#16468 = PRESENTATION_STYLE_ASSIGNMENT((#16469));
#16469 = SURFACE_STYLE_USAGE(.BOTH.,#16470);
#16470 = SURFACE_SIDE_STYLE('',(#16471));
#16471 = SURFACE_STYLE_FILL_AREA(#16472);
#16472 = FILL_AREA_STYLE('',(#16473));
#16473 = FILL_AREA_STYLE_COLOUR('',#16200);
#16474 = STYLED_ITEM('color',(#16475),#11822);
#16475 = PRESENTATION_STYLE_ASSIGNMENT((#16476));
#16476 = SURFACE_STYLE_USAGE(.BOTH.,#16477);
#16477 = SURFACE_SIDE_STYLE('',(#16478));
#16478 = SURFACE_STYLE_FILL_AREA(#16479);
#16479 = FILL_AREA_STYLE('',(#16480));
#16480 = FILL_AREA_STYLE_COLOUR('',#16200);
#16481 = STYLED_ITEM('color',(#16482),#11853);
#16482 = PRESENTATION_STYLE_ASSIGNMENT((#16483));
#16483 = SURFACE_STYLE_USAGE(.BOTH.,#16484);
#16484 = SURFACE_SIDE_STYLE('',(#16485));
#16485 = SURFACE_STYLE_FILL_AREA(#16486);
#16486 = FILL_AREA_STYLE('',(#16487));
#16487 = FILL_AREA_STYLE_COLOUR('',#16200);
#16488 = STYLED_ITEM('color',(#16489),#11877);
#16489 = PRESENTATION_STYLE_ASSIGNMENT((#16490));
#16490 = SURFACE_STYLE_USAGE(.BOTH.,#16491);
#16491 = SURFACE_SIDE_STYLE('',(#16492));
#16492 = SURFACE_STYLE_FILL_AREA(#16493);
#16493 = FILL_AREA_STYLE('',(#16494));
#16494 = FILL_AREA_STYLE_COLOUR('',#16200);
#16495 = STYLED_ITEM('color',(#16496),#11901);
#16496 = PRESENTATION_STYLE_ASSIGNMENT((#16497));
#16497 = SURFACE_STYLE_USAGE(.BOTH.,#16498);
#16498 = SURFACE_SIDE_STYLE('',(#16499));
#16499 = SURFACE_STYLE_FILL_AREA(#16500);
#16500 = FILL_AREA_STYLE('',(#16501));
#16501 = FILL_AREA_STYLE_COLOUR('',#16200);
#16502 = STYLED_ITEM('color',(#16503),#11918);
#16503 = PRESENTATION_STYLE_ASSIGNMENT((#16504));
#16504 = SURFACE_STYLE_USAGE(.BOTH.,#16505);
#16505 = SURFACE_SIDE_STYLE('',(#16506));
#16506 = SURFACE_STYLE_FILL_AREA(#16507);
#16507 = FILL_AREA_STYLE('',(#16508));
#16508 = FILL_AREA_STYLE_COLOUR('',#16200);
#16509 = STYLED_ITEM('color',(#16510),#11949);
#16510 = PRESENTATION_STYLE_ASSIGNMENT((#16511));
#16511 = SURFACE_STYLE_USAGE(.BOTH.,#16512);
#16512 = SURFACE_SIDE_STYLE('',(#16513));
#16513 = SURFACE_STYLE_FILL_AREA(#16514);
#16514 = FILL_AREA_STYLE('',(#16515));
#16515 = FILL_AREA_STYLE_COLOUR('',#16200);
#16516 = STYLED_ITEM('color',(#16517),#11973);
#16517 = PRESENTATION_STYLE_ASSIGNMENT((#16518));
#16518 = SURFACE_STYLE_USAGE(.BOTH.,#16519);
#16519 = SURFACE_SIDE_STYLE('',(#16520));
#16520 = SURFACE_STYLE_FILL_AREA(#16521);
#16521 = FILL_AREA_STYLE('',(#16522));
#16522 = FILL_AREA_STYLE_COLOUR('',#16200);
#16523 = STYLED_ITEM('color',(#16524),#11997);
#16524 = PRESENTATION_STYLE_ASSIGNMENT((#16525));
#16525 = SURFACE_STYLE_USAGE(.BOTH.,#16526);
#16526 = SURFACE_SIDE_STYLE('',(#16527));
#16527 = SURFACE_STYLE_FILL_AREA(#16528);
#16528 = FILL_AREA_STYLE('',(#16529));
#16529 = FILL_AREA_STYLE_COLOUR('',#16200);
#16530 = STYLED_ITEM('color',(#16531),#12014);
#16531 = PRESENTATION_STYLE_ASSIGNMENT((#16532));
#16532 = SURFACE_STYLE_USAGE(.BOTH.,#16533);
#16533 = SURFACE_SIDE_STYLE('',(#16534));
#16534 = SURFACE_STYLE_FILL_AREA(#16535);
#16535 = FILL_AREA_STYLE('',(#16536));
#16536 = FILL_AREA_STYLE_COLOUR('',#16200);
#16537 = STYLED_ITEM('color',(#16538),#12045);
#16538 = PRESENTATION_STYLE_ASSIGNMENT((#16539));
#16539 = SURFACE_STYLE_USAGE(.BOTH.,#16540);
#16540 = SURFACE_SIDE_STYLE('',(#16541));
#16541 = SURFACE_STYLE_FILL_AREA(#16542);
#16542 = FILL_AREA_STYLE('',(#16543));
#16543 = FILL_AREA_STYLE_COLOUR('',#16200);
#16544 = STYLED_ITEM('color',(#16545),#12069);
#16545 = PRESENTATION_STYLE_ASSIGNMENT((#16546));
#16546 = SURFACE_STYLE_USAGE(.BOTH.,#16547);
#16547 = SURFACE_SIDE_STYLE('',(#16548));
#16548 = SURFACE_STYLE_FILL_AREA(#16549);
#16549 = FILL_AREA_STYLE('',(#16550));
#16550 = FILL_AREA_STYLE_COLOUR('',#16200);
#16551 = STYLED_ITEM('color',(#16552),#12093);
#16552 = PRESENTATION_STYLE_ASSIGNMENT((#16553));
#16553 = SURFACE_STYLE_USAGE(.BOTH.,#16554);
#16554 = SURFACE_SIDE_STYLE('',(#16555));
#16555 = SURFACE_STYLE_FILL_AREA(#16556);
#16556 = FILL_AREA_STYLE('',(#16557));
#16557 = FILL_AREA_STYLE_COLOUR('',#16200);
#16558 = STYLED_ITEM('color',(#16559),#12110);
#16559 = PRESENTATION_STYLE_ASSIGNMENT((#16560));
#16560 = SURFACE_STYLE_USAGE(.BOTH.,#16561);
#16561 = SURFACE_SIDE_STYLE('',(#16562));
#16562 = SURFACE_STYLE_FILL_AREA(#16563);
#16563 = FILL_AREA_STYLE('',(#16564));
#16564 = FILL_AREA_STYLE_COLOUR('',#16200);
#16565 = STYLED_ITEM('color',(#16566),#12141);
#16566 = PRESENTATION_STYLE_ASSIGNMENT((#16567));
#16567 = SURFACE_STYLE_USAGE(.BOTH.,#16568);
#16568 = SURFACE_SIDE_STYLE('',(#16569));
#16569 = SURFACE_STYLE_FILL_AREA(#16570);
#16570 = FILL_AREA_STYLE('',(#16571));
#16571 = FILL_AREA_STYLE_COLOUR('',#16200);
#16572 = STYLED_ITEM('color',(#16573),#12165);
#16573 = PRESENTATION_STYLE_ASSIGNMENT((#16574));
#16574 = SURFACE_STYLE_USAGE(.BOTH.,#16575);
#16575 = SURFACE_SIDE_STYLE('',(#16576));
#16576 = SURFACE_STYLE_FILL_AREA(#16577);
#16577 = FILL_AREA_STYLE('',(#16578));
#16578 = FILL_AREA_STYLE_COLOUR('',#16200);
#16579 = STYLED_ITEM('color',(#16580),#12189);
#16580 = PRESENTATION_STYLE_ASSIGNMENT((#16581));
#16581 = SURFACE_STYLE_USAGE(.BOTH.,#16582);
#16582 = SURFACE_SIDE_STYLE('',(#16583));
#16583 = SURFACE_STYLE_FILL_AREA(#16584);
#16584 = FILL_AREA_STYLE('',(#16585));
#16585 = FILL_AREA_STYLE_COLOUR('',#16200);
#16586 = STYLED_ITEM('color',(#16587),#12206);
#16587 = PRESENTATION_STYLE_ASSIGNMENT((#16588));
#16588 = SURFACE_STYLE_USAGE(.BOTH.,#16589);
#16589 = SURFACE_SIDE_STYLE('',(#16590));
#16590 = SURFACE_STYLE_FILL_AREA(#16591);
#16591 = FILL_AREA_STYLE('',(#16592));
#16592 = FILL_AREA_STYLE_COLOUR('',#16200);
#16593 = STYLED_ITEM('color',(#16594),#12237);
#16594 = PRESENTATION_STYLE_ASSIGNMENT((#16595));
#16595 = SURFACE_STYLE_USAGE(.BOTH.,#16596);
#16596 = SURFACE_SIDE_STYLE('',(#16597));
#16597 = SURFACE_STYLE_FILL_AREA(#16598);
#16598 = FILL_AREA_STYLE('',(#16599));
#16599 = FILL_AREA_STYLE_COLOUR('',#16200);
#16600 = STYLED_ITEM('color',(#16601),#12261);
#16601 = PRESENTATION_STYLE_ASSIGNMENT((#16602));
#16602 = SURFACE_STYLE_USAGE(.BOTH.,#16603);
#16603 = SURFACE_SIDE_STYLE('',(#16604));
#16604 = SURFACE_STYLE_FILL_AREA(#16605);
#16605 = FILL_AREA_STYLE('',(#16606));
#16606 = FILL_AREA_STYLE_COLOUR('',#16200);
#16607 = STYLED_ITEM('color',(#16608),#12285);
#16608 = PRESENTATION_STYLE_ASSIGNMENT((#16609));
#16609 = SURFACE_STYLE_USAGE(.BOTH.,#16610);
#16610 = SURFACE_SIDE_STYLE('',(#16611));
#16611 = SURFACE_STYLE_FILL_AREA(#16612);
#16612 = FILL_AREA_STYLE('',(#16613));
#16613 = FILL_AREA_STYLE_COLOUR('',#16200);
#16614 = STYLED_ITEM('color',(#16615),#12302);
#16615 = PRESENTATION_STYLE_ASSIGNMENT((#16616));
#16616 = SURFACE_STYLE_USAGE(.BOTH.,#16617);
#16617 = SURFACE_SIDE_STYLE('',(#16618));
#16618 = SURFACE_STYLE_FILL_AREA(#16619);
#16619 = FILL_AREA_STYLE('',(#16620));
#16620 = FILL_AREA_STYLE_COLOUR('',#16200);
#16621 = STYLED_ITEM('color',(#16622),#12333);
#16622 = PRESENTATION_STYLE_ASSIGNMENT((#16623));
#16623 = SURFACE_STYLE_USAGE(.BOTH.,#16624);
#16624 = SURFACE_SIDE_STYLE('',(#16625));
#16625 = SURFACE_STYLE_FILL_AREA(#16626);
#16626 = FILL_AREA_STYLE('',(#16627));
#16627 = FILL_AREA_STYLE_COLOUR('',#16200);
#16628 = STYLED_ITEM('color',(#16629),#12357);
#16629 = PRESENTATION_STYLE_ASSIGNMENT((#16630));
#16630 = SURFACE_STYLE_USAGE(.BOTH.,#16631);
#16631 = SURFACE_SIDE_STYLE('',(#16632));
#16632 = SURFACE_STYLE_FILL_AREA(#16633);
#16633 = FILL_AREA_STYLE('',(#16634));
#16634 = FILL_AREA_STYLE_COLOUR('',#16200);
#16635 = STYLED_ITEM('color',(#16636),#12381);
#16636 = PRESENTATION_STYLE_ASSIGNMENT((#16637));
#16637 = SURFACE_STYLE_USAGE(.BOTH.,#16638);
#16638 = SURFACE_SIDE_STYLE('',(#16639));
#16639 = SURFACE_STYLE_FILL_AREA(#16640);
#16640 = FILL_AREA_STYLE('',(#16641));
#16641 = FILL_AREA_STYLE_COLOUR('',#16200);
#16642 = STYLED_ITEM('color',(#16643),#12398);
#16643 = PRESENTATION_STYLE_ASSIGNMENT((#16644));
#16644 = SURFACE_STYLE_USAGE(.BOTH.,#16645);
#16645 = SURFACE_SIDE_STYLE('',(#16646));
#16646 = SURFACE_STYLE_FILL_AREA(#16647);
#16647 = FILL_AREA_STYLE('',(#16648));
#16648 = FILL_AREA_STYLE_COLOUR('',#16200);
#16649 = STYLED_ITEM('color',(#16650),#12429);
#16650 = PRESENTATION_STYLE_ASSIGNMENT((#16651));
#16651 = SURFACE_STYLE_USAGE(.BOTH.,#16652);
#16652 = SURFACE_SIDE_STYLE('',(#16653));
#16653 = SURFACE_STYLE_FILL_AREA(#16654);
#16654 = FILL_AREA_STYLE('',(#16655));
#16655 = FILL_AREA_STYLE_COLOUR('',#16200);
#16656 = STYLED_ITEM('color',(#16657),#12453);
#16657 = PRESENTATION_STYLE_ASSIGNMENT((#16658));
#16658 = SURFACE_STYLE_USAGE(.BOTH.,#16659);
#16659 = SURFACE_SIDE_STYLE('',(#16660));
#16660 = SURFACE_STYLE_FILL_AREA(#16661);
#16661 = FILL_AREA_STYLE('',(#16662));
#16662 = FILL_AREA_STYLE_COLOUR('',#16200);
#16663 = STYLED_ITEM('color',(#16664),#12477);
#16664 = PRESENTATION_STYLE_ASSIGNMENT((#16665));
#16665 = SURFACE_STYLE_USAGE(.BOTH.,#16666);
#16666 = SURFACE_SIDE_STYLE('',(#16667));
#16667 = SURFACE_STYLE_FILL_AREA(#16668);
#16668 = FILL_AREA_STYLE('',(#16669));
#16669 = FILL_AREA_STYLE_COLOUR('',#16200);
#16670 = STYLED_ITEM('color',(#16671),#12494);
#16671 = PRESENTATION_STYLE_ASSIGNMENT((#16672));
#16672 = SURFACE_STYLE_USAGE(.BOTH.,#16673);
#16673 = SURFACE_SIDE_STYLE('',(#16674));
#16674 = SURFACE_STYLE_FILL_AREA(#16675);
#16675 = FILL_AREA_STYLE('',(#16676));
#16676 = FILL_AREA_STYLE_COLOUR('',#16200);
#16677 = STYLED_ITEM('color',(#16678),#12525);
#16678 = PRESENTATION_STYLE_ASSIGNMENT((#16679));
#16679 = SURFACE_STYLE_USAGE(.BOTH.,#16680);
#16680 = SURFACE_SIDE_STYLE('',(#16681));
#16681 = SURFACE_STYLE_FILL_AREA(#16682);
#16682 = FILL_AREA_STYLE('',(#16683));
#16683 = FILL_AREA_STYLE_COLOUR('',#16200);
#16684 = STYLED_ITEM('color',(#16685),#12549);
#16685 = PRESENTATION_STYLE_ASSIGNMENT((#16686));
#16686 = SURFACE_STYLE_USAGE(.BOTH.,#16687);
#16687 = SURFACE_SIDE_STYLE('',(#16688));
#16688 = SURFACE_STYLE_FILL_AREA(#16689);
#16689 = FILL_AREA_STYLE('',(#16690));
#16690 = FILL_AREA_STYLE_COLOUR('',#16200);
#16691 = STYLED_ITEM('color',(#16692),#12573);
#16692 = PRESENTATION_STYLE_ASSIGNMENT((#16693));
#16693 = SURFACE_STYLE_USAGE(.BOTH.,#16694);
#16694 = SURFACE_SIDE_STYLE('',(#16695));
#16695 = SURFACE_STYLE_FILL_AREA(#16696);
#16696 = FILL_AREA_STYLE('',(#16697));
#16697 = FILL_AREA_STYLE_COLOUR('',#16200);
#16698 = STYLED_ITEM('color',(#16699),#12590);
#16699 = PRESENTATION_STYLE_ASSIGNMENT((#16700));
#16700 = SURFACE_STYLE_USAGE(.BOTH.,#16701);
#16701 = SURFACE_SIDE_STYLE('',(#16702));
#16702 = SURFACE_STYLE_FILL_AREA(#16703);
#16703 = FILL_AREA_STYLE('',(#16704));
#16704 = FILL_AREA_STYLE_COLOUR('',#16200);
#16705 = STYLED_ITEM('color',(#16706),#12621);
#16706 = PRESENTATION_STYLE_ASSIGNMENT((#16707));
#16707 = SURFACE_STYLE_USAGE(.BOTH.,#16708);
#16708 = SURFACE_SIDE_STYLE('',(#16709));
#16709 = SURFACE_STYLE_FILL_AREA(#16710);
#16710 = FILL_AREA_STYLE('',(#16711));
#16711 = FILL_AREA_STYLE_COLOUR('',#16200);
#16712 = STYLED_ITEM('color',(#16713),#12645);
#16713 = PRESENTATION_STYLE_ASSIGNMENT((#16714));
#16714 = SURFACE_STYLE_USAGE(.BOTH.,#16715);
#16715 = SURFACE_SIDE_STYLE('',(#16716));
#16716 = SURFACE_STYLE_FILL_AREA(#16717);
#16717 = FILL_AREA_STYLE('',(#16718));
#16718 = FILL_AREA_STYLE_COLOUR('',#16200);
#16719 = STYLED_ITEM('color',(#16720),#12669);
#16720 = PRESENTATION_STYLE_ASSIGNMENT((#16721));
#16721 = SURFACE_STYLE_USAGE(.BOTH.,#16722);
#16722 = SURFACE_SIDE_STYLE('',(#16723));
#16723 = SURFACE_STYLE_FILL_AREA(#16724);
#16724 = FILL_AREA_STYLE('',(#16725));
#16725 = FILL_AREA_STYLE_COLOUR('',#16200);
#16726 = STYLED_ITEM('color',(#16727),#12686);
#16727 = PRESENTATION_STYLE_ASSIGNMENT((#16728));
#16728 = SURFACE_STYLE_USAGE(.BOTH.,#16729);
#16729 = SURFACE_SIDE_STYLE('',(#16730));
#16730 = SURFACE_STYLE_FILL_AREA(#16731);
#16731 = FILL_AREA_STYLE('',(#16732));
#16732 = FILL_AREA_STYLE_COLOUR('',#16200);
#16733 = STYLED_ITEM('color',(#16734),#12717);
#16734 = PRESENTATION_STYLE_ASSIGNMENT((#16735));
#16735 = SURFACE_STYLE_USAGE(.BOTH.,#16736);
#16736 = SURFACE_SIDE_STYLE('',(#16737));
#16737 = SURFACE_STYLE_FILL_AREA(#16738);
#16738 = FILL_AREA_STYLE('',(#16739));
#16739 = FILL_AREA_STYLE_COLOUR('',#16200);
#16740 = STYLED_ITEM('color',(#16741),#12741);
#16741 = PRESENTATION_STYLE_ASSIGNMENT((#16742));
#16742 = SURFACE_STYLE_USAGE(.BOTH.,#16743);
#16743 = SURFACE_SIDE_STYLE('',(#16744));
#16744 = SURFACE_STYLE_FILL_AREA(#16745);
#16745 = FILL_AREA_STYLE('',(#16746));
#16746 = FILL_AREA_STYLE_COLOUR('',#16200);
#16747 = STYLED_ITEM('color',(#16748),#12765);
#16748 = PRESENTATION_STYLE_ASSIGNMENT((#16749));
#16749 = SURFACE_STYLE_USAGE(.BOTH.,#16750);
#16750 = SURFACE_SIDE_STYLE('',(#16751));
#16751 = SURFACE_STYLE_FILL_AREA(#16752);
#16752 = FILL_AREA_STYLE('',(#16753));
#16753 = FILL_AREA_STYLE_COLOUR('',#16200);
#16754 = STYLED_ITEM('color',(#16755),#12782);
#16755 = PRESENTATION_STYLE_ASSIGNMENT((#16756));
#16756 = SURFACE_STYLE_USAGE(.BOTH.,#16757);
#16757 = SURFACE_SIDE_STYLE('',(#16758));
#16758 = SURFACE_STYLE_FILL_AREA(#16759);
#16759 = FILL_AREA_STYLE('',(#16760));
#16760 = FILL_AREA_STYLE_COLOUR('',#16200);
#16761 = STYLED_ITEM('color',(#16762),#12813);
#16762 = PRESENTATION_STYLE_ASSIGNMENT((#16763));
#16763 = SURFACE_STYLE_USAGE(.BOTH.,#16764);
#16764 = SURFACE_SIDE_STYLE('',(#16765));
#16765 = SURFACE_STYLE_FILL_AREA(#16766);
#16766 = FILL_AREA_STYLE('',(#16767));
#16767 = FILL_AREA_STYLE_COLOUR('',#16200);
#16768 = STYLED_ITEM('color',(#16769),#12837);
#16769 = PRESENTATION_STYLE_ASSIGNMENT((#16770));
#16770 = SURFACE_STYLE_USAGE(.BOTH.,#16771);
#16771 = SURFACE_SIDE_STYLE('',(#16772));
#16772 = SURFACE_STYLE_FILL_AREA(#16773);
#16773 = FILL_AREA_STYLE('',(#16774));
#16774 = FILL_AREA_STYLE_COLOUR('',#16200);
#16775 = STYLED_ITEM('color',(#16776),#12861);
#16776 = PRESENTATION_STYLE_ASSIGNMENT((#16777));
#16777 = SURFACE_STYLE_USAGE(.BOTH.,#16778);
#16778 = SURFACE_SIDE_STYLE('',(#16779));
#16779 = SURFACE_STYLE_FILL_AREA(#16780);
#16780 = FILL_AREA_STYLE('',(#16781));
#16781 = FILL_AREA_STYLE_COLOUR('',#16200);
#16782 = STYLED_ITEM('color',(#16783),#12878);
#16783 = PRESENTATION_STYLE_ASSIGNMENT((#16784));
#16784 = SURFACE_STYLE_USAGE(.BOTH.,#16785);
#16785 = SURFACE_SIDE_STYLE('',(#16786));
#16786 = SURFACE_STYLE_FILL_AREA(#16787);
#16787 = FILL_AREA_STYLE('',(#16788));
#16788 = FILL_AREA_STYLE_COLOUR('',#16200);
#16789 = STYLED_ITEM('color',(#16790),#12909);
#16790 = PRESENTATION_STYLE_ASSIGNMENT((#16791));
#16791 = SURFACE_STYLE_USAGE(.BOTH.,#16792);
#16792 = SURFACE_SIDE_STYLE('',(#16793));
#16793 = SURFACE_STYLE_FILL_AREA(#16794);
#16794 = FILL_AREA_STYLE('',(#16795));
#16795 = FILL_AREA_STYLE_COLOUR('',#16200);
#16796 = STYLED_ITEM('color',(#16797),#12933);
#16797 = PRESENTATION_STYLE_ASSIGNMENT((#16798));
#16798 = SURFACE_STYLE_USAGE(.BOTH.,#16799);
#16799 = SURFACE_SIDE_STYLE('',(#16800));
#16800 = SURFACE_STYLE_FILL_AREA(#16801);
#16801 = FILL_AREA_STYLE('',(#16802));
#16802 = FILL_AREA_STYLE_COLOUR('',#16200);
#16803 = STYLED_ITEM('color',(#16804),#12957);
#16804 = PRESENTATION_STYLE_ASSIGNMENT((#16805));
#16805 = SURFACE_STYLE_USAGE(.BOTH.,#16806);
#16806 = SURFACE_SIDE_STYLE('',(#16807));
#16807 = SURFACE_STYLE_FILL_AREA(#16808);
#16808 = FILL_AREA_STYLE('',(#16809));
#16809 = FILL_AREA_STYLE_COLOUR('',#16200);
#16810 = STYLED_ITEM('color',(#16811),#12974);
#16811 = PRESENTATION_STYLE_ASSIGNMENT((#16812));
#16812 = SURFACE_STYLE_USAGE(.BOTH.,#16813);
#16813 = SURFACE_SIDE_STYLE('',(#16814));
#16814 = SURFACE_STYLE_FILL_AREA(#16815);
#16815 = FILL_AREA_STYLE('',(#16816));
#16816 = FILL_AREA_STYLE_COLOUR('',#16200);
#16817 = STYLED_ITEM('color',(#16818),#13005);
#16818 = PRESENTATION_STYLE_ASSIGNMENT((#16819));
#16819 = SURFACE_STYLE_USAGE(.BOTH.,#16820);
#16820 = SURFACE_SIDE_STYLE('',(#16821));
#16821 = SURFACE_STYLE_FILL_AREA(#16822);
#16822 = FILL_AREA_STYLE('',(#16823));
#16823 = FILL_AREA_STYLE_COLOUR('',#16200);
#16824 = STYLED_ITEM('color',(#16825),#13029);
#16825 = PRESENTATION_STYLE_ASSIGNMENT((#16826));
#16826 = SURFACE_STYLE_USAGE(.BOTH.,#16827);
#16827 = SURFACE_SIDE_STYLE('',(#16828));
#16828 = SURFACE_STYLE_FILL_AREA(#16829);
#16829 = FILL_AREA_STYLE('',(#16830));
#16830 = FILL_AREA_STYLE_COLOUR('',#16200);
#16831 = STYLED_ITEM('color',(#16832),#13053);
#16832 = PRESENTATION_STYLE_ASSIGNMENT((#16833));
#16833 = SURFACE_STYLE_USAGE(.BOTH.,#16834);
#16834 = SURFACE_SIDE_STYLE('',(#16835));
#16835 = SURFACE_STYLE_FILL_AREA(#16836);
#16836 = FILL_AREA_STYLE('',(#16837));
#16837 = FILL_AREA_STYLE_COLOUR('',#16200);
#16838 = STYLED_ITEM('color',(#16839),#13070);
#16839 = PRESENTATION_STYLE_ASSIGNMENT((#16840));
#16840 = SURFACE_STYLE_USAGE(.BOTH.,#16841);
#16841 = SURFACE_SIDE_STYLE('',(#16842));
#16842 = SURFACE_STYLE_FILL_AREA(#16843);
#16843 = FILL_AREA_STYLE('',(#16844));
#16844 = FILL_AREA_STYLE_COLOUR('',#16200);
#16845 = STYLED_ITEM('color',(#16846),#13101);
#16846 = PRESENTATION_STYLE_ASSIGNMENT((#16847));
#16847 = SURFACE_STYLE_USAGE(.BOTH.,#16848);
#16848 = SURFACE_SIDE_STYLE('',(#16849));
#16849 = SURFACE_STYLE_FILL_AREA(#16850);
#16850 = FILL_AREA_STYLE('',(#16851));
#16851 = FILL_AREA_STYLE_COLOUR('',#16200);
#16852 = STYLED_ITEM('color',(#16853),#13125);
#16853 = PRESENTATION_STYLE_ASSIGNMENT((#16854));
#16854 = SURFACE_STYLE_USAGE(.BOTH.,#16855);
#16855 = SURFACE_SIDE_STYLE('',(#16856));
#16856 = SURFACE_STYLE_FILL_AREA(#16857);
#16857 = FILL_AREA_STYLE('',(#16858));
#16858 = FILL_AREA_STYLE_COLOUR('',#16200);
#16859 = STYLED_ITEM('color',(#16860),#13149);
#16860 = PRESENTATION_STYLE_ASSIGNMENT((#16861));
#16861 = SURFACE_STYLE_USAGE(.BOTH.,#16862);
#16862 = SURFACE_SIDE_STYLE('',(#16863));
#16863 = SURFACE_STYLE_FILL_AREA(#16864);
#16864 = FILL_AREA_STYLE('',(#16865));
#16865 = FILL_AREA_STYLE_COLOUR('',#16200);
#16866 = STYLED_ITEM('color',(#16867),#13166);
#16867 = PRESENTATION_STYLE_ASSIGNMENT((#16868));
#16868 = SURFACE_STYLE_USAGE(.BOTH.,#16869);
#16869 = SURFACE_SIDE_STYLE('',(#16870));
#16870 = SURFACE_STYLE_FILL_AREA(#16871);
#16871 = FILL_AREA_STYLE('',(#16872));
#16872 = FILL_AREA_STYLE_COLOUR('',#16200);
#16873 = STYLED_ITEM('color',(#16874),#13178);
#16874 = PRESENTATION_STYLE_ASSIGNMENT((#16875));
#16875 = SURFACE_STYLE_USAGE(.BOTH.,#16876);
#16876 = SURFACE_SIDE_STYLE('',(#16877));
#16877 = SURFACE_STYLE_FILL_AREA(#16878);
#16878 = FILL_AREA_STYLE('',(#16879));
#16879 = FILL_AREA_STYLE_COLOUR('',#16200);
#16880 = STYLED_ITEM('color',(#16881),#13190);
#16881 = PRESENTATION_STYLE_ASSIGNMENT((#16882));
#16882 = SURFACE_STYLE_USAGE(.BOTH.,#16883);
#16883 = SURFACE_SIDE_STYLE('',(#16884));
#16884 = SURFACE_STYLE_FILL_AREA(#16885);
#16885 = FILL_AREA_STYLE('',(#16886));
#16886 = FILL_AREA_STYLE_COLOUR('',#16200);
#16887 = STYLED_ITEM('color',(#16888),#13202);
#16888 = PRESENTATION_STYLE_ASSIGNMENT((#16889));
#16889 = SURFACE_STYLE_USAGE(.BOTH.,#16890);
#16890 = SURFACE_SIDE_STYLE('',(#16891));
#16891 = SURFACE_STYLE_FILL_AREA(#16892);
#16892 = FILL_AREA_STYLE('',(#16893));
#16893 = FILL_AREA_STYLE_COLOUR('',#16200);
#16894 = STYLED_ITEM('color',(#16895),#13214);
#16895 = PRESENTATION_STYLE_ASSIGNMENT((#16896));
#16896 = SURFACE_STYLE_USAGE(.BOTH.,#16897);
#16897 = SURFACE_SIDE_STYLE('',(#16898));
#16898 = SURFACE_STYLE_FILL_AREA(#16899);
#16899 = FILL_AREA_STYLE('',(#16900));
#16900 = FILL_AREA_STYLE_COLOUR('',#16200);
#16901 = STYLED_ITEM('color',(#16902),#13226);
#16902 = PRESENTATION_STYLE_ASSIGNMENT((#16903));
#16903 = SURFACE_STYLE_USAGE(.BOTH.,#16904);
#16904 = SURFACE_SIDE_STYLE('',(#16905));
#16905 = SURFACE_STYLE_FILL_AREA(#16906);
#16906 = FILL_AREA_STYLE('',(#16907));
#16907 = FILL_AREA_STYLE_COLOUR('',#16200);
#16908 = STYLED_ITEM('color',(#16909),#13238);
#16909 = PRESENTATION_STYLE_ASSIGNMENT((#16910));
#16910 = SURFACE_STYLE_USAGE(.BOTH.,#16911);
#16911 = SURFACE_SIDE_STYLE('',(#16912));
#16912 = SURFACE_STYLE_FILL_AREA(#16913);
#16913 = FILL_AREA_STYLE('',(#16914));
#16914 = FILL_AREA_STYLE_COLOUR('',#16200);
#16915 = STYLED_ITEM('color',(#16916),#13250);
#16916 = PRESENTATION_STYLE_ASSIGNMENT((#16917));
#16917 = SURFACE_STYLE_USAGE(.BOTH.,#16918);
#16918 = SURFACE_SIDE_STYLE('',(#16919));
#16919 = SURFACE_STYLE_FILL_AREA(#16920);
#16920 = FILL_AREA_STYLE('',(#16921));
#16921 = FILL_AREA_STYLE_COLOUR('',#16200);
#16922 = STYLED_ITEM('color',(#16923),#13262);
#16923 = PRESENTATION_STYLE_ASSIGNMENT((#16924));
#16924 = SURFACE_STYLE_USAGE(.BOTH.,#16925);
#16925 = SURFACE_SIDE_STYLE('',(#16926));
#16926 = SURFACE_STYLE_FILL_AREA(#16927);
#16927 = FILL_AREA_STYLE('',(#16928));
#16928 = FILL_AREA_STYLE_COLOUR('',#16200);
#16929 = STYLED_ITEM('color',(#16930),#13274);
#16930 = PRESENTATION_STYLE_ASSIGNMENT((#16931));
#16931 = SURFACE_STYLE_USAGE(.BOTH.,#16932);
#16932 = SURFACE_SIDE_STYLE('',(#16933));
#16933 = SURFACE_STYLE_FILL_AREA(#16934);
#16934 = FILL_AREA_STYLE('',(#16935));
#16935 = FILL_AREA_STYLE_COLOUR('',#16200);
#16936 = STYLED_ITEM('color',(#16937),#13286);
#16937 = PRESENTATION_STYLE_ASSIGNMENT((#16938));
#16938 = SURFACE_STYLE_USAGE(.BOTH.,#16939);
#16939 = SURFACE_SIDE_STYLE('',(#16940));
#16940 = SURFACE_STYLE_FILL_AREA(#16941);
#16941 = FILL_AREA_STYLE('',(#16942));
#16942 = FILL_AREA_STYLE_COLOUR('',#16200);
#16943 = STYLED_ITEM('color',(#16944),#13298);
#16944 = PRESENTATION_STYLE_ASSIGNMENT((#16945));
#16945 = SURFACE_STYLE_USAGE(.BOTH.,#16946);
#16946 = SURFACE_SIDE_STYLE('',(#16947));
#16947 = SURFACE_STYLE_FILL_AREA(#16948);
#16948 = FILL_AREA_STYLE('',(#16949));
#16949 = FILL_AREA_STYLE_COLOUR('',#16200);
#16950 = MECHANICAL_DESIGN_GEOMETRIC_PRESENTATION_REPRESENTATION('',(
    #16951,#16959,#16966,#16973,#16980,#16987,#16994,#17001,#17009,
    #17016,#17023,#17030,#17037,#17044,#17052,#17059,#17066,#17073,
    #17080,#17087,#17094,#17101,#17108,#17115,#17122,#17129),#4362);
#16951 = STYLED_ITEM('color',(#16952),#3574);
#16952 = PRESENTATION_STYLE_ASSIGNMENT((#16953));
#16953 = SURFACE_STYLE_USAGE(.BOTH.,#16954);
#16954 = SURFACE_SIDE_STYLE('',(#16955));
#16955 = SURFACE_STYLE_FILL_AREA(#16956);
#16956 = FILL_AREA_STYLE('',(#16957));
#16957 = FILL_AREA_STYLE_COLOUR('',#16958);
#16958 = COLOUR_RGB('',0.823999987314,0.819999987296,0.781000009244);
#16959 = STYLED_ITEM('color',(#16960),#3614);
#16960 = PRESENTATION_STYLE_ASSIGNMENT((#16961));
#16961 = SURFACE_STYLE_USAGE(.BOTH.,#16962);
#16962 = SURFACE_SIDE_STYLE('',(#16963));
#16963 = SURFACE_STYLE_FILL_AREA(#16964);
#16964 = FILL_AREA_STYLE('',(#16965));
#16965 = FILL_AREA_STYLE_COLOUR('',#16958);
#16966 = STYLED_ITEM('color',(#16967),#3697);
#16967 = PRESENTATION_STYLE_ASSIGNMENT((#16968));
#16968 = SURFACE_STYLE_USAGE(.BOTH.,#16969);
#16969 = SURFACE_SIDE_STYLE('',(#16970));
#16970 = SURFACE_STYLE_FILL_AREA(#16971);
#16971 = FILL_AREA_STYLE('',(#16972));
#16972 = FILL_AREA_STYLE_COLOUR('',#16958);
#16973 = STYLED_ITEM('color',(#16974),#3722);
#16974 = PRESENTATION_STYLE_ASSIGNMENT((#16975));
#16975 = SURFACE_STYLE_USAGE(.BOTH.,#16976);
#16976 = SURFACE_SIDE_STYLE('',(#16977));
#16977 = SURFACE_STYLE_FILL_AREA(#16978);
#16978 = FILL_AREA_STYLE('',(#16979));
#16979 = FILL_AREA_STYLE_COLOUR('',#16958);
#16980 = STYLED_ITEM('color',(#16981),#3747);
#16981 = PRESENTATION_STYLE_ASSIGNMENT((#16982));
#16982 = SURFACE_STYLE_USAGE(.BOTH.,#16983);
#16983 = SURFACE_SIDE_STYLE('',(#16984));
#16984 = SURFACE_STYLE_FILL_AREA(#16985);
#16985 = FILL_AREA_STYLE('',(#16986));
#16986 = FILL_AREA_STYLE_COLOUR('',#16958);
#16987 = STYLED_ITEM('color',(#16988),#3814);
#16988 = PRESENTATION_STYLE_ASSIGNMENT((#16989));
#16989 = SURFACE_STYLE_USAGE(.BOTH.,#16990);
#16990 = SURFACE_SIDE_STYLE('',(#16991));
#16991 = SURFACE_STYLE_FILL_AREA(#16992);
#16992 = FILL_AREA_STYLE('',(#16993));
#16993 = FILL_AREA_STYLE_COLOUR('',#16958);
#16994 = STYLED_ITEM('color',(#16995),#3831);
#16995 = PRESENTATION_STYLE_ASSIGNMENT((#16996));
#16996 = SURFACE_STYLE_USAGE(.BOTH.,#16997);
#16997 = SURFACE_SIDE_STYLE('',(#16998));
#16998 = SURFACE_STYLE_FILL_AREA(#16999);
#16999 = FILL_AREA_STYLE('',(#17000));
#17000 = FILL_AREA_STYLE_COLOUR('',#16958);
#17001 = STYLED_ITEM('color',(#17002),#3848);
#17002 = PRESENTATION_STYLE_ASSIGNMENT((#17003));
#17003 = SURFACE_STYLE_USAGE(.BOTH.,#17004);
#17004 = SURFACE_SIDE_STYLE('',(#17005));
#17005 = SURFACE_STYLE_FILL_AREA(#17006);
#17006 = FILL_AREA_STYLE('',(#17007));
#17007 = FILL_AREA_STYLE_COLOUR('',#17008);
#17008 = COLOUR_RGB('',0.894999966383,0.890999961016,0.813000030345);
#17009 = STYLED_ITEM('color',(#17010),#3897);
#17010 = PRESENTATION_STYLE_ASSIGNMENT((#17011));
#17011 = SURFACE_STYLE_USAGE(.BOTH.,#17012);
#17012 = SURFACE_SIDE_STYLE('',(#17013));
#17013 = SURFACE_STYLE_FILL_AREA(#17014);
#17014 = FILL_AREA_STYLE('',(#17015));
#17015 = FILL_AREA_STYLE_COLOUR('',#16958);
#17016 = STYLED_ITEM('color',(#17017),#3914);
#17017 = PRESENTATION_STYLE_ASSIGNMENT((#17018));
#17018 = SURFACE_STYLE_USAGE(.BOTH.,#17019);
#17019 = SURFACE_SIDE_STYLE('',(#17020));
#17020 = SURFACE_STYLE_FILL_AREA(#17021);
#17021 = FILL_AREA_STYLE('',(#17022));
#17022 = FILL_AREA_STYLE_COLOUR('',#16958);
#17023 = STYLED_ITEM('color',(#17024),#3931);
#17024 = PRESENTATION_STYLE_ASSIGNMENT((#17025));
#17025 = SURFACE_STYLE_USAGE(.BOTH.,#17026);
#17026 = SURFACE_SIDE_STYLE('',(#17027));
#17027 = SURFACE_STYLE_FILL_AREA(#17028);
#17028 = FILL_AREA_STYLE('',(#17029));
#17029 = FILL_AREA_STYLE_COLOUR('',#17008);
#17030 = STYLED_ITEM('color',(#17031),#3980);
#17031 = PRESENTATION_STYLE_ASSIGNMENT((#17032));
#17032 = SURFACE_STYLE_USAGE(.BOTH.,#17033);
#17033 = SURFACE_SIDE_STYLE('',(#17034));
#17034 = SURFACE_STYLE_FILL_AREA(#17035);
#17035 = FILL_AREA_STYLE('',(#17036));
#17036 = FILL_AREA_STYLE_COLOUR('',#17008);
#17037 = STYLED_ITEM('color',(#17038),#3997);
#17038 = PRESENTATION_STYLE_ASSIGNMENT((#17039));
#17039 = SURFACE_STYLE_USAGE(.BOTH.,#17040);
#17040 = SURFACE_SIDE_STYLE('',(#17041));
#17041 = SURFACE_STYLE_FILL_AREA(#17042);
#17042 = FILL_AREA_STYLE('',(#17043));
#17043 = FILL_AREA_STYLE_COLOUR('',#16958);
#17044 = STYLED_ITEM('color',(#17045),#4066);
#17045 = PRESENTATION_STYLE_ASSIGNMENT((#17046));
#17046 = SURFACE_STYLE_USAGE(.BOTH.,#17047);
#17047 = SURFACE_SIDE_STYLE('',(#17048));
#17048 = SURFACE_STYLE_FILL_AREA(#17049);
#17049 = FILL_AREA_STYLE('',(#17050));
#17050 = FILL_AREA_STYLE_COLOUR('',#17051);
#17051 = COLOUR_RGB('',8.200000279077E-02,8.600000121357E-02,
  9.399999706163E-02);
#17052 = STYLED_ITEM('color',(#17053),#4097);
#17053 = PRESENTATION_STYLE_ASSIGNMENT((#17054));
#17054 = SURFACE_STYLE_USAGE(.BOTH.,#17055);
#17055 = SURFACE_SIDE_STYLE('',(#17056));
#17056 = SURFACE_STYLE_FILL_AREA(#17057);
#17057 = FILL_AREA_STYLE('',(#17058));
#17058 = FILL_AREA_STYLE_COLOUR('',#17051);
#17059 = STYLED_ITEM('color',(#17060),#4121);
#17060 = PRESENTATION_STYLE_ASSIGNMENT((#17061));
#17061 = SURFACE_STYLE_USAGE(.BOTH.,#17062);
#17062 = SURFACE_SIDE_STYLE('',(#17063));
#17063 = SURFACE_STYLE_FILL_AREA(#17064);
#17064 = FILL_AREA_STYLE('',(#17065));
#17065 = FILL_AREA_STYLE_COLOUR('',#16958);
#17066 = STYLED_ITEM('color',(#17067),#4190);
#17067 = PRESENTATION_STYLE_ASSIGNMENT((#17068));
#17068 = SURFACE_STYLE_USAGE(.BOTH.,#17069);
#17069 = SURFACE_SIDE_STYLE('',(#17070));
#17070 = SURFACE_STYLE_FILL_AREA(#17071);
#17071 = FILL_AREA_STYLE('',(#17072));
#17072 = FILL_AREA_STYLE_COLOUR('',#17051);
#17073 = STYLED_ITEM('color',(#17074),#4214);
#17074 = PRESENTATION_STYLE_ASSIGNMENT((#17075));
#17075 = SURFACE_STYLE_USAGE(.BOTH.,#17076);
#17076 = SURFACE_SIDE_STYLE('',(#17077));
#17077 = SURFACE_STYLE_FILL_AREA(#17078);
#17078 = FILL_AREA_STYLE('',(#17079));
#17079 = FILL_AREA_STYLE_COLOUR('',#16958);
#17080 = STYLED_ITEM('color',(#17081),#4231);
#17081 = PRESENTATION_STYLE_ASSIGNMENT((#17082));
#17082 = SURFACE_STYLE_USAGE(.BOTH.,#17083);
#17083 = SURFACE_SIDE_STYLE('',(#17084));
#17084 = SURFACE_STYLE_FILL_AREA(#17085);
#17085 = FILL_AREA_STYLE('',(#17086));
#17086 = FILL_AREA_STYLE_COLOUR('',#16958);
#17087 = STYLED_ITEM('color',(#17088),#4248);
#17088 = PRESENTATION_STYLE_ASSIGNMENT((#17089));
#17089 = SURFACE_STYLE_USAGE(.BOTH.,#17090);
#17090 = SURFACE_SIDE_STYLE('',(#17091));
#17091 = SURFACE_STYLE_FILL_AREA(#17092);
#17092 = FILL_AREA_STYLE('',(#17093));
#17093 = FILL_AREA_STYLE_COLOUR('',#16958);
#17094 = STYLED_ITEM('color',(#17095),#4265);
#17095 = PRESENTATION_STYLE_ASSIGNMENT((#17096));
#17096 = SURFACE_STYLE_USAGE(.BOTH.,#17097);
#17097 = SURFACE_SIDE_STYLE('',(#17098));
#17098 = SURFACE_STYLE_FILL_AREA(#17099);
#17099 = FILL_AREA_STYLE('',(#17100));
#17100 = FILL_AREA_STYLE_COLOUR('',#16958);
#17101 = STYLED_ITEM('color',(#17102),#4282);
#17102 = PRESENTATION_STYLE_ASSIGNMENT((#17103));
#17103 = SURFACE_STYLE_USAGE(.BOTH.,#17104);
#17104 = SURFACE_SIDE_STYLE('',(#17105));
#17105 = SURFACE_STYLE_FILL_AREA(#17106);
#17106 = FILL_AREA_STYLE('',(#17107));
#17107 = FILL_AREA_STYLE_COLOUR('',#16958);
#17108 = STYLED_ITEM('color',(#17109),#4299);
#17109 = PRESENTATION_STYLE_ASSIGNMENT((#17110));
#17110 = SURFACE_STYLE_USAGE(.BOTH.,#17111);
#17111 = SURFACE_SIDE_STYLE('',(#17112));
#17112 = SURFACE_STYLE_FILL_AREA(#17113);
#17113 = FILL_AREA_STYLE('',(#17114));
#17114 = FILL_AREA_STYLE_COLOUR('',#16958);
#17115 = STYLED_ITEM('color',(#17116),#4316);
#17116 = PRESENTATION_STYLE_ASSIGNMENT((#17117));
#17117 = SURFACE_STYLE_USAGE(.BOTH.,#17118);
#17118 = SURFACE_SIDE_STYLE('',(#17119));
#17119 = SURFACE_STYLE_FILL_AREA(#17120);
#17120 = FILL_AREA_STYLE('',(#17121));
#17121 = FILL_AREA_STYLE_COLOUR('',#16958);
#17122 = STYLED_ITEM('color',(#17123),#4333);
#17123 = PRESENTATION_STYLE_ASSIGNMENT((#17124));
#17124 = SURFACE_STYLE_USAGE(.BOTH.,#17125);
#17125 = SURFACE_SIDE_STYLE('',(#17126));
#17126 = SURFACE_STYLE_FILL_AREA(#17127);
#17127 = FILL_AREA_STYLE('',(#17128));
#17128 = FILL_AREA_STYLE_COLOUR('',#17051);
#17129 = STYLED_ITEM('color',(#17130),#4350);
#17130 = PRESENTATION_STYLE_ASSIGNMENT((#17131));
#17131 = SURFACE_STYLE_USAGE(.BOTH.,#17132);
#17132 = SURFACE_SIDE_STYLE('',(#17133));
#17133 = SURFACE_STYLE_FILL_AREA(#17134);
#17134 = FILL_AREA_STYLE('',(#17135));
#17135 = FILL_AREA_STYLE_COLOUR('',#17051);
#17136 = MECHANICAL_DESIGN_GEOMETRIC_PRESENTATION_REPRESENTATION('',(
    #17137,#17144,#17151,#17158,#17165,#17172,#17179,#17186,#17193,
    #17200,#17207,#17214,#17221,#17228,#17235,#17242,#17249,#17256,
    #17263,#17270,#17277,#17284,#17291,#17298,#17305,#17312,#17319,
    #17326,#17333,#17340,#17347,#17354,#17361,#17368,#17375,#17382,
    #17390,#17397,#17404,#17411,#17418,#17425,#17432,#17439,#17446,
    #17453,#17460,#17467,#17474,#17481),#1604);
#17137 = STYLED_ITEM('color',(#17138),#83);
#17138 = PRESENTATION_STYLE_ASSIGNMENT((#17139));
#17139 = SURFACE_STYLE_USAGE(.BOTH.,#17140);
#17140 = SURFACE_SIDE_STYLE('',(#17141));
#17141 = SURFACE_STYLE_FILL_AREA(#17142);
#17142 = FILL_AREA_STYLE('',(#17143));
#17143 = FILL_AREA_STYLE_COLOUR('',#17008);
#17144 = STYLED_ITEM('color',(#17145),#123);
#17145 = PRESENTATION_STYLE_ASSIGNMENT((#17146));
#17146 = SURFACE_STYLE_USAGE(.BOTH.,#17147);
#17147 = SURFACE_SIDE_STYLE('',(#17148));
#17148 = SURFACE_STYLE_FILL_AREA(#17149);
#17149 = FILL_AREA_STYLE('',(#17150));
#17150 = FILL_AREA_STYLE_COLOUR('',#17008);
#17151 = STYLED_ITEM('color',(#17152),#170);
#17152 = PRESENTATION_STYLE_ASSIGNMENT((#17153));
#17153 = SURFACE_STYLE_USAGE(.BOTH.,#17154);
#17154 = SURFACE_SIDE_STYLE('',(#17155));
#17155 = SURFACE_STYLE_FILL_AREA(#17156);
#17156 = FILL_AREA_STYLE('',(#17157));
#17157 = FILL_AREA_STYLE_COLOUR('',#17008);
#17158 = STYLED_ITEM('color',(#17159),#249);
#17159 = PRESENTATION_STYLE_ASSIGNMENT((#17160));
#17160 = SURFACE_STYLE_USAGE(.BOTH.,#17161);
#17161 = SURFACE_SIDE_STYLE('',(#17162));
#17162 = SURFACE_STYLE_FILL_AREA(#17163);
#17163 = FILL_AREA_STYLE('',(#17164));
#17164 = FILL_AREA_STYLE_COLOUR('',#17008);
#17165 = STYLED_ITEM('color',(#17166),#273);
#17166 = PRESENTATION_STYLE_ASSIGNMENT((#17167));
#17167 = SURFACE_STYLE_USAGE(.BOTH.,#17168);
#17168 = SURFACE_SIDE_STYLE('',(#17169));
#17169 = SURFACE_STYLE_FILL_AREA(#17170);
#17170 = FILL_AREA_STYLE('',(#17171));
#17171 = FILL_AREA_STYLE_COLOUR('',#17008);
#17172 = STYLED_ITEM('color',(#17173),#313);
#17173 = PRESENTATION_STYLE_ASSIGNMENT((#17174));
#17174 = SURFACE_STYLE_USAGE(.BOTH.,#17175);
#17175 = SURFACE_SIDE_STYLE('',(#17176));
#17176 = SURFACE_STYLE_FILL_AREA(#17177);
#17177 = FILL_AREA_STYLE('',(#17178));
#17178 = FILL_AREA_STYLE_COLOUR('',#17008);
#17179 = STYLED_ITEM('color',(#17180),#344);
#17180 = PRESENTATION_STYLE_ASSIGNMENT((#17181));
#17181 = SURFACE_STYLE_USAGE(.BOTH.,#17182);
#17182 = SURFACE_SIDE_STYLE('',(#17183));
#17183 = SURFACE_STYLE_FILL_AREA(#17184);
#17184 = FILL_AREA_STYLE('',(#17185));
#17185 = FILL_AREA_STYLE_COLOUR('',#17008);
#17186 = STYLED_ITEM('color',(#17187),#361);
#17187 = PRESENTATION_STYLE_ASSIGNMENT((#17188));
#17188 = SURFACE_STYLE_USAGE(.BOTH.,#17189);
#17189 = SURFACE_SIDE_STYLE('',(#17190));
#17190 = SURFACE_STYLE_FILL_AREA(#17191);
#17191 = FILL_AREA_STYLE('',(#17192));
#17192 = FILL_AREA_STYLE_COLOUR('',#16200);
#17193 = STYLED_ITEM('color',(#17194),#394);
#17194 = PRESENTATION_STYLE_ASSIGNMENT((#17195));
#17195 = SURFACE_STYLE_USAGE(.BOTH.,#17196);
#17196 = SURFACE_SIDE_STYLE('',(#17197));
#17197 = SURFACE_STYLE_FILL_AREA(#17198);
#17198 = FILL_AREA_STYLE('',(#17199));
#17199 = FILL_AREA_STYLE_COLOUR('',#17008);
#17200 = STYLED_ITEM('color',(#17201),#418);
#17201 = PRESENTATION_STYLE_ASSIGNMENT((#17202));
#17202 = SURFACE_STYLE_USAGE(.BOTH.,#17203);
#17203 = SURFACE_SIDE_STYLE('',(#17204));
#17204 = SURFACE_STYLE_FILL_AREA(#17205);
#17205 = FILL_AREA_STYLE('',(#17206));
#17206 = FILL_AREA_STYLE_COLOUR('',#16200);
#17207 = STYLED_ITEM('color',(#17208),#485);
#17208 = PRESENTATION_STYLE_ASSIGNMENT((#17209));
#17209 = SURFACE_STYLE_USAGE(.BOTH.,#17210);
#17210 = SURFACE_SIDE_STYLE('',(#17211));
#17211 = SURFACE_STYLE_FILL_AREA(#17212);
#17212 = FILL_AREA_STYLE('',(#17213));
#17213 = FILL_AREA_STYLE_COLOUR('',#17008);
#17214 = STYLED_ITEM('color',(#17215),#606);
#17215 = PRESENTATION_STYLE_ASSIGNMENT((#17216));
#17216 = SURFACE_STYLE_USAGE(.BOTH.,#17217);
#17217 = SURFACE_SIDE_STYLE('',(#17218));
#17218 = SURFACE_STYLE_FILL_AREA(#17219);
#17219 = FILL_AREA_STYLE('',(#17220));
#17220 = FILL_AREA_STYLE_COLOUR('',#16200);
#17221 = STYLED_ITEM('color',(#17222),#673);
#17222 = PRESENTATION_STYLE_ASSIGNMENT((#17223));
#17223 = SURFACE_STYLE_USAGE(.BOTH.,#17224);
#17224 = SURFACE_SIDE_STYLE('',(#17225));
#17225 = SURFACE_STYLE_FILL_AREA(#17226);
#17226 = FILL_AREA_STYLE('',(#17227));
#17227 = FILL_AREA_STYLE_COLOUR('',#17008);
#17228 = STYLED_ITEM('color',(#17229),#697);
#17229 = PRESENTATION_STYLE_ASSIGNMENT((#17230));
#17230 = SURFACE_STYLE_USAGE(.BOTH.,#17231);
#17231 = SURFACE_SIDE_STYLE('',(#17232));
#17232 = SURFACE_STYLE_FILL_AREA(#17233);
#17233 = FILL_AREA_STYLE('',(#17234));
#17234 = FILL_AREA_STYLE_COLOUR('',#17008);
#17235 = STYLED_ITEM('color',(#17236),#728);
#17236 = PRESENTATION_STYLE_ASSIGNMENT((#17237));
#17237 = SURFACE_STYLE_USAGE(.BOTH.,#17238);
#17238 = SURFACE_SIDE_STYLE('',(#17239));
#17239 = SURFACE_STYLE_FILL_AREA(#17240);
#17240 = FILL_AREA_STYLE('',(#17241));
#17241 = FILL_AREA_STYLE_COLOUR('',#16200);
#17242 = STYLED_ITEM('color',(#17243),#761);
#17243 = PRESENTATION_STYLE_ASSIGNMENT((#17244));
#17244 = SURFACE_STYLE_USAGE(.BOTH.,#17245);
#17245 = SURFACE_SIDE_STYLE('',(#17246));
#17246 = SURFACE_STYLE_FILL_AREA(#17247);
#17247 = FILL_AREA_STYLE('',(#17248));
#17248 = FILL_AREA_STYLE_COLOUR('',#17008);
#17249 = STYLED_ITEM('color',(#17250),#817);
#17250 = PRESENTATION_STYLE_ASSIGNMENT((#17251));
#17251 = SURFACE_STYLE_USAGE(.BOTH.,#17252);
#17252 = SURFACE_SIDE_STYLE('',(#17253));
#17253 = SURFACE_STYLE_FILL_AREA(#17254);
#17254 = FILL_AREA_STYLE('',(#17255));
#17255 = FILL_AREA_STYLE_COLOUR('',#16200);
#17256 = STYLED_ITEM('color',(#17257),#841);
#17257 = PRESENTATION_STYLE_ASSIGNMENT((#17258));
#17258 = SURFACE_STYLE_USAGE(.BOTH.,#17259);
#17259 = SURFACE_SIDE_STYLE('',(#17260));
#17260 = SURFACE_STYLE_FILL_AREA(#17261);
#17261 = FILL_AREA_STYLE('',(#17262));
#17262 = FILL_AREA_STYLE_COLOUR('',#16200);
#17263 = STYLED_ITEM('color',(#17264),#865);
#17264 = PRESENTATION_STYLE_ASSIGNMENT((#17265));
#17265 = SURFACE_STYLE_USAGE(.BOTH.,#17266);
#17266 = SURFACE_SIDE_STYLE('',(#17267));
#17267 = SURFACE_STYLE_FILL_AREA(#17268);
#17268 = FILL_AREA_STYLE('',(#17269));
#17269 = FILL_AREA_STYLE_COLOUR('',#16200);
#17270 = STYLED_ITEM('color',(#17271),#889);
#17271 = PRESENTATION_STYLE_ASSIGNMENT((#17272));
#17272 = SURFACE_STYLE_USAGE(.BOTH.,#17273);
#17273 = SURFACE_SIDE_STYLE('',(#17274));
#17274 = SURFACE_STYLE_FILL_AREA(#17275);
#17275 = FILL_AREA_STYLE('',(#17276));
#17276 = FILL_AREA_STYLE_COLOUR('',#16200);
#17277 = STYLED_ITEM('color',(#17278),#922);
#17278 = PRESENTATION_STYLE_ASSIGNMENT((#17279));
#17279 = SURFACE_STYLE_USAGE(.BOTH.,#17280);
#17280 = SURFACE_SIDE_STYLE('',(#17281));
#17281 = SURFACE_STYLE_FILL_AREA(#17282);
#17282 = FILL_AREA_STYLE('',(#17283));
#17283 = FILL_AREA_STYLE_COLOUR('',#16200);
#17284 = STYLED_ITEM('color',(#17285),#934);
#17285 = PRESENTATION_STYLE_ASSIGNMENT((#17286));
#17286 = SURFACE_STYLE_USAGE(.BOTH.,#17287);
#17287 = SURFACE_SIDE_STYLE('',(#17288));
#17288 = SURFACE_STYLE_FILL_AREA(#17289);
#17289 = FILL_AREA_STYLE('',(#17290));
#17290 = FILL_AREA_STYLE_COLOUR('',#16200);
#17291 = STYLED_ITEM('color',(#17292),#997);
#17292 = PRESENTATION_STYLE_ASSIGNMENT((#17293));
#17293 = SURFACE_STYLE_USAGE(.BOTH.,#17294);
#17294 = SURFACE_SIDE_STYLE('',(#17295));
#17295 = SURFACE_STYLE_FILL_AREA(#17296);
#17296 = FILL_AREA_STYLE('',(#17297));
#17297 = FILL_AREA_STYLE_COLOUR('',#16200);
#17298 = STYLED_ITEM('color',(#17299),#1022);
#17299 = PRESENTATION_STYLE_ASSIGNMENT((#17300));
#17300 = SURFACE_STYLE_USAGE(.BOTH.,#17301);
#17301 = SURFACE_SIDE_STYLE('',(#17302));
#17302 = SURFACE_STYLE_FILL_AREA(#17303);
#17303 = FILL_AREA_STYLE('',(#17304));
#17304 = FILL_AREA_STYLE_COLOUR('',#16200);
#17305 = STYLED_ITEM('color',(#17306),#1039);
#17306 = PRESENTATION_STYLE_ASSIGNMENT((#17307));
#17307 = SURFACE_STYLE_USAGE(.BOTH.,#17308);
#17308 = SURFACE_SIDE_STYLE('',(#17309));
#17309 = SURFACE_STYLE_FILL_AREA(#17310);
#17310 = FILL_AREA_STYLE('',(#17311));
#17311 = FILL_AREA_STYLE_COLOUR('',#16200);
#17312 = STYLED_ITEM('color',(#17313),#1063);
#17313 = PRESENTATION_STYLE_ASSIGNMENT((#17314));
#17314 = SURFACE_STYLE_USAGE(.BOTH.,#17315);
#17315 = SURFACE_SIDE_STYLE('',(#17316));
#17316 = SURFACE_STYLE_FILL_AREA(#17317);
#17317 = FILL_AREA_STYLE('',(#17318));
#17318 = FILL_AREA_STYLE_COLOUR('',#16200);
#17319 = STYLED_ITEM('color',(#17320),#1081);
#17320 = PRESENTATION_STYLE_ASSIGNMENT((#17321));
#17321 = SURFACE_STYLE_USAGE(.BOTH.,#17322);
#17322 = SURFACE_SIDE_STYLE('',(#17323));
#17323 = SURFACE_STYLE_FILL_AREA(#17324);
#17324 = FILL_AREA_STYLE('',(#17325));
#17325 = FILL_AREA_STYLE_COLOUR('',#16200);
#17326 = STYLED_ITEM('color',(#17327),#1099);
#17327 = PRESENTATION_STYLE_ASSIGNMENT((#17328));
#17328 = SURFACE_STYLE_USAGE(.BOTH.,#17329);
#17329 = SURFACE_SIDE_STYLE('',(#17330));
#17330 = SURFACE_STYLE_FILL_AREA(#17331);
#17331 = FILL_AREA_STYLE('',(#17332));
#17332 = FILL_AREA_STYLE_COLOUR('',#16200);
#17333 = STYLED_ITEM('color',(#17334),#1117);
#17334 = PRESENTATION_STYLE_ASSIGNMENT((#17335));
#17335 = SURFACE_STYLE_USAGE(.BOTH.,#17336);
#17336 = SURFACE_SIDE_STYLE('',(#17337));
#17337 = SURFACE_STYLE_FILL_AREA(#17338);
#17338 = FILL_AREA_STYLE('',(#17339));
#17339 = FILL_AREA_STYLE_COLOUR('',#16200);
#17340 = STYLED_ITEM('color',(#17341),#1134);
#17341 = PRESENTATION_STYLE_ASSIGNMENT((#17342));
#17342 = SURFACE_STYLE_USAGE(.BOTH.,#17343);
#17343 = SURFACE_SIDE_STYLE('',(#17344));
#17344 = SURFACE_STYLE_FILL_AREA(#17345);
#17345 = FILL_AREA_STYLE('',(#17346));
#17346 = FILL_AREA_STYLE_COLOUR('',#16200);
#17347 = STYLED_ITEM('color',(#17348),#1151);
#17348 = PRESENTATION_STYLE_ASSIGNMENT((#17349));
#17349 = SURFACE_STYLE_USAGE(.BOTH.,#17350);
#17350 = SURFACE_SIDE_STYLE('',(#17351));
#17351 = SURFACE_STYLE_FILL_AREA(#17352);
#17352 = FILL_AREA_STYLE('',(#17353));
#17353 = FILL_AREA_STYLE_COLOUR('',#16200);
#17354 = STYLED_ITEM('color',(#17355),#1182);
#17355 = PRESENTATION_STYLE_ASSIGNMENT((#17356));
#17356 = SURFACE_STYLE_USAGE(.BOTH.,#17357);
#17357 = SURFACE_SIDE_STYLE('',(#17358));
#17358 = SURFACE_STYLE_FILL_AREA(#17359);
#17359 = FILL_AREA_STYLE('',(#17360));
#17360 = FILL_AREA_STYLE_COLOUR('',#16200);
#17361 = STYLED_ITEM('color',(#17362),#1207);
#17362 = PRESENTATION_STYLE_ASSIGNMENT((#17363));
#17363 = SURFACE_STYLE_USAGE(.BOTH.,#17364);
#17364 = SURFACE_SIDE_STYLE('',(#17365));
#17365 = SURFACE_STYLE_FILL_AREA(#17366);
#17366 = FILL_AREA_STYLE('',(#17367));
#17367 = FILL_AREA_STYLE_COLOUR('',#16200);
#17368 = STYLED_ITEM('color',(#17369),#1232);
#17369 = PRESENTATION_STYLE_ASSIGNMENT((#17370));
#17370 = SURFACE_STYLE_USAGE(.BOTH.,#17371);
#17371 = SURFACE_SIDE_STYLE('',(#17372));
#17372 = SURFACE_STYLE_FILL_AREA(#17373);
#17373 = FILL_AREA_STYLE('',(#17374));
#17374 = FILL_AREA_STYLE_COLOUR('',#16200);
#17375 = STYLED_ITEM('color',(#17376),#1256);
#17376 = PRESENTATION_STYLE_ASSIGNMENT((#17377));
#17377 = SURFACE_STYLE_USAGE(.BOTH.,#17378);
#17378 = SURFACE_SIDE_STYLE('',(#17379));
#17379 = SURFACE_STYLE_FILL_AREA(#17380);
#17380 = FILL_AREA_STYLE('',(#17381));
#17381 = FILL_AREA_STYLE_COLOUR('',#16200);
#17382 = STYLED_ITEM('color',(#17383),#1273);
#17383 = PRESENTATION_STYLE_ASSIGNMENT((#17384));
#17384 = SURFACE_STYLE_USAGE(.BOTH.,#17385);
#17385 = SURFACE_SIDE_STYLE('',(#17386));
#17386 = SURFACE_STYLE_FILL_AREA(#17387);
#17387 = FILL_AREA_STYLE('',(#17388));
#17388 = FILL_AREA_STYLE_COLOUR('',#17389);
#17389 = COLOUR_RGB('',0.340000006699,0.68000001254,0.444999988852);
#17390 = STYLED_ITEM('color',(#17391),#1304);
#17391 = PRESENTATION_STYLE_ASSIGNMENT((#17392));
#17392 = SURFACE_STYLE_USAGE(.BOTH.,#17393);
#17393 = SURFACE_SIDE_STYLE('',(#17394));
#17394 = SURFACE_STYLE_FILL_AREA(#17395);
#17395 = FILL_AREA_STYLE('',(#17396));
#17396 = FILL_AREA_STYLE_COLOUR('',#17389);
#17397 = STYLED_ITEM('color',(#17398),#1328);
#17398 = PRESENTATION_STYLE_ASSIGNMENT((#17399));
#17399 = SURFACE_STYLE_USAGE(.BOTH.,#17400);
#17400 = SURFACE_SIDE_STYLE('',(#17401));
#17401 = SURFACE_STYLE_FILL_AREA(#17402);
#17402 = FILL_AREA_STYLE('',(#17403));
#17403 = FILL_AREA_STYLE_COLOUR('',#17389);
#17404 = STYLED_ITEM('color',(#17405),#1345);
#17405 = PRESENTATION_STYLE_ASSIGNMENT((#17406));
#17406 = SURFACE_STYLE_USAGE(.BOTH.,#17407);
#17407 = SURFACE_SIDE_STYLE('',(#17408));
#17408 = SURFACE_STYLE_FILL_AREA(#17409);
#17409 = FILL_AREA_STYLE('',(#17410));
#17410 = FILL_AREA_STYLE_COLOUR('',#16200);
#17411 = STYLED_ITEM('color',(#17412),#1373);
#17412 = PRESENTATION_STYLE_ASSIGNMENT((#17413));
#17413 = SURFACE_STYLE_USAGE(.BOTH.,#17414);
#17414 = SURFACE_SIDE_STYLE('',(#17415));
#17415 = SURFACE_STYLE_FILL_AREA(#17416);
#17416 = FILL_AREA_STYLE('',(#17417));
#17417 = FILL_AREA_STYLE_COLOUR('',#16200);
#17418 = STYLED_ITEM('color',(#17419),#1398);
#17419 = PRESENTATION_STYLE_ASSIGNMENT((#17420));
#17420 = SURFACE_STYLE_USAGE(.BOTH.,#17421);
#17421 = SURFACE_SIDE_STYLE('',(#17422));
#17422 = SURFACE_STYLE_FILL_AREA(#17423);
#17423 = FILL_AREA_STYLE('',(#17424));
#17424 = FILL_AREA_STYLE_COLOUR('',#16200);
#17425 = STYLED_ITEM('color',(#17426),#1422);
#17426 = PRESENTATION_STYLE_ASSIGNMENT((#17427));
#17427 = SURFACE_STYLE_USAGE(.BOTH.,#17428);
#17428 = SURFACE_SIDE_STYLE('',(#17429));
#17429 = SURFACE_STYLE_FILL_AREA(#17430);
#17430 = FILL_AREA_STYLE('',(#17431));
#17431 = FILL_AREA_STYLE_COLOUR('',#16200);
#17432 = STYLED_ITEM('color',(#17433),#1447);
#17433 = PRESENTATION_STYLE_ASSIGNMENT((#17434));
#17434 = SURFACE_STYLE_USAGE(.BOTH.,#17435);
#17435 = SURFACE_SIDE_STYLE('',(#17436));
#17436 = SURFACE_STYLE_FILL_AREA(#17437);
#17437 = FILL_AREA_STYLE('',(#17438));
#17438 = FILL_AREA_STYLE_COLOUR('',#16200);
#17439 = STYLED_ITEM('color',(#17440),#1494);
#17440 = PRESENTATION_STYLE_ASSIGNMENT((#17441));
#17441 = SURFACE_STYLE_USAGE(.BOTH.,#17442);
#17442 = SURFACE_SIDE_STYLE('',(#17443));
#17443 = SURFACE_STYLE_FILL_AREA(#17444);
#17444 = FILL_AREA_STYLE('',(#17445));
#17445 = FILL_AREA_STYLE_COLOUR('',#16200);
#17446 = STYLED_ITEM('color',(#17447),#1511);
#17447 = PRESENTATION_STYLE_ASSIGNMENT((#17448));
#17448 = SURFACE_STYLE_USAGE(.BOTH.,#17449);
#17449 = SURFACE_SIDE_STYLE('',(#17450));
#17450 = SURFACE_STYLE_FILL_AREA(#17451);
#17451 = FILL_AREA_STYLE('',(#17452));
#17452 = FILL_AREA_STYLE_COLOUR('',#16200);
#17453 = STYLED_ITEM('color',(#17454),#1523);
#17454 = PRESENTATION_STYLE_ASSIGNMENT((#17455));
#17455 = SURFACE_STYLE_USAGE(.BOTH.,#17456);
#17456 = SURFACE_SIDE_STYLE('',(#17457));
#17457 = SURFACE_STYLE_FILL_AREA(#17458);
#17458 = FILL_AREA_STYLE('',(#17459));
#17459 = FILL_AREA_STYLE_COLOUR('',#16200);
#17460 = STYLED_ITEM('color',(#17461),#1545);
#17461 = PRESENTATION_STYLE_ASSIGNMENT((#17462));
#17462 = SURFACE_STYLE_USAGE(.BOTH.,#17463);
#17463 = SURFACE_SIDE_STYLE('',(#17464));
#17464 = SURFACE_STYLE_FILL_AREA(#17465);
#17465 = FILL_AREA_STYLE('',(#17466));
#17466 = FILL_AREA_STYLE_COLOUR('',#16200);
#17467 = STYLED_ITEM('color',(#17468),#1557);
#17468 = PRESENTATION_STYLE_ASSIGNMENT((#17469));
#17469 = SURFACE_STYLE_USAGE(.BOTH.,#17470);
#17470 = SURFACE_SIDE_STYLE('',(#17471));
#17471 = SURFACE_STYLE_FILL_AREA(#17472);
#17472 = FILL_AREA_STYLE('',(#17473));
#17473 = FILL_AREA_STYLE_COLOUR('',#16200);
#17474 = STYLED_ITEM('color',(#17475),#1575);
#17475 = PRESENTATION_STYLE_ASSIGNMENT((#17476));
#17476 = SURFACE_STYLE_USAGE(.BOTH.,#17477);
#17477 = SURFACE_SIDE_STYLE('',(#17478));
#17478 = SURFACE_STYLE_FILL_AREA(#17479);
#17479 = FILL_AREA_STYLE('',(#17480));
#17480 = FILL_AREA_STYLE_COLOUR('',#16200);
#17481 = STYLED_ITEM('color',(#17482),#1593);
#17482 = PRESENTATION_STYLE_ASSIGNMENT((#17483));
#17483 = SURFACE_STYLE_USAGE(.BOTH.,#17484);
#17484 = SURFACE_SIDE_STYLE('',(#17485));
#17485 = SURFACE_STYLE_FILL_AREA(#17486);
#17486 = FILL_AREA_STYLE('',(#17487));
#17487 = FILL_AREA_STYLE_COLOUR('',#17389);
#17488 = MECHANICAL_DESIGN_GEOMETRIC_PRESENTATION_REPRESENTATION('',(
    #17489,#17496,#17503,#17510,#17517,#17524,#17531,#17538,#17545,
    #17552,#17559,#17567,#17574,#17581,#17588,#17595,#17602,#17609,
    #17616,#17623,#17630,#17637,#17644,#17651,#17658,#17665,#17672,
    #17679),#2477);
#17489 = STYLED_ITEM('color',(#17490),#1625);
#17490 = PRESENTATION_STYLE_ASSIGNMENT((#17491));
#17491 = SURFACE_STYLE_USAGE(.BOTH.,#17492);
#17492 = SURFACE_SIDE_STYLE('',(#17493));
#17493 = SURFACE_STYLE_FILL_AREA(#17494);
#17494 = FILL_AREA_STYLE('',(#17495));
#17495 = FILL_AREA_STYLE_COLOUR('',#16958);
#17496 = STYLED_ITEM('color',(#17497),#1701);
#17497 = PRESENTATION_STYLE_ASSIGNMENT((#17498));
#17498 = SURFACE_STYLE_USAGE(.BOTH.,#17499);
#17499 = SURFACE_SIDE_STYLE('',(#17500));
#17500 = SURFACE_STYLE_FILL_AREA(#17501);
#17501 = FILL_AREA_STYLE('',(#17502));
#17502 = FILL_AREA_STYLE_COLOUR('',#16958);
#17503 = STYLED_ITEM('color',(#17504),#1732);
#17504 = PRESENTATION_STYLE_ASSIGNMENT((#17505));
#17505 = SURFACE_STYLE_USAGE(.BOTH.,#17506);
#17506 = SURFACE_SIDE_STYLE('',(#17507));
#17507 = SURFACE_STYLE_FILL_AREA(#17508);
#17508 = FILL_AREA_STYLE('',(#17509));
#17509 = FILL_AREA_STYLE_COLOUR('',#16958);
#17510 = STYLED_ITEM('color',(#17511),#1757);
#17511 = PRESENTATION_STYLE_ASSIGNMENT((#17512));
#17512 = SURFACE_STYLE_USAGE(.BOTH.,#17513);
#17513 = SURFACE_SIDE_STYLE('',(#17514));
#17514 = SURFACE_STYLE_FILL_AREA(#17515);
#17515 = FILL_AREA_STYLE('',(#17516));
#17516 = FILL_AREA_STYLE_COLOUR('',#16958);
#17517 = STYLED_ITEM('color',(#17518),#1782);
#17518 = PRESENTATION_STYLE_ASSIGNMENT((#17519));
#17519 = SURFACE_STYLE_USAGE(.BOTH.,#17520);
#17520 = SURFACE_SIDE_STYLE('',(#17521));
#17521 = SURFACE_STYLE_FILL_AREA(#17522);
#17522 = FILL_AREA_STYLE('',(#17523));
#17523 = FILL_AREA_STYLE_COLOUR('',#16958);
#17524 = STYLED_ITEM('color',(#17525),#1806);
#17525 = PRESENTATION_STYLE_ASSIGNMENT((#17526));
#17526 = SURFACE_STYLE_USAGE(.BOTH.,#17527);
#17527 = SURFACE_SIDE_STYLE('',(#17528));
#17528 = SURFACE_STYLE_FILL_AREA(#17529);
#17529 = FILL_AREA_STYLE('',(#17530));
#17530 = FILL_AREA_STYLE_COLOUR('',#16958);
#17531 = STYLED_ITEM('color',(#17532),#1830);
#17532 = PRESENTATION_STYLE_ASSIGNMENT((#17533));
#17533 = SURFACE_STYLE_USAGE(.BOTH.,#17534);
#17534 = SURFACE_SIDE_STYLE('',(#17535));
#17535 = SURFACE_STYLE_FILL_AREA(#17536);
#17536 = FILL_AREA_STYLE('',(#17537));
#17537 = FILL_AREA_STYLE_COLOUR('',#16958);
#17538 = STYLED_ITEM('color',(#17539),#1855);
#17539 = PRESENTATION_STYLE_ASSIGNMENT((#17540));
#17540 = SURFACE_STYLE_USAGE(.BOTH.,#17541);
#17541 = SURFACE_SIDE_STYLE('',(#17542));
#17542 = SURFACE_STYLE_FILL_AREA(#17543);
#17543 = FILL_AREA_STYLE('',(#17544));
#17544 = FILL_AREA_STYLE_COLOUR('',#16958);
#17545 = STYLED_ITEM('color',(#17546),#1880);
#17546 = PRESENTATION_STYLE_ASSIGNMENT((#17547));
#17547 = SURFACE_STYLE_USAGE(.BOTH.,#17548);
#17548 = SURFACE_SIDE_STYLE('',(#17549));
#17549 = SURFACE_STYLE_FILL_AREA(#17550);
#17550 = FILL_AREA_STYLE('',(#17551));
#17551 = FILL_AREA_STYLE_COLOUR('',#16958);
#17552 = STYLED_ITEM('color',(#17553),#1897);
#17553 = PRESENTATION_STYLE_ASSIGNMENT((#17554));
#17554 = SURFACE_STYLE_USAGE(.BOTH.,#17555);
#17555 = SURFACE_SIDE_STYLE('',(#17556));
#17556 = SURFACE_STYLE_FILL_AREA(#17557);
#17557 = FILL_AREA_STYLE('',(#17558));
#17558 = FILL_AREA_STYLE_COLOUR('',#16958);
#17559 = STYLED_ITEM('color',(#17560),#1983);
#17560 = PRESENTATION_STYLE_ASSIGNMENT((#17561));
#17561 = SURFACE_STYLE_USAGE(.BOTH.,#17562);
#17562 = SURFACE_SIDE_STYLE('',(#17563));
#17563 = SURFACE_STYLE_FILL_AREA(#17564);
#17564 = FILL_AREA_STYLE('',(#17565));
#17565 = FILL_AREA_STYLE_COLOUR('',#17566);
#17566 = COLOUR_RGB('',0.379000005575,0.270000008848,0.214999999939);
#17567 = STYLED_ITEM('color',(#17568),#2015);
#17568 = PRESENTATION_STYLE_ASSIGNMENT((#17569));
#17569 = SURFACE_STYLE_USAGE(.BOTH.,#17570);
#17570 = SURFACE_SIDE_STYLE('',(#17571));
#17571 = SURFACE_STYLE_FILL_AREA(#17572);
#17572 = FILL_AREA_STYLE('',(#17573));
#17573 = FILL_AREA_STYLE_COLOUR('',#17566);
#17574 = STYLED_ITEM('color',(#17575),#2039);
#17575 = PRESENTATION_STYLE_ASSIGNMENT((#17576));
#17576 = SURFACE_STYLE_USAGE(.BOTH.,#17577);
#17577 = SURFACE_SIDE_STYLE('',(#17578));
#17578 = SURFACE_STYLE_FILL_AREA(#17579);
#17579 = FILL_AREA_STYLE('',(#17580));
#17580 = FILL_AREA_STYLE_COLOUR('',#17566);
#17581 = STYLED_ITEM('color',(#17582),#2064);
#17582 = PRESENTATION_STYLE_ASSIGNMENT((#17583));
#17583 = SURFACE_STYLE_USAGE(.BOTH.,#17584);
#17584 = SURFACE_SIDE_STYLE('',(#17585));
#17585 = SURFACE_STYLE_FILL_AREA(#17586);
#17586 = FILL_AREA_STYLE('',(#17587));
#17587 = FILL_AREA_STYLE_COLOUR('',#17566);
#17588 = STYLED_ITEM('color',(#17589),#2088);
#17589 = PRESENTATION_STYLE_ASSIGNMENT((#17590));
#17590 = SURFACE_STYLE_USAGE(.BOTH.,#17591);
#17591 = SURFACE_SIDE_STYLE('',(#17592));
#17592 = SURFACE_STYLE_FILL_AREA(#17593);
#17593 = FILL_AREA_STYLE('',(#17594));
#17594 = FILL_AREA_STYLE_COLOUR('',#17566);
#17595 = STYLED_ITEM('color',(#17596),#2113);
#17596 = PRESENTATION_STYLE_ASSIGNMENT((#17597));
#17597 = SURFACE_STYLE_USAGE(.BOTH.,#17598);
#17598 = SURFACE_SIDE_STYLE('',(#17599));
#17599 = SURFACE_STYLE_FILL_AREA(#17600);
#17600 = FILL_AREA_STYLE('',(#17601));
#17601 = FILL_AREA_STYLE_COLOUR('',#17566);
#17602 = STYLED_ITEM('color',(#17603),#2137);
#17603 = PRESENTATION_STYLE_ASSIGNMENT((#17604));
#17604 = SURFACE_STYLE_USAGE(.BOTH.,#17605);
#17605 = SURFACE_SIDE_STYLE('',(#17606));
#17606 = SURFACE_STYLE_FILL_AREA(#17607);
#17607 = FILL_AREA_STYLE('',(#17608));
#17608 = FILL_AREA_STYLE_COLOUR('',#17566);
#17609 = STYLED_ITEM('color',(#17610),#2162);
#17610 = PRESENTATION_STYLE_ASSIGNMENT((#17611));
#17611 = SURFACE_STYLE_USAGE(.BOTH.,#17612);
#17612 = SURFACE_SIDE_STYLE('',(#17613));
#17613 = SURFACE_STYLE_FILL_AREA(#17614);
#17614 = FILL_AREA_STYLE('',(#17615));
#17615 = FILL_AREA_STYLE_COLOUR('',#17566);
#17616 = STYLED_ITEM('color',(#17617),#2179);
#17617 = PRESENTATION_STYLE_ASSIGNMENT((#17618));
#17618 = SURFACE_STYLE_USAGE(.BOTH.,#17619);
#17619 = SURFACE_SIDE_STYLE('',(#17620));
#17620 = SURFACE_STYLE_FILL_AREA(#17621);
#17621 = FILL_AREA_STYLE('',(#17622));
#17622 = FILL_AREA_STYLE_COLOUR('',#16958);
#17623 = STYLED_ITEM('color',(#17624),#2265);
#17624 = PRESENTATION_STYLE_ASSIGNMENT((#17625));
#17625 = SURFACE_STYLE_USAGE(.BOTH.,#17626);
#17626 = SURFACE_SIDE_STYLE('',(#17627));
#17627 = SURFACE_STYLE_FILL_AREA(#17628);
#17628 = FILL_AREA_STYLE('',(#17629));
#17629 = FILL_AREA_STYLE_COLOUR('',#16958);
#17630 = STYLED_ITEM('color',(#17631),#2296);
#17631 = PRESENTATION_STYLE_ASSIGNMENT((#17632));
#17632 = SURFACE_STYLE_USAGE(.BOTH.,#17633);
#17633 = SURFACE_SIDE_STYLE('',(#17634));
#17634 = SURFACE_STYLE_FILL_AREA(#17635);
#17635 = FILL_AREA_STYLE('',(#17636));
#17636 = FILL_AREA_STYLE_COLOUR('',#16958);
#17637 = STYLED_ITEM('color',(#17638),#2321);
#17638 = PRESENTATION_STYLE_ASSIGNMENT((#17639));
#17639 = SURFACE_STYLE_USAGE(.BOTH.,#17640);
#17640 = SURFACE_SIDE_STYLE('',(#17641));
#17641 = SURFACE_STYLE_FILL_AREA(#17642);
#17642 = FILL_AREA_STYLE('',(#17643));
#17643 = FILL_AREA_STYLE_COLOUR('',#16958);
#17644 = STYLED_ITEM('color',(#17645),#2346);
#17645 = PRESENTATION_STYLE_ASSIGNMENT((#17646));
#17646 = SURFACE_STYLE_USAGE(.BOTH.,#17647);
#17647 = SURFACE_SIDE_STYLE('',(#17648));
#17648 = SURFACE_STYLE_FILL_AREA(#17649);
#17649 = FILL_AREA_STYLE('',(#17650));
#17650 = FILL_AREA_STYLE_COLOUR('',#16958);
#17651 = STYLED_ITEM('color',(#17652),#2370);
#17652 = PRESENTATION_STYLE_ASSIGNMENT((#17653));
#17653 = SURFACE_STYLE_USAGE(.BOTH.,#17654);
#17654 = SURFACE_SIDE_STYLE('',(#17655));
#17655 = SURFACE_STYLE_FILL_AREA(#17656);
#17656 = FILL_AREA_STYLE('',(#17657));
#17657 = FILL_AREA_STYLE_COLOUR('',#16958);
#17658 = STYLED_ITEM('color',(#17659),#2394);
#17659 = PRESENTATION_STYLE_ASSIGNMENT((#17660));
#17660 = SURFACE_STYLE_USAGE(.BOTH.,#17661);
#17661 = SURFACE_SIDE_STYLE('',(#17662));
#17662 = SURFACE_STYLE_FILL_AREA(#17663);
#17663 = FILL_AREA_STYLE('',(#17664));
#17664 = FILL_AREA_STYLE_COLOUR('',#16958);
#17665 = STYLED_ITEM('color',(#17666),#2419);
#17666 = PRESENTATION_STYLE_ASSIGNMENT((#17667));
#17667 = SURFACE_STYLE_USAGE(.BOTH.,#17668);
#17668 = SURFACE_SIDE_STYLE('',(#17669));
#17669 = SURFACE_STYLE_FILL_AREA(#17670);
#17670 = FILL_AREA_STYLE('',(#17671));
#17671 = FILL_AREA_STYLE_COLOUR('',#16958);
#17672 = STYLED_ITEM('color',(#17673),#2444);
#17673 = PRESENTATION_STYLE_ASSIGNMENT((#17674));
#17674 = SURFACE_STYLE_USAGE(.BOTH.,#17675);
#17675 = SURFACE_SIDE_STYLE('',(#17676));
#17676 = SURFACE_STYLE_FILL_AREA(#17677);
#17677 = FILL_AREA_STYLE('',(#17678));
#17678 = FILL_AREA_STYLE_COLOUR('',#16958);
#17679 = STYLED_ITEM('color',(#17680),#2461);
#17680 = PRESENTATION_STYLE_ASSIGNMENT((#17681));
#17681 = SURFACE_STYLE_USAGE(.BOTH.,#17682);
#17682 = SURFACE_SIDE_STYLE('',(#17683));
#17683 = SURFACE_STYLE_FILL_AREA(#17684);
#17684 = FILL_AREA_STYLE('',(#17685));
#17685 = FILL_AREA_STYLE_COLOUR('',#16958);
#17686 = MECHANICAL_DESIGN_GEOMETRIC_PRESENTATION_REPRESENTATION('',(
    #17687),#15900);
#17687 = STYLED_ITEM('color',(#17688),#14780);
#17688 = PRESENTATION_STYLE_ASSIGNMENT((#17689));
#17689 = SURFACE_STYLE_USAGE(.BOTH.,#17690);
#17690 = SURFACE_SIDE_STYLE('',(#17691));
#17691 = SURFACE_STYLE_FILL_AREA(#17692);
#17692 = FILL_AREA_STYLE('',(#17693));
#17693 = FILL_AREA_STYLE_COLOUR('',#17694);
#17694 = COLOUR_RGB('',0.313304153717,0.484529207832,0.410020903123);
#17695 = MECHANICAL_DESIGN_GEOMETRIC_PRESENTATION_REPRESENTATION('',(
    #17696,#17703,#17710,#17717,#17724,#17731,#17738,#17745,#17752,
    #17759,#17766,#17773,#17780,#17787,#17794,#17801,#17808,#17815,
    #17822,#17829,#17836,#17843,#17850,#17857,#17864,#17871,#17878,
    #17885,#17892,#17899,#17906,#17913,#17920,#17927,#17934,#17941,
    #17948,#17955,#17962,#17969,#17976,#17983,#17990,#17997,#18004,
    #18011,#18018,#18025,#18032,#18039,#18046,#18053),#14761);
#17696 = STYLED_ITEM('color',(#17697),#13331);
#17697 = PRESENTATION_STYLE_ASSIGNMENT((#17698));
#17698 = SURFACE_STYLE_USAGE(.BOTH.,#17699);
#17699 = SURFACE_SIDE_STYLE('',(#17700));
#17700 = SURFACE_STYLE_FILL_AREA(#17701);
#17701 = FILL_AREA_STYLE('',(#17702));
#17702 = FILL_AREA_STYLE_COLOUR('',#15919);
#17703 = STYLED_ITEM('color',(#17704),#13371);
#17704 = PRESENTATION_STYLE_ASSIGNMENT((#17705));
#17705 = SURFACE_STYLE_USAGE(.BOTH.,#17706);
#17706 = SURFACE_SIDE_STYLE('',(#17707));
#17707 = SURFACE_STYLE_FILL_AREA(#17708);
#17708 = FILL_AREA_STYLE('',(#17709));
#17709 = FILL_AREA_STYLE_COLOUR('',#15919);
#17710 = STYLED_ITEM('color',(#17711),#13402);
#17711 = PRESENTATION_STYLE_ASSIGNMENT((#17712));
#17712 = SURFACE_STYLE_USAGE(.BOTH.,#17713);
#17713 = SURFACE_SIDE_STYLE('',(#17714));
#17714 = SURFACE_STYLE_FILL_AREA(#17715);
#17715 = FILL_AREA_STYLE('',(#17716));
#17716 = FILL_AREA_STYLE_COLOUR('',#15919);
#17717 = STYLED_ITEM('color',(#17718),#13433);
#17718 = PRESENTATION_STYLE_ASSIGNMENT((#17719));
#17719 = SURFACE_STYLE_USAGE(.BOTH.,#17720);
#17720 = SURFACE_SIDE_STYLE('',(#17721));
#17721 = SURFACE_STYLE_FILL_AREA(#17722);
#17722 = FILL_AREA_STYLE('',(#17723));
#17723 = FILL_AREA_STYLE_COLOUR('',#15919);
#17724 = STYLED_ITEM('color',(#17725),#13598);
#17725 = PRESENTATION_STYLE_ASSIGNMENT((#17726));
#17726 = SURFACE_STYLE_USAGE(.BOTH.,#17727);
#17727 = SURFACE_SIDE_STYLE('',(#17728));
#17728 = SURFACE_STYLE_FILL_AREA(#17729);
#17729 = FILL_AREA_STYLE('',(#17730));
#17730 = FILL_AREA_STYLE_COLOUR('',#15919);
#17731 = STYLED_ITEM('color',(#17732),#13763);
#17732 = PRESENTATION_STYLE_ASSIGNMENT((#17733));
#17733 = SURFACE_STYLE_USAGE(.BOTH.,#17734);
#17734 = SURFACE_SIDE_STYLE('',(#17735));
#17735 = SURFACE_STYLE_FILL_AREA(#17736);
#17736 = FILL_AREA_STYLE('',(#17737));
#17737 = FILL_AREA_STYLE_COLOUR('',#15919);
#17738 = STYLED_ITEM('color',(#17739),#13780);
#17739 = PRESENTATION_STYLE_ASSIGNMENT((#17740));
#17740 = SURFACE_STYLE_USAGE(.BOTH.,#17741);
#17741 = SURFACE_SIDE_STYLE('',(#17742));
#17742 = SURFACE_STYLE_FILL_AREA(#17743);
#17743 = FILL_AREA_STYLE('',(#17744));
#17744 = FILL_AREA_STYLE_COLOUR('',#15919);
#17745 = STYLED_ITEM('color',(#17746),#13797);
#17746 = PRESENTATION_STYLE_ASSIGNMENT((#17747));
#17747 = SURFACE_STYLE_USAGE(.BOTH.,#17748);
#17748 = SURFACE_SIDE_STYLE('',(#17749));
#17749 = SURFACE_STYLE_FILL_AREA(#17750);
#17750 = FILL_AREA_STYLE('',(#17751));
#17751 = FILL_AREA_STYLE_COLOUR('',#15919);
#17752 = STYLED_ITEM('color',(#17753),#13814);
#17753 = PRESENTATION_STYLE_ASSIGNMENT((#17754));
#17754 = SURFACE_STYLE_USAGE(.BOTH.,#17755);
#17755 = SURFACE_SIDE_STYLE('',(#17756));
#17756 = SURFACE_STYLE_FILL_AREA(#17757);
#17757 = FILL_AREA_STYLE('',(#17758));
#17758 = FILL_AREA_STYLE_COLOUR('',#15919);
#17759 = STYLED_ITEM('color',(#17760),#13831);
#17760 = PRESENTATION_STYLE_ASSIGNMENT((#17761));
#17761 = SURFACE_STYLE_USAGE(.BOTH.,#17762);
#17762 = SURFACE_SIDE_STYLE('',(#17763));
#17763 = SURFACE_STYLE_FILL_AREA(#17764);
#17764 = FILL_AREA_STYLE('',(#17765));
#17765 = FILL_AREA_STYLE_COLOUR('',#15919);
#17766 = STYLED_ITEM('color',(#17767),#13848);
#17767 = PRESENTATION_STYLE_ASSIGNMENT((#17768));
#17768 = SURFACE_STYLE_USAGE(.BOTH.,#17769);
#17769 = SURFACE_SIDE_STYLE('',(#17770));
#17770 = SURFACE_STYLE_FILL_AREA(#17771);
#17771 = FILL_AREA_STYLE('',(#17772));
#17772 = FILL_AREA_STYLE_COLOUR('',#15919);
#17773 = STYLED_ITEM('color',(#17774),#13865);
#17774 = PRESENTATION_STYLE_ASSIGNMENT((#17775));
#17775 = SURFACE_STYLE_USAGE(.BOTH.,#17776);
#17776 = SURFACE_SIDE_STYLE('',(#17777));
#17777 = SURFACE_STYLE_FILL_AREA(#17778);
#17778 = FILL_AREA_STYLE('',(#17779));
#17779 = FILL_AREA_STYLE_COLOUR('',#15919);
#17780 = STYLED_ITEM('color',(#17781),#13882);
#17781 = PRESENTATION_STYLE_ASSIGNMENT((#17782));
#17782 = SURFACE_STYLE_USAGE(.BOTH.,#17783);
#17783 = SURFACE_SIDE_STYLE('',(#17784));
#17784 = SURFACE_STYLE_FILL_AREA(#17785);
#17785 = FILL_AREA_STYLE('',(#17786));
#17786 = FILL_AREA_STYLE_COLOUR('',#15919);
#17787 = STYLED_ITEM('color',(#17788),#13899);
#17788 = PRESENTATION_STYLE_ASSIGNMENT((#17789));
#17789 = SURFACE_STYLE_USAGE(.BOTH.,#17790);
#17790 = SURFACE_SIDE_STYLE('',(#17791));
#17791 = SURFACE_STYLE_FILL_AREA(#17792);
#17792 = FILL_AREA_STYLE('',(#17793));
#17793 = FILL_AREA_STYLE_COLOUR('',#15919);
#17794 = STYLED_ITEM('color',(#17795),#13916);
#17795 = PRESENTATION_STYLE_ASSIGNMENT((#17796));
#17796 = SURFACE_STYLE_USAGE(.BOTH.,#17797);
#17797 = SURFACE_SIDE_STYLE('',(#17798));
#17798 = SURFACE_STYLE_FILL_AREA(#17799);
#17799 = FILL_AREA_STYLE('',(#17800));
#17800 = FILL_AREA_STYLE_COLOUR('',#15919);
#17801 = STYLED_ITEM('color',(#17802),#13933);
#17802 = PRESENTATION_STYLE_ASSIGNMENT((#17803));
#17803 = SURFACE_STYLE_USAGE(.BOTH.,#17804);
#17804 = SURFACE_SIDE_STYLE('',(#17805));
#17805 = SURFACE_STYLE_FILL_AREA(#17806);
#17806 = FILL_AREA_STYLE('',(#17807));
#17807 = FILL_AREA_STYLE_COLOUR('',#15919);
#17808 = STYLED_ITEM('color',(#17809),#13945);
#17809 = PRESENTATION_STYLE_ASSIGNMENT((#17810));
#17810 = SURFACE_STYLE_USAGE(.BOTH.,#17811);
#17811 = SURFACE_SIDE_STYLE('',(#17812));
#17812 = SURFACE_STYLE_FILL_AREA(#17813);
#17813 = FILL_AREA_STYLE('',(#17814));
#17814 = FILL_AREA_STYLE_COLOUR('',#16200);
#17815 = STYLED_ITEM('color',(#17816),#13976);
#17816 = PRESENTATION_STYLE_ASSIGNMENT((#17817));
#17817 = SURFACE_STYLE_USAGE(.BOTH.,#17818);
#17818 = SURFACE_SIDE_STYLE('',(#17819));
#17819 = SURFACE_STYLE_FILL_AREA(#17820);
#17820 = FILL_AREA_STYLE('',(#17821));
#17821 = FILL_AREA_STYLE_COLOUR('',#16200);
#17822 = STYLED_ITEM('color',(#17823),#14000);
#17823 = PRESENTATION_STYLE_ASSIGNMENT((#17824));
#17824 = SURFACE_STYLE_USAGE(.BOTH.,#17825);
#17825 = SURFACE_SIDE_STYLE('',(#17826));
#17826 = SURFACE_STYLE_FILL_AREA(#17827);
#17827 = FILL_AREA_STYLE('',(#17828));
#17828 = FILL_AREA_STYLE_COLOUR('',#16200);
#17829 = STYLED_ITEM('color',(#17830),#14024);
#17830 = PRESENTATION_STYLE_ASSIGNMENT((#17831));
#17831 = SURFACE_STYLE_USAGE(.BOTH.,#17832);
#17832 = SURFACE_SIDE_STYLE('',(#17833));
#17833 = SURFACE_STYLE_FILL_AREA(#17834);
#17834 = FILL_AREA_STYLE('',(#17835));
#17835 = FILL_AREA_STYLE_COLOUR('',#16200);
#17836 = STYLED_ITEM('color',(#17837),#14041);
#17837 = PRESENTATION_STYLE_ASSIGNMENT((#17838));
#17838 = SURFACE_STYLE_USAGE(.BOTH.,#17839);
#17839 = SURFACE_SIDE_STYLE('',(#17840));
#17840 = SURFACE_STYLE_FILL_AREA(#17841);
#17841 = FILL_AREA_STYLE('',(#17842));
#17842 = FILL_AREA_STYLE_COLOUR('',#16200);
#17843 = STYLED_ITEM('color',(#17844),#14072);
#17844 = PRESENTATION_STYLE_ASSIGNMENT((#17845));
#17845 = SURFACE_STYLE_USAGE(.BOTH.,#17846);
#17846 = SURFACE_SIDE_STYLE('',(#17847));
#17847 = SURFACE_STYLE_FILL_AREA(#17848);
#17848 = FILL_AREA_STYLE('',(#17849));
#17849 = FILL_AREA_STYLE_COLOUR('',#16200);
#17850 = STYLED_ITEM('color',(#17851),#14096);
#17851 = PRESENTATION_STYLE_ASSIGNMENT((#17852));
#17852 = SURFACE_STYLE_USAGE(.BOTH.,#17853);
#17853 = SURFACE_SIDE_STYLE('',(#17854));
#17854 = SURFACE_STYLE_FILL_AREA(#17855);
#17855 = FILL_AREA_STYLE('',(#17856));
#17856 = FILL_AREA_STYLE_COLOUR('',#16200);
#17857 = STYLED_ITEM('color',(#17858),#14120);
#17858 = PRESENTATION_STYLE_ASSIGNMENT((#17859));
#17859 = SURFACE_STYLE_USAGE(.BOTH.,#17860);
#17860 = SURFACE_SIDE_STYLE('',(#17861));
#17861 = SURFACE_STYLE_FILL_AREA(#17862);
#17862 = FILL_AREA_STYLE('',(#17863));
#17863 = FILL_AREA_STYLE_COLOUR('',#16200);
#17864 = STYLED_ITEM('color',(#17865),#14137);
#17865 = PRESENTATION_STYLE_ASSIGNMENT((#17866));
#17866 = SURFACE_STYLE_USAGE(.BOTH.,#17867);
#17867 = SURFACE_SIDE_STYLE('',(#17868));
#17868 = SURFACE_STYLE_FILL_AREA(#17869);
#17869 = FILL_AREA_STYLE('',(#17870));
#17870 = FILL_AREA_STYLE_COLOUR('',#16200);
#17871 = STYLED_ITEM('color',(#17872),#14168);
#17872 = PRESENTATION_STYLE_ASSIGNMENT((#17873));
#17873 = SURFACE_STYLE_USAGE(.BOTH.,#17874);
#17874 = SURFACE_SIDE_STYLE('',(#17875));
#17875 = SURFACE_STYLE_FILL_AREA(#17876);
#17876 = FILL_AREA_STYLE('',(#17877));
#17877 = FILL_AREA_STYLE_COLOUR('',#16200);
#17878 = STYLED_ITEM('color',(#17879),#14192);
#17879 = PRESENTATION_STYLE_ASSIGNMENT((#17880));
#17880 = SURFACE_STYLE_USAGE(.BOTH.,#17881);
#17881 = SURFACE_SIDE_STYLE('',(#17882));
#17882 = SURFACE_STYLE_FILL_AREA(#17883);
#17883 = FILL_AREA_STYLE('',(#17884));
#17884 = FILL_AREA_STYLE_COLOUR('',#16200);
#17885 = STYLED_ITEM('color',(#17886),#14216);
#17886 = PRESENTATION_STYLE_ASSIGNMENT((#17887));
#17887 = SURFACE_STYLE_USAGE(.BOTH.,#17888);
#17888 = SURFACE_SIDE_STYLE('',(#17889));
#17889 = SURFACE_STYLE_FILL_AREA(#17890);
#17890 = FILL_AREA_STYLE('',(#17891));
#17891 = FILL_AREA_STYLE_COLOUR('',#16200);
#17892 = STYLED_ITEM('color',(#17893),#14233);
#17893 = PRESENTATION_STYLE_ASSIGNMENT((#17894));
#17894 = SURFACE_STYLE_USAGE(.BOTH.,#17895);
#17895 = SURFACE_SIDE_STYLE('',(#17896));
#17896 = SURFACE_STYLE_FILL_AREA(#17897);
#17897 = FILL_AREA_STYLE('',(#17898));
#17898 = FILL_AREA_STYLE_COLOUR('',#16200);
#17899 = STYLED_ITEM('color',(#17900),#14264);
#17900 = PRESENTATION_STYLE_ASSIGNMENT((#17901));
#17901 = SURFACE_STYLE_USAGE(.BOTH.,#17902);
#17902 = SURFACE_SIDE_STYLE('',(#17903));
#17903 = SURFACE_STYLE_FILL_AREA(#17904);
#17904 = FILL_AREA_STYLE('',(#17905));
#17905 = FILL_AREA_STYLE_COLOUR('',#16200);
#17906 = STYLED_ITEM('color',(#17907),#14288);
#17907 = PRESENTATION_STYLE_ASSIGNMENT((#17908));
#17908 = SURFACE_STYLE_USAGE(.BOTH.,#17909);
#17909 = SURFACE_SIDE_STYLE('',(#17910));
#17910 = SURFACE_STYLE_FILL_AREA(#17911);
#17911 = FILL_AREA_STYLE('',(#17912));
#17912 = FILL_AREA_STYLE_COLOUR('',#16200);
#17913 = STYLED_ITEM('color',(#17914),#14312);
#17914 = PRESENTATION_STYLE_ASSIGNMENT((#17915));
#17915 = SURFACE_STYLE_USAGE(.BOTH.,#17916);
#17916 = SURFACE_SIDE_STYLE('',(#17917));
#17917 = SURFACE_STYLE_FILL_AREA(#17918);
#17918 = FILL_AREA_STYLE('',(#17919));
#17919 = FILL_AREA_STYLE_COLOUR('',#16200);
#17920 = STYLED_ITEM('color',(#17921),#14329);
#17921 = PRESENTATION_STYLE_ASSIGNMENT((#17922));
#17922 = SURFACE_STYLE_USAGE(.BOTH.,#17923);
#17923 = SURFACE_SIDE_STYLE('',(#17924));
#17924 = SURFACE_STYLE_FILL_AREA(#17925);
#17925 = FILL_AREA_STYLE('',(#17926));
#17926 = FILL_AREA_STYLE_COLOUR('',#16200);
#17927 = STYLED_ITEM('color',(#17928),#14360);
#17928 = PRESENTATION_STYLE_ASSIGNMENT((#17929));
#17929 = SURFACE_STYLE_USAGE(.BOTH.,#17930);
#17930 = SURFACE_SIDE_STYLE('',(#17931));
#17931 = SURFACE_STYLE_FILL_AREA(#17932);
#17932 = FILL_AREA_STYLE('',(#17933));
#17933 = FILL_AREA_STYLE_COLOUR('',#16200);
#17934 = STYLED_ITEM('color',(#17935),#14384);
#17935 = PRESENTATION_STYLE_ASSIGNMENT((#17936));
#17936 = SURFACE_STYLE_USAGE(.BOTH.,#17937);
#17937 = SURFACE_SIDE_STYLE('',(#17938));
#17938 = SURFACE_STYLE_FILL_AREA(#17939);
#17939 = FILL_AREA_STYLE('',(#17940));
#17940 = FILL_AREA_STYLE_COLOUR('',#16200);
#17941 = STYLED_ITEM('color',(#17942),#14408);
#17942 = PRESENTATION_STYLE_ASSIGNMENT((#17943));
#17943 = SURFACE_STYLE_USAGE(.BOTH.,#17944);
#17944 = SURFACE_SIDE_STYLE('',(#17945));
#17945 = SURFACE_STYLE_FILL_AREA(#17946);
#17946 = FILL_AREA_STYLE('',(#17947));
#17947 = FILL_AREA_STYLE_COLOUR('',#16200);
#17948 = STYLED_ITEM('color',(#17949),#14425);
#17949 = PRESENTATION_STYLE_ASSIGNMENT((#17950));
#17950 = SURFACE_STYLE_USAGE(.BOTH.,#17951);
#17951 = SURFACE_SIDE_STYLE('',(#17952));
#17952 = SURFACE_STYLE_FILL_AREA(#17953);
#17953 = FILL_AREA_STYLE('',(#17954));
#17954 = FILL_AREA_STYLE_COLOUR('',#16200);
#17955 = STYLED_ITEM('color',(#17956),#14456);
#17956 = PRESENTATION_STYLE_ASSIGNMENT((#17957));
#17957 = SURFACE_STYLE_USAGE(.BOTH.,#17958);
#17958 = SURFACE_SIDE_STYLE('',(#17959));
#17959 = SURFACE_STYLE_FILL_AREA(#17960);
#17960 = FILL_AREA_STYLE('',(#17961));
#17961 = FILL_AREA_STYLE_COLOUR('',#16200);
#17962 = STYLED_ITEM('color',(#17963),#14480);
#17963 = PRESENTATION_STYLE_ASSIGNMENT((#17964));
#17964 = SURFACE_STYLE_USAGE(.BOTH.,#17965);
#17965 = SURFACE_SIDE_STYLE('',(#17966));
#17966 = SURFACE_STYLE_FILL_AREA(#17967);
#17967 = FILL_AREA_STYLE('',(#17968));
#17968 = FILL_AREA_STYLE_COLOUR('',#16200);
#17969 = STYLED_ITEM('color',(#17970),#14504);
#17970 = PRESENTATION_STYLE_ASSIGNMENT((#17971));
#17971 = SURFACE_STYLE_USAGE(.BOTH.,#17972);
#17972 = SURFACE_SIDE_STYLE('',(#17973));
#17973 = SURFACE_STYLE_FILL_AREA(#17974);
#17974 = FILL_AREA_STYLE('',(#17975));
#17975 = FILL_AREA_STYLE_COLOUR('',#16200);
#17976 = STYLED_ITEM('color',(#17977),#14521);
#17977 = PRESENTATION_STYLE_ASSIGNMENT((#17978));
#17978 = SURFACE_STYLE_USAGE(.BOTH.,#17979);
#17979 = SURFACE_SIDE_STYLE('',(#17980));
#17980 = SURFACE_STYLE_FILL_AREA(#17981);
#17981 = FILL_AREA_STYLE('',(#17982));
#17982 = FILL_AREA_STYLE_COLOUR('',#16200);
#17983 = STYLED_ITEM('color',(#17984),#14552);
#17984 = PRESENTATION_STYLE_ASSIGNMENT((#17985));
#17985 = SURFACE_STYLE_USAGE(.BOTH.,#17986);
#17986 = SURFACE_SIDE_STYLE('',(#17987));
#17987 = SURFACE_STYLE_FILL_AREA(#17988);
#17988 = FILL_AREA_STYLE('',(#17989));
#17989 = FILL_AREA_STYLE_COLOUR('',#16200);
#17990 = STYLED_ITEM('color',(#17991),#14576);
#17991 = PRESENTATION_STYLE_ASSIGNMENT((#17992));
#17992 = SURFACE_STYLE_USAGE(.BOTH.,#17993);
#17993 = SURFACE_SIDE_STYLE('',(#17994));
#17994 = SURFACE_STYLE_FILL_AREA(#17995);
#17995 = FILL_AREA_STYLE('',(#17996));
#17996 = FILL_AREA_STYLE_COLOUR('',#16200);
#17997 = STYLED_ITEM('color',(#17998),#14600);
#17998 = PRESENTATION_STYLE_ASSIGNMENT((#17999));
#17999 = SURFACE_STYLE_USAGE(.BOTH.,#18000);
#18000 = SURFACE_SIDE_STYLE('',(#18001));
#18001 = SURFACE_STYLE_FILL_AREA(#18002);
#18002 = FILL_AREA_STYLE('',(#18003));
#18003 = FILL_AREA_STYLE_COLOUR('',#16200);
#18004 = STYLED_ITEM('color',(#18005),#14617);
#18005 = PRESENTATION_STYLE_ASSIGNMENT((#18006));
#18006 = SURFACE_STYLE_USAGE(.BOTH.,#18007);
#18007 = SURFACE_SIDE_STYLE('',(#18008));
#18008 = SURFACE_STYLE_FILL_AREA(#18009);
#18009 = FILL_AREA_STYLE('',(#18010));
#18010 = FILL_AREA_STYLE_COLOUR('',#16200);
#18011 = STYLED_ITEM('color',(#18012),#14648);
#18012 = PRESENTATION_STYLE_ASSIGNMENT((#18013));
#18013 = SURFACE_STYLE_USAGE(.BOTH.,#18014);
#18014 = SURFACE_SIDE_STYLE('',(#18015));
#18015 = SURFACE_STYLE_FILL_AREA(#18016);
#18016 = FILL_AREA_STYLE('',(#18017));
#18017 = FILL_AREA_STYLE_COLOUR('',#16200);
#18018 = STYLED_ITEM('color',(#18019),#14672);
#18019 = PRESENTATION_STYLE_ASSIGNMENT((#18020));
#18020 = SURFACE_STYLE_USAGE(.BOTH.,#18021);
#18021 = SURFACE_SIDE_STYLE('',(#18022));
#18022 = SURFACE_STYLE_FILL_AREA(#18023);
#18023 = FILL_AREA_STYLE('',(#18024));
#18024 = FILL_AREA_STYLE_COLOUR('',#16200);
#18025 = STYLED_ITEM('color',(#18026),#14696);
#18026 = PRESENTATION_STYLE_ASSIGNMENT((#18027));
#18027 = SURFACE_STYLE_USAGE(.BOTH.,#18028);
#18028 = SURFACE_SIDE_STYLE('',(#18029));
#18029 = SURFACE_STYLE_FILL_AREA(#18030);
#18030 = FILL_AREA_STYLE('',(#18031));
#18031 = FILL_AREA_STYLE_COLOUR('',#16200);
#18032 = STYLED_ITEM('color',(#18033),#14713);
#18033 = PRESENTATION_STYLE_ASSIGNMENT((#18034));
#18034 = SURFACE_STYLE_USAGE(.BOTH.,#18035);
#18035 = SURFACE_SIDE_STYLE('',(#18036));
#18036 = SURFACE_STYLE_FILL_AREA(#18037);
#18037 = FILL_AREA_STYLE('',(#18038));
#18038 = FILL_AREA_STYLE_COLOUR('',#16200);
#18039 = STYLED_ITEM('color',(#18040),#14725);
#18040 = PRESENTATION_STYLE_ASSIGNMENT((#18041));
#18041 = SURFACE_STYLE_USAGE(.BOTH.,#18042);
#18042 = SURFACE_SIDE_STYLE('',(#18043));
#18043 = SURFACE_STYLE_FILL_AREA(#18044);
#18044 = FILL_AREA_STYLE('',(#18045));
#18045 = FILL_AREA_STYLE_COLOUR('',#16200);
#18046 = STYLED_ITEM('color',(#18047),#14737);
#18047 = PRESENTATION_STYLE_ASSIGNMENT((#18048));
#18048 = SURFACE_STYLE_USAGE(.BOTH.,#18049);
#18049 = SURFACE_SIDE_STYLE('',(#18050));
#18050 = SURFACE_STYLE_FILL_AREA(#18051);
#18051 = FILL_AREA_STYLE('',(#18052));
#18052 = FILL_AREA_STYLE_COLOUR('',#16200);
#18053 = STYLED_ITEM('color',(#18054),#14749);
#18054 = PRESENTATION_STYLE_ASSIGNMENT((#18055));
#18055 = SURFACE_STYLE_USAGE(.BOTH.,#18056);
#18056 = SURFACE_SIDE_STYLE('',(#18057));
#18057 = SURFACE_STYLE_FILL_AREA(#18058);
#18058 = FILL_AREA_STYLE('',(#18059));
#18059 = FILL_AREA_STYLE_COLOUR('',#16200);
#18060 = MECHANICAL_DESIGN_GEOMETRIC_PRESENTATION_REPRESENTATION('',(
    #18061,#18068,#18075,#18082,#18089,#18096,#18103,#18110,#18117,
    #18124,#18131,#18138,#18145,#18152,#18159,#18166,#18173,#18180,
    #18187,#18194,#18201,#18208,#18215,#18222,#18229,#18236,#18243,
    #18250,#18257,#18264,#18271,#18278,#18285,#18292,#18299,#18306,
    #18313,#18320,#18327,#18334,#18341,#18348,#18355,#18362,#18369,
    #18376,#18383,#18390,#18397,#18404,#18411,#18418,#18425,#18432,
    #18439,#18446,#18453,#18460,#18467,#18474,#18481,#18488,#18495,
    #18502,#18509,#18516,#18523,#18530,#18537,#18544,#18551,#18558,
    #18565,#18572,#18579,#18586,#18593,#18600,#18607,#18614,#18621,
    #18628,#18635,#18642,#18649,#18656,#18663,#18670,#18677,#18684,
    #18691,#18698,#18705,#18712,#18719,#18726,#18733,#18740,#18747,
    #18754,#18761,#18768,#18775,#18782,#18789,#18796,#18803,#18810,
    #18817,#18824,#18831,#18838,#18845,#18852,#18859,#18866,#18873,
    #18880,#18887,#18894,#18901,#18908,#18915,#18922,#18929,#18936,
    #18943,#18950,#18957,#18964,#18971,#18978,#18985,#18992,#18999,
    #19006,#19013,#19020,#19027,#19034,#19041,#19048,#19055,#19062,
    #19069,#19076,#19083,#19090),#9158);
#18061 = STYLED_ITEM('color',(#18062),#4388);
#18062 = PRESENTATION_STYLE_ASSIGNMENT((#18063));
#18063 = SURFACE_STYLE_USAGE(.BOTH.,#18064);
#18064 = SURFACE_SIDE_STYLE('',(#18065));
#18065 = SURFACE_STYLE_FILL_AREA(#18066);
#18066 = FILL_AREA_STYLE('',(#18067));
#18067 = FILL_AREA_STYLE_COLOUR('',#15919);
#18068 = STYLED_ITEM('color',(#18069),#4428);
#18069 = PRESENTATION_STYLE_ASSIGNMENT((#18070));
#18070 = SURFACE_STYLE_USAGE(.BOTH.,#18071);
#18071 = SURFACE_SIDE_STYLE('',(#18072));
#18072 = SURFACE_STYLE_FILL_AREA(#18073);
#18073 = FILL_AREA_STYLE('',(#18074));
#18074 = FILL_AREA_STYLE_COLOUR('',#15919);
#18075 = STYLED_ITEM('color',(#18076),#4521);
#18076 = PRESENTATION_STYLE_ASSIGNMENT((#18077));
#18077 = SURFACE_STYLE_USAGE(.BOTH.,#18078);
#18078 = SURFACE_SIDE_STYLE('',(#18079));
#18079 = SURFACE_STYLE_FILL_AREA(#18080);
#18080 = FILL_AREA_STYLE('',(#18081));
#18081 = FILL_AREA_STYLE_COLOUR('',#15919);
#18082 = STYLED_ITEM('color',(#18083),#4544);
#18083 = PRESENTATION_STYLE_ASSIGNMENT((#18084));
#18084 = SURFACE_STYLE_USAGE(.BOTH.,#18085);
#18085 = SURFACE_SIDE_STYLE('',(#18086));
#18086 = SURFACE_STYLE_FILL_AREA(#18087);
#18087 = FILL_AREA_STYLE('',(#18088));
#18088 = FILL_AREA_STYLE_COLOUR('',#15919);
#18089 = STYLED_ITEM('color',(#18090),#4631);
#18090 = PRESENTATION_STYLE_ASSIGNMENT((#18091));
#18091 = SURFACE_STYLE_USAGE(.BOTH.,#18092);
#18092 = SURFACE_SIDE_STYLE('',(#18093));
#18093 = SURFACE_STYLE_FILL_AREA(#18094);
#18094 = FILL_AREA_STYLE('',(#18095));
#18095 = FILL_AREA_STYLE_COLOUR('',#15919);
#18096 = STYLED_ITEM('color',(#18097),#4648);
#18097 = PRESENTATION_STYLE_ASSIGNMENT((#18098));
#18098 = SURFACE_STYLE_USAGE(.BOTH.,#18099);
#18099 = SURFACE_SIDE_STYLE('',(#18100));
#18100 = SURFACE_STYLE_FILL_AREA(#18101);
#18101 = FILL_AREA_STYLE('',(#18102));
#18102 = FILL_AREA_STYLE_COLOUR('',#15919);
#18103 = STYLED_ITEM('color',(#18104),#4678);
#18104 = PRESENTATION_STYLE_ASSIGNMENT((#18105));
#18105 = SURFACE_STYLE_USAGE(.BOTH.,#18106);
#18106 = SURFACE_SIDE_STYLE('',(#18107));
#18107 = SURFACE_STYLE_FILL_AREA(#18108);
#18108 = FILL_AREA_STYLE('',(#18109));
#18109 = FILL_AREA_STYLE_COLOUR('',#15919);
#18110 = STYLED_ITEM('color',(#18111),#4708);
#18111 = PRESENTATION_STYLE_ASSIGNMENT((#18112));
#18112 = SURFACE_STYLE_USAGE(.BOTH.,#18113);
#18113 = SURFACE_SIDE_STYLE('',(#18114));
#18114 = SURFACE_STYLE_FILL_AREA(#18115);
#18115 = FILL_AREA_STYLE('',(#18116));
#18116 = FILL_AREA_STYLE_COLOUR('',#16958);
#18117 = STYLED_ITEM('color',(#18118),#4739);
#18118 = PRESENTATION_STYLE_ASSIGNMENT((#18119));
#18119 = SURFACE_STYLE_USAGE(.BOTH.,#18120);
#18120 = SURFACE_SIDE_STYLE('',(#18121));
#18121 = SURFACE_STYLE_FILL_AREA(#18122);
#18122 = FILL_AREA_STYLE('',(#18123));
#18123 = FILL_AREA_STYLE_COLOUR('',#16958);
#18124 = STYLED_ITEM('color',(#18125),#4770);
#18125 = PRESENTATION_STYLE_ASSIGNMENT((#18126));
#18126 = SURFACE_STYLE_USAGE(.BOTH.,#18127);
#18127 = SURFACE_SIDE_STYLE('',(#18128));
#18128 = SURFACE_STYLE_FILL_AREA(#18129);
#18129 = FILL_AREA_STYLE('',(#18130));
#18130 = FILL_AREA_STYLE_COLOUR('',#15919);
#18131 = STYLED_ITEM('color',(#18132),#4801);
#18132 = PRESENTATION_STYLE_ASSIGNMENT((#18133));
#18133 = SURFACE_STYLE_USAGE(.BOTH.,#18134);
#18134 = SURFACE_SIDE_STYLE('',(#18135));
#18135 = SURFACE_STYLE_FILL_AREA(#18136);
#18136 = FILL_AREA_STYLE('',(#18137));
#18137 = FILL_AREA_STYLE_COLOUR('',#15919);
#18138 = STYLED_ITEM('color',(#18139),#4832);
#18139 = PRESENTATION_STYLE_ASSIGNMENT((#18140));
#18140 = SURFACE_STYLE_USAGE(.BOTH.,#18141);
#18141 = SURFACE_SIDE_STYLE('',(#18142));
#18142 = SURFACE_STYLE_FILL_AREA(#18143);
#18143 = FILL_AREA_STYLE('',(#18144));
#18144 = FILL_AREA_STYLE_COLOUR('',#16958);
#18145 = STYLED_ITEM('color',(#18146),#4863);
#18146 = PRESENTATION_STYLE_ASSIGNMENT((#18147));
#18147 = SURFACE_STYLE_USAGE(.BOTH.,#18148);
#18148 = SURFACE_SIDE_STYLE('',(#18149));
#18149 = SURFACE_STYLE_FILL_AREA(#18150);
#18150 = FILL_AREA_STYLE('',(#18151));
#18151 = FILL_AREA_STYLE_COLOUR('',#16958);
#18152 = STYLED_ITEM('color',(#18153),#4894);
#18153 = PRESENTATION_STYLE_ASSIGNMENT((#18154));
#18154 = SURFACE_STYLE_USAGE(.BOTH.,#18155);
#18155 = SURFACE_SIDE_STYLE('',(#18156));
#18156 = SURFACE_STYLE_FILL_AREA(#18157);
#18157 = FILL_AREA_STYLE('',(#18158));
#18158 = FILL_AREA_STYLE_COLOUR('',#15919);
#18159 = STYLED_ITEM('color',(#18160),#4925);
#18160 = PRESENTATION_STYLE_ASSIGNMENT((#18161));
#18161 = SURFACE_STYLE_USAGE(.BOTH.,#18162);
#18162 = SURFACE_SIDE_STYLE('',(#18163));
#18163 = SURFACE_STYLE_FILL_AREA(#18164);
#18164 = FILL_AREA_STYLE('',(#18165));
#18165 = FILL_AREA_STYLE_COLOUR('',#15919);
#18166 = STYLED_ITEM('color',(#18167),#4948);
#18167 = PRESENTATION_STYLE_ASSIGNMENT((#18168));
#18168 = SURFACE_STYLE_USAGE(.BOTH.,#18169);
#18169 = SURFACE_SIDE_STYLE('',(#18170));
#18170 = SURFACE_STYLE_FILL_AREA(#18171);
#18171 = FILL_AREA_STYLE('',(#18172));
#18172 = FILL_AREA_STYLE_COLOUR('',#15919);
#18173 = STYLED_ITEM('color',(#18174),#4972);
#18174 = PRESENTATION_STYLE_ASSIGNMENT((#18175));
#18175 = SURFACE_STYLE_USAGE(.BOTH.,#18176);
#18176 = SURFACE_SIDE_STYLE('',(#18177));
#18177 = SURFACE_STYLE_FILL_AREA(#18178);
#18178 = FILL_AREA_STYLE('',(#18179));
#18179 = FILL_AREA_STYLE_COLOUR('',#15919);
#18180 = STYLED_ITEM('color',(#18181),#5002);
#18181 = PRESENTATION_STYLE_ASSIGNMENT((#18182));
#18182 = SURFACE_STYLE_USAGE(.BOTH.,#18183);
#18183 = SURFACE_SIDE_STYLE('',(#18184));
#18184 = SURFACE_STYLE_FILL_AREA(#18185);
#18185 = FILL_AREA_STYLE('',(#18186));
#18186 = FILL_AREA_STYLE_COLOUR('',#16958);
#18187 = STYLED_ITEM('color',(#18188),#5033);
#18188 = PRESENTATION_STYLE_ASSIGNMENT((#18189));
#18189 = SURFACE_STYLE_USAGE(.BOTH.,#18190);
#18190 = SURFACE_SIDE_STYLE('',(#18191));
#18191 = SURFACE_STYLE_FILL_AREA(#18192);
#18192 = FILL_AREA_STYLE('',(#18193));
#18193 = FILL_AREA_STYLE_COLOUR('',#16958);
#18194 = STYLED_ITEM('color',(#18195),#5064);
#18195 = PRESENTATION_STYLE_ASSIGNMENT((#18196));
#18196 = SURFACE_STYLE_USAGE(.BOTH.,#18197);
#18197 = SURFACE_SIDE_STYLE('',(#18198));
#18198 = SURFACE_STYLE_FILL_AREA(#18199);
#18199 = FILL_AREA_STYLE('',(#18200));
#18200 = FILL_AREA_STYLE_COLOUR('',#15919);
#18201 = STYLED_ITEM('color',(#18202),#5095);
#18202 = PRESENTATION_STYLE_ASSIGNMENT((#18203));
#18203 = SURFACE_STYLE_USAGE(.BOTH.,#18204);
#18204 = SURFACE_SIDE_STYLE('',(#18205));
#18205 = SURFACE_STYLE_FILL_AREA(#18206);
#18206 = FILL_AREA_STYLE('',(#18207));
#18207 = FILL_AREA_STYLE_COLOUR('',#15919);
#18208 = STYLED_ITEM('color',(#18209),#5126);
#18209 = PRESENTATION_STYLE_ASSIGNMENT((#18210));
#18210 = SURFACE_STYLE_USAGE(.BOTH.,#18211);
#18211 = SURFACE_SIDE_STYLE('',(#18212));
#18212 = SURFACE_STYLE_FILL_AREA(#18213);
#18213 = FILL_AREA_STYLE('',(#18214));
#18214 = FILL_AREA_STYLE_COLOUR('',#16958);
#18215 = STYLED_ITEM('color',(#18216),#5157);
#18216 = PRESENTATION_STYLE_ASSIGNMENT((#18217));
#18217 = SURFACE_STYLE_USAGE(.BOTH.,#18218);
#18218 = SURFACE_SIDE_STYLE('',(#18219));
#18219 = SURFACE_STYLE_FILL_AREA(#18220);
#18220 = FILL_AREA_STYLE('',(#18221));
#18221 = FILL_AREA_STYLE_COLOUR('',#16958);
#18222 = STYLED_ITEM('color',(#18223),#5188);
#18223 = PRESENTATION_STYLE_ASSIGNMENT((#18224));
#18224 = SURFACE_STYLE_USAGE(.BOTH.,#18225);
#18225 = SURFACE_SIDE_STYLE('',(#18226));
#18226 = SURFACE_STYLE_FILL_AREA(#18227);
#18227 = FILL_AREA_STYLE('',(#18228));
#18228 = FILL_AREA_STYLE_COLOUR('',#15919);
#18229 = STYLED_ITEM('color',(#18230),#5219);
#18230 = PRESENTATION_STYLE_ASSIGNMENT((#18231));
#18231 = SURFACE_STYLE_USAGE(.BOTH.,#18232);
#18232 = SURFACE_SIDE_STYLE('',(#18233));
#18233 = SURFACE_STYLE_FILL_AREA(#18234);
#18234 = FILL_AREA_STYLE('',(#18235));
#18235 = FILL_AREA_STYLE_COLOUR('',#15919);
#18236 = STYLED_ITEM('color',(#18237),#5236);
#18237 = PRESENTATION_STYLE_ASSIGNMENT((#18238));
#18238 = SURFACE_STYLE_USAGE(.BOTH.,#18239);
#18239 = SURFACE_SIDE_STYLE('',(#18240));
#18240 = SURFACE_STYLE_FILL_AREA(#18241);
#18241 = FILL_AREA_STYLE('',(#18242));
#18242 = FILL_AREA_STYLE_COLOUR('',#15919);
#18243 = STYLED_ITEM('color',(#18244),#5266);
#18244 = PRESENTATION_STYLE_ASSIGNMENT((#18245));
#18245 = SURFACE_STYLE_USAGE(.BOTH.,#18246);
#18246 = SURFACE_SIDE_STYLE('',(#18247));
#18247 = SURFACE_STYLE_FILL_AREA(#18248);
#18248 = FILL_AREA_STYLE('',(#18249));
#18249 = FILL_AREA_STYLE_COLOUR('',#16958);
#18250 = STYLED_ITEM('color',(#18251),#5324);
#18251 = PRESENTATION_STYLE_ASSIGNMENT((#18252));
#18252 = SURFACE_STYLE_USAGE(.BOTH.,#18253);
#18253 = SURFACE_SIDE_STYLE('',(#18254));
#18254 = SURFACE_STYLE_FILL_AREA(#18255);
#18255 = FILL_AREA_STYLE('',(#18256));
#18256 = FILL_AREA_STYLE_COLOUR('',#16958);
#18257 = STYLED_ITEM('color',(#18258),#5382);
#18258 = PRESENTATION_STYLE_ASSIGNMENT((#18259));
#18259 = SURFACE_STYLE_USAGE(.BOTH.,#18260);
#18260 = SURFACE_SIDE_STYLE('',(#18261));
#18261 = SURFACE_STYLE_FILL_AREA(#18262);
#18262 = FILL_AREA_STYLE('',(#18263));
#18263 = FILL_AREA_STYLE_COLOUR('',#15919);
#18264 = STYLED_ITEM('color',(#18265),#5412);
#18265 = PRESENTATION_STYLE_ASSIGNMENT((#18266));
#18266 = SURFACE_STYLE_USAGE(.BOTH.,#18267);
#18267 = SURFACE_SIDE_STYLE('',(#18268));
#18268 = SURFACE_STYLE_FILL_AREA(#18269);
#18269 = FILL_AREA_STYLE('',(#18270));
#18270 = FILL_AREA_STYLE_COLOUR('',#16958);
#18271 = STYLED_ITEM('color',(#18272),#5470);
#18272 = PRESENTATION_STYLE_ASSIGNMENT((#18273));
#18273 = SURFACE_STYLE_USAGE(.BOTH.,#18274);
#18274 = SURFACE_SIDE_STYLE('',(#18275));
#18275 = SURFACE_STYLE_FILL_AREA(#18276);
#18276 = FILL_AREA_STYLE('',(#18277));
#18277 = FILL_AREA_STYLE_COLOUR('',#16958);
#18278 = STYLED_ITEM('color',(#18279),#5487);
#18279 = PRESENTATION_STYLE_ASSIGNMENT((#18280));
#18280 = SURFACE_STYLE_USAGE(.BOTH.,#18281);
#18281 = SURFACE_SIDE_STYLE('',(#18282));
#18282 = SURFACE_STYLE_FILL_AREA(#18283);
#18283 = FILL_AREA_STYLE('',(#18284));
#18284 = FILL_AREA_STYLE_COLOUR('',#16958);
#18285 = STYLED_ITEM('color',(#18286),#5512);
#18286 = PRESENTATION_STYLE_ASSIGNMENT((#18287));
#18287 = SURFACE_STYLE_USAGE(.BOTH.,#18288);
#18288 = SURFACE_SIDE_STYLE('',(#18289));
#18289 = SURFACE_STYLE_FILL_AREA(#18290);
#18290 = FILL_AREA_STYLE('',(#18291));
#18291 = FILL_AREA_STYLE_COLOUR('',#16958);
#18292 = STYLED_ITEM('color',(#18293),#5562);
#18293 = PRESENTATION_STYLE_ASSIGNMENT((#18294));
#18294 = SURFACE_STYLE_USAGE(.BOTH.,#18295);
#18295 = SURFACE_SIDE_STYLE('',(#18296));
#18296 = SURFACE_STYLE_FILL_AREA(#18297);
#18297 = FILL_AREA_STYLE('',(#18298));
#18298 = FILL_AREA_STYLE_COLOUR('',#15919);
#18299 = STYLED_ITEM('color',(#18300),#5593);
#18300 = PRESENTATION_STYLE_ASSIGNMENT((#18301));
#18301 = SURFACE_STYLE_USAGE(.BOTH.,#18302);
#18302 = SURFACE_SIDE_STYLE('',(#18303));
#18303 = SURFACE_STYLE_FILL_AREA(#18304);
#18304 = FILL_AREA_STYLE('',(#18305));
#18305 = FILL_AREA_STYLE_COLOUR('',#16958);
#18306 = STYLED_ITEM('color',(#18307),#5651);
#18307 = PRESENTATION_STYLE_ASSIGNMENT((#18308));
#18308 = SURFACE_STYLE_USAGE(.BOTH.,#18309);
#18309 = SURFACE_SIDE_STYLE('',(#18310));
#18310 = SURFACE_STYLE_FILL_AREA(#18311);
#18311 = FILL_AREA_STYLE('',(#18312));
#18312 = FILL_AREA_STYLE_COLOUR('',#16958);
#18313 = STYLED_ITEM('color',(#18314),#5709);
#18314 = PRESENTATION_STYLE_ASSIGNMENT((#18315));
#18315 = SURFACE_STYLE_USAGE(.BOTH.,#18316);
#18316 = SURFACE_SIDE_STYLE('',(#18317));
#18317 = SURFACE_STYLE_FILL_AREA(#18318);
#18318 = FILL_AREA_STYLE('',(#18319));
#18319 = FILL_AREA_STYLE_COLOUR('',#15919);
#18320 = STYLED_ITEM('color',(#18321),#5740);
#18321 = PRESENTATION_STYLE_ASSIGNMENT((#18322));
#18322 = SURFACE_STYLE_USAGE(.BOTH.,#18323);
#18323 = SURFACE_SIDE_STYLE('',(#18324));
#18324 = SURFACE_STYLE_FILL_AREA(#18325);
#18325 = FILL_AREA_STYLE('',(#18326));
#18326 = FILL_AREA_STYLE_COLOUR('',#16958);
#18327 = STYLED_ITEM('color',(#18328),#5798);
#18328 = PRESENTATION_STYLE_ASSIGNMENT((#18329));
#18329 = SURFACE_STYLE_USAGE(.BOTH.,#18330);
#18330 = SURFACE_SIDE_STYLE('',(#18331));
#18331 = SURFACE_STYLE_FILL_AREA(#18332);
#18332 = FILL_AREA_STYLE('',(#18333));
#18333 = FILL_AREA_STYLE_COLOUR('',#16958);
#18334 = STYLED_ITEM('color',(#18335),#5815);
#18335 = PRESENTATION_STYLE_ASSIGNMENT((#18336));
#18336 = SURFACE_STYLE_USAGE(.BOTH.,#18337);
#18337 = SURFACE_SIDE_STYLE('',(#18338));
#18338 = SURFACE_STYLE_FILL_AREA(#18339);
#18339 = FILL_AREA_STYLE('',(#18340));
#18340 = FILL_AREA_STYLE_COLOUR('',#16958);
#18341 = STYLED_ITEM('color',(#18342),#5840);
#18342 = PRESENTATION_STYLE_ASSIGNMENT((#18343));
#18343 = SURFACE_STYLE_USAGE(.BOTH.,#18344);
#18344 = SURFACE_SIDE_STYLE('',(#18345));
#18345 = SURFACE_STYLE_FILL_AREA(#18346);
#18346 = FILL_AREA_STYLE('',(#18347));
#18347 = FILL_AREA_STYLE_COLOUR('',#16958);
#18348 = STYLED_ITEM('color',(#18349),#5890);
#18349 = PRESENTATION_STYLE_ASSIGNMENT((#18350));
#18350 = SURFACE_STYLE_USAGE(.BOTH.,#18351);
#18351 = SURFACE_SIDE_STYLE('',(#18352));
#18352 = SURFACE_STYLE_FILL_AREA(#18353);
#18353 = FILL_AREA_STYLE('',(#18354));
#18354 = FILL_AREA_STYLE_COLOUR('',#15919);
#18355 = STYLED_ITEM('color',(#18356),#5921);
#18356 = PRESENTATION_STYLE_ASSIGNMENT((#18357));
#18357 = SURFACE_STYLE_USAGE(.BOTH.,#18358);
#18358 = SURFACE_SIDE_STYLE('',(#18359));
#18359 = SURFACE_STYLE_FILL_AREA(#18360);
#18360 = FILL_AREA_STYLE('',(#18361));
#18361 = FILL_AREA_STYLE_COLOUR('',#15919);
#18362 = STYLED_ITEM('color',(#18363),#5944);
#18363 = PRESENTATION_STYLE_ASSIGNMENT((#18364));
#18364 = SURFACE_STYLE_USAGE(.BOTH.,#18365);
#18365 = SURFACE_SIDE_STYLE('',(#18366));
#18366 = SURFACE_STYLE_FILL_AREA(#18367);
#18367 = FILL_AREA_STYLE('',(#18368));
#18368 = FILL_AREA_STYLE_COLOUR('',#15919);
#18369 = STYLED_ITEM('color',(#18370),#5968);
#18370 = PRESENTATION_STYLE_ASSIGNMENT((#18371));
#18371 = SURFACE_STYLE_USAGE(.BOTH.,#18372);
#18372 = SURFACE_SIDE_STYLE('',(#18373));
#18373 = SURFACE_STYLE_FILL_AREA(#18374);
#18374 = FILL_AREA_STYLE('',(#18375));
#18375 = FILL_AREA_STYLE_COLOUR('',#16958);
#18376 = STYLED_ITEM('color',(#18377),#6026);
#18377 = PRESENTATION_STYLE_ASSIGNMENT((#18378));
#18378 = SURFACE_STYLE_USAGE(.BOTH.,#18379);
#18379 = SURFACE_SIDE_STYLE('',(#18380));
#18380 = SURFACE_STYLE_FILL_AREA(#18381);
#18381 = FILL_AREA_STYLE('',(#18382));
#18382 = FILL_AREA_STYLE_COLOUR('',#16958);
#18383 = STYLED_ITEM('color',(#18384),#6084);
#18384 = PRESENTATION_STYLE_ASSIGNMENT((#18385));
#18385 = SURFACE_STYLE_USAGE(.BOTH.,#18386);
#18386 = SURFACE_SIDE_STYLE('',(#18387));
#18387 = SURFACE_STYLE_FILL_AREA(#18388);
#18388 = FILL_AREA_STYLE('',(#18389));
#18389 = FILL_AREA_STYLE_COLOUR('',#15919);
#18390 = STYLED_ITEM('color',(#18391),#6114);
#18391 = PRESENTATION_STYLE_ASSIGNMENT((#18392));
#18392 = SURFACE_STYLE_USAGE(.BOTH.,#18393);
#18393 = SURFACE_SIDE_STYLE('',(#18394));
#18394 = SURFACE_STYLE_FILL_AREA(#18395);
#18395 = FILL_AREA_STYLE('',(#18396));
#18396 = FILL_AREA_STYLE_COLOUR('',#16958);
#18397 = STYLED_ITEM('color',(#18398),#6172);
#18398 = PRESENTATION_STYLE_ASSIGNMENT((#18399));
#18399 = SURFACE_STYLE_USAGE(.BOTH.,#18400);
#18400 = SURFACE_SIDE_STYLE('',(#18401));
#18401 = SURFACE_STYLE_FILL_AREA(#18402);
#18402 = FILL_AREA_STYLE('',(#18403));
#18403 = FILL_AREA_STYLE_COLOUR('',#16958);
#18404 = STYLED_ITEM('color',(#18405),#6189);
#18405 = PRESENTATION_STYLE_ASSIGNMENT((#18406));
#18406 = SURFACE_STYLE_USAGE(.BOTH.,#18407);
#18407 = SURFACE_SIDE_STYLE('',(#18408));
#18408 = SURFACE_STYLE_FILL_AREA(#18409);
#18409 = FILL_AREA_STYLE('',(#18410));
#18410 = FILL_AREA_STYLE_COLOUR('',#16958);
#18411 = STYLED_ITEM('color',(#18412),#6247);
#18412 = PRESENTATION_STYLE_ASSIGNMENT((#18413));
#18413 = SURFACE_STYLE_USAGE(.BOTH.,#18414);
#18414 = SURFACE_SIDE_STYLE('',(#18415));
#18415 = SURFACE_STYLE_FILL_AREA(#18416);
#18416 = FILL_AREA_STYLE('',(#18417));
#18417 = FILL_AREA_STYLE_COLOUR('',#16958);
#18418 = STYLED_ITEM('color',(#18419),#6264);
#18419 = PRESENTATION_STYLE_ASSIGNMENT((#18420));
#18420 = SURFACE_STYLE_USAGE(.BOTH.,#18421);
#18421 = SURFACE_SIDE_STYLE('',(#18422));
#18422 = SURFACE_STYLE_FILL_AREA(#18423);
#18423 = FILL_AREA_STYLE('',(#18424));
#18424 = FILL_AREA_STYLE_COLOUR('',#15919);
#18425 = STYLED_ITEM('color',(#18426),#6295);
#18426 = PRESENTATION_STYLE_ASSIGNMENT((#18427));
#18427 = SURFACE_STYLE_USAGE(.BOTH.,#18428);
#18428 = SURFACE_SIDE_STYLE('',(#18429));
#18429 = SURFACE_STYLE_FILL_AREA(#18430);
#18430 = FILL_AREA_STYLE('',(#18431));
#18431 = FILL_AREA_STYLE_COLOUR('',#16958);
#18432 = STYLED_ITEM('color',(#18433),#6353);
#18433 = PRESENTATION_STYLE_ASSIGNMENT((#18434));
#18434 = SURFACE_STYLE_USAGE(.BOTH.,#18435);
#18435 = SURFACE_SIDE_STYLE('',(#18436));
#18436 = SURFACE_STYLE_FILL_AREA(#18437);
#18437 = FILL_AREA_STYLE('',(#18438));
#18438 = FILL_AREA_STYLE_COLOUR('',#16958);
#18439 = STYLED_ITEM('color',(#18440),#6411);
#18440 = PRESENTATION_STYLE_ASSIGNMENT((#18441));
#18441 = SURFACE_STYLE_USAGE(.BOTH.,#18442);
#18442 = SURFACE_SIDE_STYLE('',(#18443));
#18443 = SURFACE_STYLE_FILL_AREA(#18444);
#18444 = FILL_AREA_STYLE('',(#18445));
#18445 = FILL_AREA_STYLE_COLOUR('',#15919);
#18446 = STYLED_ITEM('color',(#18447),#6442);
#18447 = PRESENTATION_STYLE_ASSIGNMENT((#18448));
#18448 = SURFACE_STYLE_USAGE(.BOTH.,#18449);
#18449 = SURFACE_SIDE_STYLE('',(#18450));
#18450 = SURFACE_STYLE_FILL_AREA(#18451);
#18451 = FILL_AREA_STYLE('',(#18452));
#18452 = FILL_AREA_STYLE_COLOUR('',#16958);
#18453 = STYLED_ITEM('color',(#18454),#6500);
#18454 = PRESENTATION_STYLE_ASSIGNMENT((#18455));
#18455 = SURFACE_STYLE_USAGE(.BOTH.,#18456);
#18456 = SURFACE_SIDE_STYLE('',(#18457));
#18457 = SURFACE_STYLE_FILL_AREA(#18458);
#18458 = FILL_AREA_STYLE('',(#18459));
#18459 = FILL_AREA_STYLE_COLOUR('',#16958);
#18460 = STYLED_ITEM('color',(#18461),#6517);
#18461 = PRESENTATION_STYLE_ASSIGNMENT((#18462));
#18462 = SURFACE_STYLE_USAGE(.BOTH.,#18463);
#18463 = SURFACE_SIDE_STYLE('',(#18464));
#18464 = SURFACE_STYLE_FILL_AREA(#18465);
#18465 = FILL_AREA_STYLE('',(#18466));
#18466 = FILL_AREA_STYLE_COLOUR('',#16958);
#18467 = STYLED_ITEM('color',(#18468),#6575);
#18468 = PRESENTATION_STYLE_ASSIGNMENT((#18469));
#18469 = SURFACE_STYLE_USAGE(.BOTH.,#18470);
#18470 = SURFACE_SIDE_STYLE('',(#18471));
#18471 = SURFACE_STYLE_FILL_AREA(#18472);
#18472 = FILL_AREA_STYLE('',(#18473));
#18473 = FILL_AREA_STYLE_COLOUR('',#16958);
#18474 = STYLED_ITEM('color',(#18475),#6592);
#18475 = PRESENTATION_STYLE_ASSIGNMENT((#18476));
#18476 = SURFACE_STYLE_USAGE(.BOTH.,#18477);
#18477 = SURFACE_SIDE_STYLE('',(#18478));
#18478 = SURFACE_STYLE_FILL_AREA(#18479);
#18479 = FILL_AREA_STYLE('',(#18480));
#18480 = FILL_AREA_STYLE_COLOUR('',#15919);
#18481 = STYLED_ITEM('color',(#18482),#6623);
#18482 = PRESENTATION_STYLE_ASSIGNMENT((#18483));
#18483 = SURFACE_STYLE_USAGE(.BOTH.,#18484);
#18484 = SURFACE_SIDE_STYLE('',(#18485));
#18485 = SURFACE_STYLE_FILL_AREA(#18486);
#18486 = FILL_AREA_STYLE('',(#18487));
#18487 = FILL_AREA_STYLE_COLOUR('',#15919);
#18488 = STYLED_ITEM('color',(#18489),#6640);
#18489 = PRESENTATION_STYLE_ASSIGNMENT((#18490));
#18490 = SURFACE_STYLE_USAGE(.BOTH.,#18491);
#18491 = SURFACE_SIDE_STYLE('',(#18492));
#18492 = SURFACE_STYLE_FILL_AREA(#18493);
#18493 = FILL_AREA_STYLE('',(#18494));
#18494 = FILL_AREA_STYLE_COLOUR('',#15919);
#18495 = STYLED_ITEM('color',(#18496),#6697);
#18496 = PRESENTATION_STYLE_ASSIGNMENT((#18497));
#18497 = SURFACE_STYLE_USAGE(.BOTH.,#18498);
#18498 = SURFACE_SIDE_STYLE('',(#18499));
#18499 = SURFACE_STYLE_FILL_AREA(#18500);
#18500 = FILL_AREA_STYLE('',(#18501));
#18501 = FILL_AREA_STYLE_COLOUR('',#16958);
#18502 = STYLED_ITEM('color',(#18503),#6716);
#18503 = PRESENTATION_STYLE_ASSIGNMENT((#18504));
#18504 = SURFACE_STYLE_USAGE(.BOTH.,#18505);
#18505 = SURFACE_SIDE_STYLE('',(#18506));
#18506 = SURFACE_STYLE_FILL_AREA(#18507);
#18507 = FILL_AREA_STYLE('',(#18508));
#18508 = FILL_AREA_STYLE_COLOUR('',#16958);
#18509 = STYLED_ITEM('color',(#18510),#6765);
#18510 = PRESENTATION_STYLE_ASSIGNMENT((#18511));
#18511 = SURFACE_STYLE_USAGE(.BOTH.,#18512);
#18512 = SURFACE_SIDE_STYLE('',(#18513));
#18513 = SURFACE_STYLE_FILL_AREA(#18514);
#18514 = FILL_AREA_STYLE('',(#18515));
#18515 = FILL_AREA_STYLE_COLOUR('',#16958);
#18516 = STYLED_ITEM('color',(#18517),#6789);
#18517 = PRESENTATION_STYLE_ASSIGNMENT((#18518));
#18518 = SURFACE_STYLE_USAGE(.BOTH.,#18519);
#18519 = SURFACE_SIDE_STYLE('',(#18520));
#18520 = SURFACE_STYLE_FILL_AREA(#18521);
#18521 = FILL_AREA_STYLE('',(#18522));
#18522 = FILL_AREA_STYLE_COLOUR('',#16958);
#18523 = STYLED_ITEM('color',(#18524),#6836);
#18524 = PRESENTATION_STYLE_ASSIGNMENT((#18525));
#18525 = SURFACE_STYLE_USAGE(.BOTH.,#18526);
#18526 = SURFACE_SIDE_STYLE('',(#18527));
#18527 = SURFACE_STYLE_FILL_AREA(#18528);
#18528 = FILL_AREA_STYLE('',(#18529));
#18529 = FILL_AREA_STYLE_COLOUR('',#16958);
#18530 = STYLED_ITEM('color',(#18531),#6848);
#18531 = PRESENTATION_STYLE_ASSIGNMENT((#18532));
#18532 = SURFACE_STYLE_USAGE(.BOTH.,#18533);
#18533 = SURFACE_SIDE_STYLE('',(#18534));
#18534 = SURFACE_STYLE_FILL_AREA(#18535);
#18535 = FILL_AREA_STYLE('',(#18536));
#18536 = FILL_AREA_STYLE_COLOUR('',#16958);
#18537 = STYLED_ITEM('color',(#18538),#6867);
#18538 = PRESENTATION_STYLE_ASSIGNMENT((#18539));
#18539 = SURFACE_STYLE_USAGE(.BOTH.,#18540);
#18540 = SURFACE_SIDE_STYLE('',(#18541));
#18541 = SURFACE_STYLE_FILL_AREA(#18542);
#18542 = FILL_AREA_STYLE('',(#18543));
#18543 = FILL_AREA_STYLE_COLOUR('',#16958);
#18544 = STYLED_ITEM('color',(#18545),#6884);
#18545 = PRESENTATION_STYLE_ASSIGNMENT((#18546));
#18546 = SURFACE_STYLE_USAGE(.BOTH.,#18547);
#18547 = SURFACE_SIDE_STYLE('',(#18548));
#18548 = SURFACE_STYLE_FILL_AREA(#18549);
#18549 = FILL_AREA_STYLE('',(#18550));
#18550 = FILL_AREA_STYLE_COLOUR('',#16958);
#18551 = STYLED_ITEM('color',(#18552),#6933);
#18552 = PRESENTATION_STYLE_ASSIGNMENT((#18553));
#18553 = SURFACE_STYLE_USAGE(.BOTH.,#18554);
#18554 = SURFACE_SIDE_STYLE('',(#18555));
#18555 = SURFACE_STYLE_FILL_AREA(#18556);
#18556 = FILL_AREA_STYLE('',(#18557));
#18557 = FILL_AREA_STYLE_COLOUR('',#16958);
#18558 = STYLED_ITEM('color',(#18559),#6957);
#18559 = PRESENTATION_STYLE_ASSIGNMENT((#18560));
#18560 = SURFACE_STYLE_USAGE(.BOTH.,#18561);
#18561 = SURFACE_SIDE_STYLE('',(#18562));
#18562 = SURFACE_STYLE_FILL_AREA(#18563);
#18563 = FILL_AREA_STYLE('',(#18564));
#18564 = FILL_AREA_STYLE_COLOUR('',#16958);
#18565 = STYLED_ITEM('color',(#18566),#6999);
#18566 = PRESENTATION_STYLE_ASSIGNMENT((#18567));
#18567 = SURFACE_STYLE_USAGE(.BOTH.,#18568);
#18568 = SURFACE_SIDE_STYLE('',(#18569));
#18569 = SURFACE_STYLE_FILL_AREA(#18570);
#18570 = FILL_AREA_STYLE('',(#18571));
#18571 = FILL_AREA_STYLE_COLOUR('',#16958);
#18572 = STYLED_ITEM('color',(#18573),#7016);
#18573 = PRESENTATION_STYLE_ASSIGNMENT((#18574));
#18574 = SURFACE_STYLE_USAGE(.BOTH.,#18575);
#18575 = SURFACE_SIDE_STYLE('',(#18576));
#18576 = SURFACE_STYLE_FILL_AREA(#18577);
#18577 = FILL_AREA_STYLE('',(#18578));
#18578 = FILL_AREA_STYLE_COLOUR('',#16958);
#18579 = STYLED_ITEM('color',(#18580),#7033);
#18580 = PRESENTATION_STYLE_ASSIGNMENT((#18581));
#18581 = SURFACE_STYLE_USAGE(.BOTH.,#18582);
#18582 = SURFACE_SIDE_STYLE('',(#18583));
#18583 = SURFACE_STYLE_FILL_AREA(#18584);
#18584 = FILL_AREA_STYLE('',(#18585));
#18585 = FILL_AREA_STYLE_COLOUR('',#16958);
#18586 = STYLED_ITEM('color',(#18587),#7052);
#18587 = PRESENTATION_STYLE_ASSIGNMENT((#18588));
#18588 = SURFACE_STYLE_USAGE(.BOTH.,#18589);
#18589 = SURFACE_SIDE_STYLE('',(#18590));
#18590 = SURFACE_STYLE_FILL_AREA(#18591);
#18591 = FILL_AREA_STYLE('',(#18592));
#18592 = FILL_AREA_STYLE_COLOUR('',#16958);
#18593 = STYLED_ITEM('color',(#18594),#7117);
#18594 = PRESENTATION_STYLE_ASSIGNMENT((#18595));
#18595 = SURFACE_STYLE_USAGE(.BOTH.,#18596);
#18596 = SURFACE_SIDE_STYLE('',(#18597));
#18597 = SURFACE_STYLE_FILL_AREA(#18598);
#18598 = FILL_AREA_STYLE('',(#18599));
#18599 = FILL_AREA_STYLE_COLOUR('',#16958);
#18600 = STYLED_ITEM('color',(#18601),#7141);
#18601 = PRESENTATION_STYLE_ASSIGNMENT((#18602));
#18602 = SURFACE_STYLE_USAGE(.BOTH.,#18603);
#18603 = SURFACE_SIDE_STYLE('',(#18604));
#18604 = SURFACE_STYLE_FILL_AREA(#18605);
#18605 = FILL_AREA_STYLE('',(#18606));
#18606 = FILL_AREA_STYLE_COLOUR('',#16958);
#18607 = STYLED_ITEM('color',(#18608),#7204);
#18608 = PRESENTATION_STYLE_ASSIGNMENT((#18609));
#18609 = SURFACE_STYLE_USAGE(.BOTH.,#18610);
#18610 = SURFACE_SIDE_STYLE('',(#18611));
#18611 = SURFACE_STYLE_FILL_AREA(#18612);
#18612 = FILL_AREA_STYLE('',(#18613));
#18613 = FILL_AREA_STYLE_COLOUR('',#16958);
#18614 = STYLED_ITEM('color',(#18615),#7216);
#18615 = PRESENTATION_STYLE_ASSIGNMENT((#18616));
#18616 = SURFACE_STYLE_USAGE(.BOTH.,#18617);
#18617 = SURFACE_SIDE_STYLE('',(#18618));
#18618 = SURFACE_STYLE_FILL_AREA(#18619);
#18619 = FILL_AREA_STYLE('',(#18620));
#18620 = FILL_AREA_STYLE_COLOUR('',#16958);
#18621 = STYLED_ITEM('color',(#18622),#7281);
#18622 = PRESENTATION_STYLE_ASSIGNMENT((#18623));
#18623 = SURFACE_STYLE_USAGE(.BOTH.,#18624);
#18624 = SURFACE_SIDE_STYLE('',(#18625));
#18625 = SURFACE_STYLE_FILL_AREA(#18626);
#18626 = FILL_AREA_STYLE('',(#18627));
#18627 = FILL_AREA_STYLE_COLOUR('',#16958);
#18628 = STYLED_ITEM('color',(#18629),#7305);
#18629 = PRESENTATION_STYLE_ASSIGNMENT((#18630));
#18630 = SURFACE_STYLE_USAGE(.BOTH.,#18631);
#18631 = SURFACE_SIDE_STYLE('',(#18632));
#18632 = SURFACE_STYLE_FILL_AREA(#18633);
#18633 = FILL_AREA_STYLE('',(#18634));
#18634 = FILL_AREA_STYLE_COLOUR('',#16958);
#18635 = STYLED_ITEM('color',(#18636),#7368);
#18636 = PRESENTATION_STYLE_ASSIGNMENT((#18637));
#18637 = SURFACE_STYLE_USAGE(.BOTH.,#18638);
#18638 = SURFACE_SIDE_STYLE('',(#18639));
#18639 = SURFACE_STYLE_FILL_AREA(#18640);
#18640 = FILL_AREA_STYLE('',(#18641));
#18641 = FILL_AREA_STYLE_COLOUR('',#16958);
#18642 = STYLED_ITEM('color',(#18643),#7385);
#18643 = PRESENTATION_STYLE_ASSIGNMENT((#18644));
#18644 = SURFACE_STYLE_USAGE(.BOTH.,#18645);
#18645 = SURFACE_SIDE_STYLE('',(#18646));
#18646 = SURFACE_STYLE_FILL_AREA(#18647);
#18647 = FILL_AREA_STYLE('',(#18648));
#18648 = FILL_AREA_STYLE_COLOUR('',#16958);
#18649 = STYLED_ITEM('color',(#18650),#7399);
#18650 = PRESENTATION_STYLE_ASSIGNMENT((#18651));
#18651 = SURFACE_STYLE_USAGE(.BOTH.,#18652);
#18652 = SURFACE_SIDE_STYLE('',(#18653));
#18653 = SURFACE_STYLE_FILL_AREA(#18654);
#18654 = FILL_AREA_STYLE('',(#18655));
#18655 = FILL_AREA_STYLE_COLOUR('',#16958);
#18656 = STYLED_ITEM('color',(#18657),#7416);
#18657 = PRESENTATION_STYLE_ASSIGNMENT((#18658));
#18658 = SURFACE_STYLE_USAGE(.BOTH.,#18659);
#18659 = SURFACE_SIDE_STYLE('',(#18660));
#18660 = SURFACE_STYLE_FILL_AREA(#18661);
#18661 = FILL_AREA_STYLE('',(#18662));
#18662 = FILL_AREA_STYLE_COLOUR('',#16958);
#18663 = STYLED_ITEM('color',(#18664),#7433);
#18664 = PRESENTATION_STYLE_ASSIGNMENT((#18665));
#18665 = SURFACE_STYLE_USAGE(.BOTH.,#18666);
#18666 = SURFACE_SIDE_STYLE('',(#18667));
#18667 = SURFACE_STYLE_FILL_AREA(#18668);
#18668 = FILL_AREA_STYLE('',(#18669));
#18669 = FILL_AREA_STYLE_COLOUR('',#15919);
#18670 = STYLED_ITEM('color',(#18671),#7782);
#18671 = PRESENTATION_STYLE_ASSIGNMENT((#18672));
#18672 = SURFACE_STYLE_USAGE(.BOTH.,#18673);
#18673 = SURFACE_SIDE_STYLE('',(#18674));
#18674 = SURFACE_STYLE_FILL_AREA(#18675);
#18675 = FILL_AREA_STYLE('',(#18676));
#18676 = FILL_AREA_STYLE_COLOUR('',#15919);
#18677 = STYLED_ITEM('color',(#18678),#7833);
#18678 = PRESENTATION_STYLE_ASSIGNMENT((#18679));
#18679 = SURFACE_STYLE_USAGE(.BOTH.,#18680);
#18680 = SURFACE_SIDE_STYLE('',(#18681));
#18681 = SURFACE_STYLE_FILL_AREA(#18682);
#18682 = FILL_AREA_STYLE('',(#18683));
#18683 = FILL_AREA_STYLE_COLOUR('',#16958);
#18684 = STYLED_ITEM('color',(#18685),#7852);
#18685 = PRESENTATION_STYLE_ASSIGNMENT((#18686));
#18686 = SURFACE_STYLE_USAGE(.BOTH.,#18687);
#18687 = SURFACE_SIDE_STYLE('',(#18688));
#18688 = SURFACE_STYLE_FILL_AREA(#18689);
#18689 = FILL_AREA_STYLE('',(#18690));
#18690 = FILL_AREA_STYLE_COLOUR('',#16958);
#18691 = STYLED_ITEM('color',(#18692),#7901);
#18692 = PRESENTATION_STYLE_ASSIGNMENT((#18693));
#18693 = SURFACE_STYLE_USAGE(.BOTH.,#18694);
#18694 = SURFACE_SIDE_STYLE('',(#18695));
#18695 = SURFACE_STYLE_FILL_AREA(#18696);
#18696 = FILL_AREA_STYLE('',(#18697));
#18697 = FILL_AREA_STYLE_COLOUR('',#16958);
#18698 = STYLED_ITEM('color',(#18699),#7925);
#18699 = PRESENTATION_STYLE_ASSIGNMENT((#18700));
#18700 = SURFACE_STYLE_USAGE(.BOTH.,#18701);
#18701 = SURFACE_SIDE_STYLE('',(#18702));
#18702 = SURFACE_STYLE_FILL_AREA(#18703);
#18703 = FILL_AREA_STYLE('',(#18704));
#18704 = FILL_AREA_STYLE_COLOUR('',#16958);
#18705 = STYLED_ITEM('color',(#18706),#7972);
#18706 = PRESENTATION_STYLE_ASSIGNMENT((#18707));
#18707 = SURFACE_STYLE_USAGE(.BOTH.,#18708);
#18708 = SURFACE_SIDE_STYLE('',(#18709));
#18709 = SURFACE_STYLE_FILL_AREA(#18710);
#18710 = FILL_AREA_STYLE('',(#18711));
#18711 = FILL_AREA_STYLE_COLOUR('',#16958);
#18712 = STYLED_ITEM('color',(#18713),#7984);
#18713 = PRESENTATION_STYLE_ASSIGNMENT((#18714));
#18714 = SURFACE_STYLE_USAGE(.BOTH.,#18715);
#18715 = SURFACE_SIDE_STYLE('',(#18716));
#18716 = SURFACE_STYLE_FILL_AREA(#18717);
#18717 = FILL_AREA_STYLE('',(#18718));
#18718 = FILL_AREA_STYLE_COLOUR('',#16958);
#18719 = STYLED_ITEM('color',(#18720),#8038);
#18720 = PRESENTATION_STYLE_ASSIGNMENT((#18721));
#18721 = SURFACE_STYLE_USAGE(.BOTH.,#18722);
#18722 = SURFACE_SIDE_STYLE('',(#18723));
#18723 = SURFACE_STYLE_FILL_AREA(#18724);
#18724 = FILL_AREA_STYLE('',(#18725));
#18725 = FILL_AREA_STYLE_COLOUR('',#16958);
#18726 = STYLED_ITEM('color',(#18727),#8062);
#18727 = PRESENTATION_STYLE_ASSIGNMENT((#18728));
#18728 = SURFACE_STYLE_USAGE(.BOTH.,#18729);
#18729 = SURFACE_SIDE_STYLE('',(#18730));
#18730 = SURFACE_STYLE_FILL_AREA(#18731);
#18731 = FILL_AREA_STYLE('',(#18732));
#18732 = FILL_AREA_STYLE_COLOUR('',#16958);
#18733 = STYLED_ITEM('color',(#18734),#8104);
#18734 = PRESENTATION_STYLE_ASSIGNMENT((#18735));
#18735 = SURFACE_STYLE_USAGE(.BOTH.,#18736);
#18736 = SURFACE_SIDE_STYLE('',(#18737));
#18737 = SURFACE_STYLE_FILL_AREA(#18738);
#18738 = FILL_AREA_STYLE('',(#18739));
#18739 = FILL_AREA_STYLE_COLOUR('',#16958);
#18740 = STYLED_ITEM('color',(#18741),#8123);
#18741 = PRESENTATION_STYLE_ASSIGNMENT((#18742));
#18742 = SURFACE_STYLE_USAGE(.BOTH.,#18743);
#18743 = SURFACE_SIDE_STYLE('',(#18744));
#18744 = SURFACE_STYLE_FILL_AREA(#18745);
#18745 = FILL_AREA_STYLE('',(#18746));
#18746 = FILL_AREA_STYLE_COLOUR('',#16958);
#18747 = STYLED_ITEM('color',(#18748),#8135);
#18748 = PRESENTATION_STYLE_ASSIGNMENT((#18749));
#18749 = SURFACE_STYLE_USAGE(.BOTH.,#18750);
#18750 = SURFACE_SIDE_STYLE('',(#18751));
#18751 = SURFACE_STYLE_FILL_AREA(#18752);
#18752 = FILL_AREA_STYLE('',(#18753));
#18753 = FILL_AREA_STYLE_COLOUR('',#16958);
#18754 = STYLED_ITEM('color',(#18755),#8152);
#18755 = PRESENTATION_STYLE_ASSIGNMENT((#18756));
#18756 = SURFACE_STYLE_USAGE(.BOTH.,#18757);
#18757 = SURFACE_SIDE_STYLE('',(#18758));
#18758 = SURFACE_STYLE_FILL_AREA(#18759);
#18759 = FILL_AREA_STYLE('',(#18760));
#18760 = FILL_AREA_STYLE_COLOUR('',#16958);
#18761 = STYLED_ITEM('color',(#18762),#8169);
#18762 = PRESENTATION_STYLE_ASSIGNMENT((#18763));
#18763 = SURFACE_STYLE_USAGE(.BOTH.,#18764);
#18764 = SURFACE_SIDE_STYLE('',(#18765));
#18765 = SURFACE_STYLE_FILL_AREA(#18766);
#18766 = FILL_AREA_STYLE('',(#18767));
#18767 = FILL_AREA_STYLE_COLOUR('',#16958);
#18768 = STYLED_ITEM('color',(#18769),#8188);
#18769 = PRESENTATION_STYLE_ASSIGNMENT((#18770));
#18770 = SURFACE_STYLE_USAGE(.BOTH.,#18771);
#18771 = SURFACE_SIDE_STYLE('',(#18772));
#18772 = SURFACE_STYLE_FILL_AREA(#18773);
#18773 = FILL_AREA_STYLE('',(#18774));
#18774 = FILL_AREA_STYLE_COLOUR('',#16958);
#18775 = STYLED_ITEM('color',(#18776),#8205);
#18776 = PRESENTATION_STYLE_ASSIGNMENT((#18777));
#18777 = SURFACE_STYLE_USAGE(.BOTH.,#18778);
#18778 = SURFACE_SIDE_STYLE('',(#18779));
#18779 = SURFACE_STYLE_FILL_AREA(#18780);
#18780 = FILL_AREA_STYLE('',(#18781));
#18781 = FILL_AREA_STYLE_COLOUR('',#16958);
#18782 = STYLED_ITEM('color',(#18783),#8270);
#18783 = PRESENTATION_STYLE_ASSIGNMENT((#18784));
#18784 = SURFACE_STYLE_USAGE(.BOTH.,#18785);
#18785 = SURFACE_SIDE_STYLE('',(#18786));
#18786 = SURFACE_STYLE_FILL_AREA(#18787);
#18787 = FILL_AREA_STYLE('',(#18788));
#18788 = FILL_AREA_STYLE_COLOUR('',#16958);
#18789 = STYLED_ITEM('color',(#18790),#8294);
#18790 = PRESENTATION_STYLE_ASSIGNMENT((#18791));
#18791 = SURFACE_STYLE_USAGE(.BOTH.,#18792);
#18792 = SURFACE_SIDE_STYLE('',(#18793));
#18793 = SURFACE_STYLE_FILL_AREA(#18794);
#18794 = FILL_AREA_STYLE('',(#18795));
#18795 = FILL_AREA_STYLE_COLOUR('',#16958);
#18796 = STYLED_ITEM('color',(#18797),#8352);
#18797 = PRESENTATION_STYLE_ASSIGNMENT((#18798));
#18798 = SURFACE_STYLE_USAGE(.BOTH.,#18799);
#18799 = SURFACE_SIDE_STYLE('',(#18800));
#18800 = SURFACE_STYLE_FILL_AREA(#18801);
#18801 = FILL_AREA_STYLE('',(#18802));
#18802 = FILL_AREA_STYLE_COLOUR('',#16958);
#18803 = STYLED_ITEM('color',(#18804),#8374);
#18804 = PRESENTATION_STYLE_ASSIGNMENT((#18805));
#18805 = SURFACE_STYLE_USAGE(.BOTH.,#18806);
#18806 = SURFACE_SIDE_STYLE('',(#18807));
#18807 = SURFACE_STYLE_FILL_AREA(#18808);
#18808 = FILL_AREA_STYLE('',(#18809));
#18809 = FILL_AREA_STYLE_COLOUR('',#16958);
#18810 = STYLED_ITEM('color',(#18811),#8439);
#18811 = PRESENTATION_STYLE_ASSIGNMENT((#18812));
#18812 = SURFACE_STYLE_USAGE(.BOTH.,#18813);
#18813 = SURFACE_SIDE_STYLE('',(#18814));
#18814 = SURFACE_STYLE_FILL_AREA(#18815);
#18815 = FILL_AREA_STYLE('',(#18816));
#18816 = FILL_AREA_STYLE_COLOUR('',#16958);
#18817 = STYLED_ITEM('color',(#18818),#8463);
#18818 = PRESENTATION_STYLE_ASSIGNMENT((#18819));
#18819 = SURFACE_STYLE_USAGE(.BOTH.,#18820);
#18820 = SURFACE_SIDE_STYLE('',(#18821));
#18821 = SURFACE_STYLE_FILL_AREA(#18822);
#18822 = FILL_AREA_STYLE('',(#18823));
#18823 = FILL_AREA_STYLE_COLOUR('',#16958);
#18824 = STYLED_ITEM('color',(#18825),#8521);
#18825 = PRESENTATION_STYLE_ASSIGNMENT((#18826));
#18826 = SURFACE_STYLE_USAGE(.BOTH.,#18827);
#18827 = SURFACE_SIDE_STYLE('',(#18828));
#18828 = SURFACE_STYLE_FILL_AREA(#18829);
#18829 = FILL_AREA_STYLE('',(#18830));
#18830 = FILL_AREA_STYLE_COLOUR('',#16958);
#18831 = STYLED_ITEM('color',(#18832),#8535);
#18832 = PRESENTATION_STYLE_ASSIGNMENT((#18833));
#18833 = SURFACE_STYLE_USAGE(.BOTH.,#18834);
#18834 = SURFACE_SIDE_STYLE('',(#18835));
#18835 = SURFACE_STYLE_FILL_AREA(#18836);
#18836 = FILL_AREA_STYLE('',(#18837));
#18837 = FILL_AREA_STYLE_COLOUR('',#16958);
#18838 = STYLED_ITEM('color',(#18839),#8552);
#18839 = PRESENTATION_STYLE_ASSIGNMENT((#18840));
#18840 = SURFACE_STYLE_USAGE(.BOTH.,#18841);
#18841 = SURFACE_SIDE_STYLE('',(#18842));
#18842 = SURFACE_STYLE_FILL_AREA(#18843);
#18843 = FILL_AREA_STYLE('',(#18844));
#18844 = FILL_AREA_STYLE_COLOUR('',#16958);
#18845 = STYLED_ITEM('color',(#18846),#8569);
#18846 = PRESENTATION_STYLE_ASSIGNMENT((#18847));
#18847 = SURFACE_STYLE_USAGE(.BOTH.,#18848);
#18848 = SURFACE_SIDE_STYLE('',(#18849));
#18849 = SURFACE_STYLE_FILL_AREA(#18850);
#18850 = FILL_AREA_STYLE('',(#18851));
#18851 = FILL_AREA_STYLE_COLOUR('',#15919);
#18852 = STYLED_ITEM('color',(#18853),#8586);
#18853 = PRESENTATION_STYLE_ASSIGNMENT((#18854));
#18854 = SURFACE_STYLE_USAGE(.BOTH.,#18855);
#18855 = SURFACE_SIDE_STYLE('',(#18856));
#18856 = SURFACE_STYLE_FILL_AREA(#18857);
#18857 = FILL_AREA_STYLE('',(#18858));
#18858 = FILL_AREA_STYLE_COLOUR('',#15919);
#18859 = STYLED_ITEM('color',(#18860),#8615);
#18860 = PRESENTATION_STYLE_ASSIGNMENT((#18861));
#18861 = SURFACE_STYLE_USAGE(.BOTH.,#18862);
#18862 = SURFACE_SIDE_STYLE('',(#18863));
#18863 = SURFACE_STYLE_FILL_AREA(#18864);
#18864 = FILL_AREA_STYLE('',(#18865));
#18865 = FILL_AREA_STYLE_COLOUR('',#16958);
#18866 = STYLED_ITEM('color',(#18867),#8632);
#18867 = PRESENTATION_STYLE_ASSIGNMENT((#18868));
#18868 = SURFACE_STYLE_USAGE(.BOTH.,#18869);
#18869 = SURFACE_SIDE_STYLE('',(#18870));
#18870 = SURFACE_STYLE_FILL_AREA(#18871);
#18871 = FILL_AREA_STYLE('',(#18872));
#18872 = FILL_AREA_STYLE_COLOUR('',#16958);
#18873 = STYLED_ITEM('color',(#18874),#8649);
#18874 = PRESENTATION_STYLE_ASSIGNMENT((#18875));
#18875 = SURFACE_STYLE_USAGE(.BOTH.,#18876);
#18876 = SURFACE_SIDE_STYLE('',(#18877));
#18877 = SURFACE_STYLE_FILL_AREA(#18878);
#18878 = FILL_AREA_STYLE('',(#18879));
#18879 = FILL_AREA_STYLE_COLOUR('',#16958);
#18880 = STYLED_ITEM('color',(#18881),#8661);
#18881 = PRESENTATION_STYLE_ASSIGNMENT((#18882));
#18882 = SURFACE_STYLE_USAGE(.BOTH.,#18883);
#18883 = SURFACE_SIDE_STYLE('',(#18884));
#18884 = SURFACE_STYLE_FILL_AREA(#18885);
#18885 = FILL_AREA_STYLE('',(#18886));
#18886 = FILL_AREA_STYLE_COLOUR('',#16958);
#18887 = STYLED_ITEM('color',(#18888),#8678);
#18888 = PRESENTATION_STYLE_ASSIGNMENT((#18889));
#18889 = SURFACE_STYLE_USAGE(.BOTH.,#18890);
#18890 = SURFACE_SIDE_STYLE('',(#18891));
#18891 = SURFACE_STYLE_FILL_AREA(#18892);
#18892 = FILL_AREA_STYLE('',(#18893));
#18893 = FILL_AREA_STYLE_COLOUR('',#16958);
#18894 = STYLED_ITEM('color',(#18895),#8695);
#18895 = PRESENTATION_STYLE_ASSIGNMENT((#18896));
#18896 = SURFACE_STYLE_USAGE(.BOTH.,#18897);
#18897 = SURFACE_SIDE_STYLE('',(#18898));
#18898 = SURFACE_STYLE_FILL_AREA(#18899);
#18899 = FILL_AREA_STYLE('',(#18900));
#18900 = FILL_AREA_STYLE_COLOUR('',#16958);
#18901 = STYLED_ITEM('color',(#18902),#8707);
#18902 = PRESENTATION_STYLE_ASSIGNMENT((#18903));
#18903 = SURFACE_STYLE_USAGE(.BOTH.,#18904);
#18904 = SURFACE_SIDE_STYLE('',(#18905));
#18905 = SURFACE_STYLE_FILL_AREA(#18906);
#18906 = FILL_AREA_STYLE('',(#18907));
#18907 = FILL_AREA_STYLE_COLOUR('',#16958);
#18908 = STYLED_ITEM('color',(#18909),#8724);
#18909 = PRESENTATION_STYLE_ASSIGNMENT((#18910));
#18910 = SURFACE_STYLE_USAGE(.BOTH.,#18911);
#18911 = SURFACE_SIDE_STYLE('',(#18912));
#18912 = SURFACE_STYLE_FILL_AREA(#18913);
#18913 = FILL_AREA_STYLE('',(#18914));
#18914 = FILL_AREA_STYLE_COLOUR('',#16958);
#18915 = STYLED_ITEM('color',(#18916),#8741);
#18916 = PRESENTATION_STYLE_ASSIGNMENT((#18917));
#18917 = SURFACE_STYLE_USAGE(.BOTH.,#18918);
#18918 = SURFACE_SIDE_STYLE('',(#18919));
#18919 = SURFACE_STYLE_FILL_AREA(#18920);
#18920 = FILL_AREA_STYLE('',(#18921));
#18921 = FILL_AREA_STYLE_COLOUR('',#16958);
#18922 = STYLED_ITEM('color',(#18923),#8758);
#18923 = PRESENTATION_STYLE_ASSIGNMENT((#18924));
#18924 = SURFACE_STYLE_USAGE(.BOTH.,#18925);
#18925 = SURFACE_SIDE_STYLE('',(#18926));
#18926 = SURFACE_STYLE_FILL_AREA(#18927);
#18927 = FILL_AREA_STYLE('',(#18928));
#18928 = FILL_AREA_STYLE_COLOUR('',#16958);
#18929 = STYLED_ITEM('color',(#18930),#8775);
#18930 = PRESENTATION_STYLE_ASSIGNMENT((#18931));
#18931 = SURFACE_STYLE_USAGE(.BOTH.,#18932);
#18932 = SURFACE_SIDE_STYLE('',(#18933));
#18933 = SURFACE_STYLE_FILL_AREA(#18934);
#18934 = FILL_AREA_STYLE('',(#18935));
#18935 = FILL_AREA_STYLE_COLOUR('',#16958);
#18936 = STYLED_ITEM('color',(#18937),#8787);
#18937 = PRESENTATION_STYLE_ASSIGNMENT((#18938));
#18938 = SURFACE_STYLE_USAGE(.BOTH.,#18939);
#18939 = SURFACE_SIDE_STYLE('',(#18940));
#18940 = SURFACE_STYLE_FILL_AREA(#18941);
#18941 = FILL_AREA_STYLE('',(#18942));
#18942 = FILL_AREA_STYLE_COLOUR('',#16958);
#18943 = STYLED_ITEM('color',(#18944),#8804);
#18944 = PRESENTATION_STYLE_ASSIGNMENT((#18945));
#18945 = SURFACE_STYLE_USAGE(.BOTH.,#18946);
#18946 = SURFACE_SIDE_STYLE('',(#18947));
#18947 = SURFACE_STYLE_FILL_AREA(#18948);
#18948 = FILL_AREA_STYLE('',(#18949));
#18949 = FILL_AREA_STYLE_COLOUR('',#16958);
#18950 = STYLED_ITEM('color',(#18951),#8821);
#18951 = PRESENTATION_STYLE_ASSIGNMENT((#18952));
#18952 = SURFACE_STYLE_USAGE(.BOTH.,#18953);
#18953 = SURFACE_SIDE_STYLE('',(#18954));
#18954 = SURFACE_STYLE_FILL_AREA(#18955);
#18955 = FILL_AREA_STYLE('',(#18956));
#18956 = FILL_AREA_STYLE_COLOUR('',#16958);
#18957 = STYLED_ITEM('color',(#18958),#8838);
#18958 = PRESENTATION_STYLE_ASSIGNMENT((#18959));
#18959 = SURFACE_STYLE_USAGE(.BOTH.,#18960);
#18960 = SURFACE_SIDE_STYLE('',(#18961));
#18961 = SURFACE_STYLE_FILL_AREA(#18962);
#18962 = FILL_AREA_STYLE('',(#18963));
#18963 = FILL_AREA_STYLE_COLOUR('',#16958);
#18964 = STYLED_ITEM('color',(#18965),#8855);
#18965 = PRESENTATION_STYLE_ASSIGNMENT((#18966));
#18966 = SURFACE_STYLE_USAGE(.BOTH.,#18967);
#18967 = SURFACE_SIDE_STYLE('',(#18968));
#18968 = SURFACE_STYLE_FILL_AREA(#18969);
#18969 = FILL_AREA_STYLE('',(#18970));
#18970 = FILL_AREA_STYLE_COLOUR('',#16958);
#18971 = STYLED_ITEM('color',(#18972),#8867);
#18972 = PRESENTATION_STYLE_ASSIGNMENT((#18973));
#18973 = SURFACE_STYLE_USAGE(.BOTH.,#18974);
#18974 = SURFACE_SIDE_STYLE('',(#18975));
#18975 = SURFACE_STYLE_FILL_AREA(#18976);
#18976 = FILL_AREA_STYLE('',(#18977));
#18977 = FILL_AREA_STYLE_COLOUR('',#15919);
#18978 = STYLED_ITEM('color',(#18979),#8895);
#18979 = PRESENTATION_STYLE_ASSIGNMENT((#18980));
#18980 = SURFACE_STYLE_USAGE(.BOTH.,#18981);
#18981 = SURFACE_SIDE_STYLE('',(#18982));
#18982 = SURFACE_STYLE_FILL_AREA(#18983);
#18983 = FILL_AREA_STYLE('',(#18984));
#18984 = FILL_AREA_STYLE_COLOUR('',#15919);
#18985 = STYLED_ITEM('color',(#18986),#8906);
#18986 = PRESENTATION_STYLE_ASSIGNMENT((#18987));
#18987 = SURFACE_STYLE_USAGE(.BOTH.,#18988);
#18988 = SURFACE_SIDE_STYLE('',(#18989));
#18989 = SURFACE_STYLE_FILL_AREA(#18990);
#18990 = FILL_AREA_STYLE('',(#18991));
#18991 = FILL_AREA_STYLE_COLOUR('',#16958);
#18992 = STYLED_ITEM('color',(#18993),#8923);
#18993 = PRESENTATION_STYLE_ASSIGNMENT((#18994));
#18994 = SURFACE_STYLE_USAGE(.BOTH.,#18995);
#18995 = SURFACE_SIDE_STYLE('',(#18996));
#18996 = SURFACE_STYLE_FILL_AREA(#18997);
#18997 = FILL_AREA_STYLE('',(#18998));
#18998 = FILL_AREA_STYLE_COLOUR('',#16958);
#18999 = STYLED_ITEM('color',(#19000),#8940);
#19000 = PRESENTATION_STYLE_ASSIGNMENT((#19001));
#19001 = SURFACE_STYLE_USAGE(.BOTH.,#19002);
#19002 = SURFACE_SIDE_STYLE('',(#19003));
#19003 = SURFACE_STYLE_FILL_AREA(#19004);
#19004 = FILL_AREA_STYLE('',(#19005));
#19005 = FILL_AREA_STYLE_COLOUR('',#16958);
#19006 = STYLED_ITEM('color',(#19007),#8952);
#19007 = PRESENTATION_STYLE_ASSIGNMENT((#19008));
#19008 = SURFACE_STYLE_USAGE(.BOTH.,#19009);
#19009 = SURFACE_SIDE_STYLE('',(#19010));
#19010 = SURFACE_STYLE_FILL_AREA(#19011);
#19011 = FILL_AREA_STYLE('',(#19012));
#19012 = FILL_AREA_STYLE_COLOUR('',#16958);
#19013 = STYLED_ITEM('color',(#19014),#8969);
#19014 = PRESENTATION_STYLE_ASSIGNMENT((#19015));
#19015 = SURFACE_STYLE_USAGE(.BOTH.,#19016);
#19016 = SURFACE_SIDE_STYLE('',(#19017));
#19017 = SURFACE_STYLE_FILL_AREA(#19018);
#19018 = FILL_AREA_STYLE('',(#19019));
#19019 = FILL_AREA_STYLE_COLOUR('',#16958);
#19020 = STYLED_ITEM('color',(#19021),#8986);
#19021 = PRESENTATION_STYLE_ASSIGNMENT((#19022));
#19022 = SURFACE_STYLE_USAGE(.BOTH.,#19023);
#19023 = SURFACE_SIDE_STYLE('',(#19024));
#19024 = SURFACE_STYLE_FILL_AREA(#19025);
#19025 = FILL_AREA_STYLE('',(#19026));
#19026 = FILL_AREA_STYLE_COLOUR('',#16958);
#19027 = STYLED_ITEM('color',(#19028),#8998);
#19028 = PRESENTATION_STYLE_ASSIGNMENT((#19029));
#19029 = SURFACE_STYLE_USAGE(.BOTH.,#19030);
#19030 = SURFACE_SIDE_STYLE('',(#19031));
#19031 = SURFACE_STYLE_FILL_AREA(#19032);
#19032 = FILL_AREA_STYLE('',(#19033));
#19033 = FILL_AREA_STYLE_COLOUR('',#16958);
#19034 = STYLED_ITEM('color',(#19035),#9015);
#19035 = PRESENTATION_STYLE_ASSIGNMENT((#19036));
#19036 = SURFACE_STYLE_USAGE(.BOTH.,#19037);
#19037 = SURFACE_SIDE_STYLE('',(#19038));
#19038 = SURFACE_STYLE_FILL_AREA(#19039);
#19039 = FILL_AREA_STYLE('',(#19040));
#19040 = FILL_AREA_STYLE_COLOUR('',#16958);
#19041 = STYLED_ITEM('color',(#19042),#9032);
#19042 = PRESENTATION_STYLE_ASSIGNMENT((#19043));
#19043 = SURFACE_STYLE_USAGE(.BOTH.,#19044);
#19044 = SURFACE_SIDE_STYLE('',(#19045));
#19045 = SURFACE_STYLE_FILL_AREA(#19046);
#19046 = FILL_AREA_STYLE('',(#19047));
#19047 = FILL_AREA_STYLE_COLOUR('',#16958);
#19048 = STYLED_ITEM('color',(#19049),#9049);
#19049 = PRESENTATION_STYLE_ASSIGNMENT((#19050));
#19050 = SURFACE_STYLE_USAGE(.BOTH.,#19051);
#19051 = SURFACE_SIDE_STYLE('',(#19052));
#19052 = SURFACE_STYLE_FILL_AREA(#19053);
#19053 = FILL_AREA_STYLE('',(#19054));
#19054 = FILL_AREA_STYLE_COLOUR('',#16958);
#19055 = STYLED_ITEM('color',(#19056),#9066);
#19056 = PRESENTATION_STYLE_ASSIGNMENT((#19057));
#19057 = SURFACE_STYLE_USAGE(.BOTH.,#19058);
#19058 = SURFACE_SIDE_STYLE('',(#19059));
#19059 = SURFACE_STYLE_FILL_AREA(#19060);
#19060 = FILL_AREA_STYLE('',(#19061));
#19061 = FILL_AREA_STYLE_COLOUR('',#16958);
#19062 = STYLED_ITEM('color',(#19063),#9078);
#19063 = PRESENTATION_STYLE_ASSIGNMENT((#19064));
#19064 = SURFACE_STYLE_USAGE(.BOTH.,#19065);
#19065 = SURFACE_SIDE_STYLE('',(#19066));
#19066 = SURFACE_STYLE_FILL_AREA(#19067);
#19067 = FILL_AREA_STYLE('',(#19068));
#19068 = FILL_AREA_STYLE_COLOUR('',#16958);
#19069 = STYLED_ITEM('color',(#19070),#9095);
#19070 = PRESENTATION_STYLE_ASSIGNMENT((#19071));
#19071 = SURFACE_STYLE_USAGE(.BOTH.,#19072);
#19072 = SURFACE_SIDE_STYLE('',(#19073));
#19073 = SURFACE_STYLE_FILL_AREA(#19074);
#19074 = FILL_AREA_STYLE('',(#19075));
#19075 = FILL_AREA_STYLE_COLOUR('',#16958);
#19076 = STYLED_ITEM('color',(#19077),#9112);
#19077 = PRESENTATION_STYLE_ASSIGNMENT((#19078));
#19078 = SURFACE_STYLE_USAGE(.BOTH.,#19079);
#19079 = SURFACE_SIDE_STYLE('',(#19080));
#19080 = SURFACE_STYLE_FILL_AREA(#19081);
#19081 = FILL_AREA_STYLE('',(#19082));
#19082 = FILL_AREA_STYLE_COLOUR('',#16958);
#19083 = STYLED_ITEM('color',(#19084),#9129);
#19084 = PRESENTATION_STYLE_ASSIGNMENT((#19085));
#19085 = SURFACE_STYLE_USAGE(.BOTH.,#19086);
#19086 = SURFACE_SIDE_STYLE('',(#19087));
#19087 = SURFACE_STYLE_FILL_AREA(#19088);
#19088 = FILL_AREA_STYLE('',(#19089));
#19089 = FILL_AREA_STYLE_COLOUR('',#16958);
#19090 = STYLED_ITEM('color',(#19091),#9146);
#19091 = PRESENTATION_STYLE_ASSIGNMENT((#19092));
#19092 = SURFACE_STYLE_USAGE(.BOTH.,#19093);
#19093 = SURFACE_SIDE_STYLE('',(#19094));
#19094 = SURFACE_STYLE_FILL_AREA(#19095);
#19095 = FILL_AREA_STYLE('',(#19096));
#19096 = FILL_AREA_STYLE_COLOUR('',#16958);
ENDSEC;
END-ISO-10303-21;
