0.07046937942504883,0
0.09116530418395996,0
0.11168169975280762,0
0.13523364067077637,0
0.15523386001586914,0
0.1772317886352539,0
0.19907593727111816,0
0.2201228141784668,0
0.24299144744873047,0
0.2667691707611084,0
0.2877213954925537,0
0.3082735538482666,0
0.32881784439086914,0
0.3537619113922119,0
0.3742713928222656,0
0.3962864875793457,0
0.4153096675872803,0
0.43932294845581055,0
0.46085667610168457,0
0.48037028312683105,0
0.5032436847686768,0
0.5252625942230225,0
0.5463624000549316,0
0.566464900970459,0
0.5872776508331299,0
0.6154639720916748,0
0.63590407371521,0
0.6569056510925293,0
0.6794195175170898,0
0.6994009017944336,0
0.7223057746887207,0
0.7433269023895264,0
0.7633895874023438,0
0.7839832305908203,0
0.8099923133850098,0
0.8285477161407471,0
0.8489151000976562,0
0.8748838901519775,0
0.8982763290405273,0
0.9190242290496826,0
0.9390316009521484,0
0.959557056427002,0
0.9835708141326904,0
1.004441261291504,0
1.0252187252044678,0
1.0472078323364258,0
1.0662841796875,0
1.0911564826965332,0
1.1111953258514404,0
1.1315407752990723,0
1.1590588092803955,0
1.177079200744629,0
1.1971290111541748,0
1.22298002243042,0
1.2422010898590088,0
1.2632224559783936,0
1.2873828411102295,0
1.3077061176300049,0
1.3281927108764648,0
1.3542087078094482,0
1.3731880187988281,0
1.3936970233917236,0
1.4192008972167969,0
1.4387624263763428,0
1.4593069553375244,0
1.482318639755249,0
1.5047259330749512,0
1.526319980621338,0
1.5467917919158936,0
1.5701377391815186,0
1.590987205505371,0
1.6322979927062988,0
1.6768748760223389,0
1.6968700885772705,0
1.7178220748901367,0
1.7382731437683105,0
1.7587900161743164,0
1.778745174407959,0
1.7992479801177979,0
1.8201956748962402,0
1.8401377201080322,0
1.861145257949829,0
1.8811659812927246,0
1.9021174907684326,0
1.9221835136413574,0
1.9426665306091309,0
1.9631803035736084,0
1.9837121963500977,0
2.003988265991211,0
2.024704933166504,0
2.045520782470703,0
2.0655620098114014,0
2.085991859436035,0
2.1068668365478516,0
2.1269052028656006,0
2.147327423095703,0
2.167851686477661,0
2.188328266143799,0
2.209099769592285,0
2.2296183109283447,0
2.2502927780151367,0
2.270308256149292,0
2.2908616065979004,0
2.311379909515381,0
2.3321573734283447,0
2.3521268367767334,0
2.37304949760437,0
2.393578052520752,0
2.414109945297241,0
2.4341022968292236,0
2.454625129699707,1
2.475529670715332,1
2.4955556392669678,1
2.5164742469787598,1
2.5369627475738525,1
2.5569748878479004,1
2.577545642852783,1
2.598073959350586,1
2.618861198425293,1
2.639113426208496,1
2.659611701965332,1
2.680349588394165,1
2.7003910541534424,1
2.721301555633545,1
2.7415988445281982,1
2.762103319168091,1
2.7827248573303223,1
2.8032021522521973,1
2.823667049407959,1
2.8436501026153564,1
2.8641517162323,1
2.884596586227417,1
2.9055604934692383,1
2.926064968109131,1
2.9460761547088623,1
2.967066526412964,1
2.987018346786499,1
3.0075738430023193,1
3.0281424522399902,1
3.048962116241455,1
3.0689384937286377,1
3.089912176132202,1
3.109890937805176,1
3.1308135986328125,1
3.1513843536376953,1
3.1716158390045166,1
3.192352533340454,1
3.212322473526001,1
3.233262538909912,1
3.2537574768066406,1
3.2742645740509033,1
3.2947163581848145,1
3.314617872238159,1
3.3356313705444336,1
3.3561363220214844,1
3.3766844272613525,1
3.3966128826141357,1
3.4175946712493896,1
3.4376213550567627,1
3.458134174346924,1
3.479067325592041,1
3.499035120010376,1
3.5199711322784424,1
3.5404887199401855,1
3.5606372356414795,1
3.580991744995117,1
3.601604461669922,1
3.622431993484497,1
3.6429390907287598,1
3.663384437561035,1
3.6838440895080566,1
3.7041239738464355,1
3.7248446941375732,1
3.745103597640991,1
3.76574444770813,1
3.785764694213867,1
3.8061795234680176,1
3.826662302017212,1
3.8471086025238037,1
3.8676717281341553,1
3.88809871673584,1
3.9086244106292725,1
3.9291324615478516,1
3.950105905532837,1
3.970088481903076,1
3.990591049194336,1
4.01152777671814,1
4.031602621078491,1
4.052088260650635,1
4.072977781295776,1
4.093045949935913,1
4.113948822021484,1
4.134104251861572,1
4.154592037200928,1
4.175099849700928,1
4.195868492126465,1
4.21639084815979,1
4.236834764480591,1
4.256836652755737,1
4.277622222900391,1
4.297789812088013,1
4.318760871887207,1
4.339271545410156,1
4.359278917312622,1
4.3798508644104,1
4.400198936462402,1
4.4206156730651855,1
4.441157817840576,0
4.461656093597412,0
4.482595682144165,0
4.503055810928345,0
4.523547410964966,0
4.544025421142578,0
4.564044237136841,0
4.584962606430054,0
4.605475425720215,0
4.625947952270508,0
4.646429777145386,0
4.666937351226807,0
4.687368392944336,0
4.707597732543945,0
4.7278852462768555,0
4.748345136642456,0
4.768821477890015,0
4.789272785186768,0
4.809717893600464,0
4.830289125442505,0
4.850697755813599,0
4.871230602264404,0
4.8922035694122314,0
4.912672519683838,0
4.9331653118133545,0
4.953180313110352,0
4.974104404449463,0
4.994111776351929,0
5.015060901641846,0
5.0350341796875,0
5.055541276931763,0
5.076516151428223,0
5.096763372421265,0
5.117474555969238,0
5.137600660324097,0
5.158105134963989,0
5.178970098495483,0
5.199392795562744,0
5.2198708057403564,0
5.240102291107178,0
5.260615110397339,0
5.28111720085144,0
5.30132794380188,0
5.321776628494263,0
5.342287540435791,0
5.362793922424316,0
5.383623838424683,0
5.40422797203064,0
5.424159049987793,0
5.445350646972656,0
5.46569037437439,0
5.485658645629883,0
5.506105899810791,0
5.526629209518433,0
5.547102451324463,0
5.567584276199341,0
5.588048219680786,0
5.608612775802612,0
5.6295342445373535,0
5.649972915649414,0
5.670113563537598,0
5.691014528274536,0
5.711090803146362,0
5.731389045715332,0
5.751875162124634,0
5.772861003875732,0
5.792808532714844,0
5.813797235488892,0
5.833761692047119,0
5.854258298873901,0
5.8750901222229,0
5.895712614059448,0
5.915719032287598,0
5.936683893203735,0
5.957194805145264,0
5.977157115936279,0
5.998107433319092,0
6.0180981159210205,0
6.039078712463379,0
6.059585809707642,0
6.0796332359313965,0
6.10019588470459,0
6.1205666065216064,0
6.141503572463989,0
6.161523103713989,0
6.181962490081787,0
6.2025086879730225,0
6.222899913787842,0
6.24386739730835,0
6.26388144493103,0
6.284889221191406,0
6.305101156234741,0
6.325321674346924,0
6.345763206481934,0
6.366257667541504,0
6.386765480041504,0
6.40757942199707,0
6.428206920623779,0
6.448081970214844,0
6.469094276428223,0
6.489110946655273,0
6.509560585021973,0
6.530044078826904,0
6.55058217048645,0
6.571109056472778,0
6.592085361480713,0
6.612313270568848,0
6.63301157951355,0
6.65302586555481,0
6.673934459686279,0
6.694087743759155,0
6.7144575119018555,0
6.73509669303894,0
6.755621910095215,0
6.775846242904663,0
6.796305894851685,0
6.816742420196533,0
6.837573051452637,0
6.85808253288269,0
6.8782501220703125,0
6.898703336715698,0
6.919222593307495,0
6.939664363861084,0
6.960166931152344,0
6.980574369430542,0
7.001562118530273,0
7.022096395492554,0
7.042074680328369,0
7.062578201293945,0
7.0835254192352295,0
7.104059934616089,0
7.124125719070435,0
7.145015239715576,1
7.165475606918335,1
7.1854588985443115,1
7.206394672393799,1
7.226433992385864,1
7.247396230697632,0
7.267581462860107,0
7.288350820541382,0
7.30886173248291,0
7.328840494155884,0
7.349797964096069,0
7.370293855667114,0
7.390261173248291,0
7.411066293716431,0
7.431728363037109,0
7.452214479446411,0
7.47220516204834,0
7.493143320083618,0
7.513636112213135,0
7.534106016159058,0
7.554087162017822,0
7.574593782424927,0
7.595562219619751,0
7.615913152694702,0
7.636547088623047,0
7.656594276428223,0
7.677480459213257,0
7.69757604598999,0
7.71843957901001,1
7.738427400588989,0
7.758940935134888,0
7.779456853866577,1
7.8000781536102295,1
7.820871114730835,1
7.841070890426636,1
7.861576557159424,1
7.88227915763855,1
7.902768850326538,1
7.92274022102356,1
7.943572998046875,1
7.964209079742432,1
7.984081029891968,1
8.005112648010254,1
8.025169134140015,1
8.045546770095825,1
8.066078662872314,1
8.086575984954834,1
8.107076168060303,1
8.127638101577759,1
8.148526906967163,1
8.16900372505188,1
8.188995838165283,1
8.209952116012573,1
8.23007607460022,1
8.25097370147705,1
8.271079778671265,1
8.291447401046753,1
8.312370300292969,1
8.33235239982605,1
8.35284686088562,1
8.373578786849976,1
8.394289016723633,1
8.41474437713623,1
8.43475341796875,1
8.455257415771484,1
8.475656032562256,1
8.496618747711182,1
8.516573190689087,1
8.537113904953003,1
8.55811595916748,1
8.57811450958252,1
8.599093437194824,1
8.6195809841156,1
8.639568328857422,1
8.660066843032837,1
8.681007146835327,1
8.70147442817688,1
8.721966981887817,1
8.742464780807495,1
8.762461423873901,1
8.782939672470093,1
8.803572177886963,1
8.823902368545532,1
8.844340801239014,1
8.864780902862549,1
8.885257720947266,1
8.905744552612305,1
8.926254749298096,1
8.946615219116211,1
8.967180728912354,1
8.988158702850342,1
9.00869631767273,1
9.02919864654541,1
9.049171686172485,1
9.070147275924683,1
9.090075731277466,1
9.110564231872559,1
9.131103515625,1
9.151602029800415,1
9.172508955001831,1
9.192652463912964,1
9.213508367538452,1
9.233577489852905,1
9.25407338142395,1
9.27491807937622,1
9.295434951782227,1
9.315941572189331,1
9.336070775985718,1
9.356599807739258,1
9.377086162567139,1
9.397817373275757,1
9.418311357498169,1
9.438747882843018,1
9.458756446838379,1
9.479578733444214,1
9.50019884109497,1
9.520565748214722,1
9.541192531585693,1
9.561206817626953,1
9.582155466079712,1
9.602120399475098,1
9.622550010681152,1
9.643744945526123,1
9.663585186004639,1
9.68468689918518,1
9.704777002334595,1
9.72551965713501,1
9.74594759941101,1
9.76596736907959,1
9.786935567855835,0
9.80703854560852,0
9.827438831329346,0
9.847878694534302,0
9.868304967880249,0
9.888838768005371,0
9.909549713134766,0
9.929778814315796,0
9.950298547744751,0
9.971234560012817,0
9.991764068603516,0
10.011715173721313,0
10.032698631286621,0
10.053060293197632,0
10.073664426803589,0
10.094154834747314,0
10.114125967025757,0
10.134955644607544,0
10.155185461044312,0
10.176056623458862,0
10.196072340011597,0
10.217006206512451,0
10.237508535385132,0
10.257527112960815,0
10.278480768203735,0
10.2984459400177,0
10.318954944610596,0
10.339547634124756,0
10.360058546066284,0
10.380835056304932,0
10.401312828063965,0
10.42134714126587,0
10.441747665405273,0
10.46230411529541,0
10.483057498931885,0
10.503756046295166,0
10.524248838424683,0
10.544208526611328,0
10.565192222595215,0
10.585652589797974,0
10.606137990951538,0
10.626166582107544,0
10.646762132644653,0
10.667264938354492,0
10.68758773803711,0
10.708101511001587,0
10.728554725646973,0
10.749511241912842,0
10.769545316696167,0
10.790478229522705,0
10.810442924499512,0
10.830856323242188,0
10.851401805877686,0
10.872051477432251,0
10.892839193344116,0
10.913039207458496,0
10.93384861946106,0
10.953851699829102,0
10.974785327911377,0
10.994728565216064,0
11.015543460845947,0
11.036242008209229,0
11.056251049041748,0
11.076762199401855,0
11.09765338897705,0
11.117656707763672,0
11.138112783432007,0
11.158686876296997,0
11.179113626480103,0
11.199559450149536,0
11.22008466720581,0
11.241057872772217,0
11.261584281921387,0
11.281514167785645,0
11.302067518234253,0
11.322956800460815,0
11.343074083328247,0
11.363454818725586,0
11.383917808532715,0
11.404363870620728,0
11.424919605255127,0
11.445558071136475,0
11.4663565158844,0
11.486793279647827,0
11.507049560546875,0
11.52725076675415,0
11.547763586044312,0
11.568229913711548,0
11.589189529418945,0
11.60966444015503,0
11.629648208618164,0
11.650188207626343,0
11.671086311340332,0
11.691599369049072,0
11.711612462997437,0
11.7325758934021,0
11.752587795257568,0
11.773513793945312,0
11.793556213378906,0
11.8139808177948,0
11.834492921829224,0
11.855006217956543,0
11.875930309295654,0
11.896070003509521,0
11.916956424713135,0
11.937048196792603,0
11.957552194595337,0
11.978322505950928,0
11.99879765510559,0
12.019298315048218,0
12.039546489715576,0
12.060046911239624,0
12.080540180206299,0
12.103567361831665,0
12.121750593185425,0
12.14218020439148,0
12.162573099136353,0
12.182578325271606,0
12.2035973072052,0
12.223609447479248,0
12.244584083557129,0
12.2650625705719,0
12.285792350769043,0
12.305811643600464,0
12.32617449760437,0
12.347041606903076,0
12.367073059082031,0
12.387483835220337,0
12.407994985580444,0
12.428478240966797,0
12.44939661026001,0
12.469582796096802,0
12.49036169052124,0
12.510318994522095,0
12.53078818321228,0
12.551282167434692,0
12.571752309799194,0
12.592704772949219,0
12.612736463546753,0
12.633660793304443,0
12.653723239898682,0
12.674664497375488,0
12.695144891738892,0
12.715625762939453,0
12.735593557357788,0
12.756062030792236,0
12.777042865753174,0
12.797521352767944,0
12.818000078201294,0
12.838477611541748,0
12.858507871627808,0
12.879406929016113,0
12.899561643600464,0
12.920416593551636,0
12.940945148468018,0
12.960954904556274,0
12.981854438781738,0
13.001855611801147,0
13.022298812866211,0
13.043037176132202,0
13.063241958618164,0
13.084184169769287,0
13.104219436645508,0
13.12519121170044,0
13.145362854003906,0
13.16594648361206,0
13.186062574386597,0
13.207083463668823,0
13.227120637893677,0
13.247595310211182,0
13.268066644668579,0
13.288522481918335,0
13.309023141860962,0
13.329528093338013,0
13.349965572357178,0
13.370485067367554,0
13.39088487625122,0
13.411386966705322,0
13.432026386260986,0
13.452522039413452,0
13.473030805587769,0
13.493840456008911,0
13.514331340789795,0
13.534809350967407,0
13.554813861846924,0
13.575517892837524,0
13.596229314804077,0
13.616524696350098,0
13.637200117111206,0
13.657709121704102,0
13.677721977233887,0
13.698179006576538,0
13.71852445602417,0
13.739076614379883,0
13.759596347808838,1
13.780096054077148,1
13.80104398727417,1
13.821014404296875,1
13.841516733169556,1
13.862029552459717,1
13.882997035980225,1
13.903024196624756,1
13.923435926437378,1
13.943943738937378,1
13.964385509490967,1
13.985358238220215,1
14.005523443222046,1
14.026326656341553,1
14.04680347442627,1
14.067283391952515,1
14.087787866592407,1
14.108227252960205,1
14.12823748588562,1
14.149028539657593,1
14.169600486755371,1
14.189699172973633,1
14.210171461105347,1
14.230670690536499,1
14.2511727809906,1
14.272096157073975,1
14.292051076889038,1
14.312569618225098,1
14.333515882492065,1
14.353521585464478,1
14.374023914337158,1
14.39444613456726,1
14.415421962738037,1
14.435529470443726,1
14.456015825271606,1
14.476937532424927,1
14.497360706329346,1
14.517343759536743,1
14.538274765014648,1
14.55877947807312,1
14.579028129577637,1
14.599799633026123,1
14.619755983352661,1
14.640700578689575,1
14.661206722259521,1
14.68126630783081,1
14.702199935913086,1
14.722543716430664,1
14.743049383163452,1
14.763566255569458,1
14.78409194946289,1
14.80457854270935,1
14.824596166610718,1
14.845099449157715,1
14.865537643432617,1
14.886521100997925,1
14.907015800476074,1
14.926978349685669,1
14.947932243347168,1
14.967956066131592,1
14.988953351974487,1
15.009044170379639,1
15.02984356880188,1
15.049909830093384,1
15.07035493850708,1
15.0907883644104,1
15.11153268814087,1
15.132019519805908,1
15.152550220489502,1
15.173043966293335,1
15.193713665008545,1
15.213690042495728,1
15.234175682067871,1
15.254545450210571,1
15.275091886520386,1
15.295523405075073,1
15.316020965576172,1
15.336990118026733,1
15.357517719268799,1
15.377498865127563,1
15.39802074432373,1
15.419009447097778,1
15.439023733139038,1
15.45953369140625,1
15.4804105758667,1
15.500914812088013,1
15.521363258361816,1
15.541516542434692,1
15.561840057373047,1
15.582357168197632,1
15.603323459625244,1
15.623304843902588,1
15.64377760887146,1
15.664745807647705,1
15.68481707572937,1
15.705215215682983,1
15.72618293762207,0
15.746650457382202,0
15.767141580581665,0
15.787665605545044,0
15.808133363723755,0
15.828049421310425,0
15.84857177734375,0
15.869099855422974,0
15.890078067779541,0
15.910020351409912,0
15.930974960327148,0
15.951468229293823,0
15.971532583236694,0
15.992446899414062,0
16.012940645217896,0
16.033370971679688,0
16.05387306213379,0
16.07386302947998,0
16.09435725212097,0
16.115033388137817,0
16.13534450531006,0
16.155877351760864,0
16.17626643180847,0
16.196739196777344,0
16.21720242500305,0
16.237708568572998,0
16.25823712348938,0
16.279195547103882,0
16.29961347579956,0
16.32012414932251,0
16.340606212615967,0
16.36064600944519,0
16.381568908691406,0
16.401535034179688,0
16.422502040863037,0
16.442959785461426,0
16.463446855545044,0
16.483455896377563,0
16.504007577896118,0
16.524927616119385,0
16.544991493225098,0
16.565937280654907,0
16.586382627487183,0
16.6068754196167,0
16.62735629081726,0
16.647508144378662,0
16.66778588294983,0
16.688296794891357,0
16.70885467529297,0
16.729233741760254,0
16.7497239112854,0
16.77023935317993,0
16.79100728034973,0
16.811636209487915,0
16.8316547870636,0
16.852171897888184,0
16.872598886489868,0
16.89307737350464,0
16.913583040237427,0
16.934004068374634,0
16.954518795013428,0
16.97515296936035,0
16.995664358139038,0
17.015932321548462,0
17.036454916000366,0
17.056974411010742,0
17.077508449554443,0
17.0981388092041,0
17.118650436401367,0
17.139162063598633,0
17.15968132019043,0
17.1798152923584,0
17.200594186782837,0
17.22073721885681,0
17.24121594429016,0
17.261722564697266,0
17.28223943710327,0
17.302640199661255,0
17.32327127456665,0
17.343793392181396,0
17.3641414642334,0
17.384564638137817,0
17.405075550079346,0
17.425594091415405,0
17.44605255126953,0
17.46656084060669,0
17.48707890510559,0
17.50751256942749,0
17.52802348136902,0
17.548654079437256,0
17.569015979766846,0
17.58944606781006,0
17.610076189041138,0
17.63059115409851,0
17.650827884674072,0
17.671509742736816,0
17.692021369934082,0
17.712515354156494,0
17.732738494873047,0
17.753377437591553,0
17.77370047569275,0
17.794201612472534,0
17.815006494522095,0
17.835519552230835,0
17.856043815612793,0
17.876187562942505,0
17.89682674407959,0
17.917075872421265,0
17.93757700920105,0
17.958035469055176,0
17.978541612625122,0
17.99905228614807,0
18.01945662498474,0
18.040087461471558,0
18.060614585876465,0
18.08094096183777,0
18.101511478424072,0
18.12201738357544,0
18.142335653305054,0
18.162777185440063,0
18.183422565460205,0
18.20413041114807,0
18.22430157661438,0
18.245036602020264,0
18.26531457901001,0
18.285708904266357,0
18.306350469589233,0
18.32686138153076,0
18.347144603729248,0
18.367618083953857,0
18.388016939163208,0
18.409023761749268,0
18.42906093597412,0
18.449700355529785,0
18.470215320587158,0
18.49051570892334,0
18.510993242263794,0
18.531543970108032,0
18.55205202102661,0
18.572495460510254,0
18.59313988685608,0
18.613647937774658,0
18.633925437927246,0
18.654442071914673,0
18.67500638961792,0
18.69551372528076,0
18.716105461120605,0
18.736738681793213,0
18.756756067276,0
18.77719807624817,0
18.79768681526184,0
18.818325757980347,0
18.83883571624756,0
18.85935401916504,0
18.87987756729126,0
18.900391101837158,0
18.92064881324768,0
18.941280364990234,0
18.961806535720825,0
18.98231792449951,0
19.002530574798584,0
19.02304244041443,0
19.043553352355957,0
19.064077377319336,0
19.084707260131836,0
19.105222940444946,0
19.125734090805054,0
19.1458797454834,0
19.166282653808594,1
19.186793327331543,1
19.207504510879517,1
19.228201866149902,1
19.24822235107422,1
19.268821477890015,1
19.289340257644653,1
19.309804439544678,1
19.33031725883484,1
19.351008892059326,1
19.37164831161499,1
19.391663551330566,1
19.412172317504883,1
19.43259358406067,1
19.45312261581421,1
19.473633527755737,1
19.494004011154175,1
19.514634132385254,1
19.535149574279785,1
19.555664777755737,1
19.575955629348755,1
19.596509218215942,1
19.617023468017578,1
19.637529134750366,1
19.65806293487549,1
19.67857527732849,1
19.699087619781494,1
19.7196843624115,1
19.739855766296387,1
19.760373830795288,1
19.781002044677734,1
19.801246643066406,1
19.821874856948853,1
19.842390298843384,1
19.862685680389404,1
19.88310670852661,1
19.90361738204956,1
19.924493551254272,1
19.945125102996826,1
19.965139389038086,1
19.98566436767578,1
20.006102085113525,1
20.02656626701355,1
20.04707956314087,1
20.067610502243042,1
20.088240385055542,1
20.10875153541565,1
20.12926697731018,1
20.149441719055176,1
20.16989016532898,1
20.19040083885193,1
20.210915088653564,1
20.23167657852173,1
20.252305269241333,1
20.272318601608276,1
20.292818784713745,1
20.313278913497925,1
20.334288358688354,1
20.35431718826294,1
20.374785661697388,1
20.395416259765625,1
20.415940284729004,1
20.436115741729736,1
20.456537008285522,1
20.47704267501831,1
20.497557878494263,1
20.518065452575684,1
20.53869390487671,1
20.55921721458435,1
20.57949995994568,1
20.600005865097046,1
20.620516538619995,1
20.641036987304688,1
20.661559343338013,1
20.68219017982483,1
20.70270872116089,1
20.72306799888611,1
20.74352240562439,1
20.763855457305908,1
20.78449821472168,1
20.80513310432434,1
20.825639009475708,1
20.84573006629944,1
20.866193532943726,1
20.88701105117798,1
20.907516479492188,1
20.928008556365967,1
20.948142528533936,1
20.96865677833557,1
20.989093542099,1
21.009623289108276,1
21.03003430366516,1
21.05104351043701,1
21.071034908294678,1
21.092169761657715,0
21.112181425094604,0
21.132460355758667,0
21.152970552444458,0
21.17349886894226,0
21.19400978088379,0
21.21442484855652,0
21.23500895500183,0
21.255534410476685,0
21.275821447372437,0
21.29630470275879,0
21.3170108795166,0
21.33751654624939,0
21.358039379119873,0
21.378256797790527,0
21.398890256881714,0
21.419182062149048,0
21.439666271209717,0
21.460197925567627,0
21.48070454597473,0
21.5011088848114,0
21.52152919769287,0
21.54215908050537,0
21.562681913375854,0
21.583035230636597,0
21.603513717651367,0
21.624019145965576,0
21.64443325996399,0
21.664858102798462,0
21.685487747192383,0
21.705955266952515,0
21.72646737098694,0
21.747053384780884,0
21.76740288734436,0
21.78786015510559,0
21.808352947235107,0
21.82898473739624,0
21.849210262298584,0
21.869738340377808,0
21.89049220085144,0
21.91099786758423,0
21.931207180023193,0
21.951658725738525,0
21.9721782207489,0
21.992591381072998,0
22.013078212738037,0
22.033456802368164,0
22.05446743965149,0
22.07451319694519,0
22.094967126846313,0
22.115596294403076,0
22.135966062545776,0
22.15648102760315,0
22.177114963531494,0
22.197625160217285,0
22.217908143997192,0
22.23847985267639,0
22.258999824523926,0
22.2795250415802,0
22.29982852935791,0
22.320463180541992,0
22.340973615646362,0
22.36149764060974,0
22.381741046905518,0
22.402251720428467,0
22.42296266555786,0
22.44320774078369,0
22.46373677253723,0
22.484246969223022,0
22.504647254943848,0
22.52510976791382,0
22.545620679855347,0
22.566142082214355,0
22.5865581035614,0
22.60719323158264,0
22.62770366668701,0
22.648003578186035,0
22.66843867301941,0
22.68945026397705,0
22.709460020065308,0
22.729909420013428,0
22.75049614906311,0
22.771016597747803,0
22.791340351104736,0
22.81196904182434,0
22.832484483718872,0
22.852994441986084,0
22.873276948928833,0
22.893906593322754,0
22.914421319961548,0
22.93468141555786,0
22.95519781112671,0
22.975712299346924,0
22.996222972869873,0
23.01658272743225,0
23.037217378616333,0
23.057737350463867,0
23.078078508377075,0
23.098713159561157,0
23.119222402572632,0
23.139505863189697,0
23.15996503829956,0
23.18059468269348,0
23.20110559463501,0
23.22142004966736,0
23.242069482803345,0
23.262646436691284,0
23.28286385536194,0
23.303386688232422,0
23.324016571044922,0
23.34452724456787,0
23.36478543281555,0
23.385414838790894,0
23.40573024749756,0
23.426229000091553,0
23.4469575881958,0
23.467183113098145,0
23.4876971244812,0
23.508158206939697,0
23.528787851333618,0
23.54911518096924,0
23.5695903301239,0
23.589962005615234,0
23.61059069633484,0
23.63110661506653,0
23.65150260925293,0
23.672019720077515,0
23.69239115715027,0
23.712905406951904,0
23.733458518981934,0
23.754021167755127,0
23.774532079696655,0
23.7948739528656,0
23.81550407409668,0
23.8358051776886,0
23.85632014274597,0
23.87695336341858,0
23.89746403694153,0
23.91797399520874,0
23.93824601173401,0
23.9587562084198,0
23.979189157485962,0
23.999677419662476,0
24.020458221435547,0
24.041086673736572,0
24.061102628707886,0
24.081541061401367,0
24.10217022895813,0
24.122562646865845,0
24.143020153045654,0
24.1635422706604,0
24.184170961380005,0
24.204681396484375,0
24.2249538898468,0
24.245583295822144,0
24.265928506851196,0
24.286466598510742,0
24.306987762451172,0
24.32761812210083,0
24.348130702972412,0
24.368374586105347,0
24.38901138305664,0
24.409290075302124,0
24.42976427078247,0
24.450457096099854,0
24.470966815948486,0
24.491254806518555,0
24.511703491210938,0
24.53233289718628,0
24.552549362182617,0
24.57305407524109,0
24.59345817565918,0
24.61446499824524,0
24.634578466415405,0
24.655097246170044,0
24.675726652145386,0
24.695963144302368,0
24.71648383140564,0
24.737167596817017,0
24.7579128742218,0
24.77794575691223,0
24.798462867736816,0
24.819093227386475,0
24.83948016166687,0
24.85999870300293,0
24.88063383102417,0
24.90114450454712,0
24.92128038406372,0
24.941790103912354,0
24.962308168411255,0
24.982958793640137,0
25.00319266319275,0
25.02383255958557,0
25.044337272644043,0
25.064855337142944,0
25.085100173950195,1
25.105610609054565,1
25.12645435333252,1
25.14661145210266,1
25.167012214660645,1
25.188020944595337,1
25.208006858825684,1
25.228711366653442,1
25.24921727180481,1
25.26966428756714,1
25.28991985321045,1
25.310548543930054,1
25.331059455871582,1
25.351428747177124,1
25.371830701828003,1
25.392336130142212,1
25.412960290908813,1
25.433292865753174,1
25.45392155647278,1
25.474446773529053,1
25.49473237991333,1
25.515147924423218,1
25.535661220550537,1
25.55649209022522,1
25.57712459564209,1
25.597638607025146,1
25.617661237716675,1
25.638139486312866,1
25.658669233322144,1
25.67918062210083,1
25.699477672576904,1
25.720106840133667,1
25.740617513656616,1
25.7611403465271,1
25.781446933746338,1
25.801868677139282,1
25.822880744934082,1
25.84295678138733,1
25.86347484588623,1
25.88410234451294,1
25.90461754798889,1
25.92480182647705,1
25.94534707069397,1
25.965876579284668,1
25.986396074295044,1
26.007027864456177,1
26.02753973007202,1
26.04805612564087,1
26.068217515945435,1
26.08852458000183,1
26.10953164100647,1
26.12954592704773,1
26.150063037872314,1
26.170528411865234,1
26.191043376922607,1
26.211540460586548,1
26.23193883895874,1
26.25244426727295,1
26.27301263809204,1
26.293436527252197,1
26.314064979553223,1
26.334585428237915,1
26.35495901107788,1
26.375513076782227,1
26.396020889282227,1
26.41654109954834,1
26.436828136444092,1
26.457467794418335,1
26.477774620056152,1
26.498228549957275,1
26.518937587738037,1
26.539443254470825,1
26.559963703155518,1
26.580598831176758,1
26.601104497909546,1
26.62120509147644,1
26.641626119613647,1
26.66244649887085,1
26.68295168876648,1
26.703428030014038,1
26.723562240600586,1
26.744075775146484,1
26.764604330062866,1
26.78503680229187,1
26.805458784103394,1
26.825970888137817,1
26.84642195701599,1
26.866953134536743,1
26.887961387634277,1
26.90785050392151,1
26.928322315216064,1
26.948934078216553,1
26.969295263290405,1
26.989763736724854,1
27.010403394699097,1
27.030914068222046,0
27.051231145858765,0
27.07168459892273,0
27.092429399490356,0
27.112943649291992,0
27.13319158554077,0
27.15383505821228,0
27.1743483543396,0
27.19461226463318,0
27.21524453163147,0
27.23546004295349,0
27.256467580795288,0
27.276836156845093,0
27.297062397003174,0
27.317568063735962,0
27.33796453475952,0
27.35848641395569,0
27.379013299942017,0
27.399524211883545,0
27.41985058784485,0
27.440367221832275,0
27.460885286331177,0
27.481335163116455,0
27.501967668533325,0
27.5224871635437,0
27.54300045967102,0
27.56352162361145,0
27.58404016494751,0
27.60455298423767,0
27.624572038650513,0
27.645095348358154,0
27.665627002716064,0
27.686137437820435,0
27.70656681060791,0
27.727084159851074,0
27.747589826583862,0
27.768121480941772,0
27.788737773895264,0
27.809369325637817,0
27.829880714416504,0
27.849992752075195,0
27.870445251464844,0
27.891454458236694,0
27.91145348548889,0
27.93190312385559,0
27.952538013458252,0
27.973054885864258,0
27.993268966674805,0
28.01372265815735,0
28.034735202789307,0
28.054929733276367,0
28.07556986808777,0
28.0960853099823,0
28.11659049987793,0
28.136679887771606,0
28.157199382781982,0
28.177709817886353,0
28.198423147201538,0
28.219053030014038,0
28.239071369171143,0
28.260092735290527,0
28.28006362915039,0
28.300602674484253,0
28.321115016937256,0
28.341541051864624,0
28.362058639526367,0
28.38268804550171,0
28.403210639953613,0
28.423420429229736,0
28.44387197494507,0
28.46438980102539,0
28.48493218421936,0
28.505335092544556,0
28.52596402168274,0
28.546480178833008,0
28.566726446151733,0
28.587355852127075,0
28.607875108718872,0
28.628270626068115,0
28.64880657196045,0
28.66924238204956,0
28.689762830734253,0
28.71009635925293,0
28.730727910995483,0
28.75124454498291,0
28.771532773971558,0
28.79200053215027,0
28.812511682510376,0
28.83302593231201,0
28.853469848632812,0
28.874028205871582,0
28.894542932510376,0
28.914900302886963,0
28.935429096221924,0
28.956058502197266,0
28.976582527160645,0
28.99685764312744,0
29.017489671707153,0
29.037850618362427,0
29.058370113372803,0
29.078948259353638,0
29.099459171295166,0
29.119974851608276,0
29.140180349349976,0
29.16069746017456,0
29.18110942840576,0
29.201586484909058,0
29.22242522239685,0
29.243054389953613,0
29.2630774974823,0
29.283578157424927,0
29.30414319038391,0
29.324538946151733,0
29.34498643875122,0
29.365508794784546,0
29.38613748550415,0
29.406651258468628,0
29.426974534988403,0
29.447606325149536,0
29.46788001060486,0
29.488415479660034,0
29.50890564918518,0
29.52941656112671,0
29.5499267578125,0
29.570276260375977,0
29.590906143188477,0
29.611222982406616,0
29.631721019744873,0
29.652418613433838,0
29.67293357849121,0
29.693676948547363,0
29.71364974975586,0
29.734288692474365,0
29.754631996154785,0
29.775086641311646,0
29.795443534851074,0
29.81652021408081,0
29.836529970169067,0
29.8570499420166,0
29.877679347991943,0
29.897948503494263,0
29.918368101119995,0
29.93890905380249,0
29.959424257278442,0
29.97993493080139,0
30.00041151046753,0
30.021041870117188,0
30.04134225845337,0
30.061859607696533,0
30.08250856399536,0
30.1030216217041,0
30.12352967262268,0
30.143731832504272,0
30.164260387420654,0
30.18469738960266,0
30.205150842666626,0
30.22590732574463,0
30.246418237686157,0
30.266640663146973,0
30.28707981109619,0
30.307688236236572,0
30.32841181755066,0
30.34851884841919,0
30.36904740333557,0
30.38955807685852,0
30.41006350517273,0
30.430440425872803,0
30.45107340812683,0
30.471601486206055,0
30.49192452430725,1
30.512409687042236,1
30.532920122146606,1
30.553431034088135,1
30.57382583618164,1
30.59445571899414,1
30.614903926849365,1
30.63523507118225,1
30.655917644500732,1
30.676427364349365,1
30.696693420410156,1
30.717082977294922,1
30.73771834373474,1
30.75841784477234,1
30.77860689163208,1
30.79924750328064,1
30.819573163986206,1
30.840056896209717,1
30.860578536987305,1
30.881207942962646,1
30.901431560516357,1
30.92193055152893,1
30.94256043434143,1
30.96307945251465,1
30.983407020568848,1
31.00391459465027,1
31.024425506591797,1
31.04491376876831,1
31.065431356430054,1
31.086060285568237,1
31.10657572746277,1
31.126739025115967,1
31.14717745780945,1
31.167670249938965,1
31.18839406967163,1
31.208667039871216,1
31.229301691055298,1
31.24981665611267,1
31.270129203796387,1
31.290560722351074,1
31.311408042907715,1
31.331910848617554,1
31.352050304412842,1
31.37252140045166,1
31.393031120300293,1
31.413468837738037,1
31.433897018432617,1
31.45441770553589,1
31.474912881851196,1
31.495413064956665,1
31.516045093536377,1
31.53656244277954,1
31.55706787109375,1
31.57732391357422,1
31.597834825515747,1
31.6183500289917,1
31.638749361038208,1
31.659382820129395,1
31.679903030395508,1
31.700244903564453,1
31.72062039375305,1
31.74163246154785,1
31.761659145355225,1
31.782132148742676,1
31.802761793136597,1
31.823326587677002,1
31.843581199645996,1
31.864420413970947,1
31.884930849075317,1
31.904944896697998,1
31.925442457199097,1
31.94607162475586,1
31.96659803390503,1
31.986934185028076,1
32.00740933418274,1
32.02791976928711,1
32.048434019088745,1
32.068859577178955,1
32.08948874473572,1
32.10979652404785,1
32.130342960357666,1
32.15091013908386,1
32.171276807785034,1
32.19179153442383,1
32.212239503860474,1
32.2333722114563,1
32.25321841239929,1
32.27369403839111,1
32.29442548751831,1
32.31493639945984,1
32.33540964126587,1
32.355571031570435,1
32.37609267234802,1
32.39653992652893,1
32.41703963279724,1
32.43739461898804,1
32.45790505409241,1
32.47842621803284,0
32.49894309043884,0
32.51957297325134,0
32.539920806884766,0
32.56043601036072,0
32.58089590072632,0
32.60140633583069,0
32.62191700935364,0
32.64231991767883,0
32.66283965110779,0
32.683281660079956,0
32.703712701797485,0
32.72440528869629,0
32.74503540992737,0
32.76555395126343,0
32.785656213760376,0
32.806286096572876,0
32.82688617706299,0
32.84708261489868,0
32.86760473251343,0
32.888232946395874,0
32.9087438583374,0
32.92905020713806,0
32.9496808052063,0
32.9699969291687,0
32.99047374725342,0
33.010900020599365,0
33.031410694122314,0
33.051921129226685,0
33.07236456871033,0
33.09299397468567,0
33.1133246421814,0
33.133867025375366,0
33.154407024383545,0
33.174922943115234,0
33.195433378219604,0
33.215757846832275,0
33.236387491226196,0
33.256746768951416,0
33.277167081832886,0
33.297871589660645,0
33.31838274002075,0
33.33866858482361,0
33.359195709228516,0
33.37982535362244,0
33.399938106536865,0
33.420477867126465,0
33.441380739212036,0
33.46189570426941,0
33.48201131820679,0
33.50262117385864,0
33.52325749397278,0
33.543381452560425,0
33.56389904022217,0
33.58437895774841,0
33.60488939285278,0
33.62539458274841,0
33.64584279060364,0
33.666367053985596,0
33.68687653541565,0
33.70727849006653,0
33.72787594795227,0
33.74838614463806,0
33.768702030181885,0
33.78913402557373,0
33.80976867675781,0
33.83041834831238,0
33.85064673423767,0
33.87139534950256,0
33.89190053939819,0
33.91207456588745,0
33.932469844818115,0
33.95310020446777,0
33.97363090515137,0
33.99399256706238,0
34.01462197303772,0
34.03512787818909,0
34.055442094802856,0
34.075904846191406,0
34.09653329849243,0
34.11687898635864,0
34.13741707801819,0
34.15804624557495,0
34.17856168746948,0
34.19878840446472,0
34.21941804885864,0
34.239933013916016,0
34.26044297218323,0
34.280625343322754,0
34.30125975608826,0
34.32177710533142,0
34.34235763549805,0
34.3628785610199,0
34.383562088012695,0
34.40358757972717,0
34.42438459396362,0
34.44501447677612,0
34.46503567695618,0
34.4855637550354,0
34.50620436668396,0
34.526713371276855,0
34.546931982040405,0
34.56745147705078,0
34.58808183670044,0
34.60859251022339,0
34.628889322280884,0
34.649518966674805,0
34.6698477268219,0
34.69029951095581,0
34.71087861061096,0
34.731507301330566,0
34.75202298164368,0
34.7722442150116,0
34.79287385940552,0
34.81318926811218,0
34.83365869522095,0
34.854230880737305,0
34.87474536895752,0
34.89526057243347,0
34.915610790252686,0
34.93624544143677,0
34.95655584335327,0
34.97704195976257,0
34.99787259101868,0
35.01837754249573,0
35.03896522521973,0
35.05897831916809,0
35.07961320877075,0
35.09989047050476,0
35.120392084121704,0
35.140878438949585,0
35.16189455986023,0
35.18189859390259,0
35.202322483062744,0
35.222957372665405,0
35.243271589279175,0
35.2637894153595,0
35.28436994552612,0
35.30488038063049,0
35.3253858089447,0
35.34597206115723,0
35.36649703979492,0
35.386640787124634,0
35.407140493392944,0
35.42787408828735,0
35.448384523391724,0
35.46858239173889,0
35.48898196220398,0
35.5096116065979,0
35.53013873100281,0
35.55049133300781,0
35.571019887924194,0
35.591530323028564,0
35.612035512924194,0
35.632405042648315,0
35.6530396938324,0
35.67340064048767,0
35.69383001327515,0
35.7143919467926,0
35.73490262031555,0
35.75540781021118,0
35.77575993537903,0
35.79639530181885,0
35.81675052642822,0
35.837209939956665,0
35.8577835559845,0
35.87829899787903,0
35.898804664611816,0
35.91913318634033,0
35.93976855278015,0
35.96037483215332,0
35.98055696487427,0
36.00137400627136,0
36.02187895774841,0
36.04202365875244,0
36.062546253204346,0
36.08317565917969,0
36.10336875915527,0
36.12387752532959,0
36.144510984420776,0
36.1650288105011,0
36.18540644645691,0
36.20584583282471,0
36.22647404670715,0
36.24687218666077,0
36.26738953590393,0
36.288029193878174,0
36.308539628982544,0
36.32871651649475,0
36.34923076629639,0
36.36967349052429,0
36.3903694152832,0
36.41070866584778,0
36.43134880065918,0
36.45185399055481,1
36.47207975387573,1
36.49261283874512,1
36.513124227523804,1
36.53388261795044,1
36.55405521392822,1
36.57457137107849,1
36.59508180618286,1
36.61543560028076,1
36.63590168952942,1
36.65652942657471,1
36.676872968673706,1
36.697357177734375,1
36.71798610687256,1
36.738500356674194,1
36.75901556015015,1
36.779319047927856,1
36.79982948303223,1
36.82035040855408,1
36.84069299697876,1
36.86127710342407,1
36.8817937374115,1
36.902156829833984,1
36.92258310317993,1
36.94321155548096,1
36.963730335235596,1
36.984103202819824,1
37.00473380088806,1
37.02525234222412,1
37.04553198814392,1
37.06605505943298,1
37.08656549453735,1
37.10707950592041,1
37.12742733955383,1
37.148056983947754,1
37.16857886314392,1
37.18888211250305,1
37.20934700965881,1
37.229857444763184,1
37.25037240982056,1
37.270790338516235,1
37.29141926765442,1
37.31193399429321,1
37.332258224487305,1
37.35273361206055,1
37.37321949005127,1
37.393733978271484,1
37.4141685962677,1
37.4347984790802,1
37.45531368255615,1
37.475597858428955,1
37.496358156204224,1
37.51698613166809,1
37.53700017929077,1
37.5574791431427,1
37.57850742340088,1
37.598520040512085,1
37.6189751625061,1
37.63985300064087,1
37.659990310668945,1
37.6805055141449,1
37.7008752822876,1
37.721506118774414,1
37.741838693618774,1
37.76235389709473,1
37.78284978866577,1
37.80347967147827,1
37.82399582862854,1
37.844260454177856,1
37.865139961242676,1
37.88522815704346,1
37.905709981918335,1
37.926356077194214,1
37.946866273880005,1
37.967387676239014,1
37.98759937286377,1
38.00822901725769,1
38.02855682373047,1
38.04898262023926,1
38.06950497627258,1
38.090516328811646,1
38.11052584648132,1
38.13099718093872,1
38.15162634849548,1
38.17196202278137,1
38.19242787361145,1
38.212844371795654,1
38.233354568481445,1
38.253865242004395,1
38.27442526817322,1
38.29505491256714,1
38.31531476974487,1
38.335806369781494,1
38.3563506603241,1
38.37693762779236,1
38.39744830131531,1
38.417723178863525,1
38.438353300094604,0
38.45887088775635,0
38.47912669181824,0
38.49985432624817,0
38.52036452293396,0
38.54086971282959,0
38.561389207839966,0
38.582024335861206,0
38.60204195976257,0
38.62248921394348,0
38.64334440231323,0
38.6638617515564,0
38.684366941452026,0
38.704468965530396,0
38.72509837150574,0
38.74540162086487,0
38.76591873168945,0
38.78635025024414,0
38.80686140060425,0
38.8273720741272,0
38.84778714179993,0
38.868308782577515,0
38.888875246047974,0
38.9092321395874,0
38.92985010147095,0
38.95047903060913,0
38.970680713653564,0
38.991066694259644,0
39.011701583862305,0
39.03234386444092,0
39.05261707305908,0
39.07334327697754,0
39.09384846687317,0
39.114028215408325,0
39.13466000556946,0
39.155174016952515,0
39.17569637298584,0
39.19593858718872,0
39.21657347679138,0
39.23708367347717,0
39.25739932060242,0
39.277809143066406,0
39.29882097244263,0
39.31884717941284,0
39.33934044837952,0
39.359984159469604,0
39.38055658340454,0
39.400745153427124,0
39.42121505737305,0
39.44172525405884,0
39.4623544216156,0
39.482712268829346,0
39.503347635269165,0
39.523858308792114,0
39.54412126541138,0
39.5646436214447,0
39.585272550582886,0
39.60585808753967,0
39.62604212760925,0
39.646671772003174,0
39.66719150543213,0
39.68748116493225,0
39.707939863204956,0
39.72845005989075,0
39.74884819984436,0
39.769365072250366,0
39.78999423980713,0
39.810508012771606,0
39.830825328826904,0
39.851261377334595,0
39.871795654296875,0
39.89225387573242,0
39.91269898414612,0
39.9333291053772,0
39.95384383201599,0
39.974228620529175,0
39.99485778808594,0
40.01537299156189,0
40.035659313201904,0
40.05634570121765,0
40.07686376571655,0
40.09738087654114,0
40.117568254470825,0
40.13819766044617,0
40.15871262550354,0
40.178990840911865,0
40.19935083389282,0
40.21997928619385,0
40.24049520492554,0
40.26100993156433,0
40.281639099121094,0
40.30189895629883,0
40.32239007949829,0
40.342838287353516,0
40.36335754394531,0
40.383933782577515,0
40.404263973236084,0
40.424893856048584,0
40.44527721405029,0
40.46578931808472,0
40.48635196685791,0
40.50686264038086,0
40.527376890182495,0
40.5476610660553,0
40.56817555427551,0
40.588698863983154,0
40.60908555984497,0
40.629838705062866,0
40.65046691894531,0
40.670854806900024,0
40.690969467163086,0
40.71160006523132,0
40.7319757938385,0
40.75242853164673,0
40.772950172424316,0
40.79357838630676,0
40.81408953666687,0
40.834412813186646,0
40.855042695999146,0
40.87531852722168,0
40.89589309692383,0
40.91634702682495,0
40.9368577003479,0
40.95736861228943,0
40.97770428657532,0
40.99833369255066,0
41.018685817718506,0
41.0391628742218,0
41.05985140800476,0
41.08036208152771,0
41.10086727142334,0
41.121092081069946,0
41.14172697067261,0
41.162254095077515,0
41.18246674537659,0
41.203351736068726,0
41.223857164382935,0
41.24400758743286,0
41.26452922821045,0
41.28515863418579,0
41.30540347099304,0
41.325913190841675,0
41.34633183479309,0
41.366849184036255,0
41.387333154678345,0
41.40782356262207,0
41.428452491760254,0
41.44879865646362,0
41.46931743621826,0
41.48982644081116,0
41.51033163070679,0
41.530688762664795,0
41.55132174491882,0
41.57167315483093,0
41.592390060424805,0
41.61259698867798,0
41.63323760032654,0
41.65374279022217,0
41.67404365539551,0
41.69456434249878,0
41.71507000923157,0
41.73581862449646,0
41.75597882270813,0
41.77681827545166,0
41.79732871055603,0
41.817410469055176,0
41.83786869049072,0
41.85887598991394,1
41.8788697719574,1
41.89944100379944,1
41.920082330703735,1
41.94059348106384,1
41.96110987663269,1
41.98127746582031,1
42.001788854599,1
42.02231740951538,1
42.042946577072144,1
42.06347179412842,1
42.08398222923279,1
42.10412788391113,1
42.1246178150177,1
42.14512848854065,1
42.16582202911377,1
42.18645215034485,1
42.20646119117737,1
42.22746777534485,1
42.24750590324402,1
42.2680344581604,1
42.28854489326477,1
42.30881714820862,1
42.32944655418396,1
42.34995698928833,1
42.37039542198181,1
42.39083170890808,1
42.411428451538086,1
42.431939363479614,1
42.452311277389526,1
42.47277474403381,1
42.493285179138184,1
42.513805627822876,1
42.53428554534912,1
42.554741621017456,1
42.575199365615845,1
42.5958194732666,1
42.61644887924194,1
42.63695955276489,1
42.6574809551239,1
42.677541971206665,1
42.69809675216675,1
42.7186017036438,1
42.73911714553833,1
42.75951170921326,1
42.78002977371216,1
42.80054497718811,1
42.82093071937561,1
42.84142446517944,1
42.861934185028076,1
42.88244986534119,1
42.903016567230225,1
42.923572301864624,1
42.94408869743347,1
42.964603424072266,1
42.9848415851593,1
43.00534725189209,1
43.02586770057678,1
43.04621601104736,1
43.06673073768616,1
43.08724617958069,1
43.1076455116272,1
43.128321170806885,1
43.14882826805115,1
43.169350147247314,1
43.18960428237915,1
43.210232734680176,1
43.23074769973755,1
43.251039028167725,1
43.27156352996826,1
43.29207396507263,1
43.31259036064148,1
43.33321976661682,1
43.35373044013977,1
43.37389540672302,1
43.39439344406128,1
43.414992332458496,1
43.435503005981445,1
43.45581293106079,1
43.4763081073761,1
43.49681901931763,1
43.51725459098816,1
43.537744760513306,1
43.5583131313324,1
43.57882809638977,1
43.59931135177612,1
43.619940996170044,1
43.640451192855835,1
43.660964250564575,1
43.68110799789429,1
43.70181155204773,1
43.72231698036194,1
43.7428081035614,1
43.76333236694336,1
43.783843994140625,1
43.8039870262146,1
43.82447838783264,0
43.84481716156006,0
43.865833044052124,0
43.88587975502014,0
43.906519174575806,0
43.926918029785156,0
43.94739532470703,0
43.96791315078735,0
43.98832035064697,0
44.0088312625885,0
44.029261112213135,0
44.04989981651306,0
44.070417404174805,0
44.09072232246399,0
44.111156940460205,0
44.131813287734985,0
44.152318239212036,0
44.17266225814819,0
44.1933012008667,0
44.21380639076233,0
44.23407506942749,0
44.25459909439087,0
44.27513408660889,0
44.295639753341675,0
44.31597828865051,0
44.33661699295044,0
44.357123374938965,0
44.377440452575684,0
44.397929191589355,0
44.41851878166199,0
44.439029932022095,0
44.459426164627075,0
44.47995066642761,0
44.500462770462036,0
44.520819902420044,0
44.541449546813965,0
44.56197547912598,0
44.58248567581177,0
44.602710247039795,0
44.62322187423706,0
44.64373254776001,0
44.66443371772766,0
44.68506336212158,0
44.70507740974426,0
44.726083755493164,0
44.746073484420776,0
44.766597032547,0
44.787107706069946,0
44.80785322189331,0
44.82798147201538,0
44.848495960235596,0
44.86901307106018,0
44.88942289352417,0
44.90994191169739,0
44.93051862716675,0
44.95111536979675,0
44.971630334854126,0
44.99177074432373,0
45.01278352737427,0
45.03278732299805,0
45.05325508117676,0
45.073755741119385,0
45.094290256500244,0
45.11473560333252,0
45.135369539260864,0
45.155879974365234,0
45.176236629486084,0
45.19667840003967,0
45.21718978881836,0
45.23779845237732,0
45.25842833518982,0
45.27844738960266,0
45.299453258514404,0
45.31950926780701,0
45.33996391296387,0
45.360474824905396,0
45.3812952041626,0
45.40192461013794,0
45.421940326690674,0
45.44250822067261,0
45.46302342414856,0
45.48340702056885,0
45.503917932510376,0
45.52428841590881,0
45.544917583465576,0
45.56543827056885,0
45.585957050323486,0
45.60627245903015,0
45.62690234184265,0
45.64742302894592,0
45.667935609817505,0
45.68833112716675,0
45.708842039108276,0
45.72935771942139,0
45.74961495399475,0
45.77013444900513,0
45.79064893722534,0
45.81102395057678,0
45.831796169281006,0
45.85242462158203,0
45.87244391441345,0
45.89296627044678,0
45.91359615325928,0
45.93422222137451,0
45.95438623428345,0
45.97490930557251,0
45.995537757873535,0
46.016053438186646,0
46.03631138801575,0
46.056941747665405,0
46.07731056213379,0
46.0977725982666,0
46.11829710006714,0
46.13880753517151,0
46.15932297706604,0
46.17969846725464,0
46.20052099227905,0
46.22066330909729,0
46.24111580848694,0
46.26179909706116,0
46.28231477737427,0
46.30282974243164,0
46.3230185508728,0
46.3436484336853,0
46.36417031288147,0
46.384509325027466,0
46.40528750419617,0
46.425798177719116,0
46.44593691825867,0
46.46645903587341,0
46.48709464073181,0
46.507391929626465,0
46.52782678604126,0
46.54829382896423,0
46.56881093978882,0
46.58931612968445,0
46.60979413986206,0
46.63042950630188,0
46.6507043838501,0
46.67172336578369,0
46.69178628921509,0
46.71229672431946,0
46.73280215263367,0
46.75313472747803,0
46.77360153198242,0
46.79407095909119,0
46.814640045166016,0
46.83529782295227,0
46.85580897331238,0
46.87601637840271,0
46.89652061462402,0
46.917155742645264,0
46.93752098083496,0
46.957913398742676,0
46.97829246520996,0
46.99930024147034,0
47.01940703392029,0
47.03983926773071,0
47.06047487258911,0
47.0808002948761,0
47.10129356384277,0
47.121790409088135,0
47.142290353775024,0
47.162806034088135,0
47.18319749832153,0
47.20383286476135,0
47.22434401512146,0
47.24464797973633,0
47.265175104141235,0
47.285685539245605,0
47.306190729141235,0
47.32656455039978,0
47.34719896316528,0
47.367483139038086,0
47.38802194595337,0
47.408793449401855,0
47.4293007850647,0
47.449918270111084,0
47.46994137763977,0
47.490570068359375,0
47.51123356819153,0
47.531392335891724,0
47.55203342437744,0
47.57237958908081,0
47.59283804893494,0
47.613303899765015,0
47.63381481170654,0
47.654290199279785,0
47.674747467041016,0
47.69538712501526,0
47.71589255332947,0
47.736175775527954,0
47.756651163101196,0
47.77710556983948,0
47.79779410362244,0
47.81811738014221,0
47.83874797821045,1
47.85925364494324,1
47.879530906677246,1
47.900031089782715,1
47.920536518096924,1
47.94128465652466,1
47.96147084236145,1
47.981990575790405,1
48.00250577926636,1
48.02287483215332,1
48.043423652648926,1
48.06394028663635,1
48.08430814743042,1
48.104827642440796,1
48.12545657157898,1
48.14597129821777,1
48.166481733322144,1
48.18676042556763,1
48.207271337509155,1
48.22778367996216,1
48.24841284751892,1
48.26892971992493,1
48.289448976516724,1
48.30965614318848,1
48.3301146030426,1
48.35062551498413,1
48.37114882469177,1
48.391539335250854,1
48.41216826438904,1
48.43268418312073,1
48.45328378677368,1
48.47347402572632,1
48.49398493766785,1
48.51450037956238,1
48.53512907028198,1
48.55563974380493,1
48.57587289810181,1
48.59638071060181,1
48.61685085296631,1
48.637362241744995,1
48.65787887573242,1
48.67826533317566,1
48.698776960372925,1
48.719298362731934,1
48.73969221115112,1
48.76044678688049,1
48.780956983566284,1
48.80147314071655,1
48.82210850715637,1
48.84211778640747,1
48.8626275062561,1
48.88308095932007,1
48.90385341644287,1
48.9243586063385,1
48.94486904144287,1
48.96545100212097,1
48.98546099662781,1
49.00596022605896,1
49.0264048576355,1
49.04713487625122,1
49.067652225494385,1
49.087772846221924,1
49.10840320587158,1
49.12891411781311,1
49.149291038513184,1
49.16980338096619,1
49.19030404090881,1
49.21081495285034,1
49.231258392333984,1
49.2518892288208,1
49.27241396903992,1
49.292649030685425,1
49.31316328048706,1
49.33376145362854,1
49.35427212715149,1
49.37477207183838,1
49.39534044265747,1
49.415851354599,1
49.43602180480957,1
49.45658016204834,1
49.47715449333191,1
49.49765968322754,1
49.5179648399353,1
49.53859877586365,1
49.55910348892212,1
49.57939147949219,1
49.59986972808838,1
49.620264291763306,1
49.641276836395264,1
49.661314249038696,1
49.681957960128784,1
49.70246863365173,1
49.7227566242218,1
49.7433922290802,1
49.76376914978027,1
49.78421092033386,1
49.80465126037598,0
49.825173139572144,0
49.84567856788635,0
49.86621952056885,0
49.88685584068298,0
49.9072699546814,0
49.92757511138916,0
49.94803476333618,0
49.968910694122314,0
49.98941707611084,0
50.00944685935974,0
50.0300829410553,0
50.05059361457825,0
50.07111191749573,0
50.09138107299805,0
50.11189842224121,0
50.13240432739258,0
50.15282464027405,0
50.173344135284424,0
50.19386410713196,0
50.21437430381775,0
50.234766721725464,0
50.25528359413147,0
50.27570128440857,0
50.29647159576416,0
50.31710124015808,0
50.33711552619934,0
50.35812211036682,0
50.37813687324524,0
50.39865851402283,0
50.41916871070862,0
50.43945336341858,0
50.46008276939392,0
50.48077917098999,0
50.50104379653931,0
50.52149772644043,0
50.54198694229126,0
50.562493085861206,0
50.58320903778076,0
50.60383915901184,0
50.62385416030884,0
50.64439511299133,0
50.664915323257446,0
50.685298681259155,0
50.705804109573364,0
50.72630596160889,0
50.746941328048706,0
50.76746225357056,0
50.787736654281616,0
50.80821108818054,0
50.82870316505432,0
50.84920835494995,0
50.86976766586304,0
50.89040279388428,0
50.91091752052307,0
50.9310941696167,0
50.951557636260986,0
50.97227668762207,0
50.99278163909912,0
51.01325535774231,0
51.03388524055481,0
51.05439066886902,0
51.07448410987854,0
51.09492635726929,0
51.11540746688843,0
51.13591384887695,0
51.1567587852478,0
51.17684292793274,0
51.19735598564148,0
51.21787357330322,0
51.238314151763916,0
51.258944034576416,0
51.279470920562744,0
51.29974889755249,0
51.32026958465576,0
51.34078049659729,0
51.36129593849182,0
51.38166666030884,0
51.402297258377075,0
51.42281103134155,0
51.44305491447449,0
51.463873863220215,0
51.48446702957153,0
51.50448036193848,0
51.52501702308655,0
51.54564642906189,0
51.56616973876953,0
51.586440086364746,0
51.6071994304657,0
51.62771010398865,0
51.64822697639465,0
51.668745040893555,0
51.68887400627136,0
51.709415674209595,0
51.72977590560913,0
51.75027108192444,0
51.77079248428345,0
51.7913076877594,0
51.81173515319824,0
51.8323655128479,0
51.85269021987915,0
51.873207807540894,0
51.89376163482666,0
51.914390087127686,0
51.9349045753479,0
51.955087661743164,0
51.97560119628906,0
51.99606657028198,0
52.01654410362244,0
52.037232637405396,0
52.057743310928345,0
52.0779664516449,0
52.09846067428589,0
52.11909580230713,0
52.139402866363525,0
52.159878969192505,0
52.18075633049011,0
52.20126676559448,0
52.22177243232727,0
52.24180769920349,0
52.26243758201599,0
52.28276610374451,0
52.30324387550354,0
52.32378649711609,0
52.344297647476196,0
52.36481332778931,0
52.38515639305115,0
52.405786752700806,0
52.42610740661621,0
52.446630001068115,0
52.467259883880615,0
52.48787045478821,0
52.50809907913208,0
52.52854657173157,0
52.54917669296265,0
52.56969857215881,0
52.58995723724365,0
52.61073398590088,0
52.63123917579651,0
52.65143060684204,0
52.671953439712524,0
52.69258260726929,0
52.712895154953,0
52.73338222503662,0
52.75373578071594,0
52.77429437637329,0
52.79479432106018,0
52.81543326377869,0
52.835939168930054,0
52.85628390312195,0
52.87668013572693,0
52.89731979370117,0
52.91782474517822,0
52.93818378448486,0
52.95870518684387,0
52.9791042804718,0
52.99967813491821,0
53.0200617313385,0
53.04069662094116,0
53.06120204925537,0
53.08150768280029,0
53.101975202560425,1
53.122480154037476,1
53.142828702926636,0
53.1638400554657,0
53.18397808074951,0
53.2044882774353,0
53.22486639022827,1
53.24538207054138,1
53.265892028808594,1
53.286237955093384,1
53.30681037902832,1
53.32745051383972,1
53.34795546531677,1
53.36846899986267,1
53.38869071006775,1
53.40919637680054,1
53.42973971366882,1
53.45014548301697,1
53.470669746398926,1
53.49153661727905,1
53.511579513549805,1
53.532076597213745,1
53.552589416503906,1
53.57311201095581,1
53.59349250793457,1
53.61412787437439,1
53.634637117385864,1
53.65495800971985,1
53.675413370132446,1
53.695924520492554,1
53.71673226356506,1
53.73686170578003,1
53.75749707221985,1
53.77781343460083,1
53.7983136177063,1
53.81880450248718,1
53.83931565284729,1
53.85974884033203,1
53.88024425506592,1
53.90087890625,1
53.92139458656311,1
53.94163918495178,1
53.962165117263794,1
53.982680559158325,1
54.00326061248779,1
54.02359127998352,1
54.04422092437744,1
54.064735889434814,1
54.085005044937134,1
54.10550284385681,1
54.1260085105896,1
54.14651846885681,1
54.1670355796814,1
54.187666177749634,1
54.20818257331848,1
54.22839021682739,1
54.2488796710968,1
54.2693977355957,1
54.289913177490234,1
54.31028914451599,1
54.33092474937439,1
54.35143995285034,1
54.371957302093506,1
54.39223623275757,1
54.41274666786194,1
54.43326163291931,1
54.453691244125366,1
54.474215507507324,1
54.49473166465759,1
54.5151150226593,1
54.53550410270691,1
54.55651640892029,1
54.57653737068176,1
54.597041845321655,1
54.617671728134155,1
54.6380181312561,1
54.65848422050476,1
54.679007053375244,1
54.69951820373535,1
54.72003436088562,1
54.740373849868774,1
54.76100516319275,1
54.781383752822876,1
54.80182480812073,1
54.82224726676941,1
54.84325981140137,1
54.86327362060547,1
54.88373374938965,1
54.90436387062073,1
54.924692153930664,1
54.94518280029297,1
54.96574401855469,1
54.98625421524048,1
55.0068244934082,1
55.027114152908325,1
55.0477499961853,1
55.068276166915894,1
55.08855581283569,1
55.10924792289734,1
55.12975287437439,1
55.150009870529175,1
55.17053747177124,1
55.19116830825806,0
55.211447954177856,0
55.23192358016968,0
55.25274419784546,0
55.27325654029846,0
55.293386936187744,0
55.31381940841675,0
55.33444905281067,0
55.354798793792725,0
55.37548232078552,0
55.39574456214905,0
55.416250467300415,0
55.436747789382935,0
55.457186222076416,0
55.477701902389526,0
55.49815249443054,0
55.51866865158081,0
55.5392484664917,0
55.55975937843323,0
55.58008694648743,0
55.600720167160034,0
55.62123107910156,0
55.64150023460388,0
55.66201901435852,0
55.68273735046387,0
55.703243255615234,0
55.723469257354736,0
55.744102001190186,0
55.764607667922974,0
55.784810066223145,0
55.80538296699524,0
55.826021671295166,0
55.84652757644653,0
55.867043256759644,0
55.88756489753723,0
55.90807008743286,0
55.92823100090027,0
55.948740005493164,0
55.96938180923462,0
55.98988747596741,0
56.01046395301819,0
56.03101468086243,0
56.05152177810669,0
56.07165598869324,0
56.092071294784546,0
56.11271119117737,0
56.133216381073,0
56.15353536605835,0
56.17406916618347,0
56.19457983970642,0
56.214966773986816,0
56.2354416847229,0
56.25608205795288,0
56.27660584449768,0
56.2968692779541,0
56.31736946105957,0
56.33787989616394,0
56.35829257965088,0
56.378798484802246,0
56.399433851242065,0
56.419944286346436,0
56.440240144729614,0
56.460734128952026,0
56.48118853569031,0
56.501729011535645,0
56.52230358123779,0
56.54293775558472,0
56.563448429107666,0
56.5836021900177,0
56.60414123535156,0
56.62465262413025,0
56.64523696899414,0
56.66554379463196,0
56.68618392944336,0
56.706700563430786,0
56.72695183753967,0
56.74746632575989,0
56.767987966537476,0
56.788731813430786,0
56.808857917785645,0
56.82949352264404,0
56.850008726119995,0
56.87051796913147,0
56.89115262031555,0
56.91166830062866,0
56.931756019592285,0
56.95225739479065,0
56.972782611846924,0
56.993297815322876,0
57.013691425323486,0
57.034157037734985,0
57.05467176437378,0
57.07519006729126,0
57.09557914733887,0
57.11621427536011,0
57.1367244720459,0
57.157062292099,0
57.17753624916077,0
57.19800305366516,0
57.21853566169739,0
57.23910856246948,0
57.25974488258362,0
57.280200719833374,0
57.30040788650513,0
57.32103776931763,0
57.341397762298584,0
57.36190319061279,0
57.3824245929718,0
57.40305995941162,0
57.42357611656189,0
57.443767070770264,0
57.464402198791504,0
57.48473858833313,0
57.50518488883972,0
57.52576184272766,0
57.5463924407959,0
57.56690287590027,0
57.58713674545288,0
57.6077663898468,0
57.628108739852905,0
57.64858102798462,0
57.66921043395996,0
57.689838886260986,0
57.71035051345825,0
57.73049592971802,0
57.75112581253052,0
57.771655321121216,0
57.79196381568909,0
57.812724113464355,0
57.83323526382446,0
57.85374116897583,0
57.874269008636475,0
57.89440321922302,0
57.91483020782471,0
57.93528962135315,0
57.95570373535156,0
57.976722717285156,0
57.996732234954834,0
58.01722717285156,0
58.03782415390015,0
58.058186531066895,0
58.0786395072937,0
58.0991997718811,0
58.11982798576355,0
58.14033889770508,0
58.160568952560425,0
58.18106651306152,0
58.201534271240234,0
58.22201585769653,0
58.24269723892212,0
58.263325929641724,0
58.28384041786194,0
58.3039448261261,0
58.32457756996155,0
58.344921588897705,0
58.365368604660034,0
58.386194467544556,0
58.406822681427,0
58.42683267593384,0
58.447290897369385,0
58.46792507171631,0
58.48821425437927,0
58.508715867996216,0
58.52921104431152,0
58.54981470108032,0
58.57033061981201,0
58.590657472610474,0
58.611287355422974,0
58.63170647621155,0
58.65210318565369,0
58.672632694244385,0
58.69314360618591,0
58.71365427970886,0
58.73401641845703,0
58.75464653968811,0
58.7751681804657,0
58.79545569419861,0
58.81620717048645,0
58.83671808242798,0
58.85722327232361,0
58.87774634361267,0
58.8978796005249,0
58.91835832595825,0
58.93884062767029,0
58.95948004722595,0
58.97976732254028,0
59.000272035598755,0
59.02071952819824,0
59.041306018829346,0
59.06171894073486,0
59.08219265937805,0
59.10283327102661,0
59.12333822250366,0
59.14365005493164,0
59.16409683227539,1
59.184619426727295,1
59.20520353317261,1
59.22553515434265,1
59.24617028236389,1
59.26668119430542,1
59.28700518608093,1
59.307432651519775,1
59.32807230949402,1
59.348708152770996,1
59.36922240257263,1
59.389851808547974,1
59.409865856170654,1
59.43038868904114,1
59.45083665847778,1
59.47146916389465,1
59.49170207977295,1
59.51222801208496,1
59.53285789489746,1
59.553247928619385,1
59.573765993118286,1
59.594181060791016,1
59.615193367004395,1
59.635205030441284,1
59.65566277503967,1
59.67618250846863,1
59.696698904037476,1
59.71705198287964,1
59.73752808570862,1
59.75815725326538,1
59.77867913246155,1
59.79901933670044,1
59.81965470314026,1
59.84017038345337,1
59.86045241355896,1
59.8809175491333,1
59.90142798423767,1
59.92194366455078,1
59.94238352775574,1
59.96301889419556,1
59.98337006568909,1
60.003758668899536,1
60.02422022819519,1
60.045069456100464,1
60.065120458602905,1
60.08571934700012,1
60.10635471343994,1
60.126864433288574,1
60.14715027809143,1
60.16755151748657,1
60.18856883049011,1
60.208576679229736,1
60.22905087471008,1
60.2496874332428,1
60.270214319229126,1
60.29048991203308,1
60.31106877326965,1
60.33157968521118,1
60.35210919380188,1
60.37262415885925,1
60.39325428009033,1
60.413413286209106,1
60.433858156204224,1
60.454352140426636,1
60.47487139701843,1
60.495386600494385,1
60.51577806472778,1
60.536412954330444,1
60.55703902244568,1
60.57755708694458,1
60.59775733947754,1
60.618263483047485,1
60.63877248764038,1
60.659130573272705,1
60.67965579032898,1
60.70011281967163,1
60.72057557106018,1
60.74119687080383,1
60.76170778274536,1
60.78204107284546,1
60.80254936218262,1
60.823185205459595,1
60.84348511695862,1
60.86398911476135,1
60.884520053863525,1
60.90503144264221,1
60.925537109375,1
60.94585633277893,1
60.96649122238159,1
60.98683834075928,1
61.00736093521118,1
61.0277202129364,1
61.04872703552246,0
61.06878209114075,0
61.0892436504364,0
61.10987901687622,0
61.130192279815674,0
61.15068507194519,0
61.17117381095886,0
61.19168400764465,0
61.21218919754028,0
61.23257350921631,0
61.25320863723755,0
61.27373552322388,0
61.294039726257324,0
61.314704179763794,0
61.33521032333374,0
61.35549736022949,0
61.37604546546936,0
61.3966805934906,0
61.41689324378967,0
61.43739056587219,0
61.458200216293335,0
61.478715896606445,0
61.49884033203125,0
61.51939058303833,0
61.54002118110657,0
61.56029915809631,0
61.5807626247406,0
61.601202964782715,0
61.62221050262451,0
61.64220356941223,0
61.66266489028931,0
61.68313455581665,0
61.70353031158447,0
61.72414422035217,0
61.744701862335205,0
61.76521301269531,0
61.78557801246643,0
61.80606174468994,0
61.8266978263855,0
61.84720158576965,0
61.86748909950256,0
61.888131618499756,0
61.90863656997681,0
61.92891883850098,0
61.94940257072449,0
61.970033168792725,0
61.99067187309265,0
62.01082801818848,0
62.03146839141846,0
62.05197882652283,0
62.07269215583801,0
62.09277558326721,0
62.11328721046448,0
62.13369965553284,0
62.15417432785034,0
62.174697160720825,0
62.195207834243774,0
62.21563529968262,0
62.236125230789185,0
62.25675392150879,0
62.27727556228638,0
62.29757571220398,0
62.31820607185364,0
62.338717460632324,0
62.359010219573975,0
62.37953281402588,0
62.40016174316406,0
62.42069959640503,0
62.4409704208374,0
62.4616003036499,0
62.481929302215576,0
62.50238227844238,0
62.52283024787903,0
62.54384207725525,0
62.56390070915222,0
62.58444380760193,0
62.60507369041443,0
62.62558913230896,0
62.64572763442993,0
62.666356801986694,0
62.68687629699707,0
62.707382917404175,0
62.72783398628235,0
62.74846935272217,0
62.76898527145386,0
62.78910970687866,0
62.80973982810974,0
62.83025527000427,0
62.85076093673706,0
62.871243715286255,0
62.891878843307495,0
62.91189217567444,0
62.93241763114929,0
62.95304727554321,0
62.9735746383667,0
62.99408006668091,0
63.014617919921875,0
63.035253286361694,0
63.05526828765869,0
63.07583451271057,0
63.09646487236023,0
63.116790771484375,0
63.137296199798584,0
63.15765929222107,0
63.178680181503296,0
63.198694467544556,0
63.21925139427185,0
63.23988389968872,0
63.2601637840271,0
63.28068256378174,0
63.30116891860962,0
63.32180619239807,0
63.34231233596802,0
63.362531661987305,0
63.38303589820862,0
63.40356206893921,0
63.424073457717896,0
63.4446542263031,0
63.4652841091156,0
63.485400438308716,0
63.505924463272095,0
63.52655386924744,0
63.54688215255737,0
63.56739282608032,0
63.58797335624695,0
63.60860896110535,0
63.629114627838135,0
63.649271965026855,0
63.669907331466675,0
63.6902277469635,0
63.71066904067993,0
63.731149673461914,0
63.75177979469299,0
63.772294759750366,0
63.79262590408325,0
63.81325626373291,0
63.83359098434448,0
63.85406017303467,0
63.87467312812805,0
63.89530301094055,0
63.91581583023071,1
63.93600082397461,1
63.95663094520569,1
63.97715425491333,1
63.997432708740234,0
64.01815795898438,0
64.03866863250732,0
64.05917453765869,0
64.0798008441925,0
64.09993553161621,0
64.12017893791199,0
64.14075493812561,0
64.1616530418396,0
64.18176913261414,0
64.20228004455566,0
64.22270655632019,0
64.24333643913269,0
64.26379752159119,0
64.2841386795044,0
64.30464887619019,0
64.32515954971313,0
64.3456699848175,0
64.36605286598206,0
64.38653373718262,0
64.40713214874268,0
64.42748928070068,0
64.44814968109131,0
64.46877789497375,0
64.48929262161255,1
64.50944495201111,1
64.53007626533508,1
64.55029678344727,1
64.57088232040405,1
64.59148240089417,1
64.61199355125427,1
64.63249969482422,1
64.65278244018555,1
64.67342209815979,1
64.69373178482056,1
64.71422624588013,1
64.73486661911011,1
64.75537180900574,1
64.77588248252869,1
64.7961266040802,1
64.81675720214844,1
64.83715772628784,1
64.8575849533081,1
64.87811064720154,1
64.89862060546875,1
64.91903829574585,1
64.9395203590393,1
64.96015048027039,1
64.98066854476929,1
65.00097799301147,1
65.02160835266113,1
65.04212379455566,1
65.06239032745361,1
65.08291101455688,1
65.10368490219116,1
65.12415647506714,1
65.14436054229736,1
65.16499018669128,1
65.1852753162384,1
65.20576238632202,1
65.22622871398926,1
65.24674010276794,1
65.26715445518494,1
65.28766751289368,1
65.30829739570618,1
65.32881307601929,1
65.34910035133362,1
65.36957025527954,1
65.39058756828308,1
65.41065549850464,1
65.43105220794678,1
65.4516851902008,1
65.47220158576965,1
65.49248337745667,1
65.512934923172,1
65.53356385231018,1
65.55407953262329,1
65.57458925247192,1
65.59519124031067,1
65.61570715904236,1
65.63584613800049,1
65.65637588500977,1
65.67700839042664,1
65.69752359390259,1
65.71776628494263,1
65.7383975982666,1
65.75891494750977,1
65.77943348884583,1
65.79989624023438,1
65.8204071521759,1
65.84092235565186,1
65.86108088493347,1
65.88160061836243,1
65.90210127830505,1
65.92255282402039,1
65.94317555427551,1
65.96380424499512,1
65.9843270778656,1
66.00447607040405,1
66.0251054763794,1
66.04542684555054,1
66.06590056419373,1
66.0864245891571,1
66.10687804222107,1
66.12739396095276,1
66.14786100387573,1
66.16849088668823,1
66.18882369995117,1
66.20927572250366,1
66.22965788841248,1
66.25067043304443,1
66.27068376541138,1
66.29118371009827,1
66.31181335449219,1
66.33214116096497,1
66.3526771068573,1
66.37315845489502,1
66.39367008209229,1
66.41417598724365,1
66.43457126617432,1
66.45521140098572,1
66.47574043273926,1
66.4960069656372,0
66.51666069030762,0
66.53716611862183,0
66.5574221611023,0
66.5779435634613,0
66.59843492507935,0
66.61888599395752,0
66.63935780525208,0
66.66014862060547,0
66.68066740036011,0
66.70081281661987,0
66.72145175933838,0
66.74196243286133,0
66.76220965385437,0
66.78272724151611,0
66.80314111709595,0
66.82414817810059,0
66.84420442581177,0
66.86483883857727,0
66.88515329360962,0
66.90562772750854,0
66.92609095573425,0
66.94662690162659,0
66.96713995933533,0
66.9875168800354,0
67.00815677642822,0
67.02866768836975,0
67.04894661903381,0
67.0694169998169,0
67.09012055397034,0
67.11074495315552,0
67.13087129592896,0
67.15138816833496,0
67.17189860343933,0
67.19242191314697,0
67.2130515575409,0
67.23356747627258,0
67.25407767295837,0
67.27458333969116,0
67.29509615898132,0
67.3156065940857,0
67.3356716632843,0
67.35616946220398,0
67.37680554389954,0
67.39731574058533,0
67.41763925552368,0
67.43815612792969,0
67.45866680145264,0
67.47918176651001,0
67.49952387809753,0
67.52015852928162,0
67.54066920280457,0
67.56104826927185,0
67.5815737247467,0
67.60208511352539,0
67.62267827987671,0
67.64330792427063,0
67.66332769393921,0
67.68434929847717,0
67.7043604850769,0
67.72479033470154,0
67.74529600143433,0
67.76564598083496,0
67.78623175621033,0
67.80686473846436,0
67.82737517356873,0
67.84767770767212,0
67.86818718910217,0
67.88865542411804,0
67.90912795066833,0
67.92975735664368,0
67.95026803016663,0
67.970778465271,0
67.99104285240173,0
68.01154470443726,0
68.03205513954163,0
68.05262565612793,0
68.07325482368469,0
68.09376978874207,0
68.11434960365295,0
68.13438606262207,0
68.15486788749695,0
68.17538046836853,0
68.19613552093506,0
68.2167649269104,0
68.23727631568909,0
68.25728988647461,0
68.2778046131134,0
68.29843473434448,0
68.31895065307617,0
68.3392231464386,0
68.35971570014954,0
68.38025403022766,0
68.40076875686646,0
68.42114424705505,0
68.44177484512329,0
68.4622893333435,0
68.48280835151672,0
68.50331568717957,0
68.52394509315491,0
68.54396343231201,0
68.56449007987976,0
68.58501482009888,0
68.60547518730164,0
68.62614297866821,0
68.6464478969574,0
68.6670777797699,0
68.68762421607971,0
68.70784163475037,0
68.72847127914429,0
68.7488272190094,0
68.76928973197937,0
68.78982138633728,0
68.8104510307312,0
68.83096742630005,0
68.8512315750122,0
68.87186217308044,0
68.89217042922974,0
68.912668466568,0
68.93312096595764,0
68.95363259315491,0
68.97413802146912,0
68.99458599090576,0
69.01522183418274,0
69.03553128242493,0
69.05603742599487,0
69.07663297653198,0
69.09714341163635,0
69.11771512031555,0
69.13793540000916,0
69.1585705280304,0
69.17909336090088,0
69.19938230514526,0
69.22012734413147,0
69.24063277244568,0
69.26091241836548,0
69.28143572807312,0
69.30206608772278,0
69.32227993011475,0
69.34277033805847,0
69.36312508583069,0
69.3841392993927,0
69.40418601036072,0
69.42465734481812,0
69.44528794288635,0
69.46563339233398,0
69.48608160018921,0
69.50662636756897,0
69.52713203430176,0
69.54752254486084,0
69.56804847717285,0
69.58851528167725,0
69.60903811454773,0
69.62963008880615,0
69.65012288093567,0
69.6706337928772,0
69.69091629981995,0
69.71138715744019,0
69.73202228546143,0
69.75233364105225,0
69.77285671234131,0
69.79362225532532,0
69.8141279220581,0
69.8342638015747,0
69.85471153259277,0
69.87534046173096,0
69.89582800865173,0
69.91617178916931,0
69.93680572509766,0
69.9573163986206,0
69.97782731056213,0
69.99834322929382,0
70.01885604858398,0
70.03945779800415,0
70.05955791473389,0
70.08008003234863,0
70.10058546066284,0
70.1209967136383,0
70.14149904251099,0
70.16612958908081,0
70.18651843070984,0
70.20715427398682,0
70.22762632369995,0
70.24798727035522,0
70.26843500137329,0
70.28892827033997,0
70.30943369865417,0
70.32988476753235,0
70.35052013397217,0
70.37109923362732,0
70.39135503768921,0
70.41180467605591,0
70.43232703208923,0
70.45283269882202,0
70.47326850891113,0
70.49390149116516,1
70.51441240310669,1
70.5346827507019,1
70.55513167381287,1
70.57615041732788,1
70.59616041183472,1
70.6166000366211,1
70.63718295097351,1
70.65769958496094,1
70.67821025848389,1
70.6985342502594,1
70.7190568447113,1
70.73956227302551,1
70.76011323928833,1
70.78063488006592,1
70.80115008354187,1
70.82165455818176,1
70.84188747406006,1
70.86240935325623,1
70.88292646408081,1
70.9034411907196,1
70.92407131195068,1
70.94458651542664,1
70.96509194374084,1
70.98561000823975,1
71.00613188743591,1
71.02664303779602,1
71.04667043685913,1
71.0672996044159,1
71.0878279209137,1
71.10833859443665,1
71.12861919403076,1
71.14909219741821,1
71.16960263252258,1
71.19013047218323,1
71.21075987815857,1
71.23127818107605,1
71.25178956985474,1
71.27201342582703,1
71.29243898391724,1
71.31294989585876,1
71.33360838890076,1
71.35423827171326,1
71.37475442886353,1
71.39526462554932,1
71.41535568237305,1
71.43582487106323,1
71.45633554458618,1
71.47709965705872,1
71.49773073196411,1
71.51774072647095,1
71.53825736045837,1
71.55870032310486,1
71.57922673225403,1
71.59973692893982,1
71.6200942993164,1
71.64095783233643,1
71.66108536720276,1
71.68160939216614,1
71.70203447341919,1
71.72253727912903,1
71.74304294586182,1
71.76360058784485,1
71.78411841392517,1
71.8047468662262,1
71.82526755332947,1
71.84547591209412,1
71.86589980125427,1
71.88641858100891,1
71.90693354606628,1
71.92756366729736,1
71.94807434082031,1
71.96859073638916,1
71.98875737190247,1
72.00926923751831,1
72.02978014945984,1
72.05029630661011,1
72.07092547416687,1
72.0912024974823,1
72.11171746253967,1
72.13213062286377,1
72.15271234512329,1
72.17322325706482,1
72.19359874725342,1
72.21422791481018,1
72.23473834991455,1
72.25525903701782,1
72.27552270889282,1
72.29604816436768,1
72.31655383110046,1
72.33706951141357,1
72.35741639137268,1
72.37804508209229,1
72.3985595703125,1
72.41884660720825,0
72.43939089775085,0
72.45990371704102,0
72.48042583465576,0
72.50105619430542,0
72.5215675830841,0
72.54174637794495,0
72.56221294403076,0
72.58304262161255,0
72.6035487651825,0
72.62359523773193,0
72.64422583580017,0
72.66484093666077,0
72.68536925315857,0
72.70555114746094,0
72.72640228271484,0
72.74690771102905,0
72.76709318161011,0
72.7876181602478,0
72.80812907218933,0
72.82847142219543,0
72.8489305973053,0
72.86961650848389,0
72.88989472389221,0
72.91059231758118,0
72.93122243881226,0
72.95172786712646,0
72.97185063362122,0
72.99235892295837,0
73.01309084892273,0
73.0335967540741,0
73.05373930931091,0
73.07437467575073,0
73.09488534927368,0
73.11518263816833,0
73.13566160202026,0
73.15628623962402,0
73.17679190635681,0
73.19711899757385,0
73.21775221824646,0
73.23825764656067,0
73.25858449935913,0
73.27922463417053,0
73.29959654808044,0
73.31999182701111,0
73.34047889709473,0
73.3609926700592,0
73.38150835037231,0
73.40189695358276,0
73.42252707481384,0
73.4430923461914,0
73.46335625648499,0
73.48387408256531,0
73.50439620018005,0
73.524906873703,0
73.54526472091675,0
73.56589460372925,0
73.586416721344,0
73.60670781135559,0
73.62733745574951,0
73.6478533744812,0
73.66817879676819,0
73.68869876861572,0
73.70933318138123,0
73.72984838485718,0
73.75006914138794,0
73.77069926261902,0
73.79105257987976,0
73.81155848503113,0
73.83211493492126,0
73.85275101661682,0
73.87326669692993,0
73.89341115951538,0
73.91404604911804,0
73.934561252594,0
73.95488095283508,0
73.97537636756897,0
73.99585175514221,0
74.01635766029358,0
74.03708934783936,0
74.05771946907043,0
74.07822489738464,0
74.09821033477783,0
74.11871767044067,0
74.13919949531555,0
74.16007900238037,0
74.18008494377136,0
74.20072031021118,0
74.22122526168823,0
74.24162435531616,0
74.26207447052002,0
74.28260231018066,0
74.30310940742493,0
74.32357668876648,0
74.34420776367188,0
74.3647129535675,0
74.38523697853088,0
74.40543603897095,0
74.42593383789062,0
74.44644570350647,0
74.46708726882935,0
74.48760843276978,0
74.50811958312988,0
74.52837204933167,0
74.54900121688843,0
74.56927490234375,0
74.58974504470825,0
74.61056399345398,0
74.63119387626648,0
74.65119886398315,0
74.6717836856842,0
74.69217586517334,0
74.71270036697388,0
74.73321104049683,0
74.75357007980347,0
74.7742006778717,0
74.79471492767334,0
74.81503057479858,0
74.83566069602966,0
74.85608768463135,0
74.87659287452698,0
74.8970696926117,0
74.91770601272583,0
74.93821215629578,0
74.95841670036316,0
74.97906160354614,0
74.9997067451477,0
75.01987409591675,0
75.04057002067566,0
75.06119894981384,0
75.08171486854553,0
75.10175108909607,0
75.12238121032715,0
75.14307904243469,0
75.16319990158081,0
75.18385720252991,0
75.20436263084412,0
75.22467732429504,0
75.24511170387268,0
75.26574206352234,0
75.28627061843872,0
75.30658721923828,0
75.3272294998169,0
75.34773516654968,0
75.36799359321594,0
75.38852167129517,0
75.40915012359619,0
75.42957592010498,0
75.44993233680725,0
75.47056269645691,0
75.49088287353516,0
75.51142430305481,0
75.53184247016907,0
75.55235385894775,0
75.57307744026184,0
75.59326338768005,0
75.61790490150452,0
75.63835835456848,0
75.65898823738098,0
75.67958378791809,0
75.69980454444885,0
75.72024703025818,0
75.740886926651,0
75.76140141487122,0
75.78191661834717,0
75.80254650115967,0
75.82305598258972,0
75.84311938285828,0
75.8637285232544,1
75.88424897193909,1
75.90476417541504,1
75.92506647109985,1
75.94569659233093,1
75.96621203422546,1
75.98673033714294,1
76.00733685493469,1
76.02746438980103,1
76.0479850769043,1
76.06843185424805,1
76.0889458656311,1
76.1093852519989,1
76.12997484207153,1
76.15058374404907,1
76.1712121963501,1
76.19158864021301,1
76.21180605888367,1
76.23243641853333,1
76.25274395942688,1
76.27320528030396,1
76.2937343120575,1
76.31424450874329,1
76.33476090431213,1
76.35518264770508,1
76.37581253051758,1
76.3961193561554,1
76.41660523414612,1
76.43706488609314,1
76.45757579803467,1
76.47808265686035,1
76.49851989746094,1
76.51915574073792,1
76.53945875167847,1
76.55992078781128,1
76.58058166503906,1
76.60108685493469,1
76.6213743686676,1
76.64187955856323,1
76.66250967979431,1
76.68310523033142,1
76.70335221290588,1
76.72407031059265,1
76.74457812309265,1
76.76482081413269,1
76.78534245491028,1
76.80597257614136,1
76.82623767852783,1
76.84666752815247,1
76.86707186698914,1
76.88808584213257,1
76.90812468528748,1
76.92860627174377,1
76.94923615455627,1
76.96954846382141,1
76.99004173278809,1
77.01057982444763,1
77.03108525276184,1
77.05146741867065,1
77.07198166847229,1
77.09242296218872,1
77.11292314529419,1
77.13336658477783,1
77.15407276153564,1
77.17457795143127,1
77.19532108306885,1
77.21535563468933,1
77.2359848022461,1
77.25614547729492,1
77.2767345905304,1
77.29756665229797,1
77.31807208061218,1
77.33821105957031,1
77.35884475708008,1
77.37935614585876,1
77.39997792243958,1
77.42012977600098,1
77.44077062606812,1
77.46127605438232,1
77.48178696632385,1
77.50230884552002,1
77.52282071113586,1
77.54292631149292,1
77.56347417831421,1
77.58400130271912,1
77.60451245307922,1
77.62493801116943,1
77.6453709602356,1
77.6659996509552,1
77.68646430969238,1
77.70685720443726,1
77.72749137878418,1
77.74800157546997,1
77.76825737953186,1
77.78879022598267,1
77.80941939353943,1
77.8298442363739,0
77.85021638870239,0
77.87085223197937,0
77.89116787910461,0
77.91164493560791,0
77.9321219921112,0
77.95263290405273,0
77.97332215309143,0
77.99354863166809,0
78.01418352127075,0
78.03468894958496,0
78.05500102043152,0
78.07548189163208,0
78.09599709510803,0
78.1165497303009,0
78.13693118095398,0
78.1575665473938,0
78.17807674407959,0
78.19866490364075,0
78.21884655952454,0
78.2393569946289,0
78.26004219055176,0
78.28055739402771,0
78.30118775367737,0
78.32170343399048,0
78.34178972244263,0
78.36221504211426,0
78.38273024559021,0
78.40304780006409,0
78.4236581325531,0
78.44429349899292,0
78.46480369567871,0
78.48532199859619,0
78.50557160377502,0
78.52608227729797,0
78.5465977191925,0
78.56697583198547,0
78.58799767494202,0
78.60801315307617,0
78.62845301628113,0
78.64892721176147,0
78.66943883895874,0
78.68996453285217,0
78.71038579940796,0
78.73101663589478,0
78.75153684616089,0
78.77179646492004,0
78.7923150062561,0
78.81294369697571,0
78.83345913887024,0
78.85373830795288,0
78.87436866760254,0
78.89472246170044,0
78.91515827178955,0
78.93577837944031,0
78.95628929138184,0
78.97680473327637,0
78.99707078933716,0
79.01770043373108,0
79.03821444511414,0
79.05851411819458,0
79.07913517951965,0
79.09965014457703,0
79.1201663017273,0
79.14046049118042,0
79.16109085083008,0
79.18161487579346,0
79.20198822021484,0
79.22257995605469,0
79.24309158325195,0
79.2636067867279,0
79.2841169834137,0
79.30474734306335,0
79.32478141784668,0
79.34525847434998,0
79.3657877445221,0
79.38630986213684,0
79.40674948692322,0
79.42715811729431,0
79.44768810272217,0
79.46812152862549,0
79.48863959312439,0
79.50904417037964,0
79.52967286109924,0
79.55018377304077,0
79.57069873809814,0
79.59103846549988,0
79.61154890060425,0
79.63197445869446,0
79.65260434150696,0
79.67293167114258,0
79.69340658187866,0
79.71401572227478,0
79.73465204238892,0
79.7551577091217,0
79.77534604072571,0
79.79579162597656,0
79.81658673286438,0
79.83709335327148,0
79.85754776000977,0
79.87818360328674,0
79.89869379997253,0
79.91871166229248,0
79.93934154510498,0
79.95999217033386,0
79.98050165176392,0
80.00054144859314,0
80.02117681503296,0
80.04168248176575,0
80.06206321716309,0
80.08258533477783,0
80.10324430465698,0
80.12352132797241,0
80.14404106140137,0
80.16467118263245,0
80.18518877029419,0
80.20541071891785,0
80.22587180137634,0
80.2464075088501,0
80.26688075065613,0
80.28740525245667,0
80.30803346633911,0
80.32854413986206,0
80.34877634048462,0
80.36940622329712,0
80.38993215560913,0
80.41020250320435,0
80.43107748031616,0
80.45158863067627,0
80.4720950126648,0
80.49210715293884,0
80.5127375125885,0
80.53306341171265,0
80.5535991191864,0
80.57422924041748,0
80.5945565700531,0
80.61506175994873,0
80.6355185508728,0
80.65615487098694,0
80.67654418945312,0
80.69691777229309,0
80.71748113632202,0
80.73799681663513,0
80.75850224494934,0
80.77887892723083,0
80.79951763153076,0
80.82003736495972,0
80.84033417701721,0
80.86096453666687,0
80.88148999214172,0
80.90199518203735,0
80.92222023010254,0
80.94285583496094,0
80.963045835495,0
80.98406267166138,0
81.00419640541077,0
81.02470707893372,0
81.0451123714447,0
81.06561374664307,0
81.08613443374634,0
81.10664987564087,0
81.12702894210815,0
81.14766454696655,0
81.16817545890808,0
81.18868827819824,0
81.20890998840332,0
81.22950839996338,0
81.25002479553223,0
81.27038049697876,0
81.29090595245361,0
81.31143069267273,0
81.33193683624268,0
81.3523383140564,0
81.37296843528748,0
81.39349031448364,0
81.41373634338379,0
81.43436574935913,0
81.45487594604492,0
81.47520112991333,0
81.49572443962097,0
81.51635313034058,0
81.53686904907227,0
81.55712914466858,0
81.57775855064392,0
81.59828162193298,0
81.6185576915741,0
81.63908386230469,0
81.65961694717407,0
81.68014407157898,0
81.70066666603088,0
81.72119903564453,0
81.74142980575562,0
81.76192736625671,0
81.78251838684082,0
81.803147315979,0
81.82366347312927,0
81.84382724761963,1
81.86446070671082,1
81.88498282432556,1
81.90524864196777,1
81.9258291721344,1
81.94645810127258,1
81.96697425842285,1
81.98749208450317,1
82.00812196731567,1
82.02815985679626,1
82.04860138893127,1
82.06904101371765,1
82.09005737304688,1
82.11006712913513,1
82.13055992126465,1
82.15118980407715,1
82.1715133190155,1
82.19199776649475,1
82.21253299713135,1
82.23312902450562,1
82.25363492965698,1
82.27397012710571,1
82.29442715644836,1
82.31487679481506,1
82.33533883094788,1
82.35601258277893,1
82.37652349472046,1
82.39703321456909,1
82.41725969314575,1
82.44189548492432,1
82.46233320236206,1
82.48285055160522,1
82.50355648994446,1
82.52406215667725,1
82.544504404068,1
82.56513953208923,1
82.58565664291382,1
82.6056866645813,1
82.62631630897522,1
82.64700818061829,1
82.66711354255676,1
82.68764209747314,1
82.70827722549438,1
82.72883677482605,1
82.74908137321472,1
82.76971697807312,1
82.79023933410645,1
82.81048464775085,1
82.83100485801697,1
82.85163474082947,1
82.87215185165405,1
82.89242434501648,1
82.91306018829346,1
82.93361639976501,1
82.95388317108154,1
82.97450757026672,1
82.9948501586914,1
83.01535606384277,1
83.0357780456543,1
83.05641412734985,1
83.07700252532959,1
83.09720468521118,1
83.1176860332489,1
83.13831901550293,1
83.15882992744446,1
83.1791205406189,1
83.19976115226746,1
83.22001218795776,1
83.24060297012329,1
83.26123213768005,1
83.28175234794617,1
83.30226278305054,1
83.32247757911682,1
83.34310746192932,1
83.36350226402283,1
83.3840172290802,1
83.40464735031128,1
83.42516851425171,1
83.4456741809845,1
83.46588802337646,1
83.48641514778137,1
83.50701785087585,1
83.52734017372131,1
83.54797053337097,1
83.5684871673584,1
83.58899998664856,1
83.60920238494873,1
83.62983846664429,1
83.65035009384155,1
83.67064881324768,1
83.69117426872253,1
83.71169018745422,0
83.73219537734985,0
83.75261306762695,0
83.77324914932251,0
83.79377269744873,0
83.8140127658844,0
83.83464813232422,0
83.85516381263733,0
83.87544918060303,0
83.89597392082214,0
83.91660928726196,0
83.9371247291565,0
83.95736408233643,0
83.97799897193909,0
83.99851846694946,0
84.01882863044739,0
84.0394868850708,0
84.06011700630188,0
84.08012557029724,0
84.10079288482666,0
84.12142372131348,0
84.14171171188354,0
84.16219758987427,0
84.18276643753052,0
84.20339512825012,0
84.2239122390747,0
84.24429202079773,0
84.26493453979492,0
84.28546142578125,0
84.3055362701416,0
84.32614254951477,0
84.34665322303772,0
84.36716914176941,0
84.38768696784973,0
84.40831756591797,0
84.42841649055481,0
84.44890546798706,0
84.46955037117004,0
84.49007081985474,0
84.51058840751648,0
84.53085398674011,0
84.55148315429688,0
84.5717761516571,0
84.59229445457458,0
84.61300301551819,0
84.63351345062256,0
84.65401864051819,0
84.67421126365662,0
84.69464635848999,0
84.71516704559326,0
84.73564314842224,0
84.75623989105225,0
84.7767505645752,0
84.79704713821411,0
84.81753730773926,0
84.83817338943481,0
84.85852074623108,0
84.87896966934204,0
84.89951491355896,0
84.92002606391907,0
84.94053721427917,0
84.96092081069946,0
84.98155069351196,0
85.00187182426453,0
85.02233672142029,0
85.04300236701965,0
85.06351351737976,0
85.08402895927429,0
85.10425591468811,0
85.12489104270935,0
85.14525008201599,0
85.1657338142395,0
85.18625783920288,0
85.20676898956299,0
85.22727465629578,0
85.24798226356506,0
85.26812481880188,0
85.28863859176636,0
85.30911684036255,0
85.32975316047668,0
85.35035467147827,0
85.3705370426178,0
85.39106631278992,0
85.411696434021,0
85.43220210075378,0
85.4524598121643,0
85.47309017181396,0
85.49361896514893,0
85.5138828754425,0
85.5345139503479,0
85.55502462387085,0
85.57553553581238,0
85.59576797485352,0
85.61639738082886,0
85.63699197769165,0
85.65724468231201,0
85.67787432670593,0
85.69839453697205,0
85.71890068054199,0
85.73916149139404,0
85.75980496406555,0
85.78000450134277,0
85.80059862136841,0
85.82122874259949,0
85.84174466133118,0
85.86225032806396,0
85.8827633857727,0
85.90339922904968,0
85.9234266281128,0
85.94398283958435,0
85.96461200714111,0
85.9851336479187,0
86.00564408302307,0
86.02586197853088,0
86.04649209976196,0
86.06703972816467,0
86.08755803108215,0
86.1081874370575,0
86.12870287895203,0
86.15265083312988,0
86.17334365844727,0
86.19384002685547,0
86.21448516845703,0
86.23511505126953,0
86.25513052940369,0
86.2757511138916,0
86.29620313644409,0
86.31668472290039,0
86.3371958732605,0
86.35785984992981,0
86.37849569320679,0
86.39848017692566,0
86.4191210269928,0
86.43957734107971,0
86.46007823944092,0
86.48058342933655,0
86.5010154247284,0
86.52165246009827,0
86.54616475105286,1
86.5665442943573,1
86.58706665039062,1
86.6075828075409,0
86.62796211242676,0
86.64846277236938,0
86.66897416114807,0
86.6895043849945,0
86.70992612838745,0
86.73055577278137,0
86.7510769367218,0
86.7716634273529,0
86.79199624061584,0
86.8125069141388,0
86.83302307128906,0
86.85332727432251,0
86.87395691871643,0
86.8942506313324,0
86.91472268104553,0
86.93543124198914,0
86.95594215393066,0
86.97645854949951,1
86.99663496017456,1
87.01726508140564,1
87.03759455680847,0
87.0580530166626,0
87.07873511314392,0
87.09924459457397,0
87.11976075172424,0
87.14006400108337,0
87.16069531440735,0
87.18098187446594,0
87.20144653320312,0
87.22211694717407,0
87.24262285232544,1
87.26313853263855,1
87.28376030921936,1
87.30788826942444,1
87.32846093177795,1
87.34909415245056,1
87.3693642616272,1
87.38988256454468,1
87.41047549247742,1
87.43110394477844,1
87.45161461830139,1
87.47177076339722,1
87.49228501319885,1
87.51274967193604,1
87.53319263458252,1
87.5539755821228,1
87.57460427284241,1
87.59465384483337,1
87.61514091491699,1
87.63577198982239,1
87.65600609779358,1
87.6765775680542,1
87.6969747543335,1
87.71760368347168,1
87.73811459541321,1
87.75852823257446,1
87.77909731864929,1
87.79962539672852,1
87.81996726989746,1
87.84047222137451,1
87.86110067367554,1
87.88161182403564,1
87.9018771648407,1
87.92250728607178,1
87.94273447990417,1
87.96333765983582,1
87.98398494720459,1
88.00449585914612,1
88.02500677108765,1
88.04522919654846,1
88.06585884094238,1
88.08654546737671,1
88.10663151741028,1
88.1274790763855,1
88.14798474311829,1
88.16812539100647,1
88.1886477470398,1
88.20928287506104,1
88.22950172424316,1
88.25001764297485,1
88.27065873146057,1
88.29121589660645,1
88.31146621704102,1
88.33196926116943,1
88.35259985923767,1
88.37302017211914,1
88.39354014396667,1
88.41417074203491,1
88.43467617034912,1
88.45485210418701,1
88.4753258228302,1
88.49577593803406,1
88.51648545265198,1
88.53675293922424,1
88.55738258361816,1
88.57789707183838,1
88.5981981754303,1
88.61865139007568,1
88.63916230201721,1
88.65997290611267,1
88.68010520935059,1
88.70062708854675,1
88.7211480140686,1
88.741530418396,1
88.76201343536377,1
88.78278994560242,1
88.80298328399658,1
88.82344388961792,1
88.84407424926758,1
88.86459016799927,1
88.88510489463806,1
88.90541529655457,1
88.92604422569275,1
88.94655847549438,1
88.96681904792786,1
88.98785257339478,1
89.01174402236938,1
89.03234457969666,1
89.05286455154419,1
89.07337617874146,1
89.09389925003052,1
89.11452984809875,1
89.13504695892334,1
89.15524291992188,1
89.17587232589722,0
89.19621133804321,0
89.21672224998474,0
89.23748517036438,0
89.2581205368042,0
89.28213477134705,0
89.30286073684692,0
89.32337141036987,0
89.34388709068298,0
89.3641471862793,0
89.38467264175415,0
89.40518856048584,0
89.42570376396179,0
89.44633316993713,0
89.46684384346008,0
89.48736691474915,0
89.50748348236084,0
89.52799344062805,0
89.548504114151,0
89.56901979446411,0
89.5895299911499,0
89.61015915870667,0
89.63067579269409,0
89.65088367462158,0
89.67162084579468,0
89.69218063354492,0
89.71269726753235,0
89.732825756073,0
89.75333619117737,0
89.77372288703918,0
89.7943365573883,0
89.81463432312012,0
89.83564138412476,0
89.85995078086853,0
89.88057899475098,0
89.90072226524353,0
89.92119026184082,0
89.94182562828064,0
89.96214008331299,0
89.98264002799988,0
90.0034589767456,0
90.02396416664124,0
90.04409456253052,0
90.06458854675293,0
90.08521747589111,0
90.10553693771362,0
90.12602019309998,0
90.14646816253662,0
90.16697931289673,0
90.18749475479126,0
90.20813655853271,0
90.23264813423157,0
90.25296211242676,0
90.273592710495,0
90.29397678375244,0
90.31440901756287,0
90.33504962921143,0
90.35555505752563,0
90.37587380409241,0
90.39639544487,0
90.4170253276825,0
90.43729043006897,0
90.45776510238647,0
90.47839522361755,0
90.49872875213623,0
90.51921010017395,0
90.53971743583679,0
90.56034636497498,0
90.58095908164978,0
90.60115933418274,0
90.62178993225098,0
90.64230632781982,0
90.66259336471558,0
90.68308138847351,0
90.70359683036804,0
90.72395372390747,0
90.74448561668396,0
90.76511549949646,0
90.78563117980957,0
90.806236743927,0
90.82643747329712,0
90.84694957733154,0
90.86744856834412,0
90.88796353340149,0
90.90859341621399,0
90.92911529541016,0
90.94933533668518,0
90.96996569633484,0
90.99049067497253,0
91.01099562644958,0
91.03152179718018,0
91.05215263366699,0
91.076167345047,0
91.09677362442017,0
91.11740255355835,0
91.13791847229004,0
91.15820455551147,0
91.17867684364319,0
91.19913291931152,0
91.21994376182556,0
91.24057388305664,0
91.26458835601807,0
91.28520727157593,0
91.30578255653381,0
91.32629823684692,0
91.34665966033936,0
91.36742877960205,0
91.38806748390198,0
91.41208052635193,0
91.43271160125732,0
91.45321869850159,0
91.4736156463623,0
91.49413394927979,0
91.51457643508911,0
91.53508830070496,0
91.55552434921265,0
91.57615494728088,0
91.59667253494263,0
91.6169638633728,0
91.63759255409241,0
91.65791702270508,0
91.6784279346466,0
91.69895029067993,0
91.71958136558533,0
91.74009227752686,0
91.76032185554504,0
91.78095197677612,0
91.80133605003357,0
91.82177495956421,0
91.84248995780945,0
91.8631203174591,0
91.88362574577332,0
91.90366697311401,0
91.92430233955383,0
91.94463682174683,0
91.96514415740967,0
91.98546981811523,0
92.00648832321167,0
92.03095126152039,0
92.05158567428589,0
92.07559561729431,0
92.0966203212738,0
92.12074971199036,0
92.1412444114685,0
92.16171765327454,0
92.1825168132782,0
92.20303201675415,0
92.22745394706726,0
92.25189995765686,0
92.27246522903442,0
92.29699230194092,0
92.31756925582886,0
92.33821034431458,0
92.362220287323,0
92.38291382789612,0
92.40342569351196,0
92.42394995689392,0
92.44435238838196,0
92.46494245529175,0
92.48557162284851,0
92.50969624519348,0
92.53083324432373,0
92.55483102798462,0
92.575439453125,0
92.59596467018127,0
92.616375207901,0
92.63685727119446,0
92.65745615959167,0
92.68196940422058,0
92.70245361328125,0
92.72308397293091,0
92.74359512329102,0
92.76387166976929,0
92.78450179100037,0
92.80496311187744,0
92.82532811164856,0
92.84578108787537,0
92.86641502380371,0
92.8869264125824,0
92.90720081329346,0
92.9278314113617,0
92.94844317436218,0
92.96861863136292,0
92.98913359642029,0
93.00965213775635,0
93.03016257286072,0
93.05056166648865,0
93.07119512557983,0
93.09145951271057,0
93.11202955245972,0
93.1324954032898,0
93.15301561355591,0
93.17352652549744,0
93.19405603408813,0
93.21468615531921,1
93.23893237113953,1
93.25949025154114,1
93.28020095825195,1
93.30431699752808,1
93.32538437843323,1
93.34940981864929,1
93.37006402015686,1
93.39059710502625,1
93.41110253334045,1
93.43136692047119,1
93.45200276374817,1
93.4725170135498,1
93.49302887916565,1
93.5134346485138,1
93.53395676612854,1
93.55446219444275,1
93.57474780082703,1
93.59577441215515,1
93.61978840827942,1
93.64042711257935,1
93.66106247901917,1
93.68157839775085,1
93.70185399055481,1
93.72233629226685,1
93.7428469657898,1
93.7634289264679,1
93.78376889228821,1
93.80428647994995,1
93.82490634918213,1
93.84518265724182,1
93.86568832397461,1
93.88620162010193,1
93.90699481964111,1
93.93112421035767,1
93.95164561271667,1
93.97218990325928,1
93.99270796775818,1
94.01312613487244,1
94.0336377620697,1
94.05398654937744,1
94.07462215423584,1
94.09514451026917,1
94.11555647850037,1
94.13618564605713,1
94.15647959709167,1
94.17699098587036,1
94.19752025604248,1
94.21815013885498,1
94.23866629600525,1
94.25891327857971,1
94.27954339981079,1
94.29986906051636,1
94.32037496566772,1
94.34093594551086,1
94.36156487464905,1
94.382075548172,1
94.40617847442627,1
94.42718529701233,1
94.44731998443604,1
94.46780276298523,1
94.48851370811462,1
94.51265668869019,1
94.53368782997131,1
94.55772876739502,1
94.5784273147583,1
94.59886622428894,1
94.61987328529358,1
94.6440122127533,1
94.66452312469482,1
94.68492841720581,1
94.70537185668945,1
94.72578001022339,1
94.74678683280945,1
94.7709231376648,1
94.7915551662445,1
94.81206607818604,1
94.83266282081604,1
94.85679197311401,1
94.8773844242096,1
94.89792132377625,1
94.91843795776367,1
94.9389488697052,1
94.95942258834839,1
94.98005223274231,1
95.00031518936157,1
95.0207769870758,1
95.04140615463257,1
95.06173157691956,1
95.08224272727966,1
95.10293078422546,1
95.1275622844696,1
95.15192699432373,1
95.1725561618805,1
95.19307565689087,1
95.21332144737244,0
95.23395228385925,0
95.25431156158447,0
95.27473068237305,0
95.29525518417358,0
95.31576609611511,0
95.33631682395935,0
95.35662913322449,0
95.3772644996643,0
95.39778804779053,0
95.41809940338135,0
95.43873977661133,0
95.45924472808838,0
95.47955417633057,0
95.50000262260437,0
95.52063322067261,0
95.54101800918579,0
95.56143045425415,0
95.58206057548523,0
95.60240769386292,0
95.62285494804382,0
95.6433355808258,0
95.66396427154541,0
95.68441891670227,0
95.70481562614441,0
95.72544646263123,0
95.74964094161987,0
95.77077293395996,0
95.79480695724487,0
95.81538391113281,0
95.83590388298035,0
95.85649490356445,0
95.87693166732788,0
95.89744925498962,0
95.91807866096497,0
95.94216799736023,0
95.96329975128174,0
95.98731446266174,0
96.00789499282837,0
96.02837491035461,0
96.04888105392456,0
96.0693256855011,0
96.08984804153442,0
96.11035966873169,0
96.13088130950928,0
96.15133118629456,0
96.17176079750061,0
96.19227933883667,0
96.21292996406555,0
96.2375602722168,0
96.26207613945007,0
96.28670644760132,0
96.31092071533203,0
96.33155179023743,0
96.35612940788269,0
96.3767602443695,0
96.40094089508057,0
96.42158699035645,0
96.44221663475037,0
96.46273303031921,0
96.48305010795593,0
96.5035753250122,0
96.52408695220947,0
96.54460287094116,0
96.56523299217224,0
96.5897479057312,0
96.61000990867615,0
96.6306402683258,0
96.65115070343018,0
96.67144846916199,0
96.6919584274292,0
96.71244430541992,0
96.73295521736145,0
96.75347185134888,0
96.77410173416138,0
96.79862570762634,0
96.8188967704773,0
96.83952569961548,0
96.85985851287842,0
96.88034892082214,0
96.90087938308716,0
96.92139077186584,0
96.94181656837463,0
96.96245789527893,0
96.98696994781494,0
97.0073471069336,0
97.0279769897461,0
97.04833102226257,0
97.06875562667847,0
97.08943223953247,0
97.1139440536499,0
97.1344165802002,0
97.15505194664001,0
97.17916083335876,0
97.19985723495483,0
97.22048592567444,0
97.24080562591553,0
97.26131224632263,0
97.28192663192749,0
97.30224418640137,0
97.32272958755493,0
97.34336853027344,0
97.36758255958557,0
97.38909721374512,0
97.41322493553162,0
97.43721580505371,0
97.45822811126709,0
97.4822506904602,0
97.50296378135681,0
97.52342820167542,0
97.54389262199402,0
97.56452369689941,0
97.58504581451416,0
97.60555577278137,0
97.62586760520935,0
97.64650273323059,0
97.66692566871643,0
97.6873209476471,0
97.70796084403992,0
97.72847199440002,0
97.75262784957886,0
97.77332019805908,0
97.7938301563263,0
97.8142352104187,0
97.8348708152771,0
97.85522842407227,0
97.87572956085205,0
97.89624762535095,0
97.91668486595154,0
97.93719100952148,0
97.95762896537781,1
97.97826480865479,1
97.99879288673401,0
98.02295327186584,0
98.04408407211304,0
98.06800150871277,0
98.08913373947144,0
98.11315870285034,0
98.13376188278198,0
98.15424466133118,0
98.1747567653656,0
98.19928121566772,0
98.21990990638733,0
98.24042582511902,0
98.26505637168884,0
98.2895770072937,0
98.31421160697937,0
98.33872199058533,0
98.36293506622314,0
98.38394737243652,0
98.40807962417603,0
98.42909121513367,0
98.45308995246887,0
98.47421979904175,1
98.49824285507202,1
98.51887273788452,1
98.53923892974854,1
98.55970931053162,1
98.58038568496704,1
98.60458588600159,1
98.62538838386536,1
98.6460189819336,1
98.67038297653198,1
98.69090104103088,1
98.71141266822815,1
98.73175644874573,1
98.7522201538086,1
98.77290534973145,1
98.79742288589478,1
98.81789779663086,1
98.83840894699097,1
98.86297917366028,1
98.8876211643219,1
98.91188049316406,1
98.93250918388367,1
98.95302081108093,1
98.97343826293945,1
98.99395561218262,1
99.014399766922,1
99.0348641872406,1
99.05539870262146,1
99.07602763175964,1
99.10054659843445,1
99.12118744850159,1
99.14525127410889,1
99.16638493537903,1
99.1903944015503,1
99.2110071182251,1
99.23163723945618,1
99.25590014457703,1
99.2765383720398,1
99.29706358909607,1
99.31757426261902,1
99.33799743652344,1
99.35851454734802,1
99.3828637599945,1
99.40352725982666,1
99.42415642738342,1
99.44839811325073,1
99.4695303440094,1
99.4935553073883,1
99.5140860080719,1
99.53471994400024,1
99.55895566940308,1
99.580087184906,1
99.60404944419861,1
99.6251802444458,1
99.64919447898865,1
99.66975569725037,1
99.69028234481812,1
99.71079230308533,1
99.73139095306396,1
99.75602650642395,1
99.7805426120758,1
99.80471873283386,1
99.8257360458374,1
99.8498649597168,1
99.87038516998291,1
99.8909969329834,1
99.91143083572388,1
99.93190741539001,1
99.95241856575012,1
99.97292947769165,1
99.99345064163208,1
100.01796865463257,1
100.03838062286377,1
100.05900931358337,1
100.0795259475708,1
100.10371923446655,1
100.12445950508118,1
100.14494514465332,1
100.16549611091614,1
100.18612480163574,1
100.21039938926697,1
100.23102974891663,1
100.25154042243958,1
100.2718448638916,1
100.29236054420471,1
100.31286716461182,1
100.33337807655334,1
100.35389304161072,1
100.37457203865051,1
100.39915299415588,1
100.42378330230713,1
100.44788074493408,1
100.46851086616516,1
100.48902201652527,1
100.50942802429199,1
100.52994775772095,1
100.55039358139038,1
100.57090473175049,0
100.59138703346252,0
100.61201858520508,0
100.63653087615967,0
100.65689182281494,0
100.6775221824646,0
100.69804620742798,0
100.72267603874207,0
100.746830701828,0
100.76746869087219,0
100.7878966331482,0
100.808913230896,0
100.83287858963013,0
100.854008436203,0
100.87802410125732,0
100.89865970611572,0
100.92292785644531,0
100.94406938552856,0
100.96858072280884,0
100.99273037910461,0
101.01373720169067,0
101.03766369819641,0
101.05879378318787,0
101.08274292945862,0
101.10337162017822,0
101.12389659881592,0
101.14431118965149,0
101.16479873657227,0
101.18531656265259,0
101.2057626247406,0
101.22626376152039,0
101.25089478492737,0
101.27128744125366,0
101.29230761528015,0
101.31632208824158,0
101.33686923980713,0
101.35749959945679,0
101.37801623344421,0
101.402179479599,0
101.42320346832275,0
101.44730496406555,0
101.46797442436218,0
101.48848557472229,0
101.5090172290802,0
101.5336480140686,0
101.55816292762756,0
101.58279299736023,0
101.60732126235962,0
101.63195776939392,0
101.65612649917603,0
101.67725801467896,0
101.7012779712677,0
101.72190761566162,0
101.74242329597473,0
101.76293468475342,0
101.78333115577698,0
101.80379986763,0
101.82431197166443,0
101.8487160205841,0
101.86934614181519,0
101.88971662521362,0
101.9103274345398,0
101.93095850944519,0
101.95147442817688,0
101.97610425949097,0
102.00063395500183,0
102.02526450157166,0
102.04933786392212,0
102.07003235816956,0
102.09053325653076,0
102.11104846000671,0
102.13138961791992,0
102.15202498435974,0
102.17253088951111,0
102.19305658340454,0
102.21769165992737,0
102.23820114135742,0
102.26283144950867,0
102.2873523235321,0
102.31148600578308,0
102.33249306678772,0
102.35652256011963,0
102.37765407562256,0
102.40175342559814,0
102.4223895072937,0
102.44690871238708,0
102.47153925895691,0
102.49206233024597,0
102.51669239997864,0
102.54086399078369,0
102.56157946586609,0
102.58216524124146,0
102.60639595985413,0
102.62738084793091,0
102.6520094871521,0
102.67638230323792,0
102.70090007781982,0
102.72137951850891,0
102.74201464653015,0
102.76638197898865,0
102.78701162338257,0
102.81152725219727,0
102.83616280555725,0
102.86034083366394,0
102.88148164749146,0
102.90571713447571,0
102.9261040687561,0
102.94673490524292,0
102.97097516059875,0
102.99199891090393,0
103.01616168022156,0
103.03672456741333,0
103.0614185333252,0
103.08570837974548,0
103.10623502731323,0
103.12724208831787,0
103.15138339996338,0
103.17188930511475,0
103.19639945030212,0
103.21703767776489,0
103.24130129814148,0
103.2623188495636,0
103.28682971000671,0
103.31135582923889,0
103.33548712730408,0
103.35616445541382,0
103.37679290771484,0
103.40140867233276,0
103.42607355117798,0
103.45022058486938,0
103.47135186195374,0
103.49539160728455,0
103.51602697372437,0
103.54054307937622,0
103.56100010871887,0
103.58163571357727,0
103.60581731796265,0
103.626948595047,0
103.65096807479858,0
103.67559933662415,0
103.69662427902222,0
103.72060561180115,0
103.74121046066284,0
103.76172137260437,0
103.78230714797974,0
103.80652332305908,0
103.82738828659058,0
103.85201835632324,0
103.87652778625488,0
103.90104937553406,0
103.9253830909729,0
103.94651412963867,0
103.97052884101868,0
103.99106907844543,0
104.01164054870605,0
104.03215837478638,0
104.05679440498352,0
104.08131074905396,1
104.10557222366333,1
104.12658905982971,0
104.15066051483154,0
104.17132639884949,0
104.19183731079102,0
104.21239376068115,0
104.23702430725098,0
104.26153945922852,0
104.2861692905426,0
104.31070446968079,0
104.33521032333374,0
104.35985279083252,0
104.38411283493042,0
104.4046380519867,0
104.42532753944397,0
104.44984245300293,0
104.47047281265259,0
104.49499821662903,0
104.51962804794312,0
104.54434871673584,0
104.56848311424255,1
104.58915448188782,1
104.6095700263977,1
104.63020014762878,1
104.6505479812622,1
104.67518377304077,1
104.69958877563477,1
104.72018790245056,1
104.7408618927002,1
104.76501846313477,1
104.78584575653076,1
104.81036639213562,1
104.83484292030334,1
104.85534858703613,1
104.87585759162903,1
104.90039038658142,1
104.92113518714905,1
104.94527554512024,1
104.9662835597992,1
104.99040913581848,1
105.0114278793335,1
105.03545117378235,1
105.0560417175293,1
105.0804033279419,1
105.10142350196838,1
105.12584233283997,1
105.15003728866577,1
105.1708447933197,1
105.19535517692566,1
105.21584272384644,1
105.2363531589508,1
105.26062059402466,1
105.28176164627075,1
105.30581068992615,1
105.32644295692444,1
105.34695363044739,1
105.3712408542633,1
105.39237451553345,1
105.41674137115479,1
105.44090008735657,1
105.46157097816467,1
105.4821105003357,1
105.50664234161377,1
105.53096127510071,1
105.551602602005,1
105.57260966300964,1
105.59713411331177,1
105.6216504573822,1
105.64578056335449,1
105.66679835319519,1
105.69080758094788,1
105.71182990074158,1
105.73589539527893,1
105.75646018981934,1
105.77697086334229,1
105.79758548736572,1
105.82221603393555,1
105.84683847427368,1
105.87146878242493,1
105.89584755897522,1
105.92048835754395,1
105.94471168518066,1
105.96584415435791,1
105.98985767364502,1
106.01048970222473,1
106.03500652313232,1
106.05964589118958,1
106.08415603637695,1
106.10467147827148,1
106.12931251525879,1
106.15394234657288,1
106.17845845222473,1
106.20298075675964,1
106.2274968624115,1
106.25212717056274,1
106.27664351463318,1
106.29715394973755,1
106.31778216362,1
106.34199070930481,1
106.36312174797058,1
106.3870906829834,1
106.40775775909424,1
106.4286379814148,0
106.45271825790405,0
106.47332763671875,0
106.4978437423706,0
106.51834511756897,0
106.53897500038147,0
106.56349039077759,0
106.58812069892883,0
106.61234426498413,0
106.63347601890564,0
106.65749597549438,0
106.6780731678009,0
106.70273113250732,0
106.72736239433289,0
106.7518789768219,0
106.77650928497314,0
106.80102944374084,0
106.82565927505493,0
106.8501706123352,0
106.87480640411377,0
106.89932537078857,0
106.92395496368408,0
106.94855785369873,0
106.97318744659424,0
106.99770998954773,0
107.0222156047821,0
107.04684090614319,0
107.07111287117004,0
107.0918378829956,0
107.11635613441467,0
107.14087390899658,0
107.16138482093811,0
107.18589520454407,0
107.20650267601013,0
107.23101830482483,0
107.25151443481445,0
107.2761435508728,0
107.29665851593018,0
107.32129001617432,0
107.34552121162415,0
107.36665225028992,0
107.39065098762512,0
107.41130137443542,0
107.43569135665894,0
107.46054577827454,0
107.48476672172546,0
107.50578713417053,0
107.52995228767395,0
107.55050921440125,0
107.57532835006714,0
107.59984469413757,0
107.62409472465515,0
107.64474725723267,0
107.66931509971619,0
107.69366478919983,0
107.71431469917297,0
107.7353265285492,0
107.7593162059784,0
107.77994513511658,0
107.8044605255127,0
107.82510089874268,0
107.84938383102417,0
107.8700168132782,0
107.89452815055847,0
107.91506600379944,0
107.93976330757141,0
107.96412348747253,0
107.98514366149902,0
108.00922274589539,0
108.02974915504456,0
108.05426001548767,0
108.07479071617126,0
108.0994303226471,0
108.12376642227173,0
108.14489841461182,0
108.16893100738525,0
108.1895661354065,0
108.21408224105835,0
108.23457264900208,0
108.25921273231506,0
108.28384184837341,0
108.30836462974548,0
108.33299517631531,0
108.35751104354858,0
108.38214659690857,0
108.40666556358337,0
108.43129634857178,0
108.45585656166077,0
108.48048734664917,0
108.50522994995117,0
108.5298593044281,0
108.55400586128235,0
108.57851791381836,0
108.59948205947876,0
108.62411785125732,0
108.64825677871704,0
108.67288589477539,0
108.69729828834534,0
108.71831560134888,0
108.74281859397888,0
108.7669460773468,0
108.78781843185425,0
108.81198215484619,0
108.83249235153198,0
108.8530821800232,0
108.87771224975586,0
108.90223932266235,0
108.92675447463989,0
108.95134353637695,0
108.97585463523865,0
108.9964292049408,0
109.02095222473145,0
109.0456018447876,0
109.07023286819458,0
109.0948634147644,0
109.11939191818237,0
109.14402842521667,0
109.16854476928711,0
109.19317626953125,0
109.21780920028687,0
109.24243950843811,0
109.26682996749878,0
109.29146146774292,0
109.31582283973694,0
109.34032869338989,0
109.36532211303711,0
109.38946890830994,0
109.41049385070801,0
109.43512201309204,0
109.45920324325562,0
109.48371410369873,0
109.50423741340637,0
109.52886748313904,0
109.55331087112427,0
109.57444071769714,0
109.59881138801575,0
109.62344169616699,0
109.64781427383423,0
109.67244291305542,0
109.69683408737183,0
109.72134399414062,0
109.74592185020447,0
109.77043795585632,0
109.79532170295715,0
109.8195629119873,0
109.84031891822815,0
109.86482405662537,0
109.88932466506958,1
109.91375756263733,1
109.93430519104004,1
109.95498490333557,1
109.97934293746948,1
109.99998617172241,1
110.02437853813171,1
110.04500341415405,1
110.06963300704956,1
110.09415864944458,1
110.11867427825928,1
110.13929176330566,1
110.16392827033997,1
110.18814325332642,1
110.2091658115387,1
110.23332023620605,1
110.25795078277588,1
110.28238368034363,1
110.30339813232422,1
110.32781505584717,1
110.35245203971863,1
110.3767442703247,1
110.40137982368469,1
110.42577171325684,1
110.44690227508545,1
110.47101140022278,1
110.4956419467926,1
110.51997017860413,1
110.54059886932373,1
110.56511497497559,1
110.58974504470825,1
110.61426615715027,1
110.63889670372009,1
110.66333532333374,1
110.68434810638428,1
110.70887041091919,1
110.73350095748901,1
110.75801682472229,1
110.78264570236206,1
110.80682611465454,1
110.82783317565918,1
110.85184669494629,1
110.87248206138611,1
110.89700198173523,1
110.92164325714111,1
110.94615888595581,1
110.97087907791138,1
110.99539518356323,1
111.01991605758667,1
111.04431748390198,1
111.06932616233826,1
111.093829870224,1
111.11800408363342,1
111.13880920410156,1
111.16343879699707,1
111.18781614303589,1
111.21218657493591,1
111.23281836509705,1
111.25744819641113,1
111.28188562393188,1
111.30640125274658,1
111.3273115158081,1
111.35194182395935,1
111.37630796432495,1
111.40094304084778,1
111.42533016204834,1
111.44983577728271,1
111.47471785545349,1
111.49897003173828,1
111.51980900764465,1
111.54443764686584,1
111.5688259601593,1
111.59333324432373,1
111.61781740188599,1
111.64230394363403,1
111.66729402542114,1
111.69152235984802,1
111.71605205535889,1
111.73705959320068,1
111.76129341125488,1
111.78572058677673,1
111.8102490901947,1
111.83477330207825,1
111.85583710670471,1
111.87993454933167,1
111.90445899963379,0
111.92903685569763,0
111.95367670059204,0
111.97453761100769,0
111.99870228767395,0
112.01971316337585,0
112.04382157325745,0
112.06834363937378,0
112.0928008556366,0
112.11351346969604,0
112.13789367675781,0
112.15891218185425,0
112.1830484867096,0
112.20758128166199,0
112.23209810256958,0
112.25278806686401,0
112.27729940414429,0
112.29783296585083,0
112.32235217094421,0
112.34675860404968,0
112.37138867378235,0
112.39202737808228,0
112.41647219657898,0
112.43728852272034,0
112.46192407608032,0
112.48649835586548,0
112.51101875305176,0
112.53529453277588,0
112.55992460250854,0
112.5843231678009,0
112.6053454875946,0
112.62985587120056,0
112.65449166297913,0
112.67879152297974,0
112.70342564582825,0
112.72778677940369,0
112.75241565704346,0
112.77685070037842,0
112.79785799980164,0
112.82230997085571,0
112.84694027900696,0
112.87129330635071,0
112.89580488204956,0
112.92034006118774,0
112.9448459148407,0
112.96562194824219,0
112.99026846885681,0
113.01479196548462,0
113.03930306434631,0
113.06379175186157,0
113.08829736709595,0
113.11275553703308,0
113.13733291625977,0
113.16188931465149,0
113.1828966140747,0
113.20729517936707,0
113.2318012714386,0
113.25614285469055,0
113.28074836730957,0
113.30559039115906,0
113.32989048957825,0
113.35039806365967,0
113.3749086856842,0
113.39578294754028,0
113.42030620574951,0
113.44482350349426,0
113.46945238113403,0
113.49403357505798,0
113.51854491233826,0
113.54328727722168,0
113.56751012802124,0
113.59198307991028,0
113.61265778541565,0
113.63729047775269,0
113.6616563796997,0
113.68628668785095,0
113.70731663703918,0
113.73145055770874,0
113.75579142570496,0
113.77651381492615,0
113.80093479156494,0
113.82557392120361,0
113.85003328323364,0
113.87466382980347,0
113.89913630485535,0
113.91982507705688,0
113.94423651695251,0
113.96887230873108,0
113.99383616447449,0
114.01836109161377,0
114.04267072677612,0
114.06730651855469,0
114.0917546749115,0
114.11628866195679,0
114.13692235946655,0
114.16155314445496,0
114.18593740463257,0
114.21096181869507,0
114.23520946502686,0
114.25984001159668,0
114.28417682647705,0
114.30531167984009,0
114.32939386367798,0
114.35402417182922,0
114.37846159934998,0
114.39909052848816,0
114.42377758026123,0
114.4484076499939,0
114.47265648841858,0
114.49333548545837,0
114.51788902282715,0
114.54252004623413,0
114.56728911399841,0
114.59191823005676,0
114.61608004570007,0
114.64068722724915,0
114.66514825820923,0
114.68969774246216,0
114.71029591560364,0
114.73492503166199,0
114.75978708267212,0
114.78402662277222,0
114.8089120388031,0
114.83322358131409,0
114.85765624046326,0
114.87866854667664,0
114.90279245376587,0
114.92729806900024,0
114.94828653335571,0
114.97291731834412,0
114.99698328971863,0
115.02155995368958,0
115.04657793045044,0
115.07077360153198,0
115.09525871276855,0
115.1198058128357,0
115.14438009262085,0
115.16893434524536,0
115.19351577758789,0
115.21810364723206,0
115.24266147613525,0
115.26723217964172,0
115.29179787635803,0
115.31281757354736,0
115.3369688987732,0
115.36150288581848,0
115.38602685928345,0
115.41104364395142,0
115.43526840209961,0
115.45990443229675,0
115.4843201637268,0
115.50923299789429,0
115.53355479240417,0
115.55818486213684,0
115.57875871658325,0
115.6033890247345,0
115.62775683403015,0
115.65239238739014,0
115.67683815956116,0
115.69797015190125,0
115.7220950126648,0
115.7467257976532,0
115.77116131782532,0
115.79579162597656,0
115.82023572921753,0
115.84486699104309,0
115.86938667297363,0
115.89402222633362,0
115.91459846496582,0
115.93923377990723,1
115.96359825134277,1
115.98822808265686,1
116.00932359695435,1
116.03345274925232,1
116.05783700942993,1
116.08246803283691,1
116.10695600509644,1
116.13159108161926,1
116.15609526634216,1
116.17710781097412,1
116.20130586624146,1
116.22582483291626,1
116.25029611587524,1
116.27493667602539,1
116.29942560195923,1
116.32011032104492,1
116.34454679489136,1
116.36917734146118,1
116.3936414718628,1
116.4146637916565,1
116.43926787376404,1
116.46389937400818,1
116.48800992965698,1
116.513112783432,1
116.53712129592896,1
116.56175065040588,1
116.58622717857361,1
116.61123871803284,1
116.63542532920837,1
116.65993332862854,1
116.68061232566833,1
116.70512366294861,1
116.72952127456665,1
116.75408840179443,1
116.7751100063324,1
116.79974031448364,1
116.82426238059998,1
116.84889101982117,1
116.8730640411377,1
116.89756989479065,1
116.92202425003052,1
116.94662237167358,1
116.97117447853088,1
116.99218130111694,1
117.01656937599182,1
117.04092836380005,1
117.0653862953186,1
117.0900342464447,1
117.11456894874573,1
117.13914203643799,1
117.16368913650513,1
117.1882746219635,1
117.20930099487305,1
117.23352813720703,1
117.25801968574524,1
117.28256344795227,1
117.30714893341064,1
117.33164572715759,1
117.35230016708374,1
117.37673664093018,1
117.40127277374268,1
117.42586922645569,1
117.45046520233154,1
117.47501873970032,1
117.49962282180786,1
117.52475452423096,1
117.54894804954529,1
117.57357907295227,1
117.59792494773865,1
117.62294316291809,1
117.64709329605103,1
117.67172455787659,1
117.69623684883118,1
117.72074890136719,1
117.74147367477417,1
117.766104221344,1
117.79046154022217,1
117.81498670578003,1
117.83972358703613,0
117.86435461044312,0
117.88873267173767,0
117.91336679458618,0
117.93800282478333,0
117.96247577667236,0
117.98711609840393,0
118.01212787628174,0
118.03627467155457,0
118.06080746650696,0
118.08544158935547,0
118.10995149612427,0
118.13458704948425,0
118.15925216674805,0
118.18388032913208,0
118.20840740203857,0
118.23291277885437,0
118.25775575637817,0
118.282071352005,0
118.30679416656494,0
118.33119583129883,0
118.35582995414734,0
118.38026428222656,0
118.40490460395813,0
118.42954516410828,0
118.45406222343445,0
118.4786925315857,0
118.50324440002441,0
118.52772521972656,0
118.55231094360352,0
118.57694625854492,0
118.60147333145142,0
118.62648677825928,0
118.65064668655396,0
118.6752758026123,0
118.69979119300842,0
118.7243139743805,0
118.74498176574707,0
118.76961207389832,0
118.7939727306366,0
118.8185019493103,0
118.84311199188232,0
118.86764359474182,0
118.88831543922424,0
118.91295576095581,0
118.9374029636383,0
118.96190881729126,0
118.98650550842285,0
119.01152300834656,0
119.03587555885315,0
119.06027030944824,0
119.08474230766296,0
119.10975384712219,0
119.13427662849426,0
119.15890622138977,0
119.18342185020447,0
119.20794224739075,0
119.23227715492249,0
119.25691294670105,1
119.28137540817261,1
119.30651187896729,0
119.33063411712646,0
119.35526752471924,0
119.37978291511536,0
119.40441274642944,0
119.4289402961731,0
119.45345067977905,0
119.47797322273254,0
119.50252532958984,0
119.5272331237793,0
119.55178761482239,0
119.57635951042175,0
119.60087966918945,0
119.62592720985413,0
119.65021753311157,0
119.67462587356567,0
119.69921445846558,0
119.72378778457642,0
119.74842405319214,0
119.77287530899048,0
119.79750633239746,0
119.82200241088867,0
119.84663319587708,0
119.87117338180542,0
119.89580368995667,0
119.91646885871887,0
119.94110417366028,0
119.96545505523682,0
119.99008512496948,0
120.01460838317871,0
120.03929281234741,0
120.06374716758728,0
120.08837747573853,0
120.11290788650513,0
120.13792300224304,0
120.16255903244019,0
120.18675684928894,0
120.21128416061401,0
120.2357850074768,0
120.26041984558105,0
120.28492021560669,0
120.309565782547,0
120.33423113822937,0
120.3588650226593,0
120.38350462913513,0
120.40801954269409,0
120.43266010284424,0
120.4570369720459,0
120.48167705535889,0
120.5061583518982,0
120.53080868721008,0
120.55539917945862,0
120.58003377914429,0
120.60466527938843,0
120.62924575805664,0
120.65387606620789,0
120.67839097976685,0
120.70302104949951,0
120.72773337364197,0
120.75236535072327,0
120.7765097618103,0
120.80114603042603,0
120.82566428184509,0
120.8502938747406,0
120.8748619556427,0
120.89936780929565,0
120.92389392852783,0
120.94849038124084,0
120.97302389144897,0
120.99760484695435,0
121.01830196380615,0
121.04281306266785,0
121.06727457046509,0
121.0918300151825,0
121.11685490608215,0
121.14111304283142,0
121.1655068397522,0
121.19014239311218,0
121.2146623134613,0
121.23925948143005,0
121.25992965698242,1
121.28435945510864,1
121.3088846206665,0
121.33350658416748,1
121.35851979255676,1
121.38284349441528,1
121.40736675262451,1
121.43182802200317,1
121.45684218406677,1
121.48147225379944,1
121.50563526153564,1
121.53027558326721,1
121.55488324165344,1
121.57951378822327,1
121.60384726524353,1
121.62886595726013,1
121.65310454368591,1
121.67773413658142,1
121.70236468315125,1
121.72688674926758,1
121.75151705741882,1
121.77603268623352,1
121.80066299438477,1
121.82523536682129,1
121.84987258911133,1
121.8743884563446,1
121.89901876449585,1
121.92354536056519,1
121.9481749534607,1
121.97275710105896,1
121.99726343154907,1
122.02179002761841,1
122.04627108573914,1
122.07085704803467,1
122.09534311294556,1
122.11996722221375,1
122.14455246925354,1
122.16913485527039,1
122.19368314743042,1
122.21835231781006,1
122.2428297996521,1
122.26736640930176,1
122.2920024394989,1
122.31652593612671,1
122.34115624427795,1
122.36564683914185,1
122.39078307151794,1
122.41530537605286,1
122.4399356842041,1
122.46409964561462,1
122.48872947692871,1
122.51325583457947,1
122.53776717185974,1
122.56239557266235,1
122.58699202537537,1
122.61164379119873,1
122.63619542121887,1
122.6608304977417,1
122.68524765968323,1
122.70988297462463,1
122.7347400188446,1
122.7593686580658,1
122.78373122215271,1
122.8082435131073,1
122.83288931846619,1
122.85736465454102,1
122.88199996948242,1
122.90641927719116,1
122.93094563484192,1
122.95549631118774,1
122.98013663291931,1
123.00476574897766,1
123.02924466133118,1
123.05387544631958,1
123.07845306396484,1
123.10308909416199,1
123.1276113986969,1
123.15224170684814,1
123.17671990394592,1
123.20185256004333,1
123.22600173950195,1
123.25063133239746,1
123.27511048316956,1
123.29961633682251,0
123.32414054870605,0
123.3487617969513,0
123.37327289581299,0
123.39792847633362,0
123.42246127128601,0
123.44709706306458,0
123.47211813926697,0
123.49635624885559,0
123.52078938484192,0
123.54541873931885,0
123.57001805305481,0
123.59464859962463,0
123.61917638778687,0
123.64381146430969,0
123.66826152801514,0
123.69289183616638,0
123.71791338920593,0
123.74204230308533,0
123.76653790473938,0
123.7911810874939,0
123.81620049476624,0
123.84071707725525,0
123.8653473854065,0
123.88986468315125,0
123.91450500488281,0
123.9390320777893,0
123.96366763114929,0
123.98817873001099,0
124.01281356811523,0
124.03732919692993,0
124.0619580745697,0
124.08656167984009,0
124.11106729507446,0
124.13523960113525,0
124.15981125831604,0
124.18435335159302,0
124.20891523361206,0
124.23350358009338,0
124.258131980896,0
124.28267049789429,0
124.30722427368164,0
124.33183455467224,0
124.35646390914917,0
124.38096857070923,0
124.40562963485718,0
124.43032765388489,0
124.45496773719788,0
124.47931742668152,0
124.50394749641418,0
124.52841114997864,0
124.55304217338562,0
124.57792615890503,0
124.6025607585907,0
124.62712097167969,0
124.65162634849548,0
124.67626690864563,0
124.7005934715271,0
124.72511267662048,0
124.74968147277832,0
124.77432131767273,0
124.79918551445007,0
124.82350063323975,0
124.84819102287292,0
124.87282013893127,0
124.89718890190125,0
124.92169499397278,0
124.94619536399841,0
124.97078227996826,0
124.99569272994995,0
125.0202112197876,0
125.04484248161316,0
125.06922054290771,0
125.09372973442078,0
125.11875414848328,0
125.14338278770447,0
125.1680166721344,0
125.19214034080505,0
125.21667003631592,0
125.24120020866394,0
125.26583313941956,0
125.29035353660583,0
125.31488060951233,0
125.33940696716309,0
125.36442470550537,0
125.38866925239563,0
125.4136950969696,0
125.43782925605774,0
125.46235179901123,0
125.48699188232422,0
125.51200819015503,0
125.53614211082458,0
125.56069445610046,0
125.58542656898499,0
125.60987067222595,0
125.63451957702637,0
125.65908074378967,0
125.68371510505676,0
125.70834636688232,0
125.7326967716217,0
125.75733184814453,0
125.78184270858765,0
125.80647301673889,0
125.83119916915894,0
125.8558292388916,0
125.88024544715881,0
125.90487504005432,0
125.92940521240234,0
125.9539110660553,0
125.97843050956726,0
126.00300288200378,0
126.02758431434631,0
126.05214858055115,0
126.07672166824341,0
126.10131573677063,0
126.12586116790771,0
126.15043497085571,0
126.17545318603516,0
126.20008277893066,0
126.22431373596191,0
126.24894499778748,0
126.27345418930054,0
126.29808974266052,0
126.32254981994629,0
126.34718012809753,0
126.37164068222046,0
126.39627122879028,0
126.42080092430115,0
126.44543123245239,0
126.47007632255554,0
126.49459218978882,0
126.51961159706116,0
126.54412651062012,0
126.56875658035278,0
126.59313201904297,0
126.6176552772522,0
126.6421709060669,0
126.66680145263672,0
126.69132208824158,0
126.7159571647644,0
126.74046897888184,0
126.76498007774353,0
126.78949666023254,0
126.81450867652893,0
126.83868861198425,0
126.86333799362183,0
126.8878083229065,0
126.9128270149231,0
126.93709516525269,0
126.96149110794067,0
126.98606181144714,0
127.01069068908691,0
127.03525137901306,0
127.05988693237305,0
127.0843505859375,0
127.10892534255981,0
127.13348627090454,0
127.15861773490906,0
127.18281316757202,0
127.20744347572327,0
127.23183417320251,0
127.25646996498108,0
127.28110885620117,1
127.30561995506287,1
127.3302583694458,1
127.3547523021698,1
127.37938690185547,1
127.40392351150513,1
127.42845058441162,1
127.45304465293884,1
127.47768568992615,1
127.50219988822937,1
127.52676796913147,1
127.55168843269348,1
127.57631754875183,1
127.60072350502014,1
127.625164270401,1
127.64969182014465,1
127.6742296218872,1
127.69918704032898,1
127.72349691390991,1
127.74818754196167,1
127.77256727218628,1
127.79720640182495,1
127.82172536849976,1
127.84624004364014,1
127.87087035179138,1
127.89569187164307,1
127.92020893096924,1
127.94464707374573,1
127.96928262710571,1
127.9937207698822,1
128.01836109161377,1
128.04285860061646,1
128.06748747825623,1
128.0919644832611,1
128.11669206619263,1
128.14116168022156,1
128.16574811935425,1
128.19027018547058,1
128.21528720855713,1
128.23980450630188,1
128.26416659355164,1
128.28868889808655,1
128.31320714950562,1
128.3377230167389,1
128.36235308647156,1
128.38686680793762,1
128.41150164604187,1
128.4360613822937,1
128.46069169044495,1
128.48527097702026,1
128.50990533828735,1
128.5343999862671,1
128.55904126167297,1
128.58367156982422,1
128.60805583000183,1
128.63292837142944,1
128.65745043754578,1
128.68208193778992,1
128.7065942287445,1
128.73111867904663,1
128.75563526153564,1
128.78026628494263,1
128.80478262901306,1
128.82931089401245,1
128.8538212776184,1
128.87844967842102,1
128.90316677093506,1
128.9275872707367,1
128.9521927833557,1
128.97678208351135,1
129.00135159492493,1
129.02590703964233,1
129.05049538612366,1
129.07504868507385,1
129.09963846206665,1
129.1242115497589,1
129.14883399009705,1
129.17347025871277,1
129.19798016548157,1
129.2230019569397,0
129.24718236923218,0
129.27181243896484,1
129.2965817451477,0
129.32109475135803,0
129.3454282283783,0
129.3700647354126,0
129.39469933509827,0
129.4197165966034,0
129.4438500404358,0
129.46842217445374,0
129.49306678771973,0
129.51758289337158,0
129.54222106933594,0
129.56666207313538,0
129.59129166603088,0
129.61581134796143,0
129.64044880867004,0
129.66516304016113,0
129.6897919178009,0
129.71417450904846,0
129.73868012428284,0
129.7631676197052,0
129.78776621818542,0
129.81265950202942,0
129.8370418548584,0
129.8616588115692,0
129.88615250587463,0
129.9106638431549,0
129.9352948665619,0
129.95983982086182,0
129.98443031311035,0
130.00899505615234,0
130.03363752365112,0
130.0581521987915,0
130.0827887058258,0
130.1072371006012,0
130.13183736801147,0
130.15645551681519,0
130.18108582496643,0
130.20557808876038,0
130.23060131072998,0
130.25523948669434,0
130.2797453403473,0
130.30437922477722,0
130.32853150367737,1
130.35304832458496,0
130.37762713432312,0
130.4021496772766,0
130.42673802375793,0
130.45137190818787,0
130.47594451904297,0
130.50096821784973,0
130.52512884140015,0
130.55016589164734,0
130.5743055343628,0
130.59881687164307,0
130.6233549118042,0
130.64799690246582,0
130.67262721061707,0
130.69712471961975,0
130.72214269638062,0
130.7463617324829,0
130.7709972858429,0
130.79542803764343,0
130.81994366645813,0
130.84449005126953,0
130.8691577911377,0
130.89367866516113,0
130.91869616508484,0
130.94321274757385,0
130.96754622459412,0
130.99206924438477,0
131.0170865058899,0
131.04160928726196,0
131.06586527824402,0
131.09037923812866,0
131.1150186061859,0
131.13963723182678,0
131.16427421569824,0
131.18866324424744,0
131.21329426765442,0
131.23776125907898,0
131.26239585876465,0
131.28691840171814,0
131.31155824661255,0
131.33619832992554,0
131.3607132434845,0
131.38534355163574,0
131.40985941886902,0
131.43449354171753,0
131.45901012420654,0
131.48364543914795,0
131.50816321372986,0
131.53318309783936,0
131.5576994419098,0
131.58232808113098,0
131.6066517829895,0
131.6312153339386,0
131.65567564964294,0
131.68024134635925,0
131.70475959777832,0
131.7293438911438,0
131.75391674041748,0
131.77855372428894,0
131.80307793617249,0
131.82768750190735,0
131.8521785736084,0
131.87680959701538,0
131.90133452415466,0
131.92592525482178,0
131.95047569274902,0
131.97511100769043,0
131.99962306022644,0
132.02463912963867,0
132.04890632629395,0
132.0735354423523,0
132.0981707572937,0
132.12268662452698,0
132.14736223220825,0
132.1717667579651,0
132.19640231132507,0
132.22091794013977,0
132.24555826187134,0
132.2701416015625,0
132.29477095603943,0
132.31929326057434,0
132.34430527687073,0
132.368634223938,0
132.39297461509705,0
132.4176540374756,0
132.44210004806519,0
132.4667398929596,0
132.49122881889343,0
132.51586484909058,0
132.54045391082764,0
132.56508803367615,0
132.58972811698914,0
132.61424207687378,1
132.6389274597168,1
132.66364574432373,1
132.68827605247498,1
132.71249961853027,1
132.73701786994934,1
132.76153755187988,1
132.78616786003113,1
132.81072306632996,1
132.83574032783508,1
132.85989594459534,1
132.8844244480133,1
132.9089629650116,1
132.93352794647217,1
132.9580442905426,1
132.98288345336914,1
133.00740242004395,1
133.03195929527283,1
133.05648350715637,1
133.08102679252625,1
133.1060483455658,1
133.13027715682983,1
133.15505504608154,1
133.17968487739563,1
133.2039611339569,1
133.2284767627716,1
133.25299048423767,1
133.2776210308075,1
133.3021755218506,1
133.32670760154724,1
133.3513367176056,1
133.3758523464203,1
133.40048241615295,1
133.42500185966492,1
133.44963693618774,1
133.4741530418396,1
133.49928402900696,1
133.5238049030304,1
133.54843521118164,1
133.57295036315918,1
133.59758019447327,1
133.62211203575134,1
133.64661836624146,1
133.6711504459381,1
133.69547367095947,1
133.72024631500244,1
133.7446734905243,1
133.76920866966248,1
133.79375863075256,1
133.8184700012207,1
133.84295296669006,1
133.86749601364136,1
133.89212560653687,1
133.91664028167725,1
133.94128036499023,1
133.96574878692627,1
133.99038863182068,1
134.01490259170532,1
134.03954243659973,1
134.06403875350952,1
134.08866930007935,1
134.11316990852356,1
134.13819193840027,1
134.16284227371216,1
134.1873483657837,1
134.21199107170105,1
134.23618698120117,1
134.26082706451416,1
134.28526186943054,1
134.3098967075348,1
134.33463144302368,1
134.35926151275635,1
134.38364005088806,1
134.40815114974976,1
134.432635307312,1
134.4572732448578,1
134.4821479320526,1
134.50651264190674,1
134.53104209899902,1
134.55570554733276,1
134.5803394317627,1
134.60478448867798,1
134.62930989265442,0
134.6539454460144,0
134.67864656448364,0
134.70328164100647,0
134.72764420509338,0
134.7522749900818,0
134.7767095565796,0
134.801842212677,0
134.82621264457703,0
134.85084176063538,0
134.87516045570374,0
134.89966654777527,0
134.92469263076782,0
134.94890975952148,0
134.97339844703674,0
134.99804139137268,0
135.0225784778595,0
135.0472056865692,0
135.07172346115112,0
135.09627985954285,0
135.12080645561218,0
135.14543557167053,0
135.17011332511902,0
135.194744348526,0
135.21926546096802,0
135.24389481544495,0
135.26828241348267,0
135.29291820526123,0
135.31748390197754,0
135.3421275615692,0
135.36675691604614,0
135.39127731323242,0
135.4159083366394,0
135.4404332637787,0
135.46506905555725,0
135.4895887374878,0
135.51422119140625,0
135.53862142562866,0
135.56325221061707,0
135.58776950836182,0
135.6124005317688,0
135.63711309432983,0
135.6616189479828,0
135.68612098693848,0
135.71066427230835,0
135.73519015312195,0
135.7598466873169,0
135.78446197509766,0
135.80902791023254,0
135.83355236053467,0
135.85813331604004,0
135.88270902633667,0
135.90733861923218,0
135.9318654537201,0
135.95649576187134,0
135.98104882240295,0
136.00568509101868,0
136.03024697303772,0
136.05488181114197,0
136.07940769195557,0
136.1040382385254,0
136.12856197357178,0
136.15319776535034,0
136.17783451080322,0
136.20246386528015,0
136.22700190544128,0
136.25150752067566,0
136.27614831924438,0
136.30057787895203,0
136.32509970664978,0
136.35015177726746,0
136.37478137016296,0
136.39888644218445,0
136.42360663414001,0
136.44804000854492,0
136.47257947921753,0
136.49721574783325,0
136.52211570739746,0
136.54675126075745,0
136.57093620300293,0
136.5955672264099,0
136.62027621269226,0
136.64491200447083,0
136.66927552223206,0
136.69393658638,0
136.71845889091492,0
136.7429747581482,0
136.76799368858337,0
136.79209971427917,0
136.81662273406982,0
136.84127187728882,0
136.86579537391663,0
136.89035511016846,0
136.91537356376648,0
136.93952989578247,0
136.9645483493805,0
136.98917865753174,0
137.01369428634644,0
137.03782606124878,0
137.0624396800995,0
137.0870807170868,0
137.11157727241516,0
137.13610219955444,0
137.16071796417236,0
137.18530893325806,0
137.20990133285522,0
137.23461890220642,0
137.25924944877625,0
137.2837655544281,0
137.3083963394165,0
137.33292531967163,0
137.35756063461304,0
137.38207173347473,0
137.40670228004456,0
137.43123269081116,0
137.45586347579956,0
137.48021984100342,0
137.50485014915466,0
137.52937173843384,0
137.55438423156738,0
137.5785255432129,0
137.6031002998352,0
137.62814450263977,0
137.65229177474976,0
137.6767976284027,0
137.70143961906433,0
137.7259750366211,0
137.75057291984558,0
137.77559185028076,0
137.79969906806946,0
137.82422995567322,0
137.84886002540588,0
137.87387919425964,0
137.89851021766663,0
137.92303133010864,0
137.94766187667847,0
137.9717652797699,0
137.99639558792114,0
138.02092146873474,0
138.045551776886,0
138.0700433254242,0
138.09468865394592,0
138.11931824684143,0
138.1438386440277,0
138.16846871376038,0
138.19304776191711,0
138.21768379211426,0
138.24220371246338,0
138.2668342590332,0
138.29135084152222,0
138.31598210334778,0
138.34060978889465,0
138.36523985862732,0
138.3897581100464,0
138.41426920890808,0
138.43879961967468,0
138.46330642700195,0
138.4878957271576,0
138.51242685317993,0
138.53695678710938,0
138.5615611076355,0
138.5861234664917,0
138.61069297790527,0
138.63529562950134,1
138.65992856025696,1
138.6844141483307,1
138.7091257572174,1
138.73361778259277,1
138.75824880599976,1
138.782696723938,1
138.80733227729797,1
138.83186054229736,1
138.8564910888672,1
138.88106966018677,1
138.9057002067566,1
138.93022871017456,1
138.95485925674438,1
138.97949957847595,1
139.00401091575623,1
139.0285360813141,1
139.05309653282166,1
139.07773733139038,1
139.1025960445404,1
139.1271140575409,1
139.15158367156982,1
139.1762146949768,1
139.2008056640625,1
139.22544622421265,1
139.249582529068,1
139.2747130393982,1
139.29908561706543,1
139.3235957622528,1
139.34809017181396,1
139.37264323234558,1
139.3970866203308,1
139.42215847969055,1
139.44659233093262,1
139.47088623046875,1
139.4956452846527,1
139.52002668380737,1
139.54455423355103,1
139.56968641281128,1
139.59381413459778,1
139.61845064163208,1
139.6429100036621,1
139.6675410270691,1
139.69212889671326,1
139.71686339378357,1
139.7412610054016,1
139.76589012145996,1
139.79041385650635,1
139.81497406959534,1
139.83949732780457,1
139.86413383483887,1
139.88915181159973,1
139.91325855255127,1
139.938294172287,1
139.96240091323853,1
139.98742008209229,1
140.0115623474121,1
140.03609609603882,1
140.06072568893433,1
140.08574295043945,1
140.10988235473633,1
140.1344530582428,1
140.15909433364868,1
140.1836121082306,1
140.20819807052612,1
140.23274540901184,1
140.25738501548767,1
140.28188586235046,1
140.30652117729187,1
140.33107709884644,1
140.35558795928955,1
140.38071942329407,1
140.40473461151123,1
140.42974758148193,1
140.45426225662231,1
140.47889375686646,1
140.50310492515564,1
140.52774500846863,1
140.55217385292053,1
140.5773046016693,1
140.60141468048096,0
140.62642645835876,0
140.65058255195618,0
140.6751091480255,0
140.69970059394836,0
140.72430062294006,0
140.74880003929138,0
140.7734363079071,0
140.79795813560486,0
140.82297611236572,0
140.8474986553192,0
140.87213397026062,0
140.89665031433105,0
140.9212818145752,0
140.9454755783081,0
140.97010707855225,0
140.9946129322052,0
141.01974439620972,0
141.04383850097656,0
141.0684745311737,0
141.0931134223938,0
141.1176245212555,0
141.14226865768433,0
141.16678595542908,0
141.19141674041748,0
141.21600890159607,0
141.24052691459656,0
141.2650430202484,0
141.28967928886414,0
141.31419563293457,0
141.33871388435364,0
141.36323523521423,0
141.38786506652832,0
141.41237688064575,0
141.437002658844,0
141.46158146858215,0
141.48611283302307,0
141.51111340522766,0
141.5352771282196,0
141.55978202819824,0
141.58446526527405,0
141.60898756980896,0
141.63360285758972,0
141.65816950798035,0
141.68279933929443,0
141.70732641220093,0
141.7321593761444,0
141.7564606666565,0
141.78109169006348,0
141.8056674003601,0
141.83069157600403,0
141.85480952262878,0
141.87943959236145,0
141.9039204120636,0
141.92856097221375,0
141.95320081710815,0
141.97771167755127,0
142.00234699249268,0
142.02686309814453,0
142.05149817466736,0
142.07597994804382,0
142.1005575656891,0
142.12557697296143,0
142.15009546279907,0
142.17427897453308,0
142.1990795135498,0
142.2236819267273,0
142.2481575012207,0
142.27279376983643,0
142.2972173690796,0
142.32184767723083,0
142.34632468223572,0
142.37096071243286,0
142.39547181129456,0
142.42010807991028,0
142.4446132183075,0
142.4692416191101,1
142.4942605495453,0
142.5183069705963,0
142.5433349609375,0
142.5675084590912,0
142.5925211906433,0
142.61664080619812,0
142.64167499542236,0
142.66578245162964,0
142.6908028125763,0
142.71494722366333,0
142.73952221870422,0
142.76415371894836,0
142.78917241096497,0
142.81330180168152,0
142.83783531188965,0
142.86247539520264,0
142.88699960708618,0
142.9116349220276,0
142.9361333847046,0
142.96077466011047,0
142.98527669906616,0
143.00991106033325,0
143.0344319343567,0
143.05894684791565,0
143.08407926559448,0
143.10809445381165,0
143.13311648368835,0
143.15762758255005,0
143.18226075172424,0
143.20659732818604,0
143.23119163513184,0
143.25565838813782,0
143.28028917312622,0
143.30479645729065,0
143.32943034172058,0
143.35393691062927,0
143.37852120399475,0
143.403071641922,0
143.42808365821838,0
143.4522740840912,1
143.4768466949463,1
143.5013666152954,0
143.5263786315918,0
143.55090165138245,0
143.5755307674408,0
143.60004568099976,0
143.6246874332428,0
143.64885306358337,0
143.67348837852478,0
143.69798398017883,0
143.72261428833008,0
143.74719905853271,0
143.77183437347412,0
143.79646968841553,0
143.8209810256958,0
143.84562230110168,0
143.87013339996338,0
143.89476895332336,0
143.91905403137207,0
143.94407296180725,0
143.9685571193695,1
143.99318838119507,1
144.0175507068634,1
144.0420742034912,1
144.0665421485901,1
144.0916724205017,1
144.116046667099,1
144.1403613090515,1
144.16505026817322,1
144.18950724601746,1
144.21406435966492,1
144.23895120620728,1
144.26358008384705,1
144.28782773017883,1
144.31232070922852,1
144.3369927406311,1
144.36144018173218,1
144.38657188415527,1
144.4107165336609,1
144.43528270721436,1
144.45985317230225,1
144.48448395729065,1
144.50902843475342,1
144.5340495109558,1
144.55818152427673,1
144.58281803131104,1
144.60746049880981,1
144.6319761276245,1
144.65661072731018,1
144.68107151985168,1
144.70571208000183,1
144.73072409629822,1
144.75479078292847,1
144.779372215271,1
144.80400586128235,1
144.82902359962463,1
144.85354351997375,1
144.87767791748047,1
144.90268421173096,1
144.9268262386322,1
144.95136857032776,1
144.9760036468506,1
145.00055837631226,1
145.02520275115967,1
145.04971361160278,1
145.0743486881256,1
145.09883737564087,1
145.12347722053528,1
145.14811825752258,1
145.17263531684875,1
145.19727206230164,1
145.22178387641907,1
145.2466697692871,1
145.271089553833,1
145.29572057724,1
145.3202521800995,1
145.3447711467743,1
145.3693141937256,1
145.39382553100586,1
145.41833090782166,1
145.44290947914124,1
145.46750378608704,1
145.4920744895935,1
145.51666498184204,1
145.54125952720642,1
145.56627774238586,1
145.59038519859314,1
145.61540389060974,1
145.63953614234924,1
145.66455483436584,1
145.6886887550354,1
145.7137007713318,1
145.73785281181335,1
145.76243591308594,1
145.78706741333008,1
145.81157207489014,1
145.8361268043518,1
145.86070775985718,1
145.885338306427,1
145.90988874435425,1
145.9344141483307,1
145.959050655365,1
145.9835603237152,1
146.00819063186646,0
146.03271555900574,0
146.05734610557556,0
146.08186268806458,0
146.10649275779724,0
146.13101172447205,0
146.15564703941345,0
146.1801633834839,0
146.2052938938141,0
146.2293210029602,0
146.2541995048523,0
146.2785472869873,0
146.30308532714844,0
146.32762622833252,0
146.3522551059723,0
146.37679862976074,0
146.40135836601257,0
146.42624497413635,0
146.4505000114441,0
146.47511672973633,0
146.49975275993347,0
146.52426075935364,0
146.54890203475952,0
146.5734086036682,0
146.59804034233093,0
146.62256860733032,0
146.64758825302124,0
146.67174410820007,0
146.69638061523438,0
146.72102093696594,0
146.74553728103638,0
146.77005553245544,0
146.79459738731384,0
146.81923818588257,0
146.84373903274536,0
146.86837339401245,0
146.89287424087524,0
146.91750836372375,0
146.94202089309692,0
146.9666509628296,0
146.99154496192932,0
147.0160562992096,0
147.04055762290955,0
147.06493759155273,0
147.08956027030945,0
147.1141357421875,0
147.13866090774536,0
147.16324853897095,0
147.1880283355713,0
147.21241521835327,0
147.23694038391113,0
147.26200246810913,0
147.28603410720825,0
147.31116580963135,0
147.33520770072937,0
147.35983800888062,0
147.38439321517944,0
147.40902376174927,0
147.4340431690216,0
147.45817255973816,0
147.48276686668396,0
147.50739693641663,0
147.53209280967712,0
147.5566041469574,0
147.58101439476013,0
147.60560488700867,0
147.63063955307007,0
147.6547930240631,0
147.67981266975403,0
147.70393824577332,0
147.72896766662598,0
147.75308203697205,0
147.77767825126648,0
147.8022518157959,0
147.82689309120178,0
147.8515341281891,0
147.88005256652832,0
147.90468311309814,0
147.9292562007904,0
147.95388674736023,0
147.9783866405487,0
148.0033938884735,0
148.02756547927856,0
148.05205249786377,0
148.0766625404358,0
148.10124945640564,0
148.1262674331665,0
148.15036797523499,0
148.17538690567017,0
148.19954204559326,0
148.22456622123718,0
148.24920654296875,0
148.27339935302734,0
148.29803919792175,0
148.32255625724792,0
148.3471953868866,0
148.37155961990356,0
148.39619040489197,0
148.4207284450531,0
148.44574689865112,0
148.4698748588562,0
148.49451565742493,0
148.51914501190186,0
148.54351830482483,0
148.56814861297607,0
148.5926640033722,0
148.6177957057953,0
148.6418173313141,0
148.66694974899292,0
148.69096493721008,0
148.71609687805176,0
148.74062490463257,0
148.7652542591095,0
148.78942227363586,0
148.8139455318451,0
148.83848071098328,0
148.86319160461426,0
148.88802909851074,0
148.91225266456604,0
148.93684148788452,0
148.96141648292542,0
148.98598170280457,0
149.01057195663452,0
149.03545832633972,0
149.06008911132812,0
149.08428072929382,0
149.1089165210724,0
149.13344550132751,0
149.15807557106018,0
149.1825954914093,0
149.20722651481628,0
149.23175168037415,0
149.25638222694397,0
149.28099513053894,0
149.30550718307495,0
149.33015513420105,0
149.35465097427368,0
149.37929129600525,0
149.4037778377533,0
149.42841243743896,0
149.45293879508972,0
149.47757935523987,0
149.50201964378357,0
149.52665042877197,0
149.5515341758728,0
149.57604575157166,0
149.60051703453064,0
149.6250033378601,0
149.6495292186737,0
149.6741111278534,0
149.69902992248535,0
149.72324061393738,0
149.74802231788635,0
149.77246046066284,0
149.79704308509827,0
149.8216733932495,0
149.84619617462158,0
149.87082719802856,0
149.89552426338196,0
149.92015504837036,0
149.94468307495117,0
149.9693193435669,0
149.99358677864075,0
150.01821756362915,1
150.04275035858154,1
150.0673792362213,1
150.09192180633545,1
150.11650347709656,1
150.14106059074402,1
150.16565895080566,1
150.190678358078,1
150.21478176116943,1
150.23981285095215,1
150.2639238834381,1
150.28900742530823,1
150.31311321258545,1
150.33766078948975,1
150.36225175857544,1
150.38727068901062,1
150.41190099716187,1
150.43642449378967,1
150.46105480194092,1
150.4851052761078,1
150.50974202156067,1
150.5347592830658,1
150.5588972568512,1
150.58347010612488,1
150.60810565948486,1
150.63262128829956,1
150.65726161003113,1
150.68189239501953,1
150.70641040802002,1
150.73105216026306,1
150.7555685043335,1
150.7801992893219,1
150.80487418174744,1
150.82950592041016,1
150.85401678085327,1
150.87865281105042,1
150.90300464630127,1
150.92763447761536,1
150.95198798179626,1
150.97665882110596,1
151.00131177902222,1
151.0257751941681,1
151.05035495758057,1
151.07498335838318,1
151.09954714775085,1
151.12412405014038,1
151.14867639541626,1
151.17324995994568,1
151.19826912879944,1
151.22240376472473,1
151.24695658683777,1
151.2715871334076,1
151.29646849632263,1
151.321120262146,1
151.34532499313354,1
151.36995911598206,1
151.3944549560547,1
151.41909098625183,1
151.443612575531,1
151.46824169158936,1
151.49288249015808,1
151.51730847358704,1
151.54188299179077,1
151.56650137901306,1
151.59113144874573,1
151.61599206924438,1
151.64050698280334,1
151.66500043869019,1
151.68963599205017,1
151.71400117874146,1
151.73863410949707,1
151.76299357414246,1
151.78761339187622,1
151.81219816207886,1
151.8372163772583,1
151.8615002632141,1
151.88595914840698,0
151.91051530838013,0
151.93553400039673,0
151.9596197605133,0
151.98427653312683,0
152.0089886188507,0
152.03350615501404,0
152.05801844596863,0
152.08264923095703,0
152.1071481704712,0
152.13178896903992,0
152.1563205718994,0
152.18095684051514,0
152.2054512500763,1
152.230082988739,1
152.25461864471436,1
152.2797510623932,1
152.30416107177734,1
152.32836413383484,1
152.3530080318451,1
152.37749338150024,0
152.40212750434875,0
152.42665004730225,0
152.45167422294617,0
152.4757685661316,0
152.5007929801941,0
152.52542757987976,0
152.54995679855347,0
152.57409596443176,0
152.59865808486938,0
152.62329983711243,0
152.64782404899597,0
152.6724603176117,0
152.69696307182312,0
152.72159886360168,0
152.74610114097595,0
152.77074122428894,0
152.79537105560303,0
152.8199577331543,0
152.84444665908813,0
152.86896419525146,0
152.89409637451172,0
152.91849184036255,0
152.94272351264954,0
152.96749234199524,0
152.99212384223938,0
153.01672768592834,0
153.04124879837036,0
153.06563425064087,0
153.09026336669922,0
153.114759683609,0
153.1397738456726,0
153.16392636299133,0
153.18850374221802,0
153.21309971809387,0
153.2381112575531,0
153.262633562088,1
153.28681659698486,1
153.3117003440857,0
153.3364441394806,0
153.3609755039215,0
153.38511538505554,0
153.41012859344482,0
153.4346477985382,0
153.45916485786438,0
153.48379611968994,0
153.5083122253418,0
153.53295350074768,0
153.5574712753296,0
153.58210825920105,0
153.60649824142456,0
153.6311273574829,0
153.65533304214478,0
153.68000721931458,0
153.70468068122864,0
153.7293050289154,0
153.7537968158722,0
153.77832698822021,0
153.80292558670044,0
153.8275306224823,0
153.85205173492432,0
153.8766827583313,0
153.90123963356018,0
153.92587018013,0
153.95034790039062,0
153.97498321533203,0
153.99950671195984,0
154.02413725852966,0
154.04869151115417,0
154.07332301139832,0
154.09782814979553,0
154.12245869636536,0
154.146963596344,0
154.17197585105896,0
154.19611477851868,0
154.22067165374756,0
154.24527859687805,0
154.26998591423035,0
154.29461669921875,0
154.31920075416565,0
154.3435995578766,0
154.3684983253479,0
154.3931279182434,0
154.41750288009644,0
154.4420235157013,0
154.4664740562439,0
154.4910442829132,0
154.51597023010254,0
154.54048705101013,0
154.56497478485107,0
154.58936667442322,0
154.61396741867065,0
154.63897967338562,0
154.6631953716278,0
154.687655210495,0
154.71236109733582,0
154.7368779182434,0
154.76159358024597,0
154.78622436523438,0
154.81051898002625,0
154.83513736724854,0
154.85967993736267,0
154.88431072235107,0
154.90881252288818,0
154.9334533214569,0
154.95808839797974,0
154.98260021209717,0
155.00723481178284,0
155.03173351287842,0
155.05676221847534,0
155.08088207244873,0
155.10590243339539,0
155.13002634048462,0
155.1546654701233,0
155.17922925949097,0
155.20424795150757,0
155.22829961776733,0
155.25332260131836,0
155.27795314788818,0
155.3024640083313,0
155.32660961151123,0
155.35123419761658,1
155.37586951255798,1
155.40036273002625,1
155.4250044822693,1
155.4495072364807,1
155.47414255142212,1
155.49869585037231,1
155.52333617210388,1
155.5478253364563,1
155.5723431110382,1
155.5969741344452,1
155.62148571014404,1
155.64611625671387,1
155.6709690093994,1
155.69560050964355,1
155.71991610527039,1
155.74444818496704,1
155.7691628932953,1
155.7937936782837,1
155.81815934181213,1
155.8427996635437,1
155.8673131465912,1
155.8918797969818,1
155.9164581298828,1
155.94147396087646,1
155.9659960269928,1
155.9902274608612,1
156.01524710655212,1
156.0397698879242,1
156.06429314613342,1
156.08892345428467,1
156.11343932151794,1
156.13795638084412,1
156.1624722480774,1
156.1871039867401,1
156.21137142181396,1
156.23601150512695,1
156.2605435848236,1
156.2851746082306,1
156.30969405174255,1
156.3343415260315,1
156.35908341407776,1
156.38359832763672,1
156.40822911262512,1
156.4327461719513,1
156.45739722251892,1
156.4819073677063,1
156.50654315948486,1
156.53105878829956,1
156.5555772781372,1
156.58009338378906,1
156.6047236919403,1
156.62924218177795,1
156.65425944328308,1
156.67846727371216,1
156.70287418365479,1
156.72764444351196,1
156.75205492973328,1
156.77680110931396,1
156.80123376846313,1
156.8257827758789,1
156.85042524337769,1
156.8749234676361,1
156.89955973625183,1
156.9240972995758,1
156.94867634773254,1
156.97325086593628,1
156.99788117408752,1
157.02239966392517,1
157.04696226119995,1
157.0715458393097,1
157.0961766242981,1
157.1206750869751,1
157.14525842666626,1
157.16989302635193,1
157.19490551948547,1
157.21904492378235,1
157.2440595626831,1
157.2682044506073,1
157.29271745681763,1
157.3173577785492,1
157.3418836593628,1
157.3666009902954,0
157.39100170135498,0
157.41563153266907,0
157.4401650428772,0
157.46483063697815,0
157.4894676208496,0
157.51392436027527,0
157.53844571113586,0
157.56305956840515,0
157.5879738330841,0
157.61223196983337,0
157.63697028160095,0
157.66159987449646,0
157.68611526489258,0
157.71074604988098,0
157.73547434806824,0
157.7601056098938,0
157.78441500663757,0
157.80905175209045,0
157.83339023590088,0
157.85806798934937,0
157.8825764656067,0
157.90720582008362,0
157.93172359466553,0
157.95630598068237,0
157.98090028762817,0
158.00549221038818,0
158.03001236915588,0
158.05458426475525,0
158.0796091556549,0
158.1037187576294,0
158.12873816490173,0
158.15286946296692,0
158.17789316177368,0
158.20252299308777,0
158.22703957557678,0
158.25156497955322,0
158.27607536315918,0
158.30070567131042,0
158.32491087913513,0
158.34993267059326,0
158.37409591674805,0
158.3987364768982,0
158.4232416152954,0
158.44796442985535,0
158.47240567207336,0
158.4970498085022,0
158.52168011665344,0
158.5462028980255,0
158.57083892822266,0
158.59535551071167,0
158.6199870109558,0
158.64451813697815,0
158.66914868354797,0
158.6936650276184,0
158.71829557418823,0
158.74282026290894,0
158.76733255386353,0
158.79218196868896,0
158.81646418571472,0
158.84131455421448,0
158.8660852909088,0
158.89025235176086,0
158.9147880077362,0
158.93978095054626,0
158.96391367912292,0
158.98850989341736,0
159.01313948631287,0
159.03766989707947,0
159.06229996681213,0
159.08681559562683,0
159.11145091056824,0
159.13597536087036,0
159.16060543060303,0
159.18512082099915,0
159.20975184440613,0
159.2344708442688,0
159.25909996032715,0
159.28346395492554,0
159.30797004699707,0
159.33246040344238,0
159.35713815689087,0
159.38196325302124,0
159.40628671646118,0
159.4310019016266,0
159.45542120933533,0
159.48029804229736,0
159.50458598136902,0
159.52903079986572,0
159.55416774749756,0
159.57837176322937,0
159.60300874710083,0
159.62748885154724,0
159.65250778198242,0
159.6766393184662,0
159.7012701034546,0
159.7257342338562,0
159.75034427642822,0
159.77491569519043,0
159.79954528808594,0
159.82418131828308,0
159.84865951538086,0
159.87338948249817,0
159.89780378341675,0
159.92245984077454,0
159.94698429107666,0
159.97161865234375,0
159.9960868358612,0
160.0211057662964,0
160.04526233673096,0
160.0702784061432,0
160.09441757202148,0
160.11901211738586,0
160.14353942871094,0
160.16814494132996,0
160.19278573989868,0
160.2173101902008,0
160.24183797836304,0
160.26644802093506,0
160.2910885810852,0
160.31556487083435,0
160.3402078151703,0
160.36483812332153,0
160.3894374370575,0
160.41407322883606,0
160.4384467601776,0
160.46307802200317,0
160.4878852367401,0
160.51251649856567,0
160.5370581150055,0
160.56157875061035,0
160.58595824241638,0
160.61096596717834,0
160.6354639530182,0
160.65969848632812,0
160.68423104286194,0
160.70880341529846,0
160.73339557647705,0
160.7579505443573,0
160.7829704284668,0
160.80708980560303,0
160.8321075439453,0
160.8562581539154,0
160.88088822364807,0
160.9055244922638,0
160.93003606796265,0
160.9546754360199,0
160.97914123535156,0
161.00377249717712,0
161.02830696105957,0
161.05332779884338,0
161.07744812965393,0
161.1020884513855,0
161.126718044281,0
161.1514298915863,0
161.1760606765747,0
161.20057725906372,0
161.22520875930786,0
161.2497308254242,0
161.27436661720276,0
161.29888224601746,0
161.32351231575012,0
161.3480362892151,0
161.37266516685486,1
161.39693427085876,1
161.4215793609619,1
161.44611024856567,1
161.47067642211914,1
161.49561142921448,1
161.51980423927307,1
161.54427671432495,1
161.56898427009583,1
161.5935845375061,1
161.61814665794373,1
161.6431531906128,1
161.6677851676941,1
161.6918797492981,1
161.71651029586792,1
161.74103379249573,1
161.76566457748413,1
161.7902536392212,1
161.81488418579102,1
161.83940744400024,1
161.8640434741974,1
161.88865756988525,1
161.91328620910645,1
161.937814950943,1
161.96231985092163,1
161.98696160316467,1
162.01135754585266,1
162.03599762916565,1
162.06048369407654,1
162.0851185321808,1
162.10992097854614,1
162.1345510482788,1
162.1589252948761,1
162.1834363937378,1
162.20792317390442,1
162.23257088661194,1
162.25742506980896,1
162.28175354003906,1
162.30639505386353,1
162.33083653450012,1
162.35542821884155,1
162.3800084590912,1
162.40462470054626,1
162.42925477027893,1
162.45377826690674,1
162.47840905189514,1
162.50294470787048,1
162.52758145332336,1
162.55210542678833,1
162.57674193382263,1
162.6011528968811,1
162.6257836818695,1
162.6503221988678,1
162.67495226860046,1
162.6995029449463,1
162.7245156764984,1
162.74863934516907,1
162.77325916290283,1
162.79777646064758,1
162.82236886024475,1
162.8469581604004,1
162.8715898990631,1
162.89624166488647,1
162.92066979408264,1
162.94569897651672,1
162.96980166435242,1
162.99482131004333,1
163.01945209503174,1
163.04397439956665,1
163.06860518455505,1
163.09272503852844,1
163.117360830307,1
163.14188146591187,1
163.16651701927185,1
163.19101452827454,1
163.21565008163452,1
163.2406666278839,1
163.2648046016693,1
163.28944087028503,1
163.31395649909973,1
163.33859133720398,0
163.363107919693,0
163.3877387046814,0
163.41241884231567,0
163.43705415725708,0
163.46156978607178,0
163.48620057106018,0
163.51047348976135,0
163.53548669815063,0
163.55993628501892,0
163.58423233032227,0
163.6091284751892,0
163.63340425491333,0
163.6579566001892,0
163.68251776695251,0
163.707133769989,0
163.7316608428955,0
163.75624585151672,0
163.7808756828308,0
163.80544686317444,0
163.83007788658142,0
163.85458064079285,0
163.8792164325714,0
163.90381407737732,0
163.9284439086914,0
163.95285034179688,0
163.97747993469238,0
164.00203323364258,0
164.02666330337524,0
164.05124068260193,0
164.07625341415405,0
164.1003942489624,0
164.1249189376831,0
164.1494963169098,0
164.17442154884338,0
164.1990523338318,0
164.22342658042908,0
164.24782299995422,0
164.2724165916443,0
164.29705214500427,0
164.3214201927185,0
164.34644412994385,0
164.3709318637848,0
164.39526391029358,0
164.4201021194458,0
164.4446177482605,0
164.46893668174744,0
164.49354600906372,0
164.51841950416565,0
164.54293632507324,0
164.5675175189972,0
164.59214758872986,0
164.61663269996643,0
164.6411452293396,0
164.66558814048767,0
164.69022464752197,0
164.71470975875854,0
164.7393503189087,0
164.76392531394958,0
164.78856468200684,0
164.81319403648376,0
164.83771443367004,0
164.86235523223877,0
164.8867576122284,0
164.91135501861572,0
164.93591952323914,0
164.96056461334229,0
164.98512077331543,0
165.00975608825684,0
165.0342357158661,0
165.05875825881958,0
165.08389019966125,0
165.10790586471558,0
165.1325364112854,0
165.15742111206055,0
165.18205165863037,0
165.20642638206482,0
165.23106241226196,0
165.25558614730835,0
165.28021717071533,0
165.30468916893005,0
165.32931971549988,0
165.35374188423157,0
165.3783311843872,0
165.40288138389587,0
165.42743110656738,0
165.45205950737,0
165.47661924362183,0
165.50122356414795,0
165.52574944496155,0
165.5503499507904,0
165.57492756843567,0
165.5999472141266,0
165.62408423423767,0
165.64862370491028,0
165.67326021194458,0
165.69783091545105,0
165.72246170043945,0
165.74698638916016,0
165.77161645889282,0
165.79608464241028,0
165.82071495056152,0
165.84574007987976,0
165.8698799610138,0
165.89450883865356,0
165.9190170764923,0
165.94403100013733,0
165.96804523468018,0
165.99317741394043,0
166.0171926021576,0
166.042329788208,0
166.0663447380066,0
166.09147691726685,0
166.1154911518097,0
166.14013171195984,0
166.1646478176117,0
166.1897783279419,0
166.21389079093933,0
166.23889827728271,0
166.2633514404297,0
166.28762316703796,0
166.31259036064148,0
166.33674931526184,0
166.36134433746338,0
166.38590168952942,0
166.41048502922058,0
166.43511271476746,0
166.4596757888794,0
166.48430681228638,0
166.50879979133606,0
166.53343749046326,0
166.557945728302,0
166.5825765132904,0
166.60711026191711,0
166.63174152374268,0
166.6562602519989,0
166.68089056015015,0
166.7055308818817,1
166.73004245758057,1
166.7550666332245,1
166.77922344207764,1
166.80385828018188,1
166.82828164100647,1
166.85286402702332,1
166.87742686271667,1
166.9020619392395,1
166.9266607761383,1
166.951242685318,1
166.97588181495667,1
167.00051069259644,1
167.0248806476593,1
167.04950046539307,1
167.07438468933105,1
167.09865832328796,1
167.1233832836151,1
167.14790439605713,1
167.17238783836365,1
167.19694828987122,1
167.22188448905945,1
167.24640083312988,1
167.2709321975708,1
167.29556822776794,1
167.32003259658813,1
167.34455013275146,1
167.3690745830536,1
167.3937051296234,1
167.41811323165894,1
167.4432168006897,1
167.4672839641571,1
167.49191427230835,1
167.51642870903015,1
167.54106307029724,1
167.5660810470581,1
167.59016871452332,1
167.6151885986328,1
167.6397042274475,1
167.66422152519226,1
167.6884937286377,1
167.71351790428162,1
167.73761081695557,1
167.7626404762268,1
167.78676056861877,1
167.81178498268127,1
167.83641505241394,1
167.86094212532043,1
167.88557362556458,1
167.90963864326477,1
167.9342770576477,1
167.95880579948425,1
167.98344230651855,1
168.00793075561523,1
168.0325710773468,1
168.05708265304565,1
168.0817186832428,1
168.10634922981262,1
168.13086414337158,1
168.15587782859802,1
168.17989253997803,1
168.20502495765686,1
168.22903895378113,1
168.2537214756012,1
168.27823615074158,1
168.3028678894043,1
168.32740020751953,1
168.35199975967407,1
168.37673044204712,1
168.40124225616455,1
168.4257526397705,1
168.4503321647644,1
168.47491788864136,1
168.49948930740356,1
168.52404165267944,1
168.54906153678894,1
168.5735845565796,1
168.59774231910706,1
168.62276196479797,1
168.64728355407715,1
168.67180752754211,1
168.69643712043762,1
168.72095322608948,0
168.7454698085785,0
168.7699806690216,0
168.79461121559143,0
168.8189697265625,0
168.84361004829407,0
168.8681287765503,0
168.89275932312012,0
168.9172592163086,0
168.9417541027069,0
168.9668869972229,0
168.99090933799744,0
169.0160415172577,0
169.0400574207306,0
169.065190076828,0
169.0892050266266,0
169.11433744430542,0
169.13835334777832,0
169.16348838806152,0
169.18750262260437,0
169.21263313293457,0
169.23686861991882,0
169.26133489608765,0
169.28585815429688,0
169.31049180030823,0
169.3350751399994,0
169.35960054397583,0
169.3840982913971,0
169.40880393981934,0
169.4335596561432,0
169.4579520225525,0
169.4825370311737,0
169.5071680545807,0
169.5316653251648,0
169.55623722076416,0
169.58084416389465,0
169.6054756641388,0
169.629980802536,0
169.6545262336731,0
169.67914080619812,0
169.70377707481384,0
169.7284119129181,0
169.7528555393219,0
169.777489900589,0
169.80199003219604,0
169.82663083076477,0
169.85121130943298,0
169.87585139274597,0
169.90032601356506,0
169.92496538162231,0
169.9498689174652,0
169.97440385818481,0
169.9988603591919,0
170.02336597442627,0
170.04789113998413,0
170.07231664657593,0
170.0969581604004,0
170.1214747428894,0
170.1460075378418,0
170.17063975334167,0
170.19528150558472,0
170.21991229057312,0
170.24443173408508,0
170.2690625190735,0
170.29357314109802,0
170.31820940971375,0
170.34293293952942,0
170.36756873130798,0
170.39212942123413,0
170.41675972938538,0
170.4413697719574,0
170.4655783176422,0
170.49021434783936,0
170.51473093032837,0
170.5393614768982,0
170.56386184692383,0
170.5884931087494,0
170.61302995681763,0
170.6376609802246,0
170.66221523284912,0
170.68685507774353,0
170.71148467063904,0
170.73600101470947,0
170.76063656806946,0
170.7851529121399,0
170.80979013442993,0
170.83430671691895,0
170.8588206768036,0
170.88334250450134,0
170.90797305107117,0
170.93248915672302,0
170.9574065208435,0
170.98185920715332,0
171.006489276886,0
171.0309054851532,0
171.05537629127502,0
171.07997369766235,0
171.10457682609558,0
171.1291584968567,0
171.15369629859924,0
171.17831110954285,0
171.20284461975098,0
171.2274353504181,0
171.2519929409027,0
171.27658081054688,0
171.30121541023254,0
171.3257405757904,0
171.3507628440857,0
171.37527894973755,0
171.3999102115631,0
171.42403316497803,0
171.4490523338318,0
171.473242521286,0
171.49787878990173,0
171.5223457813263,0
171.54698657989502,0
171.57148241996765,0
171.596111536026,0
171.62075424194336,0
171.64576864242554,0
171.669903755188,0
171.6943519115448,0
171.7189826965332,0
171.74349975585938,0
171.76813006401062,0
171.7928545475006,0
171.81748366355896,0
171.84185767173767,0
171.8663923740387,0
171.89086174964905,0
171.91552209854126,0
171.94035601615906,0
171.96493101119995,0
171.98935651779175,0
172.01383423805237,0
172.03847742080688,0
172.06303310394287,0
172.08770871162415,0
172.1123399734497,0
172.1369252204895,0
172.16155862808228,0
172.1859006881714,0
172.2105369567871,0
172.235027551651,0
172.26004695892334,0
172.2842035293579,1
172.308833360672,1
172.33385157585144,1
172.35839319229126,1
172.38291096687317,1
172.40708923339844,1
172.43210792541504,1
172.45621919631958,0
172.48085737228394,0
172.50539088249207,0
172.5304102897644,0
172.55451726913452,0
172.5795407295227,0
172.60417008399963,0
172.62868642807007,0
172.6528992652893,0
172.67744326591492,0
172.7020788192749,0
172.72660493850708,1
172.75113224983215,1
172.77575969696045,1
172.80039978027344,1
172.8249077796936,1
172.84955143928528,1
172.8741810321808,1
172.89869785308838,1
172.9233283996582,1
172.9478476047516,1
172.9725306034088,1
172.99683666229248,1
173.0219693183899,1
173.04635620117188,1
173.0709867477417,1
173.09517765045166,1
173.1198070049286,1
173.14441537857056,1
173.16896319389343,1
173.19351840019226,1
173.21809458732605,1
173.24271154403687,1
173.267235994339,1
173.29187035560608,1
173.31642150878906,1
173.34098362922668,1
173.3655731678009,1
173.39060401916504,1
173.41473841667175,1
173.43930912017822,1
173.46394395828247,1
173.48859167099,1
173.51322174072266,1
173.53760719299316,1
173.5626256465912,1
173.58674144744873,1
173.61137104034424,1
173.63588428497314,1
173.66089987754822,1
173.6855344772339,1
173.70953941345215,1
173.73467135429382,1
173.7588484287262,1
173.78347897529602,1
173.80782413482666,1
173.83295679092407,1
173.8569836616516,1
173.88211512565613,1
173.9063322544098,1
173.93084406852722,1
173.95536947250366,1
173.9803831577301,1
174.00482630729675,1
174.02912855148315,1
174.05365800857544,1
174.0782825946808,1
174.10286569595337,1
174.12743592262268,1
174.15203404426575,1
174.17655634880066,1
174.20113158226013,1
174.22576189041138,1
174.25034546852112,1
174.27497625350952,1
174.29947328567505,1
174.32410955429077,1
174.34863233566284,1
174.3732626438141,1
174.39777541160583,1
174.42240595817566,1
174.44692969322205,1
174.4715654850006,1
174.49620842933655,1
174.52083826065063,1
174.54548406600952,1
174.56979274749756,1
174.59443378448486,1
174.6189546585083,1
174.64359545707703,1
174.6680727005005,0
174.69271302223206,0
174.71722793579102,0
174.74186182022095,0
174.76650595664978,0
174.79101157188416,0
174.81564664840698,0
174.8401165008545,0
174.86464405059814,0
174.8892741203308,0
174.91391491889954,0
174.9384524822235,0
174.9633252620697,0
174.9879548549652,0
175.01232409477234,0
175.03695464134216,0
175.06147742271423,0
175.08611416816711,0
175.11045908927917,0
175.13509011268616,0
175.15961599349976,0
175.18424654006958,0
175.2089500427246,0
175.23357963562012,0
175.25795125961304,0
175.28251218795776,0
175.3070969581604,0
175.33164525032043,1
175.35619974136353,1
175.3807873725891,1
175.40537548065186,1
175.42992424964905,0
175.45495009422302,0
175.4791100025177,0
175.50384187698364,0
175.52847242355347,0
175.5529978275299,0
175.577627658844,0
175.60198283195496,0
175.62661337852478,0
175.65113973617554,0
175.6757755279541,0
175.7003631591797,0
175.72499442100525,0
175.74951767921448,0
175.7741515636444,0
175.7987837791443,0
175.82330083847046,0
175.8479413986206,0
175.87245798110962,0
175.89708852767944,0
175.92160534858704,0
175.94623565673828,0
175.97075200080872,0
175.99538278579712,0
176.01981949806213,0
176.04483222961426,0
176.06897139549255,0
176.09351658821106,0
176.11815309524536,0
176.14265394210815,0
176.16729164123535,0
176.19177293777466,0
176.2164032459259,0
176.2409806251526,0
176.2660038471222,0
176.2901487350464,0
176.3147268295288,0
176.33937072753906,0
176.36383771896362,0
176.3884778022766,0
176.41298079490662,0
176.43761658668518,0
176.46229672431946,0
176.48692750930786,0
176.51155924797058,0
176.53606986999512,0
176.56080079078674,0
176.58503675460815,0
176.60981583595276,0
176.63420248031616,0
176.65873003005981,0
176.68331933021545,0
176.70780086517334,0
176.732524394989,0
176.75705981254578,0
176.7816960811615,0
176.80630350112915,0
176.83093452453613,0
176.85545754432678,0
176.88008832931519,0
176.90475153923035,0
176.92938351631165,0
176.95410871505737,0
176.97873854637146,0
177.00286078453064,0
177.02746033668518,0
177.0524868965149,1
177.076562166214,0
177.1011257171631,0
177.12569189071655,0
177.1507215499878,0
177.1748402118683,0
177.1998646259308,0
177.2240240573883,0
177.24904799461365,0
177.27321934700012,0
177.2977421283722,0
177.32237792015076,0
177.34690403938293,0
177.37153363227844,0
177.39609050750732,0
177.42072081565857,0
177.44522094726562,0
177.46986627578735,0
177.49436378479004,0
177.51899814605713,0
177.5435562133789,0
177.5680787563324,0
177.59270930290222,0
177.61722612380981,0
177.64186263084412,0
177.6663248538971,0
177.69145679473877,0
177.7154712677002,0
177.74010181427002,0
177.76479601860046,0
177.7894263267517,0
177.81394910812378,0
177.8384552001953,0
177.86298084259033,0
177.8875753879547,0
177.9123158454895,0
177.9367437362671,0
177.96131920814514,0
177.98587656021118,0
178.01042819023132,0
178.03501629829407,0
178.0596160888672,0
178.08424592018127,1
178.10875010490417,0
178.13338255882263,0
178.15789556503296,1
178.18252658843994,1
178.2070667743683,1
178.231703042984,1
178.25622749328613,1
178.28085827827454,1
178.30535912513733,1
178.32998895645142,1
178.3550157546997,1
178.3791184425354,1
178.40375876426697,1
178.4282467365265,1
178.45327520370483,1
178.4778687953949,1
178.50200295448303,1
178.52660083770752,1
178.55123662948608,1
178.57579612731934,1
178.6004250049591,1
178.6248128414154,1
178.6498248577118,1
178.67429733276367,1
178.69861102104187,1
178.723299741745,1
178.74831867218018,1
178.77230286598206,1
178.7969148159027,1
178.82181215286255,1
178.84605860710144,1
178.87084293365479,1
178.8954734802246,1
178.9197735786438,1
178.94440412521362,1
178.96910452842712,1
178.99373626708984,1
179.0180675983429,1
179.04270696640015,1
179.06722474098206,1
179.0918538570404,1
179.1163685321808,1
179.14096808433533,1
179.16599488258362,1
179.19012260437012,1
179.2151415348053,1
179.23928475379944,1
179.26430773735046,1
179.28842496871948,1
179.31344437599182,1
179.33755016326904,1
179.36220026016235,1
179.3868317604065,1
179.41134905815125,1
179.4359803199768,1
179.46047282218933,1
179.48510336875916,1
179.50960540771484,1
179.53421807289124,1
179.5587420463562,1
179.58337831497192,1
179.6079297065735,1
179.63256406784058,1
179.65708947181702,1
179.6815996170044,1
179.7062304019928,1
179.7307460308075,1
179.7557647228241,1
179.78028106689453,1
179.80491280555725,1
179.8294231891632,1
179.85406398773193,1
179.87834692001343,1
179.90297603607178,1
179.92774891853333,1
179.95226502418518,1
179.97696805000305,1
180.00111436843872,0
180.0257215499878,0
180.05044507980347,0
180.0748360157013,0
180.0994005203247,0
180.12403011322021,0
180.1486098766327,0
180.1732246875763,0
180.19786143302917,0
180.22237730026245,0
180.2470076084137,0
180.2714729309082,0
180.29610323905945,0
180.3205988407135,0
180.3452296257019,0
180.36977553367615,0
180.3944115638733,0
180.41905188560486,0
180.44356274604797,0
180.46820855140686,0
180.49265360832214,0
180.51729369163513,0
180.54189252853394,0
180.5664098262787,0
180.59128594398499,0
180.6159176826477,0
180.64027428627014,0
180.66479754447937,0
180.68926906585693,0
180.71389818191528,0
180.73877549171448,0
180.76299738883972,0
180.7877757549286,0
180.8122169971466,0
180.8367817401886,0
180.86126828193665,0
180.88577938079834,0
180.91043305397034,0
180.93517112731934,0
180.95961809158325,0
180.98448586463928,0
181.00911664962769,0
181.03331851959229,0
181.0579981803894,0
181.08247995376587,0
181.10711097717285,0
181.13164043426514,0
181.15627431869507,0
181.18078112602234,0
181.2053723335266,0
181.23038935661316,0
181.25490593910217,0
181.27941918373108,0
181.30366110801697,0
181.32868671417236,0
181.35320949554443,0
181.3777289390564,0
181.40196442604065,0
181.42698335647583,0
181.45150089263916,0
181.47601771354675,0
181.500648021698,0
181.52484798431396,0
181.5494728088379,0
181.5740294456482,0
181.59867072105408,0
181.62321138381958,0
181.64785313606262,0
181.67232465744019,0
181.69696068763733,0
181.72146892547607,0
181.74648189544678,0
181.77058959007263,0
181.79520344734192,0
181.81982684135437,0
181.84437322616577,0
181.86891770362854,0
181.8934977054596,0
181.91852188110352,0
181.94265985488892,0
181.96768474578857,0
181.9917848110199,0
182.01680254936218,0
182.0414333343506,0
182.0655219554901,0
182.09015250205994,0
182.11469221115112,0
182.13932538032532,0
182.1638376712799,0
182.18846821784973,0
182.21297240257263,0
182.23760271072388,0
182.26211285591125,0
182.28675484657288,0
182.31138443946838,0
182.33590078353882,0
182.36091709136963,0
182.38493156433105,0
182.41006422042847,0
182.43408060073853,0
182.45910024642944,0
182.48361730575562,0
182.50824809074402,0
182.53276443481445,0
182.55740094184875,0
182.58191585540771,0
182.60654473304749,0
182.6308844089508,0
182.65539455413818,0
182.68026113510132,0
182.70453262329102,0
182.7290780544281,0
182.75409483909607,0
182.77824878692627,0
182.80283117294312,0
182.82742643356323,0
182.85244703292847,0
182.87654542922974,0
182.90117573738098,0
182.92569994926453,0
182.9503355026245,0
182.97484040260315,0
182.99947142601013,0
183.02402257919312,0
183.0486536026001,0
183.0732138156891,0
183.0978434085846,0
183.12248468399048,0
183.14687824249268,0
183.17152857780457,0
183.1960175037384,0
183.22065806388855,0
183.24520683288574,0
183.2702305316925,0
183.294273853302,0
183.31940627098083,0
183.343768119812,0
183.36828660964966,0
183.39277291297913,0
183.41728401184082,0
183.44176959991455,0
183.46637535095215,0
183.49127411842346,0
183.5155086517334,0
183.54027366638184,0
183.56488513946533,0
183.58927011489868,0
183.61382460594177,0
183.63828921318054,0
183.66300082206726,0
183.6876358985901,0
183.71226692199707,0
183.736647605896,0
183.76129364967346,0
183.7858283519745,0
183.81046438217163,0
183.83505010604858,0
183.86007285118103,0
183.88421177864075,0
183.90884160995483,0
183.93336510658264,0
183.9578812122345,0
183.98289918899536,1
184.00705790519714,1
184.03207182884216,1
184.05659317970276,1
184.08079028129578,1
184.1053466796875,1
184.13036108016968,1
184.15487694740295,1
184.17940139770508,1
184.20403122901917,1
184.22855305671692,1
184.25318789482117,1
184.2773561477661,1
184.30199694633484,1
184.32656025886536,1
184.35120224952698,1
184.37568044662476,1
184.40031623840332,1
184.42483496665955,1
184.4493625164032,1
184.47449922561646,1
184.49851441383362,1
184.5236463546753,1
184.54766249656677,1
184.57246470451355,1
184.5969798564911,1
184.62161016464233,1
184.6461250782013,1
184.67064666748047,1
184.69554495811462,1
184.72005105018616,1
184.74445295333862,1
184.76891040802002,1
184.79351711273193,1
184.81804895401,1
184.8426477909088,1
184.86725425720215,1
184.89179396629333,1
184.91635537147522,1
184.94092512130737,1
184.9655077457428,1
184.99052047729492,1
185.01515173912048,1
185.03924250602722,1
185.06384181976318,1
185.0884087085724,1
185.1130392551422,1
185.13756942749023,1
185.16210341453552,1
185.18667912483215,1
185.21131801605225,1
185.23595237731934,1
185.26047229766846,1
185.28510808944702,1
185.3097631931305,1
185.33439373970032,1
185.35891461372375,1
185.3835506439209,1
185.40823698043823,1
185.43287229537964,1
185.45738816261292,1
185.48201847076416,1
185.50624465942383,1
185.53075194358826,1
185.5557360649109,1
185.5803394317627,1
185.60474348068237,1
185.62907552719116,1
185.653746843338,1
185.67821288108826,1
185.70311617851257,1
185.72736716270447,1
185.75227856636047,1
185.77690887451172,1
185.80111575126648,1
185.82574701309204,1
185.8502345085144,1
185.87487506866455,1
185.89939165115356,1
185.92402267456055,1
185.948561668396,1
185.9735791683197,1
185.99809646606445,1
186.02236104011536,1
186.04688453674316,1
186.0714545249939,1
186.09603238105774,0
186.12058568000793,0
186.14561080932617,0
186.16973853111267,0
186.19475936889648,0
186.21889233589172,0
186.24391722679138,0
186.26805233955383,0
186.29307341575623,0
186.31720805168152,0
186.34178400039673,0
186.36673879623413,0
186.39091229438782,0
186.41554880142212,0
186.44010949134827,0
186.4647340774536,0
186.48921918869019,0
186.51385498046875,0
186.53839755058289,0
186.56292843818665,0
186.58780241012573,0
186.61231899261475,0
186.63695573806763,0
186.66147446632385,0
186.68610548973083,0
186.710542678833,0
186.73517394065857,0
186.75955748558044,0
186.78468918800354,0
186.8087387084961,0
186.83374571800232,0
186.85801076889038,0
186.88245797157288,0
186.9070258140564,0
186.93163061141968,0
186.9566535949707,1
186.98077368736267,1
187.00579190254211,1
187.02993893623352,1
187.0549669265747,1
187.07907009124756,0
187.1036274433136,0
187.1282639503479,0
187.15279150009155,0
187.17742156982422,0
187.20193815231323,0
187.2265739440918,0
187.25159192085266,0
187.2757213115692,0
187.30026626586914,0
187.32490301132202,0
187.3495388031006,0
187.37406086921692,0
187.39869213104248,0
187.42318606376648,0
187.44808769226074,0
187.47232627868652,0
187.49689102172852,0
187.52145075798035,0
187.54601335525513,0
187.57058930397034,0
187.5956470966339,0
187.619793176651,0
187.6443133354187,0
187.6689531803131,0
187.69347739219666,0
187.71810865402222,0
187.74264097213745,0
187.76719212532043,0
187.7917664051056,0
187.81640195846558,0
187.84091186523438,0
187.86548709869385,0
187.8900511264801,0
187.91468238830566,0
187.9393274784088,0
187.9638283252716,0
187.98846912384033,0
188.01302862167358,0
188.03766441345215,0
188.062194108963,0
188.08682489395142,0
188.11162638664246,0
188.13625574111938,0
188.1602807044983,0
188.18528771400452,0
188.20972442626953,0
188.23415756225586,0
188.258695602417,0
188.283301115036,0
188.30822658538818,0
188.33245301246643,0
188.35723543167114,0
188.38158988952637,0
188.40628862380981,0
188.43091893196106,0
188.45540571212769,0
188.48003602027893,0
188.50453329086304,0
188.52917051315308,0
188.55408692359924,0
188.57822227478027,0
188.60285139083862,0
188.62771677970886,0
188.65273880958557,1
188.6768674850464,0
188.70139074325562,0
188.72590279579163,0
188.75042152404785,0
188.77484393119812,0
188.79986834526062,0
188.82396268844604,1
188.84898161888123,0
188.8731837272644,1
188.898202419281,0
188.92230415344238,0
188.9473237991333,0
188.97146010398865,0
188.99647879600525,0
189.02061367034912,0
189.0456259250641,0
189.0696415901184,0
189.09431838989258,0
189.1189215183258,0
189.14350056648254,0
189.16823935508728,0
189.1926555633545,0
189.2172908782959,0
189.24177646636963,0
189.26631021499634,0
189.29091787338257,1
189.31555199623108,1
189.3401825428009,1
189.3647105693817,1
189.38934659957886,1
189.4138617515564,1
189.43849229812622,1
189.46302032470703,1
189.48765087127686,1
189.51208758354187,1
189.53671860694885,1
189.56148219108582,1
189.5859935283661,1
189.6108283996582,1
189.63501930236816,1
189.65973591804504,1
189.68419337272644,1
189.7087438106537,1
189.7333061695099,1
189.75834035873413,1
189.78246450424194,1
189.8074893951416,1
189.83160424232483,1
189.85662841796875,1
189.88125872612,1
189.90536069869995,1
189.92999172210693,1
189.9545180797577,1
189.97914862632751,1
190.00363206863403,1
190.0282633304596,1
190.05277395248413,1
190.07740712165833,1
190.10203742980957,1
190.1266508102417,1
190.15128135681152,1
190.17580199241638,1
190.2004325389862,1
190.2249538898468,1
190.24958515167236,1
190.2742018699646,1
190.2988419532776,1
190.3232135772705,1
190.34822607040405,1
190.37221789360046,1
190.39689803123474,1
190.42170429229736,1
190.44601225852966,1
190.47054290771484,1
190.49518036842346,1
190.51972198486328,1
190.54430103302002,1
190.56886410713196,1
190.59349393844604,1
190.61829900741577,1
190.64295864105225,1
190.66720271110535,1
190.6918342113495,1
190.71634006500244,1
190.74097633361816,1
190.76549744606018,1
190.79012823104858,1
190.81464838981628,1
190.8392777442932,1
190.8643045425415,1
190.88838911056519,1
190.91302967071533,1
190.93754291534424,1
190.96256637573242,1
190.9866988658905,1
191.01133346557617,1
191.03582572937012,1
191.06085538864136,1
191.08548617362976,1
191.1099979877472,1
191.13426160812378,1
191.15877723693848,1
191.1834180355072,1
191.20786452293396,1
191.23249983787537,1
191.25701546669006,1
191.28165078163147,1
191.30619835853577,1
191.33084273338318,1
191.35547280311584,0
191.37999320030212,0
191.4046230316162,0
191.42914414405823,0
191.4537742137909,0
191.47827172279358,0
191.50290822982788,0
191.52742505073547,0
191.5520555973053,0
191.57664704322815,0
191.6012773513794,0
191.62599849700928,0
191.6502583026886,0
191.67482733726501,0
191.6993863582611,0
191.72396779060364,0
191.74852204322815,0
191.77310180664062,0
191.79767417907715,1
191.82269310951233,0
191.84689354896545,0
191.8714475631714,0
191.8960771560669,0
191.92059350013733,0
191.9452245235443,0
191.96973991394043,0
191.99437642097473,0
192.01887822151184,0
192.04350900650024,0
192.06805634498596,0
192.0926878452301,0
192.11717772483826,0
192.14181566238403,0
192.16683745384216,0
192.19086003303528,0
192.21549105644226,0
192.24000215530396,0
192.26502180099487,0
192.28953194618225,0
192.31416296958923,0
192.3386790752411,0
192.36332249641418,0
192.38783311843872,0
192.41246962547302,0
192.43698620796204,0
192.46162509918213,0
192.48573684692383,0
192.51074361801147,0
192.53530097007751,0
192.55981731414795,0
192.58431005477905,0
192.60870671272278,0
192.63347816467285,0
192.65860056877136,0
192.68246054649353,0
192.70709037780762,0
192.7315812110901,0
192.7562117576599,0
192.78073406219482,0
192.80537152290344,0
192.82990169525146,0
192.85453295707703,0
192.8790545463562,0
192.90368485450745,0
192.92818212509155,0
192.95281267166138,0
192.97745776176453,0
193.00196933746338,0
193.02661037445068,0
193.05106902122498,0
193.0760931968689,0
193.10024333000183,0
193.125164270401,0
193.14978671073914,0
193.17431092262268,0
193.19854068756104,0
193.22313785552979,0
193.2477684020996,0
193.27229356765747,0
193.29692935943604,0
193.32144594192505,0
193.34608268737793,0
193.37054634094238,0
193.39567852020264,0
193.42004537582397,0
193.44467639923096,0
193.46920609474182,0
193.49383664131165,0
193.5184760093689,0
193.54298281669617,0
193.5675084590912,0
193.59176898002625,0
193.61678862571716,0
193.6409044265747,0
193.66555905342102,0
193.69005370140076,0
193.71507334709167,0
193.7392053604126,0
193.764226436615,0
193.78885698318481,0
193.81296944618225,0
193.83759999275208,0
193.86211609840393,0
193.88675665855408,0
193.91125893592834,0
193.93589973449707,0
193.96040558815002,0
193.98504662513733,0
194.00967597961426,0
194.03419423103333,0
194.05882501602173,0
194.08334684371948,0
194.10798358917236,0
194.13250064849854,0
194.15716099739075,0
194.18173122406006,0
194.2100749015808,0
194.23481678962708,0
194.25939178466797,0
194.28399443626404,0
194.3086040019989,0
194.33319807052612,0
194.35772490501404,0
194.38228797912598,0
194.40685868263245,0
194.4318721294403,0
194.45604825019836,0
194.48107862472534,0
194.505206823349,0
194.5302255153656,0
194.55435585975647,0
194.57890224456787,0
194.6035385131836,0
194.62807250022888,0
194.6527578830719,0
194.6772174835205,0
194.70185327529907,0
194.72635054588318,0
194.75099062919617,0
194.77549695968628,0
194.80001306533813,0
194.82514476776123,0
194.84916472434998,0
194.87382245063782,0
194.89833855628967,0
194.9229702949524,0
194.9474856853485,0
194.9721875190735,0
194.99670910835266,0
195.02133989334106,0
195.0458526611328,0
195.07044744491577,0
195.09504771232605,0
195.11957788467407,0
195.14419293403625,0
195.16886639595032,0
195.19329476356506,0
195.2178657054901,0
195.24243259429932,0
195.2674515247345,0
195.29165649414062,0
195.31629276275635,0
195.34076070785522,0
195.36578035354614,1
195.38991475105286,1
195.41454887390137,1
195.4390549659729,1
195.46369647979736,1
195.4882037639618,1
195.51283526420593,1
195.53737998008728,1
195.56201481819153,1
195.5866560935974,1
195.6111888885498,1
195.6358299255371,1
195.66041564941406,1
195.6850836277008,1
195.7096712589264,1
195.7343032360077,1
195.75869941711426,1
195.78333830833435,1
195.80767440795898,1
195.83230352401733,1
195.8571753501892,1
195.8814356327057,1
195.9061861038208,1
195.93060612678528,1
195.95517754554749,1
195.97978734970093,1
196.0046718120575,1
196.0289125442505,1
196.05367350578308,1
196.0783076286316,1
196.10282373428345,1
196.12745451927185,1
196.1520881652832,1
196.17675232887268,1
196.20095705986023,1
196.2255880832672,1
196.2501049041748,1
196.27467250823975,1
196.2992503643036,1
196.3238809108734,1
196.34838891029358,1
196.37294745445251,1
196.39796566963196,1
196.4225356578827,1
196.4470534324646,1
196.4713056087494,1
196.49632716178894,1
196.5204541683197,1
196.54547929763794,1
196.57002472877502,1
196.5945439338684,1
196.6187129020691,1
196.64373254776,1
196.66829705238342,1
196.69286799430847,1
196.71749901771545,1
196.74161958694458,1
196.76614832878113,1
196.79075264930725,1
196.81538820266724,1
196.83990240097046,1
196.86454725265503,1
196.88903284072876,1
196.91367363929749,1
196.93830347061157,1
196.96282863616943,1
196.98745894432068,1
197.01196956634521,1
197.03660655021667,1
197.06112360954285,1
197.08575439453125,1
197.11027121543884,1
197.13490271568298,1
197.15941762924194,1
197.18405389785767,1
197.20856595039368,0
197.23357915878296,0
197.25771522521973,0
197.28230500221252,0
197.30688524246216,0
197.33146047592163,0
197.3560061454773,0
197.38057589530945,0
197.40517926216125,0
197.42975616455078,0
197.4547803401947,0
197.47890257835388,0
197.5039210319519,0
197.52804923057556,0
197.55306816101074,0
197.57720351219177,0
197.60175347328186,0
197.62638807296753,0
197.65091061592102,0
197.67594122886658,0
197.70010042190552,0
197.7247314453125,0
197.74924063682556,0
197.77415466308594,0
197.79878449440002,0
197.82329988479614,0
197.84793090820312,0
197.87245535850525,0
197.89709091186523,0
197.9216012954712,0
197.94623184204102,0
197.9707555770874,0
197.9953863620758,0
198.0199031829834,0
198.0445339679718,0
198.06905317306519,0
198.09368228912354,0
198.1182062625885,0
198.1427125930786,0
198.16735196113586,0
198.19211292266846,0
198.2163028717041,0
198.24076008796692,0
198.2656397819519,0
198.28994584083557,0
198.31449174880981,0
198.3390598297119,0
198.3637511730194,0
198.3883819580078,0
198.41283226013184,0
198.43746900558472,0
198.4619436264038,0
198.48657846450806,0
198.51107668876648,0
198.53570771217346,0
198.5602388381958,0
198.58525800704956,0
198.60989356040955,0
198.63440489768982,0
198.65854501724243,0
198.68317866325378,0
198.70785689353943,0
198.7323009967804,0
198.7571313381195,0
198.7814426422119,0
198.8061900138855,0
198.83058071136475,0
198.85521388053894,0
198.8797173500061,0
198.9042353630066,0
198.92936849594116,0
198.9534933567047,0
198.9780592918396,0
199.00259613990784,0
199.02722692489624,0
199.05177068710327,0
199.07633471488953,0
199.10089492797852,0
199.12552452087402,0
199.15054488182068,0
199.17506408691406,0
199.1997573375702,0
199.22381854057312,0
199.2488374710083,0
199.27335953712463,0
199.2978835105896,0
199.32208728790283,0
199.34711575508118,0
199.37163710594177,0
199.39615988731384,0
199.4207899570465,0
199.44530653953552,0
199.46982884407043,0
199.4943344593048,0
199.51897716522217,0
199.54331064224243,0
199.56795454025269,0
199.59244871139526,0
199.61709117889404,0
199.64156246185303,0
199.66620421409607,0
199.6908392906189,0
199.71565341949463,0
199.7402844429016,0
199.76480674743652,0
199.78944373130798,0
199.81395387649536,0
199.8385899066925,0
199.86310529708862,0
199.8876175880432,0
199.91213297843933,0
199.93676376342773,0
199.96110224723816,0
199.9861192703247,0
200.01023983955383,0
200.03482627868652,0
200.059387922287,0
200.08393740653992,0
200.1085240840912,0
200.13352155685425,0
200.15804076194763,0
200.182288646698,0
200.20703840255737,0
200.2316746711731,0
200.25619173049927,0
200.2805881500244,0
200.30518794059753,0
200.32981848716736,0
200.3542878627777,0
200.37887620925903,0
200.4034538269043,0
200.4280846118927,0
200.45262241363525,0
200.4776439666748,0
200.5017683506012,0
200.52640318870544,0
200.5510334968567,0
200.57555294036865,0
200.60018873214722,0
200.62470602989197,0
200.64933729171753,0
200.67385864257812,0
200.69848918914795,1
200.7231240272522,1
200.74775433540344,1
200.77213716506958,1
200.79664492607117,1
200.82112550735474,1
200.84583234786987,1
200.87060475349426,1
200.89498686790466,1
200.919677734375,1
200.94417023658752,1
200.9691286087036,1
200.99375796318054,1
201.0178506374359,1
201.04248762130737,1
201.0670564174652,1
201.09169673919678,1
201.11616492271423,1
201.14079594612122,1
201.1653311252594,1
201.19035148620605,1
201.21497511863708,1
201.2391095161438,1
201.26374435424805,1
201.2882604598999,1
201.3128957748413,1
201.33733224868774,1
201.36197543144226,1
201.38652563095093,1
201.4111671447754,1
201.43566513061523,1
201.46030569076538,1
201.4848244190216,1
201.5094645023346,1
201.53412342071533,1
201.55863499641418,1
201.58311772346497,1
201.60769534111023,1
201.6323356628418,1
201.65687370300293,1
201.68139481544495,1
201.70601725578308,1
201.73063349723816,1
201.75521326065063,1
201.7797429561615,1
201.8042869567871,1
201.82892727851868,1
201.8535578250885,1
201.8780872821808,1
201.90271759033203,1
201.92723274230957,1
201.95186471939087,1
201.97638463974,1
202.0010209083557,1
202.02548122406006,1
202.05011296272278,1
202.07499504089355,1
202.09962463378906,1
202.1238079071045,1
202.1483678817749,1
202.17339825630188,1
202.19753670692444,1
202.22214341163635,1
202.24665808677673,1
202.27169036865234,1
202.29581713676453,1
202.32083654403687,1
202.34546613693237,1
202.36998629570007,1
202.39462757110596,1
202.4186999797821,1
202.4433307647705,1
202.46784830093384,1
202.49248838424683,1
202.51703262329102,1
202.54167366027832,1
202.5662271976471,1
202.59076046943665,1
202.61533069610596,1
202.63996505737305,1
202.66459608078003,0
202.68911623954773,0
202.7137532234192,0
202.73813343048096,0
202.76276445388794,0
202.78762316703796,0
202.81225395202637,0
202.83676958084106,0
202.8613986968994,0
202.88592886924744,0
202.9104347229004,0
202.93494629859924,0
202.95937514305115,0
202.98390531539917,0
203.00851392745972,0
203.03318738937378,0
203.05772972106934,0
203.08223938941956,0
203.10684823989868,0
203.13143801689148,0
203.15606808662415,0
203.18057894706726,0
203.20520997047424,0
203.2297875881195,0
203.25442337989807,0
203.2789490222931,0
203.30358004570007,0
203.3280794620514,0
203.35271072387695,0
203.37723565101624,0
203.40186548233032,0
203.4265112876892,0
203.4510223865509,0
203.47555303573608,0
203.50005888938904,0
203.52469968795776,0
203.54919385910034,0
203.57383227348328,0
203.59861421585083,0
203.62324452400208,0
203.64761400222778,0
203.6722538471222,0
203.69663763046265,0
203.72165036201477,0
203.7501311302185,0
203.77464771270752,0
203.79921197891235,0
203.82384204864502,0
203.84835743904114,0
203.87288093566895,0
203.89740180969238,0
203.92203783988953,0
203.94653749465942,0
203.97117352485657,0
203.99567127227783,0
204.0203025341034,0
204.04482007026672,0
204.0694489479065,0
204.09447169303894,0
204.11856198310852,0
204.1435797214508,0
204.16771292686462,0
204.19274163246155,0
204.2168493270874,0
204.24144411087036,0
204.26602864265442,0
204.29105305671692,0
204.3151752948761,0
204.34019923210144,0
204.36432766914368,0
204.38936042785645,0
204.41349625587463,0
204.43851566314697,0
204.46264624595642,0
204.48717069625854,0
204.51230263710022,0
204.53632616996765,0
204.5609576702118,0
204.58553671836853,0
204.61017227172852,0
204.6346743106842,0
204.65930366516113,0
204.68381452560425,0
204.70839619636536,0
204.7329330444336,0
204.7575340270996,0
204.78218507766724,0
204.80670952796936,0
204.83173418045044,0
204.85586595535278,0
204.8808991909027,0
204.90499687194824,0
204.93001580238342,0
204.95464634895325,0
204.9791693687439,0
205.00380086898804,0
205.0278549194336,0
205.0524914264679,0
205.0775146484375,0
205.10165524482727,0
205.12616276741028,0
205.15080404281616,0
205.1758222579956,0
205.19995403289795,0
205.22458958625793,0
205.24919772148132,0
205.2738392353058,0
205.29835557937622,0
205.32298636436462,0
205.34750294685364,0
205.37213802337646,0
205.39665985107422,0
205.42129015922546,0
205.44580101966858,0
205.4704306125641,0
205.49477314949036,0
205.51943922042847,0
205.54429483413696,0
205.56858229637146,0
205.5931715965271,0
205.61776852607727,0
205.6423041820526,0
205.66685032844543,0
205.69143843650818,0
205.71603775024414,0
205.74055099487305,0
205.76525926589966,0
205.78978157043457,0
205.81441283226013,0
205.83889436721802,0
205.86352491378784,0
205.888019323349,0
205.91264986991882,0
205.93719816207886,0
205.96183443069458,0
205.98632860183716,0
206.0109577178955,0
206.03559279441833,0
206.06009364128113,0
206.0846667289734,0
206.10966157913208,0
206.13429188728333,0
206.15859651565552,0
206.1829845905304,0
206.207581281662,0
206.2322177886963,0
206.25679969787598,0
206.281320810318,0
206.3060975074768,0
206.33060455322266,0
206.3550946712494,0
206.3796112537384,0
206.4040937423706,0
206.42868900299072,0
206.45359349250793,0
206.47812056541443,0
206.50249576568604,0
206.52702355384827,0
206.55190062522888,0
206.57641625404358,0
206.60075497627258,0
206.6253912448883,0
206.64989233016968,0
206.67452788352966,1
206.69909191131592,1
206.72372317314148,1
206.74817752838135,1
206.7727813720703,1
206.79737997055054,1
206.82201623916626,1
206.84665870666504,1
206.87117099761963,1
206.89581656455994,1
206.920227766037,1
206.94486284255981,1
206.96937561035156,1
206.99440503120422,1
207.01856207847595,1
207.04358172416687,1
207.06770420074463,1
207.0927276611328,1
207.11735796928406,1
207.14186930656433,1
207.1660087108612,1
207.19058775901794,1
207.21522855758667,1
207.23974609375,1
207.26434350013733,1
207.2888970375061,1
207.3135335445404,1
207.33802723884583,1
207.36266708374023,1
207.38717937469482,1
207.41181349754333,1
207.4364447593689,1
207.46096348762512,1
207.48550081253052,1
207.51001691818237,1
207.5351493358612,1
207.55916380882263,1
207.58419156074524,1
207.60839247703552,1
207.63302326202393,1
207.6575095653534,1
207.68264508247375,1
207.70666813850403,1
207.73128867149353,1
207.7558696269989,1
207.78096270561218,1
207.80500411987305,1
207.8295783996582,1
207.8545982837677,1
207.87911534309387,1
207.90363359451294,1
207.92784905433655,1
207.95286774635315,1
207.97738432884216,1
208.00189852714539,1
208.0265347957611,1
208.05105137825012,1
208.07568907737732,1
208.09989643096924,1
208.12452816963196,1
208.14902877807617,1
208.1736705303192,1
208.19818425178528,1
208.222825050354,1
208.2474548816681,1
208.27205753326416,1
208.2966935634613,1
208.32120394706726,1
208.34584069252014,1
208.37035655975342,1
208.3949911594391,1
208.4195077419281,1
208.4441385269165,1
208.46865463256836,1
208.4936785697937,1
208.51777029037476,1
208.54240083694458,1
208.56691193580627,1
208.59142684936523,1
208.61594891548157,1
208.64058089256287,1
208.66518783569336,0
208.6897325515747,0
208.71434020996094,0
208.73888087272644,1
208.76346826553345,1
208.78802871704102,1
208.81260991096497,1
208.8371741771698,1
208.86218881607056,0
208.88632822036743,0
208.91133904457092,0
208.9359700679779,0
208.96006679534912,0
208.985089302063,0
209.00923252105713,0
209.0338695049286,0
209.0583529472351,0
209.08337259292603,0
209.10800766944885,0
209.13251876831055,0
209.15715432167053,0
209.18116736412048,0
209.2063000202179,0
209.2305724620819,0
209.25520396232605,0
209.27980065345764,0
209.30443143844604,0
209.32860493659973,0
209.35373735427856,0
209.37807083129883,0
209.40257668495178,0
209.427072763443,0
209.4516077041626,0
209.476069688797,0
209.5007348060608,0
209.5255994796753,0
209.54987788200378,0
209.574768781662,0
209.59901976585388,0
209.6238911151886,0
209.64852213859558,0
209.67281484603882,0
209.69745087623596,0
209.7219216823578,0
209.7465524673462,0
209.77108120918274,0
209.79569029808044,0
209.8202199935913,0
209.8448510169983,0
209.86948466300964,1
209.8940019607544,1
209.91864156723022,1
209.9431493282318,1
209.96778392791748,0
209.99227905273438,0
210.0172986984253,0
210.04145407676697,0
210.0659773349762,0
210.0905454158783,0
210.11556458473206,0
210.139732837677,0
210.1643671989441,0
210.18890047073364,0
210.21341061592102,0
210.238041639328,0
210.26255750656128,0
210.2871971130371,0
210.31171107292175,0
210.33634233474731,0
210.36092734336853,0
210.38594603538513,0
210.4100787639618,0
210.4350917339325,0
210.4592423439026,0
210.48426294326782,0
210.50837516784668,0
210.53292679786682,0
210.55795240402222,0
210.5824694633484,0
210.60699367523193,0
210.6312439441681,0
210.65626406669617,0
210.68078064918518,0
210.70530438423157,0
210.72993397712708,0
210.7544505596161,0
210.77897143363953,0
210.80329060554504,0
210.8279263973236,0
210.85244584083557,0
210.87707710266113,0
210.90159964561462,0
210.92624044418335,0
210.95077300071716,0
210.97540831565857,0
211.00004863739014,0
211.0245645046234,0
211.04919481277466,0
211.07371139526367,0
211.09835410118103,0
211.12287092208862,0
211.14750695228577,0
211.17202401161194,0
211.19654202461243,0
211.22105741500854,0
211.24568819999695,0
211.27020001411438,0
211.29527235031128,0
211.3192937374115,0
211.34396982192993,0
211.36890769004822,0
211.39316034317017,0
211.41769433021545,0
211.44228839874268,0
211.46684312820435,0
211.49142742156982,0
211.51598381996155,0
211.5405569076538,0
211.56559371948242,0
211.58973622322083,0
211.61475896835327,0
211.63938975334167,1
211.66345620155334,0
211.68803453445435,0
211.71260380744934,0
211.73723483085632,0
211.76173877716064,0
211.78676342964172,0
211.81092286109924,0
211.83555388450623,0
211.86006331443787,0
211.88470315933228,0
211.90934443473816,0
211.93386101722717,0
211.958491563797,0
211.9830174446106,0
212.00764775276184,0
212.0321650505066,0
212.05680131912231,0
212.08132147789001,1
212.10595178604126,1
212.13053584098816,1
212.15516448020935,1
212.17955231666565,1
212.20417833328247,1
212.22904324531555,1
212.25324845314026,1
212.27793908119202,1
212.3025107383728,1
212.32712721824646,1
212.35162091255188,1
212.37612867355347,1
212.40074181556702,1
212.4253261089325,1
212.44995641708374,1
212.4744963645935,1
212.4991328716278,1
212.5236406326294,1
212.548278093338,1
212.5727949142456,1
212.59782195091248,1
212.62194514274597,1
212.64658188819885,1
212.67108249664307,1
212.6960961818695,1
212.72023725509644,1
212.74486637115479,1
212.7695016860962,1
212.7939829826355,1
212.818523645401,1
212.84315466880798,1
212.8677899837494,1
212.89228558540344,1
212.916921377182,1
212.9415421485901,1
212.96617770195007,1
212.9907033443451,1
213.01533246040344,1
213.04003286361694,1
213.0642716884613,1
213.08880257606506,1
213.11347723007202,1
213.1381175518036,1
213.16259002685547,1
213.18711280822754,1
213.21173810958862,1
213.23638010025024,1
213.2610101699829,1
213.2855305671692,1
213.3101761341095,1
213.3346917629242,1
213.35932230949402,1
213.38383674621582,1
213.40847420692444,1
213.43292140960693,1
213.45755195617676,1
213.48251605033875,1
213.5066432952881,1
213.53122663497925,1
213.5558204650879,1
213.58084774017334,1
213.6049678325653,1
213.62999176979065,1
213.65415859222412,1
213.67917823791504,1
213.70328497886658,1
213.72830414772034,1
213.7524266242981,1
213.77744603157043,1
213.8015730381012,1
213.82617688179016,1
213.85080647468567,1
213.87532305717468,1
213.89995861053467,1
213.92446637153625,1
213.94910287857056,1
213.97361016273499,1
213.99813866615295,1
214.02274584770203,1
214.04738235473633,0
214.07192063331604,0
214.0965392589569,0
214.12105655670166,0
214.14569067955017,0
214.17032194137573,0
214.19485116004944,0
214.21948766708374,0
214.2440047264099,0
214.26863551139832,0
214.2931637763977,0
214.31786680221558,0
214.3423821926117,0
214.36701273918152,0
214.39153718948364,0
214.41604900360107,0
214.44079327583313,0
214.4651644229889,0
214.48971104621887,0
214.51476669311523,0
214.5388810634613,0
214.56345081329346,0
214.58847761154175,0
214.61259031295776,0
214.63761568069458,0
214.6617681980133,0
214.68680000305176,0
214.71093487739563,0
214.73547053337097,0
214.76010251045227,0
214.7851324081421,0
214.8092610836029,0
214.8337881565094,0
214.85841965675354,0
214.88294625282288,0
214.90757632255554,0
214.93221783638,0
214.95672917366028,0
214.9813687801361,0
215.00602793693542,0
215.03065848350525,0
215.0550239086151,0
215.0796549320221,0
215.10453033447266,0
215.12916016578674,0
215.1535279750824,0
215.17815732955933,0
215.2025272846222,0
215.2270336151123,0
215.25152397155762,0
215.2761676311493,0
215.30102062225342,0
215.32558584213257,0
215.35017895698547,0
215.37448525428772,0
215.39917707443237,0
215.42360997200012,0
215.4482445716858,0
215.4728753566742,0
215.49732851982117,0
215.52196049690247,0
215.54648303985596,0
215.57111954689026,0
215.59564328193665,0
215.62027955055237,0
215.64529871940613,0
215.66942739486694,0
215.69394159317017,0
215.71895456314087,0
215.74358940124512,0
215.76768398284912,0
215.79221534729004,0
215.8168444633484,0
215.84139966964722,0
215.86598205566406,0
215.89051461219788,0
215.91516661643982,0
215.93980765342712,0
215.9644374847412,0
215.98896670341492,0
216.01359915733337,0
216.03810954093933,0
216.0627465248108,0
216.08727049827576,0
216.1119019985199,0
216.13630938529968,0
216.16094088554382,0
216.1854910850525,0
216.21012020111084,0
216.23466181755066,0
216.25919914245605,0
216.28422737121582,0
216.30835032463074,0
216.33322429656982,0
216.35751700401306,0
216.38254499435425,0
216.40663361549377,0
216.43165278434753,0
216.45579934120178,0
216.48082184791565,0
216.50545287132263,0
216.52953553199768,0
216.55416679382324,0
216.57870292663574,0
216.60333967208862,0
216.627867937088,0
216.6524999141693,0
216.67701721191406,0
216.7015404701233,0
216.72616171836853,0
216.7508029937744,0
216.77543354034424,0
216.79995489120483,0
216.8245849609375,0
216.84920144081116,0
216.87383222579956,0
216.89850401878357,0
216.92313480377197,0
216.94765162467957,0
216.9722821712494,0
216.99680709838867,0
217.02143621444702,0
217.0459587574005,0
217.07046508789062,0
217.09498643875122,0
217.1193573474884,0
217.14393639564514,0
217.1684958934784,0
217.19316291809082,0
217.21769189834595,0
217.24223709106445,0
217.26684188842773,0
217.29142236709595,0
217.31605219841003,0
217.34091877937317,0
217.36525464057922,0
217.38977885246277,0
217.4144148826599,0
217.43888092041016,0
217.46351170539856,0
217.48804259300232,0
217.51267337799072,0
217.53714394569397,0
217.56177401542664,0
217.58630681037903,0
217.61131954193115,0
217.63595604896545,0
217.66001796722412,0
217.6850483417511,0
217.70950365066528,0
217.7341341972351,0
217.7585051059723,0
217.7831461429596,0
217.80749917030334,0
217.83213019371033,0
217.85671257972717,0
217.88172578811646,0
217.9060082435608,0
217.9303629398346,0
217.95500922203064,0
217.97957134246826,0
218.00450944900513,0
218.0286762714386,0
218.053560256958,1
218.0778386592865,1
218.10248064994812,1
218.12711715698242,1
218.15162682533264,1
218.17625856399536,1
218.20071458816528,1
218.22534584999084,1
218.24986577033997,1
218.27449703216553,1
218.29903030395508,1
218.32366681098938,1
218.34854865074158,1
218.37281847000122,1
218.39732265472412,1
218.4218888282776,1
218.44691061973572,1
218.47106766700745,1
218.4956500530243,1
218.52023458480835,1
218.5452482700348,1
218.56941890716553,1
218.59392309188843,1
218.6185278892517,1
218.64355087280273,1
218.66768550872803,1
218.69221806526184,1
218.7168526649475,1
218.7414436340332,1
218.76608538627625,1
218.79059553146362,1
218.81523752212524,1
218.8396921157837,1
218.86429166793823,1
218.88930869102478,1
218.91344094276428,1
218.93807649612427,1
218.96259236335754,1
218.98760676383972,1
219.0116217136383,1
219.03675484657288,1
219.06077551841736,1
219.0859179496765,1
219.10993337631226,1
219.13506531715393,1
219.15908002853394,1
219.18421530723572,1
219.2083671092987,1
219.23291277885437,1
219.25751423835754,1
219.2825222015381,1
219.3066484928131,1
219.33120727539062,1
219.35627961158752,1
219.3803675174713,1
219.40497994422913,1
219.4295608997345,1
219.4545795917511,1
219.47870802879333,1
219.50373578071594,1
219.52786564826965,1
219.55242276191711,1
219.57705855369568,1
219.60154366493225,1
219.62617444992065,1
219.6507806777954,1
219.67541241645813,1
219.69987726211548,1
219.72451829910278,1
219.74915838241577,1
219.7736747264862,1
219.79818725585938,1
219.82270693778992,1
219.84734439849854,1
219.87192130088806,1
219.89643955230713,1
219.92099523544312,1
219.9461271762848,0
219.97050094604492,0
219.99479484558105,0
220.01951909065247,0
220.044025182724,0
220.0685064792633,0
220.09307503700256,0
220.11776423454285,0
220.14222288131714,0
220.1668426990509,0
220.1918625831604,0
220.215961933136,0
220.2405366897583,0
220.26517486572266,0
220.29018783569336,0
220.31429052352905,0
220.33892154693604,0
220.36364269256592,1
220.38821649551392,1
220.41257739067078,1
220.43720817565918,0
220.4617440700531,0
220.48638463020325,0
220.51087474822998,0
220.53550624847412,0
220.56001591682434,0
220.58465003967285,0
220.60928535461426,0
220.6337788105011,0
220.65841960906982,0
220.68292570114136,0
220.70756793022156,0
220.73206305503845,0
220.7567014694214,0
220.78150010108948,0
220.80613946914673,0
220.8305003643036,0
220.85513067245483,0
220.87970232963562,0
220.90421843528748,0
220.9289767742157,0
220.95327234268188,0
220.97797060012817,0
221.00240325927734,0
221.02703857421875,0
221.05153965950012,0
221.07618045806885,0
221.10082006454468,0
221.12533044815063,0
221.14996147155762,0
221.17447805404663,0
221.19901156425476,0
221.2235221862793,0
221.24815821647644,0
221.2727243900299,0
221.29730367660522,0
221.3218653202057,0
221.34649562835693,0
221.37108254432678,0
221.39562821388245,0
221.4202208518982,0
221.44477152824402,0
221.46940326690674,0
221.4939248561859,0
221.5185661315918,0
221.5430839061737,0
221.56771969795227,0
221.59223651885986,0
221.61687707901,0
221.64150834083557,0
221.666024684906,0
221.69054794311523,0
221.7150640487671,0
221.73969554901123,0
221.76422119140625,0
221.78886222839355,0
221.81337332725525,0
221.8380036354065,0
221.8625202178955,0
221.88762426376343,0
221.91164135932922,0
221.9362952709198,0
221.9608771800995,0
221.98589420318604,0
222.01000714302063,0
222.03458642959595,0
222.05918216705322,0
222.08382630348206,0
222.10831594467163,0
222.1329460144043,0
222.157963514328,0
222.18209266662598,0
222.20662307739258,0
222.23125958442688,0
222.255774974823,0
222.28040528297424,0
222.3049795627594,0
222.3296103477478,0
222.35413670539856,0
222.37877750396729,0
222.40348196029663,0
222.4279932975769,0
222.45263409614563,0
222.47698998451233,0
222.50201296806335,0
222.526465177536,0
222.55110120773315,0
222.57546663284302,0
222.59989428520203,0
222.62446904182434,0
222.64909958839417,0
222.67346501350403,0
222.6981589794159,0
222.72297310829163,0
222.74730610847473,0
222.77197670936584,0
222.79645609855652,0
222.82097029685974,0
222.84559679031372,0
222.87028980255127,0
222.89486265182495,0
222.91958665847778,0
222.94422316551208,0
222.9685287475586,0
222.99305319786072,0
223.01763463020325,0
223.04226541519165,0
223.06678819656372,0
223.09181141853333,0
223.11595630645752,0
223.14058685302734,0
223.16560435295105,0
223.1901216506958,0
223.2146396636963,0
223.2388265132904,0
223.26385140419006,0
223.28836750984192,0
223.31288719177246,0
223.33714389801025,0
223.36216259002686,0
223.38667368888855,0
223.41136074066162,1
223.43545722961426,1
223.46047639846802,1
223.4846053123474,1
223.50962781906128,1
223.5337677001953,1
223.55830264091492,1
223.58294439315796,1
223.60751724243164,1
223.6321542263031,1
223.65663385391235,1
223.68126845359802,1
223.70577454566956,1
223.7304151058197,1
223.7550458908081,1
223.77956223487854,1
223.8045916557312,1
223.82861185073853,1
223.85324788093567,1
223.87775897979736,1
223.9028446674347,1
223.92686653137207,1
223.95200061798096,1
223.97613096237183,1
224.00068950653076,1
224.02526450157166,1
224.04989433288574,1
224.07441186904907,1
224.09899711608887,1
224.12357473373413,1
224.14814066886902,1
224.1727271080017,1
224.19730973243713,1
224.2223253250122,1
224.24644231796265,1
224.27146172523499,1
224.2959806919098,1
224.32050466537476,1
224.34478640556335,1
224.36980628967285,1
224.39432907104492,1
224.41893982887268,1
224.44357109069824,1
224.46763467788696,1
224.49265384674072,1
224.51682567596436,1
224.54146695137024,1
224.56597089767456,1
224.5906171798706,1
224.6151442527771,1
224.63977813720703,1
224.66440892219543,1
224.68892979621887,1
224.7135660648346,1
224.7380826473236,1
224.762713432312,1
224.78723978996277,1
224.81187462806702,1
224.83639097213745,1
224.86102175712585,1
224.88553953170776,1
224.9101860523224,1
224.93469905853271,1
224.95915913581848,1
224.98386931419373,1
225.00830173492432,1
225.03293013572693,1
225.0575065612793,1
225.08205723762512,1
225.10662603378296,1
225.13120770454407,1
225.15578436851501,1
225.18033909797668,1
225.20498061180115,1
225.22949361801147,1
225.2546260356903,1
225.27868580818176,1
225.30370593070984,1
225.32782340049744,1
225.35245895385742,1
225.37695050239563,1
225.4015407562256,0
225.42613649368286,0
225.4507668018341,0
225.47540760040283,0
225.49985265731812,0
225.524493932724,0
225.54901337623596,0
225.57364916801453,0
225.59846234321594,0
225.62309384346008,0
225.64748191833496,0
225.67211270332336,0
225.69663834571838,0
225.72114968299866,0
225.74597024917603,0
225.77018451690674,0
225.7947142124176,0
225.81935811042786,0
225.8440113067627,0
225.86851978302002,0
225.89302802085876,0
225.91811156272888,0
225.94245433807373,0
225.96678352355957,0
225.99142742156982,0
226.01605796813965,0
226.04053664207458,0
226.0651683807373,0
226.0897831916809,0
226.1144142150879,0
226.13882327079773,0
226.16345930099487,0
226.18798804283142,0
226.21261715888977,0
226.2376353740692,0
226.26173329353333,0
226.28675293922424,0
226.31087803840637,0
226.33589720726013,0
226.36005973815918,0
226.3845841884613,0
226.40916562080383,0
226.43374872207642,0
226.45835065841675,0
226.4828691482544,0
226.50750470161438,0
226.53252243995667,0
226.5566520690918,0
226.5812132358551,0
226.6058578491211,0
226.63036465644836,0
226.65500044822693,0
226.67949843406677,0
226.70443964004517,0
226.72867560386658,0
226.75331115722656,0
226.77794122695923,0
226.8024661540985,0
226.82709765434265,0
226.85161423683167,0
226.87624549865723,0
226.90077447891235,0
226.92538285255432,0
226.94989943504333,0
226.97453093528748,0
226.99906134605408,0
227.02369260787964,0
227.0481939315796,0
227.0732011795044,0
227.09738278388977,0
227.12185406684875,0
227.14648532867432,0
227.17100954055786,0
227.19603490829468,0
227.22017335891724,0
227.24480366706848,0
227.26933598518372,0
227.29397869110107,0
227.3186092376709,0
227.3431191444397,0
227.36775493621826,0
227.3922803401947,0
227.41691064834595,0
227.44142985343933,0
227.46606063842773,0
227.4905867576599,0
227.51521682739258,0
227.5397298336029,0
227.56474256515503,0
227.5887656211853,0
227.61348628997803,0
227.63801169395447,0
227.66253328323364,0
227.68736100196838,0
227.71171975135803,0
227.7362973690033,0
227.7608675956726,0
227.7854540348053,0
227.81000089645386,0
227.83459615707397,0
227.8591492176056,0
227.8837172985077,0
227.90835905075073,0
227.93298935890198,0
227.95762062072754,0
227.98204064369202,0
228.0070605278015,0
228.03119015693665,0
228.0558259487152,0
228.08034372329712,0
228.10535764694214,0
228.12949538230896,0
228.1541244983673,0
228.17876052856445,0
228.2032392024994,0
228.2278823852539,0
228.25238943099976,0
228.2770299911499,0
228.30141758918762,0
228.32654976844788,0
228.35092043876648,0
228.37555074691772,0
228.40007495880127,0
228.42458605766296,0
228.44893646240234,0
228.47356700897217,0
228.49809789657593,0
228.52271032333374,0
228.54742622375488,0
228.57186794281006,0
228.59639072418213,0
228.62104606628418,0
228.6459219455719,0
228.67055797576904,0
228.69507241249084,0
228.71970343589783,0
228.74391508102417,0
228.76854705810547,0
228.79313015937805,0
228.8177616596222,0
228.84219431877136,0
228.86682558059692,0
228.8915309906006,0
228.91604280471802,0
228.9406452178955,0
228.96514010429382,0
228.9901683330536,0
229.0142571926117,0
229.03927564620972,0
229.06338810920715,0
229.0884141921997,0
229.1125304698944,0
229.137544631958,0
229.16170835494995,0
229.18672800064087,0
229.21136903762817,0
229.23588585853577,0
229.26001644134521,0
229.28456926345825,0
229.30921053886414,0
229.3337163925171,0
229.35835242271423,0
229.38284969329834,0
229.40742588043213,1
229.43210411071777,1
229.4569342136383,1
229.48156547546387,1
229.5059278011322,1
229.53055930137634,1
229.55507564544678,1
229.57970714569092,1
229.60423159599304,1
229.62886810302734,1
229.65338039398193,1
229.6780116558075,1
229.70253562927246,1
229.7271649837494,1
229.75168824195862,1
229.77619433403015,1
229.80068063735962,1
229.82525491714478,1
229.8498179912567,1
229.87438941001892,1
229.89947128295898,1
229.9235758781433,1
229.94821953773499,1
229.9727282524109,1
229.99775886535645,1
230.02188777923584,1
230.04690670967102,1
230.0710370540619,1
230.09605932235718,1
230.12019419670105,1
230.14477634429932,1
230.16940712928772,1
230.19393467903137,1
230.2185652256012,1
230.24306464195251,1
230.26769495010376,1
230.29222679138184,1
230.31723403930664,1
230.34136295318604,1
230.36593317985535,1
230.39056396484375,1
230.4153892993927,1
230.44002056121826,1
230.46442294120789,1
230.48905849456787,1
230.51340651512146,1
230.5380356311798,1
230.56289410591125,1
230.58713626861572,1
230.61190915107727,1
230.63630604743958,1
230.66096830368042,1
230.68544554710388,1
230.70989418029785,1
230.7345929145813,1
230.7590274810791,1
230.78415989875793,1
230.8082880973816,1
230.83291935920715,1
230.85742926597595,1
230.88205981254578,1
230.9065878391266,1
230.93172001838684,1
230.9558334350586,1
230.98046898841858,1
231.00492000579834,1
231.0295491218567,1
231.0545690059662,1
231.0786235332489,1
231.10319662094116,1
231.12776112556458,1
231.15278029441833,1
231.17694687843323,1
231.20153069496155,1
231.2261233329773,1
231.2507586479187,1
231.27523803710938,0
231.30026149749756,0
231.32439303398132,0
231.34941482543945,0
231.37355494499207,0
231.39857292175293,0
231.42271900177002,0
231.44729709625244,0
231.4719078540802,0
231.496919631958,0
231.52106022834778,0
231.54558277130127,0
231.57021832466125,0
231.5952353477478,0
231.61936926841736,0
231.64400553703308,0
231.6685221195221,0
231.69315648078918,0
231.71767282485962,0
231.74230432510376,0
231.7668206691742,0
231.79146194458008,0
231.81597232818604,0
231.84060788154602,0
231.86517310142517,0
231.8901879787445,0
231.91424989700317,0
231.9388153553009,0
231.96364521980286,0
231.98795080184937,0
232.01253199577332,0
232.03715014457703,0
232.06166744232178,0
232.08623957633972,0
232.1112687587738,0
232.13538694381714,0
232.16043090820312,0
232.1850609779358,0
232.20914101600647,0
232.2337715625763,0
232.25828623771667,0
232.28291702270508,0
232.30745482444763,0
232.33208560943604,0
232.35661625862122,0
232.38525700569153,0
232.41027736663818,0
232.43479919433594,0
232.45944166183472,0
232.48391032218933,0
232.50843000411987,0
232.53294610977173,0
232.55757570266724,0
232.58210015296936,0
232.60645174980164,0
232.63095903396606,0
232.6556293964386,0
232.68019771575928,0
232.70476269721985,0
232.7293529510498,0
232.75391221046448,0
232.77847409248352,0
232.80315923690796,0
232.82778882980347,0
232.85243010520935,0
232.87680649757385,0
232.90183758735657,0
232.92590022087097,0
232.9505317211151,0
232.97510647773743,0
233.00012016296387,0
233.02439332008362,0
233.0490300655365,0
233.07338905334473,0
233.09802436828613,0
233.1228904724121,0
233.14712595939636,0
233.17189693450928,0
233.19641304016113,0
233.2209231853485,0
233.24545216560364,0
233.2699899673462,0
233.29500794410706,0
233.31941390037537,0
233.34377884864807,0
233.36833548545837,0
233.39297580718994,0
233.4174678325653,0
233.4421043395996,0
233.46663665771484,0
233.491384267807,0
233.51575708389282,0
233.54038834571838,0
233.56502151489258,0
233.58953261375427,0
233.6145579814911,0
233.6386754512787,0
233.66369485855103,0
233.6878581047058,0
233.71289038658142,0
233.73697805404663,0
233.76199889183044,0
233.78612232208252,0
233.81065678596497,0
233.83578896522522,0
233.86030530929565,0
233.8844404220581,0
233.90901160240173,0
233.9336473941803,0
233.95816826820374,0
233.98276710510254,0
234.00727891921997,0
234.03191947937012,0
234.0564365386963,0
234.08107733726501,0
234.10561656951904,0
234.13024997711182,0
234.15488028526306,0
234.17939138412476,0
234.20389676094055,0
234.22841334342957,0
234.25354552268982,0
234.27756547927856,0
234.30220699310303,0
234.32672333717346,0
234.35185599327087,0
234.37594056129456,1
234.40096378326416,1
234.42512726783752,1
234.44964861869812,0
234.47423839569092,0
234.4988784790039,0
234.5233929157257,0
234.54798126220703,0
234.57259035110474,0
234.5976026058197,0
234.6221203804016,0
234.64629983901978,0
234.67132353782654,0
234.69584679603577,0
234.72036361694336,0
234.7449951171875,1
234.76915884017944,1
234.79379415512085,1
234.8183310031891,1
234.84296226501465,1
234.86749911308289,1
234.89213848114014,1
234.91677975654602,1
234.94129180908203,1
234.96592330932617,1
234.99050617218018,1
235.01514673233032,1
235.03966283798218,1
235.06429386138916,1
235.08880949020386,1
235.11744451522827,1
235.14194464683533,1
235.16652059555054,1
235.19097542762756,1
235.21562719345093,1
235.2401864528656,1
235.26476168632507,1
235.2893350124359,1
235.31392788887024,1
235.3385260105133,1
235.36315655708313,1
235.38766884803772,1
235.41230392456055,1
235.43680882453918,1
235.4614498615265,1
235.48646688461304,1
235.51061964035034,1
235.5351207256317,1
235.55975246429443,1
235.58430242538452,1
235.60932183265686,1
235.633455991745,1
235.65846943855286,1
235.6826045513153,1
235.70715069770813,1
235.7317910194397,1
235.75629663467407,1
235.78093695640564,1
235.80536198616028,1
235.8304934501648,1
235.8548629283905,1
235.87949228286743,1
235.90402936935425,1
235.92853546142578,1
235.95288157463074,1
235.97746872901917,1
236.00204849243164,1
236.0266399383545,1
236.05136609077454,1
236.07580542564392,1
236.10032749176025,1
236.12503719329834,1
236.14967703819275,1
236.1743083000183,1
236.198828458786,1
236.22345972061157,1
236.24797677993774,1
236.27260780334473,1
236.2973403930664,1
236.32197189331055,1
236.34611558914185,1
236.370751619339,1
236.39543628692627,1
236.41994786262512,1
236.44443249702454,1
236.46901106834412,1
236.4940459728241,1
236.5181703567505,1
236.5431845188141,1
236.5673336982727,1
236.59235835075378,1
236.61646938323975,1
236.6414830684662,1
236.66561913490295,1
236.6906385421753,1
236.71477150917053,1
236.7397904396057,0
236.7644226551056,0
236.78852653503418,0
236.81316709518433,0
236.8376808166504,0
236.86231565475464,0
236.88681888580322,0
236.91134214401245,0
236.93599128723145,0
236.960631608963,0
236.98526215553284,0
237.0099093914032,0
237.03454113006592,0
237.05905771255493,0
237.08368849754333,0
237.10821747779846,0
237.13285326957703,0
237.15736365318298,0
237.18199467658997,0
237.20651769638062,0
237.23114705085754,0
237.2556710243225,0
237.28017735481262,0
237.30461072921753,0
237.3291838169098,0
237.35376858711243,0
237.37834477424622,0
237.4033966064453,0
237.42745399475098,0
237.4521450996399,0
237.47667527198792,0
237.50121593475342,0
237.5259461402893,0
237.55046367645264,0
237.5750608444214,0
237.59959506988525,0
237.62423133850098,0
237.64865159988403,0
237.67328214645386,0
237.69830799102783,0
237.72243666648865,0
237.74697923660278,0
237.77160954475403,0
237.79613709449768,0
237.82115030288696,0
237.84578132629395,0
237.8697953224182,0
237.89443731307983,0
237.91895031929016,0
237.94358229637146,0
237.96835684776306,0
237.99298763275146,0
238.01761412620544,0
238.04224371910095,0
238.06684589385986,0
238.09135246276855,0
238.1158471107483,0
238.14020037651062,0
238.1648507118225,0
238.1893129348755,0
238.21384978294373,0
238.2385184764862,0
238.2630250453949,0
238.2876489162445,0
238.31225514411926,0
238.3368856906891,0
238.36140751838684,0
238.38603901863098,0
238.4105634689331,0
238.43520307540894,0
238.4597225189209,0
238.48435425758362,0
238.50883531570435,0
238.53359508514404,0
238.55832648277283,0
238.58295607566833,0
238.60735082626343,0
238.63185787200928,0
238.6563446521759,0
238.68084120750427,0
238.7053780555725,0
238.73003315925598,0
238.7548475265503,0
238.77918243408203,0
238.80371260643005,0
238.8283338546753,0
238.85297393798828,0
238.8776044845581,0
238.90213322639465,0
238.92676973342896,0
238.95128631591797,0
238.97591733932495,0
239.00065350532532,0
239.025297164917,0
239.0495090484619,0
239.07413792610168,0
239.09892225265503,0
239.12327408790588,0
239.14780068397522,0
239.17245531082153,0
239.19748520851135,0
239.2215859889984,0
239.24660634994507,0
239.2707004547119,0
239.29572463035583,0
239.31984567642212,0
239.34485983848572,0
239.3689887523651,0
239.39400720596313,0
239.41863822937012,0
239.4427547454834,0
239.46739101409912,0
239.49187922477722,0
239.51651406288147,0
239.54104924201965,0
239.56569290161133,0
239.59019231796265,0
239.61472153663635,0
239.63933944702148,0
239.66397380828857,0
239.68860459327698,0
239.71334171295166,0
239.73797297477722,0
239.7624900341034,0
239.7871265411377,0
239.81134867668152,0
239.83597898483276,0
239.86049580574036,0
239.88512516021729,0
239.9096555709839,0
239.93426871299744,0
239.95893740653992,0
239.9834282398224,0
240.0079529285431,0
240.03302836418152,0
240.05714511871338,0
240.08169531822205,0
240.1062786579132,0
240.13084936141968,0
240.15542674064636,0
240.18002247810364,0
240.2046070098877,0
240.22924327850342,0
240.25375390052795,0
240.2783842086792,0
240.30341148376465,0
240.32754111289978,0
240.35202598571777,0
240.37665724754333,0
240.4016900062561,0
240.4258258342743,0
240.45046663284302,0
240.4749779701233,0
240.4999966621399,0
240.5241289138794,0
240.5488588809967,0
240.57336235046387,0
240.59799814224243,0
240.62234616279602,0
240.64697790145874,0
240.67184734344482,0
240.6964876651764,0
240.72083520889282,0
240.7454640865326,0
240.76985216140747,0
240.7948694229126,1
240.81934070587158,1
240.84356331825256,1
240.86834287643433,1
240.89276480674744,1
240.91740441322327,1
240.9418797492981,1
240.96644496917725,1
240.99102187156677,1
241.0159034729004,1
241.0404748916626,1
241.06477546691895,1
241.0894067287445,1
241.11395740509033,1
241.13858938217163,1
241.16311645507812,1
241.18774700164795,1
241.21223998069763,1
241.23687052726746,1
241.2615044116974,1
241.28601551055908,1
241.31053924560547,1
241.33512139320374,1
241.36014604568481,1
241.3842372894287,1
241.40883469581604,1
241.433420419693,1
241.4580602645874,1
241.48264074325562,1
241.50714206695557,1
241.53170347213745,1
241.55631256103516,1
241.58094239234924,1
241.6054379940033,1
241.63008213043213,1
241.6546003818512,1
241.6792426109314,1
241.7042634487152,1
241.7284083366394,1
241.75289583206177,1
241.77753114700317,1
241.8020465373993,1
241.8266875743866,1
241.85131812095642,1
241.875834941864,1
241.90085554122925,1
241.92487788200378,1
241.94951581954956,1
241.97403287887573,1
241.99867415428162,1
242.0231909751892,1
242.04781007766724,1
242.07238721847534,1
242.09702157974243,1
242.12155890464783,1
242.14612102508545,1
242.17069911956787,0
242.19571089744568,0
242.21984314918518,0
242.2444622516632,1
242.26948070526123,1
242.2935688495636,1
242.31859421730042,1
242.342759847641,1
242.36777472496033,1
242.39190983772278,1
242.41646456718445,1
242.44109535217285,1
242.4656105041504,1
242.49024081230164,1
242.51476001739502,1
242.539391040802,1
242.563898563385,1
242.5885293483734,1
242.61317920684814,1
242.63769626617432,1
242.66232681274414,1
242.68684339523315,0
242.7118628025055,0
242.73587703704834,0
242.76100873947144,0
242.78502321243286,0
242.8096387386322,0
242.83465790748596,0
242.85928869247437,0
242.8832986354828,0
242.9079909324646,0
242.9325087070465,0
242.9570813179016,0
242.98173689842224,0
243.00627398490906,0
243.0310001373291,0
243.05556845664978,0
243.08004331588745,0
243.10506439208984,0
243.12919116020203,0
243.15374517440796,0
243.17831206321716,0
243.2033293247223,0
243.2274386882782,0
243.25206899642944,0
243.2765920162201,0
243.30161261558533,0
243.32575917243958,0
243.35039067268372,0
243.37491726875305,0
243.39955878257751,0
243.42410588264465,0
243.44874238967896,0
243.4733784198761,0
243.4978950023651,0
243.52253127098083,0
243.546945810318,0
243.5715525150299,0
243.59657096862793,0
243.6207103729248,0
243.64531660079956,0
243.66995286941528,0
243.6943142414093,0
243.71945023536682,0
243.7438142299652,0
243.76844358444214,0
243.79281783103943,0
243.81733417510986,0
243.84180998802185,0
243.86642932891846,0
243.8913071155548,0
243.91558814048767,0
243.94034242630005,0
243.96474838256836,0
243.98944234848022,0
244.01391744613647,0
244.0385570526123,0
244.0631492137909,0
244.08766627311707,0
244.11223554611206,0
244.13680028915405,0
244.1614317893982,0
244.18592166900635,0
244.21051216125488,0
244.23512291908264,0
244.2601420879364,0
244.28427052497864,0
244.30883049964905,0
244.33347129821777,0
244.35798120498657,0
244.38262367248535,0
244.40710401535034,0
244.43174052238464,0
244.45627665519714,0
244.4809124469757,0
244.50543117523193,0
244.53007173538208,0
244.55470299720764,0
244.57932090759277,0
244.603839635849,0
244.6283574104309,0
244.65299820899963,0
244.67751741409302,0
244.70253992080688,0
244.72655487060547,0
244.75118589401245,0
244.77570867538452,0
244.80034947395325,0
244.82493543624878,0
244.84994316101074,0
244.87411522865295,0
244.89913296699524,0
244.92322993278503,0
244.94780802726746,0
244.97236919403076,0
244.997878074646,0
245.02189588546753,0
245.04610586166382,0
245.0707335472107,0
245.0952935218811,0
245.1203224658966,0
245.14445853233337,0
245.1689727306366,0
245.19360375404358,0
245.2181477546692,0
245.2427785396576,0
245.26726484298706,0
245.29189610481262,0
245.3164644241333,0
245.34110045433044,0
245.36573028564453,0
245.39024806022644,0
245.4147720336914,0
245.4392831325531,0
245.46391415596008,0
245.48843097686768,0
245.51312375068665,0
245.53764057159424,0
245.56227159500122,0
245.58686113357544,0
245.61137580871582,0
245.63589453697205,0
245.660902261734,0
245.68514132499695,0
245.70967030525208,0
245.73437929153442,0
245.75879788398743,0
245.78355407714844,0
245.80807280540466,0
245.83254265785217,0
245.85710406303406,0
245.88168740272522,1
245.9067075252533,1
245.93090200424194,1
245.95553946495056,1
245.9799907207489,0
246.00501084327698,0
246.02914881706238,0
246.05378031730652,0
246.07836413383484,0
246.10300588607788,1
246.12745451927185,1
246.152090549469,1
246.17673087120056,1
246.20124697685242,1
246.22588300704956,1
246.25031447410583,1
246.27495455741882,1
246.29997301101685,1
246.3246145248413,1
246.3486452102661,1
246.37328028678894,1
246.3977825641632,1
246.42241621017456,1
246.44729113578796,1
246.47180199623108,1
246.4962809085846,1
246.52069783210754,1
246.54528427124023,1
246.56986212730408,1
246.59446382522583,1
246.6190152168274,1
246.64378190040588,1
246.66812539100647,1
246.69287514686584,1
246.71726298332214,1
246.74190258979797,1
246.7665331363678,1
246.79104900360107,1
246.81606912612915,1
246.84017133712769,1
246.8648030757904,1
246.88930535316467,1
246.91387057304382,1
246.9384524822235,1
246.96358489990234,1
246.98763799667358,1
247.0121772289276,1
247.03679084777832,1
247.0617983341217,1
247.0859580039978,1
247.11049699783325,1
247.13551378250122,1
247.1596393585205,1
247.18465995788574,1
247.20917439460754,1
247.23368859291077,1
247.2579596042633,1
247.28297424316406,1
247.30748462677002,1
247.3320083618164,1
247.35664415359497,1
247.38488292694092,1
247.4094078540802,1
247.4341106414795,1
247.45874977111816,1
247.48338103294373,1
247.50790119171143,1
247.5325379371643,1
247.55705428123474,1
247.58168578147888,1
247.60636019706726,1
247.6309916973114,1
247.6555073261261,1
247.68013644218445,1
247.7044186592102,1
247.72942686080933,1
247.75360679626465,1
247.77819848060608,1
247.80278038978577,1
247.82733535766602,1
247.8518853187561,1
247.87645363807678,1
247.90147590637207,1
247.92559385299683,1
247.95061254501343,1
247.97524285316467,1
247.99976015090942,1
248.02439141273499,1
248.05259323120117,1
248.07722878456116,1
248.10181307792664,1
248.12645292282104,0
248.15108394622803,0
248.1755940914154,0
248.20023488998413,0
248.224750995636,0
248.2493815422058,0
248.27389812469482,0
248.29852867126465,0
248.3230495452881,0
248.34768056869507,0
248.37219953536987,0
248.39671063423157,0
248.42148232460022,0
248.44583821296692,0
248.47064661979675,0
248.49496483802795,0
248.51975274085999,0
248.54412388801575,0
248.56868648529053,0
248.59369444847107,0
248.61787796020508,0
248.64250946044922,0
248.66700983047485,0
248.691641330719,0
248.71614384651184,0
248.74077796936035,0
248.7653226852417,0
248.78995966911316,0
248.8144609928131,0
248.8390917778015,0
248.86360716819763,0
248.88823819160461,0
248.91274309158325,0
248.9377555847168,0
248.96239709854126,0
248.98648810386658,0
249.01153588294983,0
249.03564190864563,0
249.06028389930725,0
249.0847873687744,0
249.10969614982605,0
249.1342761516571,0
249.15891218185425,0
249.18327236175537,0
249.20790648460388,0
249.23227214813232,0
249.25685095787048,0
249.2817771434784,0
249.30629420280457,0
249.3307876586914,0
249.35515594482422,0
249.37977743148804,0
249.40429306030273,0
249.42912316322327,0
249.453458070755,0
249.478098154068,0
249.50261855125427,0
249.52713584899902,0
249.5517680644989,0
249.57630944252014,0
249.60094094276428,0
249.62545657157898,0
249.6505889892578,0
249.67464303970337,0
249.69927406311035,0
249.72379851341248,0
249.74881649017334,0
249.7733392715454,0
249.79784536361694,0
249.8223738670349,0
249.84663224220276,0
249.8716516494751,0
249.89577412605286,0
249.92024517059326,0
249.94497680664062,0
249.96961426734924,0
249.99411940574646,0
250.01876020431519,0
250.04339051246643,0
250.06790804862976,0
250.09253931045532,0
250.11712527275085,0
250.14175653457642,0
250.16627264022827,0
250.1909110546112,0
250.21546244621277,0
250.2400987148285,0
250.26447319984436,0
250.28910326957703,0
250.31360363960266,0
250.33819437026978,0
250.3627564907074,0
250.38730788230896,0
250.4119098186493,0
250.43650650978088,0
250.46152997016907,0
250.4856231212616,0
250.5106508731842,0
250.53478026390076,0
250.55979990959167,0
250.58392810821533,0
250.60895347595215,0
250.6332244873047,0
250.65768909454346,0
250.68231964111328,0
250.70734190940857,0
250.73147702217102,0
250.75597858428955,0
250.78061270713806,0
250.8056366443634,0
250.82977509498596,0
250.8544111251831,0
250.8789234161377,0
250.9035587310791,0
250.9280755519867,0
250.95270657539368,0
250.9772231578827,0
251.00185465812683,0
251.02637100219727,0
251.05100774765015,0
251.07552361488342,0
251.10015225410461,0
251.124746799469,0
251.14925336837769,0
251.17410492897034,0
251.19835424423218,0
251.2231936454773,0
251.24750208854675,0
251.27211999893188,0
251.29662585258484,0
251.32122230529785,0
251.3457989692688,0
251.3703670501709,0
251.39500427246094,0
251.4195876121521,0
251.44421982765198,0
251.46868252754211,0
251.4933145046234,0
251.51782846450806,0
251.54245972633362,0
251.56696581840515,0
251.59160256385803,0
251.61612200737,0
251.64123487472534,0
251.66538000106812,0
251.68988633155823,0
251.7144615650177,0
251.73910117149353,0
251.76373624801636,0
251.78816843032837,0
251.8131959438324,0
251.83724999427795,0
251.86238169670105,0
251.88674783706665,0
251.9113872051239,0
251.93575072288513,0
251.96025681495667,0
251.98475170135498,0
252.00976967811584,0
252.03426098823547,0
252.0585379600525,0
252.08326172828674,0
252.10777282714844,0
252.13243103027344,0
252.15706086158752,1
252.18158268928528,1
252.20610642433167,1
252.23062300682068,1
252.2552535533905,1
252.2797703742981,1
252.30440616607666,1
252.32887434959412,1
252.35350584983826,1
252.37800860404968,1
252.4026393890381,1
252.42716097831726,1
252.4521734714508,1
252.47630977630615,1
252.50088763237,1
252.52591705322266,1
252.55000376701355,1
252.57502341270447,1
252.59918427467346,1
252.62420868873596,1
252.64839935302734,1
252.67342114448547,1
252.69750952720642,1
252.72253441810608,1
252.74666452407837,1
252.7716827392578,1
252.79582333564758,1
252.82039260864258,1
252.8450288772583,1
252.8695297241211,1
252.89416551589966,1
252.91866827011108,1
252.94330430030823,1
252.96782207489014,1
252.99246072769165,1
253.01698637008667,1
253.04150342941284,1
253.06613492965698,1
253.09065103530884,1
253.1153061389923,1
253.13987755775452,1
253.16450953483582,1
253.18902587890625,1
253.2140498161316,1
253.23806476593018,1
253.2631962299347,1
253.28757429122925,1
253.31209063529968,1
253.33645582199097,1
253.3610999584198,1
253.38565754890442,1
253.4106752872467,1
253.43479228019714,1
253.45937085151672,1
253.48392915725708,1
253.50894737243652,1
253.53346514701843,1
253.55810141563416,1
253.5826177597046,1
253.60725784301758,1
253.63141012191772,1
253.65604829788208,1
253.6805408000946,1
253.70517110824585,1
253.72968125343323,1
253.75431656837463,1
253.7789511680603,1
253.80346274375916,1
253.82811975479126,1
253.85263991355896,1
253.87728238105774,1
253.9017243385315,1
253.92635893821716,1
253.95122528076172,1
253.97585558891296,1
254.0002248287201,1
254.02474856376648,1
254.04921555519104,1
254.0738446712494,0
254.0987195968628,0
254.12292981147766,0
254.14750719070435,0
254.17209696769714,0
254.19658493995667,0
254.22122430801392,0
254.24607706069946,0
254.27036428451538,0
254.29526495933533,0
254.31948614120483,0
254.34410071372986,0
254.36873269081116,0
254.39327144622803,0
254.4178216457367,0
254.4423840045929,0
254.46701526641846,0
254.49153923988342,0
254.51656651496887,0
254.540678024292,0
254.56530737876892,0
254.59032917022705,0
254.61484241485596,0
254.63936591148376,0
254.66358828544617,0
254.68860697746277,0
254.71312403678894,0
254.73764824867249,0
254.76186776161194,0
254.7868869304657,0
254.81140327453613,0
254.8359251022339,0
254.86055898666382,0
254.88507604599,0
254.9097204208374,0
254.93391633033752,0
254.95855736732483,0
254.98317003250122,0
255.0078125,0
255.03221440315247,0
255.05685019493103,0
255.08144307136536,0
255.10607838630676,0
255.13071513175964,0
255.15531754493713,0
255.17995476722717,0
255.20447158813477,0
255.22911190986633,0
255.25362825393677,0
255.2782588005066,0
255.30277466773987,0
255.32729387283325,0
255.35174202919006,0
255.37674975395203,0
255.4008936882019,0
255.42545557022095,0
255.4499990940094,0
255.4745695590973,0
255.4991626739502,0
255.5237340927124,0
255.55242490768433,0
255.57706141471863,0
255.60157704353333,0
255.62659740447998,0
255.6511151790619,0
255.67536854743958,0
255.69988751411438,0
255.72491264343262,0
255.7494297027588,0
255.77405953407288,0
255.7980773448944,0
255.82278037071228,0
255.8472626209259,0
255.8719127178192,0
255.8965151309967,0
255.92110323905945,0
255.94562983512878,0
255.9702169895172,0
255.99483919143677,0
256.01937794685364,0
256.04395604133606,0
256.06859254837036,0
256.0931029319763,0
256.11812591552734,0
256.1422669887543,0
256.1668643951416,0
256.191424369812,0
256.21644854545593,0
256.240535736084,0
256.26516675949097,0
256.2897162437439,0
256.31435441970825,0
256.33899688720703,0
256.3635082244873,0
256.3881492614746,0
256.4126658439636,0
256.4373016357422,0
256.46170687675476,0
256.48634362220764,0
256.5108644962311,0
256.5359961986542,0
256.5602214336395,0
256.5848505496979,0
256.60922932624817,0
256.6338005065918,0
256.65873289108276,0
256.68293046951294,0
256.7077126502991,0
256.7320919036865,0
256.7569622993469,0
256.78129982948303,0
256.8057897090912,0
256.8304250240326,0
256.85494685173035,0
256.87958884239197,0
256.9041347503662,0
256.9287724494934,0
256.95327401161194,0
256.9779107570648,0
257.00239610671997,0
257.0274214744568,0
257.0515773296356,0
257.07620668411255,0
257.1012258529663,0
257.12531065940857,0
257.1503300666809,0
257.17494082450867,0
257.1994593143463,0
257.2235882282257,0
257.24860739707947,0
257.2727813720703,0
257.29780077934265,0
257.32190346717834,0
257.34692788124084,0
257.3715572357178,0
257.3960726261139,0
257.4202175140381,0
257.44481134414673,0
257.4694473743439,0
257.4939513206482,1
257.5184803009033,1
257.5431146621704,1
257.56775641441345,1
257.5922532081604,1
257.61678171157837,1
257.64139318466187,1
257.66602897644043,1
257.6907539367676,1
257.7152650356293,1
257.73990201950073,1
257.764417886734,1
257.789048910141,1
257.81356978416443,1
257.83820152282715,1
257.8627231121063,1
257.8873541355133,1
257.91189074516296,1
257.9365200996399,1
257.9609055519104,1
257.9854664802551,1
258.0103898048401,1
258.0346312522888,1
258.059223651886,1
258.0837721824646,1
258.10835790634155,1
258.13290667533875,1
258.1579270362854,1
258.18248867988586,1
258.2070140838623,1
258.23164916038513,1
258.2561659812927,1
258.280797958374,1
258.3049740791321,1
258.3296151161194,1
258.35410594940186,1
258.3787364959717,1
258.40325570106506,1
258.4282741546631,1
258.4524013996124,1
258.47703742980957,1
258.50166726112366,1
258.5261995792389,1
258.5508303642273,1
258.575341463089,1
258.5999777317047,1
258.6247000694275,1
258.64933681488037,1
258.67385268211365,1
258.698575258255,1
258.7230980396271,1
258.74772787094116,1
258.7757794857025,1
258.80056858062744,1
258.82516503334045,1
258.84972071647644,1
258.87432646751404,1
258.8989565372467,1
258.92348742485046,1
258.94812393188477,1
258.9726195335388,1
258.99725008010864,1
259.0217773914337,1
259.0464081764221,1
259.0709025859833,1
259.0955331325531,1
259.12009930610657,1
259.1447298526764,1
259.1693665981293,1
259.1940734386444,1
259.21860551834106,1
259.2429769039154,1
259.26761198043823,1
259.29209661483765,1
259.31712007522583,1
259.3412022590637,1
259.3658332824707,1
259.3906936645508,1
259.41532802581787,1
259.43946051597595,1
259.4641237258911,1
259.48870158195496,0
259.5137186050415,0
259.53819489479065,0
259.56244468688965,0
259.5871887207031,0
259.6117105484009,0
259.63635206222534,0
259.6609835624695,0
259.68554496765137,0
259.7102174758911,0
259.73473358154297,0
259.7593653202057,0
259.78363251686096,0
259.808269739151,0
259.83276987075806,0
259.8574013710022,0
259.8819456100464,0
259.9065749645233,0
259.9311099052429,0
259.9561285972595,0
259.98028683662415,0
260.00481057167053,0
260.02984499931335,0
260.05396342277527,0
260.07898330688477,0
260.10311126708984,0
260.1281418800354,0
260.1522557735443,0
260.1772770881653,0
260.20187187194824,0
260.2260322570801,0
260.25066900253296,0
260.27518033981323,0
260.2998113632202,0
260.3243052959442,0
260.3489363193512,0
260.37343645095825,0
260.3980767726898,0
260.4226424694061,0
260.44728326797485,0
260.4719135761261,0
260.49643540382385,0
260.52096247673035,0
260.54547786712646,0
260.57011008262634,0
260.5946273803711,0
260.61964178085327,0
260.64365673065186,0
260.6687889099121,0
260.6933104991913,0
260.7179479598999,0
260.7424650192261,0
260.76709508895874,0
260.7916147708893,0
260.81613302230835,0
260.84039330482483,0
260.8649592399597,0
260.88952922821045,0
260.9145464897156,0
260.93873381614685,0
260.96329045295715,0
260.9878590106964,0
261.01287722587585,0
261.0374002456665,0
261.06202960014343,0
261.086546421051,0
261.1111795902252,0
261.13531851768494,0
261.15995478630066,0
261.184547662735,0
261.2091381549835,0
261.2336347103119,0
261.25826621055603,0
261.28277802467346,0
261.30741357803345,0
261.3322253227234,0
261.3568551540375,0
261.3814573287964,0
261.4059634208679,0
261.430536031723,0
261.45481061935425,0
261.4793403148651,0
261.50396251678467,0
261.5285303592682,0
261.55311131477356,0
261.57766938209534,0
261.6022448539734,0
261.6268608570099,0
261.6513981819153,0
261.6759970188141,0
261.7006332874298,0
261.7251660823822,0
261.7497968673706,0
261.7742919921875,0
261.7989242076874,0
261.8234453201294,0
261.8485779762268,0
261.8726336956024,0
261.89726996421814,0
261.92183542251587,0
261.94646525382996,0
261.9711010456085,0
261.995486497879,0
262.02052116394043,0
262.04463505744934,0
262.06927013397217,0
262.09366059303284,0
262.11868596076965,0
262.14316058158875,0
262.16779136657715,0
262.1922869682312,0
262.21697545051575,0
262.24116110801697,0
262.26584553718567,0
262.29065918922424,0
262.3151693344116,0
262.3396599292755,0
262.36414790153503,0
262.388827085495,0
262.413343667984,0
262.4379858970642,0
262.462619304657,0
262.487135887146,0
262.5117676258087,0
262.53616309165955,0
262.5607943534851,0
262.58530163764954,0
262.6099388599396,0
262.63446593284607,0
262.6590974330902,0
262.68363428115845,0
262.70826387405396,0
262.7328987121582,0
262.75737380981445,0
262.78239345550537,0
262.81036162376404,0
262.83538794517517,0
262.8600194454193,0
262.8843343257904,0
262.90897130966187,0
262.93347668647766,0
262.9581129550934,0
262.9826226234436,0
263.007257938385,0
263.03183460235596,0
263.056476354599,0
263.08110785484314,0
263.1056237220764,0
263.1301429271698,0
263.1546597480774,0
263.1792964935303,0
263.2038128376007,0
263.2284128665924,0
263.25292801856995,0
263.27755904197693,0
263.3020763397217,0
263.32668805122375,0
263.35120463371277,0
263.37633538246155,0
263.4004502296448,0
263.4250228404999,0
263.44957661628723,0
263.47416520118713,1
263.49872875213623,1
263.52374815940857,1
263.547842502594,1
263.57243275642395,1
263.59745693206787,1
263.62197375297546,1
263.6464943885803,1
263.6751320362091,1
263.6994540691376,1
263.72428703308105,1
263.7486033439636,1
263.7732379436493,1
263.79786920547485,1
263.8223898410797,1
263.847026348114,1
263.871542930603,1
263.89617443084717,1
263.92069482803345,1
263.94532585144043,1
263.9698419570923,1
263.99447226524353,1
264.0191648006439,1
264.04367661476135,1
264.06834292411804,1
264.09270787239075,1
264.11743903160095,1
264.14180850982666,1
264.16640305519104,1
264.1909713745117,1
264.2156653404236,1
264.2401053905487,1
264.26465463638306,1
264.2892861366272,1
264.313871383667,1
264.33851313591003,1
264.3629972934723,1
264.38762879371643,1
264.412150144577,1
264.43678998947144,1
264.4612948894501,1
264.4859256744385,1
264.51042342185974,1
264.5354416370392,1
264.56008315086365,1
264.58807277679443,1
264.61320996284485,1
264.6376554965973,1
264.6622862815857,1
264.6866590976715,1
264.7111704349518,1
264.73580503463745,1
264.76031160354614,1
264.78516125679016,1
264.80945324897766,1
264.8341624736786,1
264.8586025238037,1
264.88316893577576,1
264.907763004303,1
264.9322934150696,1
264.95742535591125,1
264.9814405441284,1
265.0060770511627,1
265.0306010246277,1
265.05523228645325,1
265.0798120498657,1
265.10444355010986,1
265.1289517879486,1
265.15358304977417,1
265.17807149887085,1
265.20270705223083,1
265.2272503376007,1
265.25183749198914,1
265.2763993740082,1
265.3014075756073,1
265.3259401321411,1
265.35015296936035,1
265.3751721382141,1
265.39928817749023,1
265.42432045936584,1
265.44843101501465,1
265.473450422287,1
265.49762439727783,1
265.5221607685089,0
265.54673171043396,0
265.5717511177063,0
265.59638142585754,0
265.62090373039246,0
265.64503359794617,0
265.66962575912476,0
265.6942675113678,0
265.71878361701965,0
265.7433922290802,0
265.7679853439331,0
265.79262709617615,0
265.8171434402466,0
265.8417842388153,0
265.8664138317108,0
265.89093017578125,0
265.91556215286255,0
265.9400882720947,0
265.96472454071045,0
265.9892416000366,0
266.0138726234436,0
266.038556098938,0
266.06318736076355,0
266.08744978904724,0
266.11208057403564,0
266.1365716457367,0
266.16117787361145,0
266.185733795166,0
266.2102918624878,0
266.2348721027374,0
266.2594277858734,0
266.28409695625305,0
266.30861020088196,0
266.3336329460144,0
266.35776472091675,0
266.3828055858612,0
266.41094040870667,0
266.43556237220764,0
266.46420335769653,0
266.4888343811035,0
266.51334595680237,0
266.5379903316498,0
266.5625071525574,0
266.58714270591736,0
266.6116602420807,0
266.6366798877716,0
266.6609001159668,0
266.685485124588,0
266.71006298065186,0
266.7345714569092,0
266.759174823761,0
266.78373408317566,0
266.80834674835205,0
266.8329174518585,0
266.85749197006226,1
266.88210892677307,0
266.9066345691681,0
266.931205034256,0
266.9562177658081,0
266.98035311698914,0
267.00512766838074,0
267.0295379161835,0
267.0541548728943,0
267.07878613471985,0
267.1031460762024,0
267.1278123855591,0
267.15264534950256,0
267.1772744655609,0
267.2016568183899,0
267.22617650032043,0
267.2508454322815,0
267.2753047943115,0
267.30016708374023,0
267.3246879577637,0
267.3528735637665,0
267.37800693511963,0
267.4022448062897,0
267.4272677898407,0
267.451397895813,0
267.4760298728943,0
267.50053334236145,0
267.5255606174469,0
267.5502052307129,0
267.5747113227844,0
267.598845243454,0
267.6238634586334,0
267.64838218688965,0
267.6725745201111,0
267.6975998878479,0
267.7221109867096,0
267.7466297149658,0
267.77484250068665,0
267.7995729446411,0
267.82410168647766,0
267.84871101379395,0
267.8733537197113,0
267.8978476524353,0
267.9224786758423,0
267.9471092224121,0
267.97162652015686,0
267.99625849723816,0
268.0207793712616,0
268.0453588962555,0
268.06987714767456,0
268.0945086479187,0
268.1190285682678,0
268.1436593532562,0
268.1681971549988,0
268.19283413887024,0
268.21734070777893,0
268.242360830307,0
268.2667155265808,0
268.29122138023376,0
268.31566429138184,0
268.3402383327484,0
268.365257024765,0
268.393385887146,0
268.41840410232544,0
268.44303584098816,0
268.47109746932983,0
268.49623942375183,0
268.52075147628784,0
268.5452675819397,0
268.57390999794006,0
268.59842681884766,0
268.62306785583496,0
268.6474332809448,0
268.6720633506775,0
268.69657731056213,0
268.72159481048584,0
268.7496426105499,0
268.7744288444519,0
268.7994523048401,0
268.8279752731323,0
268.85225677490234,0
268.8768880367279,0
268.90137791633606,1
268.92602157592773,1
268.95065236091614,1
268.9751625061035,1
268.99979877471924,1
269.0243191719055,1
269.0489504337311,1
269.0734670162201,1
269.09809732437134,1
269.12262296676636,1
269.1472535133362,1
269.1717720031738,1
269.20041394233704,1
269.2250211238861,1
269.24956345558167,1
269.274183511734,1
269.298814535141,1
269.3233439922333,1
269.3479754924774,1
269.3724796772003,1
269.3971161842346,1
269.42164611816406,1
269.4462776184082,1
269.4707188606262,1
269.49534940719604,1
269.5203719139099,1
269.54833602905273,1
269.57347297668457,1
269.5976130962372,1
269.622754573822,1
269.6511240005493,1
269.67553901672363,1
269.7002730369568,1
269.7247896194458,1
269.74942445755005,1
269.77400851249695,1
269.7986464500427,1
269.8271703720093,1
269.85167121887207,1
269.87630224227905,1
269.900936126709,1
269.92545914649963,1
269.9539942741394,1
269.9826440811157,1
270.0112452507019,1
270.0404326915741,1
270.0690758228302,1
270.0976049900055,1
270.12613916397095,1
270.1506521701813,1
270.17529463768005,1
270.1998360157013,1
270.22437047958374,1
270.2489881515503,1
270.27777647972107,1
270.30222940444946,1
270.32675790786743,1
270.3513777256012,1
270.3759500980377,1
270.40059065818787,1
270.4252905845642,1
270.44970655441284,1
270.47427916526794,1
270.4989175796509,1
270.52394437789917,1
270.5520806312561,1
270.576642036438,1
270.6012716293335,1
270.62581300735474,1
270.6508209705353,1
270.6789560317993,1
270.7036154270172,1
270.72827339172363,1
270.7531089782715,1
270.7776606082916,1
270.80211186408997,1
270.8266317844391,1
270.85507559776306,1
270.8802101612091,0
270.90829062461853,0
270.93308305740356,0
270.95771765708923,0
270.9822287559509,0
271.00686526298523,0
271.03133964538574,0
271.056360244751,0
271.08449053764343,0
271.1095094680786,0
271.137619972229,0
271.1624114513397,0
271.18705344200134,0
271.21168327331543,0
271.2365097999573,0
271.2646396160126,0
271.2898609638214,0
271.3179214000702,0
271.34295129776,0
271.36717343330383,0
271.39219403266907,0
271.42033314704895,0
271.4450685977936,0
271.4697096347809,0
271.4941852092743,0
271.51882123947144,0
271.54334807395935,0
271.56798243522644,0
271.59261322021484,0
271.6171245574951,0
271.64176630973816,0
271.6662950515747,0
271.6909267902374,0
271.7154428958893,0
271.74007773399353,0
271.7684359550476,0
271.79707407951355,0
271.822119474411,0
271.85075640678406,0
271.87515091896057,0
271.90380024909973,0
271.9322946071625,0
271.9610044956207,0
271.9901428222656,0
272.0186650753021,0
272.04731965065,0
272.0759572982788,0
272.1043848991394,0
272.1330056190491,0
272.1578326225281,0
272.1864700317383,0
272.21512031555176,0
272.2401943206787,0
272.2684280872345,0
272.2972276210785,0
272.3217463493347,0
272.3501970767975,0
272.3753311634064,0
272.40347385406494,0
272.42849588394165,0
272.45663690567017,0
272.481609582901,0
272.509804725647,0
272.53483963012695,0
272.563472032547,0
272.58781909942627,0
272.6124563217163,0
272.63697719573975,0
272.66160893440247,0
272.6901156902313,0
272.7148234844208,0
272.73960876464844,0
272.7639515399933,0
272.7884352207184,0
272.8174252510071,0
272.84577322006226,0
272.8743648529053,0
272.8995039463043,0
272.92804288864136,0
272.95627880096436,0
272.9814178943634,0
273.01005244255066,0
273.0385925769806,0
273.0629508495331,0
273.0879728794098,0
273.11661171913147,0
273.144802570343,0
273.1734461784363,0
273.1985824108124,0
273.22711634635925,0
273.255389213562,0
273.2841875553131,0
273.3088114261627,0
273.33327746391296,0
273.3579204082489,0
273.3825001716614,0
273.4071409702301,0
273.4316215515137,0
273.4562623500824,0
273.4808933734894,0
273.50541043281555,0
273.52993750572205,0
273.55445408821106,0
273.5790853500366,0
273.6036012172699,0
273.6286165714264,0
273.6566696166992,0
273.68167662620544,0
273.7063238620758,0
273.73060154914856,0
273.75520515441895,0
273.7797713279724,0
273.8046464920044,0
273.83281087875366,0
273.85782408714294,0
273.8824555873871,0
273.90676736831665,0
273.9313373565674,0
273.9559004306793,0
273.9805374145508,0
274.00507974624634,0
274.0296103954315,0
274.0541887283325,0
274.07882833480835,0
274.10745906829834,0
274.1319887638092,0
274.1571214199066,0
274.18509578704834,0
274.20985317230225,0
274.23441910743713,0
274.25898790359497,0
274.28356862068176,0
274.30844020843506,0
274.33273696899414,0
274.3573296070099,0
274.3823492527008,0
274.41047859191895,0
274.4351372718811,0
274.4597420692444,0
274.4842760562897,0
274.50891184806824,0
274.53341603279114,0
274.55804991722107,0
274.5866811275482,0
274.61119270324707,0
274.6399450302124,0
274.6645109653473,0
274.6891305446625,0
274.7136607170105,0
274.738224029541,0
274.7628037929535,0
274.78737783432007,0
274.8122797012329,0
274.84060883522034,0
274.86524844169617,0
274.8898801803589,0
274.91437315940857,1
274.9393925666809,1
274.96753311157227,1
274.99254989624023,1
275.0171811580658,1
275.0457091331482,1
275.07390451431274,1
275.0986683368683,1
275.1236877441406,1
275.14782309532166,1
275.1724548339844,1
275.19695472717285,1
275.2215955257416,1
275.2461471557617,1
275.27077889442444,1
275.29532265663147,1
275.32003021240234,1
275.3446705341339,1
275.36918210983276,1
275.3938236236572,1
275.4181776046753,1
275.44282388687134,1
275.46734404563904,1
275.4919843673706,1
275.5164587497711,1
275.54148411750793,1
275.5695548057556,1
275.5943250656128,1
275.61905884742737,1
275.643456697464,1
275.6682324409485,1
275.6926472187042,1
275.7172882556915,1
275.7419295310974,1
275.76644682884216,1
275.79107880592346,1
275.8155291080475,1
275.840176820755,1
275.8646385669708,1
275.88927030563354,1
275.91380882263184,1
275.938823223114,1
275.96733593940735,1
275.9959728717804,1
276.0244996547699,1
276.04913568496704,1
276.07357144355774,1
276.09821105003357,1
276.1227366924286,1
276.14725279808044,1
276.171884059906,1
276.19640135765076,1
276.2210328578949,1
276.2455530166626,1
276.27018427848816,1
276.2947015762329,1
276.3193380832672,1
276.34388875961304,1
276.3685188293457,1
276.39308071136475,1
276.4175944328308,1
276.44216084480286,1
276.4667387008667,1
276.4913456439972,1
276.51598477363586,1
276.5405113697052,1
276.56506156921387,1
276.5900812149048,1
276.6182162761688,1
276.642879486084,1
276.6675109863281,1
276.69206619262695,1
276.71669721603394,1
276.74120569229126,1
276.765851020813,1
276.79048204421997,0
276.81499910354614,0
276.83959007263184,0
276.8641061782837,0
276.8887424468994,0
276.9132583141327,0
276.93781304359436,0
276.96233439445496,0
276.9869656562805,0
277.0114769935608,0
277.03609347343445,0
277.06060886383057,0
277.0857398509979,0
277.1138000488281,0
277.13851141929626,0
277.16309547424316,0
277.1876482963562,0
277.21221256256104,0
277.2368357181549,0
277.26184844970703,0
277.28997826576233,0
277.3146824836731,0
277.3394446372986,0
277.3719744682312,0
277.3964321613312,0
277.4211301803589,0
277.44561791419983,0
277.47026348114014,0
277.49515652656555,0
277.52379846572876,0
277.5481264591217,0
277.572758436203,0
277.59727573394775,0
277.62190651893616,0
277.64643692970276,0
277.6710681915283,0
277.69570994377136,0
277.7202215194702,0
277.74486231803894,0
277.7735505104065,0
277.79807138442993,0
277.82256412506104,0
277.8472352027893,0
277.8758761882782,0
277.9005060195923,0
277.92502546310425,0
277.94965648651123,0
277.97417306900024,0
277.99881052970886,0
278.02357172966003,0
278.0517067909241,0
278.07672142982483,0
278.104953289032,0
278.1299948692322,0
278.15462493896484,0
278.18279695510864,0
278.20743775367737,0
278.2324523925781,0
278.2610945701599,0
278.2897253036499,0
278.31836676597595,0
278.34324193000793,0
278.37138199806213,0
278.396014213562,0
278.42053151130676,0
278.44516921043396,0
278.46968626976013,0
278.4948184490204,0
278.5230679512024,0
278.5475764274597,0
278.5721390247345,0
278.596697807312,0
278.62171244621277,0
278.64985275268555,0
278.6745071411133,0
278.7031502723694,0
278.7321720123291,0
278.7603793144226,0
278.78508830070496,0
278.8101727962494,0
278.8381977081299,0
278.86291217803955,0
278.8875434398651,0
278.912109375,0
278.9406249523163,0
278.96575832366943,0
278.99427604675293,0
279.02290749549866,0
279.0511507987976,0
279.076283454895,0
279.1044211387634,0
279.1295564174652,0
279.15769600868225,0
279.18253469467163,0
279.2071716785431,0
279.23169708251953,0
279.2563283443451,0
279.2810273170471,0
279.3092360496521,0
279.3342685699463,0
279.3624634742737,0
279.3872244358063,0
279.41185569763184,0
279.4363679885864,0
279.46099948883057,0
279.4855682849884,0
279.5102045536041,0
279.5346963405609,0
279.5593264102936,0
279.5839705467224,0
279.6084134578705,0
279.63344860076904,0
279.66152453422546,0
279.68665504455566,0
279.7150318622589,0
279.7394976615906,0
279.76413798332214,0
279.78876852989197,0
279.8132846355438,0
279.8378129005432,0
279.86268424987793,0
279.8913154602051,0
279.9155967235565,0
279.9406135082245,0
279.9691319465637,0
279.9977672100067,0
280.02628326416016,0
280.05091881752014,0
280.07555103302,0
280.10407161712646,0
280.13271260261536,0
280.15773272514343,0
280.1858696937561,0
280.21088314056396,0
280.23903346061707,0
280.26379108428955,0
280.2884306907654,1
280.3130621910095,1
280.3375926017761,1
280.36223435401917,1
280.3907449245453,1
280.4153742790222,1
280.43995094299316,1
280.46450209617615,1
280.4891073703766,1
280.5136580467224,1
280.5382077693939,1
280.56278109550476,1
280.58737087249756,1
280.61191868782043,1
280.6365041732788,1
280.66106724739075,1
280.68608689308167,1
280.7142162322998,1
280.7389440536499,1
280.76357436180115,1
280.7880606651306,1
280.8166971206665,1
280.841717004776,1
280.869845867157,1
280.8948538303375,1
280.92308807373047,1
280.9478430747986,1
280.9724123477936,1
280.99704909324646,1
281.0215656757355,1
281.04620242118835,1
281.0706970691681,1
281.0953278541565,1
281.1198847293854,1
281.14490365982056,1
281.1730387210846,1
281.1980559825897,1
281.2261960506439,1
281.25103425979614,1
281.2755455970764,1
281.30008244514465,1
281.3246681690216,1
281.349173784256,1
281.3742835521698,1
281.40237975120544,1
281.4314088821411,1
281.4600598812103,1
281.48852467536926,1
281.51315546035767,1
281.5376818180084,1
281.5626947879791,1
281.5907669067383,1
281.61546421051025,1
281.64006423950195,1
281.66463804244995,1
281.6892285346985,1
281.71386647224426,1
281.738361120224,1
281.762992143631,1
281.78767800331116,1
281.8163113594055,1
281.8407452106476,1
281.86535000801086,1
281.8902804851532,1
281.9185266494751,1
281.9435467720032,1
281.97203612327576,1
282.0006732940674,1
282.02914810180664,1
282.05378437042236,1
282.07842659950256,1
282.10293841362,1
282.12758469581604,1
282.1559417247772,1
282.18107652664185,1
282.20921659469604,1
282.234228849411,0
282.26286458969116,0
282.2914958000183,0
282.31587409973145,0
282.3404622077942,0
282.3654808998108,0
282.39359426498413,0
282.4186131954193,0
282.4472584724426,0
282.4758892059326,0
282.50407695770264,0
282.52921414375305,0
282.557341337204,0
282.5821261405945,0
282.6071515083313,0
282.6356716156006,0
282.66391229629517,0
282.68855381011963,0
282.7136867046356,0
282.7422113418579,0
282.7703893184662,0
282.795125246048,0
282.8236541748047,0
282.8486783504486,0
282.8773262500763,0
282.9060289859772,0
282.93454909324646,0
282.9591784477234,0
282.987420797348,0
283.0122301578522,0
283.0368285179138,0
283.0613646507263,0
283.0863869190216,0
283.11501932144165,0
283.14354252815247,0
283.17206382751465,0
283.1966938972473,0
283.2212128639221,0
283.2496705055237,0
283.27436113357544,0
283.29893231391907,0
283.3235263824463,0
283.3481044769287,0
283.3731338977814,0
283.40132212638855,0
283.425940990448,0
283.4545865058899,0
283.47922253608704,0
283.5037384033203,0
283.52837443351746,0
283.5528907775879,0
283.5775218009949,0
283.60204434394836,0
283.62667512893677,0
283.6511986255646,0
283.6762115955353,0
283.7043628692627,0
283.72937536239624,0
283.75751399993896,0
283.7826461791992,0
283.8107850551605,0
283.8357970714569,0
283.86443972587585,0
283.8930547237396,0
283.9216959476471,0
283.94998383522034,0
283.97511649131775,0
284.0037577152252,0
284.0322811603546,0
284.05667757987976,0
284.0813088417053,0
284.10587978363037,0
284.1305158138275,0
284.1550543308258,0
284.1836907863617,0
284.2083270549774,0
284.2328431606293,0
284.2578685283661,0
284.286007642746,0
284.3106813430786,0
284.33521008491516,0
284.35983324050903,0
284.3844745159149,0
284.41318249702454,0
284.441504240036,0
284.46663665771484,0
284.49515175819397,0
284.52378821372986,0
284.5483088493347,0
284.5729401111603,0
284.60126757621765,0
284.62640404701233,0
284.65504574775696,0
284.6832296848297,0
284.70797514915466,0
284.73300528526306,0
284.76113414764404,0
284.7857894897461,0
284.8104202747345,0
284.8354470729828,0
284.8635878562927,0
284.8882186412811,0
284.91300773620605,0
284.9412987232208,0
284.96632838249207,0
284.99455976486206,0
285.01926445961,0
285.04386353492737,0
285.0684118270874,0
285.0970435142517,0
285.1217164993286,0
285.14624071121216,0
285.17082142829895,0
285.1954519748688,0
285.21996569633484,0
285.24498200416565,0
285.27311730384827,0
285.2981357574463,0
285.3263187408447,0
285.3514015674591,0
285.3800325393677,0
285.4086265563965,0
285.4372706413269,0
285.46590638160706,0
285.4944996833801,0
285.5231306552887,0
285.5517244338989,0
285.5763554573059,0
285.6009237766266,0
285.6255552768707,0
285.65420174598694,0
285.6830036640167,0
285.7113606929779,0
285.7365562915802,0
285.76468658447266,0
285.7893180847168,0
285.8179488182068,0
285.84260392189026,0
285.86720085144043,0
285.89184188842773,0
285.9163374900818,0
285.9408988952637,0
285.96951174736023,0
285.9941303730011,0
286.0190086364746,0
286.0476429462433,0
286.07585740089417,0
286.1009907722473,0
286.12964391708374,0
286.15799927711487,0
286.1826288700104,0
286.2115023136139,0
286.2397322654724,0
286.26446652412415,1
286.29309844970703,1
286.3217408657074,1
286.34640860557556,1
286.37143445014954,1
286.39957451820374,1
286.424218416214,1
286.4527473449707,1
286.4778802394867,1
286.5060238838196,1
286.53115940093994,1
286.5596778392792,1
286.5883083343506,1
286.6165187358856,1
286.64154982566833,1
286.6701819896698,1
286.6984531879425,1
286.7232189178467,1
286.74781465530396,1
286.7723500728607,1
286.7973737716675,1
286.8255031108856,1
286.8502151966095,1
286.87484645843506,1
286.8993742465973,1
286.92801880836487,1
286.9566502571106,1
286.981160402298,1
287.0063021183014,1
287.0348184108734,1
287.0634548664093,1
287.09165024757385,1
287.1167821884155,1
287.1453015804291,1
287.173819065094,1
287.1988320350647,1
287.2269637584686,1
287.2516405582428,1
287.2761650085449,1
287.30079531669617,1
287.32581400871277,1
287.3544497489929,1
287.38309025764465,1
287.41160774230957,1
287.439847946167,1
287.46460151672363,1
287.48916125297546,1
287.51379919052124,1
287.54222536087036,1
287.56704664230347,1
287.59168314933777,1
287.61619234085083,1
287.64499044418335,1
287.67362213134766,1
287.7020046710968,1
287.72674465179443,1
287.7513065338135,1
287.77592515945435,1
287.8043625354767,1
287.82949924468994,1
287.857638835907,1
287.88240480422974,1
287.9070453643799,1
287.93181252479553,1
287.9604477882385,1
287.98900079727173,1
288.0176372528076,1
288.04216051101685,1
288.0707914829254,1
288.0954329967499,1
288.11997175216675,1
288.14849734306335,1
288.1774797439575,1
288.20611000061035,1
288.2346293926239,1
288.25926065444946,0
288.28383803367615,0
288.3122720718384,0
288.33730244636536,0
288.36594319343567,0
288.3942687511444,0
288.4189043045044,0
288.44353699684143,0
288.4720287322998,0
288.4971613883972,0
288.5253698825836,0
288.5500478744507,0
288.575067281723,0
288.60369777679443,0
288.6322195529938,0
288.6608603000641,0
288.68949246406555,0
288.7177793979645,0
288.74258637428284,0
288.7710831165314,0
288.7962155342102,0
288.82435607910156,0
288.84937834739685,0
288.8780097961426,0
288.90627455711365,0
288.9311544895172,0
288.9596812725067,0
288.98831248283386,0
289.0129191875458,0
289.0414457321167,0
289.0665833950043,0
289.0947358608246,0
289.11974334716797,0
289.14789175987244,0
289.1726198196411,0
289.2011318206787,0
289.2262647151947,0
289.254905462265,0
289.2834212779999,0
289.31168699264526,0
289.3368878364563,0
289.3655261993408,0
289.39416766166687,0
289.42246103286743,0
289.45098328590393,0
289.4796404838562,0
289.50477170944214,0
289.53307271003723,0
289.5617034435272,0
289.5868465900421,0
289.6149568557739,0
289.6436839103699,0
289.67217326164246,0
289.6973068714142,0
289.7254378795624,0
289.75045800209045,0
289.7789611816406,0
289.8075919151306,0
289.8363080024719,0
289.8646869659424,0
289.88970708847046,0
289.91834783554077,0
289.94696140289307,0
289.9754602909088,0
290.00409150123596,0
290.0291111469269,0
290.0572974681854,0
290.0858521461487,0
290.1109938621521,0
290.13921427726746,0
290.16422605514526,0
290.19285774230957,0
290.2211310863495,0
290.2497718334198,0
290.27451610565186,0
290.30315709114075,0
290.3317918777466,0
290.35630798339844,0
290.38144040107727,0
290.40950179100037,0
290.4345192909241,0
290.46312069892883,0
290.491751909256,0
290.5203878879547,0
290.548956155777,0
290.57359313964844,0
290.60214161872864,0
290.63118386268616,0
290.6594431400299,0
290.68808364868164,0
290.7167146205902,0
290.7417411804199,0
290.7700231075287,0
290.7946798801422,0
290.8233160972595,0
290.8478989601135,0
290.8765308856964,0
290.9011609554291,0
290.92567777633667,0
290.95438504219055,0
290.9828941822052,0
291.0076906681061,0
291.0364375114441,0
291.06507396698,0
291.0937147140503,0
291.12246346473694,0
291.15088510513306,0
291.1755826473236,0
291.2001986503601,0
291.2286880016327,0
291.25382566452026,0
291.2824671268463,0
291.3109521865845,0
291.33959126472473,0
291.36797404289246,0
291.3966052532196,0
291.4217414855957,0
291.45032715797424,0
291.4785759449005,0
291.50321078300476,0
291.5278797149658,0
291.55652618408203,1
291.58515667915344,1
291.6097731590271,1
291.6384139060974,1
291.66694808006287,1
291.692081451416,1
291.72026896476746,1
291.74896144866943,1
291.774094581604,1
291.8021602630615,1
291.8311789035797,1
291.85969829559326,1
291.8883399963379,1
291.91697120666504,1
291.94544529914856,1
291.9702742099762,1
291.998961687088,1
292.02759313583374,1
292.0521650314331,1
292.080806016922,1
292.109436750412,1
292.1344621181488,1
292.16277718544006,1
292.1873588562012,1
292.21598982810974,1
292.2405788898468,1
292.26922059059143,1
292.293851852417,1
292.32236790657043,1
292.3473882675171,1
292.37566447257996,1
292.4003322124481,1
292.42891550064087,1
292.45760583877563,1
292.48656845092773,1
292.51508498191833,1
292.54350304603577,1
292.56825399398804,1
292.5968849658966,1
292.62152314186096,1
292.6500368118286,1
292.6751787662506,1
292.70343255996704,1
292.73206758499146,1
292.7605450153351,1
292.78567719459534,1
292.8138813972473,1
292.8389000892639,1
292.8675420284271,1
292.89592933654785,1
292.92439913749695,1
292.94911551475525,1
292.97763752937317,1
293.00245213508606,1
293.0310957431793,1
293.0597379207611,1
293.08435440063477,1
293.1128399372101,1
293.137864112854,1
293.16649532318115,1
293.1947600841522,1
293.2234034538269,1
293.24843740463257,1
293.27693247795105,1
293.3054053783417,1
293.3300452232361,1
293.3546657562256,1
293.38317251205444,1
293.4083049297333,1
293.43657898902893,1
293.465096950531,1
293.4900040626526,1
293.5186400413513,1
293.5471637248993,1
293.5756721496582,1
293.60080432891846,1
293.6289858818054,0
293.6581332683563,0
293.68635058403015,0
293.7149930000305,0
293.74364042282104,0
293.768404006958,0
293.79684138298035,0
293.82186102867126,0
293.85050201416016,0
293.87881350517273,0
293.90394949913025,0
293.9325852394104,0
293.96086955070496,0
293.9894027709961,0
294.01442432403564,0
294.042804479599,0
294.06739354133606,0
294.09603476524353,0
294.1246654987335,0
294.14935278892517,0
294.1777729988098,0
294.20257234573364,0
294.2312123775482,0
294.2558584213257,0
294.28449630737305,0
294.31312704086304,0
294.3416497707367,0
294.36643242836,0
294.39488077163696,0
294.4200131893158,0
294.4482069015503,0
294.4733507633209,0
294.50185918807983,0
294.5304296016693,0
294.55877161026,0
294.58353543281555,0
294.61216735839844,0
294.6407001018524,0
294.6657204627991,0
294.6943666934967,0
294.72293424606323,0
294.75129318237305,0
294.7799332141876,0
294.80506682395935,0
294.8336009979248,0
294.8619701862335,0
294.8905448913574,0
294.91545486450195,0
294.94383001327515,0
294.9685299396515,0
294.99712562561035,0
295.0217778682709,0
295.05025720596313,0
295.07539415359497,0
295.10392808914185,0
295.13245010375977,0
295.160879611969,0
295.18601179122925,0
295.21459460258484,0
295.2428550720215,0
295.2678747177124,0
295.29651165008545,0
295.3251416683197,0
295.3534297943115,0
295.3785619735718,0
295.4066972732544,0
295.43572211265564,0
295.4640612602234,0
295.4931974411011,0
295.5217170715332,0
295.5502471923828,0
295.57888317108154,0
295.60736179351807,0
295.6359989643097,0
295.6610324382782,0
295.6893541812897,0
295.71437215805054,0
295.74289536476135,0
295.7715268135071,0
295.79994654655457,0
295.8250780105591,0
295.8532452583313,0
295.88187551498413,0
295.9065339565277,0
295.9351804256439,0
295.96381163597107,0
295.99240708351135,0
296.02102303504944,0
296.04577684402466,0
296.07440733909607,0
296.1030442714691,0
296.1320743560791,0
296.1603808403015,0
296.18892455101013,0
296.218056678772,0
296.2463369369507,0
296.27140831947327,0
296.30003929138184,0
296.3283021450043,0
296.3569428920746,0
296.3816840648651,0
296.410320520401,0
296.43534564971924,0
296.4639117717743,0
296.49243354797363,0
296.52076721191406,0
296.5497922897339,0
296.5784332752228,0
296.60690212249756,0
296.63554286956787,0
296.6640682220459,0
296.68920493125916,0
296.71753191947937,0
296.746018409729,0
296.7711555957794,0
296.79940485954285,0
296.8279275894165,0
296.85269713401794,0
296.8813281059265,0
296.90983986854553,0
296.9388573169708,0
296.96727895736694,0
296.9959683418274,0
297.0246539115906,0
297.05321168899536,0
297.07802271842957,0
297.10654759407043,0
297.1351923942566,0
297.159898519516,0
297.1885335445404,0
297.2171642780304,0
297.24195313453674,0
297.2703855037689,0
297.2954058647156,0
297.32403802871704,0
297.3523836135864,0
297.3810179233551,0
297.4096488952637,0
297.4385356903076,0
297.4671666622162,0
297.4958083629608,0
297.52441215515137,0
297.55297589302063,0
297.57773184776306,0
297.6062819957733,1
297.63531708717346,1
297.66395711898804,1
297.69258856773376,1
297.7209806442261,1
297.74953746795654,1
297.7745611667633,1
297.8031928539276,1
297.83183574676514,1
297.8603525161743,1
297.8888702392578,1
297.91357493400574,1
297.94213581085205,1
297.96683382987976,1
297.99546480178833,1
298.0240979194641,1
298.0529158115387,1
298.0813753604889,1
298.1060926914215,1
298.1347289085388,1
298.1633675098419,1
298.1924035549164,1
298.22066712379456,1
298.2492551803589,1
298.2783875465393,1
298.3070242404938,1
298.3355460166931,1
298.3639712333679,1
298.3887655735016,1
298.41739654541016,1
298.4458701610565,1
298.4710009098053,1
298.49964237213135,1
298.52790212631226,1
298.5565400123596,1
298.5851113796234,1
298.61024355888367,1
298.6389892101288,1
298.66761898994446,1
298.6958019733429,1
298.72443890571594,1
298.75346755981445,1
298.7818546295166,1
298.81041145324707,1
298.8394424915314,1
298.8680839538574,1
298.89671540260315,1
298.9251539707184,1
298.95379519462585,1
298.9788074493408,1
299.0074429512024,1
299.0361657142639,1
299.06452560424805,1
299.09301567077637,1
299.1180348396301,1
299.14641070365906,1
299.17503333091736,1
299.20367550849915,1
299.23230719566345,1
299.2609667778015,1
299.29009914398193,1
299.3187348842621,1
299.34725880622864,1
299.3758897781372,1
299.4043962955475,1
299.4330267906189,1
299.4577703475952,1
299.4864065647125,1
299.5150372982025,1
299.54367208480835,0
299.5723035335541,0
299.5973160266876,0
299.62594723701477,0
299.6545946598053,0
299.68310737609863,0
299.71158027648926,0
299.74034881591797,0
299.76898527145386,0
299.79762721061707,0
299.8263831138611,0
299.8549180030823,0
299.8835783004761,0
299.91271018981934,0
299.94123458862305,0
299.9698791503906,0
299.99828934669495,0
300.0270187854767,0
300.05603766441345,0
300.08467960357666,0
300.1133816242218,0
300.14189291000366,0
300.1703429222107,0
300.1989734172821,0
300.22411251068115,0
300.2524049282074,0
300.28093457221985,0
300.30987906455994,0
300.33851957321167,0
300.36715483665466,0
300.3956594467163,0
300.42429304122925,0
300.45338320732117,0
300.4820146560669,0
300.51040172576904,0
300.53930139541626,0
300.5677535533905,0
300.59639525413513,0
300.6250274181366,0
300.6536295413971,0
300.6827611923218,0
300.71104621887207,0
300.7396972179413,0
300.7683336734772,0
300.7972242832184,0
300.8258566856384,0
300.8543848991394,0
300.8835234642029,0
300.91215443611145,0
300.94043493270874,0
300.9690725803375,0
300.9977617263794,0
301.0264022350311,0
301.0555784702301,0
301.08420968055725,0
301.1128499507904,0
301.14137053489685,0
301.1698021888733,0
301.1988732814789,0
301.2275040149689,0
301.25614976882935,0
301.2846670150757,0
301.3131573200226,0
301.34205627441406,0
301.3706874847412,0
301.3993229866028,0
301.4278419017792,0
301.4564905166626,0
301.4851405620575,0
301.5142729282379,0
301.54288816452026,0
301.5714063644409,0
301.5999822616577,0
301.6285228729248,0
301.65754771232605,0
301.6861891746521,0
301.7148880958557,0
301.7434046268463,0
301.77187609672546,0
301.80051279067993,0
301.82565450668335,0
301.85438227653503,0
301.88266158103943,0
301.9112000465393,0
301.94022846221924,0
301.96886372566223,0
301.9973683357239,0
302.0258686542511,0
302.05448293685913,0
302.08361649513245,0
302.11225748062134,0
302.1407792568207,0
302.16920351982117,0
302.19789481163025,0
302.2265260219574,0
302.25129103660583,0
302.27979826927185,0
302.3048129081726,0
302.3334493637085,0
302.3617932796478,0
302.39042830467224,0
302.41905903816223,0
302.444091796875,0
302.472403049469,0
302.50097370147705,0
302.53011751174927,0
302.55843138694763,0
302.58696365356445,0
302.6160955429077,0
302.64462304115295,0
302.6732585430145,0
302.70189476013184,0
302.7303771972656,0
302.7590181827545,0
302.78403639793396,0
302.8126711845398,0
302.84119725227356,0
302.86972737312317,0
302.8983404636383,0
302.9273600578308,0
302.9558792114258,0
302.9845201969147,0
303.013037443161,1
303.0416715145111,1
303.07029151916504,1
303.0994246006012,1
303.1280655860901,1
303.1563620567322,1
303.18497228622437,1
303.2097542285919,1
303.2383954524994,1
303.2670314311981,1
303.29604983329773,1
303.3244597911835,1
303.3530099391937,1
303.3816411495209,1
303.41028332710266,1
303.43930649757385,1
303.4677257537842,1
303.49634408950806,1
303.52547693252563,1
303.5541274547577,1
303.58235239982605,1
303.61096119880676,1
303.6399483680725,1
303.668585062027,1
303.6972210407257,1
303.7258508205414,1
303.7544047832489,1
303.7830605506897,1
303.8121933937073,1
303.8407242298126,1
303.86934185028076,1
303.89786863327026,1
303.9264078140259,1
303.9554228782654,1
303.98405742645264,1
304.0126881599426,1
304.04170846939087,1
304.0698266029358,1
304.09845900535583,1
304.1231391429901,1
304.15168142318726,1
304.1807074546814,1
304.20934414863586,1
304.2379848957062,1
304.2664291858673,1
304.29505681991577,1
304.32407665252686,1
304.3523819446564,1
304.3810179233551,1
304.4096648693085,1
304.43868255615234,1
304.46751499176025,1
304.49615716934204,1
304.52479362487793,1
304.5531597137451,1
304.58176016807556,1
304.6104428768158,1
304.63908529281616,1
304.6682176589966,1
304.6965548992157,1
304.7251546382904,1
304.7537558078766,1
304.7828941345215,1
304.8115248680115,1
304.84005069732666,1
304.8685624599457,1
304.8971116542816,1
304.925758600235,1
304.9547781944275,1
304.983247756958,0
305.0118770599365,0
305.04090785980225,0
305.06960272789,0
305.09823417663574,0
305.1267583370209,0
305.15539288520813,0
305.1838285923004,0
305.212965965271,0
305.24160838127136,0
305.27035665512085,0
305.2989933490753,0
305.32728695869446,0
305.35591173171997,0
305.3845522403717,0
305.41334772109985,0
305.4423727989197,0
305.4706799983978,0
305.4992904663086,0
305.5279309749603,0
305.5568549633026,0
305.5853500366211,0
305.6139440536499,0
305.64308738708496,0
305.67172837257385,0
305.70034551620483,0
305.728976726532,0
305.7573685646057,0
305.7859389781952,0
305.8146231174469,0
305.84328866004944,0
305.87242221832275,0
305.9008083343506,0
305.92943501472473,0
305.9580647945404,0
305.9867067337036,0
306.0158393383026,0
306.04427886009216,0
306.0731415748596,0
306.1014881134033,0
306.13012957572937,0
306.1587643623352,0
306.18742537498474,0
306.2160894870758,0
306.2451183795929,0
306.2737534046173,0
306.3023843765259,0
306.33083176612854,0
306.3594515323639,0
306.38805198669434,0
306.4171898365021,0
306.44570875167847,0
306.4742228984833,0
306.50279474258423,0
306.5314507484436,0
306.5604758262634,0
306.588983297348,0
306.61751413345337,0
306.64652585983276,0
306.67493319511414,0
306.7035753726959,0
306.7322072982788,0
306.76134419441223,0
306.78960633277893,0
306.8182473182678,0
306.8468818664551,0
306.87547397613525,0
306.9046061038971,0
306.93324160575867,0
306.96176409721375,0
306.9904043674469,0
307.01896119117737,0
307.0480592250824,0
307.07642912864685,0
307.10506319999695,0
307.1336998939514,0
307.1622519493103,0
307.1913843154907,0
307.22002506256104,0
307.2485523223877,0
307.2771830558777,0
307.3056492805481,0
307.3342854976654,0
307.3629333972931,0
307.3919508457184,0
307.4203734397888,0
307.4493989944458,0
307.4780304431915,0
307.5066719055176,0
307.53534841537476,0
307.56380128860474,0
307.5925006866455,0
307.621132850647,0
307.6497151851654,0
307.6788499355316,0
307.7071828842163,0
307.73575377464294,0
307.7643942832947,0
307.79303097724915,0
307.82181215286255,0
307.850465297699,0
307.8790888786316,0
307.90822172164917,0
307.936856508255,0
307.9655017852783,0
307.9938678741455,0
308.02250480651855,0
308.05109429359436,0
308.0758390426636,0
308.1044223308563,0
308.13344740867615,0
308.16209268569946,0
308.1907284259796,0
308.21912455558777,0
308.2477638721466,0
308.2767779827118,0
308.30541586875916,0
308.3343367576599,0
308.36256170272827,0
308.391117811203,0
308.42013812065125,0
308.44866132736206,0
308.47718262672424,0
308.50572681427,0
308.5343780517578,0
308.56340312957764,0
308.5920934677124,0
308.62075781822205,0
308.6492795944214,0
308.67785573005676,0
308.70687532424927,0
308.735511302948,0
308.76415276527405,0
308.792671918869,0
308.8211989402771,0
308.85023260116577,0
308.87886905670166,0
308.90750098228455,0
308.93601989746094,0
308.96458172798157,0
308.9936034679413,1
309.0222501754761,1
309.05077385902405,1
309.0792770385742,1
309.10801792144775,1
309.1370384693146,1
309.1656858921051,1
309.1943166255951,1
309.2228355407715,1
309.2513518333435,1
309.280366897583,1
309.30900263786316,1
309.33763313293457,1
309.36632084846497,1
309.39475202560425,1
309.42329692840576,1
309.4523162841797,1
309.48094749450684,1
309.50946831703186,1
309.53804564476013,1
309.56707072257996,1
309.5957028865814,1
309.6244270801544,1
309.65295028686523,1
309.6814134120941,1
309.70999002456665,1
309.73912286758423,1
309.76777052879333,1
309.79629468917847,1
309.82479095458984,1
309.85341811180115,1
309.88254976272583,1
309.9111866950989,1
309.93987011909485,1
309.96820974349976,1
309.99679350852966,1
310.02542519569397,1
310.05404710769653,1
310.08283710479736,1
310.1119496822357,1
310.1402328014374,1
310.1688735485077,1
310.19751620292664,1
310.2263298034668,1
310.25487327575684,1
310.28352546691895,1
310.31265783309937,1
310.3412935733795,1
310.36981892585754,1
310.39823865890503,1
310.426882982254,1
310.4555149078369,1
310.4841558933258,1
310.5128219127655,1
310.54195404052734,1
310.57047057151794,1
310.5989673137665,1
310.6276261806488,1
310.6566729545593,1
310.6850242614746,1
310.7135579586029,1
310.74228262901306,1
310.77130675315857,1
310.7999484539032,1
310.8285799026489,1
310.85710406303406,1
310.8856041431427,1
310.9146237373352,0
310.94326543807983,1
310.9719064235687,0
311.00035881996155,0
311.0289480686188,0
311.05759024620056,0
311.08673000335693,0
311.1152412891388,0
311.1437723636627,0
311.17232751846313,0
311.20134711265564,0
311.22998881340027,0
311.25837874412537,0
311.2869486808777,0
311.31564712524414,0
311.34466099739075,0
311.3733069896698,0
311.4019384384155,0
311.43045711517334,0
311.45913100242615,0
311.48775458335876,0
311.51639103889465,0
311.54552364349365,0
311.5740418434143,0
311.60252928733826,0
311.6310615539551,0
311.6597442626953,0
311.6883854866028,0
311.71741580963135,0
311.7464406490326,0
311.7750208377838,0
311.8032793998718,0
311.8319251537323,0
311.8604545593262,0
311.8890895843506,0
311.9177465438843,0
311.9468894004822,0
311.97553038597107,0
312.00404930114746,0
312.0325436592102,0
312.0611963272095,0
312.0903332233429,0
312.1189742088318,0
312.147305727005,0
312.17584896087646,0
312.20449590682983,0
312.2336299419403,0
312.2621591091156,0
312.2907979488373,0
312.3192648887634,0
312.34813952445984,0
312.376770734787,0
312.4054117202759,0
312.43404245376587,0
312.4624996185303,0
312.4912300109863,0
312.5198700428009,0
312.54880142211914,0
312.57743287086487,0
312.6059892177582,0
312.634658575058,0
312.66329193115234,0
312.6922929286957,0
312.72092509269714,0
312.7498188018799,0
312.77809500694275,0
312.80678844451904,0
312.8354334831238,0
312.8644585609436,0
312.89278745651245,0
312.9213101863861,0
312.9503393173218,0
312.97897577285767,0
313.00761222839355,0
313.03607082366943,0
313.0647008419037,0
313.09330773353577,0
313.1224491596222,0
313.15111684799194,0
313.17953157424927,0
313.20803594589233,0
313.2367000579834,0
313.26579213142395,0
313.2944235801697,0
313.32284450531006,0
313.35186219215393,0
313.38017082214355,0
313.4088125228882,0
313.43794417381287,0
313.4664669036865,0
313.4950978755951,0
313.5235044956207,0
313.5521502494812,0
313.5812828540802,0
313.60947847366333,0
313.63856172561646,0
313.66691756248474,0
313.6955530643463,0
313.72418427467346,0
313.75329422950745,0
313.7819263935089,0
313.81027698516846,0
313.8389182090759,0
313.86793875694275,0
313.89621567726135,0
313.92534828186035,0
313.95387411117554,0
313.98250913619995,0
314.01113986968994,0
314.0396068096161,0
314.06824827194214,0
314.09686398506165,0
314.125780582428,0
314.1543879508972,0
314.18297719955444,0
314.211608171463,0
314.24022579193115,0
314.26925587654114,0
314.2978866100311,0
314.32632541656494,0
314.355345249176,0
314.3836364746094,0
314.41285943984985,1
314.4414961338043,1
314.46979308128357,1
314.49842977523804,1
314.5270643234253,1
314.5560824871063,1
314.584415435791,1
314.6133065223694,1
314.64199352264404,1
314.67069268226624,1
314.69912457466125,1
314.7277388572693,1
314.7567641735077,1
314.7853960990906,1
314.8137972354889,1
314.8423683643341,1
314.8710403442383,1
314.8996765613556,1
314.92880940437317,1
314.95722365379333,1
314.98579573631287,1
315.01451110839844,1
315.04315280914307,1
315.0722961425781,1
315.1005244255066,1
315.129154920578,1
315.15829038619995,1
315.1864297389984,1
315.21556210517883,1
315.2438621520996,1
315.2725028991699,1
315.3010790348053,1
315.33021664619446,1
315.3585865497589,1
315.3871240615845,1
315.4162566661835,1
315.44460701942444,1
315.47313594818115,1
315.5022683143616,1
315.5305960178375,1
315.5592293739319,1
315.58778285980225,1
315.6169288158417,1
315.64556097984314,1
315.6740484237671,1
315.70268034935,1
315.7312641143799,1
315.7602894306183,1
315.7889201641083,1
315.81767773628235,1
315.8462002277374,1
315.8747444152832,1
315.9033799171448,1
315.9320104122162,1
315.96054244041443,1
315.989675283432,1
316.0183172225952,1
316.0467553138733,1
316.0753319263458,1
316.10398745536804,1
316.13261890411377,1
316.1617217063904,1
316.1902666091919,1
316.21886801719666,1
316.2475206851959,1
316.2761526107788,1
316.3047888278961,1
316.3332552909851,1
316.36198019981384,0
316.39068245887756,0
316.41981506347656,0
316.4484601020813,0
316.4767520427704,0
316.50536274909973,0
316.5340025424957,0
316.5627052783966,0
316.59172463417053,0
316.6203558444977,0
316.64887261390686,0
316.67747044563293,0
316.70660424232483,0
316.7351212501526,0
316.76375436782837,0
316.7921166419983,0
316.82075238227844,0
316.84989166259766,0
316.87825870513916,0
316.9068913459778,0
316.9355058670044,0
316.964528799057,0
316.9931652545929,0
317.021582365036,0
317.0506012439728,0
317.07891511917114,0
317.10755705833435,0
317.1366889476776,0
317.16510581970215,0
317.193749666214,0
317.22222542762756,0
317.2508764266968,0
317.2800090312958,0
317.30826783180237,0
317.3373999595642,0
317.3656630516052,0
317.39430475234985,0
317.42343735694885,0
317.4519648551941,0
317.4805965423584,0
317.50901770591736,0
317.53765892982483,0
317.5666787624359,0
317.5950152873993,0
317.6236469745636,0
317.6526701450348,0
317.68135023117065,0
317.70998096466064,0
317.73825669288635,0
317.76728224754333,0
317.7959225177765,0
317.8244388103485,0
317.8530743122101,0
317.8817021846771,0
317.91083431243896,0
317.93947553634644,0
317.96775674819946,0
317.9963958263397,0
318.0250246524811,0
318.0540449619293,0
318.08275985717773,0
318.11111307144165,0
318.139746427536,0
318.16876673698425,0
318.19750595092773,0
318.22576451301575,0
318.2547836303711,0
318.28333830833435,0
318.3119695186615,0
318.3406059741974,0
318.3692729473114,0
318.39781880378723,0
318.4264438152313,0
318.4555866718292,0
318.4842278957367,0
318.5127396583557,0
318.54118752479553,0
318.56987738609314,0
318.5985085964203,0
318.6271450519562,0
318.6561758518219,0
318.68477058410645,0
318.7134130001068,0
318.7420446872711,0
318.77068567276,0
318.7992420196533,0
318.82786679267883,0
318.8565106391907,0
318.88521695137024,0
318.914235830307,0
318.9428770542145,0
318.97151231765747,0
319.00002908706665,0
319.0286569595337,0
319.05718898773193,0
319.0863263607025,0
319.1149625778198,0
319.14347410202026,0
319.1720161437988,0
319.20069694519043,0
319.22933888435364,0
319.2583520412445,0
319.2868685722351,0
319.3155028820038,0
319.34402322769165,0
319.3726658821106,0
319.4017984867096,0
319.4303159713745,0
319.4589581489563,0
319.48753690719604,0
319.5161681175232,0
319.54481053352356,0
319.5737373828888,0
319.60206484794617,0
319.63080382347107,0
319.6594195365906,0
319.68851923942566,0
319.71703481674194,0
319.7453980445862,0
319.7740409374237,0
319.80267214775085,0
319.8318090438843,0
319.86032915115356,0
319.888831615448,0
319.9174473285675,0
319.9465808868408,0
319.9752218723297,0
320.0037386417389,0
320.0321674346924,0
320.0607748031616,0
320.0899076461792,0
320.1185493469238,0
320.1470663547516,0
320.1755075454712,0
320.204124212265,0
320.23325753211975,0
320.26153588294983,0
320.2905478477478,0
320.31886100769043,0
320.34748458862305,1
320.3766269683838,1
320.40526247024536,1
320.43373584747314,1
320.4622757434845,1
320.4909291267395,1
320.5195610523224,1
320.54870104789734,1
320.57723665237427,1
320.6055748462677,1
320.63421058654785,1
320.662917137146,1
320.69161319732666,1
320.7202293872833,1
320.74894857406616,1
320.777592420578,1
320.806725025177,1
320.8353660106659,1
320.8638913631439,1
320.89236330986023,1
320.9209997653961,1
320.94963097572327,1
320.9782693386078,1
321.0069041252136,1
321.0360360145569,1
321.06456565856934,1
321.09309482574463,1
321.12212324142456,1
321.15066385269165,1
321.1790270805359,1
321.20762038230896,1
321.23675322532654,1
321.2650890350342,1
321.2937309741974,1
321.32240629196167,1
321.3509306907654,1
321.3800632953644,1
321.40858221054077,1
321.4372236728668,1
321.46577739715576,1
321.4944121837616,1
321.5231101512909,1
321.5521340370178,1
321.5807752609253,1
321.6094057559967,1
321.6379232406616,1
321.6665201187134,1
321.69553542137146,1
321.7242705821991,1
321.7527904510498,1
321.7813069820404,1
321.809937953949,1
321.83873295783997,1
321.8672556877136,1
321.8958954811096,1
321.92441153526306,1
321.95354866981506,1
321.982234954834,1
322.0108654499054,1
322.0395073890686,1
322.06803131103516,1
322.0965349674225,1
322.1251382827759,1
322.15427565574646,1
322.18292140960693,1
322.2114837169647,1
322.2399425506592,1
322.26858925819397,0
322.29772114753723,0
322.32635712623596,0
322.35488724708557,0
322.38326239585876,0
322.41201186180115,0
322.4406428337097,0
322.46966886520386,0
322.4981851577759,0
322.52661967277527,0
322.5556936264038,0
322.5843253135681,0
322.61296129226685,0
322.6412441730499,0
322.67000818252563,0
322.6986835002899,0
322.7277853488922,0
322.7563126087189,0
322.78474402427673,0
322.8132939338684,0
322.8419852256775,0
322.87101101875305,0
322.89965176582336,0
322.92823004722595,0
322.9572489261627,0
322.9853892326355,0
323.0145218372345,0
323.04315757751465,0
323.0717315673828,0
323.10006761550903,0
323.1287043094635,0
323.1578471660614,0
323.1864879131317,0
323.2148847579956,0
323.2434539794922,0
323.2719919681549,0
323.3011243343353,0
323.3297643661499,0
323.3583071231842,0
323.38679790496826,0
323.4154396057129,0
323.4445722103119,0
323.4731013774872,0
323.50174260139465,0
323.5301682949066,0
323.5588173866272,0
323.5879502296448,0
323.61646461486816,0
323.64510202407837,0
323.67354559898376,0
323.7022535800934,0
323.7308657169342,0
323.7595126628876,0
323.78864455223083,0
323.81716895103455,0
323.84554147720337,0
323.8741900920868,0
323.9028332233429,0
323.93196654319763,0
323.96049880981445,0
323.9889099597931,0
324.0175271034241,0
324.04616832733154,0
324.0753107070923,0
324.10383558273315,0
324.132257938385,0
324.1612858772278,0
324.1899290084839,0
324.2185609340668,0
324.24703669548035,0
324.27564811706543,0
324.3042492866516,0
324.3328893184662,0
324.36190938949585,0
324.39043402671814,0
324.4189989566803,0
324.4476480484009,0
324.47667264938354,0
324.505304813385,0
324.53382873535156,0
324.5628459453583,0
324.59101366996765,0
324.6201467514038,0
324.6487891674042,0
324.67721128463745,0
324.705730676651,0
324.7345516681671,0
324.76307559013367,0
324.7922194004059,0
324.82074308395386,0
324.8490869998932,0
324.8777446746826,0
324.9068772792816,0
324.93551993370056,0
324.9640414714813,0
324.99243664741516,0
325.0210645198822,0
325.05019664764404,0
325.07884407043457,0
325.1071984767914,0
325.13581252098083,0
325.1649205684662,0
325.19355273246765,0
325.22219371795654,0
325.25069856643677,0
325.2791693210602,0
325.30776286125183,0
325.33689546585083,0
325.3654234409332,0
325.39422821998596,0
325.422527551651,0
325.4512174129486,0
325.480242729187,0
325.50887966156006,0
325.5371925830841,0
325.56592416763306,0
325.5945589542389,0
325.62323355674744,0
325.6523759365082,0
325.68069791793823,1
325.7093343734741,1
325.73794651031494,1
325.7665960788727,1
325.7956163883209,1
325.82425260543823,1
325.8528835773468,1
325.88128566741943,1
325.91000628471375,1
325.9390206336975,1
325.96755027770996,1
325.9961824417114,1
326.0247013568878,1
326.05331587791443,1
326.0823447704315,1
326.11098647117615,1
326.13961720466614,1
326.16814374923706,1
326.1966905593872,1
326.22571086883545,1
326.25420117378235,1
326.28283739089966,1
326.31135392189026,1
326.34002923965454,1
326.3687310218811,1
326.39737200737,1
326.4260025024414,1
326.4550151824951,1
326.4833881855011,1
326.51241278648376,1
326.5410497188568,1
326.569397687912,1
326.59841108322144,1
326.62676906585693,1
326.65578985214233,1
326.68443155288696,1
326.7130630016327,1
326.74158000946045,1
326.77014660835266,1
326.79919934272766,1
326.8278305530548,1
326.856472492218,1
326.8849935531616,1
326.9134726524353,1
326.9421670436859,1
326.9708230495453,1
326.9999647140503,1
327.02848863601685,1
327.05700039863586,1
327.08552837371826,1
327.1146607398987,1
327.14329719543457,1
327.1718285083771,1
327.2001996040344,1
327.22888827323914,1
327.25801062583923,1
327.286652803421,1
327.31520199775696,1
327.3435764312744,1
327.372266292572,1
327.401398897171,1
327.43003964424133,1
327.4581973552704,1
327.4868505001068,1
327.5155465602875,1
327.54467821121216,1
327.57298469543457,1
327.6016902923584,1
327.63030910491943,0
327.6591331958771,0
327.6877636909485,0
327.7164053916931,0
327.74519395828247,0
327.77380633354187,0
327.80625319480896,0
327.835168838501,0
327.8638153076172,0
327.8924515247345,0
327.9215841293335,0
327.950199842453,0
327.9784300327301,0
328.0071032047272,0
328.0357451438904,0
328.0647656917572,0
328.0931444168091,0
328.1218032836914,0
328.1504952907562,0
328.17919516563416,0
328.2078263759613,0
328.23650455474854,0
328.2656362056732,0
328.29387617111206,0
328.32251167297363,0
328.35164427757263,0
328.3798851966858,0
328.40901708602905,0
328.43725848197937,0
328.4659049510956,0
328.4950375556946,0
328.5231990814209,0
328.55233120918274,0
328.58056807518005,0
328.60920310020447,0
328.6379323005676,0
328.6667151451111,0
328.6953465938568,0
328.72448992729187,0
328.7525050640106,0
328.781290769577,0
328.81028389930725,0
328.838915348053,0
328.86744689941406,0
328.8959677219391,0
328.9246606826782,0
328.95318150520325,0
328.9823188781738,0
329.01095485687256,0
329.0396912097931,0
329.0683264732361,0
329.0968933105469,0
329.12552523612976,0
329.15416717529297,0
329.1826901435852,0
329.2113502025604,0
329.23998498916626,0
329.2692115306854,0
329.2978529930115,0
329.32606863975525,0
329.35472202301025,0
329.3838641643524,0
329.4125003814697,0
329.44068813323975,0
329.46939301490784,0
329.4980273246765,0
329.52678322792053,0
329.5554232597351,0
329.58407640457153,0
329.6132082939148,0
329.64171981811523,0
329.67010617256165,0
329.6991217136383,0
329.7277636528015,0
329.7563946247101,0
329.7849905490875,0
329.81349444389343,0
329.84252548217773,0
329.87104845046997,0
329.8996787071228,0
329.92819595336914,0
329.9568667411804,0
329.98589038848877,0
330.01403069496155,0
330.0431628227234,0
330.07168889045715,0
330.10019063949585,0
330.12921118736267,0
330.1578526496887,0
330.18649315834045,0
330.2150113582611,0
330.24356293678284,0
330.27265787124634,0
330.30085706710815,0
330.3299894332886,0
330.35851287841797,0
330.38691234588623,0
330.415563583374,0
330.444696187973,0
330.4729974269867,0
330.5015158653259,0
330.5303101539612,0
330.55896258354187,0
330.58809995651245,0
330.61674213409424,0
330.64526200294495,0
330.67363715171814,0
330.70229959487915,0
330.73143124580383,0
330.76007294654846,0
330.7886712551117,0
330.81698417663574,0
330.8456869125366,0
330.87437295913696,0
330.9035131931305,0
330.931658744812,0
330.96066665649414,0
330.98905301094055,0
331.0181860923767,0
331.0468227863312,0
331.0753493309021,0
331.1037299633026,0
331.1323847770691,0
331.1615216732025,0
331.1901578903198,0
331.2186493873596,0
331.24706768989563,0
331.2757041454315,0
331.304799079895,0
331.3334403038025,0
331.36167001724243,0
331.39080119132996,0
331.41909289360046,0
331.44784474372864,0
331.47647619247437,0
331.50515389442444,0
331.53428649902344,0
331.5629258155823,0
331.5911455154419,1
331.6202816963196,1
331.6484224796295,1
331.6774368286133,1
331.70595383644104,1
331.7345335483551,1
331.7635579109192,1
331.79216146469116,1
331.8207929134369,1
331.8493151664734,1
331.87786769866943,1
331.9068946838379,1
331.93553614616394,1
331.9640507698059,1
331.99256229400635,1
332.0212490558624,1
332.05026841163635,1
332.0786511898041,1
332.107784986496,1
332.1363070011139,1
332.16494846343994,1
332.19346857070923,1
332.22211933135986,1
332.2507529258728,1
332.27928352355957,1
332.30800557136536,1
332.3370213508606,1
332.36517214775085,1
332.39430475234985,1
332.42282700538635,1
332.45136165618896,1
332.48038697242737,1
332.509028673172,1
332.53766107559204,1
332.56618309020996,1
332.5946750640869,1
332.623694896698,1
332.6523268222809,1
332.68084692955017,1
332.70936584472656,1
332.7380516529083,1
332.7667450904846,1
332.79573941230774,1
332.82437539100647,1
332.8528997898102,1
332.88139295578003,1
332.91006112098694,1
332.9391944408417,1
332.96772050857544,1
332.9962389469147,1
333.02475476264954,1
333.05346059799194,1
333.082480430603,1
333.11111664772034,1
333.139634847641,1
333.168151140213,1
333.19679856300354,1
333.2259318828583,1
333.2545688152313,1
333.2831447124481,1
333.31153178215027,1
333.3401367664337,1
333.36928057670593,1
333.3979232311249,1
333.4261302947998,1
333.4548499584198,1
333.4835271835327,1
333.5126602649689,0
333.54130268096924,0
333.5698218345642,0
333.59818959236145,0
333.62686586380005,0
333.6559998989105,0
333.68452048301697,0
333.7131259441376,0
333.7415597438812,0
333.7702052593231,0
333.79933738708496,0
333.82784605026245,0
333.8566343784332,0
333.8852698802948,0
333.91378688812256,0
333.94242763519287,0
333.97106885910034,0
333.9997093677521,0
334.0283398628235,0
334.0573525428772,0
334.08564162254333,0
334.114666223526,0
334.14330863952637,0
334.17182636260986,0
334.2003436088562,0
334.22898721694946,0
334.2580065727234,0
334.28665494918823,0
334.3152561187744,0
334.3437731266022,0
334.3724145889282,0
334.40144062042236,0
334.43008279800415,0
334.45871925354004,0
334.48719215393066,0
334.51572847366333,0
334.54474925994873,0
334.5732727050781,0
334.60191011428833,0
334.6304290294647,0
334.6590564250946,0
334.68808698654175,0
334.71672320365906,0
334.7453541755676,0
334.7738735675812,0
334.80244541168213,0
334.83156299591064,0
334.86019945144653,0
334.88884115219116,0
334.91735768318176,0
334.94580340385437,0
334.9746284484863,0
335.00326561927795,0
335.031907081604,0
335.0604636669159,0
335.0891602039337,0
335.11780190467834,0
335.14693546295166,0
335.17546486854553,0
335.2038414478302,0
335.2325351238251,0
335.2611765861511,0
335.29031443595886,0
335.3185052871704,0
335.34763741493225,0
335.3758864402771,0
335.40462350845337,0
335.4332547187805,0
335.46221351623535,0
335.49084997177124,0
335.5192701816559,0
335.54790019989014,0
335.57664132118225,0
335.6056213378906,0
335.6342525482178,0
335.6626341342926,0
335.6912953853607,0
335.72043776512146,0
335.7486207485199,0
335.777312040329,0
335.80598616600037,0
335.8346264362335,0
335.86333990097046,0
335.89212250709534,0
335.92075419425964,0
335.94934463500977,0
335.97802734375,0
336.006662607193,0
336.0353033542633,0
336.06443667411804,0
336.09271335601807,0
336.12133264541626,0
336.1500515937805,0
336.1790750026703,0
336.2077121734619,0
336.236056804657,0
336.2647280693054,0
336.2933704853058,0
336.32201766967773,0
336.3512370586395,0
336.37943935394287,0
336.4080946445465,0
336.43675804138184,0
336.4653947353363,0
336.4945316314697,0
336.52278566360474,0
336.55191707611084,0
336.58010506629944,0
336.60874605178833,0
336.6378788948059,0
336.66613125801086,0
336.69527411460876,0
336.7234809398651,0
336.7521171569824,0
336.78079986572266,0
336.8094391822815,0
336.8385229110718,0
336.8670389652252,0
336.8956809043884,0
336.9243121147156,0
336.9529001712799,0
336.98155522346497,1
337.0101842880249,1
337.03882026672363,1
337.0679626464844,1
337.0966064929962,1
337.12523770332336,1
337.1535701751709,1
337.18259048461914,1
337.21122694015503,1
337.2397449016571,1
337.2683856487274,1
337.29697132110596,1
337.32559180259705,1
337.3581566810608,1
337.3870084285736,1
337.416140794754,1
337.44477796554565,1
337.47331166267395,1
337.50171518325806,1
337.53035259246826,1
337.5594856739044,1
337.5880196094513,1
337.6166045665741,1
337.6451373100281,1
337.67414379119873,1
337.7027804851532,1
337.731427192688,1
337.76010155677795,1
337.78843808174133,1
337.81707978248596,1
337.8461985588074,1
337.8747320175171,1
337.90309619903564,1
337.93179631233215,1
337.96043276786804,1
337.9894540309906,1
338.01809883117676,1
338.0467336177826,1
338.07524967193604,1
338.1038827896118,1
338.13251399993896,1
338.1615288257599,1
338.19017219543457,1
338.2188036441803,1
338.24732065200806,1
338.27596282958984,1
338.3049874305725,1
338.333128452301,1
338.36236596107483,1
338.3905601501465,1
338.41923809051514,1
338.4482522010803,1
338.4767701625824,1
338.5054063796997,1
338.5339231491089,1
338.56262278556824,1
338.59164929389954,1
338.6202802658081,1
338.6489109992981,1
338.6774275302887,1
338.7059950828552,1
338.7346861362457,1
338.76331782341003,1
338.792462348938,1
338.8209812641144,1
338.84980750083923,1
338.8781089782715,1
338.9067461490631,1
338.93538665771484,1
338.9639091491699,0
338.9926588535309,0
339.02134346961975,0
339.0504810810089,0
339.07872319221497,0
339.1077415943146,0
339.1360402107239,0
339.16471552848816,0
339.19385266304016,0
339.22249031066895,0
339.2511043548584,0
339.2793662548065,0
339.30809593200684,0
339.3372287750244,0
339.3654329776764,0
339.39409852027893,0
339.4227502346039,0
339.45148611068726,0
339.48010325431824,0
339.5092420578003,0
339.5375928878784,0
339.56612968444824,0
339.59478735923767,0
339.62391996383667,0
339.6525626182556,0
339.6810848712921,0
339.70945715904236,0
339.7380995750427,0
339.7672324180603,0
339.79587841033936,0
339.8241138458252,0
339.8529841899872,0
339.88178420066833,0
339.91041588783264,0
339.9390513896942,0
339.9676933288574,0
339.9963343143463,0
340.0248529911041,0
340.05356431007385,0
340.0826053619385,0
340.11124658584595,0
340.1398777961731,0
340.16839361190796,0
340.196964263916,0
340.22598361968994,0
340.254118680954,0
340.2829740047455,0
340.3119955062866,0
340.3403100967407,0
340.36942195892334,0
340.3975622653961,0
340.42669439315796,0
340.4552114009857,0
340.48362588882446,0
340.51264572143555,0
340.54128217697144,0
340.5699129104614,0
340.5984287261963,0
340.6270270347595,0
340.6560490131378,0
340.6845774650574,0
340.7132091522217,0
340.7416903972626,0
340.77072167396545,0
340.79936242103577,0
340.82799887657166,0
340.8565180301666,0
340.8850522041321,0
340.91367840766907,0
340.9423158168793,0
340.97145915031433,0
340.99997758865356,0
341.0284323692322,0
341.0571126937866,0
341.08607935905457,0
341.1147196292877,0
341.1432373523712,0
341.1717538833618,0
341.2004644870758,0
341.22910737991333,0
341.25824069976807,0
341.2867648601532,0
341.3151319026947,0
341.34377694129944,0
341.37239265441895,0
341.40152502059937,0
341.4300501346588,0
341.4584767818451,0
341.4871726036072,0
341.51583671569824,0
341.5449798107147,0
341.5731008052826,0
341.60223293304443,0
341.6305048465729,0
341.65920972824097,0
341.68823504447937,0
341.71656680107117,0
341.74569940567017,0
341.7741000652313,0
341.80257177352905,0
341.8317139148712,0
341.8600916862488,0
341.8887448310852,0
341.917231798172,0
341.94597363471985,0
341.97461318969727,0
342.00325441360474,0
342.0323877334595,0
342.0606415271759,0
342.08926701545715,0
342.11797404289246,0
342.1466190814972,0
342.17564392089844,0
342.20399475097656,0
342.2326545715332,0
342.26133489608765,0
342.29007267951965,0
342.3187048435211,0
342.3473515510559,0
342.37645626068115,0
342.4047245979309,0
342.4333655834198,0
342.46249890327454,0
342.4907195568085,0
342.5198531150818,0
342.54803824424744,0
342.57668375968933,0
342.6058166027069,0
342.6340618133545,0
342.66319394111633,0
342.69142031669617,0
342.7200608253479,0
342.7491931915283,0
342.77745747566223,0
342.80608916282654,0
342.8352253437042,0
342.86374735832214,0
342.8921272754669,0
342.92081594467163,0
342.94994854927063,0
342.9784812927246,0
343.0070643424988,1
343.0354554653168,1
343.0641939640045,1
343.09283113479614,1
343.12147307395935,1
343.15005826950073,1
343.17920422554016,1
343.20784044265747,1
343.2364718914032,1
343.2651081085205,1
343.2935583591461,1
343.3222050666809,1
343.35084652900696,1
343.3798716068268,1
343.4086275100708,1
343.436767578125,1
343.46556305885315,1
343.4941756725311,1
343.52330923080444,1
343.5518298149109,1
343.5803530216217,1
343.60890674591064,1
343.637549161911,1
343.66668248176575,1
343.695209980011,1
343.72384786605835,1
343.7522783279419,1
343.78091835975647,1
343.8100504875183,1
343.83857560157776,1
343.86720609664917,1
343.8958547115326,1
343.9244911670685,1
343.9531226158142,1
343.98201727867126,1
344.01064801216125,1
344.0389950275421,1
344.06763458251953,1
344.09665393829346,1
344.12500500679016,1
344.15413880348206,1
344.18267345428467,1
344.2111904621124,1
344.23982191085815,1
344.2683656215668,1
344.29750990867615,1
344.32615303993225,1
344.3546702861786,1
344.3833122253418,1
344.41177320480347,1
344.44040513038635,1
344.46954321861267,1
344.49806475639343,1
344.5264105796814,1
344.5550799369812,1
344.584105014801,1
344.6127414703369,1
344.64125967025757,1
344.6697943210602,1
344.69843673706055,1
344.7275700569153,1
344.75621128082275,1
344.7847332954407,1
344.81314873695374,1
344.8417887687683,1
344.8709216117859,0
344.8995487689972,0
344.9280512332916,0
344.95648550987244,0
344.98513197898865,0
345.0142650604248,0
345.0429072380066,0
345.071053981781,0
345.0998797416687,0
345.128515958786,0
345.157648563385,0
345.1858789920807,0
345.2145183086395,0
345.2436501979828,0
345.27217292785645,0
345.3005564212799,0
345.3295760154724,0
345.35821294784546,0
345.38660740852356,0
345.4151933193207,0
345.4439687728882,0
345.4729890823364,0
345.50163865089417,0
345.53027057647705,0
345.5587878227234,0
345.58728098869324,0
345.6162955760956,0
345.6449327468872,0
345.67356300354004,0
345.7020845413208,0
345.7306468486786,0
345.7596662044525,0
345.78801679611206,0
345.8171534538269,0
345.8456757068634,0
345.8740327358246,0
345.90312123298645,0
345.9317922592163,0
345.96043395996094,0
345.9889588356018,0
346.0173635482788,0
346.0460457801819,0
346.0751783847809,0
346.10381960868835,0
346.1323330402374,0
346.160742521286,0
346.1894223690033,0
346.2185547351837,0
346.24720096588135,0
346.2757258415222,0
346.30407524108887,0
346.3328013420105,0
346.3619341850281,0
346.39014887809753,0
346.4187877178192,0
346.4474563598633,0
346.476594209671,0
346.50522541999817,0
346.5335593223572,0
346.5621910095215,0
346.59083104133606,0
346.6195168495178,0
346.64865946769714,0
346.6770520210266,0
346.7056837081909,0
346.7341947555542,0
346.7628376483917,0
346.79150795936584,0
346.82054352760315,0
346.8491761684418,0
346.8778817653656,0
346.9062149524689,0
346.93490409851074,0
346.96354937553406,0
346.9925699234009,0
347.0209574699402,0
347.0495524406433,0
347.07869386672974,0
347.10733580589294,0
347.13596749305725,0
347.16426968574524,0
347.19296503067017,0
347.22159242630005,0
347.25022864341736,0
347.2793695926666,0
347.30759954452515,0
347.33633756637573,0
347.3649652004242,0
347.39354372024536,0
347.4226405620575,0
347.4509844779968,0
347.47999715805054,0
347.50833320617676,0
347.53696966171265,0
347.56610226631165,0
347.594379901886,0
347.62302470207214,0
347.6517014503479,0
347.6803467273712,0
347.7094793319702,0
347.73778653144836,0
347.76641726493835,0
347.79503989219666,0
347.82368063926697,0
347.8528130054474,0
347.8810684680939,0
347.91020011901855,0
347.9384763240814,0
347.9671187400818,0
347.9961326122284,0
348.0244607925415,0
348.05309200286865,0
348.08211636543274,0
348.11075830459595,0
348.1393892765045,0
348.1681306362152,0
348.1967706680298,0
348.2254114151001,0
348.258047580719,0
348.2865641117096,0
348.3153553009033,0
348.34398651123047,0
348.37262296676636,1
348.4015383720398,1
348.4301264286041,1
348.458655834198,1
348.4876809120178,1
348.51631784439087,1
348.5445394515991,1
348.57329058647156,1
348.60206151008606,1
348.6306936740875,1
348.65933561325073,1
348.6883599758148,1
348.7166783809662,1
348.7453200817108,1
348.7744529247284,1
348.8030996322632,1
348.83154010772705,1
348.86007595062256,1
348.88872599601746,1
348.91785860061646,1
348.9464912414551,1
348.9750428199768,1
349.00336384773254,1
349.0320043563843,1
349.06075954437256,1
349.089408159256,1
349.1180453300476,1
349.1471788883209,1
349.175696849823,1
349.20409655570984,1
349.23311614990234,1
349.26175808906555,1
349.2901420593262,1
349.3191542625427,1
349.3474259376526,1
349.3764452934265,1
349.40509271621704,1
349.43348383903503,1
349.4622449874878,1
349.4908766746521,1
349.5198962688446,1
349.54853343963623,1
349.5771641731262,1
349.6056921482086,1
349.6341779232025,1
349.6631934642792,1
349.6915023326874,1
349.72064542770386,1
349.7491614818573,1
349.777560710907,1
349.80658507347107,1
349.8352167606354,1
349.86385464668274,1
349.89238476753235,1
349.92088985443115,1
349.9495496749878,1
349.9786822795868,1
350.00732350349426,1
350.0358474254608,1
350.064240694046,1
350.0929539203644,1
350.12159037590027,1
350.150728225708,1
350.17901158332825,1
350.20759177207947,1
350.2362835407257,1
350.2654149532318,1
350.29365944862366,1
350.32250905036926,0
350.3509635925293,0
350.3797142505646,0
350.40834617614746,0
350.43748474121094,0
350.4660086631775,0
350.49431705474854,0
350.5230269432068,0
350.5521602630615,0
350.5808069705963,0
350.609002828598,0
350.63813495635986,0
350.66635966300964,0
350.69501996040344,0
350.72416281700134,0
350.7525010108948,0
350.78114128112793,0
350.8096580505371,0
350.8384208679199,0
350.8674418926239,0
350.8960020542145,0
350.9246325492859,0
350.95323514938354,0
350.9818797111511,0
351.01089572906494,0
351.03903555870056,0
351.068167924881,0
351.09669733047485,0
351.1251232624054,0
351.1541442871094,0
351.1827862262726,0
351.21141743659973,0
351.2399344444275,0
351.26849842071533,0
351.29752492904663,0
351.32616114616394,0
351.35479283332825,0
351.38331508636475,0
351.41182565689087,0
351.44085144996643,0
351.4694893360138,0
351.4980070590973,0
351.5265235900879,0
351.55524730682373,0
351.5842716693878,0
351.6129083633423,0
351.64154028892517,0
351.67006039619446,0
351.69860339164734,0
351.7276225090027,0
351.7562539577484,0
351.78489565849304,0
351.8134140968323,0
351.84198784828186,0
351.8706097602844,0
351.89950227737427,0
351.9281380176544,0
351.95675802230835,0
351.9856433868408,0
352.0139949321747,0
352.0431275367737,0
352.0717692375183,0
352.10040974617004,0
352.1286463737488,0
352.15728282928467,0
352.18641901016235,0
352.2149131298065,0
352.243545293808,0
352.2720229625702,0
352.3010079860687,0
352.32964038848877,0
352.3584039211273,0
352.3869230747223,0
352.41535472869873,0
352.4440474510193,0
352.47276043891907,0
352.50161051750183,0
352.53024196624756,0
352.55873584747314,0
352.58787274360657,0
352.61651396751404,0
352.64499974250793,0
352.6736316680908,0
352.70205950737,0
352.73078775405884,0
352.75946283340454,0
352.7880051136017,0
352.8171384334564,0
352.8456377983093,0
352.8741281032562,0
352.90277457237244,0
352.93141651153564,0
352.9605989456177,0
352.9890594482422,0
353.0174946784973,0
353.0461673736572,0
353.07480359077454,0
353.10393953323364,0
353.132217168808,0
353.16086649894714,0
353.18990087509155,0
353.21854305267334,0
353.2471742630005,0
353.2755491733551,0
353.3046917915344,0
353.33286333084106,0
353.3615036010742,0
353.3905920982361,0
353.4189820289612,0
353.4476194381714,0
353.4767370223999,0
353.5052661895752,0
353.53389739990234,0
353.5622775554657,0
353.5913019180298,0
353.61958408355713,0
353.648220539093,0
353.6773533821106,0
353.70587253570557,0
353.73450350761414,0
353.7629773616791,0
353.79162859916687,0
353.82076120376587,0
353.8490903377533,0
353.87772154808044,0
353.9063105583191,0
353.93495202064514,0
353.9640853404999,0
353.9927270412445,0
354.02135944366455,0
354.05000352859497,0
354.0784740447998,0
354.1070227622986,0
354.1358790397644,0
354.164511680603,0
354.19354724884033,0
354.2219669818878,0
354.25039529800415,0
354.27933740615845,0
354.3079731464386,0
354.33661580085754,1
354.3654668331146,1
354.39410758018494,1
354.4224112033844,1
354.451544046402,1
354.4801425933838,1
354.5084652900696,1
354.5371148586273,1
354.5660011768341,1
354.5944666862488,1
354.6231074333191,1
354.65188455581665,1
354.6805069446564,1
354.70915055274963,1
354.7382843494415,1
354.76681113243103,1
354.79516220092773,1
354.8238205909729,1
354.85245656967163,1
354.88158988952637,1
354.91011333465576,1
354.93874430656433,1
354.9672245979309,1
354.99585127830505,1
355.0249843597412,1
355.0532121658325,1
355.0823447704315,1
355.1105477809906,1
355.1391842365265,1
355.16831731796265,1
355.19656920433044,1
355.22570157051086,1
355.25399899482727,1
355.28264141082764,1
355.3112783432007,1
355.3399577140808,1
355.36858916282654,1
355.3972644805908,1
355.42590498924255,1
355.45465064048767,1
355.4837691783905,1
355.51241970062256,1
355.5410614013672,1
355.56957936286926,1
355.5979907512665,1
355.6267075538635,1
355.6553387641907,1
355.684476852417,1
355.7130036354065,1
355.74137687683105,1
355.77026414871216,1
355.7986888885498,1
355.82782554626465,1
355.8559777736664,1
355.88511085510254,1
355.91367506980896,1
355.9423129558563,1
355.97094917297363,1
355.99941182136536,1
356.0281195640564,1
356.0567603111267,1
356.08589696884155,1
356.11453342437744,1
356.1429691314697,1
356.1714551448822,1
356.2004826068878,1
356.22911977767944,0
356.2577614784241,0
356.28647780418396,0
356.3147749900818,0
356.3434166908264,0
356.3725492954254,0
356.4010810852051,0
356.42972326278687,0
356.4581763744354,0
356.48682713508606,0
356.5159749984741,0
356.54449486732483,0
356.5731317996979,0
356.60154271125793,0
356.63018321990967,0
356.6588759422302,0
356.6879005432129,0
356.716543674469,0
356.74517488479614,0
356.7736918926239,0
356.8022108078003,0
356.83122539520264,0
356.85985684394836,0
356.888379573822,0
356.91689586639404,0
356.9455826282501,0
356.9744951725006,0
357.0031042098999,0
357.0317454338074,0
357.06026244163513,0
357.0894076824188,0
357.1179835796356,0
357.14661598205566,0
357.1752564907074,0
357.2039444446564,0
357.2323112487793,0
357.26098227500916,0
357.29011845588684,0
357.3187539577484,0
357.3472707271576,0
357.3756773471832,0
357.4043438434601,0
357.4334759712219,0
357.462117433548,0
357.490642786026,0
357.5190291404724,0
357.5476870536804,0
357.5768201351166,0
357.6053514480591,0
357.63391613960266,0
357.66245794296265,0
357.69138288497925,0
357.72001457214355,0
357.74865460395813,0
357.7773063182831,0
357.80995893478394,0
357.8384485244751,0
357.86722445487976,0
357.89574813842773,0
357.9248812198639,0
357.95352387428284,0
357.98193740844727,0
358.0110411643982,0
358.0390920639038,0
358.06822538375854,0
358.09659361839294,0
358.12544417381287,0
358.1539444923401,0
358.18290543556213,0
358.21154713630676,0
358.2401888370514,0
358.2689378261566,0
358.29727959632874,0
358.32592272758484,0
358.35505652427673,0
358.3835771083832,0
358.41221928596497,0
358.4406454563141,0
358.4692883491516,0
358.49797892570496,0
358.52679109573364,0
358.55542731285095,0
358.58398389816284,0
358.6130087375641,0
358.64164113998413,0
358.6704590320587,0
358.69867277145386,0
358.72734570503235,0
358.7559869289398,0
358.78512048721313,0
358.81339144706726,0
358.84252405166626,0
358.87073802948,0
358.8997700214386,0
358.9284076690674,0
358.95673298835754,0
358.9858658313751,0
359.01449847221375,0
359.043133020401,0
359.071763753891,0
359.1001410484314,0
359.1287775039673,0
359.15792202949524,0
359.1864392757416,0
359.21478176116943,0
359.2434515953064,0
359.27258467674255,0
359.3008301258087,0
359.32984685897827,0
359.35816073417664,0
359.38683319091797,0
359.4154739379883,0
359.444611787796,0
359.47312903404236,0
359.5015299320221,0
359.5302357673645,0
359.5588688850403,0
359.5880124568939,0
359.6164412498474,0
359.64486622810364,0
359.67342352867126,0
359.70221185684204,1
359.7313497066498,1
359.7599370479584,1
359.78857231140137,1
359.8172137737274,1
359.84584760665894,1
359.874489068985,1
359.9029402732849,1
359.9315857887268,1
359.96022748947144,1
359.9893651008606,1
360.01801228523254,1
360.04644560813904,1
360.07494592666626,1
360.1039800643921,1
360.13261818885803,1
360.1612615585327,1
360.1897916793823,1
360.2183167934418,1
360.24695897102356,1
360.2760920524597,1
360.30465292930603,1
360.3332941532135,1
360.36167764663696,1
360.39032459259033,1
360.41945695877075,1
360.4479811191559,1
360.4766170978546,1
360.5050473213196,1
360.53364872932434,1
360.5627820491791,1
360.5913100242615,1
360.6199402809143,1
360.64841318130493,1
360.67704796791077,1
360.70606803894043,1
360.7345812320709,1
360.7632191181183,1
360.7922487258911,1
360.82038259506226,1
360.8495247364044,1
360.8779466152191,1
360.90646529197693,1
360.93560767173767,1
360.96410608291626,1
360.99253392219543,1
361.0211732387543,1
361.04981875419617,1
361.07896089553833,1
361.10743498802185,1
361.1357991695404,1
361.1645073890686,1
361.1936433315277,1
361.22227931022644,1
361.2504246234894,1
361.2792067527771,1
361.3078727722168,1
361.3370053768158,1
361.3656482696533,1
361.3939287662506,1
361.4225208759308,1
361.4512069225311,1
361.48034024238586,1
361.50887179374695,1
361.5374858379364,1
361.56595516204834,1
361.5948922634125,1
361.6235237121582,1
361.65216541290283,1
361.68091773986816,0
361.709272146225,0
361.73791337013245,0
361.76704597473145,0
361.7956976890564,0
361.82392406463623,0
361.85305619239807,0
361.8853509426117,0
361.9140872955322,0
361.9427795410156,0
361.97142362594604,0
362.0004460811615,0
362.0287322998047,0
362.0574254989624,0
362.0861041545868,0
362.11474418640137,0
362.1438765525818,0
362.1721160411835,0
362.2007985115051,0
362.22947335243225,0
362.25810980796814,0
362.2872428894043,0
362.3154697418213,0
362.34460186958313,0
362.3728086948395,0
362.4014525413513,0
362.4305853843689,0
362.4588465690613,0
362.48797941207886,0
362.5162179470062,0
362.54495573043823,0
362.5735878944397,0
362.6022078990936,0
362.6313409805298,0
362.65960144996643,0
362.6882371902466,0
362.7169680595398,0
362.74553203582764,0
362.7746639251709,0
362.80296874046326,0
362.8314907550812,0
362.8603160381317,0
362.88889384269714,0
362.918035030365,0
362.94667172431946,0
362.97490882873535,0
363.0036292076111,0
363.032187461853,0
363.0609736442566,0
363.0901165008545,0
363.1184096336365,0
363.14696860313416,0
363.17554354667664,0
363.2043673992157,0
363.2330105304718,0
363.2619071006775,0
363.29034757614136,0
363.3189239501953,0
363.34805727005005,0
363.37669348716736,0
363.40490651130676,0
363.43370842933655,0
363.4628403186798,0
363.49148082733154,0
363.519624710083,0
363.54870104789734,0
363.57730650901794,0
363.60570311546326,0
363.63472843170166,0
363.66337060928345,0
363.6920065879822,0
363.72052359580994,0
363.74911522865295,0
363.7781295776367,0
363.80642652511597,0
363.8355588912964,0
363.8640766143799,0
363.8927173614502,0
363.9212369918823,0
363.9498851299286,0
363.9785213470459,0
364.0070514678955,0
364.03580832481384,0
364.0649149417877,0
364.0930564403534,0
364.1221888065338,0
364.15070605278015,0
364.17920541763306,0
364.2082316875458,0
364.2368724346161,0
364.2655038833618,0
364.29403018951416,0
364.32252168655396,0
364.3515410423279,0
364.38017416000366,0
364.4087030887604,0
364.4372217655182,0
364.4659423828125,0
364.4949908256531,0
364.5236225128174,0
364.55225896835327,0
364.5809247493744,0
364.6092493534088,0
364.63796734809875,0
364.6665995121002,0
364.6957495212555,0
364.72427320480347,0
364.75260829925537,0
364.7812933921814,0
364.81031799316406,0
364.8389537334442,0
364.86747765541077,0
364.8959939479828,0
364.9246814250946,0
364.95382380485535,0
364.98246479034424,0
365.0109121799469,0
365.0393738746643,0
365.0680229663849,0
365.09666562080383,0
365.12580847740173,0
365.15439534187317,0
365.1827218532562,0
365.2113811969757,0
365.240514755249,0
365.26915669441223,0
365.29739570617676,0
365.32606172561646,0
365.354731798172,0
365.38386511802673,0
365.4123909473419,0
365.44089365005493,0
365.4694242477417,0
365.49840474128723,0
365.52703619003296,0
365.5556721687317,0
365.584397315979,0
365.6130380630493,0
365.64155769348145,0
365.67018961906433,0
365.6988310813904,0
365.7274720668793,1
365.7566041946411,1
365.78512048721313,1
365.81347703933716,1
365.8425028324127,1
365.8711450099945,1
365.89966797828674,1
365.9281847476959,1
365.95690655708313,1
365.98593831062317,1
366.01407742500305,1
366.0432105064392,1
366.0718197822571,1
366.10045552253723,1
366.1289794445038,1
366.157621383667,1
366.18675327301025,1
366.2148370742798,1
366.2435739040375,1
366.27259492874146,1
366.3011200428009,1
366.32975697517395,1
366.3582739830017,1
366.3869571685791,1
366.4159824848175,1
366.4446187019348,1
366.4732496738434,1
366.50177001953125,1
366.5302903652191,1
366.55930972099304,1
366.5876545906067,1
366.61679697036743,1
366.64531421661377,1
366.67365741729736,1
366.70242261886597,1
366.7310585975647,1
366.759699344635,1
366.78821563720703,1
366.8170118331909,1
366.84571719169617,1
366.8743484020233,1
366.90337657928467,1
366.93189311027527,1
366.96039032936096,1
366.98942518234253,1
367.0180673599243,1
367.0467083454132,1
367.0752258300781,1
367.1039717197418,1
367.1324510574341,1
367.16158390045166,1
367.1902205944061,1
367.21838879585266,1
367.24710512161255,1
367.2757525444031,1
367.304771900177,1
367.3334140777588,1
367.3618891239166,1
367.39047265052795,1
367.4191484451294,1
367.4482808113098,1
367.47692370414734,1
367.50544714927673,1
367.5338718891144,1
367.56253957748413,1
367.5916588306427,1
367.6202998161316,0
367.64889216423035,0
367.6771821975708,0
367.7058279514313,0
367.73496103286743,0
367.76360273361206,0
367.7918884754181,0
367.8210256099701,0
367.84954285621643,0
367.87817430496216,0
367.9065911769867,0
367.9352316856384,0
367.9643635749817,0
367.9928812980652,0
368.02141761779785,0
368.05005288124084,0
368.0786943435669,0
368.10732984542847,0
368.1359643936157,0
368.1646339893341,0
368.1936557292938,0
368.22229766845703,0
368.2509286403656,0
368.2794461250305,0
368.3079512119293,0
368.3369662761688,0
368.3656077384949,0
368.39423847198486,0
368.4227612018585,0
368.4513659477234,0
368.48039174079895,0
368.50888562202454,0
368.5375163555145,0
368.56603384017944,0
368.5947506427765,0
368.623774766922,0
368.6524112224579,0
368.6810472011566,0
368.70957612991333,0
368.73805236816406,0
368.76707315444946,0
368.79570412635803,0
368.8243510723114,0
368.85286259651184,0
368.8814194202423,0
368.9100911617279,0
368.9392240047455,0
368.9678647518158,0
368.996381521225,0
369.02479887008667,0
369.0534791946411,0
369.08261251449585,0
369.1108078956604,0
369.1399402618408,0
369.16814851760864,0
369.1967852115631,0
369.2259225845337,0
369.2541217803955,0
369.2832543849945,0
369.3115062713623,0
369.3403558731079,0
369.3689877986908,0
369.3977470397949,0
369.42637825012207,0
369.4548487663269,0
369.48352575302124,0
369.51224303245544,0
369.5408697128296,0
369.5700023174286,0
369.59859442710876,0
369.62694025039673,0
369.65557742118835,0
369.68436074256897,0
369.71292209625244,0
369.74158906936646,0
369.77023553848267,0
369.7993760108948,0
369.8275158405304,0
369.8566493988037,0
369.8849494457245,0
369.91363072395325,0
369.9424316883087,0
369.9710693359375,0
369.9997100830078,0
370.0283443927765,0
370.05747652053833,0
370.0856680870056,0
370.1142749786377,0
370.1434078216553,0
370.17166900634766,0
370.2006890773773,0
370.2290070056915,0
370.2576479911804,0
370.28678131103516,0
370.3150577545166,0
370.344190120697,0
370.37236642837524,0
370.4010126590729,0
370.430148601532,1
370.4584102630615,0
370.4875431060791,0
370.5157470703125,0
370.54488611221313,0
370.5731062889099,0
370.6018900871277,0
370.63063526153564,0
370.65927720069885,0
370.68786907196045,0
370.71641397476196,0
370.7451751232147,0
370.7743077278137,0
370.8028371334076,0
370.8313558101654,0
370.85979437828064,0
370.8884611129761,0
370.9174757003784,0
370.94611287117004,0
370.97485399246216,0
371.00349473953247,0
371.0322153568268,0
371.06084656715393,0
371.0894935131073,1
371.1180987358093,1
371.146511554718,1
371.17515325546265,1
371.2042906284332,1
371.23292541503906,1
371.2610876560211,1
371.2899308204651,1
371.3186459541321,1
371.3472776412964,1
371.37630343437195,1
371.40482783317566,1
371.43324041366577,1
371.46188378334045,1
371.49101734161377,1
371.5195474624634,1
371.5481791496277,1
371.57660365104675,1
371.60524892807007,1
371.6343832015991,1
371.6629068851471,1
371.6915376186371,1
371.7199683189392,1
371.7486107349396,1
371.7777433395386,1
371.8064589500427,1
371.8350899219513,1
371.8637320995331,1
371.8922486305237,1
371.92076802253723,1
371.9493160247803,1
371.978449344635,1
372.00697779655457,1
372.0354995727539,1
372.0641300678253,1
372.0927300453186,1
372.1218523979187,1
372.1504878997803,1
372.17900466918945,1
372.20764660835266,1
372.2360451221466,1
372.265177488327,1
372.29381942749023,1
372.32234382629395,1
372.3507604598999,1
372.37941312789917,1
372.40843415260315,1
372.4370756149292,1
372.4655930995941,1
372.4941346645355,1
372.52280497550964,1
372.55193758010864,1
372.58057475090027,1
372.6091003417969,1
372.63748145103455,1
372.666166305542,1
372.69529938697815,1
372.7239475250244,1
372.7523272037506,1
372.7808573246002,1
372.8095028400421,1
372.8386354446411,1
372.86727643013,1
372.89583587646484,1
372.92419242858887,1
372.9528343677521,1
372.9819686412811,1
373.01049971580505,1
373.0388309955597,0
373.0675835609436,0
373.0962188243866,0
373.12535572052,0
373.1536235809326,0
373.1822597980499,0
373.21127223968506,0
373.23990654945374,0
373.26853799819946,0
373.29705715179443,0
373.3257043361664,0
373.3543345928192,0
373.3828511238098,0
373.41186904907227,0
373.44038248062134,0
373.46902537345886,0
373.4976553916931,0
373.5264000892639,0
373.5549988746643,0
373.58402490615845,0
373.6125771999359,0
373.6411714553833,0
373.6696882247925,0
373.6983678340912,0
373.72739934921265,0
373.7560307979584,0
373.7846612930298,0
373.8131821155548,0
373.8416976928711,0
373.8708848953247,0
373.8995156288147,0
373.92816376686096,0
373.956680059433,0
373.98510551452637,0
374.01375007629395,0
374.04288244247437,0
374.0715186595917,0
374.10002970695496,0
374.1284306049347,0
374.157114982605,0
374.186252117157,0
374.2145173549652,0
374.2430350780487,0
374.2717807292938,0
374.3004775047302,0
374.3296151161194,0
374.35825204849243,0
374.3867633342743,0
374.41512846946716,0
374.4438588619232,0
374.4729914665222,0
374.50163316726685,0
374.53015875816345,0
374.5584979057312,0
374.58718633651733,0
374.61592745780945,0
374.64478302001953,0
374.6733338832855,0
374.7019212245941,0
374.73055768013,0
374.7596905231476,0
374.7883322238922,0
374.8168661594391,0
374.84522914886475,0
374.87392473220825,0
374.90306186676025,0
374.93132972717285,0
374.95996356010437,0
374.98860716819763,0
375.0172882080078,0
375.04643034935,0
375.07482957839966,0
375.1034610271454,0
375.1319456100464,0
375.16066098213196,0
375.1897966861725,0
375.218332529068,0
375.2469711303711,0
375.2753200531006,0
375.30445623397827,0
375.3329744338989,0
375.36161637306213,0
375.3902475833893,0
375.41873025894165,0
375.4473648071289,0
375.4760730266571,0
375.5047254562378,0
375.5333580970764,0
375.5620481967926,0
375.5907006263733,0
375.6194312572479,0
375.64811658859253,0
375.6768021583557,0
375.7053303718567,0
375.73409366607666,0
375.7627549171448,0
375.7913966178894,0
375.82041668891907,0
375.848934173584,0
375.8774576187134,0
375.9064872264862,0
375.93512320518494,0
375.9637553691864,0
375.9922740459442,0
376.02079677581787,0
376.04946184158325,0
376.078097820282,0
376.1072406768799,0
376.1357612609863,0
376.16437339782715,0
376.1928279399872,0
376.2218668460846,0
376.2504982948303,0
376.2790172100067,0
376.3075342178345,0
376.33619236946106,0
376.36482882499695,0
376.3939609527588,0
376.422500371933,0
376.45093178749084,0
376.4795734882355,0
376.50821471214294,0
376.5373480319977,0
376.56567454338074,0
376.5943043231964,0
376.62293314933777,0
376.6516156196594,0
376.68029379844666,0
376.7088408470154,0
376.73797369003296,0
376.76628136634827,0
376.79496479034424,0
376.8239893913269,0
376.85230326652527,0
376.88143658638,0
376.9098370075226,0
376.93834137916565,0
376.9674835205078,0
376.99580430984497,0
377.024445772171,0
377.053005695343,1
377.08168935775757,1
377.11083698272705,1
377.1392979621887,1
377.167893409729,1
377.196400642395,1
377.22503757476807,1
377.2536840438843,1
377.2823224067688,1
377.3113422393799,1
377.3397397994995,1
377.3684377670288,1
377.39758038520813,1
377.42580556869507,1
377.45443749427795,1
377.4830961227417,1
377.5117371082306,1
377.540874004364,1
377.5690143108368,1
377.5981466770172,1
377.6264352798462,1
377.655157327652,1
377.6838114261627,1
377.7123372554779,1
377.7414700984955,1
377.7697968482971,1
377.79849553108215,1
377.8271253108978,1
377.85576915740967,1
377.884902715683,1
377.91343092918396,1
377.9418444633484,1
377.97049736976624,1
377.9991385936737,1
378.0282828807831,1
378.0568015575409,1
378.08517718315125,1
378.11421155929565,1
378.14285349845886,1
378.1713523864746,1
378.2000732421875,1
378.228577375412,1
378.25722789764404,1
378.2858648300171,1
378.31488013267517,1
378.3434042930603,1
378.3719177246094,1
378.4005994796753,1
378.42924308776855,1
378.458375453949,1
378.4869017601013,1
378.5154182910919,1
378.5439565181732,1
378.57259821891785,1
378.60173082351685,1
378.63012433052063,1
378.6586413383484,1
378.6873109340668,1
378.7163436412811,1
378.7448699474335,1
378.77340507507324,1
378.8019812107086,1
378.8306701183319,1
378.8598029613495,1
378.88843536376953,1
378.9169690608978,1
378.9453880786896,1
378.9740381240845,1
379.0031704902649,0
379.03181648254395,0
379.0603356361389,0
379.08872961997986,0
379.11742544174194,0
379.1465587615967,0
379.1752007007599,0
379.20330452919006,0
379.23208808898926,0
379.2607653141022,0
379.28990173339844,0
379.3180811405182,0
379.3468110561371,0
379.37544560432434,0
379.40411376953125,0
379.43280053138733,0
379.46194291114807,0
379.4902958869934,0
379.51884603500366,0
379.54750657081604,0
379.57622814178467,0
379.6048700809479,0
379.6337811946869,0
379.6624176502228,0
379.69105315208435,0
379.719518661499,0
379.7486560344696,0
379.77729177474976,0
379.8059322834015,0
379.83419919013977,0
379.8629231452942,0
379.89205956459045,0
379.92058658599854,0
379.9492173194885,0
379.9775528907776,0
380.00623321533203,0
380.0352625846863,0
380.0639045238495,0
380.09253573417664,0
380.1210608482361,0
380.1496036052704,0
380.17862367630005,0
380.20728302001953,0
380.2359244823456,0
380.2644398212433,0
380.2930061817169,0
380.3216609954834,0
380.350298166275,0
380.37943053245544,0
380.4079489707947,0
380.4363088607788,0
380.46497440338135,0
380.4941074848175,0
380.52237367630005,0
380.55101013183594,0
380.57968068122864,0
380.6083228588104,0
380.63745975494385,0
380.6656765937805,0
380.69478368759155,0
380.72302508354187,0
380.7516658306122,0
380.78039264678955,0
380.8093295097351,0
380.8379604816437,0
380.86659717559814,0
380.8952763080597,0
380.9237253665924,0
380.9527623653412,0
380.98139452934265,0
381.0100407600403,0
381.03877425193787,0
381.0671319961548,0
381.0960190296173,0
381.1244637966156,0
381.1536066532135,0
381.18177008628845,0
381.2108631134033,0
381.2392818927765,0
381.26791429519653,0
381.29655051231384,0
381.32526540756226,0
381.3538200855255,0
381.3824620246887,0
381.4115993976593,0
381.4402348995209,0
381.468875169754,0
381.4971854686737,0
381.526211977005,0
381.5548448562622,0
381.5833671092987,0
381.61189126968384,0
381.64054679870605,0
381.6691837310791,0
381.69836711883545,0
381.72693729400635,0
381.7555675506592,0
381.78392219543457,0
381.8125729560852,0
381.8417055606842,0
381.87039065361023,0
381.8990218639374,0
381.92725825309753,0
381.9558935165405,0
381.98465156555176,0
382.0136926174164,0
382.0423240661621,0
382.07096576690674,0
382.09948205947876,0
382.1279821395874,0
382.1566376686096,0
382.1857707500458,0
382.21437788009644,0
382.24289441108704,0
382.27137780189514,0
382.30006170272827,0
382.3290822505951,0
382.35772800445557,0
382.38624453544617,0
382.4148807525635,0
382.4434633255005,1
382.47209429740906,1
382.5007312297821,1
382.52976417541504,1
382.5580849647522,1
382.58675241470337,1
382.61577558517456,1
382.644412279129,1
382.67292881011963,1
382.7013988494873,1
382.7301142215729,1
382.7592475414276,1
382.78788447380066,1
382.81641840934753,1
382.8447775840759,1
382.87341952323914,1
382.9025526046753,1
382.931200504303,1
382.9597842693329,1
382.98817110061646,1
383.0168092250824,1
383.0459420681,1
383.074583530426,1
383.1027681827545,1
383.1315004825592,1
383.1601417064667,1
383.18927454948425,1
383.2179272174835,1
383.24656915664673,1
383.2752001285553,1
383.30371713638306,1
383.33223581314087,1
383.36125659942627,1
383.38990569114685,1
383.4184241294861,1
383.4469413757324,1
383.4756295681,1
383.5046498775482,1
383.532794713974,1
383.561927318573,1
383.5904438495636,1
383.61907982826233,1
383.64760541915894,1
383.6762373447418,1
383.70537066459656,1
383.7339940071106,1
383.76231050491333,1
383.79133105278015,1
383.8198444843292,1
383.84848141670227,1
383.87699818611145,1
383.9056296348572,1
383.934654712677,1
383.9632866382599,1
383.99192357063293,1
384.0204372406006,1
384.04902386665344,1
384.0776879787445,1
384.1068205833435,1
384.13546776771545,1
384.16398549079895,1
384.1924059391022,1
384.22134017944336,1
384.24998450279236,1
384.27862095832825,1
384.30713868141174,1
384.3357412815094,1
384.36439633369446,1
384.3935286998749,1
384.4220585823059,0
384.45057487487793,0
384.47913455963135,0
384.50778222084045,0
384.5369248390198,0
384.56556582450867,0
384.59377789497375,0
384.6224958896637,0
384.6511218547821,0
384.6802558898926,0
384.7088975906372,0
384.7375123500824,0
384.76582431793213,0
384.79451847076416,0
384.8231837749481,0
384.85182547569275,0
384.8807339668274,0
384.9091765880585,0
384.9379234313965,0
384.96655464172363,0
384.99569749832153,0
385.02423071861267,0
385.0525767803192,0
385.0812118053436,0
385.10991621017456,0
385.13856053352356,0
385.16720390319824,0
385.19633650779724,0
385.2248578071594,0
385.25326228141785,0
385.2822890281677,0
385.3109304904938,0
385.339572429657,0
385.36808943748474,0
385.3966326713562,0
385.4253215789795,0
385.45395827293396,0
385.48308992385864,0
385.511607170105,0
385.5399696826935,0
385.56898975372314,0
385.59763169288635,0
385.62601613998413,0
385.6550290584564,0
385.68335032463074,0
385.71237111091614,0
385.7409656047821,0
385.7695963382721,0
385.7981266975403,0
385.8266935348511,0
385.85571575164795,0
385.88435220718384,0
385.912983417511,0
385.94151067733765,0
385.9700593948364,0
385.9990792274475,0
386.0274076461792,0
386.0565445423126,0
386.0850615501404,0
386.11369228363037,0
386.142329454422,0
386.1709611415863,0
386.1994743347168,0
386.22813606262207,0
386.2567923069,0
386.2854332923889,0
386.31457138061523,0
386.3430917263031,0
386.3717212677002,0
386.4001715183258,0
386.4332447052002,0
386.4616241455078,0
386.4902808666229,0
386.51941657066345,0
386.5480523109436,0
386.5762343406677,0
386.6049294471741,0
386.63366317749023,0
386.6622951030731,0
386.6914381980896,0
386.71995973587036,0
386.7486870288849,0
386.7773277759552,0
386.8059592247009,0
386.8344919681549,0
386.8632392883301,0
386.8916759490967,0
386.9203214645386,0
386.9494540691376,0
386.9780955314636,0
387.0062413215637,0
387.0350270271301,0
387.0636684894562,0
387.09280228614807,0
387.12134075164795,0
387.1499762535095,0
387.17841362953186,0
387.20705580711365,0
387.2360758781433,0
387.2647166252136,0
387.2933576107025,0
387.32187390327454,0
387.35050916671753,0
387.37913966178894,0
387.4081606864929,0
387.43630623817444,0
387.4654383659363,0
387.49395513534546,0
387.52259588241577,0
387.5511152744293,0
387.58024764060974,0
387.60888409614563,0
387.6373817920685,0
387.6658411026001,0
387.69486117362976,0
387.72338128089905,0
387.75207114219666,0
387.78059005737305,0
387.8092005252838,0
387.83822655677795,0
387.86686158180237,0
387.89550256729126,0
387.9240229129791,0
387.952529668808,0
387.9812240600586,0
388.0103614330292,0
388.0389120578766,0
388.06743693351746,0
388.0959722995758,0
388.12475204467773,0
388.15338253974915,0
388.18201875686646,0
388.21053075790405,0
388.2392690181732,0
388.2679498195648,0
388.29708194732666,0
388.32561707496643,0
388.3541338443756,0
388.3826470375061,1
388.41132068634033,1
388.44045996665955,1
388.46910548210144,1
388.49724650382996,1
388.5259804725647,1
388.55463314056396,1
388.5837666988373,1
388.61240339279175,1
388.64073300361633,1
388.6693584918976,1
388.6979990005493,1
388.7266983985901,1
388.75535130500793,1
388.7842490673065,1
388.8126890659332,1
388.8417179584503,1
388.87035942077637,1
388.8990013599396,1
388.92753195762634,1
388.9560911655426,1
388.9847331047058,1
389.01386618614197,1
389.04250741004944,1
389.07073998451233,1
389.09943866729736,1
389.1284828186035,1
389.1571147441864,1
389.18575716018677,1
389.21423602104187,1
389.242796421051,1
389.27168679237366,1
389.3003182411194,1
389.3288218975067,1
389.3574652671814,1
389.38618516921997,1
389.41482758522034,1
389.4439706802368,1
389.47249007225037,1
389.5011262893677,1
389.5295424461365,1
389.55817675590515,1
389.5869402885437,1
389.6159656047821,1
389.6441013813019,1
389.67323422431946,1
389.7017512321472,1
389.73024129867554,1
389.7592616081238,1
389.78799748420715,1
389.8166346549988,1
389.84515166282654,1
389.8736035823822,1
389.9022979736328,1
389.930935382843,1
389.9600772857666,1
389.98859429359436,1
390.01723051071167,1
390.0457317829132,1
390.0743627548218,1
390.10300374031067,1
390.13152837753296,1
390.16035294532776,1
390.1889886856079,1
390.21762466430664,1
390.2467622756958,1
390.27485394477844,1
390.30366253852844,0
390.33233308792114,0
390.3614661693573,0
390.3901093006134,0
390.41863536834717,0
390.44701313972473,0
390.47567224502563,0
390.50480461120605,0
390.53332686424255,0
390.56172943115234,0
390.59041571617126,0
390.61951875686646,0
390.64815640449524,0
390.67679357528687,0
390.70519828796387,0
390.7337176799774,0
390.762419462204,0
390.79155588150024,0
390.8201975822449,0
390.8486957550049,0
390.87711811065674,0
390.90578293800354,0
390.9348130226135,0
390.96345615386963,0
390.9921922683716,0
391.0208270549774,0
391.04946851730347,0
391.0780999660492,0
391.1067361831665,0
391.1351943016052,0
391.1638765335083,0
391.19251823425293,0
391.2216565608978,0
391.2502989768982,0
391.2786817550659,0
391.3072175979614,0
391.3362500667572,0
391.36488103866577,0
391.3935167789459,0
391.4220416545868,0
391.45057344436646,0
391.47921538352966,0
391.50834822654724,0
391.536874294281,0
391.5655162334442,0
391.59393548965454,0
391.62257385253906,0
391.6512544155121,0
391.6802747249603,0
391.70891547203064,0
391.73755741119385,0
391.7660744190216,0
391.79463815689087,0
391.823677778244,0
391.8523087501526,0
391.88082242012024,0
391.9093132019043,0
391.93835616111755,0
391.9669978618622,0
391.99563550949097,0
392.02415704727173,0
392.05268025398254,0
392.0816948413849,0
392.1103332042694,0
392.1389698982239,0
392.16748332977295,0
392.1960186958313,0
392.2250647544861,0
392.25370478630066,0
392.2823371887207,0
392.3109767436981,0
392.3394079208374,0
392.3680531978607,0
392.39669394493103,0
392.4257130622864,0
392.4542372226715,0
392.4827766418457,0
392.51143050193787,0
392.5404574871063,0
392.5690903663635,0
392.597617149353,0
392.6261339187622,0
392.65478348731995,0
392.6839163303375,0
392.71254777908325,0
392.7411079406738,0
392.76948952674866,0
392.7982728481293,0
392.8272922039032,0
392.85592818260193,0
392.8844394683838,0
392.9128112792969,0
392.94153475761414,0
392.9701702594757,0
392.99930787086487,0
393.02782344818115,0
393.0562162399292,0
393.0849230289459,0
393.11355352401733,0
393.1427011489868,0
393.1712236404419,0
393.1995451450348,0
393.2284197807312,0
393.25705671310425,0
393.2856991291046,0
393.31419920921326,0
393.3429479598999,0
393.37157940864563,0
393.4007124900818,0
393.42924070358276,0
393.4577000141144,0
393.4862906932831,0
393.5149476528168,0
393.54408383369446,0
393.57272577285767,0
393.6011872291565,0
393.6297035217285,0
393.6583218574524,0
393.6874544620514,0
393.7160904407501,1
393.74469542503357,1
393.7730162143707,1
393.8017852306366,1
393.8303699493408,1
393.8590157032013,1
393.88769340515137,1
393.91634368896484,1
393.9449803829193,1
393.973788022995,1
394.00242280960083,1
394.030953168869,1
394.0600850582123,1
394.08860063552856,1
394.11706829071045,1
394.14609837532043,1
394.17474031448364,1
394.20337653160095,1
394.23189663887024,1
394.26042222976685,1
394.28944206237793,1
394.31769943237305,1
394.3468360900879,1
394.3753471374512,1
394.4038188457489,1
394.43247079849243,1
394.46111488342285,1
394.4901008605957,1
394.51861691474915,1
394.54717993736267,1
394.57597851753235,1
394.60462069511414,1
394.63317608833313,1
394.6621880531311,1
394.69054889678955,1
394.7195715904236,1
394.7482237815857,1
394.77655029296875,1
394.8055741786957,1
394.83392119407654,1
394.8629455566406,1
394.8915767669678,1
394.9202175140381,1
394.94874453544617,1
394.97725653648376,1
395.00626611709595,1
395.03461503982544,1
395.0637581348419,1
395.09227538108826,1
395.1205778121948,1
395.1492655277252,1
395.17839789390564,1
395.207040309906,1
395.23557138442993,1
395.2639639377594,1
395.29263734817505,1
395.32175850868225,1
395.350394487381,1
395.3789122104645,1
395.40734338760376,1
395.4360086917877,1
395.4651412963867,1
395.49378275871277,1
395.5221679210663,1
395.55065751075745,1
395.5793414115906,1
395.60847449302673,1
395.63671708106995,1
395.6656596660614,1
395.69401383399963,1
395.7231752872467,1
395.751806974411,0
395.78044295310974,0
395.80866861343384,0
395.83739280700684,0
395.86609649658203,0
395.89476561546326,0
395.923912525177,0
395.9524269104004,0
395.9810633659363,0
396.0094356536865,0
396.038108587265,0
396.0671293735504,0
396.0957658290863,0
396.1242883205414,0
396.152804851532,0
396.1814913749695,0
396.2105107307434,0
396.23916697502136,0
396.2677991390228,0
396.29631209373474,0
396.3250312805176,0
396.3535509109497,0
396.38218879699707,0
396.41132140159607,0
396.43984627723694,0
396.4682195186615,0
396.49723982810974,0
396.5258858203888,0
396.5545175075531,0
396.5830340385437,0
396.61153960227966,0
396.6405658721924,0
396.66920709609985,0
396.6978385448456,0
396.72636008262634,0
396.75493264198303,0
396.7839469909668,0
396.812584400177,0
396.84095907211304,0
396.8699731826782,0
396.89834785461426,0
396.92737793922424,0
396.9560146331787,0
396.9846456050873,0
397.0131697654724,0
397.04161953926086,0
397.0706458091736,0
397.09927773475647,0
397.12780380249023,0
397.1563172340393,0
397.1850106716156,0
397.2136833667755,0
397.2426974773407,0
397.271333694458,0
397.2998523712158,0
397.33245062828064,0
397.3611614704132,0
397.3897981643677,0
397.4189307689667,0
397.44710969924927,0
397.4762156009674,0
397.5047335624695,0
397.5333752632141,0
397.5619068145752,0
397.5905442237854,0
397.61918663978577,0
397.6481659412384,0
397.676540851593,0
397.7051832675934,0
397.7338881492615,0
397.76252460479736,0
397.7911410331726,0
397.81988859176636,0
397.84854078292847,0
397.8776738643646,0
397.90631008148193,0
397.9348382949829,0
397.9632685184479,0
397.99190378189087,0
398.02103638648987,0
398.049676656723,0
398.07781195640564,0
398.1065945625305,0
398.1355893611908,0
398.16422033309937,0
398.1927409172058,0
398.2213830947876,0
398.250018119812,0
398.27853417396545,0
398.3072736263275,0
398.336350440979,0
398.36454725265503,0
398.39367961883545,0
398.4221968650818,0
398.4506676197052,0
398.4796938896179,0
398.50833010673523,0
398.53673458099365,0
398.56525182724,0
398.5939989089966,0
398.62301993370056,0
398.6516635417938,0
398.68029499053955,0
398.70880651474,0
398.73738050460815,0
398.76616168022156,0
398.79479360580444,0
398.82393169403076,0
398.8520438671112,0
398.8807888031006,0
398.90942883491516,0
398.9380855560303,0
398.9672210216522,0
398.9957377910614,0
399.02436661720276,0
399.0528063774109,0
399.0819387435913,0
399.1105794906616,0
399.1391108036041,0
399.16747522354126,0
399.1961495876312,0
399.2252926826477,0
399.2539339065552,0
399.28213810920715,0
399.3108870983124,0
399.3395311832428,0
399.3681752681732,0
399.39731335639954,0
399.4256477355957,0
399.45421075820923,0
399.4828932285309,0
399.51152443885803,0
399.5402042865753,0
399.56913590431213,0
399.59757685661316,0
399.6262547969818,0
399.65538787841797,0
399.68402457237244,0
399.7121391296387,0
399.7412736415863,0
399.76957392692566,1
399.79824018478394,1
399.82738065719604,1
399.85598826408386,1
399.8846244812012,1
399.9131419658661,1
399.9416754245758,1
399.9707040786743,1
399.99884605407715,1
400.02786660194397,1
400.06037306785583,1
400.089102268219,1
400.1177558898926,1
400.14664578437805,1
400.1752779483795,1
400.20375537872314,1
400.2327678203583,1
400.26109766960144,1
400.28973412513733,1
400.31886625289917,1
400.34716963768005,1
400.3758108615875,1
400.4044680595398,1
400.43310832977295,1
400.46224188804626,1
400.4905478954315,1
400.51917839050293,1
400.5480170249939,1
400.5766589641571,1
400.605295419693,1
400.6340458393097,1
400.66268277168274,1
400.6912055015564,1
400.71984100341797,1
400.74886298179626,1
400.7772026062012,1
400.806334733963,1
400.83486795425415,1
400.86361384391785,1
400.8922452926636,1
400.92050528526306,1
400.9496479034424,1
400.9779176712036,1
401.0065596103668,1
401.0356333255768,1
401.0638747215271,1
401.09300780296326,1
401.1216480731964,1
401.150141954422,1
401.17878246307373,1
401.20756673812866,1
401.2360911369324,1
401.26464772224426,1
401.29362988471985,1
401.3220171928406,1
401.3508896827698,1
401.3797616958618,1
401.40839862823486,1
401.4369213581085,1
401.46534180641174,1
401.49406266212463,1
401.5231964588165,1
401.5518476963043,1
401.5801057815552,1
401.6087019443512,1
401.63773345947266,1
401.66636538505554,1
401.69488978385925,1
401.72352027893066,1
401.75208497047424,0
401.7807285785675,0
401.8098621368408,0
401.83810091018677,0
401.8669741153717,0
401.89542412757874,0
401.9240610599518,0
401.9531993865967,0
401.9816379547119,0
402.01026916503906,0
402.03879022598267,0
402.06743121147156,0
402.0965642929077,0
402.12481236457825,0
402.153954744339,0
402.1821451187134,0
402.211177110672,0
402.2395396232605,0
402.26816391944885,0
402.29729652404785,0
402.325936794281,0
402.3544578552246,0
402.3828921318054,0
402.4115266799927,0
402.4401879310608,0
402.46933102607727,0
402.49784231185913,0
402.52647399902344,0
402.5548806190491,0
402.58401346206665,0
402.61264967918396,0
402.6411793231964,0
402.6695656776428,0
402.6982605457306,0
402.72739815711975,0
402.75604033470154,0
402.78460478782654,0
402.81294894218445,0
402.8416154384613,0
402.8707482814789,0
402.8992807865143,0
402.92761850357056,0
402.9563241004944,0
402.98496079444885,0
403.0140948295593,0
403.0423345565796,0
403.07111263275146,0
403.09968423843384,0
403.1283292770386,0
403.157461643219,0
403.18559432029724,0
403.214736700058,0
403.24300742149353,0
403.2717053890228,0
403.3008415699005,0
403.32899236679077,0
403.3581247329712,0
403.3864357471466,0
403.415057182312,0
403.44408321380615,0
403.4727199077606,0
403.50135135650635,0
403.5301089286804,0
403.5584177970886,0
403.5871171951294,0
403.615761756897,0
403.64478158950806,0
403.67308497428894,0
403.701788187027,0
403.73080706596375,0
403.75944924354553,0
403.7880799770355,0
403.8166034221649,0
403.8451428413391,0
403.873797416687,0
403.90241026878357,0
403.93154764175415,0
403.960072517395,0
403.9885222911835,0
404.0171949863434,0
404.0462234020233,0
404.07485485076904,0
404.1033787727356,0
404.1323916912079,0
404.16051411628723,0
404.1891555786133,0
404.21828842163086,0
404.2468328475952,0
404.27524495124817,0
404.3039360046387,0
404.3325831890106,0
404.3617162704468,0
404.3898332118988,0
404.41856622695923,1
404.4472794532776,0
404.4759111404419,0
404.50504326820374,0
404.53357005119324,0
404.5619480609894,0
404.59061431884766,0
404.61974716186523,0
404.648273229599,0
404.6767911911011,0
404.7053325176239,0
404.7341139316559,0
404.76274490356445,0
404.7913863658905,0
404.81990003585815,0
404.84869718551636,0
404.877320766449,0
404.9060232639313,0
404.93505024909973,0
404.96361112594604,0
404.99206137657166,1
405.0207190513611,1
405.04973816871643,1
405.0783748626709,1
405.1070878505707,0
405.135605096817,0
405.1640543937683,0
405.19272923469543,0
405.22186636924744,1
405.2501096725464,1
405.2792456150055,1
405.30743527412415,1
405.3365776538849,1
405.36521220207214,1
405.3934018611908,1
405.4225721359253,1
405.450811624527,1
405.4794890880585,1
405.5121886730194,1
405.54122161865234,1
405.56985330581665,1
405.5983786582947,1
405.6270098686218,1
405.65565037727356,1
405.68429255485535,1
405.71342515945435,1
405.74161314964294,1
405.77074694633484,1
405.79938769340515,1
405.8279037475586,1
405.8565454483032,1
405.88497257232666,1
405.9136724472046,1
405.94236874580383,1
405.970885515213,1
405.99964904785156,1
406.02831625938416,1
406.05745935440063,1
406.0860970020294,1
406.11461353302,1
406.1429946422577,1
406.1717209815979,1
406.20085406303406,1
406.22949504852295,1
406.25801706314087,1
406.2863619327545,1
406.3150339126587,1
406.3437125682831,1
406.37285017967224,1
406.4011228084564,1
406.4301769733429,1
406.45839619636536,1
406.48752903938293,1
406.5161726474762,1
406.54471135139465,1
406.5731041431427,1
406.6017870903015,1
406.6309247016907,1
406.6595661640167,1
406.68811440467834,1
406.71643352508545,1
406.7454650402069,1
406.7740967273712,1
406.8027386665344,1
406.8310956954956,1
406.85979557037354,1
406.8884377479553,1
406.91754126548767,1
406.94586634635925,1
406.97450160980225,1
407.0036334991455,1
407.0321595668793,1
407.0607895851135,1
407.08931040763855,0
407.11795234680176,0
407.1465380191803,0
407.175172328949,0
407.20387601852417,0
407.2328953742981,0
407.26153683662415,0
407.29016757011414,0
407.31868624687195,0
407.3477146625519,0
407.37622928619385,0
407.40487122535706,0
407.43347787857056,0
407.46211338043213,0
407.4907445907593,0
407.5197651386261,0
407.5482928752899,0
407.57692289352417,0
407.60543990135193,0
407.634081363678,0
407.66310238838196,0
407.6917338371277,0
407.7203652858734,0
407.74889516830444,0
407.7773208618164,0
407.8061122894287,0
407.8347523212433,0
407.863392829895,0
407.8919086456299,0
407.9211311340332,0
407.9496555328369,0
407.9782872200012,0
408.00692915916443,0
408.0354504585266,0
408.0640561580658,0
408.09275794029236,0
408.12189054489136,0
408.1505320072174,0
408.17904901504517,0
408.20742177963257,0
408.240332365036,0
408.2689678668976,0
408.2975986003876,0
408.3261137008667,0
408.3552620410919,0
408.38354992866516,0
408.41257643699646,0
408.4411940574646,0
408.4696695804596,0
408.49830079078674,0
408.5269374847412,0
408.5555684566498,0
408.58471155166626,0
408.61319756507874,0
408.64171862602234,0
408.67026567459106,0
408.6989483833313,0
408.72809076309204,0
408.75643944740295,0
408.785071849823,0
408.81365060806274,0
408.84229016304016,0
408.8709785938263,0
408.8995795249939,0
408.9286756515503,0
408.9570631980896,0
408.98566484451294,0
409.0143060684204,0
409.0430006980896,0
409.0721378326416,0
409.10027718544006,0
409.12909483909607,0
409.15761137008667,0
409.1867437362671,0
409.2152633666992,0
409.24415469169617,0
409.2723684310913,0
409.3010048866272,0
409.3301384449005,0
409.3586616516113,0
409.3873031139374,0
409.4157452583313,0
409.44434547424316,0
409.47347807884216,0
409.50220680236816,0
409.53083777427673,0
409.5591058731079,0
409.58774185180664,0
409.6168746948242,0
409.6451368331909,0
409.6742708683014,0
409.702912569046,0
409.73143696784973,0
409.7600734233856,0
409.78847193717957,0
409.81760478019714,0
409.8458857536316,0
409.87440299987793,0
409.9032201766968,0
409.9322862625122,0
409.96092891693115,0
409.9895706176758,0
410.01808643341064,0
410.046573638916,0
410.0751917362213,0
410.1043243408203,0
410.1329662799835,0
410.1614923477173,0
410.1899082660675,0
410.21857261657715,0
410.24722599983215,0
410.2763693332672,0
410.3045566082001,0
410.33327984809875,0
410.36194109916687,0
410.3910744190216,0
410.41971588134766,0
410.448290348053,0
410.4765977859497,0
410.5052332878113,0
410.53436613082886,0
410.56300926208496,0
410.5915524959564,0
410.6199486255646,0
410.64897632598877,0
410.67760729789734,0
410.70624446868896,0
410.73455452919006,0
410.7633304595947,0
410.7919719219208,0
410.82110500335693,0
410.8493764400482,0
410.8780119419098,0
410.9071431159973,0
410.93566823005676,0
410.96816849708557,0
410.99689531326294,0
411.02553725242615,0
411.0545618534088,0
411.0828709602356,0
411.1115312576294,0
411.14055585861206,0
411.16919779777527,1
411.1978294849396,1
411.2262134552002,1
411.2553493976593,1
411.28352665901184,1
411.3121678829193,1
411.3413050174713,1
411.36956548690796,1
411.39869809150696,1
411.4268867969513,1
411.45548915863037,1
411.48462176322937,1
411.51302886009216,1
411.54204845428467,1
411.57033371925354,1
411.59897565841675,1
411.62810730934143,1
411.65627431869507,1
411.6854076385498,1
411.7140438556671,1
411.7425706386566,1
411.77120184898376,1
411.7997074127197,1
411.8283438682556,1
411.8569903373718,1
411.885538816452,1
411.91434264183044,1
411.9432599544525,1
411.9719948768616,1
412.0006310939789,1
412.02903866767883,1
412.0577027797699,1
412.08633828163147,1
412.1154706478119,1
412.1440050601959,1
412.17256212234497,1
412.2010359764099,1
412.22967743873596,1
412.2588129043579,1
412.2873330116272,1
412.31596398353577,1
412.34448075294495,1
412.37311697006226,1
412.4017539024353,1
412.43077516555786,1
412.459352016449,1
412.48779225349426,1
412.5164337158203,1
412.5454514026642,1
412.5741789340973,1
412.60281014442444,1
412.631139755249,1
412.6600558757782,1
412.6886930465698,1
412.71714425086975,1
412.7461636066437,1
412.7744982242584,1
412.8031404018402,1
412.8322732448578,1
412.8605225086212,1
412.8896553516388,1
412.91787028312683,1
412.94651556015015,1
412.97563910484314,1
413.0038814544678,1
413.0330138206482,1
413.06122756004333,0
413.08986163139343,0
413.11855936050415,0
413.1473195552826,0
413.1759510040283,0
413.2045874595642,0
413.2336003780365,0
413.26189064979553,0
413.2905955314636,0
413.3197271823883,0
413.3479645252228,0
413.3764798641205,0
413.40527629852295,0
413.43396854400635,0
413.46295642852783,0
413.4916298389435,0
413.5201516151428,0
413.5486705303192,0
413.57732224464417,0
413.6064555644989,0
413.6350975036621,0
413.6635172367096,0
413.6962685585022,0
413.7248122692108,0
413.7534432411194,0
413.7825803756714,0
413.8110418319702,0
413.8395617008209,0
413.86811780929565,0
413.8967890739441,0
413.925931930542,0
413.9544644355774,0
413.9828760623932,0
414.01157450675964,0
414.040212392807,0
414.06934809684753,0
414.09748935699463,0
414.1266224384308,0
414.1548807621002,0
414.1835114955902,0
414.21219301223755,0
414.2408380508423,0
414.26997113227844,0
414.29818511009216,0
414.3269019126892,0
414.35555124282837,0
414.3841881752014,0
414.4133212566376,0
414.44164514541626,0
414.47073888778687,0
414.49888944625854,0
414.5275309085846,0
414.55655431747437,0
414.58518743515015,0
414.61365699768066,0
414.64230132102966,0
414.6709451675415,0
414.69970655441284,0
414.7283384799957,0
414.7569913864136,0
414.78600430488586,0
414.81431221961975,0
414.84308648109436,0
414.87171745300293,0
414.90035367012024,0
414.928870677948,0
414.9576871395111,0
414.98638939857483,0
415.01552176475525,0
415.0440413951874,0
415.07255840301514,0
415.1010174751282,0
415.12968015670776,0
415.1587002277374,0
415.18734216690063,0
415.2160265445709,0
415.24466156959534,0
415.27306628227234,0
415.3021996021271,0
415.33084201812744,0
415.3590111732483,0
415.38765478134155,0
415.41679191589355,0
415.44543385505676,0
415.47407603263855,0
415.5025281906128,0
415.53114104270935,0
415.5600688457489,0
415.58870005607605,0
415.6173346042633,0
415.64585876464844,0
415.67449164390564,0
415.70312666893005,0
415.73186898231506,0
415.7608947753906,0
415.789532661438,0
415.8181641101837,0
415.84668731689453,0
415.87518882751465,0
415.90421438217163,0
415.93285608291626,0
415.96149802207947,0
415.9900827407837,0
416.0185480117798,0
416.04757618904114,0
416.07621240615845,0
416.1048421859741,0
416.1333532333374,0
416.16189455986023,0
416.19091534614563,0
416.21954703330994,0
416.2480700016022,0
416.27658128738403,0
416.30526518821716,0
416.33403635025024,0
416.3626766204834,0
416.3913197517395,0
416.4198365211487,0
416.4489793777466,0
416.4775686264038,1
416.50621342658997,1
416.5348553657532,1
416.56354117393494,1
416.5920760631561,1
416.6206533908844,1
416.6496751308441,1
416.67831158638,1
416.70682883262634,1
416.7353620529175,1
416.7640335559845,1
416.7931663990021,1
416.8218023777008,1
416.8503303527832,1
416.8787171840668,1
416.90740060806274,1
416.9365339279175,1
416.965181350708,1
416.99362230300903,1
417.02207040786743,1
417.0508852005005,1
417.07951736450195,1
417.10816192626953,1
417.13701939582825,1
417.16544914245605,1
417.1941397190094,1
417.2227716445923,1
417.251802444458,1
417.28000664711,1
417.308767080307,1
417.33750653266907,1
417.36652159690857,1
417.3951642513275,1
417.42352414131165,1
417.4525430202484,1
417.48087525367737,1
417.5095202922821,1
417.5386562347412,1
417.56680154800415,1
417.5959334373474,1
417.62444496154785,1
417.65288615226746,1
417.6815514564514,1
417.7101893424988,1
417.73932218551636,1
417.7678442001343,1
417.79623007774353,1
417.82525062561035,1
417.8537812232971,1
417.88230180740356,1
417.91081190109253,1
417.9395935535431,1
417.9686188697815,1
417.99726033210754,1
418.0259931087494,1
418.0545129776001,1
418.0829336643219,1
418.1119475364685,1
418.14058351516724,1
418.16921973228455,1
418.19773864746094,1
418.22632217407227,1
418.2549786567688,1
418.2836093902588,1
418.3127429485321,1
418.3412928581238,1
418.3696999549866,1
418.3983938694,1
418.427526473999,1
418.4556803703308,1
418.48470544815063,0
418.51330757141113,0
418.5416774749756,0
418.5708210468292,0
418.59946370124817,0
418.62797689437866,0
418.6563911437988,0
418.68509125709534,0
418.71422386169434,0
418.7428660392761,0
418.77099084854126,0
418.7997748851776,0
418.82841992378235,0
418.8570764064789,0
418.88621497154236,0
418.91451716423035,0
418.94353103637695,0
418.97179198265076,0
419.0009253025055,0
419.029128074646,0
419.05816173553467,0
419.0867922306061,0
419.1151807308197,0
419.1483242511749,0
419.17659997940063,0
419.2052354812622,0
419.2343683242798,0
419.2630088329315,0
419.2916386127472,0
419.3199326992035,0
419.3485779762268,0
419.3777105808258,0
419.4062297344208,0
419.43486070632935,0
419.46331429481506,0
419.49195075035095,0
419.52104902267456,0
419.5495684146881,0
419.57819962501526,0
419.6066908836365,0
419.6353340148926,0
419.6643559932709,0
419.69268131256104,0
419.72181391716003,0
419.7503397464752,0
419.778981924057,0
419.807612657547,0
419.8360233306885,0
419.86516642570496,0
419.8934152126312,0
419.9220495223999,0
419.95118713378906,0
419.9794020652771,0
420.0085344314575,0
420.0372362136841,0
420.065491437912,0
420.0941250324249,0
420.12287855148315,0
420.15190625190735,0
420.18054366111755,0
420.2090663909912,0
420.2374596595764,0
420.2661323547363,0
420.2952654361725,0
420.32350063323975,0
420.3525183200836,0
420.38085889816284,0
420.40999150276184,0
420.43863320350647,0
420.4669864177704,0
420.4956169128418,0
420.524573802948,0
420.55321526527405,0
420.58185172080994,0
420.6104850769043,0
420.63911604881287,0
420.66753244400024,0
420.69621300697327,0
420.7253563404083,0
420.7538831233978,0
420.7825152873993,0
420.81087923049927,0
420.8395948410034,0
420.86862111091614,0
420.8972671031952,0
420.92589831352234,0
420.9547064304352,0
420.98292541503906,0
421.0116591453552,0
421.04028248786926,0
421.0694200992584,0
421.0976371765137,0
421.1263048648834,0
421.15533471107483,0
421.18397760391235,0
421.21260929107666,0
421.24098229408264,0
421.26967191696167,0
421.29835629463196,0
421.32699751853943,0
421.35601782798767,0
421.3845329284668,0
421.4130206108093,0
421.44169783592224,0
421.47034192085266,0
421.49947476387024,0
421.5280523300171,0
421.5566327571869,0
421.5850772857666,0
421.6137137413025,0
421.6428470611572,0
421.6710774898529,0
421.6997175216675,0
421.72840332984924,0
421.75743675231934,0
421.7860736846924,0
421.81476402282715,0
421.8434007167816,0
421.8760476112366,0
421.90456366539,0
421.93320870399475,0
421.96189856529236,0
421.99103236198425,0
422.01967549324036,0
422.04784893989563,0
422.0765767097473,0
422.10527181625366,0
422.13440561294556,0
422.16257977485657,0
422.1914668083191,0
422.21994853019714,0
422.2485947608948,0
422.27772760391235,0
422.306369304657,0
422.33496499061584,0
422.36331963539124,0
422.3919606208801,0
422.4210937023163,0
422.44973397254944,0
422.4778747558594,0
422.5070059299469,0
422.53557538986206,0
422.5641243457794,1
422.593145608902,1
422.62128734588623,1
422.6503019332886,1
422.6788184642792,1
422.70744919776917,1
422.736465215683,1
422.7649586200714,1
422.79358887672424,1
422.822105884552,1
422.85074758529663,1
422.8797676563263,1
422.9084086418152,1
422.9370393753052,1
422.96556973457336,1
422.99420070648193,1
423.0232219696045,1
423.05181431770325,1
423.0804445743561,1
423.10896134376526,1
423.13759207725525,1
423.16611790657043,1
423.19525122642517,1
423.22389554977417,1
423.25242161750793,1
423.2808816432953,1
423.30997037887573,1
423.3386015892029,1
423.36724042892456,1
423.3957521915436,1
423.4241874217987,1
423.4530656337738,1
423.4817020893097,1
423.5103385448456,1
423.53885531425476,1
423.5675437450409,1
423.5962104797363,1
423.6253430843353,1
423.65386724472046,1
423.6823844909668,1
423.7109127044678,1
423.7395884990692,1
423.7686083316803,1
423.7972505092621,1
423.82576966285706,1
423.8544044494629,1
423.8829219341278,1
423.9120554924011,1
423.94069719314575,1
423.96897554397583,1
423.99762988090515,1
424.0262973308563,1
424.0554406642914,1
424.08407759666443,1
424.11246061325073,1
424.14098501205444,1
424.16963815689087,1
424.1987714767456,1
424.227413892746,1
424.255939245224,1
424.2843539714813,1
424.31299567222595,1
424.3421289920807,1
424.3706657886505,1
424.3989689350128,1
424.4276051521301,1
424.45674681663513,0
424.485383272171,0
424.51401829719543,0
424.5426597595215,0
424.57125902175903,0
424.60388112068176,0
424.6324939727783,0
424.66116070747375,0
424.68979930877686,0
424.7189326286316,0
424.7472014427185,0
424.77585768699646,0
424.8045463562012,0
424.83318853378296,0
424.86187958717346,0
424.89054346084595,0
424.9196743965149,0
424.94788360595703,0
424.9765281677246,0
425.00566124916077,0
425.03393387794495,0
425.0630385875702,0
425.09124755859375,0
425.1198830604553,0
425.1490161418915,0
425.17726945877075,0
425.2064015865326,0
425.2346260547638,0
425.2636501789093,0
425.29228234291077,0
425.32051968574524,0
425.3496518135071,0
425.37796664237976,0
425.40660762786865,0
425.43574047088623,0
425.46427154541016,0
425.4929027557373,0
425.5213441848755,0
425.54998564720154,0
425.5786862373352,0
425.6075074672699,0
425.6361391544342,0
425.66477608680725,0
425.6934576034546,0
425.7220890522003,0
425.7508704662323,0
425.7795069217682,0
425.80814385414124,0
425.8369553089142,0
425.8653841018677,0
425.89420890808105,0
425.9228403568268,0
425.9514832496643,0
425.98012948036194,0
426.00877022743225,0
426.0379033088684,0
426.06630778312683,0
426.09493041038513,0
426.1235282421112,0
426.1521649360657,0
426.18129801750183,0
426.20993995666504,0
426.23842549324036,0
426.2669563293457,0
426.29559993743896,0
426.32423186302185,0
426.35287737846375,0
426.38151383399963,0
426.4101641178131,0
426.4387991428375,0
426.4675381183624,0
426.49655270576477,0
426.525194644928,0
426.5537123680115,0
426.582373380661,0
426.6110050678253,0
426.640025138855,0
426.6684293746948,0
426.6970591545105,0
426.72557640075684,0
426.75471353530884,0
426.78323793411255,0
426.81186985969543,0
426.84050130844116,0
426.8690254688263,0
426.8976364135742,0
426.92666244506836,0
426.95529866218567,0
426.9839406013489,0
427.0124521255493,0
427.04096698760986,0
427.06997990608215,0
427.09870648384094,0
427.1273477077484,0
427.15586829185486,0
427.18434143066406,0
427.2130296230316,0
427.2421627044678,0
427.27080845832825,0
427.2993314266205,0
427.32768392562866,0
427.3565893173218,0
427.3852210044861,0
427.4138629436493,0
427.44237875938416,0
427.47106313705444,0
427.49974036216736,0
427.52887296676636,0
427.55740427970886,0
427.58598828315735,0
427.6144320964813,0
427.64307045936584,0
427.6720960140228,0
427.70073771476746,0
427.72942900657654,0
427.75794553756714,0
427.7864279747009,0
427.81556153297424,0
427.8441982269287,0
427.8724284172058,0
427.9011492729187,0
427.92986607551575,1
427.9585077762604,1
427.9876456260681,1
428.0159215927124,1
428.04448771476746,1
428.0731761455536,1
428.102276802063,1
428.1309199333191,1
428.15944385528564,1
428.18785214424133,1
428.21648836135864,1
428.24562096595764,1
428.27414655685425,1
428.3027880191803,1
428.33141827583313,1
428.359938621521,1
428.38856983184814,1
428.4175910949707,1
428.44623374938965,1
428.4748706817627,1
428.5033874511719,1
428.53190207481384,1
428.56092953681946,1
428.5895788669586,1
428.61821007728577,1
428.6467225551605,1
428.6792805194855,1
428.7080762386322,1
428.7367136478424,1
428.76538348197937,1
428.7940957546234,1
428.8232276439667,1
428.85144329071045,1
428.88008761405945,1
428.90922117233276,1
428.93745017051697,1
428.9661202430725,1
428.99476647377014,1
429.02340841293335,1
429.0525414943695,1
429.0808656215668,1
429.10960817337036,1
429.13815236091614,1
429.1671817302704,1
429.19581365585327,1
429.22453451156616,1
429.2531659603119,1
429.2814950942993,1
429.310138463974,1
429.33927178382874,1
429.3677988052368,1
429.3964304924011,1
429.42484641075134,1
429.45341658592224,1
429.48223900794983,1
429.51095938682556,1
429.5395917892456,1
429.5682010650635,1
429.59677481651306,1
429.6255793571472,1
429.6544635295868,1
429.68310475349426,1
429.7117416858673,1
429.7404203414917,1
429.7689344882965,1
429.79757595062256,1
429.82670879364014,1
429.8553547859192,1
429.8839898109436,0
429.9122920036316,0
429.94092774391174,0
429.9696247577667,0
429.99864435195923,0
430.0272812843323,0
430.0558023452759,0
430.08443903923035,0
430.11296796798706,0
430.1419198513031,0
430.17036509513855,0
430.19900703430176,0
430.22764325141907,0
430.2567808628082,0
430.28542828559875,0
430.3140592575073,0
430.34240341186523,0
430.3709394931793,0
430.40007281303406,0
430.4284031391144,0
430.4574279785156,0
430.48572850227356,0
430.51437044143677,0
430.5435039997101,0
430.57173323631287,0
430.600866317749,0
430.6295790672302,0
430.65810537338257,0
430.6867370605469,0
430.71511363983154,0
430.7437505722046,0
430.7729001045227,0
430.8014166355133,0
430.82985377311707,0
430.8588025569916,0
430.8874337673187,0
430.9160692691803,0
430.9445855617523,0
430.9731752872467,0
431.0018312931061,0
431.0309636592865,0
431.05948090553284,0
431.087993144989,0
431.1167187690735,0
431.1451940536499,0
431.1742174625397,0
431.20286536216736,0
431.2314546108246,0
431.2600910663605,0
431.2884941101074,0
431.317626953125,0
431.3462641239166,0
431.37493228912354,0
431.40768361091614,0
431.4360408782959,0
431.46467781066895,0
431.49381494522095,0
431.52189016342163,0
431.5510232448578,0
431.57937932014465,0
431.60805010795593,0
431.63687896728516,0
431.665403842926,0
431.69404315948486,0
431.7231743335724,0
431.75147247314453,0
431.780002117157,0
431.8091354370117,0
431.83791184425354,0
431.8660979270935,0
431.89475870132446,0
431.9234004020691,0
431.95253348350525,0
431.9808683395386,0
432.00950503349304,0
432.03811502456665,0
432.06714248657227,0
432.095773935318,0
432.12428641319275,0
432.15291714668274,0
432.1814727783203,0
432.21011424064636,0
432.239248752594,0
432.26749324798584,0
432.2966248989105,0
432.3248438835144,0
432.3534801006317,0
432.38262367248535,0
432.410884141922,0
432.44001722335815,0
432.4681899547577,0
432.4968237876892,0
432.5255889892578,0
432.55424404144287,0
432.58338165283203,0
432.61202359199524,0
432.6404073238373,0
432.6689250469208,0
432.6975631713867,0
432.7266960144043,0
432.7553389072418,0
432.78388571739197,0
432.8122766017914,0
432.840961933136,0
432.869619846344,0
432.8987579345703,0
432.9268796443939,0
432.95561003685,0
432.98425245285034,0
433.01338601112366,0
433.0420243740082,0
433.0703775882721,0
433.0990204811096,0
433.1277689933777,0
433.15640115737915,0
433.1850435733795,0
433.21389150619507,0
433.24235248565674,0
433.27139115333557,0
433.3000226020813,0
433.32866287231445,0
433.35730814933777,0
433.38573241233826,0
433.414368391037,0
433.4435005187988,0
433.47176933288574,0
433.50040555000305,0
433.52953696250916,0
433.5580623149872,0
433.58669352531433,0
433.6152136325836,0
433.64389157295227,0
433.67252588272095,0
433.70104360580444,0
433.7298901081085,0
433.75891613960266,0
433.78754782676697,0
433.8161835670471,0
433.84469413757324,0
433.8731460571289,0
433.9019157886505,1
433.9305474758148,1
433.95957708358765,1
433.9880874156952,1
434.0165319442749,1
434.045197725296,1
434.0742177963257,1
434.1028594970703,1
434.13549852371216,1
434.1640694141388,1
434.19264578819275,1
434.2212903499603,1
434.2504231929779,1
434.2787802219391,1
434.307320356369,1
434.3360183238983,1
434.36466574668884,1
434.393798828125,1
434.42226934432983,1
434.4509003162384,1
434.47937417030334,1
434.5080108642578,1
434.53714299201965,1
434.56566309928894,1
434.59429931640625,1
434.6227037906647,1
434.6513900756836,1
434.68041920661926,1
434.70890045166016,1
434.7375314235687,1
434.7665603160858,1
434.7947566509247,1
434.82389402389526,1
434.85234928131104,1
434.8809916973114,1
434.90949606895447,1
434.9381353855133,1
434.967169046402,1
434.99583530426025,1
435.0244674682617,1
435.05283641815186,1
435.0814723968506,1
435.1106095314026,1
435.13896584510803,1
435.1676137447357,1
435.1961498260498,1
435.2248344421387,1
435.2535698413849,1
435.28221583366394,1
435.31085109710693,1
435.3395290374756,1
435.3685472011566,1
435.3968768119812,1
435.42551374435425,1
435.45464730262756,1
435.482892036438,1
435.5115592479706,1
435.54024934768677,1
435.5692799091339,1
435.5979115962982,1
435.62625551223755,1
435.65532779693604,1
435.68361353874207,1
435.7122550010681,1
435.74138855934143,1
435.7696268558502,1
435.79875898361206,0
435.8269667625427,0
435.8556022644043,0
435.8847403526306,0
435.9129660129547,0
435.94209909439087,0
435.97032165527344,0
435.99896359443665,0
436.0280964374542,0
436.0566420555115,0
436.08527874946594,0
436.11365032196045,0
436.1422917842865,0
436.17101073265076,0
436.19993925094604,0
436.2285706996918,0
436.2570581436157,0
436.2858555316925,0
436.31448698043823,0
436.3429889678955,0
436.3717222213745,0
436.40036129951477,0
436.4293541908264,0
436.4577569961548,0
436.4867012500763,0
436.515332698822,0
436.5439739227295,0
436.5723488330841,0
436.6011097431183,0
436.62974667549133,0
436.6585500240326,0
436.6872019767761,0
436.71584916114807,0
436.7444748878479,0
436.77350759506226,0
436.80213952064514,0
436.830664396286,0
436.85929584503174,0
436.8878524303436,0
436.91648864746094,0
436.9456219673157,0
436.9738440513611,0
437.00297713279724,0
437.0311908721924,0
437.05982756614685,0
437.088960647583,0
437.11739444732666,0
437.14602541923523,0
437.1745853424072,0
437.20322704315186,0
437.2323591709137,0
437.26089453697205,0
437.2895269393921,0
437.318044424057,0
437.34656977653503,0
437.37562894821167,0
437.4042661190033,0
437.43290281295776,0
437.4614248275757,0
437.4899365901947,0
437.5189564228058,0
437.54758763313293,0
437.57611203193665,0
437.60462379455566,0
437.6333305835724,0
437.66241121292114,0
437.6910717487335,0
437.7197082042694,0
437.74822759628296,0
437.7766487598419,0
437.8053503036499,0
437.8344831466675,0
437.8631293773651,0
437.8916494846344,0
437.92007756233215,0
437.9487054347992,0
437.97772574424744,0
438.00636196136475,0
438.03488087654114,0
438.0638988018036,0
438.09203481674194,0
438.1211678981781,0
438.14980459213257,0
438.17839193344116,0
438.20675802230835,0
438.2354221343994,0
438.26455950737,0
438.2932012081146,0
438.3213565349579,0
438.35009360313416,0
438.3788676261902,0
438.40750312805176,0
438.4366412162781,0
438.46486163139343,0
438.4934730529785,0
438.522155046463,0
438.5512886047363,0
438.579815864563,0
438.6083574295044,0
438.6368315219879,0
438.6658592224121,0
438.6945013999939,0
438.7231442928314,0
438.7518472671509,0
438.78018832206726,0
438.80885100364685,0
438.837984085083,0
438.86663579940796,0
438.89485788345337,0
438.92348861694336,0
438.95250701904297,0
438.9810221195221,0
439.01004219055176,0
439.0381827354431,0
439.0672028064728,0
439.09572434425354,0
439.12435603141785,1
439.15337681770325,1
439.1814856529236,1
439.2106170654297,1
439.239134311676,1
439.2677752971649,1
439.2962894439697,1
439.3249306678772,1
439.3540630340576,1
439.3825855255127,1
439.41122102737427,1
439.4397451877594,1
439.46827483177185,1
439.49725818634033,1
439.52577543258667,1
439.5543158054352,1
439.5833477973938,1
439.6119854450226,1
439.6406219005585,1
439.6691429615021,1
439.69772267341614,1
439.72674894332886,1
439.75538063049316,1
439.78402400016785,1
439.812536239624,1
439.8410370349884,1
439.8698365688324,1
439.8984680175781,1
439.92710399627686,1
439.9561161994934,1
439.9844148159027,1
440.01310682296753,1
440.04223895072937,1
440.07076811790466,1
440.099289894104,1
440.12783670425415,1
440.1564736366272,1
440.1851809024811,1
440.21431827545166,1
440.242835521698,1
440.2714705467224,1
440.29982590675354,1
440.32895946502686,1
440.3575978279114,1
440.38583540916443,1
440.4145143032074,1
440.44319009780884,1
440.4722158908844,1
440.5008578300476,1
440.5293381214142,1
440.55784821510315,1
440.5865819454193,1
440.61571526527405,1
440.6443521976471,1
440.6728746891022,1
440.7012507915497,1
440.7299153804779,1
440.75904846191406,1
440.78769063949585,1
440.8158257007599,1
440.8445999622345,1
440.87355971336365,1
440.9021909236908,1
440.9308338165283,1
440.95933294296265,1
440.9879400730133,1
441.01658296585083,1
441.045716047287,1
441.07395601272583,1
441.1028251647949,1
441.13131189346313,1
441.15994811058044,1
441.1890835762024,1
441.2178122997284,0
441.24595046043396,0
441.2746512889862,0
441.3032851219177,0
441.3319876194,0
441.3610074520111,0
441.38965010643005,0
441.41828060150146,0
441.44679713249207,0
441.4753580093384,0
441.50437331199646,0
441.5330150127411,0
441.5616466999054,0
441.5901679992676,0
441.61874413490295,0
441.64777064323425,0
441.6763262748718,0
441.7048964500427,0
441.7334129810333,0
441.7621223926544,0
441.79114603996277,0
441.81977701187134,0
441.84840846061707,0
441.8769361972809,0
441.90547013282776,0
441.9344959259033,0
441.96312713623047,0
441.99177408218384,0
442.0202910900116,0
442.0488393306732,0
442.0775218009949,0
442.1066539287567,0
442.13529539108276,0
442.16381764411926,0
442.1921911239624,0
442.2208502292633,0
442.24998354911804,0
442.2782437801361,0
442.3067615032196,0
442.33554768562317,0
442.3642325401306,0
442.3933689594269,0
442.42200565338135,0
442.4503161907196,0
442.47888803482056,0
442.50758481025696,0
442.5367178916931,0
442.56535935401917,0
442.5938262939453,0
442.62227869033813,0
442.65101075172424,0
442.6796064376831,0
442.70875906944275,0
442.73732352256775,0
442.7658302783966,0
442.79432916641235,0
442.8234622478485,0
442.8521041870117,0
442.8806381225586,0
442.9089980125427,0
442.937659740448,0
442.966796875,0
442.99543929100037,0
443.0237979888916,0
443.05235958099365,0
443.08103013038635,0
443.1101670265198,0
443.13831615448,0
443.16745471954346,0
443.19567823410034,0
443.2243957519531,0
443.25310707092285,0
443.2816324234009,0
443.31076526641846,0
443.3391025066376,0
443.3681209087372,0
443.39664006233215,0
443.425283908844,0
443.45391631126404,0
443.4824388027191,0
443.51110100746155,0
443.5401220321655,0
443.568763256073,0
443.5973947048187,0
443.62583589553833,0
443.65450859069824,0
443.6831886768341,0
443.7118864059448,0
443.7405626773834,0
443.7696158885956,0
443.79782819747925,0
443.82652163505554,0
443.85516357421875,0
443.8841779232025,0
443.91252517700195,0
443.941180229187,0
443.97020983695984,0
443.9988534450531,0
444.02749013900757,0
444.05618476867676,0
444.0845777988434,0
444.1132287979126,0
444.1418659687042,0
444.1710088253021,0
444.1995530128479,0
444.2281608581543,0
444.25660037994385,0
444.28563046455383,0
444.31426191329956,0
444.34285044670105,0
444.37136721611023,0
444.3999617099762,0
444.42860293388367,0
444.45773577690125,0
444.4862504005432,0
444.51488041877747,0
444.5433142185211,0
444.57196021080017,0
444.6010932922363,0
444.6294198036194,0
444.6580514907837,0
444.68663001060486,0
444.71533274650574,0
444.7444932460785,0
444.77273893356323,0
444.8013758659363,0
444.8300471305847,0
444.8587236404419,0
444.8877546787262,0
444.91637086868286,0
444.9450023174286,0
444.9738004207611,0
445.00208377838135,0
445.03483295440674,0
445.06347012519836,0
445.0926139354706,0
445.1212558746338,0
445.14980459213257,0
445.1783218383789,0
445.20695757865906,0
445.23556756973267,0
445.26470589637756,1
445.2928011417389,1
445.3215608596802,1
445.35020303726196,1
445.3788995742798,1
445.4080352783203,1
445.4361746311188,1
445.46496391296387,1
445.4934928417206,1
445.5226261615753,1
445.5511600971222,1
445.5798034667969,1
445.6082706451416,1
445.6369128227234,1
445.66604590415955,1
445.6945743560791,1
445.723210811615,1
445.75163078308105,1
445.7806558609009,1
445.8092887401581,1
445.83780670166016,1
445.8664433956146,1
445.8950002193451,1
445.92363595962524,1
445.9527688026428,1
445.98104643821716,1
446.010178565979,1
446.03836011886597,1
446.067001581192,1
446.0961389541626,1
446.12436294555664,1
446.15349555015564,1
446.18173336982727,1
446.2103691101074,1
446.2396037578583,1
446.267742395401,1
446.2968852519989,1
446.32552671432495,1
446.35404348373413,1
446.3824529647827,1
446.4110996723175,1
446.4402334690094,1
446.4688787460327,1
446.49740076065063,1
446.5258300304413,1
446.5544672012329,1
446.5835180282593,1
446.6121551990509,1
446.64067220687866,1
446.6693081855774,1
446.6978323459625,1
446.7269651889801,1
446.7551908493042,1
446.78384733200073,1
446.81251192092896,1
446.84119153022766,1
446.8703353404999,1
446.8989772796631,1
446.92728090286255,1
446.95585536956787,1
446.9848828315735,1
447.01351499557495,1
447.0421516895294,1
447.07086634635925,1
447.0992531776428,1
447.1278953552246,0
447.15702867507935,0
447.1855614185333,0
447.2142722606659,0
447.24266624450684,0
447.27152729034424,0
447.3001585006714,0
447.3287990093231,0
447.35743474960327,0
447.3859694004059,0
447.41461062431335,0
447.4437429904938,0
447.4722716808319,0
447.5009129047394,0
447.5293183326721,0
447.5579574108124,0
447.58697748184204,0
447.6155035495758,0
447.64413952827454,0
447.67315912246704,0
447.70129776000977,0
447.73043060302734,0
447.7587161064148,0
447.7877447605133,0
447.8163757324219,0
447.84489703178406,0
447.8735387325287,0
447.9020526409149,0
447.9311857223511,0
447.95982694625854,0
447.98805499076843,0
448.01672768592834,0
448.0457947254181,0
448.0744299888611,0
448.10307121276855,0
448.1315875053406,0
448.16012620925903,0
448.18881821632385,0
448.2179515361786,0
448.24659514427185,0
448.2749969959259,0
448.30346608161926,0
448.3321421146393,0
448.3612756729126,0
448.3899211883545,0
448.418438911438,0
448.44682335853577,0
448.47549772262573,0
448.5046308040619,0
448.5332727432251,0
448.56177592277527,0
448.59016275405884,0
448.61892461776733,0
448.64756298065186,0
448.6762926578522,0
448.70492482185364,0
448.73355627059937,0
448.7627501487732,0
448.7912805080414,0
448.81956481933594,0
448.8486981391907,0
448.8773055076599,0
448.9055976867676,0
448.9342920780182,0
448.9628674983978,0
448.992005109787,0
449.02029395103455,0
449.04896306991577,0
449.0776023864746,0
449.10624599456787,0
449.1353793144226,0
449.1636211872101,0
449.1923100948334,0
449.2209861278534,0
449.24962306022644,0
449.2783613204956,0
449.30699825286865,0
449.3361303806305,0
449.36435985565186,0
449.39327454566956,0
449.42191076278687,0
449.45034551620483,0
449.4793653488159,0
449.50773000717163,0
449.53637194633484,0
449.5655047893524,0
449.59373593330383,0
449.62286901474,0
449.651079416275,0
449.6797249317169,0
449.7088580131531,0
449.7370891571045,0
449.7662091255188,0
449.7948582172394,0
449.82337474823,0
449.85200548171997,0
449.8807911872864,0
449.90942215919495,0
449.9380657672882,0
449.96676754951477,0
449.99511432647705,0
450.0239324569702,0
450.0525641441345,0
450.08159351348877,0
450.10979557037354,0
450.138468503952,0
450.16711044311523,0
450.1962490081787,0
450.2248909473419,0
450.2532687187195,0
450.28190422058105,0
450.3105466365814,0
450.339679479599,0
450.36831498146057,0
450.3964605331421,0
450.42520022392273,0
450.45384073257446,0
450.4866449832916,0
450.5156714916229,0
450.54431343078613,0
450.5729503631592,0
450.6013650894165,1
450.6300370693207,1
450.65871572494507,1
450.6872856616974,1
450.71641874313354,1
450.74467492103577,1
450.773556470871,1
450.80207896232605,1
450.8307218551636,1
450.85985565185547,1
450.88838386535645,1
450.9167466163635,1
450.9453911781311,1
450.97404623031616,1
451.0031795501709,1
451.0316982269287,1
451.060081243515,1
451.0888292789459,1
451.11746621131897,1
451.1465992927551,1
451.1748089790344,1
451.20344400405884,1
451.2321195602417,1
451.26076221466064,1
451.2894780635834,1
451.31836700439453,1
451.34680938720703,1
451.37584042549133,1
451.4044761657715,1
451.4331076145172,1
451.4618089199066,1
451.4901604652405,1
451.5188443660736,1
451.54747581481934,1
451.57661294937134,1
451.6048810482025,1
451.6340141296387,1
451.66222381591797,1
451.6908926963806,1
451.7200298309326,1
451.7482931613922,1
451.77731370925903,1
451.80559492111206,1
451.8342890739441,1
451.86293148994446,1
451.8914647102356,1
451.9205975532532,1
451.94897866249084,1
451.977618932724,1
452.00626277923584,1
452.0352921485901,1
452.0639297962189,1
452.092262506485,1
452.1209924221039,1
452.14964056015015,1
452.1782853603363,1
452.2074193954468,1
452.23574590682983,1
452.2643144130707,1
452.2934846878052,1
452.3216211795807,1
452.3507544994354,1
452.3794186115265,1
452.4076781272888,1
452.4363543987274,1
452.46499609947205,1
452.4940114021301,1
452.52240324020386,1
452.5515351295471,1
452.58005928993225,0
452.6087009906769,0
452.63733315467834,0
452.66572737693787,0
452.6948699951172,0
452.72309279441833,0
452.7517292499542,0
452.78086829185486,0
452.8091251850128,0
452.8382580280304,0
452.8664450645447,0
452.8954656124115,0
452.92409658432007,0
452.952454328537,0
452.98147416114807,0
453.01011419296265,0
453.03872776031494,0
453.06717109680176,0
453.09584736824036,0
453.1249806880951,0
453.15361738204956,0
453.182147026062,0
453.21489930152893,0
453.24331974983215,0
453.27193546295166,0
453.3010528087616,0
453.3292326927185,0
453.3583655357361,0
453.38663816452026,0
453.41530776023865,0
453.44444370269775,0
453.4725842475891,0
453.501727104187,0
453.53000044822693,0
453.5586850643158,0
453.58734464645386,0
453.6159813404083,0
453.64511466026306,0
453.6733548641205,0
453.70203733444214,0
453.73077273368835,0
453.7594168186188,0
453.7880983352661,0
453.816757440567,0
453.8453860282898,0
453.87407207489014,0
453.9027237892151,0
453.931355714798,0
453.96037101745605,0
453.98882269859314,0
454.0174436569214,0
454.04608964920044,0
454.07522225379944,0
454.10357570648193,0
454.13212394714355,0
454.1608271598816,0
454.1897294521332,0
454.21836614608765,0
454.24672174453735,0
454.2757291793823,0
454.3043260574341,0
454.3329575061798,0
454.36149883270264,0
454.39019083976746,0
454.418860912323,0
454.4474949836731,0
454.47663140296936,0
454.5053391456604,0
454.5339708328247,0
454.56261444091797,0
454.5912301540375,0
454.6195340156555,0
454.6481759548187,0
454.67732095718384,0
454.7059655189514,0
454.7342267036438,0
454.7629334926605,0
454.79146552085876,0
454.8202931880951,0
454.84893465042114,0
454.8777437210083,0
454.90627431869507,0
454.9349157810211,0
454.96404933929443,0
454.9925880432129,0
455.0212254524231,0
455.0496428012848,0
455.0782980918884,0
455.1074311733246,0
455.13595604896545,0
455.1645975112915,0
455.19298243522644,0
455.2216238975525,0
455.2507565021515,0
455.2792806625366,0
455.30798745155334,0
455.336359500885,0
455.364999294281,0
455.39401960372925,0
455.42253851890564,0
455.4511752128601,0
455.48019790649414,0
455.508337020874,0
455.537469625473,0
455.5659918785095,0
455.5946388244629,0
455.62327766418457,0
455.65180110931396,0
455.6809380054474,0
455.70924043655396,0
455.73787236213684,0
455.7665147781372,0
455.79539346694946,0
455.8240168094635,0
455.8524420261383,0
455.88157868385315,0
455.9102146625519,0
455.9387319087982,0
455.9671587944031,0
455.9958162307739,0
456.0249490737915,0
456.05359077453613,0
456.0821168422699,0
456.1105031967163,0
456.13915252685547,0
456.16828536987305,0
456.19681549072266,0
456.2252583503723,0
456.2538814544678,0
456.28273487091064,0
456.31136679649353,0
456.3401255607605,0
456.368718624115,0
456.39721179008484,0
456.42588353157043,0
456.45501708984375,0
456.4835362434387,0
456.5122015476227,0
456.54061365127563,0
456.56926345825195,1
456.5982885360718,1
456.6269311904907,1
456.655207157135,1
456.68422508239746,1
456.71263122558594,1
456.74176359176636,1
456.77040576934814,1
456.798700094223,1
456.82778310775757,1
456.85596656799316,1
456.88510489463806,1
456.9137406349182,1
456.94188117980957,1
456.97101306915283,1
456.9994533061981,1
457.02808451652527,1
457.057106256485,1
457.085631608963,1
457.11426162719727,1
457.14278841018677,1
457.17142510414124,1
457.2004578113556,1
457.22859954833984,1
457.25740337371826,1
457.28604459762573,1
457.3147625923157,1
457.3438820838928,1
457.3720226287842,1
457.40116000175476,1
457.4296772480011,1
457.4581320285797,1
457.4871664047241,1
457.51580333709717,1
457.5444395542145,1
457.5729570388794,1
457.6014404296875,1
457.6304659843445,1
457.6590967178345,1
457.68762135505676,1
457.71613812446594,1
457.74482583999634,1
457.77374291419983,1
457.8023853302002,1
457.8310408592224,1
457.85955715179443,1
457.8881983757019,1
457.9168293476105,1
457.9459617137909,1
457.9746034145355,1
458.0031261444092,1
458.0315725803375,1
458.0602171421051,1
458.08886885643005,1
458.11800742149353,1
458.14652490615845,1
458.17487478256226,1
458.203608751297,1
458.23274207115173,1
458.26138401031494,1
458.2899057865143,1
458.31823921203613,1
458.34693789482117,1
458.3759834766388,1
458.40462923049927,1
458.43320178985596,1
458.46161460876465,1
458.4903151988983,1
458.51944875717163,0
458.54808473587036,0
458.57621026039124,0
458.60498046875,0
458.633709192276,0
458.6623423099518,0
458.6910254955292,0
458.7197024822235,0
458.74836826324463,0
458.77705216407776,0
458.8056890964508,0
458.8348321914673,0
458.86320447921753,0
458.89171290397644,0
458.9203796386719,0
458.94951272010803,0
458.9781482219696,0
459.00629806518555,0
459.0354299545288,0
459.0639464855194,0
459.092453956604,0
459.1214745044708,0
459.15011644363403,0
459.1787519454956,0
459.20727825164795,0
459.23582577705383,0
459.2648458480835,0
459.29319763183594,0
459.3218295574188,0
459.35045075416565,0
459.3791151046753,0
459.4081451892853,0
459.4367878437042,0
459.46542406082153,0
459.49394822120667,0
459.52250385284424,0
459.5515191555023,0
459.58015608787537,0
459.6087923049927,0
459.6373100280762,0
459.6658799648285,0
459.6945457458496,0
459.72367906570435,0
459.7523100376129,0
459.7808270454407,0
459.8091917037964,0
459.8382122516632,0
459.8669013977051,0
459.8952827453613,0
459.9243013858795,0
459.95258688926697,0
459.98169922828674,0
460.0103313922882,0
460.0389680862427,0
460.06759905815125,0
460.09593081474304,0
460.12457251548767,0
460.15370535850525,0
460.1821150779724,0
460.2107563018799,0
460.23930525779724,0
460.2681677341461,0
460.29661297798157,0
460.32559537887573,0
460.3542158603668,0
460.38274335861206,0
460.4116644859314,0
460.4402961730957,0
460.46865344047546,0
460.4976749420166,0
460.5260365009308,0
460.554714679718,0
460.5833556652069,0
460.61223816871643,0
460.64087080955505,0
460.6693871021271,0
460.6980631351471,0
460.72675108909607,0
460.755295753479,0
460.78443908691406,0
460.8128068447113,0
460.8414397239685,0
460.8701057434082,0
460.8991346359253,0
460.9277663230896,0
460.9561176300049,0
460.9851357936859,0
461.01347732543945,0
461.0421187877655,0
461.0712516307831,0
461.09943747520447,0
461.1281590461731,0
461.15679907798767,0
461.185444355011,0
461.2145781517029,0
461.242879152298,0
461.27147150039673,0
461.30016469955444,0
461.3288061618805,0
461.3579921722412,0
461.3862564563751,0
461.41487216949463,0
461.44353723526,0
461.47217893600464,0
461.5011942386627,0
461.5295338630676,0
461.55866622924805,0
461.5871891975403,0
461.61582469940186,0
461.6444571018219,0
461.67294669151306,0
461.70158863067627,0
461.7303364276886,0
461.75897765159607,0
461.78761291503906,0
461.8165531158447,0
461.84518480300903,0
461.8738341331482,0
461.90236616134644,0
461.93100333213806,1
461.9599919319153,1
461.9885160923004,1
462.01698780059814,1
462.04567217826843,1
462.0743305683136,1
462.1031663417816,1
462.1317985057831,1
462.16043996810913,1
462.18896746635437,1
462.2176864147186,1
462.24668526649475,1
462.2753207683563,1
462.30396914482117,1
462.3326930999756,1
462.3610517978668,1
462.3900611400604,1
462.4186930656433,1
462.44733476638794,1
462.475665807724,1
462.5044410228729,1
462.53308272361755,1
462.56221652030945,1
462.59074354171753,1
462.619380235672,1
462.64782881736755,1
462.67647075653076,1
462.70548605918884,1
462.73400020599365,1
462.7626368999481,1
462.7911636829376,1
462.8198058605194,1
462.84894037246704,1
462.8773353099823,1
462.9059717655182,1
462.93448281288147,1
462.963125705719,1
462.99226355552673,1
463.0204768180847,1
463.0496098995209,1
463.0782446861267,1
463.10669898986816,1
463.1353304386139,1
463.16387701034546,1
463.19289684295654,1
463.2215385437012,1
463.25005555152893,1
463.27857732772827,1
463.3076174259186,1
463.3362491130829,1
463.3648908138275,1
463.39349842071533,1
463.42191314697266,1
463.45058512687683,1
463.47971749305725,1
463.50836539268494,1
463.5368821620941,1
463.56532740592957,1
463.594304561615,1
463.6229419708252,1
463.6515784263611,1
463.68014645576477,1
463.70864963531494,1
463.737309217453,1
463.76644229888916,1
463.7946572303772,1
463.82364535331726,1
463.8519940376282,1
463.88114047050476,1
463.9097933769226,1
463.93843626976013,0
463.966650724411,0
463.99529361724854,0
464.0244314670563,0
464.053062915802,0
464.08170437812805,0
464.11015033721924,0
464.1387228965759,0
464.16736698150635,0
464.19606924057007,0
464.22520565986633,0
464.2573404312134,0
464.2864785194397,0
464.3148727416992,0
464.3435447216034,0
464.37256479263306,0
464.40121269226074,0
464.42984414100647,0
464.458211183548,0
464.487229347229,0
464.5157470703125,0
464.5443835258484,0
464.5730152130127,0
464.60157012939453,0
464.6302344799042,0
464.6589481830597,0
464.6875970363617,0
464.7167308330536,0
464.74492144584656,0
464.7736086845398,0
464.802286863327,0
464.8309278488159,0
464.86006116867065,0
464.8885533809662,0
464.9169657230377,0
464.9456708431244,0
464.9743070602417,0
465.00332713127136,0
465.0318856239319,0
465.06031942367554,0
465.08934354782104,0
465.11797976493835,0
465.1466109752655,0
465.1751711368561,0
465.2037169933319,0
465.23237562179565,0
465.2610161304474,0
465.29015946388245,0
465.318727016449,0
465.34706449508667,0
465.37571239471436,0
465.4043436050415,0
465.43347692489624,0
465.4621000289917,0
465.4946253299713,0
465.5232620239258,0
465.55177879333496,0
465.58054184913635,0
465.60920119285583,0
465.63833379745483,0
465.66697120666504,0
465.69519090652466,0
465.72387075424194,0
465.75300335884094,0
465.7816400527954,0
465.8101942539215,0
465.83854603767395,0
465.8672471046448,0
465.89632630348206,0
465.9249782562256,0
465.9536530971527,0
465.9819071292877,0
466.0106749534607,0
466.03928875923157,0
466.06842708587646,0
466.0969521999359,0
466.12558913230896,0
466.1539673805237,0
466.1826732158661,0
466.2118122577667,0
466.23995423316956,0
466.26908707618713,0
466.2973473072052,0
466.3260033130646,0
466.35502314567566,0
466.38366508483887,0
466.4122910499573,0
466.4407114982605,0
466.46937918663025,0
466.4980432987213,0
466.52668619155884,0
466.55531787872314,0
466.5843381881714,0
466.612752199173,0
466.6414260864258,0
466.67006850242615,0
466.6988091468811,0
466.7278320789337,0
466.7604637145996,0
466.78898572921753,0
466.81762766838074,0
466.8503074645996,0
466.8793225288391,0
466.90790605545044,0
466.9365427494049,0
466.9650604724884,0
466.99369525909424,0
467.0227153301239,0
467.0513470172882,0
467.0799791812897,0
467.10854482650757,0
467.1369934082031,0
467.1661784648895,0
467.19870257377625,0
467.22733998298645,0
467.2559835910797,0
467.2846202850342,0
467.3131408691406,0
467.3417763710022,0
467.3709087371826,0
467.3994526863098,0
467.4281551837921,0
467.45651483535767,0
467.4851577281952,0
467.51430082321167,0
467.5424461364746,0
467.5715799331665,0
467.5998511314392,0
467.62861704826355,0
467.65723991394043,0
467.68584394454956,0
467.7149872779846,0
467.7471308708191,1
467.77612137794495,1
467.80466747283936,0
467.83336877822876,0
467.86200046539307,0
467.8911485671997,0
467.91975355148315,0
467.94805574417114,0
467.97670340538025,0
468.0053553581238,1
468.0344920158386,1
468.06263256073,1
468.0916516780853,1
468.1201682090759,1
468.14880990982056,1
468.1778359413147,1
468.20636439323425,1
468.2349953651428,1
468.263512134552,1
468.29214882850647,1
468.3211748600006,1
468.3493106365204,1
468.37844252586365,1
468.40707421302795,1
468.4356122016907,1
468.4641408920288,1
468.49316596984863,1
468.52179765701294,1
468.5503146648407,1
468.57881689071655,1
468.6078476905823,1
468.63649010658264,1
468.66512632369995,1
468.6936469078064,1
468.7221941947937,1
468.75120854377747,1
468.7798445224762,1
468.8084805011749,1
468.83699798583984,1
468.86557126045227,1
468.89460611343384,1
468.9232840538025,1
468.9519159793854,1
468.98043179512024,1
469.0089113712311,1
469.03760838508606,1
469.070250749588,1
469.0992705821991,1
469.12792468070984,1
469.1565546989441,1
469.1850335597992,1
469.21406531333923,1
469.2426972389221,1
469.2712290287018,1
469.2997405529022,1
469.32841753959656,1
469.3570592403412,1
469.38619232177734,1
469.41434693336487,1
469.4435272216797,1
469.4717879295349,1
469.50032567977905,1
469.52945828437805,1
469.55806159973145,1
469.58669924736023,1
469.61509943008423,1
469.6441309452057,1
469.67276263237,1
469.7050075531006,1
469.7341408729553,1
469.76278376579285,1
469.79111766815186,1
469.8199050426483,1
469.8486180305481,1
469.87775111198425,0
469.90627789497375,0
469.9346559047699,0
469.96323108673096,0
469.9918758869171,0
470.02100920677185,0
470.0496506690979,0
470.0781307220459,0
470.1066257953644,0
470.1352665424347,0
470.16439938545227,0
470.19304394721985,0
470.2216799259186,0
470.2499940395355,0
470.279132604599,0
470.31125497817993,0
470.3400945663452,0
470.36873745918274,0
470.3977572917938,0
470.4261155128479,0
470.45484161376953,0
470.48353600502014,0
470.5120658874512,0
470.54119992256165,0
470.5694704055786,0
470.59848165512085,0
470.62681460380554,0
470.6554572582245,0
470.6845896244049,0
470.71286392211914,0
470.74151396751404,0
470.7701835632324,0
470.7988283634186,0
470.8279609680176,0
470.8562443256378,0
470.88489413261414,0
470.91356348991394,0
470.94634318351746,0
470.97499990463257,0
471.0036597251892,0
471.0327925682068,0
471.06543946266174,0
471.0978171825409,0
471.12694931030273,0
471.15558552742004,0
471.1840968132019,0
471.21257734298706,0
471.24121952056885,0
471.2703523635864,0
471.2988805770874,0
471.32761001586914,0
471.35591530799866,0
471.38504815101624,0
471.4135720729828,0
471.44222354888916,0
471.47454047203064,0
471.5040647983551,0
471.5361177921295,0
471.5648238658905,0
471.5936403274536,0
471.6222779750824,0
471.6509211063385,0
471.67962861061096,0
471.70818972587585,0
471.7368552684784,0
471.76598834991455,0
471.7946343421936,0
471.82707929611206,0
471.8597116470337,0
471.8888545036316,0
471.9210820198059,0
471.95026755332947,0
471.9785432815552,0
472.007178068161,0
472.0363140106201,0
472.0644543170929,0
472.09359216690063,0
472.12189960479736,0
472.1505687236786,0
472.1795902252197,0
472.2121226787567,0
472.2407600879669,0
472.26957416534424,0
472.2980992794037,0
472.3267059326172,0
472.3553476333618,0
472.3844802379608,0
472.41701197624207,0
472.44565415382385,0
472.47440671920776,0
472.5029320716858,0
472.5314815044403,0
472.5605366230011,0
472.59318256378174,0
472.62181854248047,0
472.65028285980225,0
472.6794157028198,0
472.71156215667725,0
472.7405846118927,0
472.77333760261536,0
472.8019132614136,0
472.8305492401123,0
472.8596818447113,0
472.8921766281128,0
472.9208126068115,0
472.9494535923004,0
472.9781332015991,0
473.006671667099,0
473.03528690338135,0
473.0644197463989,0
473.0930609703064,0
473.12157249450684,0
473.1499891281128,0
473.1786777973175,0
473.2073245048523,0
473.23646330833435,0
473.268586397171,0
473.29761123657227,1
473.3261775970459,1
473.35479640960693,1
473.38393473625183,1
473.4120399951935,1
473.4411735534668,1
473.4698257446289,1
473.49846863746643,1
473.5271089076996,1
473.5557508468628,1
473.5843858718872,1
473.6128396987915,1
473.64153575897217,1
473.6701731681824,1
473.69894766807556,1
473.727579832077,1
473.756227016449,1
473.7848427295685,1
473.8136074542999,1
473.8422484397888,1
473.8713812828064,1
473.90346789360046,1
473.932612657547,1
473.96162128448486,1
473.99383330345154,1
474.0224359035492,1
474.0511724948883,1
474.07981419563293,1
474.1084475517273,1
474.13711953163147,1
474.1658275127411,1
474.19485330581665,1
474.2234899997711,1
474.256121635437,1
474.28461360931396,1
474.31375098228455,1
474.3419408798218,1
474.37057542800903,1
474.39971256256104,1
474.42797803878784,1
474.45660948753357,1
474.48530554771423,1
474.51409125328064,1
474.5426859855652,1
474.57531356811523,1
474.604346036911,1
474.6329779624939,1
474.6612982749939,1
474.6900954246521,1
474.71877932548523,1
474.74741077423096,1
474.77654361724854,1
474.80506801605225,1
474.833699464798,1
474.86212372779846,1
474.8908267021179,1
474.9194722175598,1
474.9481770992279,1
474.97726941108704,1
475.00551652908325,1
475.03858518600464,1
475.0669596195221,1
475.0956048965454,1
475.124737739563,1
475.1533749103546,1
475.1855866909027,1
475.2147250175476,1
475.24305415153503,1
475.2717957496643,1
475.3004412651062,1
475.32907605171204,0
475.35820841789246,0
475.39065742492676,0
475.41929864883423,0
475.4478485584259,0
475.4765377044678,0
475.50521874427795,0
475.53423953056335,0
475.56688237190247,0
475.5955185890198,0
475.6240348815918,0
475.6526701450348,0
475.68168544769287,0
475.71005392074585,0
475.73868465423584,0
475.76770520210266,0
475.80034732818604,0
475.8288004398346,1
475.8574421405792,0
475.88657546043396,0
475.91481018066406,0
475.9439437389374,0
475.97608947753906,0
476.0052237510681,0
476.0374665260315,0
476.06637024879456,0
476.0950150489807,0
476.12414717674255,0
476.15658593177795,0
476.1852180957794,0
476.2138638496399,0
476.24288296699524,0
476.2711732387543,0
476.2999920845032,0
476.32862305641174,0
476.3572587966919,0
476.3902819156647,0
476.42291808128357,0
476.45156049728394,0
476.48007678985596,0
476.50883197784424,0
476.5374290943146,0
476.56656193733215,0
476.59870862960815,0
476.6274964809418,0
476.6561748981476,0
476.6848521232605,0
476.7135899066925,0
476.7422308921814,0
476.77093744277954,0
476.79996275901794,0
476.8282208442688,0
476.856910943985,0
476.886048078537,0
476.9181418418884,0
476.947274684906,0
476.97591042518616,0
477.00864934921265,0
477.03727984428406,0
477.06579875946045,0
477.0944604873657,0
477.12315559387207,0
477.1522889137268,0
477.18466877937317,0
477.21355986595154,0
477.2419240474701,0
477.2705659866333,0
477.2997043132782,0
477.33222365379333,0
477.36486554145813,0
477.3934967517853,0
477.42252135276794,0
477.455157995224,0
477.48378896713257,0
477.51227498054504,0
477.54094195365906,0
477.56961131095886,0
477.59826016426086,0
477.62739300727844,0
477.6599135398865,0
477.68849658966064,0
477.7210900783539,0
477.7541170120239,0
477.78274726867676,0
477.8112735748291,0
477.8399155139923,0
477.8690490722656,0
477.89736127853394,0
477.92599177360535,0
477.954647064209,0
477.98328280448914,0
478.01198291778564,0
478.0406494140625,0
478.06978273391724,0
478.0983102321625,0
478.1269521713257,0
478.15558314323425,0
478.18406534194946,0
478.21308636665344,0
478.245728969574,0
478.27424693107605,0
478.3028872013092,0
478.33145093917847,0
478.3605840206146,0
478.39271903038025,0
478.4215245246887,0
478.4506571292877,0
478.4789423942566,0
478.50765895843506,0
478.5362904071808,0
478.5650589466095,0
478.59369111061096,0
478.62226819992065,0
478.65095925331116,0
478.67967081069946,0
478.7081961631775,0
478.7373287677765,0
478.76597261428833,0
478.79855489730835,0
478.8271255493164,0
478.8557679653168,0
478.88490104675293,0
478.91343116760254,0
478.94605469703674,0
478.9746870994568,0
479.0035698413849,0
479.03582286834717,0
479.06463742256165,0
479.093279838562,0
479.1224162578583,0
479.1509356498718,0
479.1795725822449,0
479.2080466747284,0
479.2366819381714,0
479.2653663158417,0
479.2943811416626,0
479.32702803611755,1
479.35565972328186,1
479.38416600227356,1
479.4128112792969,1
479.441499710083,1
479.4701361656189,1
479.4992799758911,1
479.5314679145813,1
479.56060123443604,1
479.5892381668091,1
479.61756467819214,1
479.64633798599243,1
479.6749906539917,1
479.7041275501251,1
479.7367694377899,1
479.76502799987793,1
479.79416012763977,1
479.8224127292633,1
479.851069688797,1
479.88020634651184,1
479.9123270511627,1
479.9414601325989,1
479.9700970649719,1
479.9985342025757,1
480.0272810459137,1
480.0598030090332,1
480.0886535644531,1
480.1176800727844,1
480.1499092578888,1
480.17904257774353,1
480.2075786590576,1
480.23603439331055,1
480.2648141384125,1
480.29345536231995,1
480.3225944042206,1
480.35511302948,1
480.3837559223175,1
480.4122576713562,1
480.44093680381775,1
480.4696114063263,1
480.4986364841461,1
480.531245470047,1
480.5598771572113,1
480.58842611312866,1
480.61706137657166,1
480.6460988521576,1
480.6783220767975,1
480.7074599266052,1
480.7359809875488,1
480.76462292671204,1
480.7932548522949,1
480.8217787742615,1
480.8505582809448,1
480.87957882881165,1
480.9121079444885,1
480.94073939323425,1
480.96955370903015,1
480.9981837272644,1
481.02678298950195,1
481.0554187297821,1
481.08405113220215,1
481.1127107143402,1
481.14184308052063,1
481.1700315475464,1
481.19867753982544,1
481.22781014442444,1
481.2603006362915,0
481.29294323921204,0
481.3220798969269,0
481.35418939590454,0
481.38332200050354,0
481.4116997718811,0
481.4407181739807,0
481.4729015827179,0
481.5021171569824,0
481.53082847595215,0
481.5630450248718,0
481.5921893119812,0
481.62482953071594,0
481.65346670150757,0
481.68206214904785,0
481.7106764316559,0
481.7393810749054,0
481.76803636550903,0
481.79717350006104,0
481.82932138442993,0
481.8584551811218,0
481.89109897613525,0
481.91953134536743,0
481.948664188385,0
481.9812033176422,0
482.00967741012573,0
482.03891038894653,0
482.07098746299744,0
482.10013222694397,0
482.12876772880554,0
482.1614046096802,0
482.19403648376465,0
482.22306752204895,0
482.2557096481323,0
482.28834104537964,0
482.3173670768738,0
482.34950160980225,0
482.3786346912384,0
482.407155752182,0
482.4356846809387,0
482.4647059440613,0
482.49735021591187,0
482.5259919166565,0
482.55859994888306,0
482.5872323513031,0
482.6162555217743,0
482.64850902557373,0
482.6773512363434,0
482.7063846588135,0
482.7390203475952,0
482.76745867729187,0
482.79609966278076,0
482.82524275779724,0
482.85753989219666,0
482.8866720199585,0
482.91531324386597,0
482.9478371143341,0
482.9763431549072,0
483.005521774292,0
483.0376672744751,0
483.06690287590027,0
483.0992751121521,0
483.12840938568115,0
483.1605498790741,0
483.1893870830536,0
483.2185251712799,0
483.2506663799286,0
483.2795021533966,0
483.3086383342743,0
483.34075474739075,0
483.3695824146271,0
483.398725271225,0
483.43089962005615,0
483.4600329399109,1
483.4886746406555,1
483.5209949016571,1
483.5500946044922,1
483.5784659385681,1
483.60760378837585,1
483.63978695869446,0
483.6689295768738,0
483.70156741142273,0
483.7339494228363,0
483.76309394836426,0
483.79172587394714,0
483.824250459671,0
483.8528928756714,0
483.88202476501465,0
483.91417026519775,0
483.9430537223816,0
483.9717984199524,0
484.0044484138489,0
484.03358030319214,0
484.0618600845337,0
484.09099292755127,0
484.1236357688904,0
484.1560945510864,0
484.1847264766693,0
484.21335911750793,0
484.2420017719269,0
484.2711341381073,0
484.30354619026184,0
484.33218359947205,0
484.3613164424896,0
484.3934931755066,0
484.4226305484772,0
484.45094060897827,0
484.4795813560486,0
484.5086419582367,0
484.54130601882935,0
484.5739092826843,0
484.6025457382202,0
484.6314013004303,0
484.66403245925903,0
484.69266963005066,0
484.721506357193,0
484.7542586326599,1
484.78282046318054,1
484.81548976898193,1
484.8441638946533,1
484.87284231185913,1
484.90148735046387,1
484.93062591552734,0
484.9630045890808,1
484.9916350841522,1
485.02031898498535,1
485.04897952079773,1
485.0779151916504,1
485.106285572052,1
485.13541889190674,1
485.16800260543823,1
485.1964955329895,1
485.22508692741394,1
485.2537291049957,1
485.2828619480133,1
485.31498551368713,1
485.34399223327637,1
485.3725461959839,1
485.4014675617218,1
485.4337730407715,1
485.4626727104187,1
485.4913139343262,1
485.5203366279602,1
485.5526473522186,1
485.5817496776581,1
485.6141154766083,1
485.6471276283264,1
485.67576932907104,1
485.70478677749634,1
485.7369396686554,1
485.76576495170593,1
485.7945022583008,1
485.8230314254761,1
485.85216426849365,1
485.8804557323456,1
485.909467458725,1
485.9419016838074,1
485.9705436229706,1
485.99967670440674,1
486.0322034358978,1
486.06084966659546,1
486.09358739852905,1
486.12212562561035,1
486.15126061439514,1
486.1838974952698,1
486.2161293029785,1
486.24526262283325,1
486.27368426322937,1
486.3023302555084,1
486.3314628601074,1
486.3640205860138,1
486.3966612815857,1
486.42530250549316,1
486.45417737960815,1
486.4868083000183,1
486.5153434276581,1
486.5443606376648,1
486.5765883922577,1
486.6055471897125,1
486.63417887687683,1
486.6628210544586,1
486.6913642883301,0
486.72016525268555,0
486.7487952709198,0
486.7779288291931,0
486.8100790977478,0
486.8389494419098,0
486.86808252334595,0
486.90022253990173,1
486.9290006160736,0
486.95775866508484,0
486.98640871047974,0
487.01507472991943,0
487.04421186447144,0
487.0765814781189,0
487.1052267551422,0
487.1338632106781,0
487.1624984741211,0
487.1911623477936,0
487.2199890613556,0
487.2526214122772,0
487.28175806999207,0
487.3142831325531,0
487.3469157218933,0
487.3799452781677,0
487.41266417503357,0
487.4449956417084,0
487.4740164279938,0
487.50666213035583,0
487.5391683578491,0
487.5681939125061,0
487.6009666919708,0
487.6296091079712,0
487.66222500801086,0
487.6913585662842,0
487.7240014076233,0
487.7565562725067,0
487.78518772125244,0
487.8137857913971,0
487.8424279689789,0
487.8715603351593,0
487.9039704799652,0
487.9326112270355,0
487.9652485847473,0
487.99400901794434,0
488.0231468677521,0
488.05578327178955,0
488.0883913040161,0
488.11741185188293,0
488.1495521068573,0
488.17857003211975,0
488.2112066745758,0
488.2397620677948,0
488.2684042453766,0
488.2975363731384,0
488.329833984375,0
488.35896706581116,0
488.3916039466858,0
488.4240872859955,0
488.45722007751465,0
488.4894917011261,0
488.5185101032257,0
488.5511519908905,0
488.580091714859,0
488.61270809173584,0
488.6453466415405,0
488.67785477638245,0
488.70688247680664,0
488.7354016304016,0
488.76403760910034,0
488.79317021369934,0
488.82541275024414,0
488.85454535484314,0
488.8871879577637,0
488.91949248313904,0
488.94862627983093,0
488.9772620201111,0
489.0097858905792,0
489.0389175415039,0
489.071412563324,0
489.1000723838806,0
489.13249373435974,0
489.16141295433044,0
489.1905469894409,0
489.2230775356293,0
489.2553987503052,0
489.2845320701599,0
489.31684398651123,0
489.34598207473755,0
489.378613948822,0
489.40764236450195,0
489.4399652481079,0
489.4685971736908,0
489.4972712993622,0
489.5259213447571,0
489.5549418926239,0
489.5875835418701,0
489.6199333667755,0
489.64895939826965,0
489.67759680747986,0
489.7101221084595,0
489.73892641067505,0
489.7675693035126,0
489.79630279541016,0
489.8289692401886,0
489.85782074928284,0
489.8868417739868,0
489.91901183128357,0
489.9481451511383,0
489.98073053359985,0
490.01325392723083,0
490.042387008667,0
490.07457876205444,0
490.1036653518677,0
490.13214802742004,0
490.16079473495483,0
490.1933572292328,0
490.22238302230835,0
490.25101494789124,0
490.28364634513855,0
490.31272053718567,0
490.34535121917725,0
490.3779881000519,0
490.41062355041504,0
490.43975734710693,0
490.47239995002747,0
490.50501823425293,0
490.5336492061615,0
490.56219244003296,0
490.5908327102661,0
490.61957478523254,0
490.64825677871704,0
490.6773896217346,1
490.7099184989929,1
490.742223739624,1
490.7713565826416,1
490.79999566078186,1
490.8324599266052,1
490.8612530231476,1
490.8898799419403,1
490.9185862541199,1
490.94772934913635,1
490.97996759414673,1
491.0089821815491,1
491.03737688064575,1
491.06995677948,1
491.09880232810974,1
491.1278042793274,1
491.1601357460022,1
491.18928265571594,1
491.2215292453766,1
491.254358291626,1
491.2870762348175,1
491.31610202789307,1
491.3484511375427,1
491.3814458847046,1
491.4100856781006,1
491.439218044281,1
491.4718406200409,1
491.50448632240295,1
491.5371174812317,1
491.5661392211914,1
491.59878158569336,1
491.63141322135925,1
491.66392970085144,1
491.69306921958923,1
491.72558856010437,1
491.7581524848938,1
491.78728580474854,1
491.8195788860321,1
491.84839153289795,1
491.877019405365,1
491.90604996681213,1
491.9386920928955,1
491.9710729122162,1
491.9999177455902,1
492.02856183052063,1
492.05769419670105,1
492.0898940563202,1
492.1190631389618,1
492.1516990661621,1
492.18406796455383,1
492.2130992412567,1
492.2457354068756,0
492.2782690525055,1
492.30728220939636,0
492.3399224281311,0
492.372447013855,0
492.4013569355011,1
492.4300260543823,1
492.45915842056274,1
492.49179005622864,1
492.52401781082153,1
492.5531506538391,1
492.5857870578766,1
492.61431646347046,1
492.6470437049866,1
492.6761815547943,1
492.7084674835205,0
492.74160051345825,0
492.7742438316345,0
492.8067774772644,0
492.83591079711914,0
492.8685534000397,0
492.90096282958984,0
492.9301013946533,0
492.96274280548096,0
492.99542927742004,0
493.0280635356903,0
493.0572018623352,0
493.0894613265991,0
493.11817049980164,0
493.1468186378479,0
493.1754834651947,0
493.2046265602112,0
493.23696875572205,0
493.2694938182831,0
493.29851508140564,0
493.33116149902344,0
493.36379289627075,0
493.3928134441376,0
493.4254586696625,0
493.45809054374695,0
493.487117767334,0
493.5196478366852,0
493.55227971076965,0
493.5814561843872,0
493.61398577690125,0
493.64646077156067,0
493.6752223968506,0
493.70387721061707,0
493.7325267791748,0
493.76516342163086,0
493.7942957878113,0
493.82659244537354,0
493.85573625564575,0
493.88836789131165,0
493.9208300113678,0
493.9499671459198,0
493.98259830474854,0
494.0150921344757,0
494.0437333583832,0
494.07286643981934,0
494.10507225990295,0
494.13837909698486,0
494.1707434654236,0
494.19987654685974,0
494.2325258255005,0
494.26523065567017,0
494.2978627681732,0
494.3305153846741,0
494.3591706752777,0
494.38830399513245,0
494.42054629325867,0
494.44956398010254,0
494.4780125617981,0
494.5069434642792,0
494.5394060611725,0
494.56853890419006,0
494.600741147995,0
494.6298792362213,0
494.6626343727112,0
494.6949896812439,0
494.7280070781708,0
494.7604811191559,0
494.78962540626526,0
494.822146654129,0
494.8547828197479,0
494.88387179374695,0
494.91638565063477,0
494.94502687454224,0
494.97392177581787,0
495.006552696228,0
495.0391972064972,0
495.06783270835876,0
495.09652876853943,0
495.12512850761414,0
495.15388107299805,0
495.18290185928345,0
495.21542620658875,0
495.24805784225464,0
495.27675557136536,0
495.30546593666077,1
495.3381209373474,0
495.3671398162842,0
495.39952778816223,0
495.4283046722412,0
495.4569420814514,0
495.48607563972473,0
495.51828241348267,0
495.54741954803467,0
495.5800564289093,0
495.612694978714,0
495.64132618904114,0
495.6699798107147,0
495.6986150741577,0
495.7276351451874,0
495.759890794754,0
495.7890293598175,0
495.8213949203491,0
495.85020875930786,0
495.882839679718,0
495.9118664264679,0
495.9442675113678,0
495.9734010696411,0
496.0060439109802,0
496.03840041160583,0
496.0675325393677,0
496.10017490386963,0
496.13270354270935,0
496.1614954471588,1
496.1941485404968,1
496.2229104042053,1
496.2516219615936,1
496.28415036201477,1
496.31328773498535,1
496.3459281921387,1
496.37842559814453,1
496.40755891799927,1
496.44020104408264,1
496.4725995063782,1
496.5017321109772,1
496.5343813896179,1
496.5668303966522,1
496.59596371650696,1
496.6284966468811,1
496.661256313324,1
496.69388794898987,1
496.7226598262787,1
496.75142121315,1
496.78405237197876,1
496.81317687034607,1
496.84542059898376,1
496.87418937683105,1
496.90677070617676,1
496.93566036224365,1
496.9647967815399,1
496.9974341392517,1
497.02987265586853,1
497.0588929653168,1
497.091534614563,1
497.1239368915558,1
497.1529595851898,1
497.1857032775879,1
497.2182228565216,1
497.24724864959717,1
497.2798864841461,1
497.31252932548523,1
497.3454370498657,1
497.37807416915894,1
497.4107155799866,1
497.43973660469055,1
497.4723780155182,1
497.5050094127655,1
497.5340361595154,1
497.5666780471802,1
497.59931206703186,1
497.63183999061584,1
497.6609888076782,1
497.6936972141266,1
497.7262268066406,1
497.7588701248169,1
497.79200315475464,1
497.82437229156494,1
497.85751605033875,1
497.88991832733154,1
497.9189467430115,1
497.95158338546753,1
497.9840109348297,1
498.013130903244,1
498.04577231407166,1
498.0782597064972,0
498.10710167884827,0
498.1362404823303,0
498.1687572002411,0
498.2011959552765,0
498.23433351516724,0
498.2669756412506,0
498.29947543144226,0
498.32849526405334,0
498.3611373901367,0
498.393657207489,0
498.42640566825867,0
498.4555447101593,0
498.4878785610199,0
498.52059507369995,0
498.54973793029785,0
498.5820574760437,0
498.61119556427,0
498.6438317298889,0
498.67658019065857,0
498.7092123031616,0
498.74185824394226,0
498.77093744277954,0
498.803569316864,0
498.8362166881561,0
498.8648581504822,0
498.8974952697754,0
498.92652106285095,0
498.9591660499573,0
498.9917984008789,0
499.0244359970093,0
499.05357456207275,0
499.0862123966217,0
499.1187353134155,0
499.14787316322327,0
499.18054723739624,0
499.2130756378174,0
499.2457172870636,0
499.2748501300812,0
499.3071460723877,0
499.33628845214844,0
499.36893105506897,0
499.4014570713043,0
499.43409872055054,0
499.463241815567,0
499.49553656578064,0
499.5243260860443,0
499.55303144454956,0
499.5861716270447,0
499.6188087463379,0
499.6511399745941,0
499.6801526546478,0
499.7130479812622,0
499.74537682533264,0
499.7741823196411,0
499.80678129196167,0
499.83592224121094,0
499.8682541847229,0
499.8970556259155,0
499.93007588386536,0
499.9627175331116,0
499.99519753456116,0
500.02406668663025,0
500.0532035827637,0
500.085382938385,0
500.11840319633484,0
500.1510446071625,0
500.179651260376,0
500.21236300468445,0
500.2455015182495,0
500.27787828445435,0
500.3070116043091,0
500.33966064453125,0
500.37237882614136,0
500.4050109386444,0
500.4376645088196,0
500.4663369655609,0
500.4954695701599,0
500.52798986434937,0
500.56088161468506,0
500.59351205825806,0
500.62596893310547,0
500.65489625930786,0
500.687584400177,0
500.7206676006317,0
500.75339102745056,0
500.78602385520935,0
500.81867265701294,0
500.85130977630615,0
500.88044357299805,0
500.91290378570557,0
500.94554591178894,0
500.97467827796936,0
501.0072138309479,0
501.03986072540283,0
501.0689935684204,0
501.10149812698364,0
501.1341435909271,0
501.1667799949646,0
501.1955804824829,0
501.2283663749695,0
501.2609977722168,0
501.28974318504333,0
501.3223066329956,0
501.3514437675476,0
501.38377499580383,0
501.41279435157776,0
501.44544291496277,0
501.4779727458954,0
501.50682401657104,0
501.5393807888031,0
501.5685238838196,0
501.6008822917938,0
501.62991523742676,0
501.6625576019287,0
501.6951994895935,0
501.7278699874878,0
501.7570073604584,0
501.78929114341736,0
501.8184494972229,0
501.85077381134033,0
501.8799126148224,0
501.9126465320587,0
501.94527888298035,0
501.9776985645294,0
502.00684213638306,0
502.03948426246643,0
502.07191348075867,1
502.1010570526123,1
502.1335711479187,1
502.16621351242065,1
502.194895029068,1
502.2276029586792,1
502.25673937797546,1
502.28937578201294,1
502.3219006061554,1
502.3549211025238,1
502.3875641822815,1
502.420206785202,1
502.4527745246887,1
502.4819133281708,1
502.5145537853241,1
502.54707860946655,1
502.57621693611145,1
502.6088478565216,1
502.6413674354553,1
502.674512386322,1
502.70709681510925,1
502.739604473114,1
502.77274775505066,1
502.80509305000305,1
502.8339354991913,1
502.86707830429077,1
502.8994691371918,1
502.93205094337463,1
502.9611885547638,1
502.9935166835785,1
503.02255368232727,1
503.0551908016205,1
503.08768010139465,1
503.11677598953247,1
503.1494174003601,1
503.1818823814392,1
503.2107620239258,1
503.2436294555664,1
503.27626729011536,1
503.30496096611023,1
503.3376030921936,1
503.37074518203735,1
503.403116941452,1
503.43614292144775,1
503.4686870574951,1
503.4974980354309,1
503.53053402900696,1
503.5629360675812,1
503.59207916259766,1
503.6243886947632,1
503.6575274467468,1
503.6899218559265,1
503.71911811828613,1
503.7517604827881,1
503.78414130210876,1
503.81678438186646,1
503.8459210395813,1
503.8783874511719,1
503.91097044944763,1
503.9401183128357,1
503.9728648662567,1
504.00526094436646,1
504.03428769111633,1
504.06692457199097,0
504.0995559692383,0
504.1282913684845,0
504.1609275341034,0
504.190060377121,0
504.22274374961853,0
504.255384683609,0
504.28801679611206,0
504.3206126689911,0
504.3497507572174,0
504.3823881149292,0
504.4149081707001,0
504.44804644584656,0
504.4804906845093,0
504.5131039619446,0
504.5422475337982,0
504.5748884677887,0
504.60746359825134,0
504.64049530029297,0
504.6730148792267,0
504.7020299434662,0
504.73466420173645,0
504.7672293186188,0
504.79982328414917,0
504.82883381843567,0
504.86147117614746,0
504.8940579891205,0
504.9230797290802,0
504.95571184158325,0
504.9887342453003,0
505.0213804244995,0
505.0538067817688,0
505.08273816108704,0
505.1153812408447,0
505.148015499115,0
505.18076372146606,0
505.2098970413208,0
505.2422544956207,0
505.27495646476746,0
505.307829618454,0
505.33685636520386,0
505.36929392814636,0
505.40192437171936,0
505.43080735206604,0
505.46342849731445,0
505.49614906311035,0
505.52517342567444,0
505.55780577659607,0
505.590452671051,0
505.6191568374634,0
505.6522901058197,0
505.68492817878723,0
505.717924118042,0
505.75055265426636,0
505.78296089172363,0
505.8166060447693,0
505.8485996723175,0
505.8812382221222,0
505.9139440059662,0
505.94280648231506,0
505.97544050216675,0
506.0081398487091,0
506.03702116012573,0
506.06604170799255,0
506.0986838340759,0
506.1310930252075,0
506.160108089447,0
506.1927499771118,0
506.2253851890564,0
506.254163980484,0
506.28680896759033,0
506.31995272636414,0
506.35250306129456,0
506.3851399421692,0
506.4182770252228,0
506.45066356658936,0
506.483300447464,0
506.51604771614075,0
506.54496717453003,0
506.5776038169861,0
506.61024951934814,0
506.6391716003418,1
506.67181396484375,0
506.7044744491577,0
506.7333915233612,0
506.7660789489746,0
506.79867815971375,0
506.83146715164185,0
506.8606045246124,0
506.89300060272217,0
506.92591881752014,0
506.958824634552,0
506.99157643318176,0
507.0241045951843,0
507.0568323135376,0
507.08996510505676,0
507.12249422073364,1
507.1553318500519,1
507.1879634857178,1
507.22060990333557,1
507.25376176834106,0
507.28639340400696,0
507.31904554367065,0
507.35171842575073,0
507.38085174560547,0
507.41323041915894,0
507.4459025859833,0
507.47503542900085,1
507.5074145793915,1
507.5403428077698,1
507.57286834716797,1
507.6018943786621,1
507.6344299316406,1
507.66709446907043,1
507.69612097740173,0
507.72865104675293,0
507.7612941265106,1
507.79031586647034,1
507.82295632362366,1
507.855587720871,1
507.8886468410492,1
507.9212923049927,1
507.9538609981537,1
507.9828767776489,0
508.015513420105,0
508.04814887046814,1
508.08077812194824,1
508.10992097854614,1
508.1424448490143,1
508.17546367645264,1
508.2081015110016,1
508.24064540863037,1
508.27324748039246,1
508.30238604545593,1
508.3348948955536,1
508.36751794815063,1
508.39666175842285,1
508.429181098938,1
508.46220326423645,1
508.49484038352966,1
508.52748370170593,1
508.5600383281708,1
508.59317564964294,1
508.6258113384247,1
508.65832114219666,1
508.6914584636688,1
508.7240996360779,1
508.7569682598114,1
508.78952622413635,1
508.82266879081726,1
508.8553116321564,1
508.8877823352814,1
508.9209191799164,1
508.9535548686981,1
508.9860796928406,1
509.01921248435974,1
509.05169129371643,1
509.08438658714294,1
509.1173052787781,1
509.14987230300903,1
509.18257665634155,1
509.21180152893066,1
509.24409198760986,1
509.27681732177734,1
509.30980157852173,1
509.3423264026642,1
509.3754663467407,1
509.4083061218262,0
509.44094944000244,0
509.4735863208771,0
509.5063099861145,0
509.53933024406433,0
509.57197165489197,0
509.6048140525818,0
509.63733291625977,0
509.66648149490356,0
509.6988136768341,0
509.73146772384644,0
509.76060366630554,0
509.79336190223694,0
509.82600450515747,0
509.85852456092834,0
509.891667842865,0
509.9243094921112,0
509.9567177295685,0
509.98964643478394,0
510.0227859020233,0
510.05514097213745,0
510.08784437179565,0
510.12110137939453,0
510.153737783432,0
510.1861310005188,0
510.2192630767822,0
510.2519066333771,0
510.28448939323425,0
510.3176317214966,0
510.3502745628357,0
510.38285541534424,0
510.41549253463745,0
510.4482431411743,0
510.4810848236084,0
510.5142331123352,0
510.546813249588,0
510.5799632072449,0
510.6124894618988,0
510.64514112472534,0
510.67828845977783,0
510.71089029312134,0
510.743540763855,0
510.77647495269775,0
510.80898451805115,0
510.84201169013977,0
510.87466192245483,0
510.9073362350464,0
510.93986415863037,0
510.9726219177246,0
511.0053598880768,0
511.03831481933594,0
511.07094979286194,0
511.10409140586853,0
511.136656999588,0
511.1695747375488,0
511.2023379802704,0
511.2348699569702,0
511.2680084705353,0
511.30030703544617,0
511.33303451538086,0
511.366179227829,0
511.3988206386566,0
511.4315016269684,0
511.4642524719238,0
511.4969127178192,0
511.53005170822144,0
511.5628070831299,0
511.5953323841095,0
511.62836718559265,0
511.6609992980957,0
511.6940155029297,0
511.72666096687317,0
511.7592933177948,0
511.7924373149872,0
511.8250880241394,0
511.857727766037,0
511.8902733325958,0
511.9234347343445,0
511.95585012435913,0
511.988667011261,0
512.0213153362274,0
512.0541703701019,0
512.0873274803162,0
512.1198539733887,0
512.1524908542633,0
512.1851286888123,0
512.2178702354431,0
512.251017332077,0
512.2837090492249,0
512.3166027069092,0
512.3492634296417,0
512.381756067276,0
512.41455078125,0
512.4475860595703,0
512.4801247119904,0
512.5128688812256,0
512.545904636383,0
512.5786590576172,0
512.6113045215607,0
512.6443474292755,0
512.6769869327545,0
512.7096259593964,0
512.7421817779541,0
512.775315284729,0
512.8079385757446,0
512.8404722213745,0
512.8736095428467,0
512.906256198883,0
512.9387881755829,0
512.9717993736267,0
513.004280090332,0
513.0371494293213,0
513.0698146820068,0
513.102566242218,0
513.1352407932281,0
513.1683058738708,0
513.2014405727386,0
513.2337610721588,0
513.2668044567108,0
513.299544095993,0
513.3319923877716,0
513.3648073673248,1
513.3979406356812,1
513.430587053299,1
513.4630687236786,1
513.4957118034363,1
513.5248577594757,1
513.5573651790619,1
513.5900254249573,1
513.6230518817902,1
513.6556901931763,1
513.6883141994476,1
513.72145819664,1
513.7539222240448,1
513.7870547771454,1
513.8197610378265,1
513.8524596691132,1
513.8851022720337,1
513.9177339076996,1
513.9508423805237,1
513.9834809303284,1
514.0161185264587,1
514.0486969947815,1
514.0818364620209,1
514.1143546104431,1
514.146947145462,1
514.1800894737244,1
514.2126414775848,1
514.2457978725433,1
514.2783117294312,1
514.3109292984009,1
514.344074010849,1
514.3764929771423,1
514.4096257686615,1
514.4421560764313,1
514.4747166633606,1
514.507860660553,1
514.540379524231,1
514.5730011463165,1
514.6061408519745,1
514.6386876106262,1
514.671324968338,1
514.7044682502747,1
514.7369267940521,1
514.7700710296631,1
514.8025963306427,1
514.8352644443512,1
514.8684101104736,1
514.900936126709,1
514.9339575767517,1
514.9665999412537,1
514.9990303516388,1
515.0320510864258,1
515.0646963119507,1
515.0972769260406,1
515.1304199695587,1
515.1628501415253,0
515.1955218315125,1
515.2286696434021,0
515.2611570358276,0
515.2938451766968,0
515.3268237113953,0
515.359956741333,0
515.3924918174744,0
515.4252781867981,0
515.4579102993011,0
515.4905524253845,0
515.5232694149017,0
515.5564069747925,0
515.5890486240387,0
515.6216351985931,0
515.6544029712677,0
515.6870877742767,0
515.7198593616486,0
515.7526488304138,0
515.7857918739319,0
515.8184003829956,0
515.8510363101959,0
515.8841686248779,0
515.916788816452,0
515.9494361877441,0
515.9820685386658,0
516.0150799751282,0
516.0477261543274,0
516.0808596611023,0
516.113397359848,0
516.1462714672089,0
516.1787555217743,0
516.2114164829254,0
516.2442719936371,0
516.2769446372986,0
516.3096535205841,0
516.3424484729767,0
516.3756959438324,0
516.40833735466,0
516.4408037662506,0
516.4739363193512,0
516.5065717697144,0
516.5391113758087,0
516.5722548961639,0
516.6048872470856,0
516.6376144886017,0
516.6707651615143,0
516.7031409740448,0
516.7359237670898,0
516.7685744762421,0
516.8018310070038,0
516.8342187404633,0
516.8673539161682,0
516.900000333786,0
516.9328553676605,0
516.9654955863953,0
516.998144865036,0
517.0307946205139,0
517.0639314651489,0
517.0965793132782,0
517.1292283535004,0
517.1619300842285,0
517.1947200298309,0
517.2278683185577,0
517.2602949142456,0
517.2975444793701,0
517.3302793502808,1
517.3629202842712,0
517.3955612182617,0
517.4286000728607,0
517.4612445831299,0
517.493691444397,0
517.5267236232758,0
517.5593636035919,0
517.5920042991638,0
517.6251621246338,0
517.6576864719391,0
517.6903204917908,0
517.7234616279602,0
517.7562177181244,0
517.7888569831848,0
517.8214943408966,0
517.8542408943176,0
517.8868796825409,0
517.9196400642395,0
517.9523332118988,0
517.9854762554169,0
518.0178818702698,0
518.0505211353302,0
518.0836644172668,0
518.1162955760956,0
518.1489508152008,0
518.1815934181213,0
518.2147259712219,0
518.2472498416901,0
518.2799327373505,0
518.3130660057068,0
518.3459453582764,0
518.3785874843597,0
518.4112293720245,0
518.4438099861145,0
518.4764988422394,0
518.5097496509552,0
518.542388677597,0
518.5749089717865,0
518.6077394485474,0
518.6404094696045,0
518.6733536720276,0
518.7062408924103,0
518.7386946678162,0
518.7718322277069,0
518.804239988327,1
518.8369762897491,0
518.8697018623352,1
518.9024949073792,1
518.9356319904327,1
518.9681234359741,1
519.0009043216705,1
519.0340473651886,1
519.0666887760162,1
519.0991880893707,1
519.1322193145752,1
519.1648519039154,1
519.1979086399078,1
519.2305603027344,1
519.263197183609,1
519.2962143421173,1
519.328864812851,1
519.3614044189453,1
519.3940286636353,1
519.4271702766418,1
519.4596717357635,1
519.492317199707,1
519.5254545211792,1
519.5582053661346,1
519.5908417701721,1
519.6234002113342,1
519.6565382480621,1
519.6891808509827,1
519.7217381000519,1
519.7548851966858,1
519.7875168323517,1
519.8205394744873,1
519.8532390594482,1
519.8857581615448,1
519.9183161258698,1
519.9513411521912,1
519.983968257904,1
520.0167834758759,1
520.0498116016388,1
520.082442522049,1
520.1150844097137,1
520.1477353572845,1
520.1808710098267,1
520.2135121822357,1
520.2460765838623,1
520.2792093753815,1
520.311851978302,1
520.3443820476532,1
520.377195596695,1
520.4099237918854,1
520.4426090717316,1
520.4757251739502,1
520.5083022117615,1
520.5409541130066,1
520.5737245082855,1
520.606856584549,1
520.639324426651,1
520.6722371578217,1
520.7053711414337,0
520.7377223968506,0
520.7703647613525,0
520.8034980297089,0
520.8360254764557,0
520.8687078952789,0
520.9014468193054,0
520.9344942569733,0
520.9670083522797,0
521.000262260437,0
521.0327913761139,0
521.0653142929077,0
521.098447561264,0
521.1309714317322,0
521.1639928817749,0
521.1966345310211,0
521.2292761802673,0
521.2623047828674,0
521.2949414253235,0
521.3275830745697,0
521.3606693744659,0
521.3933544158936,0
521.4258394241333,0
521.458482503891,0
521.4916195869446,0
521.5243718624115,1
521.5570282936096,1
521.5895421504974,0
521.6226749420166,0
521.6553263664246,0
521.6879301071167,0
521.721063375473,0
521.7537095546722,0
521.786226272583,0
521.8193626403809,0
521.8518762588501,0
521.8844904899597,0
521.9176354408264,0
521.9501211643219,0
521.9828000068665,0
522.0159378051758,0
522.0483887195587,0
522.081333398819,0
522.1142146587372,0
522.1468505859375,0
522.1799857616425,0
522.2122213840485,0
522.2452387809753,0
522.2778887748718,0
522.3105087280273,0
522.3431968688965,0
522.3763453960419,0
522.4088280200958,0
522.4415023326874,0
522.4743106365204,0
522.5070161819458,0
522.5397799015045,0
522.5729193687439,0
522.6057107448578,0
522.6382348537445,0
522.6712517738342,0
522.7038934230804,0
522.7369194030762,0
522.7694444656372,0
522.8020889759064,0
522.8352329730988,0
522.867589712143,0
522.9007258415222,0
522.933367729187,0
522.9658393859863,0
522.9986338615417,0
523.0317711830139,0
523.0644166469574,0
523.0969405174255,0
523.1300730705261,0
523.162709236145,0
523.1957201957703,0
523.2283620834351,0
523.2609987258911,0
523.2935292720795,0
523.326672077179,0
523.3593144416809,0
523.3918688297272,0
523.4250068664551,0
523.4574704170227,0
523.490070104599,0
523.5232081413269,0
523.5557408332825,0
523.5883476734161,0
523.6211082935333,0
523.6542518138885,0
523.6868879795074,0
523.7195279598236,0
523.75266456604,0
523.7853007316589,0
523.8178281784058,0
523.8508534431458,0
523.883843421936,0
523.9161956310272,0
523.9492197036743,0
523.9817531108856,0
524.0144259929657,0
524.047217130661,0
524.0804648399353,0
524.112827539444,0
524.1458525657654,0
524.1784851551056,0
524.2111217975616,0
524.2441477775574,0
524.2767794132233,0
524.3094158172607,0
524.3421034812927,0
524.3749101161957,0
524.4075584411621,0
524.4407110214233,0
524.4732654094696,0
524.5059039592743,0
524.5390512943268,0
524.5716869831085,0
524.604325056076,0
524.6373572349548,0
524.6700024604797,0
524.7026355266571,0
524.7356674671173,0
524.7683095932007,1
524.8014426231384,1
524.8339667320251,1
524.8666079044342,1
524.8993535041809,1
524.9323794841766,1
524.9650161266327,1
524.997576713562,1
525.030223608017,1
525.062920331955,1
525.0960524082184,1
525.1286933422089,1
525.1613183021545,1
525.1944518089294,1
525.2270953655243,1
525.2598507404327,1
525.292492389679,1
525.3252081871033,1
525.3579225540161,1
525.3910601139069,1
525.4235291481018,1
525.4562027454376,1
525.4893448352814,1
525.522096157074,1
525.5547382831573,1
525.5876903533936,1
525.620322227478,1
525.6529636383057,1
525.6856770515442,1
525.7188110351562,1
525.7513418197632,1
525.7839207649231,1
525.8167066574097,1
525.8494822978973,1
525.8821678161621,1
525.9151747226715,1
525.9483149051666,1
525.980836391449,1
526.0136778354645,1
526.0461478233337,1
526.0791702270508,1
526.111679315567,1
526.1444129943848,1
526.1773147583008,1
526.2099568843842,1
526.2426970005035,1
526.275717496872,1
526.3083598613739,1
526.3414974212646,1
526.3738355636597,1
526.4065568447113,1
526.4396951198578,1
526.4721148014069,1
526.504757642746,1
526.5377728939056,1
526.5709161758423,0
526.603431224823,0
526.636078119278,0
526.6692113876343,0
526.7017331123352,0
526.7343792915344,0
526.767011642456,0
526.8000292778015,0
526.832674741745,0
526.8653483390808,0
526.8980164527893,0
526.9311871528625,0
526.9639444351196,0
526.9965875148773,0
527.0291016101837,0
527.0622503757477,0
527.0948886871338,0
527.1275231838226,0
527.1606607437134,0
527.1933035850525,0
527.2257633209229,0
527.2589058876038,0
527.2913310527802,0
527.324066400528,0
527.3571949005127,0
527.3896355628967,0
527.4226336479187,0
527.4551765918732,0
527.4879286289215,0
527.5207958221436,0
527.5536842346191,0
527.5863149166107,0
527.6194593906403,0
527.6519904136658,0
527.6846225261688,0
527.7177612781525,0
527.750293970108,0
527.7829260826111,0
527.8156490325928,0
527.8484029769897,0
527.8810546398163,0
527.9142570495605,0
527.9469754695892,0
527.9797303676605,0
528.0123615264893,0
528.0450322628021,0
528.0776686668396,0
528.1108014583588,0
528.143324136734,0
528.1759662628174,0
528.2090992927551,0
528.2417497634888,0
528.2743856906891,0
528.3071072101593,0
528.3402490615845,0
528.3726985454559,0
528.4053294658661,0
528.4384760856628,0
528.4711201190948,0
528.5037562847137,0
528.5367839336395,0
528.569414138794,0
528.6020574569702,0
528.6351578235626,0
528.6677939891815,0
528.7004256248474,0
528.7334372997284,0
528.7660841941833,0
528.798718214035,0
528.8313834667206,0
528.864529132843,0
528.8969819545746,0
528.9300904273987,0
528.9626195430756,0
528.9957528114319,0
529.0283954143524,0
529.0609242916107,0
529.0940570831299,0
529.1266942024231,0
529.1591577529907,0
529.1922900676727,0
529.224931716919,0
529.2574336528778,0
529.2901470661163,0
529.3229219913483,0
529.3556413650513,0
529.3886439800262,0
529.4213960170746,0
529.4540214538574,0
529.4867193698883,0
529.5199270248413,0
529.5524997711182,0
529.5851621627808,0
529.6182949542999,0
529.6508252620697,1
529.6836700439453,0
529.716302394867,0
529.7489142417908,0
529.7815642356873,0
529.8144364356995,0
529.8471956253052,0
529.879930973053,0
529.9126861095428,0
529.9454991817474,0
529.9781491756439,0
530.0112869739532,0
530.0443074703217,0
530.0768280029297,0
530.1094710826874,0
530.142493724823,0
530.1750049591064,0
530.2076413631439,1
530.2407846450806,1
530.2732448577881,1
530.3063869476318,1
530.3390290737152,1
530.3715844154358,1
530.4042258262634,1
530.4372472763062,1
530.4701220989227,1
530.5026535987854,1
530.5357978343964,1
530.5684394836426,1
530.6011598110199,1
530.6337912082672,1
530.6669397354126,1
530.6994614601135,1
530.7321054935455,1
530.7647757530212,1
530.7975113391876,1
530.8306496143341,1
530.8630526065826,1
530.8958342075348,1
530.9286594390869,1
530.961398601532,1
530.994542837143,1
531.0271582603455,1
531.0597951412201,1
531.0924386978149,1
531.1255781650543,1
531.1582181453705,1
531.1908555030823,1
531.2238552570343,1
531.2562837600708,1
531.2890529632568,1
531.3222050666809,1
531.3546125888824,1
531.3873841762543,1
531.4205241203308,1
531.4532299041748,1
531.4858672618866,1
531.5188791751862,1
531.5511593818665,1
531.5842921733856,1
531.6171610355377,1
531.6496913433075,1
531.6823229789734,1
531.7153506278992,1
531.747875213623,1
531.7805602550507,1
531.8133351802826,1
531.8464789390564,1
531.8789143562317,1
531.9117186069489,1
531.944365978241,1
531.9776067733765,1
532.0102512836456,1
532.0427770614624,1
532.0754146575928,1
532.1085479259491,0
532.1410789489746,0
532.1737205982208,0
532.2068531513214,0
532.2393779754639,0
532.2765152454376,0
532.3092663288116,0
532.3417963981628,0
532.3748171329498,0
532.40744805336,0
532.440098285675,0
532.4728636741638,0
532.505996465683,0
532.5386452674866,0
532.5711779594421,0
532.6038208007812,0
532.6369590759277,0
532.6694395542145,0
532.7020757198334,0
532.7349832057953,0
532.7677230834961,0
532.8006553649902,0
532.8332867622375,0
532.8664290904999,0
532.8991575241089,0
532.9317893981934,0
532.9645500183105,0
532.9972887039185,0
533.0299260616302,0
533.0627007484436,0
533.0953435897827,0
533.1281819343567,0
533.1610107421875,0
533.193653345108,0
533.2269012928009,0
533.2595450878143,0
533.292067527771,0
533.3247048854828,0
533.3577306270599,0
533.3907430171967,0
533.4233858585358,0
533.4559004306793,0
533.4890494346619,0
533.5216932296753,0
533.5541868209839,0
533.5869796276093,0
533.619619846344,0
533.6567616462708,0
533.6893982887268,0
533.7224147319794,0
533.7549293041229,0
533.7880635261536,0
533.8205795288086,0
533.8531336784363,0
533.8862674236298,0
533.9189102649689,0
533.9514894485474,0
533.9842388629913,0
534.0173766613007,0
534.049768447876,0
534.0825643539429,0
534.1157081127167,0
534.1483497619629,0
534.1809861660004,0
534.2135052680969,0
534.2465317249298,0
534.2796695232391,0
534.3118803501129,0
534.345016002655,0
534.3776528835297,0
534.4104399681091,0
534.4430773258209,0
534.4758005142212,0
534.5085735321045,0
534.5417175292969,0
534.5740602016449,0
534.6070618629456,0
534.639645576477,0
534.6727783679962,0
534.7054207324982,0
534.7381310462952,0
534.7707734107971,0
534.803911447525,0
534.8364763259888,0
534.8691120147705,0
534.9022505283356,0
534.9348883628845,0
534.9672884941101,0
535.0044074058533,0
535.0369226932526,0
535.0700709819794,0
535.1027026176453,0
535.1357202529907,0
535.1683719158173,0
535.2010035514832,0
535.2340188026428,0
535.2666611671448,0
535.299072265625,0
535.3318705558777,0
535.3648998737335,0
535.3973891735077,0
535.4301407337189,0
535.4628994464874,0
535.4957177639008,0
535.5288593769073,0
535.5615556240082,0
535.5941879749298,0
535.6268272399902,0
535.6598596572876,0
535.6925022602081,0
535.7251341342926,0
535.7581667900085,0
535.790803194046,0
535.8233757019043,0
535.8561565876007,0
535.8887979984283,0
535.9217019081116,0
535.954431772232,0
535.987161397934,0
536.0202934741974,0
536.0527415275574,0
536.0855011940002,0
536.1186337471008,0
536.1510396003723,1
536.1841127872467,1
536.2167448997498,1
536.2493371963501,1
536.282479763031,1
536.3151156902313,1
536.3477575778961,1
536.3804478645325,1
536.4131197929382,1
536.4462568759918,1
536.4788951873779,1
536.5116226673126,1
536.5446426868439,1
536.5772852897644,1
536.6101219654083,1
536.6427648067474,1
536.6754026412964,1
536.7081530094147,1
536.741290807724,1
536.7739336490631,1
536.8065776824951,1
536.8392155170441,1
536.8719704151154,1
536.9046125411987,1
536.9374678134918,1
536.9702310562134,1
537.0030107498169,1
537.036153793335,1
537.0687956809998,1
537.1018130779266,1
537.1344542503357,1
537.1670966148376,1
537.200113773346,1
537.2327513694763,1
537.2653920650482,1
537.297949552536,0
537.330591917038,0
537.3634760379791,0
537.3962273597717,0
537.4293732643127,1
537.461763381958,1
537.494838476181,1
537.5275003910065,1
537.560142993927,1
537.5932860374451,1
537.6259155273438,1
537.6584346294403,1
537.6915724277496,1
537.7240970134735,1
537.7566299438477,1
537.7897629737854,1
537.8222789764404,1
537.8553104400635,1
537.8877582550049,1
537.9205777645111,1
537.9532227516174,1
537.9860415458679,1
538.0188717842102,0
538.0515253543854,0
538.0846583843231,0
538.1173207759857,0
538.150141954422,0
538.1827800273895,0
538.2159190177917,0
538.2482829093933,0
538.2814154624939,0
538.3140575885773,0
538.3466107845306,0
538.3795976638794,0
538.4120399951935,0
538.4449875354767,0
538.4775948524475,0
538.5108406543732,0
538.5433688163757,0
538.5760967731476,0
538.6087281703949,0
538.6418735980988,0
538.6741001605988,0
538.7072339057922,0
538.7398815155029,0
538.7725832462311,0
538.8057169914246,0
538.8380632400513,0
538.8707144260406,0
538.903582572937,0
538.9363405704498,0
538.9693675041199,0
539.0021188259125,0
539.0348613262177,0
539.0678935050964,0
539.1005387306213,0
539.133175611496,0
539.1662013530731,0
539.1988441944122,0
539.2314765453339,0
539.2645170688629,0
539.2971544265747,0
539.3295528888702,1
539.3623239994049,1
539.3954672813416,1
539.4278435707092,0
539.4609897136688,0
539.4935081005096,0
539.5261912345886,0
539.5592224597931,0
539.5918538570404,0
539.6244964599609,0
539.6575331687927,0
539.6901648044586,0
539.7228012084961,0
539.7555723190308,0
539.78821849823,0
539.8210866451263,0
539.8539264202118,0
539.8870646953583,0
539.9194202423096,0
539.9524230957031,0
539.9851171970367,0
540.0180368423462,0
540.0507607460022,0
540.0831067562103,0
540.1162400245667,0
540.1487717628479,0
540.1815881729126,0
540.2147221565247,0
540.2473645210266,0
540.28000664711,0
540.3125965595245,0
540.3457384109497,0
540.3783793449402,0
540.41108751297,0
540.4437303543091,0
540.4768736362457,0
540.5095930099487,0
540.5422878265381,0
540.574774980545,1
540.6079180240631,0
540.6405498981476,1
540.6730780601501,1
540.7062215805054,1
540.7388534545898,0
540.7713923454285,0
540.8040390014648,0
540.8368909358978,0
540.8697001934052,0
540.902836561203,0
540.9355881214142,0
540.9682366847992,0
541.0007565021515,0
541.0338876247406,0
541.0665416717529,0
541.0990595817566,0
541.1317019462585,0
541.16472864151,0
541.1977422237396,0
541.2303853034973,0
541.2629046440125,0
541.2956652641296,0
541.3283078670502,0
541.3611986637115,0
541.3939621448517,0
541.4265987873077,0
541.4595382213593,0
541.4926779270172,0
541.5251977443695,1
541.5578036308289,0
541.590940952301,1
541.6233503818512,1
541.6561486721039,1
541.6892912387848,1
541.7220396995544,1
541.754563331604,1
541.7871956825256,1
541.824051618576,1
541.8566927909851,1
541.8899405002594,1
541.9225826263428,1
541.9551122188568,1
541.988245010376,1
542.0208828449249,1
542.0535304546356,1
542.0861628055573,1
542.119306564331,1
542.1519584655762,1
542.1845216751099,1
542.2172889709473,1
542.2499389648438,1
542.2830576896667,1
542.3158097267151,1
542.3483285903931,1
542.3814675807953,1
542.4140994548798,1
542.4471316337585,1
542.4797742366791,1
542.5124125480652,1
542.5452687740326,1
542.5779120922089,1
542.6104922294617,1
542.6433529853821,1
542.6760070323944,1
542.7088139057159,1
542.7415566444397,1
542.7745864391327,1
542.8073372840881,1
542.8399794101715,1
542.8730053901672,1
542.9056372642517,1
542.9382815361023,1
542.9713087081909,1
543.0039529800415,1
543.0365846157074,1
543.0692319869995,1
543.1023757457733,1
543.1347589492798,1
543.1675751209259,1
543.2002184391022,1
543.2330811023712,1
543.2662360668182,1
543.2987506389618,1
543.331883430481,1
543.3644165992737,1
543.3968722820282,1
543.4300057888031,1
543.4625375270844,1
543.4953258037567,1
543.5284597873688,0
543.5607590675354,0
543.5938980579376,0
543.6263332366943,0
543.6590888500214,0
543.6918451786041,0
543.7245621681213,0
543.7573671340942,0
543.7903788089752,0
543.8230676651001,0
543.8556797504425,0
543.888697385788,0
543.9215424060822,0
543.9540569782257,0
543.9871954917908,0
544.0196106433868,0
544.0528287887573,0
544.085150718689,0
544.1181819438934,0
544.1508181095123,0
544.1834182739258,0
544.2160604000092,0
544.2492027282715,0
544.2818560600281,0
544.3143796920776,0
544.3475260734558,0
544.3801577091217,0
544.4131753444672,0
544.4458174705505,0
544.478449344635,0
544.5114665031433,0
544.5440526008606,0
544.5768275260925,0
544.6098492145538,0
544.6424927711487,0
544.6748955249786,0
544.7076895236969,0
544.7408292293549,0
544.7731959819794,0
544.8063409328461,0
544.8388600349426,0
544.8719990253448,0
544.9046413898468,0
544.9369642734528,0
544.970107793808,0
545.0027446746826,0
545.0353336334229,0
545.0684831142426,0
545.1011202335358,0
545.1341536045074,0
545.1666786670685,0
545.1991858482361,0
545.2319581508636,0
545.265043258667,0
545.2974951267242,0
545.3306331634521,0
545.363278388977,0
545.3959219455719,0
545.4284434318542,0
545.4613137245178,0
545.4944570064545,0
545.5267786979675,0
545.5596914291382,0
545.5924391746521,0
545.625244140625,0
545.6579389572144,0
545.6907272338867,0
545.7235057353973,0
545.7561542987823,0
545.7889988422394,0
545.8221395015717,0
545.8546624183655,0
545.8877949714661,0
545.9201538562775,0
545.9531860351562,0
545.9858195781708,0
546.0184550285339,0
546.0511009693146,0
546.0839738845825,0
546.1166892051697,0
546.1493360996246,0
546.1822113990784,0
546.2149782180786,0
546.2481253147125,0
546.2808763980865,0
546.3135125637054,0
546.3460330963135,0
546.3791761398315,0
546.4118137359619,0
546.44482588768,0
546.4774737358093,0
546.5101053714752,0
546.5431292057037,0
546.5753672122955,0
546.6082372665405,0
546.6410436630249,0
546.6740696430206,0
546.7065076828003,0
546.7393183708191,0
546.7720789909363,0
546.8053259849548,0
546.8379685878754,0
546.8703136444092,0
546.9034466743469,0
546.9360892772675,0
546.9689238071442,0
547.0015552043915,0
547.0346994400024,0
547.0669872760773,0
547.0996854305267,0
547.1325047016144,0
547.1652629375458,0
547.1980366706848,0
547.231290102005,0
547.2636203765869,0
547.2965426445007,0
547.3291800022125,0
547.3618834018707,0
547.3950371742249,0
547.4276692867279,0
547.4601485729218,0
547.4929032325745,1
547.5260362625122,1
547.5584917068481,1
547.5915808677673,1
547.6240286827087,1
547.6570546627045,1
547.6896946430206,1
547.7224459648132,1
547.7554709911346,1
547.7879939079285,1
547.8206315040588,1
547.853654384613,1
547.8861656188965,1
547.9193034172058,1
547.951945066452,1
547.9845390319824,1
548.0171825885773,1
548.0503199100494,1
548.0828914642334,1
548.1155819892883,1
548.1487200260162,1
548.1810986995697,1
548.2137405872345,1
548.246987581253,1
548.2796330451965,1
548.3125238418579,1
548.3451554775238,1
548.3778023719788,1
548.4106900691986,1
548.4433326721191,1
548.4764776229858,1
548.5089890956879,1
548.5416259765625,1
548.5743246078491,1
548.6070804595947,1
548.6442279815674,1
548.6768710613251,1
548.7095079421997,1
548.7421851158142,1
548.7753283977509,1
548.8079702854156,1
548.8407471179962,1
548.8733031749725,1
548.9060673713684,1
548.9388480186462,1
548.9720342159271,1
549.0044293403625,1
549.0371642112732,1
549.0700361728668,1
549.1032316684723,1
549.135449886322,1
549.1685321331024,1
549.201167345047,1
549.2338099479675,1
549.2668442726135,1
549.2994811534882,1
549.3321235179901,1
549.3651802539825,1
549.3976838588715,0
549.4304130077362,0
549.4634432792664,0
549.4959573745728,0
549.5286972522736,0
549.5613441467285,0
549.5946507453918,0
549.6270670890808,0
549.6597542762756,0
549.6928932666779,0
549.7255251407623,0
549.7585608959198,0
549.7907154560089,0
549.8238487243652,0
549.8565368652344,0
549.8891792297363,0
549.9218842983246,0
549.9549148082733,0
549.987556219101,0
550.0202326774597,0
550.05326795578,0
550.0857923030853,0
550.1186864376068,0
550.1513342857361,0
550.1839256286621,0
550.2170643806458,0
550.2497127056122,0
550.282244682312,0
550.3153839111328,0
550.3480212688446,0
550.3807010650635,0
550.4133439064026,0
550.4462089538574,0
550.4789750576019,0
550.5121138095856,0
550.5448648929596,0
550.577511548996,0
550.6101362705231,0
550.6432704925537,0
550.675918340683,0
550.708417892456,0
550.741551399231,0
550.7742006778717,0
550.8067846298218,0
550.8394076824188,0
550.8721661567688,0
550.9049389362335,0
550.9377212524414,0
550.9708549976349,0
551.0034966468811,0
551.0361287593842,0
551.0691547393799,0
551.1017918586731,0
551.1344950199127,0
551.1675252914429,0
551.2001662254333,0
551.2327980995178,0
551.2658393383026,0
551.2984824180603,0
551.3309304714203,0
551.3680803775787,0
551.4005992412567,0
551.4337322711945,0
551.4662997722626,0
551.4993119239807,0
551.5319540500641,0
551.5644114017487,0
551.5974228382111,0
551.6300122737885,0
551.6627044677734,0
551.6957271099091,0
551.7283699512482,0
551.7610259056091,0
551.7938010692596,0
551.8269386291504,0
551.859580039978,0
551.8922259807587,0
551.9252400398254,0
551.9577586650848,0
551.990895986557,0
552.0231192111969,0
552.0561456680298,0
552.0887815952301,0
552.1214625835419,0
552.1546056270599,0
552.1872427463531,0
552.2198011875153,0
552.2529435157776,0
552.285308599472,0
552.3180849552155,0
552.3507308959961,0
552.3836810588837,0
552.4166226387024,0
552.4494817256927,0
552.4821236133575,0
552.5147602558136,0
552.5475120544434,0
552.5806500911713,0
552.613288640976,0
552.6459701061249,0
552.6786072254181,0
552.7113466262817,0
552.743989944458,0
552.7768406867981,0
552.8096668720245,0
552.8423080444336,0
552.8754580020905,0
552.9080893993378,0
552.9411108493805,0
552.9737637042999,1
553.0064008235931,1
553.0394179821014,1
553.0719473361969,1
553.1045789718628,1
553.1377182006836,1
553.1700143814087,1
553.2028393745422,1
553.2355873584747,1
553.268622636795,1
553.3011169433594,1
553.3338854312897,1
553.3665566444397,1
553.399689912796,1
553.4323315620422,1
553.4648563861847,1
553.4979898929596,1
553.5306260585785,1
553.5633249282837,1
553.5959675312042,1
553.6291947364807,1
553.6615927219391,1
553.6942355632782,1
553.7271015644073,1
553.7601227760315,1
553.7927587032318,1
553.8255100250244,1
553.8585391044617,1
553.891033411026,1
553.9241669178009,1
553.9566965103149,1
553.989298582077,1
554.0224316120148,1
554.0550780296326,1
554.0877206325531,1
554.120352268219,1
554.1535317897797,1
554.1861751079559,1
554.2189908027649,1
554.251631975174,1
554.2841811180115,1
554.317001581192,1
554.3501343727112,1
554.3826565742493,1
554.4154913425446,1
554.4481236934662,1
554.4812657833099,1
554.5139095783234,1
554.5465416908264,1
554.5790770053864,1
554.6122207641602,1
554.6449661254883,1
554.6774101257324,1
554.710052728653,1
554.7429280281067,1
554.7760789394379,1
554.8086030483246,0
554.8417348861694,0
554.8743867874146,0
554.906898021698,0
554.939534664154,0
554.9726724624634,0
555.0051941871643,0
555.0378358364105,0
555.0708577632904,0
555.1038765907288,0
555.1365146636963,0
555.1689352989197,0
555.2016913890839,0
555.2343332767487,0
555.2671999931335,1
555.3003442287445,1
555.3328680992126,0
555.3655650615692,0
555.3987083435059,0
555.4310083389282,0
555.4638330936432,0
555.4969708919525,0
555.5295403003693,0
555.5621602535248,0
555.5952980518341,0
555.6278195381165,0
555.6604170799255,0
555.6932082176208,0
555.7259888648987,0
555.7586364746094,0
555.7915380001068,0
555.8244359493256,0
555.8569669723511,0
555.8900995254517,0
555.9227364063263,0
555.9554677009583,0
555.9881057739258,0
556.0212440490723,0
556.0538847446442,0
556.0865166187286,0
556.1196546554565,0
556.1521480083466,0
556.1847462654114,0
556.217494726181,0
556.2501471042633,0
556.2829506397247,0
556.3161988258362,0
556.3487150669098,0
556.3813672065735,0
556.4145007133484,0
556.4470210075378,0
556.4796688556671,0
556.5128018856049,0
556.5453164577484,0
556.5784547328949,0
556.6107556819916,0
556.6433987617493,0
556.6762421131134,0
556.7090580463409,0
556.7417006492615,0
556.7745697498322,0
556.8077111244202,0
556.8402299880981,0
556.8733677864075,0
556.9060122966766,0
556.9385349750519,0
556.9710645675659,0
557.0041980743408,0
557.0367186069489,0
557.0694780349731,0
557.1026113033295,0
557.1350312232971,0
557.1681582927704,0
557.2005803585052,0
557.2333290576935,0
557.2664701938629,0
557.2992212772369,0
557.3318636417389,0
557.3643925189972,0
557.3975253105164,0
557.4301731586456,0
557.462708234787,0
557.4958412647247,0
557.5284786224365,0
557.5613408088684,0
557.593977689743,0
557.6265735626221,0
557.6594924926758,0
557.6919529438019,0
557.7248282432556,0
557.7579028606415,0
557.7904462814331,0
557.8231980800629,0
557.8562240600586,0
557.8889620304108,0
557.921594619751,0
557.9542410373688,0
557.9869503974915,0
558.0200836658478,0
558.0527257919312,0
558.0853669643402,0
558.1180772781372,0
558.1508386135101,0
558.1875600814819,0
558.2206978797913,0
558.2533395290375,0
558.28635597229,0
558.318998336792,0
558.3516302108765,0
558.3844177722931,0
558.4170560836792,0
558.4501931667328,0
558.4826545715332,0
558.5152959823608,0
558.5481584072113,0
558.5809495449066,0
558.6135909557343,0
558.6468379497528,0
558.6794700622559,0
558.7119915485382,0
558.7451257705688,0
558.7777795791626,0
558.8105621337891,0
558.843204498291,1
558.8762195110321,1
558.9087405204773,1
558.9413828849792,1
558.9741578102112,1
559.0069205760956,1
559.0395576953888,1
559.0724461078644,1
559.1051909923553,1
559.1383333206177,1
559.170970916748,1
559.2036907672882,1
559.2362089157104,1
559.269059419632,1
559.3022029399872,1
559.3348655700684,1
559.3673706054688,1
559.4005093574524,1
559.4328751564026,1
559.4656767845154,1
559.4984440803528,1
559.5312230587006,1
559.5638697147369,1
559.5967917442322,1
559.6294891834259,1
559.6621363162994,1
559.6950106620789,1
559.728031873703,1
559.7605471611023,1
559.7936809062958,1
559.8263227939606,1
559.8589396476746,1
559.8920731544495,1
559.92471575737,1
559.9573633670807,1
559.9899685382843,1
560.0227270126343,1
560.055374622345,1
560.0882296562195,1
560.1213781833649,1
560.1538970470428,1
560.1870231628418,1
560.2196545600891,1
560.2521755695343,1
560.2848176956177,1
560.317950963974,1
560.3504667282104,1
560.383113861084,1
560.4159352779388,1
560.448695898056,1
560.4817214012146,1
560.5142645835876,1
560.5470123291016,1
560.5799379348755,1
560.6126897335052,1
560.6453280448914,1
560.6781873703003,1
560.711003780365,1
560.7441475391388,0
560.7764358520508,0
560.8095693588257,0
560.8422117233276,0
560.8747308254242,0
560.9074368476868,0
560.9402422904968,0
560.9730136394501,0
561.0059344768524,0
561.0386862754822,0
561.0717105865479,0
561.1044311523438,0
561.1370701789856,0
561.1696670055389,0
561.2022907733917,0
561.2354247570038,0
561.2679226398468,0
561.3007276058197,0
561.3338613510132,0
561.3661961555481,0
561.3993344306946,0
561.4317278862,0
561.4645471572876,0
561.4971883296967,0
561.5304460525513,0
561.5629594326019,0
561.595983505249,0
561.6286211013794,0
561.6616480350494,0
561.694173336029,0
561.7269067764282,0
561.759548664093,0
561.7925670146942,0
561.8252110481262,0
561.8578515052795,0
561.8905284404755,0
561.9236662387848,0
561.9563081264496,0
561.9888226985931,0
562.0214643478394,0
562.0547122955322,0
562.0873491764069,0
562.1200733184814,0
562.1527047157288,0
562.1858429908752,0
562.2184662818909,0
562.2511093616486,0
562.2837522029877,0
562.316394329071,0
562.3492977619171,0
562.3820095062256,0
562.4151544570923,0
562.4475784301758,0
562.4807274341583,0
562.5134081840515,0
562.5460398197174,0
562.5786924362183,0
562.6114075183868,0
562.6445415019989,0
562.6770684719086,0
562.7100920677185,0
562.7427289485931,0
562.7752492427826,0
562.8078920841217,0
562.8408007621765,0
562.8735756874084,0
562.9062180519104,0
562.9393961429596,0
562.9720339775085,0
563.0050494670868,0
563.037410736084,0
563.0701661109924,0
563.1031849384308,0
563.1358268260956,0
563.1684787273407,0
563.201498746872,0
563.2341592311859,0
563.2667782306671,0
563.2995336055756,0
563.3321764469147,0
563.3653151988983,0
563.3978774547577,0
563.4310154914856,0
563.4636573791504,0
563.4962930679321,0
563.528811454773,0
563.5618371963501,0
563.5944828987122,0
563.6275074481964,0
563.6601557731628,0
563.6927926540375,0
563.7255470752716,0
563.758193731308,0
563.7910625934601,0
563.8238399028778,0
563.8569872379303,0
563.8893785476685,0
563.922135591507,0
563.9552783966064,0
563.9879198074341,0
564.0205614566803,0
564.0533702373505,0
564.0860118865967,0
564.119149684906,0
564.1514189243317,0
564.1845626831055,0
564.2172520160675,0
564.249929189682,0
564.2829067707062,1
564.315331697464,1
564.3481392860413,1
564.3808968067169,1
564.4141507148743,1
564.4466700553894,1
564.4793975353241,1
564.5120346546173,1
564.5450553894043,1
564.5774030685425,1
564.6105363368988,1
564.6431865692139,1
564.675717830658,1
564.7088503837585,1
564.7413537502289,1
564.774384021759,1
564.8068661689758,1
564.8396725654602,1
564.8727042675018,1
564.9051992893219,1
564.9383471012115,1
564.970712184906,1
565.0078513622284,1
565.0404839515686,1
565.0735161304474,1
565.1061594486237,1
565.138649225235,1
565.1714220046997,1
565.2045648097992,1
565.2373070716858,1
565.2697088718414,1
565.3028519153595,1
565.335483789444,1
565.3680725097656,1
565.4008824825287,1
565.434015750885,1
565.4665396213531,1
565.4995577335358,1
565.5322012901306,1
565.5648384094238,1
565.5978562831879,1
565.6304936408997,1
565.6631405353546,1
565.6957247257233,1
565.7284181118011,1
565.7615327835083,1
565.7941815853119,1
565.82670545578,1
565.8598430156708,1
565.8924796581268,1
565.9251878261566,1
565.9583258628845,1
565.9909682273865,1
566.0232880115509,1
566.0564210414886,1
566.0889286994934,1
566.1220722198486,1
566.1544787883759,1
566.1872301101685,1
566.2199966907501,0
566.2528774738312,0
566.2860243320465,0
566.3185334205627,0
566.351381778717,0
566.3840200901031,0
566.4169957637787,0
566.4493796825409,0
566.4825234413147,0
566.515159368515,0
566.5478022098541,0
566.5804796218872,0
566.6132400035858,0
566.6463782787323,0
566.6787600517273,0
566.7115206718445,0
566.7442591190338,0
566.7774088382721,0
566.8100507259369,0
566.8430743217468,0
566.8756034374237,0
566.908234834671,0
566.9412517547607,0
566.9738810062408,0
567.0065176486969,0
567.0395302772522,0
567.0720658302307,0
567.1048233509064,0
567.1375095844269,0
567.170651435852,0
567.2030413150787,0
567.2358102798462,0
567.2688958644867,0
567.3016486167908,0
567.3342921733856,0
567.3668217658997,0
567.3999559879303,0
567.4325976371765,0
567.4654743671417,0
567.4981110095978,0
567.53125,0
567.5637810230255,0
567.5964179039001,0
567.62904047966,0
567.661824464798,0
567.6949667930603,0
567.7273323535919,0
567.760151386261,0
567.7928833961487,0
567.8260164260864,0
567.8586542606354,0
567.8914148807526,0
567.9240474700928,0
567.9569654464722,0
567.9896023273468,0
568.0227406024933,0
568.0553832054138,0
568.0878195762634,0
568.1205582618713,0
568.1537020206451,0
568.1861336231232,0
568.2193908691406,0
568.251805305481,0
568.2846691608429,0
568.317301273346,0
568.3503193855286,0
568.3829672336578,0
568.4155983924866,0
568.4486155509949,0
568.4813752174377,0
568.5140080451965,0
568.5465636253357,0
568.5793833732605,0
568.6120903491974,0
568.6448907852173,0
568.677924156189,0
568.710378408432,0
568.7435264587402,0
568.7761518955231,0
568.808783531189,0
568.8419213294983,0
568.8742311000824,0
568.9073750972748,0
568.9400124549866,0
568.972576379776,0
569.0052139759064,0
569.0381073951721,0
569.0708739757538,0
569.1040210723877,0
569.1364388465881,0
569.1694629192352,0
569.2021048069,0
569.2348563671112,0
569.2675075531006,0
569.3005273342133,0
569.333158493042,0
569.3661885261536,0
569.3987283706665,0
569.4313595294952,0
569.4645068645477,0
569.4969041347504,0
569.5300371646881,0
569.5626838207245,0
569.5951418876648,0
569.6278645992279,0
569.6610078811646,0
569.693452835083,0
569.7263741493225,0
569.7591264247894,0
569.7918448448181,0
569.8248574733734,0
569.8574895858765,0
569.89013671875,1
569.9228501319885,1
569.9559834003448,1
569.9886298179626,1
570.021078824997,0
570.053920507431,0
570.086660861969,0
570.1198036670685,0
570.1521806716919,0
570.1853353977203,0
570.2178592681885,1
570.2504904270172,1
570.2833058834076,1
570.316324710846,1
570.3489644527435,1
570.3821020126343,1
570.4146239757538,1
570.4472670555115,1
570.4802873134613,1
570.5128574371338,1
570.5455002784729,1
570.578191280365,1
570.6109611988068,1
570.6436038017273,1
570.6765167713165,1
570.7092845439911,1
570.7419264316559,1
570.7750210762024,1
570.8076691627502,1
570.8405401706696,1
570.87309217453,1
570.906236410141,1
570.9387581348419,1
570.9717910289764,1
571.0044229030609,1
571.036945104599,1
571.0700941085815,1
571.1024649143219,1
571.1352741718292,1
571.1679248809814,1
571.2011785507202,1
571.2338201999664,1
571.2663593292236,1
571.2990891933441,1
571.3322329521179,1
571.3646082878113,1
571.397741317749,1
571.4303843975067,1
571.4628639221191,1
571.4959979057312,1
571.5284657478333,1
571.5611081123352,1
571.5940029621124,1
571.6267483234406,1
571.6595268249512,1
571.6923458576202,1
571.72509765625,1
571.758109331131,1
571.7907495498657,1
571.8238832950592,1
571.8564896583557,1
571.8888583183289,1
571.9219915866852,1
571.9546272754669,0
571.987272977829,0
572.0199964046478,0
572.0527639389038,0
572.0854127407074,0
572.1182794570923,0
572.1511125564575,0
572.184098482132,0
572.2167339324951,0
572.2498881816864,0
572.2824285030365,0
572.3151431083679,0
572.3477745056152,0
572.3808054924011,0
572.4134469032288,0
572.4460844993591,0
572.4787678718567,0
572.5114109516144,0
572.544278383255,0
572.577054977417,0
572.6101987361908,0
572.6429512500763,0
572.6753859519958,0
572.7084012031555,0
572.7410323619843,0
572.7736790180206,0
572.8065638542175,0
572.8392016887665,0
572.8722426891327,0
572.9047930240631,0
572.9379262924194,0
572.9705724716187,0
573.0030932426453,0
573.0357344150543,0
573.0688772201538,0
573.1013293266296,0
573.1343441009521,0
573.166985988617,0
573.2001249790192,0
573.2323453426361,0
573.265481710434,0
573.2981178760529,0
573.330851316452,0
573.3639943599701,0
573.3966314792633,0
573.4292783737183,0
573.461795091629,0
573.4945707321167,0
573.5272130966187,0
573.5600824356079,0
573.5932269096375,0
573.6258642673492,0
573.6585004329681,0
573.6911840438843,0
573.7238259315491,0
573.7569589614868,0
573.7898375988007,0
573.822515964508,0
573.8551478385925,0
573.888174533844,0
573.9208154678345,0
573.9533326625824,0
573.9860844612122,0
574.0187268257141,0
574.0516445636749,0
574.0847940444946,0
574.1173136234283,0
574.1499452590942,0
574.1830956935883,0
574.2156150341034,0
574.2482466697693,0
574.2812669277191,0
574.3138642311096,0
574.3465020656586,0
574.3795189857483,0
574.4125416278839,0
574.4451794624329,0
574.4776427745819,0
574.510359287262,0
574.5473024845123,0
574.5803143978119,0
574.6129570007324,0
574.645744562149,0
574.6783328056335,0
574.7114703655243,0
574.7440025806427,0
574.7766427993774,0
574.8093934059143,0
574.8425359725952,0
574.8748338222504,0
574.9076964855194,0
574.9404611587524,0
574.9736039638519,0
575.006355047226,0
575.0388643741608,0
575.0718877315521,0
575.1045291423798,0
575.1371667385101,0
575.1698653697968,0
575.2029991149902,0
575.2356417179108,0
575.2682912349701,0
575.300922870636,0
575.3336598873138,0
575.3668086528778,0
575.3992366790771,0
575.4319887161255,0
575.4646384716034,0
575.4977712631226,0
575.5304126739502,0
575.5634298324585,0
575.5960822105408,1
575.6287143230438,1
575.6617324352264,1
575.6943743228912,1
575.7270061969757,1
575.7600240707397,1
575.7926707267761,1
575.8253130912781,1
575.8580505847931,1
575.8910777568817,1
575.9234998226166,1
575.9566395282745,1
575.9891157150269,1
576.022248506546,1
576.0548913478851,1
576.0874252319336,1
576.1205585002899,1
576.1532011032104,1
576.1857357025146,1
576.2188785076141,1
576.2515099048615,1
576.2840418815613,1
576.3167300224304,1
576.3495187759399,1
576.3822686672211,1
576.4154109954834,1
576.4478003978729,1
576.4806838035583,1
576.5133147239685,1
576.5464475154877,1
576.5789139270782,1
576.6116487979889,1
576.6447832584381,1
576.6771907806396,1
576.7101957798004,1
576.742828130722,1
576.7755219936371,1
576.8086597919464,1
576.8410613536835,1
576.8742084503174,1
576.9065442085266,1
576.9393055438995,1
576.972448348999,1
577.0049583911896,1
577.0378124713898,1
577.0708339214325,1
577.1033577919006,1
577.1359996795654,1
577.1691420078278,1
577.2016608715057,1
577.2343020439148,1
577.2674400806427,1
577.2997560501099,1
577.3324918746948,1
577.3656241893768,1
577.3980782032013,1
577.4312171936035,1
577.4639682769775,1
577.496613740921,1
577.5291430950165,0
577.5622773170471,0
577.5949203968048,0
577.6279323101044,0
577.6605746746063,0
577.6932170391083,0
577.7257704734802,0
577.758909702301,0
577.7913193702698,0
577.8240790367126,0
577.8568637371063,0
577.8896222114563,0
577.9223575592041,0
577.9555006027222,0
577.9881439208984,0
578.0207817554474,0
578.0537967681885,0
578.0864310264587,0
578.1190724372864,0
578.152087688446,0
578.1846113204956,0
578.2177522182465,0
578.2500953674316,0
578.2831213474274,0
578.3156342506409,0
578.3483688831329,0
578.3812804222107,0
578.4139039516449,0
578.4466564655304,0
578.4798099994659,0
578.5125615596771,0
578.5451984405518,0
578.5777235031128,0
578.610857963562,0
578.6435017585754,0
578.6760218143463,0
578.7091555595398,0
578.7417976856232,0
578.7744481563568,0
578.8071248531342,0
578.8401358127594,0
578.8730187416077,0
578.905467748642,0
578.9381930828094,0
578.9711663722992,0
579.0038042068481,0
579.0369369983673,0
579.0694713592529,0
579.1021122932434,0
579.1352455615997,0
579.1677658557892,0
579.200409412384,0
579.2335472106934,0
579.2660667896271,0
579.2987086772919,0
579.3314189910889,0
579.3645303249359,0
579.396956205368,0
579.4297037124634,0
579.4628419876099,0
579.4954879283905,0
579.5281250476837,0
579.5611410140991,0
579.5937829017639,0
579.626424074173,0
579.6594421863556,0
579.6920886039734,0
579.724720954895,0
579.7574770450592,0
579.7905039787292,0
579.8229353427887,0
579.8557686805725,0
579.8887896537781,0
579.9212799072266,0
579.9539930820465,0
579.9870386123657,0
580.0196692943573,0
580.0528082847595,0
580.0853321552277,0
580.1179695129395,0
580.1511092185974,0
580.1836402416229,0
580.2162725925446,0
580.2494103908539,0
580.2819871902466,0
580.314772605896,0
580.3472447395325,0
580.380056142807,0
580.4127721786499,0
580.4460253715515,0
580.4785537719727,0
580.5112733840942,0
580.5439069271088,0
580.576819896698,0
580.6092722415924,0
580.6424062252045,0
580.6750478744507,0
580.7077951431274,0
580.7409293651581,0
580.7735805511475,0
580.806223154068,0
580.8387470245361,0
580.8719537258148,0
580.904595375061,0
580.937023639679,0
580.97017121315,0
581.0030765533447,0
581.0357186794281,0
581.0683510303497,0
581.101105928421,0
581.133748292923,0
581.1668827533722,0
581.1994953155518,0
581.2321381568909,0
581.2647533416748,0
581.2974996566772,0
581.3306384086609,0
581.363356590271,0
581.3957998752594,0
581.428938627243,0
581.46169090271,0
581.4943416118622,0
581.5271425247192,0
581.5597748756409,0
581.5924217700958,1
581.6254935264587,1
581.6581308841705,1
581.6911566257477,1
581.7236778736115,1
581.7563154697418,1
581.7890236377716,1
581.8217947483063,1
581.8549320697784,1
581.887307882309,1
581.9201276302338,1
581.9532654285431,1
581.9856297969818,1
582.0187690258026,1
582.0514690876007,1
582.0839414596558,1
582.117084980011,1
582.1497492790222,1
582.1822698116302,1
582.2154078483582,1
582.2480502128601,1
582.2806925773621,1
582.3133263587952,1
582.3464732170105,1
582.3791739940643,1
582.41162276268,1
582.4447276592255,1
582.4772572517395,1
582.5103900432587,1
582.5429127216339,1
582.5757579803467,1
582.6083965301514,1
582.6410329341888,1
582.673680305481,1
582.7068140506744,1
582.7393350601196,1
582.7719731330872,1
582.8048393726349,1
582.8376319408417,1
582.870279788971,1
582.9036433696747,1
582.9362850189209,1
582.9688034057617,1
583.0014452934265,1
583.0345830917358,1
583.067104101181,1
583.0997517108917,1
583.1328847408295,1
583.1653957366943,1
583.1980476379395,1
583.2308449745178,1
583.2636506557465,1
583.296676158905,1
583.3291392326355,1
583.3618907928467,1
583.3945405483246,1
583.4277949333191,1
583.4604322910309,0
583.4932546615601,0
583.5258860588074,0
583.5590283870697,0
583.5915613174438,0
583.6241931915283,0
583.6573307514191,0
583.6898760795593,0
583.7225127220154,0
583.7551333904266,0
583.787889957428,0
583.8207647800446,0
583.853444814682,0
583.8865692615509,0
583.9192562103271,0
583.9518876075745,0
583.984498500824,0
584.0172491073608,0
584.0503828525543,0
584.082911491394,0
584.1158065795898,0
584.1484384536743,0
584.1815822124481,0
584.214225769043,0
584.2466523647308,0
584.2797930240631,0
584.3124353885651,0
584.3449597358704,0
584.3780024051666,0
584.4106485843658,0
584.4432911872864,0
584.4764692783356,0
584.5089855194092,0
584.5416288375854,0
584.5747668743134,0
584.6072890758514,0
584.6399335861206,0
584.6730668544769,0
584.7053973674774,0
584.7385365962982,0
584.7709367275238,0
584.8037078380585,0
584.836846113205,0
584.8695969581604,0
584.9020318984985,0
584.9350490570068,0
584.967681646347,0
585.0003387928009,0
585.0334720611572,0
585.0661156177521,0
585.0986468791962,0
585.1312890052795,0
585.1641521453857,0
585.1969363689423,0
585.2295734882355,0
585.2624380588531,0
585.2952690124512,0
585.3282580375671,0
585.3608891963959,0
585.3939290046692,0
585.4262614250183,0
585.459395647049,0
585.4919240474701,0
585.5246088504791,0
585.5577421188354,0
585.5902724266052,0
585.6228878498077,0
585.6556930541992,0
585.6884489059448,0
585.7215867042542,0
585.7539796829224,0
585.7867357730865,0
585.8198761940002,0
585.852511882782,0
585.8850600719452,0
585.918226480484,0
585.9508693218231,0
585.983389377594,0
586.0164070129395,0
586.04904961586,0
586.0816903114319,0
586.114705324173,0
586.1473441123962,0
586.1799864768982,0
586.2127375602722,0
586.245884180069,0
586.2785258293152,0
586.3111670017242,0
586.3441863059998,0
586.3768215179443,0
586.4094934463501,0
586.442524433136,0
586.4751663208008,0
586.5077979564667,0
586.5408203601837,0
586.5734629631042,0
586.6061050891876,0
586.6387524604797,0
586.6718907356262,0
586.7042462825775,0
586.7370133399963,0
586.7701563835144,0
586.802640914917,1
586.8357837200165,1
586.8683359622955,0
586.9009790420532,0
586.9337117671967,0
586.9664278030396,0
586.9995667934418,0
587.0322086811066,0
587.0648958683014,0
587.0979208946228,1
587.13032579422,1
587.1630280017853,1
587.195746421814,1
587.2286231517792,1
587.261305809021,1
587.2942140102386,1
587.3269653320312,1
587.3599774837494,1
587.392735004425,1
587.4251532554626,1
587.4582979679108,1
587.490843296051,1
587.5239775180817,1
587.5566155910492,1
587.5891439914703,1
587.6217777729034,1
587.6545419692993,1
587.6871881484985,1
587.7200729846954,1
587.7528293132782,1
587.7859766483307,1
587.8187339305878,1
587.8513648509979,1
587.8843958377838,1
587.9170231819153,1
587.9496552944183,1
587.9826838970184,1
588.0153207778931,1
588.0479521751404,1
588.0807495117188,1
588.1133921146393,1
588.1460585594177,1
588.1790904998779,1
588.2117283344269,1
588.2443642616272,1
588.2773842811584,1
588.3100252151489,1
588.3427767753601,1
588.3759200572968,1
588.408203125,1
588.4414477348328,1
588.4740850925446,1
588.5069558620453,1
588.5395984649658,1
588.5722298622131,1
588.6053051948547,1
588.6379482746124,1
588.6704106330872,1
588.7031095027924,1
588.7362470626831,1
588.7686455249786,1
588.8017933368683,1
588.8343181610107,1
588.8674509525299,1
588.9001052379608,1
588.9325206279755,0
588.9656536579132,0
588.9981777667999,0
589.0308902263641,0
589.0640244483948,0
589.0965540409088,0
589.1291964054108,0
589.161901473999,0
589.1946716308594,0
589.2274506092072,0
589.2602226734161,0
589.2930047512054,0
589.3261444568634,0
589.3587191104889,0
589.3912658691406,0
589.4242906570435,0
589.4567294120789,0
589.4896249771118,0
589.5227675437927,0
589.5552685260773,0
589.5878813266754,0
589.6210191249847,0
589.6536622047424,0
589.6863000392914,0
589.7189290523529,0
589.7520670890808,0
589.7847089767456,0
589.8172702789307,0
589.8499131202698,0
589.8829448223114,0
589.9160799980164,0
589.9483036994934,0
589.9814460277557,0
590.0140783786774,0
590.047101020813,0
590.079746723175,0
590.112382888794,0
590.1449661254883,0
590.1776030063629,0
590.2104916572571,0
590.243264913559,0
590.2759063243866,0
590.3087940216064,0
590.3419413566589,0
590.3744602203369,0
590.4071016311646,0
590.4403183460236,0
590.4726469516754,0
590.5057902336121,0
590.5384275913239,0
590.5709457397461,0
590.6035914421082,0
590.6365494728088,0
590.6692142486572,0
590.7019758224487,0
590.734790802002,0
590.7674272060394,0
590.800571680069,0
590.8332133293152,0
590.8661966323853,0
590.9028329849243,0
590.9359767436981,0
590.9681806564331,0
591.0010123252869,0
591.0337603092194,0
591.0666189193726,0
591.0991914272308,0
591.132063627243,0
591.1652121543884,0
591.1976957321167,0
591.2308285236359,0
591.263350725174,0
591.2961938381195,0
591.3288309574127,0
591.3614733219147,0
591.3945004940033,0
591.427131652832,0
591.4597432613373,0
591.4927752017975,0
591.5252974033356,0
591.5580561161041,0
591.5912096500397,0
591.62362241745,0
591.6567614078522,0
591.6892952919006,0
591.7224292755127,0
591.7550666332245,0
591.7875909805298,0
591.8202276229858,0
591.8533608913422,0
591.8858962059021,0
591.9185326099396,0
591.9517314434052,0
591.9842252731323,0
592.0168628692627,0
592.0496098995209,0
592.0826349258423,0
592.1152758598328,0
592.1478972434998,0
592.1809306144714,0
592.2134554386139,0
592.246588230133,0
592.2792313098907,0
592.3120379447937,0
592.3446753025055,0
592.3773181438446,0
592.4101967811584,0
592.4428336620331,0
592.4759609699249,0
592.508337020874,0
592.5414805412292,0
592.5738925933838,0
592.6066358089447,0
592.6397819519043,0
592.6725335121155,0
592.705188035965,0
592.7377014160156,0
592.7708337306976,0
592.8034811019897,0
592.8362696170807,0
592.8689014911652,0
592.9019346237183,1
592.9343123435974,1
592.9675035476685,1
592.9998869895935,1
593.0325284004211,1
593.0654046535492,1
593.0981523990631,1
593.1309173107147,1
593.1636734008789,1
593.1964793205261,1
593.2295050621033,1
593.2621476650238,1
593.2947916984558,1
593.3278093338013,1
593.3604526519775,1
593.3930983543396,1
593.4261195659637,1
593.4587631225586,1
593.4914922714233,1
593.5241549015045,1
593.5573012828827,1
593.5899386405945,1
593.6224915981293,1
593.6556403636932,1
593.688154220581,1
593.7207968235016,1
593.753630399704,1
593.786767244339,1
593.8193984031677,1
593.8518166542053,1
593.8849556446075,1
593.9175932407379,1
593.9501783847809,1
593.9831967353821,1
594.0156946182251,1
594.0484735965729,1
594.0811157226562,1
594.114372253418,0
594.14701628685,0
594.1795318126678,1
594.2126750946045,1
594.2453181743622,1
594.2777483463287,1
594.3108861446381,1
594.34352850914,1
594.3763737678528,1
594.4089200496674,1
594.4416947364807,1
594.4748005867004,1
594.5071792602539,1
594.5399718284607,1
594.573194026947,1
594.6056835651398,1
594.6383156776428,1
594.6713492870331,1
594.7041902542114,1
594.736822605133,1
594.7694661617279,0
594.8022060394287,0
594.8353397846222,0
594.8679757118225,0
594.9005041122437,0
594.9332036972046,0
594.9659922122955,0
594.9986402988434,0
595.0315177440643,0
595.0646567344666,0
595.0971908569336,0
595.1298220157623,0
595.1629650592804,0
595.1953418254852,0
595.2279834747314,0
595.2611167430878,0
595.2936296463013,0
595.3267669677734,0
595.3594045639038,0
595.3922173976898,0
595.4248597621918,0
595.4574949741364,0
595.490651845932,0
595.5232894420624,0
595.5560412406921,0
595.5890734195709,0
595.6215929985046,0
595.6542239189148,0
595.686870098114,0
595.7197079658508,0
595.7528402805328,0
595.7854874134064,0
595.8179194927216,0
595.8510589599609,0
595.8836908340454,0
595.9162549972534,0
595.9488961696625,0
595.9818801879883,0
596.0146129131317,0
596.0472493171692,0
596.0805037021637,0
596.1131505966187,0
596.1456873416901,0
596.1788220405579,0
596.2114701271057,0
596.2442836761475,0
596.2769160270691,0
596.3095664978027,0
596.3422026634216,0
596.3749997615814,0
596.4078838825226,0
596.4405131340027,0
596.4733004570007,0
596.5064294338226,0
596.5391523838043,0
596.5719039440155,0
596.6044125556946,0
596.6370503902435,0
596.6701846122742,0
596.7027139663696,0
596.7353603839874,0
596.7684938907623,0
596.801025390625,0
596.8336679935455,0
596.8665499687195,0
596.8992955684662,0
596.9319312572479,0
596.9648113250732,0
596.9979519844055,0
597.030594587326,0
597.0633459091187,0
597.0959174633026,0
597.1289331912994,0
597.1615645885468,0
597.194596529007,0
597.2271192073822,0
597.259761095047,0
597.2928357124329,0
597.3253104686737,0
597.3579535484314,0
597.3910918235779,0
597.4236018657684,0
597.4562389850616,0
597.4893765449524,0
597.5218796730042,0
597.5545165538788,0
597.5876574516296,0
597.6202998161316,0
597.6529364585876,0
597.6860747337341,0
597.7187111377716,0
597.7515964508057,0
597.784187078476,0
597.8168466091156,0
597.8499648571014,0
597.8825967311859,0
597.9151132106781,0
597.947870016098,0
597.9806559085846,0
598.013432264328,0
598.0461843013763,0
598.079158782959,0
598.1117961406708,0
598.1447582244873,0
598.1771569252014,0
598.2102949619293,0
598.2429330348969,0
598.275817155838,1
598.3083305358887,1
598.341470003128,1
598.3741075992584,1
598.4066317081451,1
598.4393813610077,1
598.4720242023468,1
598.505215883255,1
598.537971496582,1
598.5704762935638,1
598.6035072803497,1
598.6361403465271,1
598.6687772274017,1
598.7016487121582,1
598.7347824573517,1
598.7671146392822,1
598.8001530170441,1
598.83278465271,1
598.865805387497,1
598.8983364105225,1
598.9309313297272,1
598.9636738300323,1
598.9968211650848,1
599.0292861461639,1
599.0620052814484,1
599.0946471691132,1
599.1278948783875,1
599.1605381965637,1
599.1929521560669,1
599.2260854244232,1
599.2587246894836,1
599.2917518615723,1
599.3243889808655,1
599.35702085495,1
599.3900547027588,1
599.4226927757263,1
599.4551990032196,1
599.4883613586426,1
599.5211133956909,1
599.5538651943207,1
599.5865082740784,1
599.6190373897552,1
599.6521716117859,1
599.6848101615906,1
599.717303276062,1
599.7504363059998,1
599.783079624176,1
599.8156094551086,1
599.8487465381622,1
599.8811991214752,1
599.9142301082611,1
599.9466412067413,1
